# ABC bottle geometry; canonical radius 1 and height 1, bottom z=0.
# https://github.com/mikedh/trimesh
v 0.13719211917 -0.512009324303 0
v -0.0462000750792 -0.528054560158 0
v 0 0 0
v -0.224018094049 -0.480406953136 0
v -0.374817273581 -0.374817273581 0
v -0.480409075014 -0.224018094049 0
v -0.528054560158 -0.0461979532006 0
v -0.512011446181 0.137194172601 0
v -0.434208999935 0.304036466109 0
v -0.304036466109 0.434208999935 0
v -0.13719211917 0.512011446181 0
v 0.0461979532006 0.528054560158 0
v 0.224018094049 0.480409075014 0
v 0.374817273581 0.374817273581 0
v 0.480406953136 0.224018094049 0
v 0.528054560158 0.0462000750792 0
v 0.512009324303 -0.13719211917 0
v 0.434208999935 -0.304036466109 0
v 0.304036466109 -0.434208999935 0
v 0 0 0.00651272
v -0.0460193731534 -0.525986070688 0.00650726
v 0.136654188702 -0.510003190687 0.00650726
v -0.223141689708 -0.478525394333 0.00650726
v -0.373351055416 -0.373349001985 0.00650726
v -0.478527516211 -0.223139636277 0.00650726
v -0.525986070688 -0.0460173197224 0.00650726
v -0.510005244118 0.136656310581 0.00650726
v -0.432510196489 0.302846434411 0.00650726
v -0.302846434411 0.432510196489 0.00650726
v -0.136656310581 0.510005244118 0.00650726
v 0.0460173197224 0.525986070688 0.00650726
v 0.223139636277 0.478527516211 0.00650726
v 0.373349001985 0.373349001985 0.00650726
v 0.478525394333 0.223141689708 0.00650726
v 0.525986070688 0.0460193731534 0.00650726
v 0.510003190687 -0.136654188702 0.00650726
v 0.432508143058 -0.30284438098 0.00650726
v 0.30284438098 -0.432508143058 0.00650726
v 0.251080603119 -0.937045237382 0.39387388
v 0.250042251522 -0.933171987428 0.39809616
v -0.0842009371671 -0.962413049868 0.39809616
v -0.0845498835376 -0.966408821204 0.39387388
v 0.249088980415 -0.929612433279 0.40353025
v -0.0838790960855 -0.958743431819 0.40353025
v -0.406731150226 -0.872235122712 0.40353025
v -0.408288746069 -0.875574617508 0.39809616
v -0.409983374206 -0.879208984992 0.39387388
v 0.556425446998 -0.794659101454 0.39387388
v 0.554126425677 -0.791373611893 0.39809616
v 0.250042251522 -0.933171987428 0.39809616
v 0.251080603119 -0.937045237382 0.39387388
v 0.250042251522 -0.933171987428 0.39809616
v 0.552012281592 -0.788356095074 0.40353025
v 0.249088980415 -0.929612433279 0.40353025
v 0.794659101454 -0.556425446998 0.39387388
v 0.791373611893 -0.554126425677 0.39809616
v 0.788356095074 -0.552012281592 0.40353025
v 0.937043115504 -0.251080603119 0.39387388
v 0.933169933997 -0.250042251522 0.39809616
v 0.929612433279 -0.249088980415 0.40353025
v 0.966408821204 0.0845498835376 0.39387388
v 0.962413049868 0.0842009371671 0.39809616
v 0.958743431819 0.0838790960855 0.40353025
v 0.879208984992 0.409983374206 0.39387388
v 0.875574617508 0.408288746069 0.39809616
v 0.872235122712 0.406731150226 0.40353025
v 0.685962512385 0.685964565816 0.39387388
v 0.683127682475 0.683129804354 0.39809616
v 0.875574617508 0.408288746069 0.39809616
v 0.683127682475 0.683129804354 0.39809616
v 0.680523452864 0.680523452864 0.40353025
v 0.872235122712 0.406731150226 0.40353025
v 0.409981320775 0.879208984992 0.39387388
v 0.408286624191 0.875574617508 0.39809616
v 0.685962512385 0.685964565816 0.39387388
v 0.406729028348 0.872235122712 0.40353025
v 0.0845498835376 0.966408821204 0.39387388
v 0.0841988837361 0.962415171747 0.39809616
v 0.0838790960855 0.958743431819 0.40353025
v -0.251080603119 0.937045237382 0.39387388
v -0.250042251522 0.933171987428 0.39809616
v -0.249088980415 0.929612433279 0.40353025
v -0.556427500429 0.794659101454 0.39387388
v -0.554126425677 0.791375733772 0.39809616
v -0.250042251522 0.933171987428 0.39809616
v -0.251080603119 0.937045237382 0.39387388
v -0.250042251522 0.933171987428 0.39809616
v -0.552014335023 0.788358148505 0.40353025
v -0.249088980415 0.929612433279 0.40353025
v -0.794659101454 0.556427500429 0.39387388
v -0.791375733772 0.554126425677 0.39809616
v -0.788356095074 0.552014335023 0.40353025
v -0.937045237382 0.251080603119 0.39387388
v -0.933171987428 0.250044304953 0.39809616
v -0.929612433279 0.249088980415 0.40353025
v -0.966408821204 -0.0845498835376 0.39387388
v -0.962415171747 -0.0841988837361 0.39809616
v -0.958743431819 -0.0838790960855 0.40353025
v -0.879211038423 -0.409981320775 0.39387388
v -0.875576670939 -0.408286624191 0.39809616
v -0.87223724459 -0.406729028348 0.40353025
v -0.685964565816 -0.685962512385 0.39387388
v -0.683129804354 -0.683127682475 0.39809616
v -0.875576670939 -0.408286624191 0.39809616
v -0.879211038423 -0.409981320775 0.39387388
v -0.875576670939 -0.408286624191 0.39809616
v -0.680523452864 -0.680523452864 0.40353025
v -0.87223724459 -0.406729028348 0.40353025
v -0.0708825892004 -0.810174757461 0.65350165
v 0.210489953884 -0.785558637608 0.65350165
v 0.210111985689 -0.784150599987 0.65602755
v -0.0707538390783 -0.808723050208 0.65602755
v -0.343088205722 -0.735751231885 0.65602755
v -0.343702934509 -0.737072067137 0.65350165
v -0.0708825892004 -0.810174757461 0.65350165
v -0.0707538390783 -0.808723050208 0.65602755
v -0.0708825892004 -0.810174757461 0.65350165
v -0.351254084684 -0.753264739336 0.64986739
v -0.0724380631647 -0.827972733549 0.64986739
v 0.21511284304 -0.802816698245 0.64986739
v -0.0724380631647 -0.827972733549 0.64986739
v 0.466471754504 -0.666191599815 0.65350165
v 0.465636897917 -0.664997392807 0.65602755
v 0.476720702296 -0.680826607723 0.64986739
v 0.666191599815 -0.466471754504 0.65350165
v 0.664997392807 -0.465636897917 0.65602755
v 0.680826607723 -0.476720702296 0.64986739
v 0.785558637608 -0.210489953884 0.65350165
v 0.784150599987 -0.210111985689 0.65602755
v 0.802814644814 -0.21511284304 0.64986739
v 0.810174757461 0.0708805357695 0.65350165
v 0.808723050208 0.0707538390783 0.65602755
v 0.827972733549 0.0724380631647 0.64986739
v 0.737072067137 0.343702934509 0.65350165
v 0.735751231885 0.343088205722 0.65602755
v 0.753264739336 0.351254084684 0.64986739
v 0.575068683723 0.575068683723 0.65350165
v 0.574038614298 0.574038614298 0.65602755
v 0.587701733326 0.587701733326 0.64986739
v 0.343702934509 0.737072067137 0.65350165
v 0.343086152291 0.735753285316 0.65602755
v 0.351252031253 0.753264739336 0.64986739
v 0.0708805357695 0.810174757461 0.65350165
v 0.0707538390783 0.808723050208 0.65602755
v 0.0724380631647 0.82797478698 0.64986739
v 0.0708805357695 0.810174757461 0.65350165
v 0.0708805357695 0.810174757461 0.65350165
v -0.210489953884 0.785558637608 0.65350165
v -0.210111985689 0.784150599987 0.65602755
v 0.0707538390783 0.808723050208 0.65602755
v -0.215114964919 0.802816698245 0.64986739
v 0.0724380631647 0.82797478698 0.64986739
v -0.466471754504 0.666191599815 0.65350165
v -0.465636897917 0.664999514686 0.65602755
v -0.476720702296 0.680826607723 0.64986739
v -0.666191599815 0.466471754504 0.65350165
v -0.664999514686 0.465636897917 0.65602755
v -0.680826607723 0.476720702296 0.64986739
v -0.785558637608 0.210489953884 0.65350165
v -0.784150599987 0.21011403912 0.65602755
v -0.802816698245 0.215114964919 0.64986739
v -0.810174757461 -0.0708805357695 0.65350165
v -0.808723050208 -0.0707538390783 0.65602755
v -0.82797478698 -0.0724380631647 0.64986739
v -0.737074120568 -0.343702934509 0.65350165
v -0.735753285316 -0.343086152291 0.65602755
v -0.753266792767 -0.351252031253 0.64986739
v -0.575068683723 -0.575068683723 0.65350165
v -0.574038614298 -0.574038614298 0.65602755
v -0.587703786757 -0.587701733326 0.64986739
v -0.0863608043152 -0.987095632437 0.38685265
v 0.256453268372 -0.957102740469 0.38685265
v -0.418759875093 -0.898028748334 0.38685265
v -0.700649472097 -0.700647418666 0.38685265
v -0.898030801765 -0.418757753214 0.38685265
v -0.879211038423 -0.409981320775 0.39387388
v -0.987095632437 -0.0863587508843 0.38685265
v -0.898030801765 -0.418757753214 0.38685265
v -0.957102740469 0.256455321803 0.38685265
v -0.81166999745 0.568337879223 0.38685265
v -0.568337879223 0.81166999745 0.38685265
v -0.256455321803 0.957104862347 0.38685265
v -0.251080603119 0.937045237382 0.39387388
v 0.0863587508843 0.987095632437 0.38685265
v -0.256455321803 0.957104862347 0.38685265
v 0.418757753214 0.898030801765 0.38685265
v 0.700647418666 0.700649472097 0.38685265
v 0.700647418666 0.700649472097 0.38685265
v 0.898028748334 0.418757753214 0.38685265
v 0.685962512385 0.685964565816 0.39387388
v 0.879208984992 0.409983374206 0.39387388
v 0.987095632437 0.0863608043152 0.38685265
v 0.898028748334 0.418757753214 0.38685265
v 0.957102740469 -0.256455321803 0.38685265
v 0.81166999745 -0.568337879223 0.38685265
v 0.568337879223 -0.81166999745 0.38685265
v 0.256453268372 -0.957102740469 0.38685265
v 0.251080603119 -0.937045237382 0.39387388
v -0.0865497884127 -0.989255431137 0.38171953
v 0.257016045355 -0.959196144901 0.38171953
v -0.419675705308 -0.899993402644 0.38171953
v -0.415522162025 -0.891088151635 0.34735427
v -0.0856920702941 -0.979465493617 0.34735427
v 0.254471981271 -0.949705255378 0.34735427
v -0.702182152977 -0.702180099546 0.38171953
v -0.695233274107 -0.695231152228 0.34735427
v -0.898030801765 -0.418757753214 0.38685265
v -0.899995456075 -0.419673651877 0.38171953
v -0.702182152977 -0.702180099546 0.38171953
v -0.899995456075 -0.419673651877 0.38171953
v -0.891088151635 -0.415520040146 0.34735427
v -0.695233274107 -0.695231152228 0.34735427
v -0.989255431137 -0.0865477349818 0.38171953
v -0.979465493617 -0.0856920702941 0.34735427
v -0.959198198332 0.257016045355 0.38171953
v -0.949705255378 0.25447410315 0.34735427
v -0.813445667662 0.569581847708 0.38171953
v -0.805396081341 0.56394545347 0.34735427
v -0.569581847708 0.813445667662 0.38171953
v -0.56394545347 0.805396081341 0.34735427
v -0.256455321803 0.957104862347 0.38685265
v -0.257016045355 0.959198198332 0.38171953
v -0.257016045355 0.959198198332 0.38171953
v -0.25447410315 0.949705255378 0.34735457
v 0.0865477349818 0.989255431137 0.38171953
v -0.257016045355 0.959198198332 0.38171953
v 0.0856920702941 0.979465493617 0.34735457
v -0.25447410315 0.949705255378 0.34735457
v 0.419673651877 0.899995456075 0.38171953
v 0.415520040146 0.891088151635 0.34735427
v 0.702180099546 0.702182152977 0.38171953
v 0.695231152228 0.695233274107 0.34735427
v 0.899993402644 0.419673651877 0.38171953
v 0.702180099546 0.702182152977 0.38171953
v 0.700647418666 0.700649472097 0.38685265
v 0.702180099546 0.702182152977 0.38171953
v 0.891088151635 0.415522162025 0.34735427
v 0.695231152228 0.695233274107 0.34735427
v 0.989253377706 0.0865497884127 0.38171953
v 0.979465493617 0.0856920702941 0.34735427
v 0.959196144901 -0.257016045355 0.38171953
v 0.949703201947 -0.254471981271 0.34735427
v 0.813445667662 -0.569579794277 0.38171953
v 0.805396081341 -0.563943400039 0.34735427
v 0.569579794277 -0.813445667662 0.38171953
v 0.563943400039 -0.805396081341 0.34735427
v 0.569579794277 -0.813445667662 0.38171953
v 0.568337879223 -0.81166999745 0.38685265
v 0.569579794277 -0.813445667662 0.38171953
v 0.563943400039 -0.805396081341 0.34735427
v -0.074793143151 -0.854877402224 0.25003876
v 0.222103338112 -0.828903143124 0.25003876
v 0.247766091733 -0.924680092075 0.32377618
v -0.0834346651746 -0.953657357082 0.32377618
v -0.404573336509 -0.867608058246 0.32377618
v -0.362668080764 -0.777741636568 0.25003876
v -0.351725552436 -0.754276122539 0.20615427
v -0.0725356695838 -0.829083776602 0.20615427
v 0.215401555435 -0.803892490733 0.20615427
v -0.676914000342 -0.676911878463 0.32377618
v -0.606799805013 -0.606797751582 0.25003876
v -0.588492988728 -0.588490935297 0.20615427
v -0.867610180124 -0.404571283078 0.32377618
v -0.777743758447 -0.362666027333 0.25003876
v -0.75427817597 -0.351723430558 0.20615427
v -0.953657357082 -0.0834325432959 0.32377618
v -0.854879524103 -0.07479108972 0.25003876
v -0.829085898481 -0.0725336161528 0.20615427
v -0.924682145506 0.247768145164 0.32377618
v -0.828903143124 0.222105391542 0.25003876
v -0.803894544164 0.215403608866 0.20615427
v -0.784173461519 0.549086074004 0.32377618
v -0.702950546849 0.492211374892 0.25003876
v -0.681740452955 0.477360346045 0.20615427
v -0.549084020573 0.78417551495 0.32377618
v -0.492211374892 0.702950546849 0.25003876
v -0.492211374892 0.702950546849 0.25003876
v -0.477360346045 0.681742506386 0.20615427
v -0.549084020573 0.78417551495 0.32377618
v -0.247768145164 0.924682145506 0.32377618
v -0.222105391542 0.828903143124 0.25003876
v -0.222105391542 0.828903143124 0.25003876
v -0.215403608866 0.803894544164 0.20615427
v -0.222105391542 0.828903143124 0.25003876
v -0.247768145164 0.924682145506 0.32377618
v 0.0834346651746 0.953657357082 0.32377618
v 0.07479108972 0.854879524103 0.25003876
v 0.0725356695838 0.829085898481 0.20615427
v -0.215403608866 0.803894544164 0.20615427
v 0.404571283078 0.867608058246 0.32377618
v 0.362666027333 0.777743758447 0.25003876
v 0.351723430558 0.754276122539 0.20615427
v 0.676911878463 0.676914000342 0.32377618
v 0.606797751582 0.606799805013 0.25003876
v 0.588490935297 0.588490935297 0.20615427
v 0.867608058246 0.404573336509 0.32377618
v 0.777741636568 0.362668080764 0.25003876
v 0.754276122539 0.351725552436 0.20615427
v 0.953655303651 0.0834346651746 0.32377618
v 0.854877402224 0.074793143151 0.25003876
v 0.829083776602 0.0725356695838 0.20615427
v 0.924680092075 -0.247766091733 0.32377618
v 0.828903143124 -0.222103338112 0.25003876
v 0.803892490733 -0.215401555435 0.20615427
v 0.784173461519 -0.549084020573 0.32377618
v 0.702948493418 -0.492211374892 0.25003876
v 0.681740452955 -0.477360346045 0.20615427
v 0.549084020573 -0.784173461519 0.32377618
v 0.492209321461 -0.702950546849 0.25003876
v 0.477360346045 -0.681740452955 0.20615427
v -0.077133712225 -0.881626352384 0.16158043
v 0.229052216982 -0.85483797635 0.16158043
v -0.374015614128 -0.802077326198 0.16158043
v -0.405192240605 -0.868937244117 0.12040814
v -0.0835634152968 -0.955117346506 0.12040814
v 0.248146113359 -0.926096411866 0.12040814
v -0.625787812799 -0.625785759368 0.16158043
v -0.677950298508 -0.677948245077 0.12040814
v -0.802077326198 -0.374013560697 0.16158043
v -0.868937244117 -0.405190187174 0.12040814
v -0.881628405815 -0.0771315903463 0.16158043
v -0.955117346506 -0.0835612934181 0.12040814
v -0.854840029781 0.229054270413 0.16158043
v -0.926096411866 0.248148235238 0.12040814
v -0.724945735852 0.507612791688 0.16158043
v -0.785375882251 0.549927159331 0.12040814
v -0.507612791688 0.724945735852 0.16158043
v -0.5499251059 0.785375882251 0.12040814
v -0.215403608866 0.803894544164 0.20615427
v -0.229054270413 0.854840029781 0.16158043
v -0.229054270413 0.854840029781 0.16158043
v -0.248148235238 0.926096411866 0.12040814
v 0.0771315903463 0.881626352384 0.16158043
v -0.229054270413 0.854840029781 0.16158043
v 0.0835612934181 0.955117346506 0.12040814
v -0.248148235238 0.926096411866 0.12040814
v 0.374013560697 0.802077326198 0.16158043
v 0.405192240605 0.868937244117 0.12040814
v 0.625785759368 0.625785759368 0.16158043
v 0.677948245077 0.677950298508 0.12040814
v 0.802077326198 0.374015614128 0.16158043
v 0.868935122238 0.405192240605 0.12040814
v 0.881626352384 0.077133712225 0.16158043
v 0.955117346506 0.0835634152968 0.12040814
v 0.85483797635 -0.229052216982 0.16158043
v 0.926096411866 -0.248146113359 0.12040814
v 0.724943682421 -0.507610738257 0.16158043
v 0.78537382882 -0.5499251059 0.12040814
v 0.507610738257 -0.724943682421 0.16158043
v 0.5499251059 -0.78537382882 0.12040814
v -0.0868052352261 -0.992169181244 0.08672858
v 0.257771981745 -0.962022624192 0.08672858
v -0.420911391621 -0.902645408749 0.08672858
v -0.422610195068 -0.906288126853 0.05923012
v -0.0871541815966 -0.996173234752 0.05923012
v 0.25881245522 -0.965904156318 0.05923012
v -0.704250642447 -0.704248589016 0.08672858
v -0.707091701098 -0.707091701098 0.05923012
v -0.902647530628 -0.42090933819 0.08672858
v -0.906288126853 -0.422608141637 0.05923012
v -0.992171234675 -0.0868031817952 0.08672858
v -0.996173234752 -0.087152059718 0.05923012
v -0.96202474607 0.257774103623 0.08672858
v -0.965906209749 0.258814577099 0.05923012
v -0.815842226954 0.571259843054 0.08672858
v -0.819133945256 0.573565093115 0.05923012
v -0.571259843054 0.815844348833 0.08672858
v -0.573565093115 0.819135998687 0.05923012
v -0.248148235238 0.926096411866 0.12040814
v -0.257774103623 0.96202474607 0.08672858
v -0.257774103623 0.96202474607 0.08672858
v -0.258814577099 0.965906209749 0.05923012
v 0.0868031817952 0.992171234675 0.08672858
v -0.257774103623 0.96202474607 0.08672858
v 0.0871541815966 0.996173234752 0.05923012
v -0.258814577099 0.965906209749 0.05923012
v 0.420911391621 0.902647530628 0.08672858
v 0.422608141637 0.906288126853 0.05923012
v 0.704248589016 0.704250642447 0.08672858
v 0.707091701098 0.707091701098 0.05923012
v 0.902645408749 0.420911391621 0.08672858
v 0.906288126853 0.422610195068 0.05923012
v 0.992169181244 0.0868052352261 0.08672858
v 0.996173234752 0.0871541815966 0.05923012
v 0.962022624192 -0.257771981745 0.08672858
v 0.965904156318 -0.25881245522 0.05923012
v 0.815842226954 -0.571259843054 0.08672858
v 0.819133945256 -0.573563039684 0.05923012
v 0.571257789623 -0.815842226954 0.08672858
v 0.573563039684 -0.819133945256 0.05923012
v -0.0849091655107 -0.970512534562 0.03660201
v 0.252145991557 -0.94102430748 0.03660201
v -0.411723725406 -0.882943012326 0.03660201
v -0.391526999699 -0.839627597082 0.01940618
v -0.0807430962991 -0.922902368431 0.01940618
v 0.239776739387 -0.894861673292 0.01940618
v -0.688878315923 -0.688876262492 0.03660201
v -0.655084933905 -0.655082880474 0.01940618
v -0.882945065757 -0.411721603527 0.03660201
v -0.839629718961 -0.391524946268 0.01940618
v -0.970514587993 -0.084907043632 0.03660201
v -0.922902368431 -0.0807430962991 0.01940618
v -0.94102430748 0.252148113435 0.03660201
v -0.894861673292 0.239778792818 0.01940618
v -0.798035968694 0.558790862587 0.03660201
v -0.758886554214 0.531377422163 0.01940618
v -0.558790862587 0.798035968694 0.03660201
v -0.531377422163 0.758886554214 0.01940618
v -0.252148113435 0.941026429358 0.03660201
v -0.558790862587 0.798035968694 0.03660201
v -0.573565093115 0.819135998687 0.05923012
v -0.252148113435 0.941026429358 0.03660201
v -0.239776739387 0.894861673292 0.01940618
v 0.0849091655107 0.970514587993 0.03660201
v 0.0807430962991 0.922902368431 0.01940618
v -0.239776739387 0.894861673292 0.01940618
v 0.411723725406 0.882945065757 0.03660201
v 0.391524946268 0.839629718961 0.01940618
v 0.688878315923 0.688878315923 0.03660201
v 0.655082880474 0.655084933905 0.01940618
v 0.882943012326 0.411723725406 0.03660201
v 0.839627597082 0.391524946268 0.01940618
v 0.970512534562 0.0849091655107 0.03660201
v 0.922902368431 0.0807430962991 0.01940618
v 0.94102430748 -0.252145991557 0.03660201
v 0.894859551413 -0.239776739387 0.01940618
v 0.798033846816 -0.558788809156 0.03660201
v 0.758884500783 -0.531377422163 0.01940618
v 0.558788809156 -0.798033846816 0.03660201
v 0.531377422163 -0.758884500783 0.01940618
v -0.0753331270499 -0.861051658483 0.00820454
v 0.22370658857 -0.834888415285 0.00820454
v 0.239776739387 -0.894861673292 0.01940618
v -0.0807430962991 -0.922902368431 0.01940618
v -0.391526999699 -0.839627597082 0.01940618
v -0.365286889735 -0.783359344585 0.00820454
v -0.31534032984 -0.676247319752 0.00205106
v -0.0650322959024 -0.743316961421 0.00205106
v 0.193119775916 -0.720731958594 0.00205106
v -0.655084933905 -0.655082880474 0.01940618
v -0.611181826715 -0.611179773284 0.00820454
v -0.527614236109 -0.527612182678 0.00205106
v -0.839629718961 -0.391524946268 0.01940618
v -0.783359344585 -0.365284836304 0.00820454
v -0.67624944163 -0.315338276409 0.00205106
v -0.922902368431 -0.0807430962991 0.01940618
v -0.861053780362 -0.075331073619 0.00820454
v -0.743319014852 -0.0650302424714 0.00205106
v -0.894861673292 0.239778792818 0.01940618
v -0.834890468716 0.223708642001 0.00820454
v -0.720731958594 0.193119775916 0.00205106
v -0.758886554214 0.531377422163 0.01940618
v -0.708028270966 0.495766822179 0.00820454
v -0.611217145728 0.427978685011 0.00205106
v -0.531377422163 0.758886554214 0.01940618
v -0.495766822179 0.708028270966 0.00820454
v -0.427978685011 0.611217145728 0.00205106
v -0.239776739387 0.894861673292 0.01940618
v -0.223708642001 0.834890468716 0.00820454
v -0.193119775916 0.720731958594 0.00205106
v 0.0807430962991 0.922902368431 0.01940618
v 0.075331073619 0.861053780362 0.00820454
v 0.0650322959024 0.743319014852 0.00205106
v 0.391524946268 0.839629718961 0.01940618
v 0.365286889735 0.783359344585 0.00820454
v 0.315338276409 0.67624944163 0.00205106
v 0.655082880474 0.655084933905 0.01940618
v 0.611181826715 0.611181826715 0.00820454
v 0.527612182678 0.527614236109 0.00205106
v 0.839627597082 0.391524946268 0.01940618
v 0.783359344585 0.365286889735 0.00820454
v 0.676247319752 0.31534032984 0.00205106
v 0.922902368431 0.0807430962991 0.01940618
v 0.861051658483 0.0753331270499 0.00820454
v 0.743316961421 0.0650322959024 0.00205106
v 0.894859551413 -0.239776739387 0.01940618
v 0.834888415285 -0.22370658857 0.00820454
v 0.720731958594 -0.193119775916 0.00205106
v 0.758884500783 -0.531377422163 0.01940618
v 0.708026217535 -0.495764768748 0.00820454
v 0.611215023849 -0.427976563133 0.00205106
v 0.531377422163 -0.758884500783 0.01940618
v 0.495764768748 -0.708026217535 0.00820454
v 0.427976563133 -0.611215023849 0.00205106
v -0.0709407012971 -0.810841369603 0.65786926
v -0.343987471594 -0.737678513752 0.65786926
v -0.0707538390783 -0.808723050208 0.65602755
v 0.210662305191 -0.786204510097 0.65786926
v -0.0709407012971 -0.810841369603 0.65786926
v 0.208888756857 -0.779587876359 0.66263737
v -0.0703426053015 -0.804017065545 0.66263737
v -0.341092407709 -0.731470991911 0.66263737
v -0.0709407012971 -0.810841369603 0.65786926
v -0.0703426053015 -0.804017065545 0.66263737
v 0.466856019887 -0.666739865885 0.65786926
v 0.462926711267 -0.66112838661 0.66263737
v 0.666739865885 -0.466856019887 0.65786926
v 0.66112838661 -0.462926711267 0.66263737
v 0.786204510097 -0.210662305191 0.65786926
v 0.779587876359 -0.208888756857 0.66263737
v 0.810841369603 0.0709407012971 0.65786926
v 0.804017065545 0.0703426053015 0.66263737
v 0.737678513752 0.343985349716 0.65786926
v 0.731470991911 0.341090354278 0.66263737
v 0.575542204906 0.575542204906 0.65786926
v 0.570697066071 0.570699119502 0.66263737
v 0.343985349716 0.737680567183 0.65786926
v 0.341090354278 0.731470991911 0.66263737
v 0.0707538390783 0.808723050208 0.65602755
v 0.0709386478661 0.810843423034 0.65786926
v 0.0709386478661 0.810843423034 0.65786926
v 0.0703426053015 0.804019118976 0.66263737
v -0.210664427069 0.786206631976 0.65786926
v 0.0709386478661 0.810843423034 0.65786926
v -0.208890810288 0.779587876359 0.66263737
v 0.0703426053015 0.804019118976 0.66263737
v -0.466856019887 0.666739865885 0.65786926
v -0.462928833146 0.66112838661 0.66263737
v -0.666739865885 0.466858073318 0.65786926
v -0.66112838661 0.462928833146 0.66263737
v -0.786204510097 0.210664427069 0.65786926
v -0.779587876359 0.208890810288 0.66263737
v -0.810843423034 -0.0709386478661 0.65786926
v -0.804019118976 -0.0703426053015 0.66263737
v -0.737680567183 -0.343985349716 0.65786926
v -0.731473045342 -0.341090354278 0.66263737
v -0.575542204906 -0.575542204906 0.65786926
v -0.570699119502 -0.570697066071 0.66263737
v -0.0678691792433 -0.775737556384 0.69117562
v -0.329094894994 -0.705743829005 0.69117562
v -0.341092407709 -0.731470991911 0.66263737
v -0.0703426053015 -0.804017065545 0.66263737
v 0.208888756857 -0.779587876359 0.66263737
v 0.201541101691 -0.752168207195 0.69117562
v 0.18792986602 -0.701363929181 0.71362744
v -0.063285715962 -0.723342485393 0.71362744
v -0.306867120709 -0.65807548233 0.71362744
v 0.462926711267 -0.66112838661 0.66263737
v 0.446644783268 -0.637874649762 0.69117562
v 0.416477486563 -0.594791888247 0.71362744
v 0.66112838661 -0.462926711267 0.66263737
v 0.637874649762 -0.446644783268 0.69117562
v 0.594791888247 -0.416477486563 0.71362744
v 0.779587876359 -0.208888756857 0.66263737
v 0.752168207195 -0.20154322357 0.69117531
v 0.701363929181 -0.18792986602 0.71362744
v 0.804017065545 0.0703426053015 0.66263737
v 0.775737556384 0.0678691792433 0.69117562
v 0.723342485393 0.063285715962 0.71362744
v 0.731470991911 0.341090354278 0.66263737
v 0.705741775574 0.329092773115 0.69117562
v 0.65807548233 0.306867120709 0.71362744
v 0.570697066071 0.570699119502 0.66263737
v 0.550624983625 0.550624983625 0.69117562
v 0.550624983625 0.550624983625 0.69117562
v 0.513433994714 0.513433994714 0.71362744
v 0.341090354278 0.731470991911 0.66263737
v 0.329092773115 0.705743829005 0.69117562
v 0.550624983625 0.550624983625 0.69117562
v 0.570697066071 0.570699119502 0.66263737
v 0.30686499883 0.65807548233 0.71362744
v 0.513433994714 0.513433994714 0.71362744
v 0.0703426053015 0.804019118976 0.66263737
v 0.0678671258123 0.775737556384 0.69117562
v 0.063283662531 0.723342485393 0.71362744
v -0.208890810288 0.779587876359 0.66263737
v -0.20154322357 0.752168207195 0.69117562
v -0.18792986602 0.701365982612 0.71362744
v -0.462928833146 0.66112838661 0.66263737
v -0.446644783268 0.637874649762 0.69117531
v -0.416477486563 0.594791888247 0.71362744
v -0.66112838661 0.462928833146 0.66263737
v -0.637874649762 0.446644783268 0.69117531
v -0.594791888247 0.416477486563 0.71362744
v -0.779587876359 0.208890810288 0.66263737
v -0.752168207195 0.20154322357 0.69117531
v -0.701363929181 0.18792986602 0.71362744
v -0.804019118976 -0.0703426053015 0.66263737
v -0.775737556384 -0.0678671258123 0.69117531
v -0.723342485393 -0.063283662531 0.71362744
v -0.731473045342 -0.341090354278 0.66263737
v -0.705743829005 -0.329092773115 0.69117531
v -0.65807548233 -0.30686499883 0.71362744
v -0.570699119502 -0.570697066071 0.66263737
v -0.550627037056 -0.550624983625 0.69117562
v -0.513436116592 -0.513433994714 0.71362744
v -0.0563575767447 -0.64417354928 0.74938142
v -0.273279355579 -0.586048652942 0.74938142
v 0.167361469306 -0.624599902979 0.74938142
v 0.144930200012 -0.540884876029 0.79104039
v -0.0488043046906 -0.557835538049 0.79104039
v -0.23665326553 -0.507500674357 0.79104039
v 0.370894193701 -0.529691076198 0.74938142
v 0.321182340967 -0.458696301218 0.79104039
v 0.529691076198 -0.370894193701 0.74938142
v 0.458696301218 -0.321182340967 0.79104039
v 0.624599902979 -0.167361469306 0.74938142
v 0.540884876029 -0.144930200012 0.79104039
v 0.64417354928 0.0563575767447 0.74938142
v 0.557833484618 0.0488043046906 0.79104039
v 0.586048652942 0.273279355579 0.74938142
v 0.507500674357 0.23665326553 0.79104039
v 0.513433994714 0.513433994714 0.71362744
v 0.457238433673 0.457240487104 0.74938142
v 0.457238433673 0.457240487104 0.74938142
v 0.395954744465 0.395956797896 0.79104039
v 0.273279355579 0.586050706373 0.74938142
v 0.457238433673 0.457240487104 0.74938142
v 0.236651143651 0.507502727788 0.79104039
v 0.395954744465 0.395956797896 0.79104039
v 0.0563575767447 0.64417354928 0.74938142
v 0.0488043046906 0.557835538049 0.79104039
v -0.167361469306 0.624599902979 0.74938142
v -0.144930200012 0.540884876029 0.79104039
v -0.370894193701 0.529691076198 0.74938142
v -0.321184394398 0.458698423097 0.79104039
v -0.529691076198 0.370894193701 0.74938142
v -0.458698423097 0.321184394398 0.79104039
v -0.624599902979 0.167361469306 0.74938142
v -0.540884876029 0.144930200012 0.79104039
v -0.64417354928 -0.0563575767447 0.74938142
v -0.557835538049 -0.0488043046906 0.79104008
v -0.586050706373 -0.273279355579 0.74938142
v -0.507502727788 -0.236651143651 0.79104008
v -0.457240487104 -0.457238433673 0.74938142
v -0.395956797896 -0.395954744465 0.79104039
v -0.0343395262101 -0.392486499547 0.91577395
v -0.166505804619 -0.357071180848 0.91577395
v -0.181246838013 -0.388681834187 0.87205725
v -0.0373779195775 -0.427231030793 0.87205725
v 0.110997663821 -0.414251156699 0.87205725
v 0.101969891431 -0.38056160984 0.91577395
v 0.0984497631566 -0.36741978849 0.9501556
v -0.0331537382692 -0.378933444419 0.9501556
v -0.160757293049 -0.344741354553 0.9501556
v 0.245986314658 -0.351303983057 0.87205725
v 0.225980694928 -0.322733708069 0.91577395
v 0.21817615137 -0.311589669715 0.9501556
v 0.351303983057 -0.245986314658 0.87205725
v 0.322733708069 -0.225980694928 0.91577395
v 0.311587616284 -0.21817615137 0.9501556
v 0.414249103268 -0.110997663821 0.87205725
v 0.380559556409 -0.101969891431 0.91577395
v 0.367417666611 -0.0984497631566 0.9501556
v 0.427231030793 0.0373779195775 0.87205725
v 0.392486499547 0.0343374727791 0.91577395
v 0.378931322541 0.0331516163905 0.9501556
v 0.388681834187 0.181246838013 0.87205725
v 0.357071180848 0.166505804619 0.91577395
v 0.344741354553 0.160755239618 0.9501556
v 0.303251439447 0.303253492878 0.87205725
v 0.278589664978 0.278589664978 0.91577395
v 0.357071180848 0.166505804619 0.91577395
v 0.278589664978 0.278589664978 0.91577395
v 0.268967903455 0.268970025333 0.9501556
v 0.344741354553 0.160755239618 0.9501556
v 0.181244716134 0.388681834187 0.87205725
v 0.166505804619 0.357073234279 0.91577395
v 0.303251439447 0.303253492878 0.87205725
v 0.160755239618 0.344741354553 0.9501556
v 0.0373779195775 0.427231030793 0.87205725
v 0.0343374727791 0.392486499547 0.91577395
v 0.0331516163905 0.378933444419 0.9501556
v -0.110997663821 0.414251156699 0.87205725
v -0.101971944862 0.38056160984 0.91577395
v -0.0984497631566 0.36741978849 0.9501556
v -0.245986314658 0.351303983057 0.87205725
v -0.225980694928 0.3227357615 0.91577395
v -0.218178204801 0.311589669715 0.9501556
v -0.351303983057 0.245986314658 0.87205725
v -0.3227357615 0.225980694928 0.91577395
v -0.311589669715 0.218178204801 0.9501556
v -0.414251156699 0.110997663821 0.87205725
v -0.38056160984 0.101971944862 0.91577395
v -0.36741978849 0.0984497631566 0.9501556
v -0.427233084224 -0.0373779195775 0.87205725
v -0.392486499547 -0.0343374727791 0.91577395
v -0.378933444419 -0.0331516163905 0.9501556
v -0.388683887618 -0.181244716134 0.87205725
v -0.357073234279 -0.166505804619 0.91577395
v -0.344743407984 -0.160755239618 0.9501556
v -0.303253492878 -0.303251439447 0.87205725
v -0.278591718409 -0.278589664978 0.91577395
v -0.268970025333 -0.268970025333 0.9501556
v -0.0337538876958 -0.385803403092 0.96300234
v -0.163671043156 -0.35099240913 0.96300234
v -0.160757293049 -0.344741354553 0.9501556
v -0.0331537382692 -0.378933444419 0.9501556
v 0.0984497631566 -0.36741978849 0.9501556
v 0.100233715541 -0.374080023412 0.96300234
v -0.0337538876958 -0.385803403092 0.96300234
v -0.0331537382692 -0.378933444419 0.9501556
v 0.104744487366 -0.390918499653 0.96566993
v -0.0352741110949 -0.40316735232 0.96566993
v -0.171037384544 -0.366790480343 0.96566993
v -0.0337538876958 -0.385803403092 0.96300234
v -0.0352741110949 -0.40316735232 0.96566993
v 0.21817615137 -0.311589669715 0.9501556
v 0.222132359936 -0.317238521434 0.96300234
v 0.232130036224 -0.331518491127 0.96566993
v 0.311587616284 -0.21817615137 0.9501556
v 0.317238521434 -0.222132359936 0.96300234
v 0.331516369248 -0.232132089655 0.96566993
v 0.367417666611 -0.0984497631566 0.9501556
v 0.374080023412 -0.100233715541 0.96300234
v 0.390918499653 -0.104746540797 0.96566993
v 0.378931322541 0.0331516163905 0.9501556
v 0.385803403092 0.0337538876958 0.96300234
v 0.40316735232 0.035272057664 0.96566993
v 0.344741354553 0.160755239618 0.9501556
v 0.350990355699 0.163671043156 0.96300234
v 0.366790480343 0.171037384544 0.96566993
v 0.268967903455 0.268970025333 0.9501556
v 0.273846307872 0.273846307872 0.96300234
v 0.286171958857 0.286171958857 0.96566993
v 0.160755239618 0.344741354553 0.9501556
v 0.163668921278 0.35099240913 0.96300234
v 0.171037384544 0.366790480343 0.96566993
v 0.0331516163905 0.378933444419 0.9501556
v 0.0337518342648 0.385803403092 0.96300234
v 0.163668921278 0.35099240913 0.96300234
v 0.160755239618 0.344741354553 0.9501556
v 0.163668921278 0.35099240913 0.96300234
v 0.035272057664 0.403169474199 0.96566993
v 0.171037384544 0.366790480343 0.96566993
v -0.0984497631566 0.36741978849 0.9501556
v -0.100235768972 0.374080023412 0.96300234
v -0.104746540797 0.390918499653 0.96566993
v -0.218178204801 0.311589669715 0.9501556
v -0.222134481815 0.317238521434 0.96300234
v -0.232132089655 0.331518491127 0.96566993
v -0.311589669715 0.218178204801 0.9501556
v -0.317238521434 0.222132359936 0.96300234
v -0.331518491127 0.232132089655 0.96566993
v -0.36741978849 0.0984497631566 0.9501556
v -0.374082076843 0.100235768972 0.96300234
v -0.390918499653 0.104746540797 0.96566993
v -0.378933444419 -0.0331516163905 0.9501556
v -0.385803403092 -0.0337538876958 0.96300234
v -0.403169474199 -0.035272057664 0.96566993
v -0.344743407984 -0.160755239618 0.9501556
v -0.35099240913 -0.163668921278 0.96300234
v -0.366790480343 -0.171037384544 0.96566993
v -0.268970025333 -0.268970025333 0.9501556
v -0.273846307872 -0.273846307872 0.96300234
v -0.286174080736 -0.286171958857 0.96566993
v -0.0337538876958 -0.385803403092 0.98489528
v -0.163671043156 -0.35099240913 0.98489528
v -0.171037384544 -0.366790480343 0.98222738
v -0.0352741110949 -0.40316735232 0.98222738
v 0.104744487366 -0.390918499653 0.98222738
v 0.100233715541 -0.374080023412 0.98489528
v -0.0337538876958 -0.385803403092 0.98489528
v -0.0352741110949 -0.40316735232 0.98222738
v 0.0969046247949 -0.361658750992 0.98808292
v -0.0326324405921 -0.372991773443 0.98808292
v -0.158236090497 -0.339335492166 0.98808292
v -0.0337538876958 -0.385803403092 0.98489528
v -0.0326324405921 -0.372991773443 0.98808292
v 0.232130036224 -0.331518491127 0.98222738
v 0.222132359936 -0.317238521434 0.98489528
v 0.214755682946 -0.306703051574 0.98808292
v 0.331516369248 -0.232130036224 0.98222738
v 0.317238521434 -0.222132359936 0.98489528
v 0.306703051574 -0.214755682946 0.98808292
v 0.390916446222 -0.104746540797 0.98222738
v 0.374080023412 -0.100233715541 0.98489528
v 0.361656697561 -0.0969066782259 0.98808292
v 0.40316735232 0.035272057664 0.98222738
v 0.385801349661 0.0337538876958 0.98489528
v 0.372989720012 0.0326324405921 0.98808292
v 0.366790480343 0.171037384544 0.98222738
v 0.350990355699 0.163671043156 0.98489528
v 0.339335492166 0.158236090497 0.98808292
v 0.286171958857 0.286171958857 0.98222738
v 0.273844185993 0.273846307872 0.98489528
v 0.264752072766 0.264752072766 0.98808292
v 0.171035262665 0.366790480343 0.98222738
v 0.163668921278 0.35099240913 0.98489528
v 0.158234037066 0.339335492166 0.98808292
v 0.035272057664 0.403169474199 0.98222738
v 0.0337518342648 0.385803403092 0.98489528
v 0.163668921278 0.35099240913 0.98489528
v 0.171035262665 0.366790480343 0.98222738
v 0.163668921278 0.35099240913 0.98489528
v 0.0326324405921 0.372991773443 0.98808292
v 0.158234037066 0.339335492166 0.98808292
v -0.104746540797 0.390918499653 0.98222738
v -0.100235768972 0.374080023412 0.98489528
v -0.0969066782259 0.361658750992 0.98808292
v -0.232132089655 0.331518491127 0.98222738
v -0.222132359936 0.317238521434 0.98489528
v -0.214757736377 0.306703051574 0.98808292
v -0.331518491127 0.232132089655 0.98222738
v -0.317238521434 0.222132359936 0.98489528
v -0.306705105005 0.214755682946 0.98808292
v -0.390918499653 0.104746540797 0.98222738
v -0.374082076843 0.100235768972 0.98489528
v -0.361658750992 0.0969066782259 0.98808292
v -0.403169474199 -0.035272057664 0.98222738
v -0.385803403092 -0.0337538876958 0.98489528
v -0.372991773443 -0.0326324405921 0.98808292
v -0.366790480343 -0.171037384544 0.98222738
v -0.35099240913 -0.163668921278 0.98489528
v -0.339337545597 -0.158234037066 0.98808292
v -0.286171958857 -0.286171958857 0.98222738
v -0.273846307872 -0.273846307872 0.98489528
v -0.264752072766 -0.264752072766 0.98808292
v 0.111770233002 -0.417135816534 0.97394881
v 0.109404748965 -0.408305310413 0.97838256
v -0.0368421109881 -0.421098322288 0.97838256
v -0.0376395266838 -0.430207068306 0.97394881
v -0.178644593385 -0.383103620493 0.97838256
v -0.0368421109881 -0.421098322288 0.97838256
v -0.0352741110949 -0.40316735232 0.98222738
v -0.0368421109881 -0.421098322288 0.97838256
v -0.18250949272 -0.391387913975 0.97394881
v -0.0376395266838 -0.430207068306 0.97394881
v 0.247697575586 -0.353750372274 0.97394881
v 0.242453660455 -0.346261509505 0.97838256
v 0.353750372274 -0.247699629017 0.97394881
v 0.346261509505 -0.242455782334 0.97838256
v 0.417133694655 -0.111770233002 0.97394881
v 0.408303256982 -0.109404748965 0.97838256
v 0.430204946428 0.0376374732528 0.97394881
v 0.421098322288 0.0368421109881 0.97838256
v 0.391387913975 0.182507439289 0.97394881
v 0.383103620493 0.178644593385 0.97838256
v 0.305363530101 0.305363530101 0.97394881
v 0.298898508016 0.298900561447 0.97838256
v 0.182507439289 0.391389967405 0.97394881
v 0.178642539954 0.383103620493 0.97838256
v 0.0376374732528 0.430207068306 0.97394881
v 0.0368399891095 0.421100375719 0.97838256
v 0.178642539954 0.383103620493 0.97838256
v 0.182507439289 0.391389967405 0.97394881
v 0.178642539954 0.383103620493 0.97838256
v 0.171035262665 0.366790480343 0.98222738
v -0.111772286433 0.417135816534 0.97394881
v -0.109404748965 0.408305310413 0.97838256
v -0.247699629017 0.353750372274 0.97394881
v -0.242455782334 0.346261509505 0.97838256
v -0.353750372274 0.247699629017 0.97394881
v -0.346263631384 0.242455782334 0.97838256
v -0.417135816534 0.111772286433 0.97394881
v -0.408305310413 0.109404748965 0.97838256
v -0.430207068306 -0.0376374732528 0.97394881
v -0.421100375719 -0.0368399891095 0.97838256
v -0.391389967405 -0.182507439289 0.97394881
v -0.383103620493 -0.178644593385 0.97838256
v -0.305365583532 -0.305363530101 0.97394881
v -0.298900561447 -0.298898508016 0.97838256
v 0.109404748965 -0.408305310413 0.96951506
v -0.0368421109881 -0.421100375719 0.96951506
v -0.178644593385 -0.383103620493 0.96951506
v -0.0368421109881 -0.421100375719 0.96951506
v -0.0376395266838 -0.430207068306 0.97394881
v -0.0368421109881 -0.421100375719 0.96951506
v -0.0352741110949 -0.40316735232 0.96566993
v 0.242453660455 -0.346261509505 0.96951506
v 0.346261509505 -0.242455782334 0.96951506
v 0.408303256982 -0.109404748965 0.96951506
v 0.421098322288 0.0368421109881 0.96951506
v 0.383103620493 0.178644593385 0.96951506
v 0.298898508016 0.298900561447 0.96951506
v 0.178642539954 0.383103620493 0.96951506
v 0.0368399891095 0.421100375719 0.96951506
v 0.178642539954 0.383103620493 0.96951506
v 0.171037384544 0.366790480343 0.96566993
v 0.178642539954 0.383103620493 0.96951506
v 0.182507439289 0.391389967405 0.97394881
v -0.109404748965 0.408305310413 0.96951506
v -0.242455782334 0.346263631384 0.96951506
v -0.346263631384 0.242455782334 0.96951506
v -0.408305310413 0.109404748965 0.96951506
v -0.421100375719 -0.0368399891095 0.96951506
v -0.383103620493 -0.178644593385 0.96951506
v -0.298900561447 -0.298898508016 0.96951506
v -0.0317166103769 -0.362504011629 0.9983719
v -0.153787606079 -0.329794772718 0.9983719
v -0.0326324405921 -0.372991773443 0.98808292
v 0.094179927233 -0.351488791845 0.9983719
v -0.0317166103769 -0.362504011629 0.9983719
v 0.20871640555 -0.298080215772 0.9983719
v 0.298080215772 -0.208718458981 0.9983719
v 0.351488791845 -0.094181980664 0.9983719
v 0.362504011629 0.0317144884982 0.9983719
v 0.329794772718 0.153785552648 0.9983719
v 0.257306811181 0.257308864612 0.9983719
v 0.153785552648 0.329794772718 0.9983719
v 0.0317144884982 0.362504011629 0.9983719
v 0.153785552648 0.329794772718 0.9983719
v 0.158234037066 0.339335492166 0.98808292
v -0.094181980664 0.351490845276 0.9983719
v -0.208718458981 0.298080215772 0.9983719
v -0.298080215772 0.208718458981 0.9983719
v -0.351490845276 0.094181980664 0.9983719
v -0.362504011629 -0.0317144884982 0.9983719
v -0.329796826149 -0.153785552648 0.9983719
v -0.257308864612 -0.257308864612 0.9983719
v 0.193119775916 -0.720731958594 0.00205106
v -0.0650322959024 -0.743316961421 0.00205106
v -0.31534032984 -0.676247319752 0.00205106
v -0.527614236109 -0.527612182678 0.00205106
v -0.67624944163 -0.315338276409 0.00205106
v -0.743319014852 -0.0650302424714 0.00205106
v -0.720731958594 0.193119775916 0.00205106
v -0.611217145728 0.427978685011 0.00205106
v -0.427978685011 0.611217145728 0.00205106
v -0.193119775916 0.720731958594 0.00205106
v 0.0650322959024 0.743319014852 0.00205106
v 0.315338276409 0.67624944163 0.00205106
v 0.527612182678 0.527614236109 0.00205106
v 0.676247319752 0.31534032984 0.00205106
v 0.743316961421 0.0650322959024 0.00205106
v 0.720731958594 -0.193119775916 0.00205106
v 0.611215023849 -0.427976563133 0.00205106
v 0.427976563133 -0.611215023849 0.00205106
v -0.0300842011987 -0.343854546163 1
v -0.145875120499 -0.312829531338 1
v -0.0317166103769 -0.362504011629 0.9983719
v 0.094179927233 -0.351488791845 0.9983719
v 0.0893347883977 -0.333406278671 1
v 0.20871640555 -0.298080215772 0.9983719
v 0.197979425663 -0.282745261692 1
v 0.298080215772 -0.208718458981 0.9983719
v 0.282745261692 -0.197979425663 1
v 0.351488791845 -0.094181980664 0.9983719
v 0.333406278671 -0.0893368418286 1
v 0.362504011629 0.0317144884982 0.9983719
v 0.343854546163 0.0300842011987 1
v 0.329794772718 0.153785552648 0.9983719
v 0.312827477907 0.145875120499 1
v 0.257306811181 0.257308864612 0.9983719
v 0.244069436842 0.244071490273 1
v 0.153785552648 0.329794772718 0.9983719
v 0.14587299862 0.312829531338 1
v 0.0300821477678 0.343854546163 1
v -0.0893368418286 0.333408332102 1
v -0.197981547542 0.282745261692 1
v -0.282745261692 0.197981547542 1
v -0.333408332102 0.0893368418286 1
v -0.343856599594 -0.0300821477678 1
v -0.312829531338 -0.145875120499 1
v -0.244071490273 -0.244071490273 1
v -0.415522162025 -0.891088151635 0.34735427
v -0.0856920702941 -0.979465493617 0.34735427
v 0.254471981271 -0.949705255378 0.34735427
v -0.695233274107 -0.695231152228 0.34735427
v -0.891088151635 -0.415520040146 0.34735427
v -0.979465493617 -0.0856920702941 0.34735427
v -0.949705255378 0.25447410315 0.34735427
v -0.805396081341 0.56394545347 0.34735427
v -0.56394545347 0.805396081341 0.34735427
v -0.25447410315 0.949705255378 0.34735457
v -0.247768145164 0.924682145506 0.32377618
v 0.0856920702941 0.979465493617 0.34735457
v -0.25447410315 0.949705255378 0.34735457
v 0.415520040146 0.891088151635 0.34735427
v 0.695231152228 0.695233274107 0.34735427
v 0.891088151635 0.415522162025 0.34735427
v 0.979465493617 0.0856920702941 0.34735427
v 0.949703201947 -0.254471981271 0.34735427
v 0.805396081341 -0.563943400039 0.34735427
v 0.563943400039 -0.805396081341 0.34735427
v 0.125728293165 -0.469229717648 0.83120597
v -0.042339282606 -0.483933378598 0.83120597
v -0.205302165867 -0.440269085431 0.83120597
v 0.278633266163 -0.397929734378 0.83120597
v 0.397929734378 -0.278633266163 0.83120597
v 0.469229717648 -0.125730346596 0.83120597
v 0.483933378598 0.042339282606 0.83120597
v 0.440269085431 0.205302165867 0.83120597
v 0.395954744465 0.395956797896 0.79104039
v 0.343499439499 0.34350149293 0.83120597
v 0.343499439499 0.34350149293 0.83120597
v 0.303251439447 0.303253492878 0.87205725
v 0.205300112436 0.440269085431 0.83120597
v 0.343499439499 0.34350149293 0.83120597
v 0.0423372291751 0.483935432029 0.83120597
v -0.125730346596 0.469229717648 0.83120597
v -0.278633266163 0.397929734378 0.83120597
v -0.397929734378 0.278633266163 0.83120597
v -0.469229717648 0.125730346596 0.83120597
v -0.483935432029 -0.042339282606 0.83120597
v -0.440269085431 -0.205300112436 0.83120597
v -0.34350149293 -0.343499439499 0.83120597
v -0.0786164947327 -0.898583243145 0.45858513
v 0.233459153647 -0.871281920053 0.45858513
v 0.243894963657 -0.910233999816 0.3816631
v -0.0821303942664 -0.938758551741 0.3816631
v -0.398253697338 -0.854052949688 0.3816631
v -0.381209604209 -0.817503657957 0.45858513
v -0.0821303942664 -0.938758551741 0.3816631
v 0.517375760815 -0.738889285103 0.45858513
v 0.540504854403 -0.771922486974 0.3816631
v 0.243894963657 -0.910233999816 0.3816631
v 0.738887163224 -0.517375760815 0.45858513
v 0.771922486974 -0.540506907834 0.3816631
v 0.540504854403 -0.771922486974 0.3816631
v 0.871279798174 -0.233459153647 0.45858513
v 0.910233999816 -0.243897017088 0.3816631
v 0.771922486974 -0.540506907834 0.3816631
v 0.871279798174 -0.233459153647 0.45858513
v 0.898583243145 0.0786164947327 0.45858513
v 0.898583243145 0.0786164947327 0.45858513
v 0.938758551741 0.0821303942664 0.3816631
v 0.910233999816 -0.243897017088 0.3816631
v 0.817503657957 0.381209604209 0.45858513
v 0.854052949688 0.398251643907 0.3816631
v 0.938758551741 0.0821303942664 0.3816631
v 0.637820644527 0.637822766406 0.45858513
v 0.66633691428 0.666339036159 0.3816631
v 0.854052949688 0.398251643907 0.3816631
v 0.38120748233 0.817505779835 0.45858513
v 0.398251643907 0.854055003119 0.3816631
v 0.66633691428 0.666339036159 0.3816631
v 0.0786144413017 0.898585296576 0.45858513
v 0.0821303942664 0.938758551741 0.3816631
v 0.398251643907 0.854055003119 0.3816631
v -0.233459153647 0.871281920053 0.45858513
v -0.243897017088 0.910236053247 0.3816631
v 0.0821303942664 0.938758551741 0.3816631
v -0.517375760815 0.738889285103 0.45858513
v -0.540506907834 0.771924608852 0.3816631
v -0.243897017088 0.910236053247 0.3816631
v -0.738889285103 0.517375760815 0.45858513
v -0.771922486974 0.540506907834 0.3816631
v -0.540506907834 0.771924608852 0.3816631
v -0.871281920053 0.233459153647 0.45858513
v -0.910236053247 0.243897017088 0.3816631
v -0.771922486974 0.540506907834 0.3816631
v -0.898585296576 -0.0786144413017 0.45858513
v -0.938758551741 -0.0821303942664 0.3816631
v -0.910236053247 0.243897017088 0.3816631
v -0.817505779835 -0.38120748233 0.45858513
v -0.854055003119 -0.398251643907 0.3816631
v -0.938758551741 -0.0821303942664 0.3816631
v -0.637822766406 -0.637820644527 0.45858513
v -0.666339036159 -0.66633691428 0.3816631
v -0.854055003119 -0.398251643907 0.3816631
v -0.398253697338 -0.854052949688 0.3816631
v -0.666339036159 -0.66633691428 0.3816631
v 0.197001308042 -0.735219598606 0.65626937
v 0.202170409838 -0.754508707821 0.64880424
v -0.0680810248723 -0.778152870345 0.64880424
v -0.0663406736725 -0.758259367946 0.65626937
v -0.0680810248723 -0.778152870345 0.64880424
v -0.330118735679 -0.707939015166 0.64880424
v -0.321678655234 -0.689841922632 0.65626937
v -0.0663406736725 -0.758259367946 0.65626937
v 0.436580712712 -0.623503370838 0.65626937
v 0.448034134667 -0.639860043725 0.64880424
v 0.62350124896 -0.436580712712 0.65626937
v 0.639860043725 -0.448034134667 0.64880424
v 0.735219598606 -0.197001308042 0.65626937
v 0.754508707821 -0.202170409838 0.64880424
v 0.758259367946 0.0663385517939 0.65626937
v 0.778152870345 0.0680810248723 0.64880424
v 0.689841922632 0.321678655234 0.65626937
v 0.707939015166 0.330118735679 0.64880424
v 0.538218290564 0.538218290564 0.65626937
v 0.552338366431 0.552338366431 0.64880424
v 0.321678655234 0.689841922632 0.65626937
v 0.3301166138 0.707941068597 0.64880424
v 0.0663385517939 0.758261421377 0.65626937
v 0.0680789029936 0.778152870345 0.64880424
v -0.197001308042 0.735221652037 0.65626937
v -0.202170409838 0.754508707821 0.64880424
v 0.0680789029936 0.778152870345 0.64880424
v 0.0663385517939 0.758261421377 0.65626937
v -0.436582766143 0.623503370838 0.65626937
v -0.448036188098 0.639860043725 0.64880424
v -0.623503370838 0.436582766143 0.65626937
v -0.639860043725 0.448036188098 0.64880424
v -0.735221652037 0.197003361473 0.65626937
v -0.754508707821 0.202170409838 0.64880424
v -0.758261421377 -0.0663385517939 0.65626937
v -0.778152870345 -0.0680789029936 0.64880424
v -0.689841922632 -0.321678655234 0.65626937
v -0.707941068597 -0.3301166138 0.64880424
v -0.538220412442 -0.538218290564 0.65626937
v -0.552340419862 -0.552338366431 0.64880424
v -0.394181127683 -0.845324225295 0.3479265
v -0.398253697338 -0.854052949688 0.3816631
v -0.0821303942664 -0.938758551741 0.3816631
v -0.0812914308173 -0.929161773627 0.3479265
v 0.243894963657 -0.910233999816 0.3816631
v 0.241402851377 -0.90093004096 0.3479265
v -0.659527189583 -0.659525136152 0.3479265
v -0.666339036159 -0.66633691428 0.3816631
v -0.845324225295 -0.394179074252 0.34792681
v -0.854055003119 -0.398251643907 0.3816631
v -0.666339036159 -0.66633691428 0.3816631
v -0.659527189583 -0.659525136152 0.3479265
v -0.929163827058 -0.0812893089386 0.3479265
v -0.938758551741 -0.0821303942664 0.3816631
v -0.90093004096 0.241404904808 0.3479265
v -0.910236053247 0.243897017088 0.3816631
v -0.764032794478 0.534982699375 0.3479265
v -0.771922486974 0.540506907834 0.3816631
v -0.534982699375 0.764032794478 0.3479265
v -0.540506907834 0.771924608852 0.3816631
v -0.241404904808 0.90093004096 0.34792681
v -0.243897017088 0.910236053247 0.3816631
v 0.0812914308173 0.929163827058 0.34792681
v 0.0821303942664 0.938758551741 0.3816631
v -0.243897017088 0.910236053247 0.3816631
v -0.241404904808 0.90093004096 0.34792681
v 0.394181127683 0.845324225295 0.34792681
v 0.398251643907 0.854055003119 0.3816631
v 0.659525136152 0.659527189583 0.3479265
v 0.66633691428 0.666339036159 0.3816631
v 0.845322171864 0.394181127683 0.3479265
v 0.854052949688 0.398251643907 0.3816631
v 0.66633691428 0.666339036159 0.3816631
v 0.659525136152 0.659527189583 0.3479265
v 0.929161773627 0.0812914308173 0.3479265
v 0.938758551741 0.0821303942664 0.3816631
v 0.90093004096 -0.241402851377 0.3479265
v 0.910233999816 -0.243897017088 0.3816631
v 0.764032794478 -0.534980577496 0.3479265
v 0.771922486974 -0.540506907834 0.3816631
v 0.534980577496 -0.764032794478 0.3479265
v 0.540504854403 -0.771922486974 0.3816631
v 0.540504854403 -0.771922486974 0.3816631
v 0.534980577496 -0.764032794478 0.3479265
v 0.234804903861 -0.876305638935 0.32478412
v 0.209083969695 -0.780314790924 0.25084432
v -0.0704090680174 -0.804766773195 0.25084432
v -0.0790692762629 -0.903766924301 0.32478412
v -0.383408897231 -0.82222004667 0.32478412
v -0.341410141929 -0.732152183414 0.25084432
v -0.330318123826 -0.708366813286 0.20590638
v -0.0681204507471 -0.778622216219 0.20590638
v 0.20229080934 -0.754965596213 0.20590638
v -0.641502788505 -0.641500735074 0.32478412
v -0.571230821229 -0.571228699351 0.25084432
v -0.552674786873 -0.552672664994 0.20590638
v -0.82222004667 -0.3834068438 0.32478412
v -0.732154236845 -0.341408088498 0.25084432
v -0.708368866717 -0.330316001948 0.20590638
v -0.903768977732 -0.0790692762629 0.32478412
v -0.804768895073 -0.0704070145864 0.25084432
v -0.77862426965 -0.0681204507471 0.20590638
v -0.876307692366 0.234806957292 0.32478412
v -0.780316844355 0.209086091574 0.25084432
v -0.754965596213 0.202292931219 0.20590638
v -0.743150770407 0.5203600805 0.32478412
v -0.661745168827 0.463360738128 0.25084432
v -0.64024841597 0.448306214271 0.20590638
v -0.5203600805 0.743150770407 0.32478412
v -0.463358684697 0.661745168827 0.25084432
v -0.463358684697 0.661745168827 0.25084432
v -0.448306214271 0.64024841597 0.20590638
v -0.234806957292 0.876307692366 0.32478412
v -0.5203600805 0.743150770407 0.32478412
v -0.209086091574 0.780316844355 0.25084432
v -0.202292931219 0.754965596213 0.20590638
v -0.209086091574 0.780316844355 0.25084432
v 0.0790692762629 0.903766924301 0.32478412
v -0.234806957292 0.876307692366 0.32478412
v -0.209086091574 0.780316844355 0.25084432
v 0.0704070145864 0.804768895073 0.25084432
v 0.0681204507471 0.77862426965 0.20590638
v -0.202292931219 0.754965596213 0.20590638
v 0.3834068438 0.82222004667 0.32478412
v 0.341408088498 0.732154236845 0.25084432
v 0.330316001948 0.708368866717 0.20590638
v 0.641500735074 0.641500735074 0.32478412
v 0.571228699351 0.571230821229 0.25084432
v 0.552672664994 0.552672664994 0.20590638
v 0.82222004667 0.383408897231 0.32478412
v 0.732152183414 0.341410141929 0.25084432
v 0.708366813286 0.330318123826 0.20590638
v 0.903766924301 0.0790692762629 0.32478412
v 0.804766773195 0.0704090680174 0.25084432
v 0.778622216219 0.0681204507471 0.20590638
v 0.876305638935 -0.234804903861 0.32478412
v 0.780314790924 -0.209083969695 0.25084432
v 0.754963542782 -0.20229080934 0.20590638
v 0.743150770407 -0.5203600805 0.32478412
v 0.661745168827 -0.463358684697 0.25084432
v 0.640246362539 -0.448306214271 0.20590638
v 0.520358027069 -0.743150770407 0.32478412
v 0.463358684697 -0.661745168827 0.25084432
v 0.448304092392 -0.640246362539 0.20590638
v 0.216167895876 -0.806750113727 0.16035465
v -0.0727932382758 -0.832030723843 0.16035465
v -0.352975749662 -0.756955165486 0.16035465
v -0.384127461178 -0.823758956291 0.11922453
v -0.0792187660379 -0.905459499006 0.11922453
v 0.235245159462 -0.877948383716 0.11922453
v -0.59058433973 -0.590582217851 0.16035465
v -0.642703155806 -0.642701102375 0.11922453
v -0.756957218917 -0.352973696231 0.16035465
v -0.823761009722 -0.384125407747 0.11922453
v -0.832030723843 -0.0727932382758 0.16035465
v -0.905461552437 -0.079216712607 0.11922453
v -0.806750113727 0.216169949307 0.16035465
v -0.877948383716 0.235247281341 0.11922453
v -0.684164049088 0.47905709606 0.16035465
v -0.744542243684 0.521336144691 0.11922453
v -0.47905709606 0.684164049088 0.16035465
v -0.52133409126 0.744544297115 0.11922453
v -0.216167895876 0.806750113727 0.16035465
v -0.202292931219 0.754965596213 0.20590638
v -0.235245159462 0.877948383716 0.11922453
v -0.216167895876 0.806750113727 0.16035465
v -0.216167895876 0.806750113727 0.16035465
v 0.0727932382758 0.832030723843 0.16035465
v 0.079216712607 0.905461552437 0.11922453
v -0.235245159462 0.877948383716 0.11922453
v 0.352973696231 0.756957218917 0.16035465
v 0.384125407747 0.823761009722 0.11922453
v 0.590582217851 0.590582217851 0.16035465
v 0.642701102375 0.642703155806 0.11922453
v 0.756955165486 0.352975749662 0.16035465
v 0.823758956291 0.384125407747 0.11922453
v 0.832030723843 0.0727932382758 0.16035465
v 0.905459499006 0.0792187660379 0.11922453
v 0.806750113727 -0.216167895876 0.16035465
v 0.877948383716 -0.235245159462 0.11922453
v 0.68416192721 -0.479054974181 0.16035465
v 0.744542243684 -0.52133409126 0.11922453
v 0.479054974181 -0.68416192721 0.16035465
v 0.52133409126 -0.744542243684 0.11922453
v 0.244694501231 -0.913214144191 0.08621248
v -0.0824004204397 -0.941830142242 0.08621248
v -0.399555846367 -0.856848285275 0.08621248
v -0.401229734851 -0.860434876265 0.0596379
v -0.0827451230529 -0.945773893327 0.0596379
v 0.245718410364 -0.917037495773 0.0596379
v -0.66851964296 -0.668517589529 0.08621248
v -0.671319153857 -0.671317031978 0.0596379
v -0.856850338706 -0.399553792936 0.08621248
v -0.860436929696 -0.40122768142 0.0596379
v -0.941832195673 -0.082398298561 0.08621248
v -0.945773893327 -0.0827430696219 0.0596379
v -0.913214144191 0.24469662311 0.08621248
v -0.917037495773 0.245720463795 0.0596379
v -0.774449986714 0.542276349306 0.08621248
v -0.777691806643 0.544546280354 0.0596379
v -0.542276349306 0.774449986714 0.08621248
v -0.544546280354 0.777691806643 0.0596379
v -0.244694501231 0.913214144191 0.08621248
v -0.235245159462 0.877948383716 0.11922453
v -0.245720463795 0.917037495773 0.0596379
v -0.244694501231 0.913214144191 0.08621248
v -0.244694501231 0.913214144191 0.08621248
v 0.082398298561 0.941832195673 0.08621248
v 0.0827430696219 0.945773893327 0.0596379
v -0.245720463795 0.917037495773 0.0596379
v 0.399553792936 0.856850338706 0.08621248
v 0.40122768142 0.860436929696 0.0596379
v 0.668517589529 0.66851964296 0.08621248
v 0.671317031978 0.671319153857 0.0596379
v 0.856848285275 0.399555846367 0.08621248
v 0.860434876265 0.40122768142 0.0596379
v 0.941830142242 0.0824004204397 0.08621248
v 0.945773893327 0.0827451230529 0.0596379
v 0.91321209076 -0.244694501231 0.08621248
v 0.917037495773 -0.245718410364 0.0596379
v 0.774449986714 -0.542274227427 0.08621248
v 0.777691806643 -0.544546280354 0.0596379
v 0.542274227427 -0.774449986714 0.08621248
v 0.544544158476 -0.777691806643 0.0596379
v 0.239407053364 -0.893480604065 0.03815973
v -0.0806205749175 -0.921479751451 0.03815973
v -0.390922674963 -0.838333798672 0.03815973
v -0.372464247025 -0.798752410762 0.022379
v -0.0768138561267 -0.8779711768 0.022379
v 0.228103121185 -0.851294986544 0.022379
v -0.654075604132 -0.654073550701 0.03815973
v -0.623191865359 -0.623189743481 0.022379
v -0.838335852103 -0.390920621532 0.03815973
v -0.798752410762 -0.372464247025 0.022379
v -0.921481804882 -0.0806185214865 0.03815973
v -0.877973298678 -0.0768118026957 0.0223787
v -0.893482657496 0.239409106795 0.03815973
v -0.851294986544 0.228105174616 0.0223787
v -0.757717330616 0.530559129919 0.03815973
v -0.721940676514 0.505509051653 0.0223787
v -0.530559129919 0.757717330616 0.03815973
v -0.505506929774 0.721940676514 0.022379
v -0.530559129919 0.757717330616 0.03815973
v -0.239407053364 0.893482657496 0.03815973
v -0.544546280354 0.777691806643 0.0596379
v -0.228103121185 0.851294986544 0.022379
v -0.239407053364 0.893482657496 0.03815973
v 0.0806185214865 0.921481804882 0.03815973
v 0.0768118026957 0.877973298678 0.022379
v -0.228103121185 0.851294986544 0.022379
v 0.390922674963 0.838335852103 0.03815973
v 0.372464247025 0.798752410762 0.022379
v 0.654073550701 0.654075604132 0.03815973
v 0.623189743481 0.623191865359 0.022379
v 0.838333798672 0.390922674963 0.03815973
v 0.798752410762 0.372464247025 0.022379
v 0.921479751451 0.0806205749175 0.03815973
v 0.8779711768 0.0768138561267 0.022379
v 0.893480604065 -0.239407053364 0.03815973
v 0.851294986544 -0.228103121185 0.022379
v 0.757715277185 -0.530557076488 0.03815973
v 0.721938554635 -0.505506929774 0.022379
v 0.530557076488 -0.757715277185 0.03815973
v 0.505506929774 -0.721938554635 0.022379
v 0.228103121185 -0.851294986544 0.022379
v 0.21533509272 -0.80363909735 0.01321841
v -0.0725128764999 -0.828824222927 0.01321841
v -0.0768138561267 -0.8779711768 0.022379
v -0.351615488536 -0.754039361947 0.01321841
v -0.372464247025 -0.798752410762 0.022379
v -0.31012139812 -0.665057626782 0.00836778
v -0.0639565034141 -0.73101615695 0.00836778
v 0.189923610602 -0.708805015456 0.00836778
v -0.588306058062 -0.588304004631 0.01321841
v -0.623191865359 -0.623189743481 0.022379
v -0.518883458285 -0.518881404854 0.00836778
v -0.754039361947 -0.351613366657 0.01321841
v -0.798752410762 -0.372464247025 0.022379
v -0.665057626782 -0.310119344689 0.00836778
v -0.828824222927 -0.0725107546212 0.01321841
v -0.877973298678 -0.0768118026957 0.0223787
v -0.731018278829 -0.0639544499831 0.00836747
v -0.803641150781 0.21533509272 0.01321841
v -0.851294986544 0.228105174616 0.0223787
v -0.708807068887 0.189925664033 0.00836747
v -0.681526485448 0.477210787822 0.01321841
v -0.721940676514 0.505509051653 0.0223787
v -0.601103176799 0.420896880709 0.00836747
v -0.477210787822 0.681526485448 0.01321841
v -0.505506929774 0.721940676514 0.022379
v -0.420896880709 0.601103176799 0.00836778
v -0.21533509272 0.803641150781 0.01321841
v -0.228103121185 0.851294986544 0.022379
v -0.189923610602 0.708807068887 0.00836778
v 0.0725128764999 0.828824222927 0.01321841
v 0.0768118026957 0.877973298678 0.022379
v 0.0639544499831 0.731018278829 0.00836778
v 0.351613366657 0.754039361947 0.01321841
v 0.372464247025 0.798752410762 0.022379
v 0.31012139812 0.665057626782 0.00836778
v 0.588306058062 0.588306058062 0.01321841
v 0.623189743481 0.623191865359 0.022379
v 0.518881404854 0.518881404854 0.00836778
v 0.754039361947 0.351615488536 0.01321841
v 0.798752410762 0.372464247025 0.022379
v 0.665057626782 0.31012139812 0.00836778
v 0.828824222927 0.0725128764999 0.01321841
v 0.8779711768 0.0768138561267 0.022379
v 0.73101615695 0.0639565034141 0.00836778
v 0.80363909735 -0.21533509272 0.01321841
v 0.851294986544 -0.228103121185 0.022379
v 0.708805015456 -0.189923610602 0.00836778
v 0.681526485448 -0.477208734391 0.01321841
v 0.721938554635 -0.505506929774 0.022379
v 0.601101123368 -0.420894758831 0.00836778
v 0.477208734391 -0.681526485448 0.01321841
v 0.505506929774 -0.721938554635 0.022379
v 0.420894758831 -0.601101123368 0.00836778
v -0.321678655234 -0.689841922632 0.65626937
v -0.308254350229 -0.661051519844 0.68966675
v -0.0635702530475 -0.726613395595 0.68966675
v -0.0663406736725 -0.758259367946 0.65626937
v 0.188779301967 -0.704535179533 0.68966675
v 0.197001308042 -0.735219598606 0.65626937
v -0.0663406736725 -0.758259367946 0.65626937
v 0.418359045366 -0.597481266796 0.68966675
v 0.436580712712 -0.623503370838 0.65626937
v 0.197001308042 -0.735219598606 0.65626937
v 0.597479213365 -0.418361098797 0.68966675
v 0.62350124896 -0.436580712712 0.65626937
v 0.436580712712 -0.623503370838 0.65626937
v 0.704535179533 -0.188779301967 0.68966675
v 0.735219598606 -0.197001308042 0.65626937
v 0.62350124896 -0.436580712712 0.65626937
v 0.726613395595 0.0635702530475 0.68966675
v 0.758259367946 0.0663385517939 0.65626937
v 0.735219598606 -0.197001308042 0.65626937
v 0.661049466413 0.308254350229 0.68966675
v 0.661049466413 0.308254350229 0.68966675
v 0.689841922632 0.321678655234 0.65626937
v 0.758259367946 0.0663385517939 0.65626937
v 0.515755877566 0.515755877566 0.68966675
v 0.538218290564 0.538218290564 0.65626937
v 0.689841922632 0.321678655234 0.65626937
v 0.515755877566 0.515755877566 0.68966675
v 0.308252296798 0.661051519844 0.68966675
v 0.321678655234 0.689841922632 0.65626937
v 0.538218290564 0.538218290564 0.65626937
v 0.0635702530475 0.726613395595 0.68966675
v 0.0663385517939 0.758261421377 0.65626937
v 0.321678655234 0.689841922632 0.65626937
v -0.188779301967 0.704537232964 0.68966675
v -0.197001308042 0.735221652037 0.65626937
v 0.0663385517939 0.758261421377 0.65626937
v -0.418361098797 0.597481266796 0.68966675
v -0.436582766143 0.623503370838 0.65626937
v -0.197001308042 0.735221652037 0.65626937
v -0.597481266796 0.418361098797 0.68966675
v -0.623503370838 0.436582766143 0.65626937
v -0.436582766143 0.623503370838 0.65626937
v -0.704535179533 0.188781355398 0.68966675
v -0.735221652037 0.197003361473 0.65626937
v -0.623503370838 0.436582766143 0.65626937
v -0.726613395595 -0.0635702530475 0.68966675
v -0.758261421377 -0.0663385517939 0.65626937
v -0.735221652037 0.197003361473 0.65626937
v -0.661051519844 -0.308252296798 0.68966675
v -0.689841922632 -0.321678655234 0.65626937
v -0.758261421377 -0.0663385517939 0.65626937
v -0.515757930997 -0.515755877566 0.68966675
v -0.538220412442 -0.538218290564 0.65626937
v -0.689841922632 -0.321678655234 0.65626937
v -0.321678655234 -0.689841922632 0.65626937
v -0.538220412442 -0.538218290564 0.65626937
v -0.0521001983023 -0.595504223453 0.74764469
v 0.154715962223 -0.577409252797 0.74764469
v -0.252631970221 -0.54177168442 0.74764469
v 0.342870131353 -0.489671486117 0.74764469
v 0.489671486117 -0.342872253231 0.74764469
v 0.577409252797 -0.154715962223 0.74764469
v 0.595502101574 0.0521001983023 0.74764469
v 0.541769630989 0.252631970221 0.74764469
v 0.541769630989 0.252631970221 0.74764469
v 0.661049466413 0.308254350229 0.68966675
v 0.422693290575 0.422693290575 0.74764469
v 0.515755877566 0.515755877566 0.68966675
v 0.422693290575 0.422693290575 0.74764469
v 0.252631970221 0.54177168442 0.74764469
v 0.0521001983023 0.595504223453 0.74764469
v -0.154715962223 0.577409252797 0.74764469
v -0.342872253231 0.489671486117 0.74764469
v -0.489671486117 0.342872253231 0.74764469
v -0.577409252797 0.154715962223 0.74764469
v -0.595504223453 -0.0521001983023 0.74764469
v -0.54177168442 -0.252631970221 0.74764469
v -0.422693290575 -0.422693290575 0.74764469
v 0.132209879593 -0.493413864071 0.78944505
v -0.0445220112857 -0.508875514843 0.78944505
v -0.215881305359 -0.462959976849 0.78944505
v 0.292992156053 -0.418437965563 0.78944505
v 0.418437965563 -0.292994209484 0.78944505
v 0.49341181064 -0.132209879593 0.78944505
v 0.508875514843 0.0445220112857 0.78944505
v 0.46295785497 0.215881305359 0.78944505
v 0.361201862599 0.361203984478 0.78944505
v 0.422693290575 0.422693290575 0.74764469
v 0.215881305359 0.462959976849 0.78944505
v 0.361201862599 0.361203984478 0.78944505
v 0.0445199578548 0.508875514843 0.78944505
v -0.132209879593 0.493413864071 0.78944505
v -0.292994209484 0.418437965563 0.78944505
v -0.418437965563 0.292994209484 0.78944505
v -0.493413864071 0.132209879593 0.78944505
v -0.508875514843 -0.0445199578548 0.78944505
v -0.462959976849 -0.215881305359 0.78944505
v -0.361203984478 -0.361203984478 0.78944505
v -0.160034622241 -0.343192040882 0.87114702
v -0.145146152503 -0.311265706755 0.91527515
v -0.0299347114237 -0.342137056494 0.91527515
v -0.0330041800465 -0.377228412232 0.87114702
v 0.0888882356081 -0.331740672359 0.91527515
v 0.0980053322457 -0.365766639659 0.87114702
v 0.0853286814591 -0.318457574957 0.95021477
v -0.0287343441229 -0.328436496575 0.95021477
v -0.139335353527 -0.298800901597 0.95021477
v 0.196990903992 -0.281333048762 0.91527515
v 0.21719591187 -0.310187860836 0.87114702
v 0.189103264927 -0.270066557474 0.95021477
v 0.281330995331 -0.196990903992 0.91527515
v 0.310187860836 -0.21719591187 0.87114702
v 0.270066557474 -0.189103264927 0.95021477
v 0.331740672359 -0.0888903574868 0.91527484
v 0.365766639659 -0.0980073856767 0.87114702
v 0.318455521526 -0.08533073489 0.95021477
v 0.342137056494 0.0299326579927 0.91527515
v 0.377228412232 0.0330041800465 0.87114702
v 0.328436496575 0.0287343441229 0.95021477
v 0.311265706755 0.145146152503 0.91527515
v 0.343189987451 0.160032500363 0.87114702
v 0.298800901597 0.139333231648 0.95021477
v 0.242850314872 0.242852436751 0.91527515
v 0.267759253982 0.267761307413 0.87114702
v 0.233126840067 0.233126840067 0.95021477
v 0.242850314872 0.242852436751 0.91527515
v 0.311265706755 0.145146152503 0.91527515
v 0.298800901597 0.139333231648 0.95021477
v 0.145144099072 0.311265706755 0.91527515
v 0.160032500363 0.343192040882 0.87114702
v 0.267759253982 0.267761307413 0.87114702
v 0.139333231648 0.298800901597 0.95021477
v 0.0299326579927 0.342137056494 0.91527515
v 0.0330021266155 0.377228412232 0.87114702
v 0.0287343441229 0.328436496575 0.95021477
v -0.0888903574868 0.331740672359 0.91527515
v -0.0980073856767 0.365766639659 0.87114702
v -0.08533073489 0.318457574957 0.95021477
v -0.196990903992 0.281333048762 0.91527484
v -0.21719591187 0.310187860836 0.87114702
v -0.189103264927 0.270066557474 0.95021477
v -0.281333048762 0.196990903992 0.91527484
v -0.310187860836 0.21719591187 0.87114702
v -0.270068610905 0.189103264927 0.95021477
v -0.331740672359 0.0888903574868 0.91527484
v -0.365766639659 0.0980073856767 0.87114702
v -0.318457574957 0.08533073489 0.95021477
v -0.342137056494 -0.0299326579927 0.91527484
v -0.377230465663 -0.0330021266155 0.87114702
v -0.328436496575 -0.0287343441229 0.95021477
v -0.311265706755 -0.145146152503 0.91527484
v -0.343192040882 -0.160032500363 0.87114702
v -0.298802955028 -0.139333231648 0.95021477
v -0.242852436751 -0.242850314872 0.91527484
v -0.267761307413 -0.267759253982 0.87114702
v -0.233126840067 -0.233126840067 0.95021477
v -0.139335353527 -0.298800901597 0.95021477
v -0.143914641499 -0.308624036252 0.96552096
v -0.0296792646103 -0.339233710438 0.96552065
v -0.0287343441229 -0.328436496575 0.95021477
v -0.0296792646103 -0.339233710438 0.96552065
v 0.0881344210968 -0.328926650549 0.96552096
v 0.0853286814591 -0.318457574957 0.95021477
v -0.0287343441229 -0.328436496575 0.95021477
v 0.0940283155793 -0.350923892983 0.96942738
v -0.0316646585732 -0.361920426546 0.96942738
v -0.0296792646103 -0.339233710438 0.96552065
v -0.153540509885 -0.32926519287 0.96942738
v -0.0316646585732 -0.361920426546 0.96942738
v 0.195319068939 -0.278944771642 0.96552065
v 0.189103264927 -0.270066557474 0.95021477
v 0.20838203854 -0.297600465849 0.96942738
v 0.278944771642 -0.195319068939 0.96552065
v 0.270066557474 -0.189103264927 0.95021477
v 0.297600465849 -0.20838203854 0.96942738
v 0.328924597118 -0.0881344210968 0.96552065
v 0.318455521526 -0.08533073489 0.95021477
v 0.350923892983 -0.0940303690103 0.96942738
v 0.339233710438 0.0296792646103 0.96552065
v 0.328436496575 0.0287343441229 0.95021477
v 0.361920426546 0.0316646585732 0.96942738
v 0.308624036252 0.143914641499 0.96552065
v 0.298800901597 0.139333231648 0.95021477
v 0.329263070991 0.153538456454 0.96942738
v 0.240790176022 0.240790176022 0.96552065
v 0.233126840067 0.233126840067 0.95021477
v 0.256893523973 0.256895577404 0.96942738
v 0.14391251962 0.308624036252 0.96552065
v 0.139333231648 0.298800901597 0.95021477
v 0.153538456454 0.32926519287 0.96942738
v 0.14391251962 0.308624036252 0.96552065
v 0.0296792646103 0.339233710438 0.96552065
v 0.0287343441229 0.328436496575 0.95021477
v 0.139333231648 0.298800901597 0.95021477
v 0.0316626051422 0.361920426546 0.96942738
v 0.14391251962 0.308624036252 0.96552065
v 0.153538456454 0.32926519287 0.96942738
v -0.0881364745278 0.328926650549 0.96552065
v -0.08533073489 0.318457574957 0.95021477
v -0.0940303690103 0.350923892983 0.96942738
v -0.195321190817 0.278944771642 0.96552065
v -0.189103264927 0.270066557474 0.95021477
v -0.20838203854 0.297600465849 0.96942738
v -0.27894689352 0.195319068939 0.96552065
v -0.270068610905 0.189103264927 0.95021477
v -0.297600465849 0.20838203854 0.96942738
v -0.328926650549 0.0881364745278 0.96552065
v -0.318457574957 0.08533073489 0.95021477
v -0.350923892983 0.0940303690103 0.96942738
v -0.339233710438 -0.0296792646103 0.96552065
v -0.328436496575 -0.0287343441229 0.95021477
v -0.361922548424 -0.0316626051422 0.96942738
v -0.308626089683 -0.14391251962 0.96552065
v -0.298802955028 -0.139333231648 0.95021477
v -0.32926519287 -0.153538456454 0.96942738
v -0.240792229453 -0.240790176022 0.96552096
v -0.233126840067 -0.233126840067 0.95021477
v -0.256895577404 -0.256893523973 0.96942738
v -0.153540509885 -0.32926519287 0.97847024
v -0.145931179165 -0.31294787741 0.98124403
v -0.0300967271277 -0.343987471594 0.98124403
v -0.0316646585732 -0.361920426546 0.97847024
v -0.0300967271277 -0.343987471594 0.98124403
v 0.0893701074104 -0.333535028793 0.98124403
v 0.0940283155793 -0.350923892983 0.97847024
v -0.0316646585732 -0.361920426546 0.97847024
v 0.0844127827961 -0.315032999671 0.98609375
v -0.0284269455058 -0.324906032699 0.98609375
v -0.0300967271277 -0.343987471594 0.98124403
v -0.137835869781 -0.295588103492 0.98609375
v -0.0284269455058 -0.324906032699 0.98609375
v 0.19805629243 -0.282853272161 0.98124403
v 0.20838203854 -0.297600465849 0.97847024
v 0.18707009447 -0.267163211418 0.98609375
v 0.282853272161 -0.19805629243 0.98124403
v 0.297600465849 -0.20838203854 0.97847024
v 0.267163211418 -0.18707009447 0.98609375
v 0.333535028793 -0.0893701074104 0.98124403
v 0.350923892983 -0.0940303690103 0.97847024
v 0.315032999671 -0.0844127827961 0.98609375
v 0.343987471594 0.030094605249 0.98124403
v 0.361920426546 0.0316646585732 0.97847024
v 0.32490391082 0.0284248920748 0.98609375
v 0.31294787741 0.145931179165 0.98124403
v 0.329263070991 0.153538456454 0.97847024
v 0.295588103492 0.137835869781 0.98609375
v 0.244164921383 0.244164921383 0.98124403
v 0.256893523973 0.256893523973 0.97847024
v 0.230620216875 0.230620216875 0.98609375
v 0.145929125734 0.312949999289 0.98124403
v 0.153538456454 0.32926519287 0.97847024
v 0.13783381635 0.295590156923 0.98609375
v 0.145929125734 0.312949999289 0.98124403
v 0.030094605249 0.343987471594 0.98124403
v 0.0316626051422 0.361920426546 0.97847024
v 0.153538456454 0.32926519287 0.97847024
v 0.0284248920748 0.324906032699 0.98609375
v 0.145929125734 0.312949999289 0.98124403
v 0.13783381635 0.295590156923 0.98609375
v -0.0893721608414 0.333535028793 0.98124403
v -0.0940303690103 0.350923892983 0.97847024
v -0.0844127827961 0.315032999671 0.98609375
v -0.19805629243 0.28285539404 0.98124403
v -0.20838203854 0.297600465849 0.97847024
v -0.18707009447 0.267163211418 0.98609375
v -0.28285539404 0.19805629243 0.98124403
v -0.297600465849 0.20838203854 0.97847024
v -0.267165264848 0.18707009447 0.98609375
v -0.333535028793 0.0893701074104 0.98124403
v -0.350923892983 0.0940303690103 0.97847024
v -0.315035053102 0.0844127827961 0.98609375
v -0.343987471594 -0.030094605249 0.98124403
v -0.361922548424 -0.0316626051422 0.97847024
v -0.324906032699 -0.0284248920748 0.98609375
v -0.312949999289 -0.145931179165 0.98124403
v -0.32926519287 -0.153538456454 0.97847024
v -0.295590156923 -0.137835869781 0.98609375
v -0.244164921383 -0.244164921383 0.98124403
v -0.256895577404 -0.256893523973 0.97847024
v -0.230622270306 -0.230620216875 0.98609375
v -0.032763312593 -0.374476677829 0.97588063
v 0.0972909436092 -0.363098000763 0.97588063
v 0.0986512047353 -0.36817154957 0.97394881
v -0.0332202009851 -0.379708067031 0.97394881
v -0.032763312593 -0.374476677829 0.97588063
v -0.158865330196 -0.340687471121 0.97588063
v -0.0316646585732 -0.361920426546 0.97847024
v -0.161085431319 -0.345447461018 0.97394881
v -0.032763312593 -0.374476677829 0.97588063
v -0.0332202009851 -0.379708067031 0.97394881
v 0.215609225755 -0.307924158528 0.97588063
v 0.218622635712 -0.312227260033 0.97394881
v 0.307924158528 -0.215611279186 0.97588063
v 0.312225206602 -0.218622635712 0.97394881
v 0.363095878884 -0.0972909436092 0.97588063
v 0.368169496139 -0.0986512047353 0.97394881
v 0.374474555951 0.032763312593 0.97588063
v 0.379708067031 0.0332202009851 0.97394881
v 0.340685349242 0.158865330196 0.97588063
v 0.34544533914 0.161085431319 0.97394881
v 0.265805003722 0.265807057153 0.97588063
v 0.269518291404 0.269520344835 0.97394881
v 0.158863276765 0.340687471121 0.97588063
v 0.161083377888 0.345447461018 0.97394881
v 0.158863276765 0.340687471121 0.97588063
v 0.0327611907143 0.374476677829 0.97588063
v 0.0332202009851 0.379708067031 0.97394881
v 0.161083377888 0.345447461018 0.97394881
v 0.158863276765 0.340687471121 0.97588063
v 0.153538456454 0.32926519287 0.97847024
v -0.0972929970402 0.363098000763 0.97588063
v -0.0986512047353 0.36817154957 0.97394881
v -0.215611279186 0.307924158528 0.97588063
v -0.218624689143 0.312227260033 0.97394881
v -0.307924158528 0.215611279186 0.97588063
v -0.312227260033 0.218624689143 0.97394881
v -0.363098000763 0.0972929970402 0.97588063
v -0.36817154957 0.0986512047353 0.97394881
v -0.374476677829 -0.0327611907143 0.97588063
v -0.379708067031 -0.0332202009851 0.97394881
v -0.340687471121 -0.158865330196 0.97588063
v -0.345447461018 -0.161083377888 0.97394881
v -0.265807057153 -0.265805003722 0.97588063
v -0.269520344835 -0.269520344835 0.97394881
v -0.032763312593 -0.374476677829 0.97201699
v 0.0972909436092 -0.363098000763 0.97201699
v -0.032763312593 -0.374476677829 0.97201699
v -0.158865330196 -0.340687471121 0.97201699
v -0.0332202009851 -0.379708067031 0.97394881
v -0.032763312593 -0.374476677829 0.97201699
v -0.0316646585732 -0.361920426546 0.96942738
v 0.215609225755 -0.307924158528 0.97201699
v 0.307924158528 -0.215611279186 0.97201699
v 0.363098000763 -0.0972909436092 0.97201699
v 0.374474555951 0.032763312593 0.97201699
v 0.340685349242 0.158865330196 0.97201699
v 0.265805003722 0.265807057153 0.97201699
v 0.158863276765 0.340687471121 0.97201699
v 0.158863276765 0.340687471121 0.97201699
v 0.0327611907143 0.374476677829 0.97201699
v 0.153538456454 0.32926519287 0.96942738
v 0.158863276765 0.340687471121 0.97201699
v 0.161083377888 0.345447461018 0.97394881
v -0.0972929970402 0.363098000763 0.97201699
v -0.215611279186 0.307924158528 0.97201699
v -0.307924158528 0.215611279186 0.97201699
v -0.363098000763 0.0972929970402 0.97201699
v -0.374476677829 -0.0327611907143 0.97201699
v -0.340687471121 -0.158865330196 0.97201699
v -0.265807057153 -0.265805003722 0.97201699
v -0.135310491919 -0.290171837055 0.99507564
v -0.0279057162764 -0.318949782362 0.99507564
v -0.0284269455058 -0.324906032699 0.98609375
v -0.0279057162764 -0.318949782362 0.99507564
v 0.0828655910035 -0.309259573139 0.99507564
v 0.183641343874 -0.262266189226 0.99507564
v 0.262266189226 -0.183641343874 0.99507564
v 0.30925745126 -0.0828655910035 0.99507564
v 0.318949782362 0.0279057162764 0.99507564
v 0.290169783624 0.135308438488 0.99507564
v 0.226391860257 0.226393913688 0.99507564
v 0.135308438488 0.290171837055 0.99507564
v 0.135308438488 0.290171837055 0.99507564
v 0.0279035943977 0.318949782362 0.99507564
v 0.13783381635 0.295590156923 0.98609375
v -0.0828655910035 0.309259573139 0.99507564
v -0.183641343874 0.262266189226 0.99507564
v -0.262268242657 0.183641343874 0.99507564
v -0.309259573139 0.0828655910035 0.99507564
v -0.318951904241 -0.0279035943977 0.99507564
v -0.290171837055 -0.135308438488 0.99507564
v -0.226393913688 -0.226393913688 0.99507564
v 0.189923610602 -0.708805015456 0.00836778
v -0.0639565034141 -0.73101615695 0.00836778
v -0.31012139812 -0.665057626782 0.00836778
v -0.518883458285 -0.518881404854 0.00836778
v -0.665057626782 -0.310119344689 0.00836778
v -0.731018278829 -0.0639544499831 0.00836747
v -0.708807068887 0.189925664033 0.00836747
v -0.601103176799 0.420896880709 0.00836747
v -0.420896880709 0.601103176799 0.00836778
v -0.189923610602 0.708807068887 0.00836778
v 0.0639544499831 0.731018278829 0.00836778
v 0.31012139812 0.665057626782 0.00836778
v 0.518881404854 0.518881404854 0.00836778
v 0.665057626782 0.31012139812 0.00836778
v 0.73101615695 0.0639565034141 0.00836778
v 0.708805015456 -0.189923610602 0.00836778
v 0.601101123368 -0.420894758831 0.00836778
v 0.420894758831 -0.601101123368 0.00836778
v -0.133865081855 -0.287075400039 0.99460687
v -0.0276066682786 -0.315545946729 0.99460687
v -0.0279057162764 -0.318949782362 0.99507564
v 0.0819809044913 -0.305959504218 0.99460687
v 0.0828655910035 -0.309259573139 0.99507564
v 0.181680864874 -0.25946873176 0.99460687
v 0.183641343874 -0.262266189226 0.99507564
v 0.259466678329 -0.181680864874 0.99460687
v 0.262266189226 -0.183641343874 0.99507564
v 0.305957450787 -0.0819809044913 0.99460687
v 0.30925745126 -0.0828655910035 0.99507564
v 0.315545946729 0.0276066682786 0.99460687
v 0.318949782362 0.0279057162764 0.99507564
v 0.28707327816 0.133865081855 0.99460687
v 0.290169783624 0.135308438488 0.99507564
v 0.223976546295 0.223978668174 0.99460687
v 0.226391860257 0.226393913688 0.99507564
v 0.133865081855 0.287075400039 0.99460687
v 0.135308438488 0.290171837055 0.99507564
v 0.0276066682786 0.315545946729 0.99460687
v -0.0819829579223 0.305959504218 0.99460687
v -0.181682918305 0.25946873176 0.99460687
v -0.25946873176 0.181680864874 0.99460687
v -0.305959504218 0.0819809044913 0.99460687
v -0.31554800016 -0.0276066682786 0.99460687
v -0.287075400039 -0.133865081855 0.99460687
v -0.223978668174 -0.223976546295 0.99460687
v -0.394181127683 -0.845324225295 0.3479265
v -0.0812914308173 -0.929161773627 0.3479265
v 0.241402851377 -0.90093004096 0.3479265
v -0.659527189583 -0.659525136152 0.3479265
v -0.845324225295 -0.394179074252 0.34792681
v -0.929163827058 -0.0812893089386 0.3479265
v -0.90093004096 0.241404904808 0.3479265
v -0.764032794478 0.534982699375 0.3479265
v -0.534982699375 0.764032794478 0.3479265
v -0.234806957292 0.876307692366 0.32478412
v -0.241404904808 0.90093004096 0.34792681
v 0.0812914308173 0.929163827058 0.34792681
v -0.241404904808 0.90093004096 0.34792681
v 0.394181127683 0.845324225295 0.34792681
v 0.659525136152 0.659527189583 0.3479265
v 0.845322171864 0.394181127683 0.3479265
v 0.929161773627 0.0812914308173 0.3479265
v 0.90093004096 -0.241402851377 0.3479265
v 0.764032794478 -0.534980577496 0.3479265
v 0.534980577496 -0.764032794478 0.3479265
v -0.0728970734355 -0.83320206932 0.59789518
v -0.353472132377 -0.758020553924 0.59789518
v -0.330118735679 -0.707939015166 0.64880424
v -0.0680810248723 -0.778152870345 0.64880424
v -0.37447873126 -0.803072145058 0.52964828
v -0.0772291967654 -0.882720831095 0.52964828
v 0.216471119183 -0.807884018312 0.59789518
v 0.229336754067 -0.855899189478 0.52964828
v 0.202170409838 -0.754508707821 0.64880424
v 0.479729936943 -0.685125602367 0.59789518
v 0.508239977956 -0.725842948293 0.52964828
v 0.448034134667 -0.639860043725 0.64880424
v 0.685125602367 -0.479729936943 0.59789518
v 0.725842948293 -0.508242031387 0.52964828
v 0.639860043725 -0.448034134667 0.64880424
v 0.807884018312 -0.216471119183 0.59789518
v 0.855897136047 -0.229336754067 0.52964828
v 0.754508707821 -0.202170409838 0.64880424
v 0.833200015889 0.0728970734355 0.59789518
v 0.882718709216 0.0772291967654 0.52964828
v 0.778152870345 0.0680810248723 0.64880424
v 0.833200015889 0.0728970734355 0.59789518
v 0.833200015889 0.0728970734355 0.59789518
v 0.758020553924 0.353472132377 0.59789518
v 0.803072145058 0.37447873126 0.52964828
v 0.882718709216 0.0772291967654 0.52964828
v 0.707939015166 0.330118735679 0.64880424
v 0.778152870345 0.0680810248723 0.64880424
v 0.591412967576 0.591412967576 0.59789518
v 0.62656038198 0.626562435411 0.52964828
v 0.552338366431 0.552338366431 0.64880424
v 0.353470010498 0.758022607355 0.59789518
v 0.37447873126 0.803072145058 0.52964828
v 0.3301166138 0.707941068597 0.64880424
v 0.0728949515568 0.83320206932 0.59789518
v 0.0772271433344 0.882720831095 0.52964828
v 0.0680789029936 0.778152870345 0.64880424
v -0.216473172614 0.80788614019 0.59789518
v -0.229338807498 0.855899189478 0.52964828
v -0.202170409838 0.754508707821 0.64880424
v -0.479729936943 0.685127655798 0.59789518
v -0.508242031387 0.725845001724 0.52964828
v -0.448036188098 0.639860043725 0.64880424
v -0.685125602367 0.479732058822 0.59789518
v -0.725845001724 0.508242031387 0.52964828
v -0.639860043725 0.448036188098 0.64880424
v -0.80788614019 0.216473172614 0.59789518
v -0.855899189478 0.229338807498 0.52964828
v -0.754508707821 0.202170409838 0.64880424
v -0.83320206932 -0.0728949515568 0.59789518
v -0.882720831095 -0.0772271433344 0.52964828
v -0.778152870345 -0.0680789029936 0.64880424
v -0.758022607355 -0.353470010498 0.59789518
v -0.803072145058 -0.37447873126 0.52964828
v -0.707941068597 -0.3301166138 0.64880424
v -0.591415021007 -0.591412967576 0.59789518
v -0.626562435411 -0.62656038198 0.52964828
v -0.552340419862 -0.552338366431 0.64880424
v 0.871279798174 -0.233459153647 0.45858513
v 0.855897136047 -0.229336754067 0.52964828
v -0.0380154414478 -0.434499765761 0.82987551
v 0.112885451365 -0.421297641988 0.82987551
v -0.184330817548 -0.395296414494 0.82987551
v 0.250171001644 -0.357280904599 0.82987551
v 0.357280904599 -0.250171001644 0.82987551
v 0.421297641988 -0.112885451365 0.82987551
v 0.434499765761 0.0380133880168 0.82987551
v 0.395294292615 0.184328764117 0.82987551
v 0.308412190623 0.308412190623 0.82987551
v 0.361201862599 0.361203984478 0.78944505
v 0.267759253982 0.267761307413 0.87114702
v 0.308412190623 0.308412190623 0.82987551
v 0.308412190623 0.308412190623 0.82987551
v 0.184328764117 0.395296414494 0.82987551
v 0.0380133880168 0.434501819192 0.82987551
v -0.112887504796 0.421299763867 0.82987551
v -0.250171001644 0.357283026477 0.82987551
v -0.357283026477 0.250171001644 0.82987551
v -0.421299763867 0.112887504796 0.82987551
v -0.434501819192 -0.0380133880168 0.82987551
v -0.395296414494 -0.184328764117 0.82987551
v -0.308412190623 -0.308412190623 0.82987551
v -0.145875120499 -0.312829531338 1
v -0.0300842011987 -0.343854546163 1
v -0.0276066682786 -0.315545946729 0.99460687
v -0.133865081855 -0.287075400039 0.99460687
v 0.0893347883977 -0.333406278671 1
v 0.0819809044913 -0.305959504218 0.99460687
v 0.197979425663 -0.282745261692 1
v 0.181680864874 -0.25946873176 0.99460687
v 0.282745261692 -0.197979425663 1
v 0.259466678329 -0.181680864874 0.99460687
v 0.333406278671 -0.0893368418286 1
v 0.305957450787 -0.0819809044913 0.99460687
v 0.343854546163 0.0300842011987 1
v 0.315545946729 0.0276066682786 0.99460687
v 0.312827477907 0.145875120499 1
v 0.28707327816 0.133865081855 0.99460687
v 0.244069436842 0.244071490273 1
v 0.223976546295 0.223978668174 0.99460687
v 0.14587299862 0.312829531338 1
v 0.133865081855 0.287075400039 0.99460687
v 0.0300821477678 0.343854546163 1
v 0.0276066682786 0.315545946729 0.99460687
v -0.0893368418286 0.333408332102 1
v -0.0819829579223 0.305959504218 0.99460687
v -0.197981547542 0.282745261692 1
v -0.181682918305 0.25946873176 0.99460687
v -0.282745261692 0.197981547542 1
v -0.25946873176 0.181680864874 0.99460687
v -0.333408332102 0.0893368418286 1
v -0.305959504218 0.0819809044913 0.99460687
v -0.343856599594 -0.0300821477678 1
v -0.31554800016 -0.0276066682786 0.99460687
v -0.312829531338 -0.145875120499 1
v -0.287075400039 -0.133865081855 0.99460687
v -0.244071490273 -0.244071490273 1
v -0.223978668174 -0.223976546295 0.99460687
vn 0.00135949777443 -0.00508715607483 -0.999986136208
vn -0.000453166611858 -0.00524795692075 -0.999986126698
vn 0 0 -1
vn -0.00222197524689 -0.00478017138462 -0.999986106297
vn -0.00372765643045 -0.00372765643045 -0.999986104481
vn -0.00478017138462 -0.00222197524689 -0.999986106297
vn -0.00524795692075 -0.000453166611858 -0.999986126698
vn -0.00508715607483 0.00135949777443 -0.999986136208
vn -0.00431238786429 0.00302597982922 -0.999986123282
vn -0.00302597982922 0.00431238786429 -0.999986123282
vn -0.00135949777443 0.00508715607483 -0.999986136208
vn 0.000453166611858 0.00524795692075 -0.999986126698
vn 0.00222197524689 0.00478017138462 -0.999986106297
vn 0.00372765643045 0.00372765643045 -0.999986104481
vn 0.00478017138462 0.00222197524689 -0.999986106297
vn 0.00524795692075 0.000453166611858 -0.999986126698
vn 0.00508715607483 -0.00135949777443 -0.999986136208
vn 0.00431238786429 -0.00302597982922 -0.999986123282
vn 0.00302597982922 -0.00431238786429 -0.999986123282
vn 0 0 1
vn 0.000438548237986 0.0049994525443 0.999987406496
vn -0.00130102707584 0.00483865139099 0.999987447312
vn 0.00211965078505 0.00454628501316 0.999987419107
vn 0.00353762403093 0.00353762403093 0.999987485138
vn 0.00454628501316 0.00211965078505 0.999987419107
vn 0.0049994525443 0.000438548237986 0.999987406496
vn 0.00483865139099 -0.00130102707584 0.999987447312
vn 0.0041077375112 -0.00287980213289 0.999987416537
vn 0.00287980213289 -0.0041077375112 0.999987416537
vn 0.00130102707584 -0.00483865139099 0.999987447312
vn -0.000438548237986 -0.0049994525443 0.999987406496
vn -0.00211965078505 -0.00454628501316 0.999987419107
vn -0.00353762403093 -0.00353762403093 0.999987485138
vn -0.00454628501316 -0.00211965078505 0.999987419107
vn -0.0049994525443 -0.000438548237986 0.999987406496
vn -0.00483865139099 0.00130102707584 0.999987447312
vn -0.0041077375112 0.00287980213289 0.999987416537
vn -0.00287980213289 0.0041077375112 0.999987416537
vn 0.11867364549 -0.441473555398 0.889391739196
vn 0.20066069297 -0.748555696816 0.631980739471
vn -0.0675107523495 -0.772042031282 0.631975790874
vn -0.0398273591081 -0.455400649306 0.889395317099
vn 0.2355623521 -0.878527250405 0.415572194172
vn -0.0792864417535 -0.905870339639 0.416068008763
vn -0.384214097941 -0.823914644066 0.416586349077
vn -0.327566804393 -0.702352547012 0.631981715214
vn -0.193193599018 -0.414332543425 0.889384493207
vn 0.262204999586 -0.374463154139 0.889396359552
vn 0.444547581434 -0.634822682434 0.631963297755
vn 0.198879934313 -0.743280815536 0.638733434998
vn 0.123671194965 -0.462330095149 0.878041182779
vn 0.202158715056 -0.755045876523 0.623728769797
vn 0.52158025382 -0.744867280445 0.416085055423
vn 0.235285170813 -0.8786046157 0.415565659873
vn 0.374463154139 -0.262204999586 0.889396359552
vn 0.634844703077 -0.444484952963 0.631985228913
vn 0.744867280445 -0.52158025382 0.416085055423
vn 0.441567477621 -0.118340656251 0.889389482614
vn 0.748567423014 -0.200585782488 0.631990630521
vn 0.878357889135 -0.235310236748 0.416072723301
vn 0.455400649306 0.0398273591081 0.889395317099
vn 0.772042031282 0.0675107523495 0.631975790874
vn 0.905870339639 0.0792864417535 0.416068008763
vn 0.420149327645 0.196114614589 0.886009932463
vn 0.700162590251 0.326659541722 0.634874704973
vn 0.824284344954 0.384520168021 0.415571364568
vn 0.338262426375 0.338559713917 0.878040916481
vn 0.543867626994 0.544255163466 0.638744331754
vn 0.708467814972 0.330193376907 0.623735271566
vn 0.549128852884 0.549128852884 0.6300119093
vn 0.642820840885 0.642820840885 0.416608608946
vn 0.824429418713 0.384229327289 0.415552593076
vn 0.193193599018 0.414332543425 0.889384493207
vn 0.327566804393 0.702352547012 0.631981715214
vn 0.32337012444 0.32313249258 0.889391451982
vn 0.38431388255 0.824128636656 0.416070703033
vn 0.0398273591081 0.455400649306 0.889395317099
vn 0.0675107523495 0.772042031282 0.631975790874
vn 0.0792864417535 0.905870339639 0.416068008763
vn -0.11867364549 0.441473555398 0.889391739196
vn -0.20066069297 0.748555696816 0.631980739471
vn -0.2355623521 0.878527250405 0.415572194172
vn -0.262204999586 0.374463154139 0.889396359552
vn -0.444484952963 0.634844703077 0.631985228913
vn -0.198879934313 0.743280815536 0.638733434998
vn -0.123671194965 0.462330095149 0.878041182779
vn -0.202158715056 0.755045876523 0.623728769797
vn -0.52158025382 0.744867280445 0.416085055423
vn -0.235285170813 0.8786046157 0.415565659873
vn -0.374463154139 0.262204999586 0.889396359552
vn -0.634844703077 0.444484952963 0.631985228913
vn -0.744867280445 0.52158025382 0.416085055423
vn -0.441567477621 0.118340656251 0.889389482614
vn -0.748567423014 0.200585782488 0.631990630521
vn -0.878357889135 0.235310236748 0.416072723301
vn -0.455400649306 -0.0398273591081 0.889395317099
vn -0.772042031282 -0.0675107523495 0.631975790874
vn -0.905870339639 -0.0792864417535 0.416068008763
vn -0.414187786056 -0.193525261435 0.889379812605
vn -0.702334601071 -0.327636478738 0.631965541733
vn -0.824284344954 -0.384520168021 0.415571364568
vn -0.323270113389 -0.323270113389 0.889377798002
vn -0.547987146209 -0.547987146209 0.631996974027
vn -0.697469830581 -0.324902048853 0.638728811062
vn -0.433840117195 -0.202055734856 0.878041133845
vn -0.708467814972 -0.330193376907 0.623735271566
vn -0.642987802283 -0.642987802283 0.416092985078
vn -0.824429418713 -0.384229327289 0.415552593076
vn -0.0316120088602 -0.356660100898 0.933699230654
vn 0.0926674985189 -0.345769677273 0.933732330487
vn 0.248684787648 -0.928096224608 -0.277115994234
vn -0.0827054577335 -0.957267570917 -0.277125612192
vn -0.406032479393 -0.870825235898 -0.27712999513
vn -0.151279206435 -0.324432411053 0.933733480367
vn -0.0334434922262 -0.382909652043 0.923180226825
vn -0.0855744583137 -0.979483332102 -0.182453868741
vn -0.027488728364 -0.336536392699 0.94126915715
vn -0.136913993 -0.293623628571 0.946065390586
vn -0.0266943322178 -0.323862963116 0.945727335837
vn 0.0838483381146 -0.312855374176 0.94609247489
vn -0.0299428295413 -0.323580307005 0.945726816728
vn 0.205330603352 -0.293247347082 0.933726585654
vn 0.551144038182 -0.787046387133 -0.277124942359
vn 0.185797183209 -0.265313869403 0.946090882217
vn 0.293247347082 -0.205330603352 0.933726585654
vn 0.787046387133 -0.551144038182 -0.277124942359
vn 0.265313869403 -0.185797183209 0.946090882217
vn 0.345769677273 -0.0926674985189 0.933732330487
vn 0.928096224608 -0.248684787648 -0.277115994234
vn 0.312855374176 -0.0838483381146 0.94609247489
vn 0.356610931204 0.0311828675185 0.933732441612
vn 0.957175239189 0.0837636511947 -0.277126707883
vn 0.322678695653 0.0282427488192 0.946087103025
vn 0.324432411053 0.151279206435 0.933733480367
vn 0.870825235898 0.406032479393 -0.27712999513
vn 0.293556676441 0.136882774674 0.94609068472
vn 0.253138420462 0.253138420462 0.93372473469
vn 0.679413786641 0.679413786641 -0.277116966357
vn 0.229040915268 0.229040915268 0.94608695069
vn 0.151279206435 0.324432411053 0.933733480367
vn 0.406032479393 0.870825235898 -0.27712999513
vn 0.136882774674 0.293556676441 0.94609068472
vn 0.0334434922262 0.382909652043 0.923180226825
vn 0.0855744583137 0.979483332102 -0.182453868741
vn 0.0266943322178 0.323862963116 0.945727335837
vn 0.027488728364 0.336536392699 0.94126915715
vn 0.0316120088602 0.356660100898 0.933699230654
vn -0.0926674985189 0.345769677273 0.933732330487
vn -0.248684787648 0.928096224608 -0.277115994234
vn 0.0827054577335 0.957267570917 -0.277125612192
vn -0.0838133721854 0.312856297551 0.946095267785
vn 0.0299428295413 0.323580307005 0.945726816728
vn -0.205330603352 0.293247347082 0.933726585654
vn -0.551144038182 0.787046387133 -0.277124942359
vn -0.185797183209 0.265313869403 0.946090882217
vn -0.293247347082 0.205330603352 0.933726585654
vn -0.787046387133 0.551144038182 -0.277124942359
vn -0.265313869403 0.185797183209 0.946090882217
vn -0.345769677273 0.0926674985189 0.933732330487
vn -0.928096224608 0.248684787648 -0.277115994234
vn -0.312856297551 0.0838133721854 0.946095267785
vn -0.356610931204 -0.0311828675185 0.933732441612
vn -0.957175239189 -0.0837636511947 -0.277126707883
vn -0.322752297101 -0.0282491920663 0.946061804463
vn -0.324432411053 -0.151279206435 0.933733480367
vn -0.870825235898 -0.406032479393 -0.27712999513
vn -0.293556676441 -0.136882774674 0.94609068472
vn -0.253138420462 -0.253138420462 0.93372473469
vn -0.679413786641 -0.679413786641 -0.277116966357
vn -0.229040915268 -0.229040915268 0.94608695069
vn -0.0460980054966 -0.526624918013 0.84884696478
vn 0.140034731275 -0.520444907406 0.842334477741
vn -0.223378269392 -0.479117609934 0.848851261774
vn -0.373786238142 -0.373786238142 0.848862589794
vn -0.451451137336 -0.209242878705 0.86741529172
vn -0.398982014917 -0.184671413927 0.898170262618
vn -0.526624918013 -0.0460980054966 0.84884696478
vn -0.478582697459 -0.224467991949 0.848865550181
vn -0.510611703754 0.136829168792 0.848854208069
vn -0.433023393791 0.30319782084 0.848859129578
vn -0.30319782084 0.433023393791 0.848859129578
vn -0.127651450657 0.480926589575 0.867418424167
vn -0.112591710119 0.424994702431 0.898166248374
vn 0.0460980054966 0.526624918013 0.84884696478
vn -0.137970742022 0.510290844052 0.84886237331
vn 0.223378269392 0.479117609934 0.848851261774
vn 0.374437653019 0.37313450559 0.84886222954
vn 0.351010307435 0.352704771107 0.867404812364
vn 0.451451137336 0.209242878705 0.86741529172
vn 0.310015944389 0.311759408899 0.898162671896
vn 0.398982014917 0.184671413927 0.898170262618
vn 0.526624918013 0.0460980054966 0.84884696478
vn 0.488211279059 0.228322112659 0.842329365433
vn 0.510611703754 -0.136829168792 0.848854208069
vn 0.433023393791 -0.30319782084 0.848859129578
vn 0.296959384738 -0.424083133188 0.855551646578
vn 0.127651450657 -0.480926589575 0.867418424167
vn 0.112591710119 -0.424994702431 0.898166248374
vn -0.0870083221087 -0.99391039003 0.0676142623555
vn 0.258215533049 -0.96371863198 0.0676101831618
vn -0.421639275014 -0.904239637956 0.067609162952
vn -0.356183149478 -0.763830020242 -0.53823532419
vn -0.0734712040575 -0.839586225344 -0.538235034522
vn 0.218069834437 -0.813805823992 -0.538670240634
vn -0.704782985247 -0.704683303786 0.0818680955593
vn -0.596171709655 -0.59608703885 -0.537828536545
vn -0.508202979971 -0.236893712865 0.828016364544
vn -0.900945465645 -0.4200501611 0.108881266036
vn -0.706880120812 -0.706880120812 0.0253177724262
vn -0.904968208066 -0.42212542622 0.0533166665147
vn -0.763830020242 -0.356183149478 -0.53823532419
vn -0.59608703885 -0.596171709655 -0.537828536545
vn -0.99391039003 -0.0870083221087 0.0676142623555
vn -0.839586225344 -0.0734712040575 -0.538235034522
vn -0.96371863198 0.258215533049 0.0676101831618
vn -0.814059717571 0.218137872251 -0.538258901383
vn -0.817296208914 0.572237062083 0.0676139902261
vn -0.690368630315 0.483410408192 -0.538243004162
vn -0.572237062083 0.817296208914 0.0676139902261
vn -0.483410408192 0.690368630315 -0.538243004162
vn -0.145007610012 0.541598845675 0.82803591915
vn -0.257293974106 0.960179756165 0.108879046371
vn -0.2587247671 0.965619219773 0.0253183193476
vn -0.218110215297 0.814357147318 -0.537820016916
vn 0.0870083221087 0.99391039003 0.0676142623555
vn -0.25851971694 0.9636369879 0.0676114746433
vn 0.0734712040575 0.839586225344 -0.538235034522
vn -0.21828653832 0.814298541209 -0.537837217914
vn 0.421639275014 0.904239637956 0.067609162952
vn 0.356183149478 0.763830020242 -0.53823532419
vn 0.705837765939 0.705139313646 0.0676135824096
vn 0.596171709655 0.59608703885 -0.537828536545
vn 0.904239637956 0.421639275014 0.067609162952
vn 0.702902831856 0.702902831856 0.108881669435
vn 0.39641306649 0.396527785582 0.828023185652
vn 0.706880120812 0.706880120812 0.0253177724262
vn 0.763830020242 0.356183149478 -0.53823532419
vn 0.59608703885 0.596171709655 -0.537828536545
vn 0.99391039003 0.0870083221087 0.0676142623555
vn 0.839586225344 0.0734712040575 -0.538235034522
vn 0.96371863198 -0.258215533049 0.0676101831618
vn 0.814059717571 -0.218137872251 -0.538258901383
vn 0.817296208914 -0.572237062083 0.0676139902261
vn 0.690368630315 -0.483410408192 -0.538243004162
vn 0.571895720415 -0.817535506498 0.0676090274012
vn 0.483467994168 -0.690656472046 -0.537821844328
vn 0.570186277561 -0.814267757526 0.108883552177
vn 0.32167640406 -0.459226337554 0.828031075484
vn 0.573432821405 -0.818861273656 0.0253182511799
vn 0.483626014746 -0.690555634494 -0.537809253853
vn -0.0625466201888 -0.714828899884 -0.696496636168
vn 0.185747926049 -0.693130369224 -0.696468232748
vn 0.164163270007 -0.612712998171 -0.773067398519
vn -0.0552793980365 -0.631911817897 -0.773066389487
vn -0.268085295144 -0.574891874919 -0.773065072733
vn -0.303241125347 -0.650330460917 -0.696502054198
vn -0.405209578579 -0.869060331576 0.283794533967
vn -0.0835938948139 -0.955235352081 0.283791266399
vn 0.248202882067 -0.926201781178 0.28380554941
vn -0.448543701492 -0.448543701492 -0.773056980891
vn -0.507397181478 -0.507397181478 -0.696488478337
vn -0.678029201694 -0.678029201694 0.283818257517
vn -0.574891874919 -0.268085295144 -0.773065072733
vn -0.650330460917 -0.303241125347 -0.696502054198
vn -0.869060331576 -0.405209578579 0.283794533967
vn -0.631911817897 -0.0552793980365 -0.773066389487
vn -0.714828899884 -0.0625466201888 -0.696496636168
vn -0.955235352081 -0.0835938948139 0.283791266399
vn -0.612712998171 0.164163270007 -0.773067398519
vn -0.693130369224 0.185747926049 -0.696468232748
vn -0.926201781178 0.248202882067 0.28380554941
vn -0.519613668286 0.363826207813 -0.773066702322
vn -0.587779417224 0.411590542634 -0.696497366759
vn -0.785492772362 0.549960119797 0.283804459443
vn -0.364062281237 0.520512931578 -0.772350272506
vn -0.41451109808 0.591960658391 -0.691204114922
vn -0.403586746081 0.575638786937 -0.711166454047
vn -0.549960119797 0.785492772362 0.283804459443
vn -0.361909008079 0.516061369805 -0.776339186481
vn -0.162736317108 0.608932265544 -0.776349397548
vn -0.181504744275 0.679185918579 -0.71116982206
vn -0.189872050044 0.709186565313 -0.678972031966
vn -0.254132783127 0.948919628773 0.186997504448
vn -0.185677951356 0.693139690011 -0.696477615227
vn -0.164615065078 0.612587103487 -0.773071096983
vn 0.0552793980365 0.631911817897 -0.773066389487
vn 0.0625466201888 0.714828899884 -0.696496636168
vn 0.0835938948139 0.955235352081 0.283791266399
vn -0.247145814361 0.926484851908 0.283804097273
vn 0.268085295144 0.574891874919 -0.773065072733
vn 0.303241125347 0.650330460917 -0.696502054198
vn 0.405209578579 0.869060331576 0.283794533967
vn 0.448543701492 0.448543701492 -0.773056980891
vn 0.507397181478 0.507397181478 -0.696488478337
vn 0.678029201694 0.678029201694 0.283818257517
vn 0.574891874919 0.268085295144 -0.773065072733
vn 0.650330460917 0.303241125347 -0.696502054198
vn 0.869060331576 0.405209578579 0.283794533967
vn 0.631911817897 0.0552793980365 -0.773066389487
vn 0.714828899884 0.0625466201888 -0.696496636168
vn 0.955235352081 0.0835938948139 0.283791266399
vn 0.612712998171 -0.164163270007 -0.773067398519
vn 0.693130369224 -0.185747926049 -0.696468232748
vn 0.926201781178 -0.248202882067 0.28380554941
vn 0.519613668286 -0.363826207813 -0.773066702322
vn 0.587779417224 -0.411590542634 -0.696497366759
vn 0.785492772362 -0.549960119797 0.283804459443
vn 0.363826207813 -0.519613668286 -0.773066702322
vn 0.411590542634 -0.587779417224 -0.696497366759
vn 0.549960119797 -0.785492772362 0.283804459443
vn -0.0485460312108 -0.554575708276 0.830715996381
vn 0.144096262969 -0.53775427308 0.830696460076
vn -0.235264962403 -0.504546192789 0.83071266802
vn -0.241445115047 -0.517799364882 0.820724115734
vn -0.049796222731 -0.569124691069 0.820741994915
vn 0.147869664399 -0.551840477699 0.820735432112
vn -0.393660009009 -0.393660009009 0.830700664869
vn -0.403972525867 -0.403972525867 0.820738933333
vn -0.504546192789 -0.235264962403 0.83071266802
vn -0.517799364882 -0.241445115047 0.820724115734
vn -0.554575708276 -0.0485460312108 0.830715996381
vn -0.569124691069 -0.049796222731 0.820741994915
vn -0.53775427308 0.144096262969 0.830696460076
vn -0.551840477699 0.147869664399 0.820735432112
vn -0.456050550963 0.31930375989 0.830700309309
vn -0.468008487689 0.327670154538 0.82073157931
vn -0.31930375989 0.456050550963 0.830700309309
vn -0.327670154538 0.468008487689 0.82073157931
vn -0.239943318286 0.897252192058 0.370628800632
vn -0.146234340476 0.54707620847 0.824210616161
vn -0.141455784945 0.530501375999 0.835798152049
vn -0.144625217788 0.542330209858 0.827624002706
vn 0.0485460312108 0.554575708276 0.830715996381
vn -0.144439857308 0.537646748461 0.830706387053
vn 0.049796222731 0.569124691069 0.820741994915
vn -0.148569117784 0.551661371201 0.820729522294
vn 0.235264962403 0.504546192789 0.83071266802
vn 0.241445115047 0.517799364882 0.820724115734
vn 0.393660009009 0.393660009009 0.830700664869
vn 0.403972525867 0.403972525867 0.820738933333
vn 0.504546192789 0.235264962403 0.83071266802
vn 0.517799364882 0.241445115047 0.820724115734
vn 0.554575708276 0.0485460312108 0.830715996381
vn 0.569124691069 0.049796222731 0.820741994915
vn 0.53775427308 -0.144096262969 0.830696460076
vn 0.551840477699 -0.147869664399 0.820735432112
vn 0.456050550963 -0.31930375989 0.830700309309
vn 0.468008487689 -0.327670154538 0.82073157931
vn 0.31930375989 -0.456050550963 0.830700309309
vn 0.327670154538 -0.468008487689 0.82073157931
vn -0.0741635884419 -0.84775479221 0.525177659878
vn 0.220276541551 -0.821978411087 0.525194951374
vn -0.359644957205 -0.771241488795 0.525206693329
vn -0.380070842526 -0.814952657708 -0.437490937457
vn -0.0783391115355 -0.895806418502 -0.437485821683
vn 0.232762849348 -0.868578657664 -0.437484367051
vn -0.601725933602 -0.601725933602 0.525215957166
vn -0.635842500201 -0.635842500201 -0.43750271985
vn -0.771241488795 -0.359644957205 0.525206693329
vn -0.814952657708 -0.380070842526 -0.437490937457
vn -0.84775479221 -0.0741635884419 0.525177659878
vn -0.895806418502 -0.0783391115355 -0.437485821683
vn -0.821978411087 0.220276541551 0.525194951374
vn -0.868578657664 0.232762849348 -0.437484367051
vn -0.697056036879 0.488144289384 0.525193330301
vn -0.736616156384 0.515748505042 -0.437492991602
vn -0.488144289384 0.697056036879 0.525193330301
vn -0.520360819123 0.743697500821 -0.419688747996
vn -0.150247890865 0.561871309085 0.813465551402
vn -0.21430374671 0.801056070523 0.558912404608
vn -0.225604491669 0.842145975997 0.489788493588
vn -0.239333336774 0.893054211689 -0.381016704219
vn 0.0741635884419 0.84775479221 0.525177659878
vn -0.220630686058 0.821620815265 0.525605685179
vn 0.0783391115355 0.895806418502 -0.437485821683
vn -0.230402263372 0.859502156755 -0.456257426861
vn 0.359644957205 0.771241488795 0.525206693329
vn 0.380070842526 0.814952657708 -0.437490937457
vn 0.601725933602 0.601725933602 0.525215957166
vn 0.635842500201 0.635842500201 -0.43750271985
vn 0.771241488795 0.359644957205 0.525206693329
vn 0.814952657708 0.380070842526 -0.437490937457
vn 0.84775479221 0.0741635884419 0.525177659878
vn 0.895806418502 0.0783391115355 -0.437485821683
vn 0.821978411087 -0.220276541551 0.525194951374
vn 0.868578657664 -0.232762849348 -0.437484367051
vn 0.697056036879 -0.488144289384 0.525193330301
vn 0.736616156384 -0.515748505042 -0.437492991602
vn 0.488144289384 -0.697056036879 0.525193330301
vn 0.515748505042 -0.736616156384 -0.437492991602
vn -0.0404589970163 -0.462195877296 -0.88585441274
vn 0.120077829471 -0.448136422653 -0.885864019792
vn -0.19608229523 -0.420485981968 -0.885857365757
vn -0.105261111227 -0.225702736595 -0.968492835883
vn -0.0217150806891 -0.248147787008 -0.968478771617
vn 0.0644454291741 -0.240567622499 -0.968490581092
vn -0.328058607859 -0.328058607859 -0.885864041272
vn -0.176094268647 -0.176094268647 -0.968494510619
vn -0.420485981968 -0.19608229523 -0.885857365757
vn -0.225702736595 -0.105261111227 -0.968492835883
vn -0.462195877296 -0.0404589970163 -0.88585441274
vn -0.248100672058 -0.0217109558956 -0.968490934867
vn -0.448136422653 0.120077829471 -0.885864019792
vn -0.240567622499 0.0644454291741 -0.968490581092
vn -0.380030471685 0.266117661254 -0.885865808664
vn -0.203992320756 0.142840453578 -0.968495605511
vn -0.262799031707 0.375454411802 -0.888802932934
vn -0.142840453578 0.203992320756 -0.968495605511
vn -0.121920585758 0.452993848021 -0.883137556909
vn -0.275642998284 0.393115512232 -0.877200736172
vn -0.500212580387 0.713764876272 -0.490231655264
vn -0.11489006006 0.433007666766 -0.894038385429
vn -0.0636906898085 0.241032862902 -0.968424831896
vn 0.0404589970163 0.462195877296 -0.88585441274
vn 0.0217109558956 0.248100672058 -0.968490934867
vn -0.0653533908992 0.24057500764 -0.96842790129
vn 0.19608229523 0.420485981968 -0.885857365757
vn 0.105261111227 0.225702736595 -0.968492835883
vn 0.328058607859 0.328058607859 -0.885864041272
vn 0.176094268647 0.176094268647 -0.968494510619
vn 0.420485981968 0.19608229523 -0.885857365757
vn 0.225702736595 0.105261111227 -0.968492835883
vn 0.462195877296 0.0404589970163 -0.88585441274
vn 0.248100672058 0.0217109558956 -0.968490934867
vn 0.448136422653 -0.120077829471 -0.885864019792
vn 0.240613309499 -0.0644576668695 -0.968478417144
vn 0.380030471685 -0.266117661254 -0.885865808664
vn 0.203992320756 -0.142840453578 -0.968495605511
vn 0.266117661254 -0.380030471685 -0.885865808664
vn 0.142840453578 -0.203992320756 -0.968495605511
vn -0.00943515279528 -0.107752714101 -0.994132954134
vn 0.0279976069147 -0.104474898517 -0.994133356038
vn 0.061786812725 -0.230568947678 -0.971092348925
vn -0.0207991458669 -0.237815586377 -0.971087607998
vn -0.100885752777 -0.21635037336 -0.971089378396
vn -0.0457089025477 -0.0980278479066 -0.994133410193
vn -0.0127495166 -0.0273480859695 -0.999544662344
vn -0.00262446181386 -0.030062014565 -0.999544590041
vn 0.00781373633388 -0.0291523967816 -0.999544437875
vn -0.168782540994 -0.168782540994 -0.971094695543
vn -0.0764773432842 -0.0764773432842 -0.994134011051
vn -0.0213386625598 -0.0213386625598 -0.999544557766
vn -0.21635037336 -0.100885752777 -0.971089378396
vn -0.0980278479066 -0.0457089025477 -0.994133410193
vn -0.0273480859695 -0.0127495166 -0.999544662344
vn -0.237815586377 -0.0207991458669 -0.971087607998
vn -0.107752714101 -0.00943515279528 -0.994132954134
vn -0.030062014565 -0.00262446181386 -0.999544590041
vn -0.230568947678 0.061786812725 -0.971092348925
vn -0.104474898517 0.0279976069147 -0.994133356038
vn -0.0291523967816 0.00781373633388 -0.999544437875
vn -0.195550727836 0.136929940245 -0.971087073494
vn -0.0886106873912 0.0620437807406 -0.994132141796
vn -0.0247236171722 0.0173124961007 -0.999544406334
vn -0.136929940245 0.195550727836 -0.971087073494
vn -0.0620437807406 0.0886106873912 -0.994132141796
vn -0.0173124961007 0.0247236171722 -0.999544406334
vn -0.0617864155076 0.230595239009 -0.971086131404
vn -0.0279976069147 0.104474898517 -0.994133356038
vn -0.00781373633388 0.0291523967816 -0.999544437875
vn 0.0207991458669 0.237815586377 -0.971087607998
vn 0.00943515279528 0.107752714101 -0.994132954134
vn 0.00262446181386 0.030062014565 -0.999544590041
vn 0.100885752777 0.21635037336 -0.971089378396
vn 0.0457089025477 0.0980278479066 -0.994133410193
vn 0.0127495166 0.0273480859695 -0.999544662344
vn 0.168808726648 0.168808726648 -0.971085592322
vn 0.0764773432842 0.0764773432842 -0.994134011051
vn 0.0213386625598 0.0213386625598 -0.999544557766
vn 0.21635037336 0.100885752777 -0.971089378396
vn 0.0980278479066 0.0457089025477 -0.994133410193
vn 0.0273480859695 0.0127495166 -0.999544662344
vn 0.237815586377 0.0207991458669 -0.971087607998
vn 0.107752714101 0.00943515279528 -0.994132954134
vn 0.030062014565 0.00262446181386 -0.999544590041
vn 0.230568947678 -0.061786812725 -0.971092348925
vn 0.104474898517 -0.0279976069147 -0.994133356038
vn 0.0291523967816 -0.00781373633388 -0.999544437875
vn 0.195550727836 -0.136929940245 -0.971087073494
vn 0.0886106873912 -0.0620437807406 -0.994132141796
vn 0.0247236171722 -0.0173124961007 -0.999544406334
vn 0.136929940245 -0.195550727836 -0.971087073494
vn 0.0620437807406 -0.0886106873912 -0.994132141796
vn 0.0173124961007 -0.0247236171722 -0.999544406334
vn -0.0868916188922 -0.996103976731 -0.0150570285055
vn -0.418884189273 -0.898345485136 0.132330742132
vn -0.0807366984373 -0.92833199323 -0.362879175307
vn 0.256581318699 -0.95742108344 0.132328741694
vn -0.0873436697529 -0.987350298094 0.132327140861
vn 0.162250573149 -0.605429709539 0.779185227222
vn -0.0551408295534 -0.624780678776 0.778850815204
vn -0.264881607958 -0.568049377258 0.779203207618
vn -0.0833991151472 -0.958608269822 0.272240284715
vn -0.0541831482685 -0.624891046062 0.778829485186
vn 0.568552854751 -0.811935112373 0.132321671131
vn 0.359478390533 -0.513449556471 0.779194994658
vn 0.811935112373 -0.568552854751 0.132321671131
vn 0.513449556471 -0.359478390533 0.779194994658
vn 0.95742108344 -0.256581318699 0.132328741694
vn 0.605429709539 -0.162250573149 0.779185227222
vn 0.98743779405 0.0863512412046 0.132325606075
vn 0.624410384578 0.0546566107467 0.779181831495
vn 0.898345485136 0.418884189273 0.132330742132
vn 0.568049377258 0.264881607958 0.779203207618
vn 0.700889283451 0.700889283451 0.132319404041
vn 0.443191307638 0.443191307638 0.779206602685
vn 0.418884189273 0.898345485136 0.132330742132
vn 0.264881607958 0.568049377258 0.779203207618
vn 0.0808294226862 0.928324990173 -0.362876448737
vn 0.0868916188922 0.996103976731 -0.0150570285055
vn 0.0833991151472 0.958608269822 0.272240284715
vn 0.0541831482685 0.624891046062 0.778829485186
vn -0.256581318699 0.95742108344 0.132328741694
vn 0.0873436697529 0.987350298094 0.132327140861
vn -0.162250573149 0.605429709539 0.779185227222
vn 0.0551408295534 0.624780678776 0.778850815204
vn -0.568552854751 0.811935112373 0.132321671131
vn -0.359478390533 0.513449556471 0.779194994658
vn -0.811935112373 0.568552854751 0.132321671131
vn -0.513449556471 0.359478390533 0.779194994658
vn -0.95742108344 0.256581318699 0.132328741694
vn -0.605429709539 0.162250573149 0.779185227222
vn -0.98743779405 -0.0863512412046 0.132325606075
vn -0.624410384578 -0.0546566107467 0.779181831495
vn -0.898345485136 -0.418884189273 0.132330742132
vn -0.568049377258 -0.264881607958 0.779203207618
vn -0.700889283451 -0.700889283451 0.132319404041
vn -0.443191307638 -0.443191307638 0.779206602685
vn -0.0454671075313 -0.519493846689 0.853263666978
vn -0.220365171216 -0.472632361913 0.853263055445
vn -0.271471600742 -0.582199964305 0.766385263137
vn -0.05601436686 -0.639959225921 0.766364521532
vn 0.166337830372 -0.620733642794 0.766173264276
vn 0.134952595664 -0.503726511932 0.853256935571
vn 0.10378145858 -0.387309863331 0.916089776507
vn -0.0349602458117 -0.399442984865 0.916091198001
vn -0.169472785557 -0.36342168611 0.916080593082
vn 0.368616157203 -0.526408130354 0.766170091393
vn 0.299127434763 -0.427164057427 0.853260596661
vn 0.230008478385 -0.328462760621 0.91608313747
vn 0.526408130354 -0.368616157203 0.766170091393
vn 0.427164057427 -0.299127434763 0.853260596661
vn 0.328462760621 -0.230008478385 0.91608313747
vn 0.620521351178 -0.16628094 0.766357554752
vn 0.503726511932 -0.134952595664 0.853256935571
vn 0.387309863331 -0.10378145858 0.916089776507
vn 0.639959225921 0.05601436686 0.766364521532
vn 0.519493846689 0.0454671075313 0.853263666978
vn 0.399442984865 0.0349602458117 0.916091198001
vn 0.582442262501 0.271554163826 0.766171878211
vn 0.472632361913 0.220365171216 0.853263055445
vn 0.36342168611 0.169472785557 0.916080593082
vn 0.454361752049 0.454753277499 0.765999252531
vn 0.380421858948 0.380808352996 0.842771741056
vn 0.356297294302 0.357545996211 0.863257260998
vn 0.282640556653 0.283780750502 0.916287510217
vn 0.27146129392 0.582243066944 0.766356168435
vn 0.220365171216 0.472632361913 0.853263055445
vn 0.36931065168 0.36818470377 0.85325826481
vn 0.454753277499 0.454361752049 0.765999252531
vn 0.169472785557 0.36342168611 0.916080593082
vn 0.284078275071 0.282979162402 0.9160907855
vn 0.0560335274918 0.640178170583 0.766180235784
vn 0.0454671075313 0.519493846689 0.853263666978
vn 0.0349602458117 0.399442984865 0.916091198001
vn -0.166337830372 0.620733642794 0.766173264276
vn -0.134952595664 0.503726511932 0.853256935571
vn -0.10378145858 0.387309863331 0.916089776507
vn -0.368616157203 0.526408130354 0.766170091393
vn -0.299127434763 0.427164057427 0.853260596661
vn -0.230008478385 0.328462760621 0.91608313747
vn -0.526408130354 0.368616157203 0.766170091393
vn -0.427164057427 0.299127434763 0.853260596661
vn -0.328462760621 0.230008478385 0.91608313747
vn -0.620521351178 0.16628094 0.766357554752
vn -0.503726511932 0.134952595664 0.853256935571
vn -0.387309863331 0.10378145858 0.916089776507
vn -0.640178170583 -0.0560335274918 0.766180235784
vn -0.519493846689 -0.0454671075313 0.853263666978
vn -0.399442984865 -0.0349602458117 0.916091198001
vn -0.582442262501 -0.271554163826 0.766171878211
vn -0.472632361913 -0.220365171216 0.853263055445
vn -0.36342168611 -0.169472785557 0.916080593082
vn -0.454402042906 -0.454402042906 0.766183768299
vn -0.368728269802 -0.368728269802 0.853275410461
vn -0.283528801187 -0.283528801187 0.916091064139
vn -0.0366918155362 -0.419593629874 0.906970173954
vn -0.177986183445 -0.381714349244 0.906981297538
vn 0.109016156481 -0.406834692341 0.906973544672
vn 0.117312628893 -0.437753402836 0.891408831798
vn -0.0395128547989 -0.451474427485 0.891408759006
vn -0.191529206581 -0.410736320444 0.891410252406
vn 0.241567159693 -0.345020253522 0.906976478205
vn 0.259947147451 -0.371225085599 0.891414278747
vn 0.345020253522 -0.241567159693 0.906976478205
vn 0.371225085599 -0.259947147451 0.891414278747
vn 0.406834692341 -0.109016156481 0.906973544672
vn 0.437753402836 -0.117312628893 0.891408831798
vn 0.419593629874 0.0366918155362 0.906970173954
vn 0.451474427485 0.0395128547989 0.891408759006
vn 0.381714349244 0.177986183445 0.906981297538
vn 0.410736320444 0.191529206581 0.891410252406
vn 0.283913105356 0.285015348412 0.915510567813
vn 0.296724950536 0.297827033691 0.907333104065
vn 0.298423950006 0.299398467467 0.90625807789
vn 0.318750087514 0.319783924303 0.892264884139
vn 0.177986183445 0.381714349244 0.906981297538
vn 0.298349380821 0.297289683708 0.906976565808
vn 0.191529206581 0.410736320444 0.891410252406
vn 0.320869203027 0.320020467281 0.891420133871
vn 0.0366918155362 0.419593629874 0.906970173954
vn 0.0395128547989 0.451474427485 0.891408759006
vn -0.109016156481 0.406834692341 0.906973544672
vn -0.117312628893 0.437753402836 0.891408831798
vn -0.241567159693 0.345020253522 0.906976478205
vn -0.259947147451 0.371225085599 0.891414278747
vn -0.345020253522 0.241567159693 0.906976478205
vn -0.371225085599 0.259947147451 0.891414278747
vn -0.406834692341 0.109016156481 0.906973544672
vn -0.437753402836 0.117312628893 0.891408831798
vn -0.419593629874 -0.0366918155362 0.906970173954
vn -0.451474427485 -0.0395128547989 0.891408759006
vn -0.381714349244 -0.177986183445 0.906981297538
vn -0.410736320444 -0.191529206581 0.891410252406
vn -0.297819608996 -0.297819608996 0.906976824949
vn -0.320444896115 -0.320444896115 0.891420292066
vn -0.0747658851327 -0.854811769877 0.513524001874
vn -0.362621342463 -0.77769788599 0.513509260011
vn -0.284464967502 -0.610035226824 0.739551691431
vn -0.0586940352577 -0.670516296301 0.739569406222
vn 0.174175713001 -0.650142388884 0.73957940424
vn 0.222050692721 -0.828857165175 0.513506854482
vn 0.258778395882 -0.965819352434 -0.015057233755
vn -0.0871901954393 -0.996087999708 -0.0143724269443
vn -0.42255388702 -0.906201095271 -0.0157412672197
vn 0.386047113312 -0.551359539643 0.739574394059
vn 0.492186956652 -0.70287811427 0.513531261153
vn 0.573551668686 -0.819030990292 -0.0150572337583
vn 0.551359539643 -0.386047113312 0.739574394059
vn 0.70287811427 -0.492186956652 0.513531261153
vn 0.819063899945 -0.573504703214 -0.015056002081
vn 0.650142388884 -0.174175713001 0.73957940424
vn 0.828857165175 -0.222050692721 0.513506854482
vn 0.965819352434 -0.258778395882 -0.015057233755
vn 0.670516296301 0.0586940352577 0.739569406222
vn 0.854811769877 0.0747658851327 0.513524001874
vn 0.99607796949 0.0871893167252 -0.0150566180141
vn 0.610035226824 0.284464967502 0.739551691431
vn 0.774775969352 0.36142478921 0.518743018323
vn 0.90617235609 0.422640470797 -0.0150563442863
vn 0.484511062652 0.484719123055 0.728214530143
vn 0.600630648683 0.600971916005 0.527328721042
vn 0.786208721337 0.366555020669 0.497507048509
vn 0.608788519579 0.608788519579 0.508677773112
vn 0.70702662183 0.70702662183 -0.0150569600731
vn 0.906210648984 0.422558333915 -0.0150570284737
vn 0.284464967502 0.610035226824 0.739551691431
vn 0.362621342463 0.77769788599 0.513509260011
vn 0.475966349492 0.475898180739 0.739578904323
vn 0.422558333915 0.906210648984 -0.0150570284737
vn 0.0586940352577 0.670516296301 0.739569406222
vn 0.0747658851327 0.854811769877 0.513524001874
vn 0.0871893167252 0.99607796949 -0.0150566180141
vn -0.174175713001 0.650142388884 0.73957940424
vn -0.222050692721 0.828857165175 0.513506854482
vn -0.258778395882 0.965819352434 -0.015057233755
vn -0.386047113312 0.551359539643 0.739574394059
vn -0.492186956652 0.70287811427 0.513531261153
vn -0.573551668686 0.819030990292 -0.0150572337583
vn -0.551359539643 0.386047113312 0.739574394059
vn -0.70287811427 0.492186956652 0.513531261153
vn -0.819063899945 0.573504703214 -0.015056002081
vn -0.650142388884 0.174175713001 0.73957940424
vn -0.828857165175 0.222050692721 0.513506854482
vn -0.965819352434 0.258778395882 -0.015057233755
vn -0.670516296301 -0.0586940352577 0.739569406222
vn -0.854811769877 -0.0747658851327 0.513524001874
vn -0.99607796949 -0.0871893167252 -0.0150566180141
vn -0.610035226824 -0.284464967502 0.739551691431
vn -0.77769788599 -0.362621342463 0.513509260011
vn -0.906210648984 -0.422558333915 -0.0150570284737
vn -0.475950900607 -0.475950900607 0.739554920491
vn -0.606748130912 -0.606748130912 0.513530341138
vn -0.70702662183 -0.70702662183 -0.0150569600731
vn -0.0279623587577 -0.320254742195 -0.946918690593
vn -0.126408783692 -0.271064518024 -0.954224735832
vn -0.419249472079 -0.899228102375 -0.124974797703
vn -0.0864342431533 -0.988386994178 -0.124981083972
vn 0.256803549194 -0.958349565295 -0.124972188185
vn 0.0774096757722 -0.288883934038 -0.954229435069
vn -0.0265349016312 -0.29795659231 -0.954210547046
vn -0.0865327331537 -0.988378511631 -0.124980013759
vn 0.0464373862521 -0.173312602115 -0.983771473009
vn -0.0171266803121 -0.178600243691 -0.983772651467
vn -0.0758173360911 -0.162600370633 -0.983774796901
vn -0.0224759846215 -0.281469943729 -0.959306781427
vn -0.0139307869663 -0.177869570624 -0.983955460893
vn 0.569099357527 -0.812715562848 -0.124977338611
vn 0.171547948433 -0.244997789378 -0.954226065767
vn 0.102898214839 -0.146967892433 -0.983774565628
vn 0.812715562848 -0.569099357527 -0.124977338611
vn 0.244997789378 -0.171547948433 -0.954226065767
vn 0.146967892433 -0.102898214839 -0.983774565628
vn 0.958349565295 -0.256803549194 -0.124972188185
vn 0.288883934038 -0.0774096757722 -0.954229435069
vn 0.173312602115 -0.0464373862521 -0.983771473009
vn 0.988386994178 0.0864342431533 -0.124981083972
vn 0.297926067714 0.0260672930323 -0.954232966529
vn 0.178738143045 0.0156324035459 -0.983772485985
vn 0.89919069092 0.419331259898 -0.124969579636
vn 0.271064518024 0.126408783692 -0.954224735832
vn 0.162600370633 0.0758173360911 -0.983774796901
vn 0.701562969359 0.701562969359 -0.124975197738
vn 0.211474627708 0.211474627708 -0.954231085048
vn 0.126875155459 0.126875155459 -0.983771004784
vn 0.419249472079 0.899228102375 -0.124974797703
vn 0.126238910478 0.271190883267 -0.954211319527
vn 0.074506772854 0.163220637859 -0.983772211528
vn 0.0864342431533 0.988386994178 -0.124981083972
vn 0.0260672930323 0.297926067714 -0.954232966529
vn 0.135893205894 0.291314713838 -0.946925960196
vn 0.419368673912 0.899171689764 -0.12498074919
vn 0.121269688994 0.254991036937 -0.959308726956
vn 0.0156324035459 0.178738143045 -0.983772485985
vn 0.0768485690484 0.161006230658 -0.983956955931
vn -0.256803549194 0.958349565295 -0.124972188185
vn -0.0774096757722 0.288883934038 -0.954229435069
vn -0.0464375718163 0.173290304455 -0.983775392204
vn -0.569099357527 0.812715562848 -0.124977338611
vn -0.171547948433 0.244997789378 -0.954226065767
vn -0.102898214839 0.146967892433 -0.983774565628
vn -0.812715562848 0.569099357527 -0.124977338611
vn -0.244997789378 0.171547948433 -0.954226065767
vn -0.146967892433 0.102898214839 -0.983774565628
vn -0.958349565295 0.256803549194 -0.124972188185
vn -0.288883934038 0.0774096757722 -0.954229435069
vn -0.173312602115 0.0464373862521 -0.983771473009
vn -0.988386994178 -0.0864342431533 -0.124981083972
vn -0.297926067714 -0.0260672930323 -0.954232966529
vn -0.178738143045 -0.0156324035459 -0.983772485985
vn -0.899228102375 -0.419249472079 -0.124974797703
vn -0.271064518024 -0.126408783692 -0.954224735832
vn -0.162600370633 -0.0758173360911 -0.983774796901
vn -0.701562969359 -0.701562969359 -0.124975197738
vn -0.211474627708 -0.211474627708 -0.954231085048
vn -0.126875155459 -0.126875155459 -0.983771004784
vn -0.0144946330864 -0.184888667167 0.982652576634
vn -0.0789358218368 -0.169272697397 0.982403119878
vn -0.0758173360911 -0.162600370633 0.983774796901
vn -0.0139307869663 -0.177869570624 0.983955460893
vn 0.0464375718163 -0.173290304455 0.983775392204
vn 0.04833666409 -0.180414478356 0.982402251068
vn -0.017666877372 -0.1859497633 0.982400410715
vn -0.0171266803121 -0.178600243691 0.983772651467
vn 0.096738848703 -0.361070891723 0.927507092319
vn -0.032842660051 -0.372362623111 0.927506030487
vn -0.15796998256 -0.338802475017 0.927501141526
vn -0.0153524645494 -0.188382083545 0.981975810512
vn -0.0295456222029 -0.356346216228 0.933886733169
vn 0.102898214839 -0.146967892433 0.983774565628
vn 0.10713218571 -0.152995504872 0.982402702701
vn 0.214392897387 -0.306201724275 0.927510749049
vn 0.146967892433 -0.102898214839 0.983774565628
vn 0.152995504872 -0.10713218571 0.982402702701
vn 0.306201724275 -0.214392897387 0.927510749049
vn 0.173290304455 -0.0464375718163 0.983775392204
vn 0.180414478356 -0.04833666409 0.982402251068
vn 0.361070891723 -0.096738848703 0.927507092319
vn 0.178738143045 0.0156324035459 0.983772485985
vn 0.186067852107 0.0162771098005 0.982402061332
vn 0.372400264556 0.0325641489885 0.927500738091
vn 0.162600370633 0.0758173360911 0.983774796901
vn 0.169295577513 0.0789355065937 0.982399202582
vn 0.338802475017 0.15796998256 0.927501141526
vn 0.126875155459 0.126875155459 0.983771004784
vn 0.132077596109 0.132077596109 0.982400639868
vn 0.264330421541 0.264330421541 0.927501405118
vn 0.074506772854 0.163220637859 0.983772211528
vn 0.0777106092338 0.169860929514 0.982399270072
vn 0.157532870417 0.339001830545 0.92750264346
vn 0.0156324035459 0.178738143045 0.983772485985
vn 0.0162771098005 0.186067852107 0.982402061332
vn 0.0799079741777 0.167368153038 0.982650811332
vn 0.0768713466471 0.16100594631 0.983955223228
vn 0.0808910978744 0.17082282593 0.981975657756
vn 0.0325641489885 0.372400264556 0.927500738091
vn 0.152587696281 0.323392537638 0.933881288786
vn -0.0464375718163 0.173290304455 0.983775392204
vn -0.04833666409 0.180414478356 0.982402251068
vn -0.096738848703 0.361070891723 0.927507092319
vn -0.102898214839 0.146967892433 0.983774565628
vn -0.10713218571 0.152995504872 0.982402702701
vn -0.214392897387 0.306201724275 0.927510749049
vn -0.146967892433 0.102898214839 0.983774565628
vn -0.152995504872 0.10713218571 0.982402702701
vn -0.306201724275 0.214392897387 0.927510749049
vn -0.173290304455 0.0464375718163 0.983775392204
vn -0.180414478356 0.04833666409 0.982402251068
vn -0.361070891723 0.096738848703 0.927507092319
vn -0.178738143045 -0.0156324035459 0.983772485985
vn -0.186067852107 -0.0162771098005 0.982402061332
vn -0.372400264556 -0.0325641489885 0.927500738091
vn -0.162600370633 -0.0758173360911 0.983774796901
vn -0.169295577513 -0.0789355065937 0.982399202582
vn -0.338802475017 -0.15796998256 0.927501141526
vn -0.126875155459 -0.126875155459 0.983771004784
vn -0.132077596109 -0.132077596109 0.982400639868
vn -0.264330421541 -0.264330421541 0.927501405118
vn 0.258807729523 -0.965928858219 0
vn 0.0768890543203 -0.286914640127 0.954865468329
vn -0.0270407711019 -0.295807676808 0.954864710333
vn -0.0893004196823 -0.996004736457 0
vn -0.12552377083 -0.269195159893 0.95487054036
vn -0.0236052862269 -0.287138921685 0.957598052481
vn -0.014413897179 -0.179793186192 0.983598825623
vn -0.0259716316357 -0.304243918029 0.952240049931
vn -0.422606241061 -0.906313392275 0
vn -0.0843091804786 -0.971604813692 0.221079280117
vn 0.573569718632 -0.819156748046 0
vn 0.17038239301 -0.243333095734 0.954860641493
vn 0.819156748046 -0.573569718632 0
vn 0.24330222811 -0.170383754801 0.954868264158
vn 0.965928858219 -0.258807729523 0
vn 0.286914640127 -0.0768890543203 0.954865468329
vn 0.996190895081 0.0871992004447 0
vn 0.295906501101 0.0258922276166 0.954865925225
vn 0.906313392275 0.422606241061 0
vn 0.269195159893 0.12552377083 0.95487054036
vn 0.707106781187 0.707106781187 0
vn 0.210026681376 0.210026681376 0.954870455204
vn 0.421390398624 0.906879337039 0
vn 0.124374339433 0.269751202421 0.954864028269
vn 0.0871992004447 0.996190895081 0
vn 0.0258922276166 0.295906501101 0.954865925225
vn 0.129623692147 0.276461198437 0.952243090914
vn 0.412849426295 0.883562173563 0.221072921581
vn 0.12315008095 0.260488846211 0.957590527606
vn 0.0774198965363 0.162911572247 0.983598484773
vn -0.258807729523 0.965928858219 0
vn -0.0768890543203 0.286914640127 0.954865468329
vn -0.573569718632 0.819156748046 0
vn -0.17038239301 0.243333095734 0.954860641493
vn -0.819156748046 0.573569718632 0
vn -0.243333095734 0.17038239301 0.954860641493
vn -0.965928858219 0.258807729523 0
vn -0.286914640127 0.0768890543203 0.954865468329
vn -0.996190895081 -0.0871992004447 0
vn -0.295906501101 -0.0258922276166 0.954865925225
vn -0.906313392275 -0.422606241061 0
vn -0.269195159893 -0.12552377083 0.95487054036
vn -0.707106781187 -0.707106781187 0
vn -0.210026681376 -0.210026681376 0.954870455204
vn 0.0768890543203 -0.286914640127 -0.954865468329
vn -0.0270407711019 -0.295807676808 -0.954864710333
vn -0.12552377083 -0.269195159893 -0.95487054036
vn -0.0259716316357 -0.304243918029 -0.952240049931
vn -0.0843091804786 -0.971604813692 -0.221079280117
vn -0.0236052862269 -0.287138921685 -0.957598052481
vn -0.014413897179 -0.179793186192 -0.983598825623
vn 0.17038239301 -0.243333095734 -0.954860641493
vn 0.243333095734 -0.17038239301 -0.954860641493
vn 0.286914640127 -0.0768890543203 -0.954865468329
vn 0.295906501101 0.0258922276166 -0.954865925225
vn 0.269195159893 0.12552377083 -0.95487054036
vn 0.210026681376 0.210026681376 -0.954870455204
vn 0.124374339433 0.269751202421 -0.954864028269
vn 0.0258922276166 0.295906501101 -0.954865925225
vn 0.12315008095 0.260488846211 -0.957590527606
vn 0.0774198965363 0.162911572247 -0.983598484773
vn 0.129623692147 0.276461198437 -0.952243090914
vn 0.412849426295 0.883562173563 -0.221072921581
vn -0.0768890543203 0.286914640127 -0.954865468329
vn -0.17038239301 0.243333095734 -0.954860641493
vn -0.243333095734 0.17038239301 -0.954860641493
vn -0.286914640127 0.0768890543203 -0.954865468329
vn -0.295906501101 -0.0258922276166 -0.954865925225
vn -0.269195159893 -0.12552377083 -0.95487054036
vn -0.210026681376 -0.210026681376 -0.954870455204
vn -0.0199899007868 -0.231915568652 0.972530499719
vn -0.0946834487274 -0.203037201958 0.97458244349
vn -0.0341759676197 -0.393065301677 0.918875221047
vn 0.0601997064849 -0.224611131704 0.972587186248
vn -0.0205898809127 -0.23186113669 0.972530960996
vn 0.133371320441 -0.190491524557 0.972586793019
vn 0.190491524557 -0.133371320441 0.972586793019
vn 0.224611131704 -0.0601997064849 0.972587186248
vn 0.231642728493 0.0202755521506 0.972589609404
vn 0.210766499963 0.0982704939415 0.972584388376
vn 0.164438183392 0.164438183392 0.972584272794
vn 0.098095388107 0.211080985142 0.972533861901
vn 0.0195365514846 0.223183879208 0.974580565791
vn 0.0986406329526 0.210835150189 0.97253203802
vn 0.166919564566 0.357512113343 0.918870473885
vn -0.05797282673 0.216389413763 0.974584410388
vn -0.12850050063 0.183526639138 0.974579701238
vn -0.183526639138 0.12850050063 0.974579701238
vn -0.216389413763 0.05797282673 0.974584410388
vn -0.223183879208 -0.0195365514846 0.974580565791
vn -0.203037201958 -0.0946834487274 0.97458244349
vn -0.158416078378 -0.158416078378 0.974581290721
vn 0.00913288425717 -0.0340830816925 -0.999377273089
vn -0.00307934454146 -0.035149586845 -0.999377318225
vn -0.0149160483274 -0.0319651067245 -0.999377678085
vn -0.0249501976377 -0.0249501976377 -0.999377293756
vn -0.0319651134816 -0.0149010302771 -0.999377901905
vn -0.035149586845 -0.00307934454146 -0.999377318225
vn -0.0340680771079 0.00913288894945 -0.999377784655
vn -0.0289007762614 0.020233547991 -0.999377480568
vn -0.020233547991 0.0289007762614 -0.999377480568
vn -0.00913288894945 0.0340680771079 -0.999377784655
vn 0.00307934622723 0.0351345841831 -0.999377845773
vn 0.0149010302771 0.0319651134816 -0.999377901905
vn 0.0249501976377 0.0249501976377 -0.999377293756
vn 0.0319651067245 0.0149160483274 -0.999377678085
vn 0.035149586845 0.00307934454146 -0.999377318225
vn 0.0340680771079 -0.00913288894945 -0.999377784655
vn 0.0289007762614 -0.020233547991 -0.999377480568
vn 0.020233547991 -0.0289007762614 -0.999377480568
vn -0.00755430946563 -0.0863156180818 0.996239201439
vn -0.0366197799306 -0.0785241916699 0.996239400466
vn -0.0185673181936 -0.212241890277 0.977040753862
vn 0.0551284683394 -0.205744575297 0.977051698588
vn 0.0224258057079 -0.0836902607839 0.996239440842
vn 0.122154565371 -0.174488207271 0.977052776304
vn 0.0496958706713 -0.0709699034274 0.996239726796
vn 0.174488207271 -0.122154565371 0.977052776304
vn 0.0709699034274 -0.0496958706713 0.996239726796
vn 0.205744575297 -0.0551284683394 0.977051698588
vn 0.0836902607839 -0.0224258057079 0.996239440842
vn 0.212181007223 0.0185642347289 0.977054036051
vn 0.0863156180818 0.00755430946563 0.996239201439
vn 0.193051830343 0.0900258981704 0.977049808587
vn 0.0785241916699 0.0366197799306 0.996239400466
vn 0.150616071893 0.150616071893 0.97705148164
vn 0.0612644647483 0.0612644647483 0.996239595036
vn 0.0900263432904 0.193027145871 0.977054644567
vn 0.0366197799306 0.0785241916699 0.996239400466
vn 0.00755430946563 0.0863156180818 0.996239201439
vn -0.0224258057079 0.0836902607839 0.996239440842
vn -0.0496958706713 0.0709699034274 0.996239726796
vn -0.0709699034274 0.0496958706713 0.996239726796
vn -0.0836902607839 0.0224258057079 0.996239440842
vn -0.0863156180818 -0.00755430946563 0.996239201439
vn -0.0785241916699 -0.0366197799306 0.996239400466
vn -0.0612644647483 -0.0612644647483 0.996239595036
vn -0.340609772212 -0.730422328861 -0.592003551151
vn -0.070276787378 -0.802873754157 -0.591992320931
vn 0.208631699808 -0.778740324998 -0.591638673564
vn -0.569897500829 -0.569897500829 -0.591974388887
vn -0.730422328861 -0.340609772212 -0.592003551151
vn -0.802873754157 -0.070276787378 -0.591992320931
vn -0.778484608822 0.208563193839 -0.591999246624
vn -0.660202910071 0.462263617158 -0.591983501279
vn -0.462263617158 0.660202910071 -0.591983501279
vn -0.208454280326 0.779067461336 -0.59127041504
vn -0.165065220057 0.617307592167 -0.769210510706
vn 0.070276787378 0.802873754157 -0.591992320931
vn -0.209023701862 0.778911359058 -0.591275051723
vn 0.340609772212 0.730422328861 -0.592003551151
vn 0.569897500829 0.569897500829 -0.591974388887
vn 0.730422328861 0.340609772212 -0.592003551151
vn 0.802873754157 0.070276787378 -0.591992320931
vn 0.778484608822 -0.208563193839 -0.591999246624
vn 0.660202910071 -0.462263617158 -0.591983501279
vn 0.462263617158 -0.660202910071 -0.591983501279
vn 0.135673284635 -0.506377097222 0.851572072842
vn -0.0456906958172 -0.522264051462 0.851558935639
vn -0.22155924349 -0.475123885417 0.851568432441
vn 0.300709413546 -0.429430931823 0.851564984836
vn 0.429430931823 -0.300709413546 0.851564984836
vn 0.506377097222 -0.135673284635 0.851572072842
vn 0.522264051462 0.0456906958172 0.851558935639
vn 0.475123885417 0.22155924349 0.851568432441
vn 0.322021448645 0.322874987346 0.889974117128
vn 0.36667342359 0.367634699089 0.854631691701
vn 0.374956919391 0.37561091199 0.847539822896
vn 0.468051344968 0.468789914254 0.749108773656
vn 0.22155924349 0.475123885417 0.851568432441
vn 0.370969925509 0.37043111572 0.851564503062
vn 0.0456906958172 0.522264051462 0.851558935639
vn -0.135673284635 0.506377097222 0.851572072842
vn -0.300709413546 0.429430931823 0.851564984836
vn -0.429430931823 0.300709413546 0.851564984836
vn -0.506377097222 0.135673284635 0.851572072842
vn -0.522264051462 -0.0456906958172 0.851558935639
vn -0.475123885417 -0.22155924349 0.851568432441
vn -0.370700544089 -0.370700544089 0.851564567854
vn 0.0815839646299 0.932776668207 -0.351100760415
vn -0.242310163834 0.90444332456 -0.351095510027
vn -0.255400443395 0.952916032033 -0.163467579075
vn 0.0860520513205 0.98278937982 -0.163462776728
vn 0.416953871313 0.894107010753 -0.163469026177
vn 0.395709646227 0.848619031091 -0.351083488578
vn 0.0859540979015 0.982797721865 -0.163464158002
vn -0.537059689589 0.767000388749 -0.351108663346
vn -0.565861299548 0.808133630041 -0.163465671232
vn -0.255284181864 0.952949114338 -0.163456330477
vn -0.767000388749 0.537059689589 -0.351108663346
vn -0.808133630041 0.565861299548 -0.163465671232
vn -0.565861299548 0.808133630041 -0.163465671232
vn -0.904484403966 0.242133615045 -0.351111485783
vn -0.952949114338 0.255284181864 -0.163456330477
vn -0.808133630041 0.565861299548 -0.163465671232
vn -0.899638782964 0.241166258379 -0.363990241636
vn -0.934651500718 -0.0818419117913 -0.346018025079
vn -0.927859038651 -0.0812553027251 -0.363971400213
vn -0.98278937982 -0.0860520513205 -0.163462776728
vn -0.952916032033 0.255400443395 -0.163467579075
vn -0.848619031091 -0.395709646227 -0.351083488578
vn -0.894107010753 -0.416953871313 -0.163469026177
vn -0.982797721865 -0.0859540979015 -0.163464158002
vn -0.662085606573 -0.662085606573 -0.351120063707
vn -0.697595789213 -0.697595789213 -0.163463236672
vn -0.894126799986 -0.416917081352 -0.163454620074
vn -0.395709646227 -0.848619031091 -0.351083488578
vn -0.416917081352 -0.894126799986 -0.163454620074
vn -0.697595789213 -0.697595789213 -0.163463236672
vn -0.0815839646299 -0.932776668207 -0.351100760415
vn -0.0859540979015 -0.982797721865 -0.163464158002
vn -0.416953871313 -0.894107010753 -0.163469026177
vn 0.242310163834 -0.90444332456 -0.351095510027
vn 0.255400443395 -0.952916032033 -0.163467579075
vn -0.0860520513205 -0.98278937982 -0.163462776728
vn 0.537059689589 -0.767000388749 -0.351108663346
vn 0.565861299548 -0.808133630041 -0.163465671232
vn 0.255284181864 -0.952949114338 -0.163456330477
vn 0.767000388749 -0.537059689589 -0.351108663346
vn 0.808133630041 -0.565861299548 -0.163465671232
vn 0.565861299548 -0.808133630041 -0.163465671232
vn 0.90444332456 -0.242310163834 -0.351095510027
vn 0.952949114338 -0.255284181864 -0.163456330477
vn 0.808133630041 -0.565861299548 -0.163465671232
vn 0.932776668207 0.0815839646299 -0.351100760415
vn 0.98278937982 0.0860520513205 -0.163462776728
vn 0.952916032033 -0.255400443395 -0.163467579075
vn 0.848619031091 0.395709646227 -0.351083488578
vn 0.894107010753 0.416953871313 -0.163469026177
vn 0.982797721865 0.0859540979015 -0.163464158002
vn 0.662085606573 0.662085606573 -0.351120063707
vn 0.697595789213 0.697595789213 -0.163463236672
vn 0.894126799986 0.416917081352 -0.163454620074
vn 0.416917081352 0.894126799986 -0.163454620074
vn 0.697595789213 0.697595789213 -0.163463236672
vn -0.120678375225 0.450390669097 -0.884638330022
vn -0.119447158123 0.445769886962 -0.8871423698
vn 0.0412566396466 0.460643117547 -0.886626081244
vn 0.0416112058699 0.465628401528 -0.884001526716
vn 0.0393359277493 0.460792286887 -0.886635862761
vn 0.195036357951 0.4182568822 -0.887142603852
vn 0.197079168593 0.422609736646 -0.884624672841
vn 0.0398654150572 0.465775468318 -0.884004503266
vn -0.267436333054 0.381968956641 -0.884634118675
vn -0.264687515757 0.378001765677 -0.887161306723
vn -0.381968956641 0.267436333054 -0.884634118675
vn -0.378001765677 0.264687515757 -0.887161306723
vn -0.450390669097 0.120678375225 -0.884638330022
vn -0.445769886962 0.119447158123 -0.8871423698
vn -0.464516172303 -0.04064516677 -0.884631389951
vn -0.459722853213 -0.0402155648253 -0.887151400032
vn -0.422609736646 -0.197079168593 -0.884624672841
vn -0.4182568822 -0.195036357951 -0.887142603852
vn -0.32971140749 -0.32971140749 -0.884635956505
vn -0.326323606328 -0.326323606328 -0.887144750256
vn -0.197079168593 -0.422609736646 -0.884624672841
vn -0.195036357951 -0.4182568822 -0.887142603852
vn -0.0398771172662 -0.465912185002 -0.883931926896
vn -0.0393359277493 -0.460792286887 -0.886635862761
vn 0.120678375225 -0.450390669097 -0.884638330022
vn 0.119447158123 -0.445769886962 -0.8871423698
vn -0.0412566396466 -0.460643117547 -0.886626081244
vn -0.0416234177914 -0.465765075368 -0.883928948309
vn 0.267436333054 -0.381968956641 -0.884634118675
vn 0.264682715135 -0.378042846327 -0.887145234248
vn 0.381968956641 -0.267436333054 -0.884634118675
vn 0.378001765677 -0.264687515757 -0.887161306723
vn 0.450390669097 -0.120678375225 -0.884638330022
vn 0.445769886962 -0.119447158123 -0.8871423698
vn 0.464516172303 0.04064516677 -0.884631389951
vn 0.459722853213 0.0402155648253 -0.887151400032
vn 0.422609736646 0.197079168593 -0.884624672841
vn 0.4182568822 0.195036357951 -0.887142603852
vn 0.32971140749 0.32971140749 -0.884635956505
vn 0.326323606328 0.326323606328 -0.887144750256
vn 0.356183149478 0.763830020242 0.53823532419
vn 0.421599947273 0.904155309288 -0.0689685518585
vn 0.0870002004037 0.993817680472 -0.0689737856823
vn 0.0734482873423 0.839324377079 0.53864639526
vn -0.258179231082 0.963583145982 -0.0696491594817
vn -0.218137872251 0.814059717571 0.538258901383
vn 0.595985867268 0.595901222073 0.538240261917
vn 0.705355967331 0.705355967331 -0.0703272258902
vn 0.763830020242 0.356183149478 0.53823532419
vn 0.904155309288 0.421599947273 -0.0689685518585
vn 0.705355967331 0.705355967331 -0.0703272258902
vn 0.595901222073 0.595985867268 0.538240261917
vn 0.839586225344 0.0734712040575 0.538235034522
vn 0.993826300702 0.0869011882387 -0.0689743975317
vn 0.814059717571 -0.218137872251 0.538258901383
vn 0.963628748747 -0.258191447162 -0.0689696397016
vn 0.690368630315 -0.483410408192 0.538243004162
vn 0.817219974185 -0.572183683938 -0.0689735139612
vn 0.483410408192 -0.690368630315 0.538243004162
vn 0.572183683938 -0.817219974185 -0.0689735139612
vn 0.218042217837 -0.814103291631 0.538231754726
vn 0.258166888298 -0.963537097585 -0.0703286525033
vn -0.0734712040575 -0.839586225344 0.538235034522
vn -0.0870002004037 -0.993817680472 -0.0689737856823
vn 0.258166888298 -0.963537097585 -0.0703286525033
vn 0.218218494279 -0.81404469684 0.538248938968
vn -0.356183149478 -0.763830020242 0.53823532419
vn -0.421599947273 -0.904155309288 -0.0689685518585
vn -0.595985867268 -0.595901222073 0.538240261917
vn -0.705355967331 -0.705355967331 -0.0703272258902
vn -0.763830020242 -0.356183149478 0.53823532419
vn -0.904155309288 -0.421599947273 -0.0689685518585
vn -0.705355967331 -0.705355967331 -0.0703272258902
vn -0.595901222073 -0.595985867268 0.538240261917
vn -0.839586225344 -0.0734712040575 0.538235034522
vn -0.993826300702 -0.0869011882387 -0.0689743975317
vn -0.814059717571 0.218137872251 0.538258901383
vn -0.963628748747 0.258191447162 -0.0689696397016
vn -0.690368630315 0.483410408192 0.538243004162
vn -0.817219974185 0.572183683938 -0.0689735139612
vn -0.483317286777 0.690441172176 0.538233581326
vn -0.572196354016 0.817095601899 -0.0703285845751
vn -0.572129256722 0.817142239691 -0.0703325935478
vn -0.483475261696 0.690340368165 0.538221002387
vn -0.164057864015 0.612255180066 0.773452397848
vn -0.186069055148 0.694328683973 0.695187733874
vn 0.0626515091782 0.716100205967 0.69518003669
vn 0.0552439726617 0.631442436744 0.773452359595
vn 0.267912502298 0.574456943683 0.773448195399
vn 0.303816975239 0.651482317867 0.695173384893
vn 0.405209578579 0.869060331576 -0.283794533967
vn 0.0835938948139 0.955235352081 -0.283791266399
vn -0.248202882067 0.926201781178 -0.28380554941
vn 0.448199490174 0.448199490174 0.773456161663
vn 0.50830953277 0.50830953277 0.695156700169
vn 0.678029201694 0.678029201694 -0.283818257517
vn 0.574456943683 0.267912502298 0.773448195399
vn 0.651482317867 0.303816975239 0.695173384893
vn 0.869060331576 0.405209578579 -0.283794533967
vn 0.631442436744 0.0552439726617 0.773452359595
vn 0.716100205967 0.0626515091782 0.69518003669
vn 0.955235352081 0.0835938948139 -0.283791266399
vn 0.612255180066 -0.164057864015 0.773452397848
vn 0.694328683973 -0.186069055148 0.695187733874
vn 0.926201781178 -0.248202882067 -0.28380554941
vn 0.519212507263 -0.363590405582 0.773447082398
vn 0.588843118753 -0.412284560476 0.695187185361
vn 0.785492772362 -0.549960119797 -0.283804459443
vn 0.364186424471 -0.520441436548 0.772339924745
vn 0.404688603711 -0.577281633251 0.709205929147
vn 0.415291918246 -0.593253285434 0.689625377986
vn 0.549960119797 -0.785492772362 -0.283804459443
vn 0.16284077086 -0.609387210456 0.775970431832
vn 0.362143462317 -0.516459772633 0.77596482907
vn 0.182136732049 -0.681088758292 0.709185669742
vn 0.25415199708 -0.94852629115 -0.188956707682
vn 0.190385557136 -0.711178823373 0.676740733826
vn -0.0552439726617 -0.631442436744 0.773452359595
vn 0.164377583493 -0.612182552693 0.773442003141
vn 0.186578375595 -0.694187717537 0.695192004112
vn -0.0626515091782 -0.716100205967 0.69518003669
vn -0.0835938948139 -0.955235352081 -0.283791266399
vn 0.249169646768 -0.925939737403 -0.283813477177
vn -0.267912502298 -0.574456943683 0.773448195399
vn -0.303816975239 -0.651482317867 0.695173384893
vn -0.405209578579 -0.869060331576 -0.283794533967
vn -0.448199490174 -0.448199490174 0.773456161663
vn -0.50830953277 -0.50830953277 0.695156700169
vn -0.678029201694 -0.678029201694 -0.283818257517
vn -0.574456943683 -0.267912502298 0.773448195399
vn -0.651482317867 -0.303816975239 0.695173384893
vn -0.869060331576 -0.405209578579 -0.283794533967
vn -0.631442436744 -0.0552439726617 0.773452359595
vn -0.716100205967 -0.0626515091782 0.69518003669
vn -0.955235352081 -0.0835938948139 -0.283791266399
vn -0.612255180066 0.164057864015 0.773452397848
vn -0.694328683973 0.186069055148 0.695187733874
vn -0.926201781178 0.248202882067 -0.28380554941
vn -0.519212507263 0.363590405582 0.773447082398
vn -0.588843118753 0.412284560476 0.695187185361
vn -0.785492772362 0.549960119797 -0.283804459443
vn -0.363590405582 0.519212507263 0.773447082398
vn -0.412284560476 0.588843118753 0.695187185361
vn -0.549960119797 0.785492772362 -0.283804459443
vn -0.144278750537 0.53849234306 -0.830186508328
vn 0.0486074679647 0.555334588539 -0.830205281139
vn 0.235617253981 0.505236412346 -0.830193156601
vn 0.241286840566 0.517459930734 -0.82098470184
vn 0.0497635748756 0.568751583193 -0.821002572
vn -0.147772723411 0.551478699598 -0.820996020761
vn 0.394170660553 0.394170660553 -0.83021622528
vn 0.403707688718 0.403707688718 -0.82099951531
vn 0.505236412346 0.235617253981 -0.830193156601
vn 0.517459930734 0.241286840566 -0.82098470184
vn 0.555334588539 0.0486074679647 -0.830205281139
vn 0.568751583193 0.0497635748756 -0.821002572
vn 0.53849234306 -0.144278750537 -0.830186508328
vn 0.551478699598 -0.147772723411 -0.820996020761
vn 0.456633811694 -0.319769179106 -0.83020071917
vn 0.46770168192 -0.327455348125 -0.820992163004
vn 0.319769179106 -0.456633811694 -0.83020071917
vn 0.327455348125 -0.46770168192 -0.820992163004
vn 0.146655796849 -0.54876904584 -0.823009484501
vn 0.24048905031 -0.898248029423 -0.36785254426
vn 0.144878964827 -0.542850737839 -0.827238274005
vn 0.141972641637 -0.532073074976 -0.834710735472
vn 0.144953489821 -0.538496515351 -0.830066255635
vn -0.0486074679647 -0.555334588539 -0.830205281139
vn -0.0497635748756 -0.568751583193 -0.821002572
vn 0.148005735909 -0.551419080931 -0.820994092137
vn -0.235617253981 -0.505236412346 -0.830193156601
vn -0.241286840566 -0.517459930734 -0.82098470184
vn -0.394170660553 -0.394170660553 -0.83021622528
vn -0.403707688718 -0.403707688718 -0.82099951531
vn -0.505236412346 -0.235617253981 -0.830193156601
vn -0.517459930734 -0.241286840566 -0.82098470184
vn -0.555334588539 -0.0486074679647 -0.830205281139
vn -0.568751583193 -0.0497635748756 -0.821002572
vn -0.53849234306 0.144278750537 -0.830186508328
vn -0.551478699598 0.147772723411 -0.820996020761
vn -0.456633811694 0.319769179106 -0.83020071917
vn -0.46770168192 0.327455348125 -0.820992163004
vn -0.319769179106 0.456633811694 -0.83020071917
vn -0.327455348125 0.46770168192 -0.820992163004
vn -0.220005797829 0.820968109772 -0.526885956977
vn 0.0740777943953 0.846688720577 -0.526906719283
vn 0.359202900104 0.770293508533 -0.526897700953
vn 0.380452741361 0.815861772535 0.435459848559
vn 0.0784236014323 0.896772531921 0.435486813498
vn -0.233013886483 0.869515403423 0.435485352126
vn 0.600986288744 0.600986288744 -0.52690697612
vn 0.636528302338 0.636528302338 0.435503663183
vn 0.770293508533 0.359202900104 -0.526897700953
vn 0.815861772535 0.380452741361 0.435459848559
vn 0.846688720577 0.0740777943953 -0.526906719283
vn 0.896772531921 0.0784236014323 0.435486813498
vn 0.820968109772 -0.220005797829 -0.526885956977
vn 0.869515403423 -0.233013886483 0.435485352126
vn 0.696228253131 -0.487479254379 -0.526906249813
vn 0.737410616514 -0.51630475292 0.435493954911
vn 0.487479254379 -0.696228253131 -0.526906249813
vn 0.521444833794 -0.744673883237 0.416600639623
vn 0.21430374671 -0.801056070523 -0.558912404608
vn 0.150239524242 -0.562062086156 -0.813335291661
vn 0.239564157986 -0.893915471263 0.378845805633
vn 0.225405905134 -0.841404680489 -0.491152055459
vn 0.219746758587 -0.821042151384 -0.526878684083
vn -0.0740777943953 -0.846688720577 -0.526906719283
vn -0.0784236014323 -0.896772531921 0.435486813498
vn 0.230238766395 -0.860314196304 0.454807205403
vn -0.359202900104 -0.770293508533 -0.526897700953
vn -0.380452741361 -0.815861772535 0.435459848559
vn -0.600986288744 -0.600986288744 -0.52690697612
vn -0.636528302338 -0.636528302338 0.435503663183
vn -0.770293508533 -0.359202900104 -0.526897700953
vn -0.815861772535 -0.380452741361 0.435459848559
vn -0.846688720577 -0.0740777943953 -0.526906719283
vn -0.896772531921 -0.0784236014323 0.435486813498
vn -0.820968109772 0.220005797829 -0.526885956977
vn -0.869515403423 0.233013886483 0.435485352126
vn -0.696228253131 0.487479254379 -0.526906249813
vn -0.737410616514 0.51630475292 0.435493954911
vn -0.487479254379 0.696228253131 -0.526906249813
vn -0.51630475292 0.737410616514 0.435493954911
vn -0.120433924853 0.449430041666 0.885160046202
vn 0.0405637690467 0.463489336924 0.885173550892
vn 0.196637281103 0.421669141866 0.885171686442
vn 0.106873185177 0.229187794659 0.967497326647
vn 0.0220466952058 0.251929121286 0.967494527674
vn -0.0654447292173 0.24428063976 0.967493646727
vn 0.328998550165 0.328998550165 0.885166598996
vn 0.178808030467 0.178808030467 0.967499548569
vn 0.421669141866 0.196637281103 0.885171686442
vn 0.229187794659 0.106873185177 0.967497326647
vn 0.463489336924 0.0405637690467 0.885173550892
vn 0.251929121286 0.0220466952058 0.967494527674
vn 0.449430041666 -0.120433924853 0.885160046202
vn 0.24425339652 -0.065445192936 0.967500493545
vn 0.381109308897 -0.266853780016 0.885180633974
vn 0.207141042828 -0.145056669267 0.967497364894
vn 0.263631650327 -0.376302910036 0.888197316391
vn 0.145056669267 -0.207141042828 0.967497364894
vn 0.276554128407 -0.394322631201 0.876371768477
vn 0.122211805601 -0.454584972458 0.882279308035
vn 0.500995374844 -0.715094469764 0.487486957464
vn 0.064718833399 -0.244922055499 0.967380307497
vn 0.115383483038 -0.434478487582 0.893260933698
vn -0.0405637690467 -0.463489336924 0.885173550892
vn -0.0220466952058 -0.251929121286 0.967494527674
vn 0.0664304462362 -0.244458240746 0.967381602236
vn -0.196637281103 -0.421669141866 0.885171686442
vn -0.106873185177 -0.229187794659 0.967497326647
vn -0.328998550165 -0.328998550165 0.885166598996
vn -0.178808030467 -0.178808030467 0.967499548569
vn -0.421669141866 -0.196637281103 0.885171686442
vn -0.229187794659 -0.106873185177 0.967497326647
vn -0.463489336924 -0.0405637690467 0.885173550892
vn -0.251929121286 -0.0220466952058 0.967494527674
vn -0.449430041666 0.120433924853 0.885160046202
vn -0.24425339652 0.065445192936 0.967500493545
vn -0.381109308897 0.266853780016 0.885180633974
vn -0.207141042828 0.145056669267 0.967497364894
vn -0.266853780016 0.381109308897 0.885180633974
vn -0.145056669267 0.207141042828 0.967497364894
vn -0.0629100137133 0.234759010883 0.970015740586
vn -0.0280010046989 0.104505689084 0.994130024034
vn 0.0094362975616 0.107783894396 0.994129563184
vn 0.02118563684 0.242129611358 0.970012587596
vn 0.0457325287344 0.0980577866455 0.994129371004
vn 0.102721092381 0.22026936186 0.970015353181
vn 0.0120680931161 0.0258920871789 0.999591897201
vn 0.00248504482632 0.0284664098129 0.999591660662
vn -0.00739561464975 0.027588468869 0.999592007406
vn 0.0765046682285 0.0765046682285 0.994129806151
vn 0.171848622586 0.17187675744 0.970013624217
vn 0.0202077253474 0.0202077253474 0.999591564426
vn 0.0980577866455 0.0457325287344 0.994129371004
vn 0.22026936186 0.102721092381 0.970015353181
vn 0.0258920871789 0.0120680931161 0.999591897201
vn 0.107783894396 0.0094362975616 0.994129563184
vn 0.242129611358 0.02118563684 0.970012587596
vn 0.0284664098129 0.00248504482632 0.999591660662
vn 0.104505689084 -0.0280010046989 0.994130024034
vn 0.234759010883 -0.0629100137133 0.970015740586
vn 0.0276033379782 -0.0073956118633 0.999591596932
vn 0.0886394782028 -0.0620693696991 0.994127977802
vn 0.199083764716 -0.139409276981 0.970015828798
vn 0.0234070387167 -0.0163834394889 0.999591763396
vn 0.0620693696991 -0.0886394782028 0.994127977802
vn 0.139409276981 -0.199083764716 0.970015828798
vn 0.0163834394889 -0.0234070387167 0.999591763396
vn 0.0280010046989 -0.104505689084 0.994130024034
vn 0.0629100137133 -0.234759010883 0.970015740586
vn 0.0073956118633 -0.0276033379782 0.999591596932
vn -0.0094362975616 -0.107783894396 0.994129563184
vn -0.02118563684 -0.242129611358 0.970012587596
vn -0.00248504482632 -0.0284664098129 0.999591660662
vn -0.0457325287344 -0.0980577866455 0.994129371004
vn -0.102721092381 -0.22026936186 0.970015353181
vn -0.0120680931161 -0.0258920871789 0.999591897201
vn -0.0765046682285 -0.0765046682285 0.994129806151
vn -0.171848622586 -0.17187675744 0.970013624217
vn -0.0202077253474 -0.0202077253474 0.999591564426
vn -0.0980577866455 -0.0457325287344 0.994129371004
vn -0.22026936186 -0.102721092381 0.970015353181
vn -0.0258920871789 -0.0120680931161 0.999591897201
vn -0.107783894396 -0.0094362975616 0.994129563184
vn -0.242129611358 -0.02118563684 0.970012587596
vn -0.0284664098129 -0.00248504482632 0.999591660662
vn -0.104505689084 0.0280010046989 0.994130024034
vn -0.234759010883 0.0629100137133 0.970015740586
vn -0.0276033379782 0.0073956118633 0.999591596932
vn -0.0886394782028 0.0620693696991 0.994127977802
vn -0.199083764716 0.139409276981 0.970015828798
vn -0.0234070387167 0.0163834394889 0.999591763396
vn -0.0620693696991 0.0886394782028 0.994127977802
vn -0.139409276981 0.199083764716 0.970015828798
vn -0.0163834394889 0.0234070387167 0.999591763396
vn 0.213500295957 0.457054942531 -0.863434075731
vn 0.225961385304 0.484571391086 -0.845063322653
vn 0.0465858659676 0.532637194921 -0.845060575154
vn 0.0436260328127 0.502557335213 -0.863442467154
vn -0.138385892396 0.51645045414 -0.845061106195
vn -0.130878574027 0.487167805517 -0.86344561388
vn 0.0443018440307 0.50250353699 -0.863439367835
vn -0.306675354261 0.437982230227 -0.845057272079
vn -0.289626931795 0.413017369478 -0.863442466461
vn -0.130255314697 0.487326464637 -0.863450328541
vn -0.437982230227 0.306675354261 -0.845057272079
vn -0.413387590899 0.289059323324 -0.863455503943
vn -0.289059323324 0.413387590899 -0.863455503943
vn -0.51645045414 0.138385892396 -0.845061106195
vn -0.487326464637 0.130255314697 -0.863450328541
vn -0.413017369478 0.289626931795 -0.863442466461
vn -0.532637194921 -0.0465858659676 -0.845060575154
vn -0.50250353699 -0.0443018440307 -0.863439367835
vn -0.487167805517 0.130878574027 -0.86344561388
vn -0.500769693358 -0.233160813057 -0.83358607802
vn -0.484517371274 -0.226071525112 -0.845064839209
vn -0.457054942531 -0.213500295957 -0.863434075731
vn -0.502557335213 -0.0436260328127 -0.863442467154
vn -0.390360114718 -0.390812642814 -0.833597300292
vn -0.356449044041 -0.356917029389 -0.863454870352
vn -0.457321398446 -0.212879339703 -0.863446307104
vn -0.378175456222 -0.377955967724 -0.845063672615
vn -0.225961385304 -0.484571391086 -0.845063322653
vn -0.212879339703 -0.457321398446 -0.863446307104
vn -0.356917029389 -0.356449044041 -0.863454870352
vn -0.0465858659676 -0.532637194921 -0.845060575154
vn -0.0436260328127 -0.502557335213 -0.863442467154
vn -0.213500295957 -0.457054942531 -0.863434075731
vn 0.138385892396 -0.51645045414 -0.845061106195
vn 0.130878574027 -0.487167805517 -0.86344561388
vn -0.0443018440307 -0.50250353699 -0.863439367835
vn 0.306675354261 -0.437982230227 -0.845057272079
vn 0.289626931795 -0.413017369478 -0.863442466461
vn 0.130255314697 -0.487326464637 -0.863450328541
vn 0.437982230227 -0.306675354261 -0.845057272079
vn 0.413387590899 -0.289059323324 -0.863455503943
vn 0.289059323324 -0.413387590899 -0.863455503943
vn 0.51645045414 -0.138385892396 -0.845061106195
vn 0.487326464637 -0.130255314697 -0.863450328541
vn 0.413017369478 -0.289626931795 -0.863442466461
vn 0.532637194921 0.0465858659676 -0.845060575154
vn 0.50250353699 0.0443018440307 -0.863439367835
vn 0.487167805517 -0.130878574027 -0.86344561388
vn 0.484571391086 0.225961385304 -0.845063322653
vn 0.457054942531 0.213500295957 -0.863434075731
vn 0.502557335213 0.0436260328127 -0.863442467154
vn 0.378065714323 0.378065714323 -0.845063684764
vn 0.356449044041 0.356917029389 -0.863454870352
vn 0.457321398446 0.212879339703 -0.863446307104
vn 0.212879339703 0.457321398446 -0.863446307104
vn 0.356917029389 0.356449044041 -0.863454870352
vn 0.0363890072113 0.415692937364 -0.908776772359
vn -0.107984127735 0.403079436784 -0.908771916269
vn 0.176341743229 0.378169177951 -0.908785817695
vn -0.239352221257 0.34181914587 -0.908774001441
vn -0.34181914587 0.239352221257 -0.908774001441
vn -0.403079436784 0.107984127735 -0.908771916269
vn -0.415692937364 -0.0363890072113 -0.908776772359
vn -0.378272389016 -0.175546750718 -0.908896769727
vn -0.37846671545 -0.17665578301 -0.908600946305
vn -0.469999113384 -0.21828811822 -0.855249163029
vn -0.294328976675 -0.295423139075 -0.908898026397
vn -0.365887681699 -0.367007096831 -0.855237975804
vn -0.295624053505 -0.294485521923 -0.908781985058
vn -0.176341743229 -0.378169177951 -0.908785817695
vn -0.0363890072113 -0.415692937364 -0.908776772359
vn 0.107984127735 -0.403079436784 -0.908771916269
vn 0.239352221257 -0.34181914587 -0.908774001441
vn 0.34181914587 -0.239352221257 -0.908774001441
vn 0.403079436784 -0.107984127735 -0.908771916269
vn 0.415692937364 0.0363890072113 -0.908776772359
vn 0.378169177951 0.176341743229 -0.908785817695
vn 0.29505488392 0.29505488392 -0.908782279179
vn -0.117346387177 0.437879374387 -0.891342514919
vn 0.0395242234172 0.451604342413 -0.891342444674
vn 0.191584323484 0.410854513821 -0.891343937809
vn -0.260021952974 0.371331909254 -0.891347966364
vn -0.371331909254 0.260021952974 -0.891347966364
vn -0.437879374387 0.117346387177 -0.891342514919
vn -0.451604342413 -0.0395242234172 -0.891342444674
vn -0.410854513821 -0.191584323484 -0.891343937809
vn -0.319429035705 -0.32046491826 -0.891777622119
vn -0.296485303249 -0.297542447925 -0.907504797034
vn -0.191584323484 -0.410854513821 -0.891343937809
vn -0.321055848609 -0.320018206421 -0.891353739899
vn -0.0395242234172 -0.451604342413 -0.891342444674
vn 0.117346387177 -0.437879374387 -0.891342514919
vn 0.260021952974 -0.371331909254 -0.891347966364
vn 0.371331909254 -0.260021952974 -0.891347966364
vn 0.437879374387 -0.117346387177 -0.891342514919
vn 0.451604342413 0.0395242234172 -0.891342444674
vn 0.410854513821 0.191584323484 -0.891343937809
vn 0.320537107469 0.320537107469 -0.891353984381
vn 0.28447679861 0.609992433232 -0.739582437901
vn 0.362840854821 0.778168655496 -0.512640280973
vn 0.0748111465462 0.855329256816 -0.51265500562
vn 0.0586940352577 0.670516296301 -0.739569406222
vn -0.222185109314 0.829358930719 -0.512637826575
vn -0.174175713001 0.650142388884 -0.73957940424
vn -0.257766554562 0.961943346452 0.0906719447539
vn 0.0868433027335 0.992025392812 0.0913447359593
vn 0.420929596399 0.902618073409 0.0899938244018
vn -0.492455076815 0.703347201036 -0.512631165765
vn -0.386047113312 0.551359539643 -0.739574394059
vn -0.571187233811 0.81579679118 0.0906682934251
vn -0.703303649601 0.492484932684 -0.512662235333
vn -0.551359539643 0.386047113312 -0.739574394059
vn -0.81579679118 0.571187233811 0.0906682934251
vn -0.829358930719 0.222185109314 -0.512637826575
vn -0.650142388884 0.174175713001 -0.73957940424
vn -0.961943346452 0.257766554562 0.0906719447539
vn -0.855329256816 -0.0748111465462 -0.51265500562
vn -0.670516296301 -0.0586940352577 -0.739569406222
vn -0.992086937381 -0.0868486939875 0.0906686992898
vn -0.775248097273 -0.361645034884 -0.517883439028
vn -0.610035226824 -0.284464967502 -0.739551691431
vn -0.902393277846 -0.42082476101 0.0926978566089
vn -0.601239911176 -0.601496081069 -0.526035201928
vn -0.484944410383 -0.485291540126 -0.727544527792
vn -0.704193938466 -0.704193938466 0.090674109063
vn -0.609154760413 -0.609154760413 -0.507800113954
vn -0.786907546976 -0.36688083715 -0.496160219933
vn -0.902393277846 -0.42082476101 0.0926978566089
vn -0.362840854821 -0.778168655496 -0.512640280973
vn -0.284464967502 -0.610035226824 -0.739551691431
vn -0.476307121168 -0.475557251146 -0.739578817441
vn -0.420903672916 -0.902562485358 0.090670051008
vn -0.0748111465462 -0.855329256816 -0.51265500562
vn -0.0586940352577 -0.670516296301 -0.739569406222
vn -0.0868486939875 -0.992086937381 0.0906686992898
vn 0.222185109314 -0.829358930719 -0.512637826575
vn 0.174175713001 -0.650142388884 -0.73957940424
vn 0.257766554562 -0.961943346452 0.0906719447539
vn 0.492455076815 -0.703347201036 -0.512631165765
vn 0.386047113312 -0.551359539643 -0.739574394059
vn 0.571187233811 -0.81579679118 0.0906682934251
vn 0.703347201036 -0.492455076815 -0.512631165765
vn 0.551359539643 -0.386047113312 -0.739574394059
vn 0.81579679118 -0.571187233811 0.0906682934251
vn 0.829358930719 -0.222185109314 -0.512637826575
vn 0.650142388884 -0.174175713001 -0.73957940424
vn 0.961943346452 -0.257766554562 0.0906719447539
vn 0.855329256816 0.0748111465462 -0.51265500562
vn 0.670516296301 0.0586940352577 -0.739569406222
vn 0.992095517516 0.0867498483305 0.0906694432503
vn 0.778168655496 0.362840854821 -0.512640280973
vn 0.610035226824 0.284464967502 -0.739551691431
vn 0.902562485358 0.420903672916 0.090670051008
vn 0.607115445896 0.607115445896 -0.512661360656
vn 0.475950900607 0.475950900607 -0.739554920491
vn 0.704193938466 0.704193938466 0.090674109063
vn 0.412357771251 0.884265328434 0.219170931964
vn 0.132136724766 0.283360246054 0.949866757458
vn 0.028923251705 0.333540465248 0.942291994847
vn 0.0849896931385 0.972692400272 0.215977421303
vn 0.0284934893009 0.311341825608 0.949870722096
vn -0.0809135092616 0.301903825539 0.949898459912
vn -0.252583249284 0.942573887608 0.218531847976
vn 0.0851836577505 0.972676226217 0.215973848892
vn -0.0480028944021 0.179113880376 0.982656572759
vn 0.0175877656395 0.184601182373 0.982656132106
vn 0.0242865021363 0.295567732066 0.955013026914
vn 0.0783713053696 0.168045712438 0.982658932197
vn 0.0146384360557 0.184467726446 0.982729552873
vn -0.179307858393 0.256100327642 0.949874367535
vn -0.559739516096 0.799334971626 0.218529808622
vn -0.106347735326 0.151888487116 0.982659679987
vn -0.256100327642 0.179307858393 0.949874367535
vn -0.799334971626 0.559739516096 0.218529808622
vn -0.151888487116 0.106347735326 0.982659679987
vn -0.301970962675 0.080931502693 0.949875586366
vn -0.942573887608 0.252583249284 0.218531847976
vn -0.179113880376 0.0480028944021 0.982656572759
vn -0.311445185545 -0.0272621431956 0.949872976744
vn -0.972119450767 -0.0850372648812 0.21852331002
vn -0.184718892518 -0.0161573342763 0.982658573105
vn -0.283360246054 -0.132136724766 0.949866757458
vn -0.884394651499 -0.412418087671 0.218534714318
vn -0.168045712438 -0.0783713053696 0.982658932197
vn -0.221072477049 -0.221072477049 0.949870475266
vn -0.690014680452 -0.690014680452 0.218539427843
vn -0.131111368841 -0.131111368841 0.982659461829
vn -0.130837686647 -0.283943435457 0.949872425757
vn -0.412541022837 -0.884965451688 0.215976975152
vn -0.0770580347361 -0.168655323477 0.982658354234
vn -0.141720431774 -0.303314304114 0.942292816559
vn -0.0272621431956 -0.311445185545 0.949872976744
vn -0.0850372648812 -0.972119450767 0.21852331002
vn -0.412738799883 -0.884872916103 0.21597825219
vn -0.0161573342763 -0.184718892518 0.982658573105
vn -0.126742617817 -0.26810307898 0.955016778842
vn -0.0795625803385 -0.167088442461 0.982726436098
vn 0.080931502693 -0.301970962675 0.949875586366
vn 0.252583249284 -0.942573887608 0.218531847976
vn 0.0480028944021 -0.179113880376 0.982656572759
vn 0.179307858393 -0.256100327642 0.949874367535
vn 0.559739516096 -0.799334971626 0.218529808622
vn 0.106347735326 -0.151888487116 0.982659679987
vn 0.256100327642 -0.179307858393 0.949874367535
vn 0.799334971626 -0.559739516096 0.218529808622
vn 0.151888487116 -0.106347735326 0.982659679987
vn 0.301970962675 -0.080931502693 0.949875586366
vn 0.942573887608 -0.252583249284 0.218531847976
vn 0.179113880376 -0.0480028944021 0.982656572759
vn 0.311445185545 0.0272621431956 0.949872976744
vn 0.972119450767 0.0850372648812 0.21852331002
vn 0.184718892518 0.0161573342763 0.982658573105
vn 0.283360246054 0.132136724766 0.949866757458
vn 0.884394651499 0.412418087671 0.218534714318
vn 0.168045712438 0.0783713053696 0.982658932197
vn 0.221072477049 0.221072477049 0.949870475266
vn 0.690014680452 0.690014680452 0.218539427843
vn 0.131111368841 0.131111368841 0.982659461829
vn 0.0746220710812 0.160015038798 -0.984289964323
vn 0.0799192506302 0.171397951912 -0.981955017024
vn 0.0148506001853 0.187382408306 -0.98217477708
vn 0.013768468367 0.175354853445 -0.984409012886
vn 0.0179207556438 0.188251004974 -0.98195743576
vn -0.0489437067704 0.182672534225 -0.981954815054
vn -0.045702367853 0.170535643755 -0.984291058469
vn 0.0168053602495 0.17575035811 -0.984291314343
vn -0.105149273347 0.392374840807 -0.913775472759
vn 0.0367315954894 0.404560703079 -0.913773181603
vn 0.0154687301997 0.191156136132 -0.981437746373
vn 0.171684328322 0.368169879798 -0.913769900477
vn 0.0323681700102 0.384453739594 -0.92257662212
vn -0.108473889878 0.154901662439 -0.981956664109
vn -0.101264843615 0.144621773474 -0.984291610289
vn -0.23300346269 0.332764354669 -0.913770907086
vn -0.154901662439 0.108473889878 -0.981956664109
vn -0.144621773474 0.101264843615 -0.984291610289
vn -0.332764354669 0.23300346269 -0.913770907086
vn -0.182672534225 0.0489437067704 -0.981954815054
vn -0.170535643755 0.045702367853 -0.984291058469
vn -0.392374840807 0.105149273347 -0.913775472759
vn -0.188393061354 -0.0164728206311 -0.981955549205
vn -0.175886758906 -0.0153935061222 -0.984290042625
vn -0.404687329735 -0.0354058661414 -0.913769440173
vn -0.171397951912 -0.0799192506302 -0.981955017024
vn -0.160015038798 -0.0746220710812 -0.984289964323
vn -0.368169879798 -0.171684328322 -0.913769900477
vn -0.133728688005 -0.133728688005 -0.981953805435
vn -0.124833549709 -0.124833549709 -0.984293233612
vn -0.287263756333 -0.287263756333 -0.913760947182
vn -0.0785663939189 -0.172015304553 -0.981956239731
vn -0.0733012606653 -0.160629725336 -0.984289091946
vn -0.170658472018 -0.368641116912 -0.913772079268
vn -0.0808271348941 -0.16969441909 -0.98217655154
vn -0.0164728206311 -0.188393061354 -0.981955549205
vn -0.0153935061222 -0.175886758906 -0.984290042625
vn -0.0757493175224 -0.158746397243 -0.984409275788
vn -0.0354058661414 -0.404687329735 -0.913769440173
vn -0.0821804480384 -0.173292509044 -0.981435723962
vn -0.164210105228 -0.349140598806 -0.922570259442
vn 0.0489437067704 -0.182672534225 -0.981954815054
vn 0.045702367853 -0.170535643755 -0.984291058469
vn 0.105149273347 -0.392374840807 -0.913775472759
vn 0.108473889878 -0.154901662439 -0.981956664109
vn 0.101264843615 -0.144621773474 -0.984291610289
vn 0.23300346269 -0.332764354669 -0.913770907086
vn 0.154901662439 -0.108473889878 -0.981956664109
vn 0.144621773474 -0.101264843615 -0.984291610289
vn 0.332764354669 -0.23300346269 -0.913770907086
vn 0.182672534225 -0.0489437067704 -0.981954815054
vn 0.170535643755 -0.045702367853 -0.984291058469
vn 0.392374840807 -0.105149273347 -0.913775472759
vn 0.188393061354 0.0164728206311 -0.981955549205
vn 0.175886758906 0.0153935061222 -0.984290042625
vn 0.404687329735 0.0354058661414 -0.913769440173
vn 0.171397951912 0.0799192506302 -0.981955017024
vn 0.160015038798 0.0746220710812 -0.984289964323
vn 0.368169879798 0.171684328322 -0.913769900477
vn 0.133728688005 0.133728688005 -0.981953805435
vn 0.124833549709 0.124833549709 -0.984293233612
vn 0.287263756333 0.287263756333 -0.913760947182
vn 0.0239644060691 0.261967083147 -0.964779225828
vn -0.0680734514129 0.254089157559 -0.964782206109
vn -0.258807729523 0.965928858219 0
vn 0.0835999497559 0.99649939709 0
vn 0.021021728552 0.25705309715 -0.966168614774
vn 0.111167310837 0.238420309235 -0.964778516109
vn 0.0140923177543 0.176896274376 -0.984128606785
vn 0.422606241061 0.906313392275 0
vn 0.0224644796385 0.267091167361 -0.963409391418
vn 0.0820889021977 0.958024611201 -0.274682100746
vn -0.150889659397 0.215471385946 -0.964782044052
vn -0.573569718632 0.819156748046 0
vn -0.215471385946 0.150889659397 -0.964782044052
vn -0.819156748046 0.573569718632 0
vn -0.254089157559 0.0680734514129 -0.964782206109
vn -0.965928858219 0.258807729523 0
vn -0.262056881774 -0.022919903611 -0.964780217839
vn -0.996190895081 -0.0871992004447 0
vn -0.238420309235 -0.111167310837 -0.964778516109
vn -0.906313392275 -0.422606241061 0
vn -0.186014923046 -0.186014923046 -0.964778159376
vn -0.707106781187 -0.707106781187 0
vn -0.11030220652 -0.238809052366 -0.964781664287
vn -0.424510740802 -0.905422901711 0
vn -0.1140786119 -0.242538151877 -0.963411290774
vn -0.022919903611 -0.262056881774 -0.964780217839
vn -0.0871992004447 -0.996190895081 0
vn -0.407851214994 -0.870749822553 -0.274685516458
vn -0.110363347133 -0.233165725957 -0.966154064241
vn -0.0762401100781 -0.160245839271 -0.984128404535
vn 0.0680734514129 -0.254089157559 -0.964782206109
vn 0.258807729523 -0.965928858219 0
vn 0.150889659397 -0.215471385946 -0.964782044052
vn 0.573569718632 -0.819156748046 0
vn 0.215471385946 -0.150889659397 -0.964782044052
vn 0.819156748046 -0.573569718632 0
vn 0.254089157559 -0.0680734514129 -0.964782206109
vn 0.965928858219 -0.258807729523 0
vn 0.262056881774 0.022919903611 -0.964780217839
vn 0.996190895081 0.0871992004447 0
vn 0.238420309235 0.111167310837 -0.964778516109
vn 0.906313392275 0.422606241061 0
vn 0.186014923046 0.186014923046 -0.964778159376
vn 0.707106781187 0.707106781187 0
vn 0.0239644060691 0.261967083147 0.964779225828
vn -0.0680734514129 0.254089157559 0.964782206109
vn 0.0224644796385 0.267091167361 0.963409391418
vn 0.111167310837 0.238420309235 0.964778516109
vn 0.082184488825 0.958017046149 0.274679902952
vn 0.021021728552 0.25705309715 0.966168614774
vn 0.014840768491 0.185709535349 0.982492605606
vn -0.150889659397 0.215471385946 0.964782044052
vn -0.215471385946 0.150889659397 0.964782044052
vn -0.254089157559 0.0680734514129 0.964782206109
vn -0.262056881774 -0.022919903611 0.964780217839
vn -0.238420309235 -0.111167310837 0.964778516109
vn -0.186014923046 -0.186014923046 0.964778159376
vn -0.11030220652 -0.238809052366 0.964781664287
vn -0.110363347133 -0.233165725957 0.966154064241
vn -0.022919903611 -0.262056881774 0.964780217839
vn -0.0799895974628 -0.168258035968 0.982492187058
vn -0.1140777744 -0.242566648953 0.963404215376
vn -0.407851214994 -0.870749822553 0.274685516458
vn 0.0680734514129 -0.254089157559 0.964782206109
vn 0.150889659397 -0.215471385946 0.964782044052
vn 0.215471385946 -0.150889659397 0.964782044052
vn 0.254089157559 -0.0680734514129 0.964782206109
vn 0.262056881774 0.022919903611 0.964780217839
vn 0.238420309235 0.111167310837 0.964778516109
vn 0.186014923046 0.186014923046 0.964778159376
vn 0.029590683282 0.0634825261014 -0.997544164608
vn 0.00553908462495 0.0636039694777 -0.997959845689
vn 0.0375678483599 0.432007622035 -0.901087160752
vn 0.00558683385927 0.0636039522568 -0.997959580617
vn -0.0165588726124 0.0617932529448 -0.997951600845
vn -0.0367001930852 0.0523992770926 -0.997951607839
vn -0.0523992770926 0.0367001930852 -0.997951607839
vn -0.0617932529448 0.0165588726124 -0.997951600845
vn -0.0637357135614 -0.00557269581281 -0.997951253257
vn -0.0579878693766 -0.0270355300426 -0.997951144656
vn -0.0452343545492 -0.0452502764445 -0.997951033694
vn -0.0269632414743 -0.0578738744473 -0.997959717757
vn -0.0270109815881 -0.057857935647 -0.997959350954
vn -0.00609600434765 -0.0697725770411 -0.997544297876
vn -0.183445403045 -0.392903075928 -0.901096530361
vn 0.0181263146799 -0.067654325503 -0.997544148876
vn 0.0401657344475 -0.0573703811006 -0.997544662233
vn 0.0573703434839 -0.040181878503 -0.997544014231
vn 0.067654325503 -0.0181263146799 -0.997544148876
vn 0.0697725770411 0.00609600434765 -0.997544297876
vn 0.0634824968915 0.0296068389248 -0.997543687102
vn 0.0495280029395 0.0495280029395 -0.997543960861
vn -0.0087054232065 0.0324692820364 0.999434820952
vn 0.00293676925213 0.0334881607233 0.999434799513
vn 0.0142043706153 0.0304764662377 0.999434550564
vn 0.0237788318593 0.0237788318593 0.999434407208
vn 0.0304614961516 0.0142043775302 0.999435006847
vn 0.0334881607233 0.00293676925213 0.999434799513
vn 0.0324692820364 -0.0087054232065 0.999434820952
vn 0.0275397012308 -0.0192837841071 0.999434690476
vn 0.0192837841071 -0.0275397012308 0.999434690476
vn 0.0087054232065 -0.0324692820364 0.999434820952
vn -0.00293676925213 -0.0334881607233 0.999434799513
vn -0.0142043706153 -0.0304764662377 0.999434550564
vn -0.0237788318593 -0.0237788318593 0.999434407208
vn -0.0304764662377 -0.0142043706153 0.999434550564
vn -0.0334881607233 -0.00293676925213 0.999434799513
vn -0.0324692820364 0.0087054232065 0.999434820952
vn -0.0275397012308 0.0192837841071 0.999434690476
vn -0.0192837841071 0.0275397012308 0.999434690476
vn -0.057474836104 -0.123251152606 -0.990709743869
vn -0.0118564364799 -0.13546524395 -0.990711154977
vn 0.00668331788691 0.0763972398073 -0.997055061174
vn 0.0351919506776 -0.131354152265 -0.990710660733
vn -0.0198151497325 0.0739941149463 -0.997061798884
vn 0.0779903301972 -0.111394896544 -0.990711201824
vn -0.043925784838 0.0627534706932 -0.997061947595
vn 0.111394896544 -0.0779903301972 -0.990711201824
vn -0.0627534262168 0.0439422102719 -0.997061226633
vn 0.131354152265 -0.0351919506776 -0.990710660733
vn -0.0739940916086 0.0198316015534 -0.997061473525
vn 0.13546524395 0.0118564364799 -0.990711154977
vn -0.0762982681295 -0.00668185853098 -0.99706264951
vn 0.123251152606 0.057474836104 -0.990709743869
vn -0.0694188844752 -0.0323724388852 -0.997062206524
vn 0.096162109475 0.096162109475 -0.990709693807
vn -0.0541625249128 -0.0541625249128 -0.997062105282
vn 0.057474836104 0.123251152606 -0.990709743869
vn -0.0323724388852 -0.0694188844752 -0.997062206524
vn 0.0118564364799 0.13546524395 -0.990711154977
vn -0.0351919506776 0.131354152265 -0.990710660733
vn -0.078010068172 0.11139472332 -0.990709667299
vn -0.111394896544 0.0779903301972 -0.990711201824
vn -0.131354152265 0.0351919506776 -0.990710660733
vn -0.13546524395 -0.0118564364799 -0.990711154977
vn -0.123251152606 -0.057474836104 -0.990709743869
vn -0.096162109475 -0.096162109475 -0.990709693807
vn 0.340386016544 0.729942508838 0.592723623228
vn 0.0702306203047 0.802346393148 0.592712346231
vn -0.208426190948 0.777973238328 0.592719295596
vn 0.569523176421 0.569523176421 0.592694443233
vn 0.729942508838 0.340386016544 0.592723623228
vn 0.802346393148 0.0702306203047 0.592712346231
vn 0.777973238328 -0.208426190948 0.592719295596
vn 0.65976924157 -0.46195997194 0.592703578699
vn 0.46195997194 -0.65976924157 0.592703578699
vn 0.165115005581 -0.617558675887 0.768998255374
vn 0.208522712532 -0.779323208325 0.590909143036
vn -0.0702306203047 -0.802346393148 0.592712346231
vn 0.209079097202 -0.779198937556 0.590876422634
vn -0.340386016544 -0.729942508838 0.592723623228
vn -0.569523176421 -0.569523176421 0.592694443233
vn -0.729942508838 -0.340386016544 0.592723623228
vn -0.802346393148 -0.0702306203047 0.592712346231
vn -0.777973238328 0.208426190948 0.592719295596
vn -0.65976924157 0.46195997194 0.592703578699
vn -0.46195997194 0.65976924157 0.592703578699
vn 0.0646579186642 0.739075912377 -0.670511856195
vn 0.313557050857 0.672389038926 -0.670503509454
vn 0.209344469535 0.44890940704 -0.868708948582
vn 0.0431179667665 0.49299573715 -0.868962625257
vn 0.38198053763 0.819138053288 -0.427906202955
vn 0.0787321487727 0.900391327763 -0.427898008454
vn -0.192026809798 0.716620713443 -0.670507611727
vn -0.233931211058 0.873029113201 -0.427897599896
vn -0.128153975871 0.478315422147 -0.868787036854
vn -0.425515700321 0.607740589657 -0.670513060622
vn -0.51840988469 0.740378471411 -0.427891236796
vn -0.284016063295 0.405627695189 -0.86879286869
vn -0.607740589657 0.425515700321 -0.670513060622
vn -0.740378471411 0.51840988469 -0.427891236796
vn -0.405627695189 0.284016063295 -0.86879286869
vn -0.716620713443 0.192026809798 -0.670507611727
vn -0.86924489304 0.233121828178 -0.43596734872
vn -0.478315422147 0.128153975871 -0.868787036854
vn -0.747355130879 -0.0655826824266 -0.661180172204
vn -0.890402627854 -0.0780614701421 -0.448430114053
vn -0.493587898954 -0.0435278020158 -0.86860596156
vn -0.732599950372 -0.0644141800644 -0.677604697535
vn -0.739079488131 -0.0645833932859 -0.670515097172
vn -0.672389038926 -0.313557050857 -0.670503509454
vn -0.819138053288 -0.38198053763 -0.427906202955
vn -0.903730905243 -0.0791071467293 -0.420728546982
vn -0.448772951669 -0.209280835713 -0.868794779941
vn -0.493640756886 -0.0428630150454 -0.868608982847
vn -0.524599665962 -0.524599665962 -0.670515011722
vn -0.639101538022 -0.639101538022 -0.427900044631
vn -0.350158468658 -0.350158468658 -0.868779657712
vn -0.313557050857 -0.672389038926 -0.670503509454
vn -0.38198053763 -0.819138053288 -0.427906202955
vn -0.209280835713 -0.448772951669 -0.868794779941
vn -0.0646579186642 -0.739075912377 -0.670511856195
vn -0.0787321487727 -0.900391327763 -0.427898008454
vn -0.0431441882253 -0.493295502555 -0.868791186754
vn 0.192026809798 -0.716620713443 -0.670507611727
vn 0.233931211058 -0.873029113201 -0.427897599896
vn 0.128153975871 -0.478315422147 -0.868787036854
vn 0.425515700321 -0.607740589657 -0.670513060622
vn 0.51840988469 -0.740378471411 -0.427891236796
vn 0.284016063295 -0.405627695189 -0.86879286869
vn 0.607740589657 -0.425515700321 -0.670513060622
vn 0.740378471411 -0.51840988469 -0.427891236796
vn 0.405627695189 -0.284016063295 -0.86879286869
vn 0.716620713443 -0.192026809798 -0.670507611727
vn 0.873029113201 -0.233931211058 -0.427897599896
vn 0.478315422147 -0.128153975871 -0.868787036854
vn 0.739075912377 0.0646579186642 -0.670511856195
vn 0.900391327763 0.0787321487727 -0.427898008454
vn 0.493295502555 0.0431441882253 -0.868791186754
vn 0.672389038926 0.313557050857 -0.670503509454
vn 0.819138053288 0.38198053763 -0.427906202955
vn 0.448772951669 0.209280835713 -0.868794779941
vn 0.524599665962 0.524599665962 -0.670515011722
vn 0.639101538022 0.639101538022 -0.427900044631
vn 0.350158468658 0.350158468658 -0.868779657712
vn -0.910051280727 0.243881663571 -0.335154293752
vn -0.883109245859 0.236650189169 -0.405110784656
vn 0.0457050501556 0.522428114906 -0.851457522808
vn -0.135715906174 0.506536182937 -0.851470661965
vn 0.221628845748 0.475273137702 -0.85146702773
vn -0.300803879258 0.429565830336 -0.851463577395
vn -0.429565830336 0.300803879258 -0.851463577395
vn -0.506536182937 0.135715906174 -0.851470661965
vn -0.522428114906 -0.0457050501556 -0.851457522808
vn -0.475273137702 -0.221628845748 -0.85146702773
vn -0.367454330931 -0.368310367275 -0.854005145206
vn -0.322613049065 -0.32351553127 -0.889527133707
vn -0.468962821523 -0.469568110111 -0.748050574491
vn -0.375589585642 -0.376244586036 -0.846978438117
vn -0.371301992514 -0.37033183068 -0.851462956059
vn -0.221628845748 -0.475273137702 -0.85146702773
vn -0.0457050501556 -0.522428114906 -0.851457522808
vn 0.135715906174 -0.506536182937 -0.851470661965
vn 0.300803879258 -0.429565830336 -0.851463577395
vn 0.429565830336 -0.300803879258 -0.851463577395
vn 0.506536182937 -0.135715906174 -0.851470661965
vn 0.522428114906 0.0457050501556 -0.851457522808
vn 0.475273137702 0.221628845748 -0.85146702773
vn 0.370817008007 0.370817008007 -0.851463148436
vn 0.0788028785377 0.168994409894 0.98246170193
vn 0.0162594364057 0.185748182356 0.982462845852
vn 0.0162594364057 0.185748182356 0.982462845852
vn 0.0788028785377 0.168994409894 0.98246170193
vn -0.0482606744496 0.180101030042 0.982463498701
vn -0.0482606744496 0.180101030042 0.982463498701
vn -0.106945286013 0.15273528151 0.982463556363
vn -0.106945286013 0.15273528151 0.982463556363
vn -0.15273528151 0.106945286013 0.982463556363
vn -0.15273528151 0.106945286013 0.982463556363
vn -0.180101030042 0.0482606744496 0.982463498701
vn -0.180101030042 0.0482606744496 0.982463498701
vn -0.185748182356 -0.0162594364057 0.982462845852
vn -0.185748182356 -0.0162594364057 0.982462845852
vn -0.168994409894 -0.0788028785377 0.98246170193
vn -0.168994409894 -0.0788028785377 0.98246170193
vn -0.131840464275 -0.131840464275 0.982464342335
vn -0.131840464275 -0.131840464275 0.982464342335
vn -0.0788028785377 -0.168994409894 0.98246170193
vn -0.0788028785377 -0.168994409894 0.98246170193
vn -0.0162594364057 -0.185748182356 0.982462845852
vn -0.0162594364057 -0.185748182356 0.982462845852
vn 0.0482606744496 -0.180101030042 0.982463498701
vn 0.0482606744496 -0.180101030042 0.982463498701
vn 0.106945286013 -0.15273528151 0.982463556363
vn 0.106945286013 -0.15273528151 0.982463556363
vn 0.15273528151 -0.106945286013 0.982463556363
vn 0.15273528151 -0.106945286013 0.982463556363
vn 0.180101030042 -0.0482606744496 0.982463498701
vn 0.180101030042 -0.0482606744496 0.982463498701
vn 0.185748182356 0.0162594364057 0.982462845852
vn 0.185748182356 0.0162594364057 0.982462845852
vn 0.168994409894 0.0788028785377 0.98246170193
vn 0.168994409894 0.0788028785377 0.98246170193
vn 0.131840464275 0.131840464275 0.982464342335
vn 0.131840464275 0.131840464275 0.982464342335
vt 0.18424800 0.38783800
vt 0.16447100 0.50000000
vt 0.49241200 0.50000000
vt 0.18424800 0.61216300
vt 0.24119400 0.71079700
vt 0.32844100 0.78400500
vt 0.43546500 0.82295900
vt 0.54935800 0.82295900
vt 0.65638200 0.78400500
vt 0.74362900 0.71079600
vt 0.80057500 0.61216200
vt 0.82035300 0.50000000
vt 0.80057500 0.38783700
vt 0.74362900 0.28920400
vt 0.65638200 0.21599500
vt 0.54935800 0.17704100
vt 0.43546500 0.17704100
vt 0.32844100 0.21599500
vt 0.24119400 0.28920400
vt 0.49241200 0.50000000
vt 0.16447100 0.50000000
vt 0.18424800 0.38783800
vt 0.18424800 0.61216300
vt 0.24119400 0.71079700
vt 0.32844100 0.78400500
vt 0.43546500 0.82295900
vt 0.54935800 0.82295900
vt 0.65638200 0.78400500
vt 0.74362900 0.71079600
vt 0.80057500 0.61216200
vt 0.82035300 0.50000000
vt 0.80057500 0.38783700
vt 0.74362900 0.28920400
vt 0.65638200 0.21599500
vt 0.54935800 0.17704100
vt 0.43546500 0.17704100
vt 0.32844100 0.21599500
vt 0.24119400 0.28920400
vt 0.25263200 0.26727500
vt 0.23664900 0.26856900
vt 0.23664900 0.47208200
vt 0.25263200 0.47163300
vt 0.22624400 0.26878600
vt 0.22624400 0.47215700
vt 0.22624400 0.68858100
vt 0.23664900 0.68865700
vt 0.25263200 0.68910600
vt 0.13976000 0.90250600
vt 0.12377600 0.90084200
vt 0.12282400 1.06799300
vt 0.13322400 1.06867300
vt 0.12373200 1.06800700
vt 0.11337200 0.90056400
vt 0.11332800 1.06735400
vt 0.13976000 0.71416900
vt 0.12377600 0.71328400
vt 0.11337200 0.71313600
vt 0.13976000 0.50000000
vt 0.12377600 0.50000000
vt 0.11337200 0.50000000
vt 0.13976000 0.28583100
vt 0.12377600 0.28671600
vt 0.11337200 0.28686400
vt 0.13976000 0.09749400
vt 0.12377600 0.09915800
vt 0.11337200 0.09943600
vt 0.13322400 -0.06867300
vt 0.12282400 -0.06799300
vt 0.34947600 1.08115200
vt 0.34952100 0.89217000
vt 0.33911600 0.89195300
vt 0.33907200 1.08051200
vt 0.36550400 0.68910600
vt 0.34952100 0.68865700
vt 0.36550400 0.89346400
vt 0.33911600 0.68858200
vt 0.36550400 0.47163300
vt 0.34952100 0.47208300
vt 0.33911600 0.47215800
vt 0.36550400 0.26727600
vt 0.34952100 0.26857000
vt 0.33911600 0.26878600
vt 0.02688800 0.90250600
vt 0.01090400 0.90084200
vt 0.00995100 1.06799300
vt 0.02035200 1.06867300
vt 0.01086000 1.06800700
vt 0.00050000 0.90056400
vt 0.00045600 1.06735400
vt 0.02688800 0.71416900
vt 0.01090400 0.71328400
vt 0.00050000 0.71313600
vt 0.02688800 0.50000000
vt 0.01090400 0.50000000
vt 0.00050000 0.50000000
vt 0.02688800 0.28583100
vt 0.01090400 0.28671600
vt 0.00050000 0.28686400
vt 0.02688800 0.09749400
vt 0.01090400 0.09915800
vt 0.00050000 0.09943600
vt 0.25263200 0.89346400
vt 0.23664900 0.89217000
vt 0.23569600 1.08114500
vt 0.24609600 1.08181600
vt 0.23660400 1.08115200
vt 0.22624400 0.89195300
vt 0.22620000 1.08051200
vt 0.81415600 0.47064000
vt 0.81415600 0.44408800
vt 0.81008400 0.44374100
vt 0.81008400 0.47024600
vt 0.81008400 0.47129700
vt 0.81415600 0.47169100
vt 0.81379100 0.48520400
vt 0.80916900 0.48428500
vt 0.81406500 0.48525800
vt 0.81877900 0.47257100
vt 0.81868600 0.48631300
vt 0.81877900 0.44486100
vt 0.81877900 0.47151900
vt 0.81415600 0.39418700
vt 0.81008400 0.39393000
vt 0.81877900 0.39476100
vt 0.81415600 0.32695600
vt 0.81008400 0.32681900
vt 0.81877900 0.32726100
vt 0.81415600 0.25050300
vt 0.81008400 0.25050300
vt 0.81877900 0.25050300
vt 0.81415600 0.17405000
vt 0.81008400 0.17418700
vt 0.81877900 0.17374500
vt 0.81415600 0.10681900
vt 0.81008400 0.10707600
vt 0.81877900 0.10624500
vt 0.81415600 0.05691800
vt 0.81008400 0.05726500
vt 0.81877900 0.05614500
vt 0.81415600 0.03036600
vt 0.81008400 0.03076000
vt 0.81877900 0.02948700
vt 0.81379100 0.01685400
vt 0.80916900 0.01777300
vt 0.81868600 0.01574500
vt 0.81406500 0.01679900
vt 0.81415600 0.03141800
vt 0.81415600 0.05796900
vt 0.81008400 0.05831600
vt 0.81008400 0.03181200
vt 0.81877900 0.05719600
vt 0.81877900 0.03053800
vt 0.81415600 0.10787000
vt 0.81008400 0.10812800
vt 0.81877900 0.10729600
vt 0.81415600 0.17510200
vt 0.81008400 0.17523900
vt 0.81877900 0.17479600
vt 0.81415600 0.25155400
vt 0.81008400 0.25155400
vt 0.81877900 0.25155400
vt 0.81415600 0.32800700
vt 0.81008400 0.32787000
vt 0.81877900 0.32831300
vt 0.81415600 0.39523900
vt 0.81008400 0.39498100
vt 0.81877900 0.39581300
vt 0.81415600 0.44514000
vt 0.81008400 0.44479300
vt 0.81877900 0.44591300
vt 0.30756100 0.46930500
vt 0.30756100 0.26057300
vt 0.30756100 0.69143400
vt 0.30756100 0.90016600
vt 0.30997300 1.09524500
vt 0.24432100 1.08137500
vt 0.08181700 0.28124700
vt 0.08181700 0.08887800
vt 0.08181700 0.50000000
vt 0.08181700 0.71875400
vt 0.08181700 0.91112200
vt 0.08422900 1.08405100
vt 0.01857600 1.06813900
vt 0.42043400 0.46930600
vt 0.42043400 0.26057400
vt 0.42043400 0.69143400
vt 0.42043400 0.90016600
vt 0.42043400 0.90016600
vt 0.42284500 1.09524500
vt 0.36061600 0.89218100
vt 0.35814800 1.08154000
vt 0.19468900 0.28124600
vt 0.19468900 0.08887800
vt 0.19468900 0.50000000
vt 0.19468900 0.71875300
vt 0.19468900 0.91112200
vt 0.19710100 1.08405100
vt 0.13144900 1.06813900
vt 0.32548400 0.46906200
vt 0.32548400 0.25987400
vt 0.32548400 0.69167700
vt 0.33847400 0.69147600
vt 0.33847400 0.46926300
vt 0.33847400 0.26045000
vt 0.32548400 0.90086500
vt 0.33847400 0.90028900
vt 0.31196500 1.09569700
vt 0.32495300 1.09515400
vt 0.10032600 -0.08382800
vt 0.09974000 0.08797900
vt 0.11273000 0.08872000
vt 0.11331000 -0.08208700
vt 0.09974000 0.28076800
vt 0.11273000 0.28116300
vt 0.09974000 0.50000000
vt 0.11273000 0.50000000
vt 0.09974000 0.71923200
vt 0.11273000 0.71883800
vt 0.09974000 0.91202100
vt 0.11273000 0.91128000
vt 0.08622000 1.08460000
vt 0.09920900 1.08388900
vt 0.10032600 1.08382800
vt 0.11331000 1.08208700
vt 0.43835600 0.46906300
vt 0.43835600 0.25987400
vt 0.45134600 0.46926300
vt 0.45134600 0.26045100
vt 0.43835600 0.69167700
vt 0.45134600 0.69147700
vt 0.43835600 0.90086600
vt 0.45134600 0.90028900
vt 0.21261200 0.08797800
vt 0.21208100 -0.08388900
vt 0.19909200 -0.08460000
vt 0.21319800 -0.08382800
vt 0.22560200 0.08872000
vt 0.22618200 -0.08208800
vt 0.21261200 0.28076800
vt 0.22560200 0.28116200
vt 0.21261200 0.50000000
vt 0.22560200 0.50000000
vt 0.21261200 0.71923200
vt 0.22560200 0.71883700
vt 0.21261200 0.91202100
vt 0.22560200 0.91128000
vt 0.32495300 0.06558500
vt 0.31196500 0.06504200
vt 0.32607000 0.06563200
vt 0.33905400 0.06733800
vt 0.59482000 0.68833800
vt 0.53552800 0.68836400
vt 0.53253000 0.78617500
vt 0.59182200 0.78614800
vt 0.64970400 0.78614800
vt 0.64670600 0.68833800
vt 0.64592300 0.62809800
vt 0.59560200 0.62809800
vt 0.53631100 0.62810500
vt 0.70955100 0.78615100
vt 0.70655400 0.68834100
vt 0.70577100 0.62809900
vt 0.76663600 0.78615700
vt 0.77101800 0.68834700
vt 0.77216300 0.62810000
vt 0.82042900 0.78616000
vt 0.82633300 0.68835000
vt 0.82787500 0.62810100
vt 0.87743200 0.78616000
vt 0.87743200 0.68835000
vt 0.87743200 0.62810100
vt 0.93443400 0.78616000
vt 0.92853000 0.68835000
vt 0.92698800 0.62810100
vt 0.98094600 0.78616000
vt 0.97656300 0.68835000
vt 0.97656300 0.68835000
vt 0.97541800 0.62810100
vt 0.98135300 0.79291500
vt 1.02862200 0.80041200
vt 1.02277200 0.68738400
vt 1.02276200 0.68797400
vt 1.02207000 0.62268100
vt 0.02696100 0.68852200
vt 0.02396200 0.78633200
vt 0.07532000 0.78633200
vt 0.07831700 0.68852200
vt 0.07910000 0.62814400
vt 0.02774300 0.62814400
vt 0.13320100 0.78633200
vt 0.13020400 0.68852200
vt 0.12942100 0.62814400
vt 0.19439600 0.78631200
vt 0.19139900 0.68850200
vt 0.19061600 0.62813900
vt 0.25417600 0.78627300
vt 0.25855800 0.68846200
vt 0.25970200 0.62812900
vt 0.30931600 0.78625300
vt 0.31522000 0.68844200
vt 0.31676200 0.62812400
vt 0.36631800 0.78625300
vt 0.36631800 0.68844200
vt 0.36631800 0.62812400
vt 0.42332100 0.78625300
vt 0.41741700 0.68844200
vt 0.41587500 0.62812400
vt 0.47655800 0.78622700
vt 0.47217600 0.68841600
vt 0.47103100 0.62811800
vt 0.59400800 0.57796400
vt 0.53471600 0.57796400
vt 0.64751800 0.57796400
vt 0.64974800 0.53664300
vt 0.59177800 0.53664300
vt 0.53248600 0.53664300
vt 0.70736600 0.57796400
vt 0.70959600 0.53664300
vt 0.76983200 0.57796400
vt 0.76657100 0.53664300
vt 0.82473500 0.57796400
vt 0.82034200 0.53664300
vt 0.87743200 0.57796400
vt 0.87743200 0.53664300
vt 0.93012900 0.57796400
vt 0.93452100 0.53664300
vt 0.97775000 0.57796400
vt 0.98101100 0.53664300
vt 1.02030200 0.62353300
vt 1.02160000 0.57848300
vt 1.02160900 0.57879100
vt 1.02342500 0.53377900
vt 0.07750600 0.57796400
vt 0.02614900 0.57796400
vt 0.07527500 0.53664300
vt 0.02391800 0.53664300
vt 0.13101600 0.57796400
vt 0.13324600 0.53664300
vt 0.19221100 0.57796400
vt 0.19444100 0.53664300
vt 0.25737100 0.57796400
vt 0.25411100 0.53664300
vt 0.31362100 0.57796400
vt 0.30922900 0.53664300
vt 0.36631800 0.57796400
vt 0.36631800 0.53664300
vt 0.41901500 0.57796400
vt 0.42340800 0.53664300
vt 0.47336200 0.57796400
vt 0.47662300 0.53664300
vt 0.59065300 0.50284100
vt 0.53136200 0.50284100
vt 0.65087300 0.50284100
vt 0.65099400 0.47520600
vt 0.59053200 0.47520600
vt 0.53124000 0.47521600
vt 0.71072000 0.50284100
vt 0.71084200 0.47520700
vt 0.76492800 0.50284100
vt 0.76475000 0.47520900
vt 0.81812700 0.50284100
vt 0.81788800 0.47521000
vt 0.87743200 0.50284100
vt 0.87743200 0.47521000
vt 0.93673600 0.50284100
vt 0.93697500 0.47521000
vt 0.98265500 0.50284100
vt 0.98283200 0.47521000
vt 1.01613900 0.53334700
vt 1.01677100 0.50332400
vt 1.01676600 0.50292100
vt 1.01683500 0.47288000
vt 0.07415100 0.50284200
vt 0.02279300 0.50284200
vt 0.07402900 0.47528200
vt 0.02267200 0.47528200
vt 0.13437000 0.50284200
vt 0.13449200 0.47528200
vt 0.19556500 0.50284200
vt 0.19568700 0.47527400
vt 0.25246700 0.50284100
vt 0.25228900 0.47525700
vt 0.30701400 0.50284100
vt 0.30677500 0.47524900
vt 0.36631800 0.50284100
vt 0.36631800 0.47524900
vt 0.42562300 0.50284100
vt 0.42586200 0.47524900
vt 0.47826700 0.50284100
vt 0.47844400 0.47523800
vt 0.59131000 0.45238200
vt 0.53201900 0.45242500
vt 0.65021500 0.45238200
vt 0.64898700 0.43196400
vt 0.59253900 0.43196400
vt 0.53324800 0.43205000
vt 0.71006300 0.45238600
vt 0.70883400 0.43197300
vt 0.76588800 0.45239600
vt 0.76768500 0.43199200
vt 0.81942200 0.45240100
vt 0.82184200 0.43200200
vt 0.87743200 0.45240100
vt 0.87743200 0.43200200
vt 0.93544200 0.45240100
vt 0.93302100 0.43200200
vt 0.98169400 0.45240100
vt 0.97989700 0.43200200
vt 0.02345100 0.45268600
vt -0.02002900 0.45220200
vt -0.02059900 0.47230300
vt 1.01774300 0.45097100
vt 1.01686400 0.43064200
vt 0.07480800 0.45268600
vt 0.07603700 0.43257200
vt 0.02468000 0.43257200
vt 0.13371300 0.45268600
vt 0.13248400 0.43257200
vt 0.19490800 0.45265300
vt 0.19367900 0.43250600
vt 0.25342800 0.45258700
vt 0.25522400 0.43237500
vt 0.30830800 0.45255400
vt 0.31072900 0.43230900
vt 0.36631800 0.45255400
vt 0.36631800 0.43230900
vt 0.42432800 0.45255400
vt 0.42190800 0.43230900
vt 0.47730600 0.45251100
vt 0.47550900 0.43222300
vt 0.89847400 0.76750400
vt 0.93484700 0.78074300
vt 0.93931000 0.77301200
vt 0.90002400 0.75871300
vt 0.85821700 0.75871300
vt 0.85976700 0.76750400
vt 0.86131700 0.77629600
vt 0.89692400 0.77629600
vt 0.93038300 0.78847400
vt 0.81893100 0.77301200
vt 0.82339400 0.78074300
vt 0.82785800 0.78847400
vt 0.78690400 0.79988500
vt 0.79374300 0.80562300
vt 0.80058200 0.81136200
vt 0.76600100 0.83609100
vt 0.77439000 0.83914500
vt 0.78277900 0.84219800
vt 0.75874100 0.87726300
vt 0.76766800 0.87726300
vt 0.77659500 0.87726300
vt 0.76600100 0.91843600
vt 0.77439000 0.91538200
vt 0.78277900 0.91232900
vt 0.78690400 0.95464200
vt 0.79374300 0.94890400
vt 0.80058200 0.94316500
vt 0.81893100 0.98151500
vt 0.82339400 0.97378400
vt 0.82785800 0.96605300
vt 0.85821700 0.99581400
vt 0.85976700 0.98702200
vt 0.86131700 0.97823100
vt 0.90002400 0.99581400
vt 0.89847400 0.98702200
vt 0.89692400 0.97823100
vt 0.93931000 0.98151500
vt 0.93484700 0.97378400
vt 0.93038300 0.96605300
vt 0.97133600 0.95464200
vt 0.96449800 0.94890400
vt 0.95765900 0.94316500
vt 0.99224000 0.91843600
vt 0.98385100 0.91538200
vt 0.97546200 0.91232900
vt 0.99950000 0.87726300
vt 0.99057300 0.87726300
vt 0.98164500 0.87726300
vt 0.99224000 0.83609100
vt 0.98385100 0.83914400
vt 0.97546200 0.84219800
vt 0.97133600 0.79988500
vt 0.96449800 0.80562300
vt 0.95765900 0.81136200
vt 0.80763200 0.48523500
vt 0.80711600 0.47187300
vt 0.81004800 0.48412500
vt 0.80711600 0.44424800
vt 0.80711600 0.47082100
vt 0.80469900 0.44518000
vt 0.80469900 0.47188200
vt 0.80469900 0.47293400
vt 0.80687000 0.48558100
vt 0.80445500 0.48661700
vt 0.80711600 0.39430600
vt 0.80469900 0.39499800
vt 0.80711600 0.32701900
vt 0.80469900 0.32738700
vt 0.80711600 0.25050300
vt 0.80469900 0.25050300
vt 0.80711600 0.17398700
vt 0.80469900 0.17361900
vt 0.80711600 0.10670000
vt 0.80469900 0.10600800
vt 0.80711600 0.05675800
vt 0.80469900 0.05582600
vt 0.80711600 0.03018500
vt 0.80469900 0.02912400
vt 0.81004800 0.01793300
vt 0.80763200 0.01682200
vt 0.80687000 0.01647600
vt 0.80445500 0.01544000
vt 0.80711600 0.05781000
vt 0.80711600 0.03123600
vt 0.80469900 0.05687700
vt 0.80469900 0.03017600
vt 0.80711600 0.10775200
vt 0.80469900 0.10706000
vt 0.80711600 0.17503900
vt 0.80469900 0.17467000
vt 0.80711600 0.25155400
vt 0.80469900 0.25155400
vt 0.80711600 0.32807000
vt 0.80469900 0.32843900
vt 0.80711600 0.39535700
vt 0.80469900 0.39604900
vt 0.80711600 0.44529900
vt 0.80469900 0.44623200
vt 0.64038200 0.92004400
vt 0.58322300 0.92004400
vt 0.58178600 0.98125700
vt 0.64181900 0.98125700
vt 0.70115300 0.98125700
vt 0.69971600 0.92004400
vt 0.69778600 0.84166300
vt 0.63845200 0.84166300
vt 0.58515400 0.84166300
vt 0.75081900 0.98125700
vt 0.75292000 0.92004400
vt 0.75574200 0.84166300
vt 0.79981000 0.98125700
vt 0.80264000 0.92004400
vt 0.80644200 0.84166300
vt 0.85893100 0.98125700
vt 0.85893100 0.92004400
vt 0.85893100 0.84166300
vt 0.91805200 0.98125700
vt 0.91522100 0.92004400
vt 0.91141900 0.84166300
vt 0.97389100 0.98125700
vt 0.97179000 0.92004400
vt 0.96896900 0.84166300
vt 1.03102700 0.97695300
vt 1.02997400 0.91589100
vt 1.02997400 0.91775500
vt 1.02802400 0.85669600
vt 0.08695900 0.98125700
vt 0.08839600 0.92004400
vt 0.03085400 0.92004400
vt 0.02951800 0.98125700
vt 0.09032700 0.84166300
vt 0.03264800 0.84166300
vt 0.14699200 0.98125700
vt 0.14555500 0.92004400
vt 0.14362500 0.84166300
vt 0.20641100 0.98125700
vt 0.20497400 0.92004400
vt 0.20304300 0.84166300
vt 0.25624500 0.98125700
vt 0.25834600 0.92004400
vt 0.26116800 0.84166300
vt 0.30532000 0.98125700
vt 0.30815000 0.92004400
vt 0.31195200 0.84166300
vt 0.36444100 0.98125700
vt 0.36444100 0.92004400
vt 0.36444100 0.84166300
vt 0.42356200 0.98125700
vt 0.42073100 0.92004400
vt 0.41692900 0.84166300
vt 0.47261100 0.98125700
vt 0.47051000 0.92004400
vt 0.46768800 0.84166300
vt 0.52239400 0.98125700
vt 0.52383100 0.92004400
vt 0.52576100 0.84166300
vt 0.63553500 0.72894800
vt 0.58807100 0.72894800
vt 0.69486900 0.72894800
vt 0.69168900 0.59029500
vt 0.63235400 0.59030200
vt 0.59125100 0.59030200
vt 0.76000600 0.72894800
vt 0.76465600 0.59027900
vt 0.81218700 0.72894800
vt 0.81845200 0.59027200
vt 0.85893100 0.72894800
vt 0.85893100 0.59027200
vt 0.90567400 0.72894800
vt 0.89940900 0.59027200
vt 0.96470500 0.72894800
vt 0.96005500 0.59027200
vt 1.04136400 0.85610900
vt 1.03695600 0.72652500
vt 1.03695100 0.72698400
vt 1.03214500 0.59736500
vt 0.09324400 0.72894800
vt 0.03535900 0.72894800
vt 0.09642400 0.59058400
vt 0.03831600 0.59058400
vt 0.14070800 0.72894800
vt 0.13752700 0.59058400
vt 0.20012700 0.72894800
vt 0.19694600 0.59057400
vt 0.26543200 0.72894800
vt 0.27008300 0.59055500
vt 0.31769700 0.72894800
vt 0.32396200 0.59054500
vt 0.36444100 0.72894800
vt 0.36444100 0.59054500
vt 0.41118500 0.72894800
vt 0.40492000 0.59054500
vt 0.46342400 0.72894800
vt 0.45877400 0.59048400
vt 0.52867800 0.72894800
vt 0.53185900 0.59036300
vt 0.62626300 0.13860400
vt 0.59734300 0.13860400
vt 0.59606300 0.27777900
vt 0.62754300 0.27777900
vt 0.68687700 0.27772600
vt 0.68559700 0.13854300
vt 0.68472100 0.00795500
vt 0.62538700 0.00801600
vt 0.59821900 0.00801600
vt 0.77169100 0.27761900
vt 0.77356200 0.13842100
vt 0.77484200 0.00783300
vt 0.82792900 0.27756600
vt 0.83045000 0.13836000
vt 0.83217500 0.00777300
vt 0.85893100 0.27756600
vt 0.85893100 0.13836000
vt 0.85893100 0.00777300
vt 0.88993200 0.27756600
vt 0.88741100 0.13836000
vt 0.88568600 0.00777300
vt 0.95302100 0.27756600
vt 0.95114900 0.13836000
vt 0.94986900 0.00777300
vt 1.05462300 0.26844100
vt 1.05026900 0.13789400
vt -0.04349800 0.14056000
vt 0.04397900 0.14085600
vt 0.04479300 0.01026800
vt -0.04212300 0.00998200
vt 0.10123600 0.27975000
vt 0.10251600 0.14085600
vt 0.04278900 0.27975000
vt 0.10339200 0.01026800
vt 0.13271600 0.27975000
vt 0.13143600 0.14085600
vt 0.13056000 0.01026800
vt 0.19213400 0.27968200
vt 0.19085400 0.14077800
vt 0.18997900 0.01019000
vt 0.27711700 0.27954600
vt 0.27898800 0.14062300
vt 0.28026800 0.01003500
vt 0.33343900 0.27947800
vt 0.33596100 0.14054500
vt 0.33768500 0.00995700
vt 0.36444100 0.27947800
vt 0.36444100 0.14054500
vt 0.36444100 0.00995700
vt 0.39544200 0.27947800
vt 0.39292100 0.14054500
vt 0.39119700 0.00995700
vt 0.45173900 0.27905300
vt 0.44986800 0.14006000
vt 0.44858800 0.00947200
vt 0.53667000 0.27820400
vt 0.53795000 0.13908900
vt 0.53882600 0.00850100
vt 0.08118500 0.36281300
vt 0.08114900 0.35638300
vt 0.08559700 0.35174200
vt 0.08563200 0.35797100
vt 0.08559700 0.33860600
vt 0.08114900 0.34268800
vt 0.08114900 0.35533200
vt 0.08559700 0.35069000
vt 0.07544200 0.34683700
vt 0.07544200 0.36005000
vt 0.07544200 0.36110200
vt 0.08239400 0.36153200
vt 0.07800300 0.36640300
vt 0.08559700 0.31589500
vt 0.08114900 0.31892500
vt 0.07544200 0.32200500
vt 0.08559700 0.28529800
vt 0.08114900 0.28691000
vt 0.07544200 0.28854800
vt 0.08559700 0.25050300
vt 0.08114900 0.25050300
vt 0.07544200 0.25050300
vt 0.08559700 0.21570800
vt 0.08114900 0.21409600
vt 0.07544200 0.21245800
vt 0.08559700 0.18511000
vt 0.08114900 0.18208100
vt 0.07544200 0.17900100
vt 0.08559700 0.16240000
vt 0.08114900 0.15831800
vt 0.07544200 0.15416900
vt 0.08559700 0.15031600
vt 0.08114900 0.14567400
vt 0.07544200 0.14095600
vt 0.08559700 0.15136700
vt 0.08114900 0.14672600
vt 0.08118500 0.14029600
vt 0.08563200 0.14513800
vt 0.08239400 0.14157700
vt 0.07544200 0.14200700
vt 0.07800300 0.13670600
vt 0.08559700 0.16345200
vt 0.08114900 0.15937000
vt 0.07544200 0.15522000
vt 0.08559700 0.18616200
vt 0.08114900 0.18313300
vt 0.07544200 0.18005300
vt 0.08559700 0.21676000
vt 0.08114900 0.21514800
vt 0.07544200 0.21350900
vt 0.08559700 0.25155500
vt 0.08114900 0.25155400
vt 0.07544200 0.25155400
vt 0.08559700 0.28634900
vt 0.08114900 0.28796100
vt 0.07544200 0.28960000
vt 0.08559700 0.31694700
vt 0.08114900 0.31997700
vt 0.07544200 0.32305600
vt 0.08559700 0.33965800
vt 0.08114900 0.34373900
vt 0.07544200 0.34788900
vt 0.03306800 0.36153200
vt 0.03431300 0.35638300
vt 0.04002100 0.36110200
vt 0.03746000 0.36640300
vt 0.04002100 0.34683700
vt 0.03431300 0.34268800
vt 0.03431300 0.35533200
vt 0.04002100 0.36005000
vt 0.02986600 0.33860600
vt 0.02986600 0.35069000
vt 0.02986600 0.35174200
vt 0.03345000 0.36193300
vt 0.02903100 0.35707100
vt 0.04002100 0.32200500
vt 0.03431300 0.31892500
vt 0.02986600 0.31589500
vt 0.04002100 0.28854800
vt 0.03431300 0.28691000
vt 0.02986600 0.28529800
vt 0.04002100 0.25050300
vt 0.03431300 0.25050300
vt 0.02986600 0.25050300
vt 0.04002100 0.21245800
vt 0.03431300 0.21409600
vt 0.02986600 0.21570800
vt 0.04002100 0.17900100
vt 0.03431300 0.18208100
vt 0.02986600 0.18511000
vt 0.04002100 0.15416900
vt 0.03431300 0.15831800
vt 0.02986600 0.16240000
vt 0.04002100 0.14095600
vt 0.03431300 0.14567400
vt 0.02986600 0.15031600
vt 0.04002100 0.14200800
vt 0.03431300 0.14672600
vt 0.03306800 0.14157700
vt 0.03746000 0.13670600
vt 0.03345000 0.14117600
vt 0.02986600 0.15136700
vt 0.02903100 0.14603800
vt 0.04002100 0.15522100
vt 0.03431300 0.15937000
vt 0.02986600 0.16345200
vt 0.04002100 0.18005300
vt 0.03431300 0.18313300
vt 0.02986600 0.18616200
vt 0.04002100 0.21350900
vt 0.03431300 0.21514800
vt 0.02986600 0.21676000
vt 0.04002100 0.25155400
vt 0.03431300 0.25155400
vt 0.02986600 0.25155500
vt 0.04002100 0.28960000
vt 0.03431300 0.28796100
vt 0.02986600 0.28634900
vt 0.04002100 0.32305600
vt 0.03431300 0.31997700
vt 0.02986600 0.31694700
vt 0.04002100 0.34788900
vt 0.03431300 0.34373900
vt 0.02986600 0.33965800
vt 0.05773100 0.35329800
vt 0.04824600 0.35112200
vt 0.04824600 0.36492200
vt 0.05773100 0.36739700
vt 0.04824600 0.36597400
vt 0.04644500 0.37207900
vt 0.03703700 0.36686800
vt 0.04737200 0.37256700
vt 0.05773100 0.36844800
vt 0.05683800 0.37773600
vt 0.05773100 0.32680000
vt 0.04824600 0.32518500
vt 0.05773100 0.29110000
vt 0.04824600 0.29024000
vt 0.05773100 0.25050300
vt 0.04824600 0.25050300
vt 0.05773100 0.20990600
vt 0.04824600 0.21076600
vt 0.05773100 0.17420600
vt 0.04824600 0.17582100
vt 0.05773100 0.14770800
vt 0.04824600 0.14988400
vt 0.05773100 0.13360900
vt 0.04824600 0.13608400
vt 0.05773100 0.13466100
vt 0.04824600 0.13713500
vt 0.04737200 0.13054200
vt 0.05683800 0.12537400
vt 0.04644500 0.13103000
vt 0.03703700 0.13624200
vt 0.05773100 0.14876000
vt 0.04824600 0.15093600
vt 0.05773100 0.17525800
vt 0.04824600 0.17687300
vt 0.05773100 0.21095800
vt 0.04824600 0.21181700
vt 0.05773100 0.25155400
vt 0.04824600 0.25155400
vt 0.05773100 0.29215100
vt 0.04824600 0.29129200
vt 0.05773100 0.32785200
vt 0.04824600 0.32623600
vt 0.05773100 0.35434900
vt 0.04824600 0.35217300
vt 0.06721600 0.35112200
vt 0.06721600 0.36492200
vt 0.06721600 0.36597400
vt 0.06809100 0.37256700
vt 0.05862500 0.37773500
vt 0.06901800 0.37207900
vt 0.07842600 0.36686800
vt 0.06721600 0.32518500
vt 0.06721600 0.29024000
vt 0.06721600 0.25050300
vt 0.06721600 0.21076600
vt 0.06721600 0.17582100
vt 0.06721600 0.14988400
vt 0.06721600 0.13608400
vt 0.06721600 0.13713500
vt 0.06901800 0.13103000
vt 0.07842600 0.13624100
vt 0.06809100 0.13054200
vt 0.05862500 0.12537400
vt 0.06721600 0.15093600
vt 0.06721600 0.17687300
vt 0.06721600 0.21181700
vt 0.06721600 0.25155400
vt 0.06721600 0.29129200
vt 0.06721600 0.32623600
vt 0.06721600 0.35217300
vt 0.00135200 0.35787300
vt 0.00548300 0.35005200
vt 0.02948600 0.35796000
vt 0.00200000 0.33860600
vt 0.00200000 0.35069000
vt 0.00200000 0.31589500
vt 0.00200000 0.28529800
vt 0.00200000 0.25050300
vt 0.00200000 0.21570800
vt 0.00200000 0.18511000
vt 0.00200000 0.16240000
vt 0.00200000 0.15031600
vt 0.00548300 0.15305700
vt 0.00135200 0.14523600
vt 0.02948600 0.14515000
vt 0.00548300 0.16493700
vt 0.00548300 0.18726500
vt 0.00548300 0.21734700
vt 0.00548300 0.25155400
vt 0.00548300 0.28576200
vt 0.00548300 0.31584500
vt 0.00548300 0.33817200
vt 0.03016600 0.33175600
vt 0.00050000 0.50000000
vt 0.03016600 0.66824400
vt 0.11558600 0.81619500
vt 0.24645600 0.92600800
vt 0.40699200 0.98443800
vt 0.57783100 0.98443800
vt 0.73836700 0.92600800
vt 0.86923800 0.81619400
vt 0.95465700 0.66824300
vt 0.98432300 0.50000000
vt 0.95465700 0.33175600
vt 0.86923800 0.18380500
vt 0.73836700 0.07399200
vt 0.57783100 0.01556200
vt 0.40699200 0.01556200
vt 0.24645600 0.07399200
vt 0.11558500 0.18380500
vt 0.00200000 0.34498500
vt 0.00200000 0.34498500
vt 0.00200000 0.35174200
vt 0.00200000 0.33965800
vt 0.00200000 0.33371600
vt 0.00200000 0.31694700
vt 0.00200000 0.31253700
vt 0.00200000 0.28634900
vt 0.00200000 0.28400300
vt 0.00200000 0.25155500
vt 0.00200000 0.25155500
vt 0.00200000 0.21676000
vt 0.00200000 0.21910600
vt 0.00200000 0.18616200
vt 0.00200000 0.19057200
vt 0.00200000 0.16345200
vt 0.00200000 0.16939300
vt 0.00200000 0.15136700
vt 0.00200000 0.15812400
vt 0.00200000 0.15812400
vt 0.00200000 0.16939300
vt 0.00200000 0.19057200
vt 0.00200000 0.21910600
vt 0.00200000 0.25155400
vt 0.00200000 0.28400300
vt 0.00200000 0.31253700
vt 0.00200000 0.33371600
vt 0.65073000 0.81866600
vt 0.59079600 0.81866600
vt 0.53150400 0.81866600
vt 0.71057800 0.81866600
vt 0.76513600 0.81866600
vt 0.81840800 0.81866600
vt 0.87743200 0.81866600
vt 0.93645500 0.81866600
vt 0.98244600 0.81866600
vt 1.01895700 0.81793300
vt 1.01845300 0.78544700
vt 0.07429300 0.81866600
vt 0.02293600 0.81866600
vt 0.13422800 0.81866600
vt 0.19542300 0.81866600
vt 0.25267500 0.81866600
vt 0.30729500 0.81866600
vt 0.36631800 0.81866600
vt 0.42534200 0.81866600
vt 0.47805800 0.81866600
vt 0.68896600 0.43409800
vt 0.62963200 0.43412900
vt 0.59397400 0.43412900
vt 0.76863700 0.43403800
vt 0.82381500 0.43400700
vt 0.85893100 0.43400700
vt 0.89404700 0.43400700
vt 0.95607500 0.43400700
vt 1.05222200 0.59704700
vt 1.04544900 0.43225600
vt 1.04543300 0.43267800
vt 1.04023800 0.26777400
vt 0.09914700 0.43525500
vt 0.04084700 0.43525500
vt 0.13480500 0.43525500
vt 0.19422300 0.43521600
vt 0.27406300 0.43513900
vt 0.32932500 0.43510000
vt 0.36444100 0.43510000
vt 0.39955700 0.43510000
vt 0.45479300 0.43485700
vt 0.53458100 0.43437200
vt 0.77777800 0.71556100
vt 0.83333300 0.71556100
vt 0.83432200 1.01378300
vt 0.77690500 1.01378300
vt 0.72123300 1.01378300
vt 0.72222200 0.71556100
vt 0.77865100 1.01378300
vt 0.88888900 0.71556100
vt 0.88987800 1.01378300
vt 0.83246100 1.01378300
vt 0.94444400 0.71556100
vt 0.94543300 1.01378300
vt 0.88801600 1.01378300
vt 1.00000000 0.71556100
vt 1.00098900 1.01378300
vt 0.94357200 1.01378300
vt 0.00042800 0.71523400
vt 0.05555600 0.71556100
vt 0.05555600 0.71556100
vt 0.05646000 1.01378800
vt -0.00080300 1.01344700
vt 0.11111100 0.71556100
vt 0.11210000 1.01378300
vt 0.05468300 1.01378300
vt 0.16666700 0.71556100
vt 0.16765500 1.01378300
vt 0.11023800 1.01378300
vt 0.22222200 0.71556100
vt 0.22321100 1.01378300
vt 0.16579400 1.01378300
vt 0.27777800 0.71556100
vt 0.27876700 1.01378300
vt 0.22134900 1.01378300
vt 0.33333300 0.71556100
vt 0.33432200 1.01378300
vt 0.27690500 1.01378300
vt 0.38888900 0.71556100
vt 0.38987800 1.01378300
vt 0.33246100 1.01378300
vt 0.44444400 0.71556100
vt 0.44543300 1.01378300
vt 0.38801600 1.01378300
vt 0.50000000 0.71556100
vt 0.50098900 1.01378300
vt 0.44357200 1.01378300
vt 0.55555500 0.71556100
vt 0.55654400 1.01378300
vt 0.49912700 1.01378300
vt 0.61111100 0.71556100
vt 0.61210000 1.01378300
vt 0.55468300 1.01378400
vt 0.66666700 0.71556100
vt 0.66765500 1.01378300
vt 0.61023800 1.01378300
vt 0.72321100 1.01378300
vt 0.66579400 1.01378300
vt 0.81008400 0.44374100
vt 0.81877900 0.44486100
vt 0.81877900 0.47151900
vt 0.81008400 0.47024600
vt 0.81868600 0.48631300
vt 0.81877900 0.47257100
vt 0.81008400 0.47129700
vt 0.80916900 0.48428500
vt 0.81008400 0.39393000
vt 0.81877900 0.39476100
vt 0.81008400 0.32681900
vt 0.81877900 0.32726100
vt 0.81008400 0.25050300
vt 0.81877900 0.25050300
vt 0.81008400 0.17418700
vt 0.81877900 0.17374500
vt 0.81008400 0.10707600
vt 0.81877900 0.10624500
vt 0.81008400 0.05726500
vt 0.81877900 0.05614500
vt 0.81008400 0.03076000
vt 0.81877900 0.02948700
vt 0.80916900 0.01777300
vt 0.81868600 0.01574500
vt 0.81008400 0.05831600
vt 0.81877900 0.05719600
vt 0.81877900 0.03053800
vt 0.81008400 0.03181200
vt 0.81008400 0.10812800
vt 0.81877900 0.10729600
vt 0.81008400 0.17523900
vt 0.81877900 0.17479600
vt 0.81008400 0.25155400
vt 0.81877900 0.25155400
vt 0.81008400 0.32787000
vt 0.81877900 0.32831300
vt 0.81008400 0.39498100
vt 0.81877900 0.39581300
vt 0.81008400 0.44479300
vt 0.81877900 0.44591300
vt 0.33847400 0.69147600
vt 0.32548400 0.69167700
vt 0.32548400 0.46906200
vt 0.33847400 0.46926300
vt 0.32548400 0.25987400
vt 0.33847400 0.26045000
vt 0.33847400 0.90028900
vt 0.32548400 0.90086500
vt 0.11273000 0.08872000
vt 0.09974000 0.08797900
vt 0.10032600 -0.08382800
vt 0.11331000 -0.08208700
vt 0.11273000 0.28116300
vt 0.09974000 0.28076800
vt 0.11273000 0.50000000
vt 0.09974000 0.50000000
vt 0.11273000 0.71883800
vt 0.09974000 0.71923200
vt 0.11273000 0.91128000
vt 0.09974000 0.91202100
vt 0.11331000 1.08208700
vt 0.10032600 1.08382800
vt 0.45134600 0.46926300
vt 0.43835600 0.46906300
vt 0.43835600 0.25987400
vt 0.45134600 0.26045100
vt 0.45134600 0.69147700
vt 0.43835600 0.69167700
vt 0.45134600 0.90028900
vt 0.43835600 0.90086600
vt 0.22560200 0.08872000
vt 0.21261200 0.08797800
vt 0.21319800 -0.08382800
vt 0.22618200 -0.08208800
vt 0.22560200 0.28116200
vt 0.21261200 0.28076800
vt 0.22560200 0.50000000
vt 0.21261200 0.50000000
vt 0.22560200 0.71883700
vt 0.21261200 0.71923200
vt 0.22560200 0.91128000
vt 0.21261200 0.91202100
vt 0.32607000 0.06563200
vt 0.33905400 0.06733800
vt 0.53253000 0.78617500
vt 0.53552800 0.68836400
vt 0.59482000 0.68833800
vt 0.59182200 0.78614800
vt 0.64970400 0.78614800
vt 0.64670600 0.68833800
vt 0.64592300 0.62809800
vt 0.59560200 0.62809800
vt 0.53631100 0.62810500
vt 0.70955100 0.78615100
vt 0.70655400 0.68834100
vt 0.70577100 0.62809900
vt 0.76663600 0.78615700
vt 0.77101800 0.68834700
vt 0.77216300 0.62810000
vt 0.82042900 0.78616000
vt 0.82633300 0.68835000
vt 0.82787500 0.62810100
vt 0.87743200 0.78616000
vt 0.87743200 0.68835000
vt 0.87743200 0.62810100
vt 0.93443400 0.78616000
vt 0.92853000 0.68835000
vt 0.92698800 0.62810100
vt 0.98094600 0.78616000
vt 0.97656300 0.68835000
vt 0.97656300 0.68835000
vt 0.97541800 0.62810100
vt 1.02862200 0.80041200
vt 0.98135300 0.79291500
vt 1.02277200 0.68738400
vt 1.02207000 0.62268100
vt 1.02276200 0.68797400
vt 0.07532000 0.78633200
vt 0.02396200 0.78633200
vt 0.02696100 0.68852200
vt 0.07831700 0.68852200
vt 0.07910000 0.62814400
vt 0.02774300 0.62814400
vt 0.13320100 0.78633200
vt 0.13020400 0.68852200
vt 0.12942100 0.62814400
vt 0.19439600 0.78631200
vt 0.19139900 0.68850200
vt 0.19061600 0.62813900
vt 0.25417600 0.78627300
vt 0.25855800 0.68846200
vt 0.25970200 0.62812900
vt 0.30931600 0.78625300
vt 0.31522000 0.68844200
vt 0.31676200 0.62812400
vt 0.36631800 0.78625300
vt 0.36631800 0.68844200
vt 0.36631800 0.62812400
vt 0.42332100 0.78625300
vt 0.41741700 0.68844200
vt 0.41587500 0.62812400
vt 0.47655800 0.78622700
vt 0.47217600 0.68841600
vt 0.47103100 0.62811800
vt 0.53471600 0.57796400
vt 0.59400800 0.57796400
vt 0.64751800 0.57796400
vt 0.64974800 0.53664300
vt 0.59177800 0.53664300
vt 0.53248600 0.53664300
vt 0.70736600 0.57796400
vt 0.70959600 0.53664300
vt 0.76983200 0.57796400
vt 0.76657100 0.53664300
vt 0.82473500 0.57796400
vt 0.82034200 0.53664300
vt 0.87743200 0.57796400
vt 0.87743200 0.53664300
vt 0.93012900 0.57796400
vt 0.93452100 0.53664300
vt 0.97775000 0.57796400
vt 0.98101100 0.53664300
vt 1.02160000 0.57848300
vt 1.02030200 0.62353300
vt 1.02342500 0.53377900
vt 1.02160900 0.57879100
vt 0.02614900 0.57796400
vt 0.07750600 0.57796400
vt 0.07527500 0.53664300
vt 0.02391800 0.53664300
vt 0.13101600 0.57796400
vt 0.13324600 0.53664300
vt 0.19221100 0.57796400
vt 0.19444100 0.53664300
vt 0.25737100 0.57796400
vt 0.25411100 0.53664300
vt 0.31362100 0.57796400
vt 0.30922900 0.53664300
vt 0.36631800 0.57796400
vt 0.36631800 0.53664300
vt 0.41901500 0.57796400
vt 0.42340800 0.53664300
vt 0.47336200 0.57796400
vt 0.47662300 0.53664300
vt 0.53136200 0.50284100
vt 0.59065300 0.50284100
vt 0.65087300 0.50284100
vt 0.65099400 0.47520600
vt 0.59053200 0.47520600
vt 0.53124000 0.47521600
vt 0.71072000 0.50284100
vt 0.71084200 0.47520700
vt 0.76492800 0.50284100
vt 0.76475000 0.47520900
vt 0.81812700 0.50284100
vt 0.81788800 0.47521000
vt 0.87743200 0.50284100
vt 0.87743200 0.47521000
vt 0.93673600 0.50284100
vt 0.93697500 0.47521000
vt 0.98265500 0.50284100
vt 0.98283200 0.47521000
vt 1.01677100 0.50332400
vt 1.01613900 0.53334700
vt 1.01683500 0.47288000
vt 1.01676600 0.50292100
vt 0.02279300 0.50284200
vt 0.07415100 0.50284200
vt 0.07402900 0.47528200
vt 0.02267200 0.47528200
vt 0.13437000 0.50284200
vt 0.13449200 0.47528200
vt 0.19556500 0.50284200
vt 0.19568700 0.47527400
vt 0.25246700 0.50284100
vt 0.25228900 0.47525700
vt 0.30701400 0.50284100
vt 0.30677500 0.47524900
vt 0.36631800 0.50284100
vt 0.36631800 0.47524900
vt 0.42562300 0.50284100
vt 0.42586200 0.47524900
vt 0.47826700 0.50284100
vt 0.47844400 0.47523800
vt 0.53201900 0.45242500
vt 0.59131000 0.45238200
vt 0.65021500 0.45238200
vt 0.64898700 0.43196400
vt 0.59253900 0.43196400
vt 0.53324800 0.43205000
vt 0.71006300 0.45238600
vt 0.70883400 0.43197300
vt 0.76588800 0.45239600
vt 0.76768500 0.43199200
vt 0.81942200 0.45240100
vt 0.82184200 0.43200200
vt 0.87743200 0.45240100
vt 0.87743200 0.43200200
vt 0.93544200 0.45240100
vt 0.93302100 0.43200200
vt 0.98169400 0.45240100
vt 0.97989700 0.43200200
vt -0.02002900 0.45220200
vt 0.02345100 0.45268600
vt -0.02059900 0.47230300
vt 1.01686400 0.43064200
vt 1.01774300 0.45097100
vt 0.07480800 0.45268600
vt 0.07603700 0.43257200
vt 0.02468000 0.43257200
vt 0.13371300 0.45268600
vt 0.13248400 0.43257200
vt 0.19490800 0.45265300
vt 0.19367900 0.43250600
vt 0.25342800 0.45258700
vt 0.25522400 0.43237500
vt 0.30830800 0.45255400
vt 0.31072900 0.43230900
vt 0.36631800 0.45255400
vt 0.36631800 0.43230900
vt 0.42432800 0.45255400
vt 0.42190800 0.43230900
vt 0.47730600 0.45251100
vt 0.47550900 0.43222300
vt 0.93931000 0.77301200
vt 0.93484700 0.78074300
vt 0.89847400 0.76750400
vt 0.90002400 0.75871300
vt 0.85976700 0.76750400
vt 0.85821700 0.75871300
vt 0.86131700 0.77629600
vt 0.89692400 0.77629600
vt 0.93038300 0.78847400
vt 0.82339400 0.78074300
vt 0.81893100 0.77301200
vt 0.82785800 0.78847400
vt 0.79374300 0.80562300
vt 0.78690400 0.79988500
vt 0.80058200 0.81136200
vt 0.77439000 0.83914500
vt 0.76600100 0.83609100
vt 0.78277900 0.84219800
vt 0.76766800 0.87726300
vt 0.75874100 0.87726300
vt 0.77659500 0.87726300
vt 0.77439000 0.91538200
vt 0.76600100 0.91843600
vt 0.78277900 0.91232900
vt 0.79374300 0.94890400
vt 0.78690400 0.95464200
vt 0.80058200 0.94316500
vt 0.82339400 0.97378400
vt 0.81893100 0.98151500
vt 0.82785800 0.96605300
vt 0.85976700 0.98702200
vt 0.85821700 0.99581400
vt 0.86131700 0.97823100
vt 0.89847400 0.98702200
vt 0.90002400 0.99581400
vt 0.89692400 0.97823100
vt 0.93484700 0.97378400
vt 0.93931000 0.98151500
vt 0.93038300 0.96605300
vt 0.96449800 0.94890400
vt 0.97133600 0.95464200
vt 0.95765900 0.94316500
vt 0.98385100 0.91538200
vt 0.99224000 0.91843600
vt 0.97546200 0.91232900
vt 0.99057300 0.87726300
vt 0.99950000 0.87726300
vt 0.98164500 0.87726300
vt 0.98385100 0.83914400
vt 0.99224000 0.83609100
vt 0.97546200 0.84219800
vt 0.96449800 0.80562300
vt 0.97133600 0.79988500
vt 0.95765900 0.81136200
vt 0.58171600 0.99701600
vt 0.58322300 0.92004400
vt 0.64038200 0.92004400
vt 0.64206100 0.99701600
vt 0.69971600 0.92004400
vt 0.70195800 0.99701600
vt 0.64231600 0.99701600
vt 0.75292000 0.92004400
vt 0.75155300 0.99701600
vt 0.70162900 0.99701600
vt 0.80264000 0.92004400
vt 0.79962800 0.99701600
vt 0.75038300 0.99701600
vt 0.85893100 0.92004400
vt 0.85863500 0.99701600
vt 0.79920700 0.99701600
vt 0.91522100 0.92004400
vt 0.91848500 0.99701600
vt 0.85905700 0.99701600
vt 0.97179000 0.92004400
vt 0.97179000 0.92004400
vt 0.97502900 0.99701600
vt 0.91889900 0.99701600
vt 1.02997400 0.91589100
vt 1.03198600 0.99268000
vt 0.97455400 0.99700700
vt 0.03085400 0.92004400
vt 0.08839600 0.92004400
vt 0.08703600 0.99701600
vt 0.02929600 0.99701600
vt 0.14555500 0.92004400
vt 0.14706200 0.99701600
vt 0.08671700 0.99701600
vt 0.20497400 0.92004400
vt 0.20721600 0.99701600
vt 0.14748900 0.99701600
vt 0.25834600 0.92004400
vt 0.25698100 0.99701600
vt 0.20688700 0.99701600
vt 0.30815000 0.92004400
vt 0.30513900 0.99701600
vt 0.25580900 0.99701600
vt 0.36444100 0.92004400
vt 0.36414600 0.99701600
vt 0.30471700 0.99701600
vt 0.42073100 0.92004400
vt 0.42399500 0.99701600
vt 0.36456700 0.99701600
vt 0.47051000 0.92004400
vt 0.47369900 0.99701600
vt 0.42439500 0.99701600
vt 0.52383100 0.92004400
vt 0.52330000 0.99701600
vt 0.47325800 0.99701600
vt 0.58185200 0.99701600
vt 0.52215100 0.99701600
vt 0.63553500 0.72894800
vt 0.69486900 0.72894800
vt 0.58807100 0.72894800
vt 0.76000600 0.72894800
vt 0.81218700 0.72894800
vt 0.85893100 0.72894800
vt 0.90567400 0.72894800
vt 0.96470500 0.72894800
vt 0.96470500 0.72894800
vt 0.97147500 0.91148400
vt 1.03695600 0.72652500
vt 1.04941900 0.92703800
vt 0.03535900 0.72894800
vt 0.09324400 0.72894800
vt 0.14070800 0.72894800
vt 0.20012700 0.72894800
vt 0.26543200 0.72894800
vt 0.31769700 0.72894800
vt 0.36444100 0.72894800
vt 0.41118500 0.72894800
vt 0.46342400 0.72894800
vt 0.52867800 0.72894800
vt 0.69168900 0.59029500
vt 0.63235400 0.59030200
vt 0.59125100 0.59030200
vt 0.76465600 0.59027900
vt 0.81845200 0.59027200
vt 0.85893100 0.59027200
vt 0.89940900 0.59027200
vt 0.96005500 0.59027200
vt 1.03214500 0.59736500
vt 1.03695100 0.72698400
vt 0.09642400 0.59058400
vt 0.03831600 0.59058400
vt 0.13752700 0.59058400
vt 0.19694600 0.59057400
vt 0.27008300 0.59055500
vt 0.32396200 0.59054500
vt 0.36444100 0.59054500
vt 0.40492000 0.59054500
vt 0.45877400 0.59048400
vt 0.53185900 0.59036300
vt 0.59606300 0.27777900
vt 0.59734300 0.13860400
vt 0.62626300 0.13860400
vt 0.62754300 0.27777900
vt 0.68559700 0.13854300
vt 0.68687700 0.27772600
vt 0.68472100 0.00795500
vt 0.62538700 0.00801600
vt 0.59821900 0.00801600
vt 0.77356200 0.13842100
vt 0.77169100 0.27761900
vt 0.77484200 0.00783300
vt 0.83045000 0.13836000
vt 0.82792900 0.27756600
vt 0.83217500 0.00777300
vt 0.85893100 0.13836000
vt 0.85893100 0.27756600
vt 0.85893100 0.00777300
vt 0.88741100 0.13836000
vt 0.88993200 0.27756600
vt 0.88568600 0.00777300
vt 0.95114900 0.13836000
vt 0.95302100 0.27756600
vt 0.94986900 0.00777300
vt 1.05026900 0.13789400
vt 1.05462300 0.26844100
vt 0.04479300 0.01026800
vt 0.04397900 0.14085600
vt -0.04349800 0.14056000
vt -0.04212300 0.00998200
vt 0.10251600 0.14085600
vt 0.10123600 0.27975000
vt 0.04278900 0.27975000
vt 0.10339200 0.01026800
vt 0.13143600 0.14085600
vt 0.13271600 0.27975000
vt 0.13056000 0.01026800
vt 0.19085400 0.14077800
vt 0.19213400 0.27968200
vt 0.18997900 0.01019000
vt 0.27898800 0.14062300
vt 0.27711700 0.27954600
vt 0.28026800 0.01003500
vt 0.33596100 0.14054500
vt 0.33343900 0.27947800
vt 0.33768500 0.00995700
vt 0.36444100 0.14054500
vt 0.36444100 0.27947800
vt 0.36444100 0.00995700
vt 0.39292100 0.14054500
vt 0.39544200 0.27947800
vt 0.39119700 0.00995700
vt 0.44986800 0.14006000
vt 0.45173900 0.27905300
vt 0.44858800 0.00947200
vt 0.53795000 0.13908900
vt 0.53667000 0.27820400
vt 0.53882600 0.00850100
vt 0.08559700 0.35174200
vt 0.08114900 0.35638300
vt 0.08118500 0.36281300
vt 0.08563200 0.35797100
vt 0.08114900 0.35533200
vt 0.08114900 0.34268800
vt 0.08559700 0.33860600
vt 0.08559700 0.35069000
vt 0.07544200 0.34683700
vt 0.07544200 0.36005000
vt 0.08239400 0.36153200
vt 0.07544200 0.36110200
vt 0.07800300 0.36640300
vt 0.08114900 0.31892500
vt 0.08559700 0.31589500
vt 0.07544200 0.32200500
vt 0.08114900 0.28691000
vt 0.08559700 0.28529800
vt 0.07544200 0.28854800
vt 0.08114900 0.25050300
vt 0.08559700 0.25050300
vt 0.07544200 0.25050300
vt 0.08114900 0.21409600
vt 0.08559700 0.21570800
vt 0.07544200 0.21245800
vt 0.08114900 0.18208100
vt 0.08559700 0.18511000
vt 0.07544200 0.17900100
vt 0.08114900 0.15831800
vt 0.08559700 0.16240000
vt 0.07544200 0.15416900
vt 0.08114900 0.14567400
vt 0.08559700 0.15031600
vt 0.07544200 0.14095600
vt 0.08118500 0.14029600
vt 0.08114900 0.14672600
vt 0.08559700 0.15136700
vt 0.08563200 0.14513800
vt 0.07544200 0.14200700
vt 0.08239400 0.14157700
vt 0.07800300 0.13670600
vt 0.08114900 0.15937000
vt 0.08559700 0.16345200
vt 0.07544200 0.15522000
vt 0.08114900 0.18313300
vt 0.08559700 0.18616200
vt 0.07544200 0.18005300
vt 0.08114900 0.21514800
vt 0.08559700 0.21676000
vt 0.07544200 0.21350900
vt 0.08114900 0.25155400
vt 0.08559700 0.25155500
vt 0.07544200 0.25155400
vt 0.08114900 0.28796100
vt 0.08559700 0.28634900
vt 0.07544200 0.28960000
vt 0.08114900 0.31997700
vt 0.08559700 0.31694700
vt 0.07544200 0.32305600
vt 0.08114900 0.34373900
vt 0.08559700 0.33965800
vt 0.07544200 0.34788900
vt 0.04002100 0.36110200
vt 0.03431300 0.35638300
vt 0.03306800 0.36153200
vt 0.03746000 0.36640300
vt 0.03431300 0.35533200
vt 0.03431300 0.34268800
vt 0.04002100 0.34683700
vt 0.04002100 0.36005000
vt 0.02986600 0.33860600
vt 0.02986600 0.35069000
vt 0.03345000 0.36193300
vt 0.02986600 0.35174200
vt 0.02903100 0.35707100
vt 0.03431300 0.31892500
vt 0.04002100 0.32200500
vt 0.02986600 0.31589500
vt 0.03431300 0.28691000
vt 0.04002100 0.28854800
vt 0.02986600 0.28529800
vt 0.03431300 0.25050300
vt 0.04002100 0.25050300
vt 0.02986600 0.25050300
vt 0.03431300 0.21409600
vt 0.04002100 0.21245800
vt 0.02986600 0.21570800
vt 0.03431300 0.18208100
vt 0.04002100 0.17900100
vt 0.02986600 0.18511000
vt 0.03431300 0.15831800
vt 0.04002100 0.15416900
vt 0.02986600 0.16240000
vt 0.03431300 0.14567400
vt 0.04002100 0.14095600
vt 0.02986600 0.15031600
vt 0.03306800 0.14157700
vt 0.03431300 0.14672600
vt 0.04002100 0.14200800
vt 0.03746000 0.13670600
vt 0.02986600 0.15136700
vt 0.03345000 0.14117600
vt 0.02903100 0.14603800
vt 0.03431300 0.15937000
vt 0.04002100 0.15522100
vt 0.02986600 0.16345200
vt 0.03431300 0.18313300
vt 0.04002100 0.18005300
vt 0.02986600 0.18616200
vt 0.03431300 0.21514800
vt 0.04002100 0.21350900
vt 0.02986600 0.21676000
vt 0.03431300 0.25155400
vt 0.04002100 0.25155400
vt 0.02986600 0.25155500
vt 0.03431300 0.28796100
vt 0.04002100 0.28960000
vt 0.02986600 0.28634900
vt 0.03431300 0.31997700
vt 0.04002100 0.32305600
vt 0.02986600 0.31694700
vt 0.03431300 0.34373900
vt 0.04002100 0.34788900
vt 0.02986600 0.33965800
vt 0.04824600 0.36492200
vt 0.04824600 0.35112200
vt 0.05773100 0.35329800
vt 0.05773100 0.36739700
vt 0.04644500 0.37207900
vt 0.04824600 0.36597400
vt 0.03703700 0.36686800
vt 0.05773100 0.36844800
vt 0.04737200 0.37256700
vt 0.05683800 0.37773600
vt 0.04824600 0.32518500
vt 0.05773100 0.32680000
vt 0.04824600 0.29024000
vt 0.05773100 0.29110000
vt 0.04824600 0.25050300
vt 0.05773100 0.25050300
vt 0.04824600 0.21076600
vt 0.05773100 0.20990600
vt 0.04824600 0.17582100
vt 0.05773100 0.17420600
vt 0.04824600 0.14988400
vt 0.05773100 0.14770800
vt 0.04824600 0.13608400
vt 0.05773100 0.13360900
vt 0.04737200 0.13054200
vt 0.04824600 0.13713500
vt 0.05773100 0.13466100
vt 0.05683800 0.12537400
vt 0.04644500 0.13103000
vt 0.03703700 0.13624200
vt 0.04824600 0.15093600
vt 0.05773100 0.14876000
vt 0.04824600 0.17687300
vt 0.05773100 0.17525800
vt 0.04824600 0.21181700
vt 0.05773100 0.21095800
vt 0.04824600 0.25155400
vt 0.05773100 0.25155400
vt 0.04824600 0.29129200
vt 0.05773100 0.29215100
vt 0.04824600 0.32623600
vt 0.05773100 0.32785200
vt 0.04824600 0.35217300
vt 0.05773100 0.35434900
vt 0.06721600 0.36492200
vt 0.06721600 0.35112200
vt 0.06809100 0.37256700
vt 0.06721600 0.36597400
vt 0.05862500 0.37773500
vt 0.06901800 0.37207900
vt 0.07842600 0.36686800
vt 0.06721600 0.32518500
vt 0.06721600 0.29024000
vt 0.06721600 0.25050300
vt 0.06721600 0.21076600
vt 0.06721600 0.17582100
vt 0.06721600 0.14988400
vt 0.06721600 0.13608400
vt 0.06901800 0.13103000
vt 0.06721600 0.13713500
vt 0.07842600 0.13624100
vt 0.06809100 0.13054200
vt 0.05862500 0.12537400
vt 0.06721600 0.15093600
vt 0.06721600 0.17687300
vt 0.06721600 0.21181700
vt 0.06721600 0.25155400
vt 0.06721600 0.29129200
vt 0.06721600 0.32623600
vt 0.06721600 0.35217300
vt 0.00548300 0.35005200
vt 0.00135200 0.35787300
vt 0.02948600 0.35796000
vt 0.00200000 0.35069000
vt 0.00200000 0.33860600
vt 0.00200000 0.31589500
vt 0.00200000 0.28529800
vt 0.00200000 0.25050300
vt 0.00200000 0.21570800
vt 0.00200000 0.18511000
vt 0.00200000 0.16240000
vt 0.00200000 0.15031600
vt 0.00135200 0.14523600
vt 0.00548300 0.15305700
vt 0.02948600 0.14515000
vt 0.00548300 0.16493700
vt 0.00548300 0.18726500
vt 0.00548300 0.21734700
vt 0.00548300 0.25155400
vt 0.00548300 0.28576200
vt 0.00548300 0.31584500
vt 0.00548300 0.33817200
vt 0.03016600 0.33175600
vt 0.00050000 0.50000000
vt 0.03016600 0.66824400
vt 0.11558600 0.81619500
vt 0.24645600 0.92600800
vt 0.40699200 0.98443800
vt 0.57783100 0.98443800
vt 0.73836700 0.92600800
vt 0.86923800 0.81619400
vt 0.95465700 0.66824300
vt 0.98432300 0.50000000
vt 0.95465700 0.33175600
vt 0.86923800 0.18380500
vt 0.73836700 0.07399200
vt 0.57783100 0.01556200
vt 0.40699200 0.01556200
vt 0.24645600 0.07399200
vt 0.11558500 0.18380500
vt 0.00200000 0.34498500
vt 0.00200000 0.34498500
vt 0.00200000 0.35174200
vt 0.00200000 0.33371600
vt 0.00200000 0.33965800
vt 0.00200000 0.31253700
vt 0.00200000 0.31694700
vt 0.00200000 0.28400300
vt 0.00200000 0.28634900
vt 0.00200000 0.25155500
vt 0.00200000 0.25155500
vt 0.00200000 0.21910600
vt 0.00200000 0.21676000
vt 0.00200000 0.19057200
vt 0.00200000 0.18616200
vt 0.00200000 0.16939300
vt 0.00200000 0.16345200
vt 0.00200000 0.15812400
vt 0.00200000 0.15136700
vt 0.00200000 0.15812400
vt 0.00200000 0.16939300
vt 0.00200000 0.19057200
vt 0.00200000 0.21910600
vt 0.00200000 0.25155400
vt 0.00200000 0.28400300
vt 0.00200000 0.31253700
vt 0.00200000 0.33371600
vt 0.65073000 0.81866600
vt 0.59079600 0.81866600
vt 0.53150400 0.81866600
vt 0.71057800 0.81866600
vt 0.76513600 0.81866600
vt 0.81840800 0.81866600
vt 0.87743200 0.81866600
vt 0.93645500 0.81866600
vt 0.98244600 0.81866600
vt 1.01845300 0.78544700
vt 1.01895700 0.81793300
vt 0.07429300 0.81866600
vt 0.02293600 0.81866600
vt 0.13422800 0.81866600
vt 0.19542300 0.81866600
vt 0.25267500 0.81866600
vt 0.30729500 0.81866600
vt 0.36631800 0.81866600
vt 0.42534200 0.81866600
vt 0.47805800 0.81866600
vt 0.77777800 0.28649700
vt 0.72222200 0.28649700
vt 0.72222200 0.07196500
vt 0.77777800 0.07196500
vt 0.72222200 0.50102900
vt 0.77777800 0.50102900
vt 0.83333300 0.28649700
vt 0.83333300 0.50102900
vt 0.83333300 0.07196500
vt 0.88888900 0.28649700
vt 0.88888900 0.50102900
vt 0.88888900 0.07196500
vt 0.94444400 0.28649700
vt 0.94444400 0.50102900
vt 0.94444400 0.07196500
vt 1.00000000 0.28649700
vt 1.00000000 0.50102900
vt 1.00000000 0.07196500
vt 1.05513100 0.28551200
vt 1.05667200 0.49998800
vt 1.05366600 0.07038100
vt 1.05513300 0.28482300
vt 0.05555600 0.28649700
vt 0.11111100 0.28649700
vt 0.11111100 0.50102900
vt 0.05555600 0.50102900
vt 0.11111100 0.07196500
vt 0.05555600 0.07196500
vt 0.16666700 0.28649700
vt 0.16666700 0.50102900
vt 0.16666700 0.07196500
vt 0.22222200 0.28649700
vt 0.22222200 0.50102900
vt 0.22222200 0.07196500
vt 0.27777800 0.28649700
vt 0.27777800 0.50102900
vt 0.27777800 0.07196500
vt 0.33333300 0.28649700
vt 0.33333300 0.50102900
vt 0.33333300 0.07196500
vt 0.38888900 0.28649700
vt 0.38888900 0.50102900
vt 0.38888900 0.07196500
vt 0.44444400 0.28649700
vt 0.44444400 0.50102900
vt 0.44444400 0.07196500
vt 0.50000000 0.28649700
vt 0.50000000 0.50102900
vt 0.50000000 0.07196500
vt 0.55555500 0.28649700
vt 0.55555500 0.50102900
vt 0.55555500 0.07196500
vt 0.61111100 0.28649700
vt 0.61111100 0.50102900
vt 0.61111100 0.07196500
vt 0.66666700 0.28649700
vt 0.66666700 0.50102900
vt 0.66666700 0.07196500
vt 0.00042800 0.71505800
vt 0.00114500 0.50053900
vt 0.62963200 0.43412900
vt 0.68896600 0.43409800
vt 0.59397400 0.43412900
vt 0.76863700 0.43403800
vt 0.82381500 0.43400700
vt 0.85893100 0.43400700
vt 0.89404700 0.43400700
vt 0.95607500 0.43400700
vt 1.04544900 0.43225600
vt 1.05222200 0.59704700
vt 1.04023800 0.26777400
vt 1.04543300 0.43267800
vt 0.04084700 0.43525500
vt 0.09914700 0.43525500
vt 0.13480500 0.43525500
vt 0.19422300 0.43521600
vt 0.27406300 0.43513900
vt 0.32932500 0.43510000
vt 0.36444100 0.43510000
vt 0.39955700 0.43510000
vt 0.45479300 0.43485700
vt 0.53458100 0.43437200
vt 0.00200000 0.34498500
vt 0.00200000 0.34498500
vt 0.00200000 0.34498500
vt 0.00200000 0.34498500
vt 0.00200000 0.33371600
vt 0.00200000 0.33371600
vt 0.00200000 0.31253700
vt 0.00200000 0.31253700
vt 0.00200000 0.28400300
vt 0.00200000 0.28400300
vt 0.00200000 0.25155500
vt 0.00200000 0.25155500
vt 0.00200000 0.21910600
vt 0.00200000 0.21910600
vt 0.00200000 0.19057200
vt 0.00200000 0.19057200
vt 0.00200000 0.16939300
vt 0.00200000 0.16939300
vt 0.00200000 0.15812400
vt 0.00200000 0.15812400
vt 0.00200000 0.15812400
vt 0.00200000 0.15812400
vt 0.00200000 0.16939300
vt 0.00200000 0.16939300
vt 0.00200000 0.19057200
vt 0.00200000 0.19057200
vt 0.00200000 0.21910600
vt 0.00200000 0.21910600
vt 0.00200000 0.25155400
vt 0.00200000 0.25155400
vt 0.00200000 0.28400300
vt 0.00200000 0.28400300
vt 0.00200000 0.31253700
vt 0.00200000 0.31253700
vt 0.00200000 0.33371600
vt 0.00200000 0.33371600
f 1/1/1 2/2/2 3/3/3
f 2/2/2 4/4/4 3/3/3
f 4/4/4 5/5/5 3/3/3
f 5/5/5 6/6/6 3/3/3
f 6/6/6 7/7/7 3/3/3
f 7/7/7 8/8/8 3/3/3
f 8/8/8 9/9/9 3/3/3
f 9/9/9 10/10/10 3/3/3
f 10/10/10 11/11/11 3/3/3
f 11/11/11 12/12/12 3/3/3
f 12/12/12 13/13/13 3/3/3
f 13/13/13 14/14/14 3/3/3
f 14/14/14 15/15/15 3/3/3
f 15/15/15 16/16/16 3/3/3
f 16/16/16 17/17/17 3/3/3
f 17/17/17 18/18/18 3/3/3
f 18/18/18 19/19/19 3/3/3
f 19/19/19 1/1/1 3/3/3
f 20/20/20 21/21/21 22/22/22
f 20/20/20 23/23/23 21/21/21
f 20/20/20 24/24/24 23/23/23
f 20/20/20 25/25/25 24/24/24
f 20/20/20 26/26/26 25/25/25
f 20/20/20 27/27/27 26/26/26
f 20/20/20 28/28/28 27/27/27
f 20/20/20 29/29/29 28/28/28
f 20/20/20 30/30/30 29/29/29
f 20/20/20 31/31/31 30/30/30
f 20/20/20 32/32/32 31/31/31
f 20/20/20 33/33/33 32/32/32
f 20/20/20 34/34/34 33/33/33
f 20/20/20 35/35/35 34/34/34
f 20/20/20 36/36/36 35/35/35
f 20/20/20 37/37/37 36/36/36
f 20/20/20 38/38/38 37/37/37
f 20/20/20 22/22/22 38/38/38
f 39/39/39 40/40/40 41/41/41
f 39/39/39 41/41/41 42/42/42
f 41/41/41 40/40/40 43/43/43
f 41/41/41 43/43/43 44/44/44
f 45/45/45 46/46/46 41/41/41
f 45/45/45 41/41/41 44/44/44
f 41/41/41 46/46/46 47/47/47
f 41/41/41 47/47/47 42/42/42
f 48/48/48 49/49/49 50/50/50
f 48/48/48 50/50/50 51/51/51
f 52/52/52 49/49/49 53/53/53
f 52/52/52 53/53/53 54/54/54
f 55/55/55 56/56/56 49/49/49
f 55/55/55 49/49/49 48/48/48
f 49/49/49 56/56/56 57/57/57
f 49/49/49 57/57/57 53/53/53
f 58/58/58 59/59/59 56/56/56
f 58/58/58 56/56/56 55/55/55
f 56/56/56 59/59/59 60/60/60
f 56/56/56 60/60/60 57/57/57
f 61/61/61 62/62/62 59/59/59
f 61/61/61 59/59/59 58/58/58
f 59/59/59 62/62/62 63/63/63
f 59/59/59 63/63/63 60/60/60
f 64/64/64 65/65/65 62/62/62
f 64/64/64 62/62/62 61/61/61
f 62/62/62 65/65/65 66/66/66
f 62/62/62 66/66/66 63/63/63
f 67/67/67 68/68/68 65/65/65
f 67/67/67 65/65/65 64/64/64
f 69/69/69 70/70/70 71/71/71
f 69/69/69 71/71/71 72/72/72
f 73/73/73 74/74/74 70/70/70
f 73/73/73 70/70/70 75/75/75
f 70/70/70 74/74/74 76/76/76
f 70/70/70 76/76/76 71/71/71
f 77/77/77 78/78/78 74/74/74
f 77/77/77 74/74/74 73/73/73
f 74/74/74 78/78/78 79/79/79
f 74/74/74 79/79/79 76/76/76
f 80/80/80 81/81/81 78/78/78
f 80/80/80 78/78/78 77/77/77
f 78/78/78 81/81/81 82/82/82
f 78/78/78 82/82/82 79/79/79
f 83/83/83 84/84/84 85/85/85
f 83/83/83 85/85/85 86/86/86
f 87/87/87 84/84/84 88/88/88
f 87/87/87 88/88/88 89/89/89
f 90/90/90 91/91/91 84/84/84
f 90/90/90 84/84/84 83/83/83
f 84/84/84 91/91/91 92/92/92
f 84/84/84 92/92/92 88/88/88
f 93/93/93 94/94/94 91/91/91
f 93/93/93 91/91/91 90/90/90
f 91/91/91 94/94/94 95/95/95
f 91/91/91 95/95/95 92/92/92
f 96/96/96 97/97/97 94/94/94
f 96/96/96 94/94/94 93/93/93
f 94/94/94 97/97/97 98/98/98
f 94/94/94 98/98/98 95/95/95
f 99/99/99 100/100/100 97/97/97
f 99/99/99 97/97/97 96/96/96
f 97/97/97 100/100/100 101/101/101
f 97/97/97 101/101/101 98/98/98
f 102/102/102 103/103/103 104/104/104
f 102/102/102 104/104/104 105/105/105
f 106/106/106 103/103/103 107/107/107
f 106/106/106 107/107/107 108/108/108
f 47/47/47 46/46/46 103/103/103
f 47/47/47 103/103/103 102/102/102
f 103/103/103 46/46/46 45/45/45
f 103/103/103 45/45/45 107/107/107
f 109/109/109 110/110/110 111/111/111
f 109/109/109 111/111/111 112/112/112
f 113/113/113 114/114/114 115/115/115
f 113/113/113 115/115/115 116/116/116
f 117/117/117 114/114/114 118/118/118
f 117/117/117 118/118/118 119/119/119
f 120/120/120 110/110/110 109/109/109
f 120/120/120 109/109/109 121/121/121
f 110/110/110 122/122/122 123/123/123
f 110/110/110 123/123/123 111/111/111
f 124/124/124 122/122/122 110/110/110
f 124/124/124 110/110/110 120/120/120
f 122/122/122 125/125/125 126/126/126
f 122/122/122 126/126/126 123/123/123
f 127/127/127 125/125/125 122/122/122
f 127/127/127 122/122/122 124/124/124
f 125/125/125 128/128/128 129/129/129
f 125/125/125 129/129/129 126/126/126
f 130/130/130 128/128/128 125/125/125
f 130/130/130 125/125/125 127/127/127
f 128/128/128 131/131/131 132/132/132
f 128/128/128 132/132/132 129/129/129
f 133/133/133 131/131/131 128/128/128
f 133/133/133 128/128/128 130/130/130
f 131/131/131 134/134/134 135/135/135
f 131/131/131 135/135/135 132/132/132
f 136/136/136 134/134/134 131/131/131
f 136/136/136 131/131/131 133/133/133
f 134/134/134 137/137/137 138/138/138
f 134/134/134 138/138/138 135/135/135
f 139/139/139 137/137/137 134/134/134
f 139/139/139 134/134/134 136/136/136
f 137/137/137 140/140/140 141/141/141
f 137/137/137 141/141/141 138/138/138
f 142/142/142 140/140/140 137/137/137
f 142/142/142 137/137/137 139/139/139
f 140/140/140 143/143/143 144/144/144
f 140/140/140 144/144/144 141/141/141
f 145/145/145 146/146/146 140/140/140
f 145/145/145 140/140/140 142/142/142
f 147/147/147 148/148/148 149/149/149
f 147/147/147 149/149/149 150/150/150
f 151/151/151 148/148/148 147/147/147
f 151/151/151 147/147/147 152/152/152
f 148/148/148 153/153/153 154/154/154
f 148/148/148 154/154/154 149/149/149
f 155/155/155 153/153/153 148/148/148
f 155/155/155 148/148/148 151/151/151
f 153/153/153 156/156/156 157/157/157
f 153/153/153 157/157/157 154/154/154
f 158/158/158 156/156/156 153/153/153
f 158/158/158 153/153/153 155/155/155
f 156/156/156 159/159/159 160/160/160
f 156/156/156 160/160/160 157/157/157
f 161/161/161 159/159/159 156/156/156
f 161/161/161 156/156/156 158/158/158
f 159/159/159 162/162/162 163/163/163
f 159/159/159 163/163/163 160/160/160
f 164/164/164 162/162/162 159/159/159
f 164/164/164 159/159/159 161/161/161
f 162/162/162 165/165/165 166/166/166
f 162/162/162 166/166/166 163/163/163
f 167/167/167 165/165/165 162/162/162
f 167/167/167 162/162/162 164/164/164
f 165/165/165 168/168/168 169/169/169
f 165/165/165 169/169/169 166/166/166
f 170/170/170 168/168/168 165/165/165
f 170/170/170 165/165/165 167/167/167
f 168/168/168 114/114/114 113/113/113
f 168/168/168 113/113/113 169/169/169
f 118/118/118 114/114/114 168/168/168
f 118/118/118 168/168/168 170/170/170
f 171/171/171 172/172/172 39/39/39
f 171/171/171 39/39/39 42/42/42
f 47/47/47 173/173/173 171/171/171
f 47/47/47 171/171/171 42/42/42
f 174/174/174 173/173/173 47/47/47
f 174/174/174 47/47/47 102/102/102
f 175/175/175 174/174/174 102/102/102
f 175/175/175 102/102/102 176/176/176
f 177/177/177 178/178/178 99/99/99
f 177/177/177 99/99/99 96/96/96
f 179/179/179 177/177/177 96/96/96
f 179/179/179 96/96/96 93/93/93
f 180/180/180 179/179/179 93/93/93
f 180/180/180 93/93/93 90/90/90
f 181/181/181 180/180/180 90/90/90
f 181/181/181 90/90/90 83/83/83
f 182/182/182 181/181/181 83/83/83
f 182/182/182 83/83/83 183/183/183
f 184/184/184 185/185/185 80/80/80
f 184/184/184 80/80/80 77/77/77
f 186/186/186 184/184/184 77/77/77
f 186/186/186 77/77/77 73/73/73
f 187/187/187 186/186/186 73/73/73
f 187/187/187 73/73/73 75/75/75
f 189/189/189 188/188/188 190/190/190
f 189/189/189 190/190/190 191/191/191
f 192/192/192 193/193/193 64/64/64
f 192/192/192 64/64/64 61/61/61
f 194/194/194 192/192/192 61/61/61
f 194/194/194 61/61/61 58/58/58
f 195/195/195 194/194/194 58/58/58
f 195/195/195 58/58/58 55/55/55
f 196/196/196 195/195/195 55/55/55
f 196/196/196 55/55/55 48/48/48
f 197/197/197 196/196/196 48/48/48
f 197/197/197 48/48/48 198/198/198
f 199/199/199 200/200/200 172/172/172
f 199/199/199 172/172/172 171/171/171
f 173/173/173 201/201/201 199/199/199
f 173/173/173 199/199/199 171/171/171
f 199/199/199 201/201/201 202/202/202
f 199/199/199 202/202/202 203/203/203
f 204/204/204 200/200/200 199/199/199
f 204/204/204 199/199/199 203/203/203
f 174/174/174 205/205/205 201/201/201
f 174/174/174 201/201/201 173/173/173
f 201/201/201 205/205/205 206/206/206
f 201/201/201 206/206/206 202/202/202
f 207/207/207 208/208/208 205/205/205
f 207/207/207 205/205/205 174/174/174
f 209/209/209 210/210/210 211/211/211
f 209/209/209 211/211/211 212/212/212
f 177/177/177 213/213/213 210/210/210
f 177/177/177 210/210/210 178/178/178
f 210/210/210 213/213/213 214/214/214
f 210/210/210 214/214/214 211/211/211
f 179/179/179 215/215/215 213/213/213
f 179/179/179 213/213/213 177/177/177
f 213/213/213 215/215/215 216/216/216
f 213/213/213 216/216/216 214/214/214
f 180/180/180 217/217/217 215/215/215
f 180/180/180 215/215/215 179/179/179
f 215/215/215 217/217/217 218/218/218
f 215/215/215 218/218/218 216/216/216
f 181/181/181 219/219/219 217/217/217
f 181/181/181 217/217/217 180/180/180
f 217/217/217 219/219/219 220/220/220
f 217/217/217 220/220/220 218/218/218
f 221/221/221 222/222/222 219/219/219
f 221/221/221 219/219/219 181/181/181
f 219/219/219 223/223/223 224/224/224
f 219/219/219 224/224/224 220/220/220
f 184/184/184 225/225/225 226/226/226
f 184/184/184 226/226/226 185/185/185
f 226/226/226 225/225/225 227/227/227
f 226/226/226 227/227/227 228/228/228
f 186/186/186 229/229/229 225/225/225
f 186/186/186 225/225/225 184/184/184
f 225/225/225 229/229/229 230/230/230
f 225/225/225 230/230/230 227/227/227
f 187/187/187 231/231/231 229/229/229
f 187/187/187 229/229/229 186/186/186
f 229/229/229 231/231/231 232/232/232
f 229/229/229 232/232/232 230/230/230
f 193/193/193 233/233/233 234/234/234
f 193/193/193 234/234/234 235/235/235
f 236/236/236 233/233/233 237/237/237
f 236/236/236 237/237/237 238/238/238
f 192/192/192 239/239/239 233/233/233
f 192/192/192 233/233/233 193/193/193
f 233/233/233 239/239/239 240/240/240
f 233/233/233 240/240/240 237/237/237
f 194/194/194 241/241/241 239/239/239
f 194/194/194 239/239/239 192/192/192
f 239/239/239 241/241/241 242/242/242
f 239/239/239 242/242/242 240/240/240
f 195/195/195 243/243/243 241/241/241
f 195/195/195 241/241/241 194/194/194
f 241/241/241 243/243/243 244/244/244
f 241/241/241 244/244/244 242/242/242
f 196/196/196 245/245/245 243/243/243
f 196/196/196 243/243/243 195/195/195
f 243/243/243 245/245/245 246/246/246
f 243/243/243 246/246/246 244/244/244
f 172/172/172 200/200/200 247/247/247
f 172/172/172 247/247/247 248/248/248
f 249/249/249 200/200/200 204/204/204
f 249/249/249 204/204/204 250/250/250
f 251/251/251 252/252/252 253/253/253
f 251/251/251 253/253/253 254/254/254
f 251/251/251 254/254/254 255/255/255
f 251/251/251 255/255/255 256/256/256
f 251/251/251 256/256/256 257/257/257
f 251/251/251 257/257/257 258/258/258
f 259/259/259 252/252/252 251/251/251
f 259/259/259 251/251/251 258/258/258
f 256/256/256 255/255/255 260/260/260
f 256/256/256 260/260/260 261/261/261
f 256/256/256 261/261/261 262/262/262
f 256/256/256 262/262/262 257/257/257
f 261/261/261 260/260/260 263/263/263
f 261/261/261 263/263/263 264/264/264
f 261/261/261 264/264/264 265/265/265
f 261/261/261 265/265/265 262/262/262
f 264/264/264 263/263/263 266/266/266
f 264/264/264 266/266/266 267/267/267
f 264/264/264 267/267/267 268/268/268
f 264/264/264 268/268/268 265/265/265
f 267/267/267 266/266/266 269/269/269
f 267/267/267 269/269/269 270/270/270
f 267/267/267 270/270/270 271/271/271
f 267/267/267 271/271/271 268/268/268
f 270/270/270 269/269/269 272/272/272
f 270/270/270 272/272/272 273/273/273
f 270/270/270 273/273/273 274/274/274
f 270/270/270 274/274/274 271/271/271
f 273/273/273 272/272/272 275/275/275
f 273/273/273 275/275/275 276/276/276
f 273/273/273 276/276/276 278/278/278
f 273/273/273 278/278/278 274/274/274
f 277/277/277 279/279/279 280/280/280
f 277/277/277 280/280/280 281/281/281
f 276/276/276 282/282/282 283/283/283
f 276/276/276 283/283/283 278/278/278
f 284/284/284 285/285/285 286/286/286
f 284/284/284 286/286/286 287/287/287
f 284/284/284 287/287/287 288/288/288
f 284/284/284 288/288/288 289/289/289
f 287/287/287 286/286/286 290/290/290
f 287/287/287 290/290/290 291/291/291
f 287/287/287 291/291/291 292/292/292
f 287/287/287 292/292/292 288/288/288
f 291/291/291 290/290/290 293/293/293
f 291/291/291 293/293/293 294/294/294
f 291/291/291 294/294/294 295/295/295
f 291/291/291 295/295/295 292/292/292
f 294/294/294 293/293/293 296/296/296
f 294/294/294 296/296/296 297/297/297
f 294/294/294 297/297/297 298/298/298
f 294/294/294 298/298/298 295/295/295
f 297/297/297 296/296/296 299/299/299
f 297/297/297 299/299/299 300/300/300
f 297/297/297 300/300/300 301/301/301
f 297/297/297 301/301/301 298/298/298
f 300/300/300 299/299/299 302/302/302
f 300/300/300 302/302/302 303/303/303
f 300/300/300 303/303/303 304/304/304
f 300/300/300 304/304/304 301/301/301
f 303/303/303 302/302/302 305/305/305
f 303/303/303 305/305/305 306/306/306
f 303/303/303 306/306/306 307/307/307
f 303/303/303 307/307/307 304/304/304
f 306/306/306 305/305/305 308/308/308
f 306/306/306 308/308/308 309/309/309
f 306/306/306 309/309/309 310/310/310
f 306/306/306 310/310/310 307/307/307
f 309/309/309 308/308/308 253/253/253
f 309/309/309 253/253/253 252/252/252
f 309/309/309 252/252/252 259/259/259
f 309/309/309 259/259/259 310/310/310
f 311/311/311 312/312/312 259/259/259
f 311/311/311 259/259/259 258/258/258
f 257/257/257 313/313/313 311/311/311
f 257/257/257 311/311/311 258/258/258
f 311/311/311 313/313/313 314/314/314
f 311/311/311 314/314/314 315/315/315
f 316/316/316 312/312/312 311/311/311
f 316/316/316 311/311/311 315/315/315
f 262/262/262 317/317/317 313/313/313
f 262/262/262 313/313/313 257/257/257
f 313/313/313 317/317/317 318/318/318
f 313/313/313 318/318/318 314/314/314
f 265/265/265 319/319/319 317/317/317
f 265/265/265 317/317/317 262/262/262
f 317/317/317 319/319/319 320/320/320
f 317/317/317 320/320/320 318/318/318
f 268/268/268 321/321/321 319/319/319
f 268/268/268 319/319/319 265/265/265
f 319/319/319 321/321/321 322/322/322
f 319/319/319 322/322/322 320/320/320
f 271/271/271 323/323/323 321/321/321
f 271/271/271 321/321/321 268/268/268
f 321/321/321 323/323/323 324/324/324
f 321/321/321 324/324/324 322/322/322
f 274/274/274 325/325/325 323/323/323
f 274/274/274 323/323/323 271/271/271
f 323/323/323 325/325/325 326/326/326
f 323/323/323 326/326/326 324/324/324
f 278/278/278 327/327/327 325/325/325
f 278/278/278 325/325/325 274/274/274
f 325/325/325 327/327/327 328/328/328
f 325/325/325 328/328/328 326/326/326
f 329/329/329 330/330/330 327/327/327
f 329/329/329 327/327/327 278/278/278
f 327/327/327 331/331/331 332/332/332
f 327/327/327 332/332/332 328/328/328
f 288/288/288 333/333/333 334/334/334
f 288/288/288 334/334/334 289/289/289
f 334/334/334 333/333/333 335/335/335
f 334/334/334 335/335/335 336/336/336
f 292/292/292 337/337/337 333/333/333
f 292/292/292 333/333/333 288/288/288
f 333/333/333 337/337/337 338/338/338
f 333/333/333 338/338/338 335/335/335
f 295/295/295 339/339/339 337/337/337
f 295/295/295 337/337/337 292/292/292
f 337/337/337 339/339/339 340/340/340
f 337/337/337 340/340/340 338/338/338
f 298/298/298 341/341/341 339/339/339
f 298/298/298 339/339/339 295/295/295
f 339/339/339 341/341/341 342/342/342
f 339/339/339 342/342/342 340/340/340
f 301/301/301 343/343/343 341/341/341
f 301/301/301 341/341/341 298/298/298
f 341/341/341 343/343/343 344/344/344
f 341/341/341 344/344/344 342/342/342
f 304/304/304 345/345/345 343/343/343
f 304/304/304 343/343/343 301/301/301
f 343/343/343 345/345/345 346/346/346
f 343/343/343 346/346/346 344/344/344
f 307/307/307 347/347/347 345/345/345
f 307/307/307 345/345/345 304/304/304
f 345/345/345 347/347/347 348/348/348
f 345/345/345 348/348/348 346/346/346
f 310/310/310 349/349/349 347/347/347
f 310/310/310 347/347/347 307/307/307
f 347/347/347 349/349/349 350/350/350
f 347/347/347 350/350/350 348/348/348
f 259/259/259 312/312/312 349/349/349
f 259/259/259 349/349/349 310/310/310
f 349/349/349 312/312/312 316/316/316
f 349/349/349 316/316/316 350/350/350
f 351/351/351 352/352/352 316/316/316
f 351/351/351 316/316/316 315/315/315
f 314/314/314 353/353/353 351/351/351
f 314/314/314 351/351/351 315/315/315
f 351/351/351 353/353/353 354/354/354
f 351/351/351 354/354/354 355/355/355
f 356/356/356 352/352/352 351/351/351
f 356/356/356 351/351/351 355/355/355
f 318/318/318 357/357/357 353/353/353
f 318/318/318 353/353/353 314/314/314
f 353/353/353 357/357/357 358/358/358
f 353/353/353 358/358/358 354/354/354
f 320/320/320 359/359/359 357/357/357
f 320/320/320 357/357/357 318/318/318
f 357/357/357 359/359/359 360/360/360
f 357/357/357 360/360/360 358/358/358
f 322/322/322 361/361/361 359/359/359
f 322/322/322 359/359/359 320/320/320
f 359/359/359 361/361/361 362/362/362
f 359/359/359 362/362/362 360/360/360
f 324/324/324 363/363/363 361/361/361
f 324/324/324 361/361/361 322/322/322
f 361/361/361 363/363/363 364/364/364
f 361/361/361 364/364/364 362/362/362
f 326/326/326 365/365/365 363/363/363
f 326/326/326 363/363/363 324/324/324
f 363/363/363 365/365/365 366/366/366
f 363/363/363 366/366/366 364/364/364
f 328/328/328 367/367/367 365/365/365
f 328/328/328 365/365/365 326/326/326
f 365/365/365 367/367/367 368/368/368
f 365/365/365 368/368/368 366/366/366
f 369/369/369 370/370/370 367/367/367
f 369/369/369 367/367/367 328/328/328
f 367/367/367 371/371/371 372/372/372
f 367/367/367 372/372/372 368/368/368
f 335/335/335 373/373/373 374/374/374
f 335/335/335 374/374/374 336/336/336
f 374/374/374 373/373/373 375/375/375
f 374/374/374 375/375/375 376/376/376
f 338/338/338 377/377/377 373/373/373
f 338/338/338 373/373/373 335/335/335
f 373/373/373 377/377/377 378/378/378
f 373/373/373 378/378/378 375/375/375
f 340/340/340 379/379/379 377/377/377
f 340/340/340 377/377/377 338/338/338
f 377/377/377 379/379/379 380/380/380
f 377/377/377 380/380/380 378/378/378
f 342/342/342 381/381/381 379/379/379
f 342/342/342 379/379/379 340/340/340
f 379/379/379 381/381/381 382/382/382
f 379/379/379 382/382/382 380/380/380
f 344/344/344 383/383/383 381/381/381
f 344/344/344 381/381/381 342/342/342
f 381/381/381 383/383/383 384/384/384
f 381/381/381 384/384/384 382/382/382
f 346/346/346 385/385/385 383/383/383
f 346/346/346 383/383/383 344/344/344
f 383/383/383 385/385/385 386/386/386
f 383/383/383 386/386/386 384/384/384
f 348/348/348 387/387/387 385/385/385
f 348/348/348 385/385/385 346/346/346
f 385/385/385 387/387/387 388/388/388
f 385/385/385 388/388/388 386/386/386
f 350/350/350 389/389/389 387/387/387
f 350/350/350 387/387/387 348/348/348
f 387/387/387 389/389/389 390/390/390
f 387/387/387 390/390/390 388/388/388
f 316/316/316 352/352/352 389/389/389
f 316/316/316 389/389/389 350/350/350
f 389/389/389 352/352/352 356/356/356
f 389/389/389 356/356/356 390/390/390
f 391/391/391 392/392/392 356/356/356
f 391/391/391 356/356/356 355/355/355
f 354/354/354 393/393/393 391/391/391
f 354/354/354 391/391/391 355/355/355
f 391/391/391 393/393/393 394/394/394
f 391/391/391 394/394/394 395/395/395
f 396/396/396 392/392/392 391/391/391
f 396/396/396 391/391/391 395/395/395
f 358/358/358 397/397/397 393/393/393
f 358/358/358 393/393/393 354/354/354
f 393/393/393 397/397/397 398/398/398
f 393/393/393 398/398/398 394/394/394
f 360/360/360 399/399/399 397/397/397
f 360/360/360 397/397/397 358/358/358
f 397/397/397 399/399/399 400/400/400
f 397/397/397 400/400/400 398/398/398
f 362/362/362 401/401/401 399/399/399
f 362/362/362 399/399/399 360/360/360
f 399/399/399 401/401/401 402/402/402
f 399/399/399 402/402/402 400/400/400
f 364/364/364 403/403/403 401/401/401
f 364/364/364 401/401/401 362/362/362
f 401/401/401 403/403/403 404/404/404
f 401/401/401 404/404/404 402/402/402
f 366/366/366 405/405/405 403/403/403
f 366/366/366 403/403/403 364/364/364
f 403/403/403 405/405/405 406/406/406
f 403/403/403 406/406/406 404/404/404
f 368/368/368 407/407/407 405/405/405
f 368/368/368 405/405/405 366/366/366
f 405/405/405 407/407/407 408/408/408
f 405/405/405 408/408/408 406/406/406
f 376/376/376 409/409/409 410/410/410
f 376/376/376 410/410/410 411/411/411
f 407/407/407 412/412/412 413/413/413
f 407/407/407 413/413/413 408/408/408
f 375/375/375 414/414/414 409/409/409
f 375/375/375 409/409/409 376/376/376
f 409/409/409 414/414/414 415/415/415
f 409/409/409 415/415/415 416/416/416
f 378/378/378 417/417/417 414/414/414
f 378/378/378 414/414/414 375/375/375
f 414/414/414 417/417/417 418/418/418
f 414/414/414 418/418/418 415/415/415
f 380/380/380 419/419/419 417/417/417
f 380/380/380 417/417/417 378/378/378
f 417/417/417 419/419/419 420/420/420
f 417/417/417 420/420/420 418/418/418
f 382/382/382 421/421/421 419/419/419
f 382/382/382 419/419/419 380/380/380
f 419/419/419 421/421/421 422/422/422
f 419/419/419 422/422/422 420/420/420
f 384/384/384 423/423/423 421/421/421
f 384/384/384 421/421/421 382/382/382
f 421/421/421 423/423/423 424/424/424
f 421/421/421 424/424/424 422/422/422
f 386/386/386 425/425/425 423/423/423
f 386/386/386 423/423/423 384/384/384
f 423/423/423 425/425/425 426/426/426
f 423/423/423 426/426/426 424/424/424
f 388/388/388 427/427/427 425/425/425
f 388/388/388 425/425/425 386/386/386
f 425/425/425 427/427/427 428/428/428
f 425/425/425 428/428/428 426/426/426
f 390/390/390 429/429/429 427/427/427
f 390/390/390 427/427/427 388/388/388
f 427/427/427 429/429/429 430/430/430
f 427/427/427 430/430/430 428/428/428
f 356/356/356 392/392/392 429/429/429
f 356/356/356 429/429/429 390/390/390
f 429/429/429 392/392/392 396/396/396
f 429/429/429 396/396/396 430/430/430
f 431/431/431 432/432/432 433/433/433
f 431/431/431 433/433/433 434/434/434
f 435/435/435 436/436/436 431/431/431
f 435/435/435 431/431/431 434/434/434
f 431/431/431 436/436/436 437/437/437
f 431/431/431 437/437/437 438/438/438
f 439/439/439 432/432/432 431/431/431
f 439/439/439 431/431/431 438/438/438
f 440/440/440 441/441/441 436/436/436
f 440/440/440 436/436/436 435/435/435
f 436/436/436 441/441/441 442/442/442
f 436/436/436 442/442/442 437/437/437
f 443/443/443 444/444/444 441/441/441
f 443/443/443 441/441/441 440/440/440
f 441/441/441 444/444/444 445/445/445
f 441/441/441 445/445/445 442/442/442
f 446/446/446 447/447/447 444/444/444
f 446/446/446 444/444/444 443/443/443
f 444/444/444 447/447/447 448/448/448
f 444/444/444 448/448/448 445/445/445
f 449/449/449 450/450/450 447/447/447
f 449/449/449 447/447/447 446/446/446
f 447/447/447 450/450/450 451/451/451
f 447/447/447 451/451/451 448/448/448
f 452/452/452 453/453/453 450/450/450
f 452/452/452 450/450/450 449/449/449
f 450/450/450 453/453/453 454/454/454
f 450/450/450 454/454/454 451/451/451
f 455/455/455 456/456/456 453/453/453
f 455/455/455 453/453/453 452/452/452
f 453/453/453 456/456/456 457/457/457
f 453/453/453 457/457/457 454/454/454
f 458/458/458 459/459/459 456/456/456
f 458/458/458 456/456/456 455/455/455
f 456/456/456 459/459/459 460/460/460
f 456/456/456 460/460/460 457/457/457
f 461/461/461 462/462/462 459/459/459
f 461/461/461 459/459/459 458/458/458
f 459/459/459 462/462/462 463/463/463
f 459/459/459 463/463/463 460/460/460
f 464/464/464 465/465/465 462/462/462
f 464/464/464 462/462/462 461/461/461
f 462/462/462 465/465/465 466/466/466
f 462/462/462 466/466/466 463/463/463
f 467/467/467 468/468/468 465/465/465
f 467/467/467 465/465/465 464/464/464
f 465/465/465 468/468/468 469/469/469
f 465/465/465 469/469/469 466/466/466
f 470/470/470 471/471/471 468/468/468
f 470/470/470 468/468/468 467/467/467
f 468/468/468 471/471/471 472/472/472
f 468/468/468 472/472/472 469/469/469
f 473/473/473 474/474/474 471/471/471
f 473/473/473 471/471/471 470/470/470
f 471/471/471 474/474/474 475/475/475
f 471/471/471 475/475/475 472/472/472
f 476/476/476 477/477/477 474/474/474
f 476/476/476 474/474/474 473/473/473
f 474/474/474 477/477/477 478/478/478
f 474/474/474 478/478/478 475/475/475
f 479/479/479 480/480/480 477/477/477
f 479/479/479 477/477/477 476/476/476
f 477/477/477 480/480/480 481/481/481
f 477/477/477 481/481/481 478/478/478
f 482/482/482 483/483/483 480/480/480
f 482/482/482 480/480/480 479/479/479
f 480/480/480 483/483/483 484/484/484
f 480/480/480 484/484/484 481/481/481
f 433/433/433 432/432/432 483/483/483
f 433/433/433 483/483/483 482/482/482
f 483/483/483 432/432/432 439/439/439
f 483/483/483 439/439/439 484/484/484
f 485/485/485 486/486/486 113/113/113
f 485/485/485 113/113/113 487/487/487
f 111/111/111 488/488/488 489/489/489
f 111/111/111 489/489/489 112/112/112
f 489/489/489 488/488/488 490/490/490
f 489/489/489 490/490/490 491/491/491
f 492/492/492 486/486/486 493/493/493
f 492/492/492 493/493/493 494/494/494
f 123/123/123 495/495/495 488/488/488
f 123/123/123 488/488/488 111/111/111
f 488/488/488 495/495/495 496/496/496
f 488/488/488 496/496/496 490/490/490
f 126/126/126 497/497/497 495/495/495
f 126/126/126 495/495/495 123/123/123
f 495/495/495 497/497/497 498/498/498
f 495/495/495 498/498/498 496/496/496
f 129/129/129 499/499/499 497/497/497
f 129/129/129 497/497/497 126/126/126
f 497/497/497 499/499/499 500/500/500
f 497/497/497 500/500/500 498/498/498
f 132/132/132 501/501/501 499/499/499
f 132/132/132 499/499/499 129/129/129
f 499/499/499 501/501/501 502/502/502
f 499/499/499 502/502/502 500/500/500
f 135/135/135 503/503/503 501/501/501
f 135/135/135 501/501/501 132/132/132
f 501/501/501 503/503/503 504/504/504
f 501/501/501 504/504/504 502/502/502
f 138/138/138 505/505/505 503/503/503
f 138/138/138 503/503/503 135/135/135
f 503/503/503 505/505/505 506/506/506
f 503/503/503 506/506/506 504/504/504
f 141/141/141 507/507/507 505/505/505
f 141/141/141 505/505/505 138/138/138
f 505/505/505 507/507/507 508/508/508
f 505/505/505 508/508/508 506/506/506
f 509/509/509 510/510/510 507/507/507
f 509/509/509 507/507/507 141/141/141
f 507/507/507 511/511/511 512/512/512
f 507/507/507 512/512/512 508/508/508
f 149/149/149 513/513/513 514/514/514
f 149/149/149 514/514/514 150/150/150
f 514/514/514 513/513/513 515/515/515
f 514/514/514 515/515/515 516/516/516
f 154/154/154 517/517/517 513/513/513
f 154/154/154 513/513/513 149/149/149
f 513/513/513 517/517/517 518/518/518
f 513/513/513 518/518/518 515/515/515
f 157/157/157 519/519/519 517/517/517
f 157/157/157 517/517/517 154/154/154
f 517/517/517 519/519/519 520/520/520
f 517/517/517 520/520/520 518/518/518
f 160/160/160 521/521/521 519/519/519
f 160/160/160 519/519/519 157/157/157
f 519/519/519 521/521/521 522/522/522
f 519/519/519 522/522/522 520/520/520
f 163/163/163 523/523/523 521/521/521
f 163/163/163 521/521/521 160/160/160
f 521/521/521 523/523/523 524/524/524
f 521/521/521 524/524/524 522/522/522
f 166/166/166 525/525/525 523/523/523
f 166/166/166 523/523/523 163/163/163
f 523/523/523 525/525/525 526/526/526
f 523/523/523 526/526/526 524/524/524
f 169/169/169 527/527/527 525/525/525
f 169/169/169 525/525/525 166/166/166
f 525/525/525 527/527/527 528/528/528
f 525/525/525 528/528/528 526/526/526
f 113/113/113 486/486/486 527/527/527
f 113/113/113 527/527/527 169/169/169
f 527/527/527 486/486/486 492/492/492
f 527/527/527 492/492/492 528/528/528
f 529/529/529 530/530/530 531/531/531
f 529/529/529 531/531/531 532/532/532
f 533/533/533 534/534/534 529/529/529
f 533/533/533 529/529/529 532/532/532
f 529/529/529 534/534/534 535/535/535
f 529/529/529 535/535/535 536/536/536
f 537/537/537 530/530/530 529/529/529
f 537/537/537 529/529/529 536/536/536
f 538/538/538 539/539/539 534/534/534
f 538/538/538 534/534/534 533/533/533
f 534/534/534 539/539/539 540/540/540
f 534/534/534 540/540/540 535/535/535
f 541/541/541 542/542/542 539/539/539
f 541/541/541 539/539/539 538/538/538
f 539/539/539 542/542/542 543/543/543
f 539/539/539 543/543/543 540/540/540
f 544/544/544 545/545/545 542/542/542
f 544/544/544 542/542/542 541/541/541
f 542/542/542 545/545/545 546/546/546
f 542/542/542 546/546/546 543/543/543
f 547/547/547 548/548/548 545/545/545
f 547/547/547 545/545/545 544/544/544
f 545/545/545 548/548/548 549/549/549
f 545/545/545 549/549/549 546/546/546
f 550/550/550 551/551/551 548/548/548
f 550/550/550 548/548/548 547/547/547
f 548/548/548 551/551/551 552/552/552
f 548/548/548 552/552/552 549/549/549
f 553/553/553 554/554/554 551/551/551
f 553/553/553 551/551/551 550/550/550
f 551/551/551 555/555/555 556/556/556
f 551/551/551 556/556/556 552/552/552
f 557/557/557 558/558/558 559/559/559
f 557/557/557 559/559/559 560/560/560
f 559/559/559 558/558/558 561/561/561
f 559/559/559 561/561/561 562/562/562
f 563/563/563 564/564/564 558/558/558
f 563/563/563 558/558/558 557/557/557
f 558/558/558 564/564/564 565/565/565
f 558/558/558 565/565/565 561/561/561
f 566/566/566 567/567/567 564/564/564
f 566/566/566 564/564/564 563/563/563
f 564/564/564 567/567/567 568/568/568
f 564/564/564 568/568/568 565/565/565
f 569/569/569 570/570/570 567/567/567
f 569/569/569 567/567/567 566/566/566
f 567/567/567 570/570/570 571/571/571
f 567/567/567 571/571/571 568/568/568
f 572/572/572 573/573/573 570/570/570
f 572/572/572 570/570/570 569/569/569
f 570/570/570 573/573/573 574/574/574
f 570/570/570 574/574/574 571/571/571
f 575/575/575 576/576/576 573/573/573
f 575/575/575 573/573/573 572/572/572
f 573/573/573 576/576/576 577/577/577
f 573/573/573 577/577/577 574/574/574
f 578/578/578 579/579/579 576/576/576
f 578/578/578 576/576/576 575/575/575
f 576/576/576 579/579/579 580/580/580
f 576/576/576 580/580/580 577/577/577
f 581/581/581 582/582/582 579/579/579
f 581/581/581 579/579/579 578/578/578
f 579/579/579 582/582/582 583/583/583
f 579/579/579 583/583/583 580/580/580
f 584/584/584 585/585/585 582/582/582
f 584/584/584 582/582/582 581/581/581
f 582/582/582 585/585/585 586/586/586
f 582/582/582 586/586/586 583/583/583
f 531/531/531 530/530/530 585/585/585
f 531/531/531 585/585/585 584/584/584
f 585/585/585 530/530/530 537/537/537
f 585/585/585 537/537/537 586/586/586
f 587/587/587 588/588/588 537/537/537
f 587/587/587 537/537/537 536/536/536
f 535/535/535 589/589/589 587/587/587
f 535/535/535 587/587/587 536/536/536
f 587/587/587 589/589/589 590/590/590
f 587/587/587 590/590/590 591/591/591
f 592/592/592 588/588/588 587/587/587
f 592/592/592 587/587/587 591/591/591
f 540/540/540 593/593/593 589/589/589
f 540/540/540 589/589/589 535/535/535
f 589/589/589 593/593/593 594/594/594
f 589/589/589 594/594/594 590/590/590
f 543/543/543 595/595/595 593/593/593
f 543/543/543 593/593/593 540/540/540
f 593/593/593 595/595/595 596/596/596
f 593/593/593 596/596/596 594/594/594
f 546/546/546 597/597/597 595/595/595
f 546/546/546 595/595/595 543/543/543
f 595/595/595 597/597/597 598/598/598
f 595/595/595 598/598/598 596/596/596
f 549/549/549 599/599/599 597/597/597
f 549/549/549 597/597/597 546/546/546
f 597/597/597 599/599/599 600/600/600
f 597/597/597 600/600/600 598/598/598
f 552/552/552 601/601/601 599/599/599
f 552/552/552 599/599/599 549/549/549
f 599/599/599 601/601/601 602/602/602
f 599/599/599 602/602/602 600/600/600
f 603/603/603 604/604/604 601/601/601
f 603/603/603 601/601/601 552/552/552
f 601/601/601 605/605/605 606/606/606
f 601/601/601 606/606/606 602/602/602
f 561/561/561 607/607/607 608/608/608
f 561/561/561 608/608/608 562/562/562
f 608/608/608 607/607/607 609/609/609
f 608/608/608 609/609/609 610/610/610
f 565/565/565 611/611/611 607/607/607
f 565/565/565 607/607/607 561/561/561
f 607/607/607 611/611/611 612/612/612
f 607/607/607 612/612/612 609/609/609
f 568/568/568 613/613/613 611/611/611
f 568/568/568 611/611/611 565/565/565
f 611/611/611 613/613/613 614/614/614
f 611/611/611 614/614/614 612/612/612
f 571/571/571 615/615/615 613/613/613
f 571/571/571 613/613/613 568/568/568
f 613/613/613 615/615/615 616/616/616
f 613/613/613 616/616/616 614/614/614
f 574/574/574 617/617/617 615/615/615
f 574/574/574 615/615/615 571/571/571
f 615/615/615 617/617/617 618/618/618
f 615/615/615 618/618/618 616/616/616
f 577/577/577 619/619/619 617/617/617
f 577/577/577 617/617/617 574/574/574
f 617/617/617 619/619/619 620/620/620
f 617/617/617 620/620/620 618/618/618
f 580/580/580 621/621/621 619/619/619
f 580/580/580 619/619/619 577/577/577
f 619/619/619 621/621/621 622/622/622
f 619/619/619 622/622/622 620/620/620
f 583/583/583 623/623/623 621/621/621
f 583/583/583 621/621/621 580/580/580
f 621/621/621 623/623/623 624/624/624
f 621/621/621 624/624/624 622/622/622
f 586/586/586 625/625/625 623/623/623
f 586/586/586 623/623/623 583/583/583
f 623/623/623 625/625/625 626/626/626
f 623/623/623 626/626/626 624/624/624
f 537/537/537 588/588/588 625/625/625
f 537/537/537 625/625/625 586/586/586
f 625/625/625 588/588/588 592/592/592
f 625/625/625 592/592/592 626/626/626
f 627/627/627 628/628/628 629/629/629
f 627/627/627 629/629/629 630/630/630
f 631/631/631 632/632/632 627/627/627
f 631/631/631 627/627/627 630/630/630
f 627/627/627 632/632/632 633/633/633
f 627/627/627 633/633/633 634/634/634
f 635/635/635 628/628/628 627/627/627
f 635/635/635 627/627/627 634/634/634
f 636/636/636 637/637/637 632/632/632
f 636/636/636 632/632/632 631/631/631
f 632/632/632 637/637/637 638/638/638
f 632/632/632 638/638/638 633/633/633
f 639/639/639 640/640/640 637/637/637
f 639/639/639 637/637/637 636/636/636
f 637/637/637 640/640/640 641/641/641
f 637/637/637 641/641/641 638/638/638
f 642/642/642 643/643/643 640/640/640
f 642/642/642 640/640/640 639/639/639
f 640/640/640 643/643/643 644/644/644
f 640/640/640 644/644/644 641/641/641
f 645/645/645 646/646/646 643/643/643
f 645/645/645 643/643/643 642/642/642
f 643/643/643 646/646/646 647/647/647
f 643/643/643 647/647/647 644/644/644
f 648/648/648 649/649/649 646/646/646
f 648/648/648 646/646/646 645/645/645
f 646/646/646 649/649/649 650/650/650
f 646/646/646 650/650/650 647/647/647
f 651/651/651 652/652/652 649/649/649
f 651/651/651 649/649/649 648/648/648
f 653/653/653 654/654/654 655/655/655
f 653/653/653 655/655/655 656/656/656
f 657/657/657 658/658/658 654/654/654
f 657/657/657 654/654/654 659/659/659
f 654/654/654 658/658/658 660/660/660
f 654/654/654 660/660/660 655/655/655
f 661/661/661 662/662/662 658/658/658
f 661/661/661 658/658/658 657/657/657
f 658/658/658 662/662/662 663/663/663
f 658/658/658 663/663/663 660/660/660
f 664/664/664 665/665/665 662/662/662
f 664/664/664 662/662/662 661/661/661
f 662/662/662 665/665/665 666/666/666
f 662/662/662 666/666/666 663/663/663
f 667/667/667 668/668/668 665/665/665
f 667/667/667 665/665/665 664/664/664
f 665/665/665 668/668/668 669/669/669
f 665/665/665 669/669/669 666/666/666
f 670/670/670 671/671/671 668/668/668
f 670/670/670 668/668/668 667/667/667
f 668/668/668 671/671/671 672/672/672
f 668/668/668 672/672/672 669/669/669
f 673/673/673 674/674/674 671/671/671
f 673/673/673 671/671/671 670/670/670
f 671/671/671 674/674/674 675/675/675
f 671/671/671 675/675/675 672/672/672
f 676/676/676 677/677/677 674/674/674
f 676/676/676 674/674/674 673/673/673
f 674/674/674 677/677/677 678/678/678
f 674/674/674 678/678/678 675/675/675
f 679/679/679 680/680/680 677/677/677
f 679/679/679 677/677/677 676/676/676
f 677/677/677 680/680/680 681/681/681
f 677/677/677 681/681/681 678/678/678
f 682/682/682 683/683/683 680/680/680
f 682/682/682 680/680/680 679/679/679
f 680/680/680 683/683/683 684/684/684
f 680/680/680 684/684/684 681/681/681
f 629/629/629 628/628/628 683/683/683
f 629/629/629 683/683/683 682/682/682
f 683/683/683 628/628/628 635/635/635
f 683/683/683 635/635/635 684/684/684
f 685/685/685 686/686/686 687/687/687
f 685/685/685 687/687/687 688/688/688
f 689/689/689 690/690/690 691/691/691
f 689/689/689 691/691/691 692/692/692
f 691/691/691 690/690/690 693/693/693
f 691/691/691 693/693/693 694/694/694
f 695/695/695 686/686/686 696/696/696
f 695/695/695 696/696/696 697/697/697
f 698/698/698 699/699/699 690/690/690
f 698/698/698 690/690/690 689/689/689
f 690/690/690 699/699/699 700/700/700
f 690/690/690 700/700/700 693/693/693
f 701/701/701 702/702/702 699/699/699
f 701/701/701 699/699/699 698/698/698
f 699/699/699 702/702/702 703/703/703
f 699/699/699 703/703/703 700/700/700
f 704/704/704 705/705/705 702/702/702
f 704/704/704 702/702/702 701/701/701
f 702/702/702 705/705/705 706/706/706
f 702/702/702 706/706/706 703/703/703
f 707/707/707 708/708/708 705/705/705
f 707/707/707 705/705/705 704/704/704
f 705/705/705 708/708/708 709/709/709
f 705/705/705 709/709/709 706/706/706
f 710/710/710 711/711/711 708/708/708
f 710/710/710 708/708/708 707/707/707
f 708/708/708 711/711/711 712/712/712
f 708/708/708 712/712/712 709/709/709
f 713/713/713 714/714/714 711/711/711
f 713/713/713 711/711/711 710/710/710
f 711/711/711 714/714/714 715/715/715
f 711/711/711 715/715/715 712/712/712
f 716/716/716 717/717/717 714/714/714
f 716/716/716 714/714/714 713/713/713
f 714/714/714 717/717/717 718/718/718
f 714/714/714 718/718/718 715/715/715
f 719/719/719 720/720/720 721/721/721
f 719/719/719 721/721/721 722/722/722
f 723/723/723 720/720/720 724/724/724
f 723/723/723 724/724/724 725/725/725
f 726/726/726 727/727/727 720/720/720
f 726/726/726 720/720/720 719/719/719
f 720/720/720 727/727/727 728/728/728
f 720/720/720 728/728/728 724/724/724
f 729/729/729 730/730/730 727/727/727
f 729/729/729 727/727/727 726/726/726
f 727/727/727 730/730/730 731/731/731
f 727/727/727 731/731/731 728/728/728
f 732/732/732 733/733/733 730/730/730
f 732/732/732 730/730/730 729/729/729
f 730/730/730 733/733/733 734/734/734
f 730/730/730 734/734/734 731/731/731
f 735/735/735 736/736/736 733/733/733
f 735/735/735 733/733/733 732/732/732
f 733/733/733 736/736/736 737/737/737
f 733/733/733 737/737/737 734/734/734
f 738/738/738 739/739/739 736/736/736
f 738/738/738 736/736/736 735/735/735
f 736/736/736 739/739/739 740/740/740
f 736/736/736 740/740/740 737/737/737
f 741/741/741 742/742/742 739/739/739
f 741/741/741 739/739/739 738/738/738
f 739/739/739 742/742/742 743/743/743
f 739/739/739 743/743/743 740/740/740
f 744/744/744 745/745/745 742/742/742
f 744/744/744 742/742/742 741/741/741
f 742/742/742 745/745/745 746/746/746
f 742/742/742 746/746/746 743/743/743
f 687/687/687 686/686/686 745/745/745
f 687/687/687 745/745/745 744/744/744
f 745/745/745 686/686/686 695/695/695
f 745/745/745 695/695/695 746/746/746
f 747/747/747 748/748/748 749/749/749
f 747/747/747 749/749/749 750/750/750
f 751/751/751 752/752/752 753/753/753
f 751/751/751 753/753/753 754/754/754
f 753/753/753 752/752/752 755/755/755
f 753/753/753 755/755/755 756/756/756
f 757/757/757 748/748/748 758/758/758
f 757/757/757 758/758/758 759/759/759
f 760/760/760 761/761/761 752/752/752
f 760/760/760 752/752/752 751/751/751
f 752/752/752 761/761/761 762/762/762
f 752/752/752 762/762/762 755/755/755
f 763/763/763 764/764/764 761/761/761
f 763/763/763 761/761/761 760/760/760
f 761/761/761 764/764/764 765/765/765
f 761/761/761 765/765/765 762/762/762
f 766/766/766 767/767/767 764/764/764
f 766/766/766 764/764/764 763/763/763
f 764/764/764 767/767/767 768/768/768
f 764/764/764 768/768/768 765/765/765
f 769/769/769 770/770/770 767/767/767
f 769/769/769 767/767/767 766/766/766
f 767/767/767 770/770/770 771/771/771
f 767/767/767 771/771/771 768/768/768
f 772/772/772 773/773/773 770/770/770
f 772/772/772 770/770/770 769/769/769
f 770/770/770 773/773/773 774/774/774
f 770/770/770 774/774/774 771/771/771
f 775/775/775 776/776/776 773/773/773
f 775/775/775 773/773/773 772/772/772
f 773/773/773 776/776/776 777/777/777
f 773/773/773 777/777/777 774/774/774
f 778/778/778 779/779/779 776/776/776
f 778/778/778 776/776/776 775/775/775
f 776/776/776 779/779/779 780/780/780
f 776/776/776 780/780/780 777/777/777
f 781/781/781 782/782/782 783/783/783
f 781/781/781 783/783/783 784/784/784
f 785/785/785 782/782/782 786/786/786
f 785/785/785 786/786/786 787/787/787
f 788/788/788 789/789/789 782/782/782
f 788/788/788 782/782/782 781/781/781
f 782/782/782 789/789/789 790/790/790
f 782/782/782 790/790/790 786/786/786
f 791/791/791 792/792/792 789/789/789
f 791/791/791 789/789/789 788/788/788
f 789/789/789 792/792/792 793/793/793
f 789/789/789 793/793/793 790/790/790
f 794/794/794 795/795/795 792/792/792
f 794/794/794 792/792/792 791/791/791
f 792/792/792 795/795/795 796/796/796
f 792/792/792 796/796/796 793/793/793
f 797/797/797 798/798/798 795/795/795
f 797/797/797 795/795/795 794/794/794
f 795/795/795 798/798/798 799/799/799
f 795/795/795 799/799/799 796/796/796
f 800/800/800 801/801/801 798/798/798
f 800/800/800 798/798/798 797/797/797
f 798/798/798 801/801/801 802/802/802
f 798/798/798 802/802/802 799/799/799
f 803/803/803 804/804/804 801/801/801
f 803/803/803 801/801/801 800/800/800
f 801/801/801 804/804/804 805/805/805
f 801/801/801 805/805/805 802/802/802
f 806/806/806 807/807/807 804/804/804
f 806/806/806 804/804/804 803/803/803
f 804/804/804 807/807/807 808/808/808
f 804/804/804 808/808/808 805/805/805
f 749/749/749 748/748/748 807/807/807
f 749/749/749 807/807/807 806/806/806
f 807/807/807 748/748/748 757/757/757
f 807/807/807 757/757/757 808/808/808
f 809/809/809 810/810/810 811/811/811
f 809/809/809 811/811/811 812/812/812
f 811/811/811 810/810/810 751/751/751
f 811/811/811 751/751/751 754/754/754
f 749/749/749 813/813/813 814/814/814
f 749/749/749 814/814/814 815/815/815
f 816/816/816 813/813/813 817/817/817
f 816/816/816 817/817/817 818/818/818
f 819/819/819 820/820/820 810/810/810
f 819/819/819 810/810/810 809/809/809
f 810/810/810 820/820/820 760/760/760
f 810/810/810 760/760/760 751/751/751
f 821/821/821 822/822/822 820/820/820
f 821/821/821 820/820/820 819/819/819
f 820/820/820 822/822/822 763/763/763
f 820/820/820 763/763/763 760/760/760
f 823/823/823 824/824/824 822/822/822
f 823/823/823 822/822/822 821/821/821
f 822/822/822 824/824/824 766/766/766
f 822/822/822 766/766/766 763/763/763
f 825/825/825 826/826/826 824/824/824
f 825/825/825 824/824/824 823/823/823
f 824/824/824 826/826/826 769/769/769
f 824/824/824 769/769/769 766/766/766
f 827/827/827 828/828/828 826/826/826
f 827/827/827 826/826/826 825/825/825
f 826/826/826 828/828/828 772/772/772
f 826/826/826 772/772/772 769/769/769
f 829/829/829 830/830/830 828/828/828
f 829/829/829 828/828/828 827/827/827
f 828/828/828 830/830/830 775/775/775
f 828/828/828 775/775/775 772/772/772
f 831/831/831 832/832/832 830/830/830
f 831/831/831 830/830/830 829/829/829
f 830/830/830 832/832/832 778/778/778
f 830/830/830 778/778/778 775/775/775
f 833/833/833 834/834/834 835/835/835
f 833/833/833 835/835/835 836/836/836
f 837/837/837 834/834/834 781/781/781
f 837/837/837 781/781/781 838/838/838
f 839/839/839 840/840/840 834/834/834
f 839/839/839 834/834/834 833/833/833
f 834/834/834 840/840/840 788/788/788
f 834/834/834 788/788/788 781/781/781
f 841/841/841 842/842/842 840/840/840
f 841/841/841 840/840/840 839/839/839
f 840/840/840 842/842/842 791/791/791
f 840/840/840 791/791/791 788/788/788
f 843/843/843 844/844/844 842/842/842
f 843/843/843 842/842/842 841/841/841
f 842/842/842 844/844/844 794/794/794
f 842/842/842 794/794/794 791/791/791
f 845/845/845 846/846/846 844/844/844
f 845/845/845 844/844/844 843/843/843
f 844/844/844 846/846/846 797/797/797
f 844/844/844 797/797/797 794/794/794
f 847/847/847 848/848/848 846/846/846
f 847/847/847 846/846/846 845/845/845
f 846/846/846 848/848/848 800/800/800
f 846/846/846 800/800/800 797/797/797
f 849/849/849 850/850/850 848/848/848
f 849/849/849 848/848/848 847/847/847
f 848/848/848 850/850/850 803/803/803
f 848/848/848 803/803/803 800/800/800
f 851/851/851 852/852/852 850/850/850
f 851/851/851 850/850/850 849/849/849
f 850/850/850 852/852/852 806/806/806
f 850/850/850 806/806/806 803/803/803
f 817/817/817 813/813/813 852/852/852
f 817/817/817 852/852/852 851/851/851
f 852/852/852 813/813/813 749/749/749
f 852/852/852 749/749/749 806/806/806
f 693/693/693 853/853/853 854/854/854
f 693/693/693 854/854/854 694/694/694
f 854/854/854 853/853/853 809/809/809
f 854/854/854 809/809/809 812/812/812
f 817/817/817 855/855/855 856/856/856
f 817/817/817 856/856/856 857/857/857
f 858/858/858 855/855/855 695/695/695
f 858/858/858 695/695/695 859/859/859
f 700/700/700 860/860/860 853/853/853
f 700/700/700 853/853/853 693/693/693
f 853/853/853 860/860/860 819/819/819
f 853/853/853 819/819/819 809/809/809
f 703/703/703 861/861/861 860/860/860
f 703/703/703 860/860/860 700/700/700
f 860/860/860 861/861/861 821/821/821
f 860/860/860 821/821/821 819/819/819
f 706/706/706 862/862/862 861/861/861
f 706/706/706 861/861/861 703/703/703
f 861/861/861 862/862/862 823/823/823
f 861/861/861 823/823/823 821/821/821
f 709/709/709 863/863/863 862/862/862
f 709/709/709 862/862/862 706/706/706
f 862/862/862 863/863/863 825/825/825
f 862/862/862 825/825/825 823/823/823
f 712/712/712 864/864/864 863/863/863
f 712/712/712 863/863/863 709/709/709
f 863/863/863 864/864/864 827/827/827
f 863/863/863 827/827/827 825/825/825
f 715/715/715 865/865/865 864/864/864
f 715/715/715 864/864/864 712/712/712
f 864/864/864 865/865/865 829/829/829
f 864/864/864 829/829/829 827/827/827
f 718/718/718 866/866/866 865/865/865
f 718/718/718 865/865/865 715/715/715
f 865/865/865 866/866/866 831/831/831
f 865/865/865 831/831/831 829/829/829
f 724/724/724 867/867/867 868/868/868
f 724/724/724 868/868/868 869/869/869
f 870/870/870 867/867/867 833/833/833
f 870/870/870 833/833/833 871/871/871
f 728/728/728 872/872/872 867/867/867
f 728/728/728 867/867/867 724/724/724
f 867/867/867 872/872/872 839/839/839
f 867/867/867 839/839/839 833/833/833
f 731/731/731 873/873/873 872/872/872
f 731/731/731 872/872/872 728/728/728
f 872/872/872 873/873/873 841/841/841
f 872/872/872 841/841/841 839/839/839
f 734/734/734 874/874/874 873/873/873
f 734/734/734 873/873/873 731/731/731
f 873/873/873 874/874/874 843/843/843
f 873/873/873 843/843/843 841/841/841
f 737/737/737 875/875/875 874/874/874
f 737/737/737 874/874/874 734/734/734
f 874/874/874 875/875/875 845/845/845
f 874/874/874 845/845/845 843/843/843
f 740/740/740 876/876/876 875/875/875
f 740/740/740 875/875/875 737/737/737
f 875/875/875 876/876/876 847/847/847
f 875/875/875 847/847/847 845/845/845
f 743/743/743 877/877/877 876/876/876
f 743/743/743 876/876/876 740/740/740
f 876/876/876 877/877/877 849/849/849
f 876/876/876 849/849/849 847/847/847
f 746/746/746 878/878/878 877/877/877
f 746/746/746 877/877/877 743/743/743
f 877/877/877 878/878/878 851/851/851
f 877/877/877 851/851/851 849/849/849
f 695/695/695 855/855/855 878/878/878
f 695/695/695 878/878/878 746/746/746
f 878/878/878 855/855/855 817/817/817
f 878/878/878 817/817/817 851/851/851
f 879/879/879 880/880/880 757/757/757
f 879/879/879 757/757/757 881/881/881
f 755/755/755 882/882/882 883/883/883
f 755/755/755 883/883/883 756/756/756
f 762/762/762 884/884/884 882/882/882
f 762/762/762 882/882/882 755/755/755
f 765/765/765 885/885/885 884/884/884
f 765/765/765 884/884/884 762/762/762
f 768/768/768 886/886/886 885/885/885
f 768/768/768 885/885/885 765/765/765
f 771/771/771 887/887/887 886/886/886
f 771/771/771 886/886/886 768/768/768
f 774/774/774 888/888/888 887/887/887
f 774/774/774 887/887/887 771/771/771
f 777/777/777 889/889/889 888/888/888
f 777/777/777 888/888/888 774/774/774
f 780/780/780 890/890/890 889/889/889
f 780/780/780 889/889/889 777/777/777
f 786/786/786 891/891/891 892/892/892
f 786/786/786 892/892/892 893/893/893
f 790/790/790 894/894/894 891/891/891
f 790/790/790 891/891/891 786/786/786
f 793/793/793 895/895/895 894/894/894
f 793/793/793 894/894/894 790/790/790
f 796/796/796 896/896/896 895/895/895
f 796/796/796 895/895/895 793/793/793
f 799/799/799 897/897/897 896/896/896
f 799/799/799 896/896/896 796/796/796
f 802/802/802 898/898/898 897/897/897
f 802/802/802 897/897/897 799/799/799
f 805/805/805 899/899/899 898/898/898
f 805/805/805 898/898/898 802/802/802
f 808/808/808 900/900/900 899/899/899
f 808/808/808 899/899/899 805/805/805
f 757/757/757 880/880/880 900/900/900
f 757/757/757 900/900/900 808/808/808
f 2/2/2 1/1/1 901/901/901
f 2/2/2 901/901/901 902/902/902
f 903/903/903 4/4/4 2/2/2
f 903/903/903 2/2/2 902/902/902
f 904/904/904 5/5/5 4/4/4
f 904/904/904 4/4/4 903/903/903
f 905/905/905 6/6/6 5/5/5
f 905/905/905 5/5/5 904/904/904
f 906/906/906 7/7/7 6/6/6
f 906/906/906 6/6/6 905/905/905
f 907/907/907 8/8/8 7/7/7
f 907/907/907 7/7/7 906/906/906
f 908/908/908 9/9/9 8/8/8
f 908/908/908 8/8/8 907/907/907
f 909/909/909 10/10/10 9/9/9
f 909/909/909 9/9/9 908/908/908
f 910/910/910 11/11/11 10/10/10
f 910/910/910 10/10/10 909/909/909
f 911/911/911 12/12/12 11/11/11
f 911/911/911 11/11/11 910/910/910
f 912/912/912 13/13/13 12/12/12
f 912/912/912 12/12/12 911/911/911
f 913/913/913 14/14/14 13/13/13
f 913/913/913 13/13/13 912/912/912
f 914/914/914 15/15/15 14/14/14
f 914/914/914 14/14/14 913/913/913
f 915/915/915 16/16/16 15/15/15
f 915/915/915 15/15/15 914/914/914
f 916/916/916 17/17/17 16/16/16
f 916/916/916 16/16/16 915/915/915
f 917/917/917 18/18/18 17/17/17
f 917/917/917 17/17/17 916/916/916
f 918/918/918 19/19/19 18/18/18
f 918/918/918 18/18/18 917/917/917
f 901/901/901 1/1/1 19/19/19
f 901/901/901 19/19/19 918/918/918
f 919/919/919 920/920/920 880/880/880
f 919/919/919 880/880/880 921/921/921
f 922/922/922 923/923/923 919/919/919
f 922/922/922 919/919/919 921/921/921
f 924/924/924 925/925/925 923/923/923
f 924/924/924 923/923/923 922/922/922
f 926/926/926 927/927/927 925/925/925
f 926/926/926 925/925/925 924/924/924
f 928/928/928 929/929/929 927/927/927
f 928/928/928 927/927/927 926/926/926
f 930/930/930 931/931/931 929/929/929
f 930/930/930 929/929/929 928/928/928
f 932/932/932 933/933/933 931/931/931
f 932/932/932 931/931/931 930/930/930
f 934/934/934 935/935/935 933/933/933
f 934/934/934 933/933/933 932/932/932
f 936/936/936 937/937/937 935/935/935
f 936/936/936 935/935/935 934/934/934
f 891/891/891 938/938/938 937/937/937
f 891/891/891 937/937/937 936/936/936
f 894/894/894 939/939/939 938/938/938
f 894/894/894 938/938/938 891/891/891
f 895/895/895 940/940/940 939/939/939
f 895/895/895 939/939/939 894/894/894
f 896/896/896 941/941/941 940/940/940
f 896/896/896 940/940/940 895/895/895
f 897/897/897 942/942/942 941/941/941
f 897/897/897 941/941/941 896/896/896
f 898/898/898 943/943/943 942/942/942
f 898/898/898 942/942/942 897/897/897
f 899/899/899 944/944/944 943/943/943
f 899/899/899 943/943/943 898/898/898
f 900/900/900 945/945/945 944/944/944
f 900/900/900 944/944/944 899/899/899
f 880/880/880 920/920/920 945/945/945
f 880/880/880 945/945/945 900/900/900
f 946/946/946 255/255/255 254/254/254
f 946/946/946 254/254/254 947/947/947
f 254/254/254 253/253/253 948/948/948
f 254/254/254 948/948/948 947/947/947
f 949/949/949 260/260/260 255/255/255
f 949/949/949 255/255/255 946/946/946
f 950/950/950 263/263/263 260/260/260
f 950/950/950 260/260/260 949/949/949
f 951/951/951 266/266/266 263/263/263
f 951/951/951 263/263/263 950/950/950
f 952/952/952 269/269/269 266/266/266
f 952/952/952 266/266/266 951/951/951
f 953/953/953 272/272/272 269/269/269
f 953/953/953 269/269/269 952/952/952
f 954/954/954 275/275/275 272/272/272
f 954/954/954 272/272/272 953/953/953
f 955/955/955 956/956/956 275/275/275
f 955/955/955 275/275/275 954/954/954
f 957/957/957 286/286/286 285/285/285
f 957/957/957 285/285/285 958/958/958
f 959/959/959 290/290/290 286/286/286
f 959/959/959 286/286/286 957/957/957
f 960/960/960 293/293/293 290/290/290
f 960/960/960 290/290/290 959/959/959
f 961/961/961 296/296/296 293/293/293
f 961/961/961 293/293/293 960/960/960
f 962/962/962 299/299/299 296/296/296
f 962/962/962 296/296/296 961/961/961
f 963/963/963 302/302/302 299/299/299
f 963/963/963 299/299/299 962/962/962
f 964/964/964 305/305/305 302/302/302
f 964/964/964 302/302/302 963/963/963
f 965/965/965 308/308/308 305/305/305
f 965/965/965 305/305/305 964/964/964
f 948/948/948 253/253/253 308/308/308
f 948/948/948 308/308/308 965/965/965
f 590/590/590 966/966/966 967/967/967
f 590/590/590 967/967/967 591/591/591
f 967/967/967 966/966/966 631/631/631
f 967/967/967 631/631/631 630/630/630
f 629/629/629 968/968/968 967/967/967
f 629/629/629 967/967/967 630/630/630
f 967/967/967 968/968/968 592/592/592
f 967/967/967 592/592/592 591/591/591
f 594/594/594 969/969/969 966/966/966
f 594/594/594 966/966/966 590/590/590
f 966/966/966 969/969/969 636/636/636
f 966/966/966 636/636/636 631/631/631
f 596/596/596 970/970/970 969/969/969
f 596/596/596 969/969/969 594/594/594
f 969/969/969 970/970/970 639/639/639
f 969/969/969 639/639/639 636/636/636
f 598/598/598 971/971/971 970/970/970
f 598/598/598 970/970/970 596/596/596
f 970/970/970 971/971/971 642/642/642
f 970/970/970 642/642/642 639/639/639
f 600/600/600 972/972/972 971/971/971
f 600/600/600 971/971/971 598/598/598
f 971/971/971 972/972/972 645/645/645
f 971/971/971 645/645/645 642/642/642
f 602/602/602 973/973/973 972/972/972
f 602/602/602 972/972/972 600/600/600
f 972/972/972 973/973/973 648/648/648
f 972/972/972 648/648/648 645/645/645
f 974/974/974 975/975/975 973/973/973
f 974/974/974 973/973/973 602/602/602
f 973/973/973 976/976/976 977/977/977
f 973/973/973 977/977/977 648/648/648
f 609/609/609 978/978/978 979/979/979
f 609/609/609 979/979/979 610/610/610
f 979/979/979 978/978/978 657/657/657
f 979/979/979 657/657/657 659/659/659
f 612/612/612 980/980/980 978/978/978
f 612/612/612 978/978/978 609/609/609
f 978/978/978 980/980/980 661/661/661
f 978/978/978 661/661/661 657/657/657
f 614/614/614 981/981/981 980/980/980
f 614/614/614 980/980/980 612/612/612
f 980/980/980 981/981/981 664/664/664
f 980/980/980 664/664/664 661/661/661
f 616/616/616 982/982/982 981/981/981
f 616/616/616 981/981/981 614/614/614
f 981/981/981 982/982/982 667/667/667
f 981/981/981 667/667/667 664/664/664
f 618/618/618 983/983/983 982/982/982
f 618/618/618 982/982/982 616/616/616
f 982/982/982 983/983/983 670/670/670
f 982/982/982 670/670/670 667/667/667
f 620/620/620 984/984/984 983/983/983
f 620/620/620 983/983/983 618/618/618
f 983/983/983 984/984/984 673/673/673
f 983/983/983 673/673/673 670/670/670
f 622/622/622 985/985/985 984/984/984
f 622/622/622 984/984/984 620/620/620
f 984/984/984 985/985/985 676/676/676
f 984/984/984 676/676/676 673/673/673
f 624/624/624 986/986/986 985/985/985
f 624/624/624 985/985/985 622/622/622
f 985/985/985 986/986/986 679/679/679
f 985/985/985 679/679/679 676/676/676
f 626/626/626 987/987/987 986/986/986
f 626/626/626 986/986/986 624/624/624
f 986/986/986 987/987/987 682/682/682
f 986/986/986 682/682/682 679/679/679
f 592/592/592 968/968/968 987/987/987
f 592/592/592 987/987/987 626/626/626
f 987/987/987 968/968/968 629/629/629
f 987/987/987 629/629/629 682/682/682
f 988/988/988 989/989/989 990/990/990
f 988/988/988 990/990/990 991/991/991
f 992/992/992 993/993/993 988/988/988
f 992/992/992 988/988/988 994/994/994
f 989/989/989 995/995/995 996/996/996
f 989/989/989 996/996/996 997/997/997
f 995/995/995 998/998/998 999/999/999
f 995/995/995 999/999/999 1000/1000/1000
f 998/998/998 1001/1001/1001 1002/1002/1002
f 998/998/998 1002/1002/1002 1003/1003/1003
f 1004/1004/1004 1006/1006/1006 1007/1007/1007
f 1004/1004/1004 1007/1007/1007 1008/1008/1008
f 1005/1005/1005 1009/1009/1009 1010/1010/1010
f 1005/1005/1005 1010/1010/1010 1011/1011/1011
f 1009/1009/1009 1012/1012/1012 1013/1013/1013
f 1009/1009/1009 1013/1013/1013 1014/1014/1014
f 1012/1012/1012 1015/1015/1015 1016/1016/1016
f 1012/1012/1012 1016/1016/1016 1017/1017/1017
f 1015/1015/1015 1018/1018/1018 1019/1019/1019
f 1015/1015/1015 1019/1019/1019 1020/1020/1020
f 1018/1018/1018 1021/1021/1021 1022/1022/1022
f 1018/1018/1018 1022/1022/1022 1023/1023/1023
f 1021/1021/1021 1024/1024/1024 1025/1025/1025
f 1021/1021/1021 1025/1025/1025 1026/1026/1026
f 1024/1024/1024 1027/1027/1027 1028/1028/1028
f 1024/1024/1024 1028/1028/1028 1029/1029/1029
f 1027/1027/1027 1030/1030/1030 1031/1031/1031
f 1027/1027/1027 1031/1031/1031 1032/1032/1032
f 1030/1030/1030 1033/1033/1033 1034/1034/1034
f 1030/1030/1030 1034/1034/1034 1035/1035/1035
f 1033/1033/1033 1036/1036/1036 1037/1037/1037
f 1033/1033/1033 1037/1037/1037 1038/1038/1038
f 1036/1036/1036 1039/1039/1039 1040/1040/1040
f 1036/1036/1036 1040/1040/1040 1041/1041/1041
f 1039/1039/1039 993/993/993 1042/1042/1042
f 1039/1039/1039 1042/1042/1042 1043/1043/1043
f 1044/1044/1044 1045/1045/1045 1046/1046/1046
f 1044/1044/1044 1046/1046/1046 1047/1047/1047
f 1048/1048/1048 1049/1049/1049 1050/1050/1050
f 1048/1048/1048 1050/1050/1050 1051/1051/1051
f 1052/1052/1052 1053/1053/1053 1045/1045/1045
f 1052/1052/1052 1045/1045/1045 1044/1044/1044
f 1054/1054/1054 1055/1055/1055 1053/1053/1053
f 1054/1054/1054 1053/1053/1053 1052/1052/1052
f 1056/1056/1056 1057/1057/1057 1055/1055/1055
f 1056/1056/1056 1055/1055/1055 1054/1054/1054
f 1058/1058/1058 1059/1059/1059 1057/1057/1057
f 1058/1058/1058 1057/1057/1057 1056/1056/1056
f 1060/1060/1060 1061/1061/1061 1059/1059/1059
f 1060/1060/1060 1059/1059/1059 1058/1058/1058
f 1062/1062/1062 1063/1063/1063 1061/1061/1061
f 1062/1062/1062 1061/1061/1061 1060/1060/1060
f 1064/1064/1064 1065/1065/1065 1063/1063/1063
f 1064/1064/1064 1063/1063/1063 1062/1062/1062
f 1066/1066/1066 1067/1067/1067 1065/1065/1065
f 1066/1066/1066 1065/1065/1065 1064/1064/1064
f 1068/1068/1068 1069/1069/1069 1070/1070/1070
f 1068/1068/1068 1070/1070/1070 1071/1071/1071
f 1072/1072/1072 1073/1073/1073 1069/1069/1069
f 1072/1072/1072 1069/1069/1069 1068/1068/1068
f 1074/1074/1074 1075/1075/1075 1073/1073/1073
f 1074/1074/1074 1073/1073/1073 1072/1072/1072
f 1076/1076/1076 1077/1077/1077 1075/1075/1075
f 1076/1076/1076 1075/1075/1075 1074/1074/1074
f 1078/1078/1078 1079/1079/1079 1077/1077/1077
f 1078/1078/1078 1077/1077/1077 1076/1076/1076
f 1080/1080/1080 1081/1081/1081 1079/1079/1079
f 1080/1080/1080 1079/1079/1079 1078/1078/1078
f 1082/1082/1082 1083/1083/1083 1081/1081/1081
f 1082/1082/1082 1081/1081/1081 1080/1080/1080
f 1050/1050/1050 1049/1049/1049 1083/1083/1083
f 1050/1050/1050 1083/1083/1083 1082/1082/1082
f 1084/1084/1084 1085/1085/1085 1086/1086/1086
f 1084/1084/1084 1086/1086/1086 1087/1087/1087
f 1086/1086/1086 1088/1088/1088 1089/1089/1089
f 1086/1086/1086 1089/1089/1089 1087/1087/1087
f 1090/1090/1090 1091/1091/1091 1085/1085/1085
f 1090/1090/1090 1085/1085/1085 1084/1084/1084
f 1092/1092/1092 1093/1093/1093 1094/1094/1094
f 1092/1092/1092 1094/1094/1094 1095/1095/1095
f 1096/1096/1096 1097/1097/1097 1093/1093/1093
f 1096/1096/1096 1093/1093/1093 1092/1092/1092
f 1098/1098/1098 1099/1099/1099 1097/1097/1097
f 1098/1098/1098 1097/1097/1097 1096/1096/1096
f 1100/1100/1100 1101/1101/1101 1099/1099/1099
f 1100/1100/1100 1099/1099/1099 1098/1098/1098
f 1102/1102/1102 1103/1103/1103 1101/1101/1101
f 1102/1102/1102 1101/1101/1101 1100/1100/1100
f 1104/1104/1104 1105/1105/1105 1103/1103/1103
f 1104/1104/1104 1103/1103/1103 1102/1102/1102
f 1106/1106/1106 1107/1107/1107 1108/1108/1108
f 1106/1106/1106 1108/1108/1108 1109/1109/1109
f 1110/1110/1110 1111/1111/1111 1107/1107/1107
f 1110/1110/1110 1107/1107/1107 1106/1106/1106
f 1112/1112/1112 1113/1113/1113 1111/1111/1111
f 1112/1112/1112 1111/1111/1111 1110/1110/1110
f 1114/1114/1114 1115/1115/1115 1116/1116/1116
f 1114/1114/1114 1116/1116/1116 1117/1117/1117
f 1118/1118/1118 1119/1119/1119 1115/1115/1115
f 1118/1118/1118 1115/1115/1115 1114/1114/1114
f 1120/1120/1120 1121/1121/1121 1119/1119/1119
f 1120/1120/1120 1119/1119/1119 1118/1118/1118
f 1122/1122/1122 1123/1123/1123 1121/1121/1121
f 1122/1122/1122 1121/1121/1121 1120/1120/1120
f 1124/1124/1124 1125/1125/1125 1123/1123/1123
f 1124/1124/1124 1123/1123/1123 1122/1122/1122
f 1089/1089/1089 1088/1088/1088 1126/1126/1126
f 1089/1089/1089 1126/1126/1126 1127/1127/1127
f 1128/1128/1128 1129/1129/1129 1130/1130/1130
f 1128/1128/1128 1130/1130/1130 1131/1131/1131
f 1132/1132/1132 1131/1131/1131 1130/1130/1130
f 1132/1132/1132 1130/1130/1130 1133/1133/1133
f 1134/1134/1134 1133/1133/1133 1130/1130/1130
f 1134/1134/1134 1130/1130/1130 1135/1135/1135
f 1130/1130/1130 1129/1129/1129 1136/1136/1136
f 1130/1130/1130 1136/1136/1136 1135/1135/1135
f 1137/1137/1137 1132/1132/1132 1133/1133/1133
f 1137/1137/1137 1133/1133/1133 1138/1138/1138
f 1139/1139/1139 1138/1138/1138 1133/1133/1133
f 1139/1139/1139 1133/1133/1133 1134/1134/1134
f 1140/1140/1140 1137/1137/1137 1138/1138/1138
f 1140/1140/1140 1138/1138/1138 1141/1141/1141
f 1142/1142/1142 1141/1141/1141 1138/1138/1138
f 1142/1142/1142 1138/1138/1138 1139/1139/1139
f 1143/1143/1143 1140/1140/1140 1141/1141/1141
f 1143/1143/1143 1141/1141/1141 1144/1144/1144
f 1145/1145/1145 1144/1144/1144 1141/1141/1141
f 1145/1145/1145 1141/1141/1141 1142/1142/1142
f 1146/1146/1146 1143/1143/1143 1144/1144/1144
f 1146/1146/1146 1144/1144/1144 1147/1147/1147
f 1148/1148/1148 1147/1147/1147 1144/1144/1144
f 1148/1148/1148 1144/1144/1144 1145/1145/1145
f 1149/1149/1149 1146/1146/1146 1147/1147/1147
f 1149/1149/1149 1147/1147/1147 1150/1150/1150
f 1151/1151/1151 1150/1150/1150 1147/1147/1147
f 1151/1151/1151 1147/1147/1147 1148/1148/1148
f 1152/1152/1152 1149/1149/1149 1150/1150/1150
f 1152/1152/1152 1150/1150/1150 1154/1154/1154
f 1155/1155/1155 1154/1154/1154 1150/1150/1150
f 1155/1155/1155 1150/1150/1150 1151/1151/1151
f 1156/1156/1156 1157/1157/1157 1153/1153/1153
f 1156/1156/1156 1153/1153/1153 1158/1158/1158
f 1159/1159/1159 1160/1160/1160 1154/1154/1154
f 1159/1159/1159 1154/1154/1154 1155/1155/1155
f 1161/1161/1161 1162/1162/1162 1163/1163/1163
f 1161/1161/1161 1163/1163/1163 1164/1164/1164
f 1165/1165/1165 1164/1164/1164 1163/1163/1163
f 1165/1165/1165 1163/1163/1163 1166/1166/1166
f 1167/1167/1167 1161/1161/1161 1164/1164/1164
f 1167/1167/1167 1164/1164/1164 1168/1168/1168
f 1169/1169/1169 1168/1168/1168 1164/1164/1164
f 1169/1169/1169 1164/1164/1164 1165/1165/1165
f 1170/1170/1170 1167/1167/1167 1168/1168/1168
f 1170/1170/1170 1168/1168/1168 1171/1171/1171
f 1172/1172/1172 1171/1171/1171 1168/1168/1168
f 1172/1172/1172 1168/1168/1168 1169/1169/1169
f 1173/1173/1173 1170/1170/1170 1171/1171/1171
f 1173/1173/1173 1171/1171/1171 1174/1174/1174
f 1175/1175/1175 1174/1174/1174 1171/1171/1171
f 1175/1175/1175 1171/1171/1171 1172/1172/1172
f 1176/1176/1176 1173/1173/1173 1174/1174/1174
f 1176/1176/1176 1174/1174/1174 1177/1177/1177
f 1178/1178/1178 1177/1177/1177 1174/1174/1174
f 1178/1178/1178 1174/1174/1174 1175/1175/1175
f 1179/1179/1179 1176/1176/1176 1177/1177/1177
f 1179/1179/1179 1177/1177/1177 1180/1180/1180
f 1181/1181/1181 1180/1180/1180 1177/1177/1177
f 1181/1181/1181 1177/1177/1177 1178/1178/1178
f 1182/1182/1182 1179/1179/1179 1180/1180/1180
f 1182/1182/1182 1180/1180/1180 1183/1183/1183
f 1184/1184/1184 1183/1183/1183 1180/1180/1180
f 1184/1184/1184 1180/1180/1180 1181/1181/1181
f 1185/1185/1185 1182/1182/1182 1183/1183/1183
f 1185/1185/1185 1183/1183/1183 1186/1186/1186
f 1187/1187/1187 1186/1186/1186 1183/1183/1183
f 1187/1187/1187 1183/1183/1183 1184/1184/1184
f 1128/1128/1128 1185/1185/1185 1186/1186/1186
f 1128/1128/1128 1186/1186/1186 1129/1129/1129
f 1136/1136/1136 1129/1129/1129 1186/1186/1186
f 1136/1136/1136 1186/1186/1186 1187/1187/1187
f 1136/1136/1136 1188/1188/1188 1189/1189/1189
f 1136/1136/1136 1189/1189/1189 1135/1135/1135
f 1189/1189/1189 1190/1190/1190 1134/1134/1134
f 1189/1189/1189 1134/1134/1134 1135/1135/1135
f 1191/1191/1191 1190/1190/1190 1189/1189/1189
f 1191/1191/1191 1189/1189/1189 1192/1192/1192
f 1189/1189/1189 1188/1188/1188 1193/1193/1193
f 1189/1189/1189 1193/1193/1193 1192/1192/1192
f 1190/1190/1190 1194/1194/1194 1139/1139/1139
f 1190/1190/1190 1139/1139/1139 1134/1134/1134
f 1195/1195/1195 1194/1194/1194 1190/1190/1190
f 1195/1195/1195 1190/1190/1190 1191/1191/1191
f 1194/1194/1194 1196/1196/1196 1142/1142/1142
f 1194/1194/1194 1142/1142/1142 1139/1139/1139
f 1197/1197/1197 1196/1196/1196 1194/1194/1194
f 1197/1197/1197 1194/1194/1194 1195/1195/1195
f 1196/1196/1196 1198/1198/1198 1145/1145/1145
f 1196/1196/1196 1145/1145/1145 1142/1142/1142
f 1199/1199/1199 1198/1198/1198 1196/1196/1196
f 1199/1199/1199 1196/1196/1196 1197/1197/1197
f 1198/1198/1198 1200/1200/1200 1148/1148/1148
f 1198/1198/1198 1148/1148/1148 1145/1145/1145
f 1201/1201/1201 1200/1200/1200 1198/1198/1198
f 1201/1201/1201 1198/1198/1198 1199/1199/1199
f 1200/1200/1200 1202/1202/1202 1151/1151/1151
f 1200/1200/1200 1151/1151/1151 1148/1148/1148
f 1203/1203/1203 1202/1202/1202 1200/1200/1200
f 1203/1203/1203 1200/1200/1200 1201/1201/1201
f 1202/1202/1202 1204/1204/1204 1155/1155/1155
f 1202/1202/1202 1155/1155/1155 1151/1151/1151
f 1205/1205/1205 1204/1204/1204 1202/1202/1202
f 1205/1205/1205 1202/1202/1202 1203/1203/1203
f 1204/1204/1204 1206/1206/1206 1207/1207/1207
f 1204/1204/1204 1207/1207/1207 1155/1155/1155
f 1208/1208/1208 1209/1209/1209 1204/1204/1204
f 1208/1208/1208 1204/1204/1204 1205/1205/1205
f 1210/1210/1210 1211/1211/1211 1165/1165/1165
f 1210/1210/1210 1165/1165/1165 1166/1166/1166
f 1212/1212/1212 1211/1211/1211 1210/1210/1210
f 1212/1212/1212 1210/1210/1210 1213/1213/1213
f 1211/1211/1211 1214/1214/1214 1169/1169/1169
f 1211/1211/1211 1169/1169/1169 1165/1165/1165
f 1215/1215/1215 1214/1214/1214 1211/1211/1211
f 1215/1215/1215 1211/1211/1211 1212/1212/1212
f 1214/1214/1214 1216/1216/1216 1172/1172/1172
f 1214/1214/1214 1172/1172/1172 1169/1169/1169
f 1217/1217/1217 1216/1216/1216 1214/1214/1214
f 1217/1217/1217 1214/1214/1214 1215/1215/1215
f 1216/1216/1216 1218/1218/1218 1175/1175/1175
f 1216/1216/1216 1175/1175/1175 1172/1172/1172
f 1219/1219/1219 1218/1218/1218 1216/1216/1216
f 1219/1219/1219 1216/1216/1216 1217/1217/1217
f 1218/1218/1218 1220/1220/1220 1178/1178/1178
f 1218/1218/1218 1178/1178/1178 1175/1175/1175
f 1221/1221/1221 1220/1220/1220 1218/1218/1218
f 1221/1221/1221 1218/1218/1218 1219/1219/1219
f 1220/1220/1220 1222/1222/1222 1181/1181/1181
f 1220/1220/1220 1181/1181/1181 1178/1178/1178
f 1223/1223/1223 1222/1222/1222 1220/1220/1220
f 1223/1223/1223 1220/1220/1220 1221/1221/1221
f 1222/1222/1222 1224/1224/1224 1184/1184/1184
f 1222/1222/1222 1184/1184/1184 1181/1181/1181
f 1225/1225/1225 1224/1224/1224 1222/1222/1222
f 1225/1225/1225 1222/1222/1222 1223/1223/1223
f 1224/1224/1224 1226/1226/1226 1187/1187/1187
f 1224/1224/1224 1187/1187/1187 1184/1184/1184
f 1227/1227/1227 1226/1226/1226 1224/1224/1224
f 1227/1227/1227 1224/1224/1224 1225/1225/1225
f 1226/1226/1226 1188/1188/1188 1136/1136/1136
f 1226/1226/1226 1136/1136/1136 1187/1187/1187
f 1193/1193/1193 1188/1188/1188 1226/1226/1226
f 1193/1193/1193 1226/1226/1226 1227/1227/1227
f 1193/1193/1193 1228/1228/1228 1229/1229/1229
f 1193/1193/1193 1229/1229/1229 1192/1192/1192
f 1229/1229/1229 1230/1230/1230 1191/1191/1191
f 1229/1229/1229 1191/1191/1191 1192/1192/1192
f 1231/1231/1231 1230/1230/1230 1229/1229/1229
f 1231/1231/1231 1229/1229/1229 1232/1232/1232
f 1229/1229/1229 1228/1228/1228 1233/1233/1233
f 1229/1229/1229 1233/1233/1233 1232/1232/1232
f 1230/1230/1230 1234/1234/1234 1195/1195/1195
f 1230/1230/1230 1195/1195/1195 1191/1191/1191
f 1235/1235/1235 1234/1234/1234 1230/1230/1230
f 1235/1235/1235 1230/1230/1230 1231/1231/1231
f 1234/1234/1234 1236/1236/1236 1197/1197/1197
f 1234/1234/1234 1197/1197/1197 1195/1195/1195
f 1237/1237/1237 1236/1236/1236 1234/1234/1234
f 1237/1237/1237 1234/1234/1234 1235/1235/1235
f 1236/1236/1236 1238/1238/1238 1199/1199/1199
f 1236/1236/1236 1199/1199/1199 1197/1197/1197
f 1239/1239/1239 1238/1238/1238 1236/1236/1236
f 1239/1239/1239 1236/1236/1236 1237/1237/1237
f 1238/1238/1238 1240/1240/1240 1201/1201/1201
f 1238/1238/1238 1201/1201/1201 1199/1199/1199
f 1241/1241/1241 1240/1240/1240 1238/1238/1238
f 1241/1241/1241 1238/1238/1238 1239/1239/1239
f 1240/1240/1240 1242/1242/1242 1203/1203/1203
f 1240/1240/1240 1203/1203/1203 1201/1201/1201
f 1243/1243/1243 1242/1242/1242 1240/1240/1240
f 1243/1243/1243 1240/1240/1240 1241/1241/1241
f 1242/1242/1242 1244/1244/1244 1205/1205/1205
f 1242/1242/1242 1205/1205/1205 1203/1203/1203
f 1245/1245/1245 1244/1244/1244 1242/1242/1242
f 1245/1245/1245 1242/1242/1242 1243/1243/1243
f 1244/1244/1244 1246/1246/1246 1247/1247/1247
f 1244/1244/1244 1247/1247/1247 1205/1205/1205
f 1248/1248/1248 1249/1249/1249 1244/1244/1244
f 1248/1248/1248 1244/1244/1244 1245/1245/1245
f 1250/1250/1250 1251/1251/1251 1212/1212/1212
f 1250/1250/1250 1212/1212/1212 1213/1213/1213
f 1252/1252/1252 1251/1251/1251 1250/1250/1250
f 1252/1252/1252 1250/1250/1250 1253/1253/1253
f 1251/1251/1251 1254/1254/1254 1215/1215/1215
f 1251/1251/1251 1215/1215/1215 1212/1212/1212
f 1255/1255/1255 1254/1254/1254 1251/1251/1251
f 1255/1255/1255 1251/1251/1251 1252/1252/1252
f 1254/1254/1254 1256/1256/1256 1217/1217/1217
f 1254/1254/1254 1217/1217/1217 1215/1215/1215
f 1257/1257/1257 1256/1256/1256 1254/1254/1254
f 1257/1257/1257 1254/1254/1254 1255/1255/1255
f 1256/1256/1256 1258/1258/1258 1219/1219/1219
f 1256/1256/1256 1219/1219/1219 1217/1217/1217
f 1259/1259/1259 1258/1258/1258 1256/1256/1256
f 1259/1259/1259 1256/1256/1256 1257/1257/1257
f 1258/1258/1258 1260/1260/1260 1221/1221/1221
f 1258/1258/1258 1221/1221/1221 1219/1219/1219
f 1261/1261/1261 1260/1260/1260 1258/1258/1258
f 1261/1261/1261 1258/1258/1258 1259/1259/1259
f 1260/1260/1260 1262/1262/1262 1223/1223/1223
f 1260/1260/1260 1223/1223/1223 1221/1221/1221
f 1263/1263/1263 1262/1262/1262 1260/1260/1260
f 1263/1263/1263 1260/1260/1260 1261/1261/1261
f 1262/1262/1262 1264/1264/1264 1225/1225/1225
f 1262/1262/1262 1225/1225/1225 1223/1223/1223
f 1265/1265/1265 1264/1264/1264 1262/1262/1262
f 1265/1265/1265 1262/1262/1262 1263/1263/1263
f 1264/1264/1264 1266/1266/1266 1227/1227/1227
f 1264/1264/1264 1227/1227/1227 1225/1225/1225
f 1267/1267/1267 1266/1266/1266 1264/1264/1264
f 1267/1267/1267 1264/1264/1264 1265/1265/1265
f 1266/1266/1266 1228/1228/1228 1193/1193/1193
f 1266/1266/1266 1193/1193/1193 1227/1227/1227
f 1233/1233/1233 1228/1228/1228 1266/1266/1266
f 1233/1233/1233 1266/1266/1266 1267/1267/1267
f 1233/1233/1233 1268/1268/1268 1269/1269/1269
f 1233/1233/1233 1269/1269/1269 1232/1232/1232
f 1269/1269/1269 1270/1270/1270 1231/1231/1231
f 1269/1269/1269 1231/1231/1231 1232/1232/1232
f 1271/1271/1271 1270/1270/1270 1269/1269/1269
f 1271/1271/1271 1269/1269/1269 1272/1272/1272
f 1269/1269/1269 1268/1268/1268 1273/1273/1273
f 1269/1269/1269 1273/1273/1273 1272/1272/1272
f 1270/1270/1270 1274/1274/1274 1235/1235/1235
f 1270/1270/1270 1235/1235/1235 1231/1231/1231
f 1275/1275/1275 1274/1274/1274 1270/1270/1270
f 1275/1275/1275 1270/1270/1270 1271/1271/1271
f 1274/1274/1274 1276/1276/1276 1237/1237/1237
f 1274/1274/1274 1237/1237/1237 1235/1235/1235
f 1277/1277/1277 1276/1276/1276 1274/1274/1274
f 1277/1277/1277 1274/1274/1274 1275/1275/1275
f 1276/1276/1276 1278/1278/1278 1239/1239/1239
f 1276/1276/1276 1239/1239/1239 1237/1237/1237
f 1279/1279/1279 1278/1278/1278 1276/1276/1276
f 1279/1279/1279 1276/1276/1276 1277/1277/1277
f 1278/1278/1278 1280/1280/1280 1241/1241/1241
f 1278/1278/1278 1241/1241/1241 1239/1239/1239
f 1281/1281/1281 1280/1280/1280 1278/1278/1278
f 1281/1281/1281 1278/1278/1278 1279/1279/1279
f 1280/1280/1280 1282/1282/1282 1243/1243/1243
f 1280/1280/1280 1243/1243/1243 1241/1241/1241
f 1283/1283/1283 1282/1282/1282 1280/1280/1280
f 1283/1283/1283 1280/1280/1280 1281/1281/1281
f 1282/1282/1282 1284/1284/1284 1245/1245/1245
f 1282/1282/1282 1245/1245/1245 1243/1243/1243
f 1285/1285/1285 1284/1284/1284 1282/1282/1282
f 1285/1285/1285 1282/1282/1282 1283/1283/1283
f 1286/1286/1286 1287/1287/1287 1253/1253/1253
f 1286/1286/1286 1253/1253/1253 1288/1288/1288
f 1289/1289/1289 1290/1290/1290 1284/1284/1284
f 1289/1289/1289 1284/1284/1284 1285/1285/1285
f 1287/1287/1287 1291/1291/1291 1252/1252/1252
f 1287/1287/1287 1252/1252/1252 1253/1253/1253
f 1292/1292/1292 1291/1291/1291 1287/1287/1287
f 1292/1292/1292 1287/1287/1287 1293/1293/1293
f 1291/1291/1291 1294/1294/1294 1255/1255/1255
f 1291/1291/1291 1255/1255/1255 1252/1252/1252
f 1295/1295/1295 1294/1294/1294 1291/1291/1291
f 1295/1295/1295 1291/1291/1291 1292/1292/1292
f 1294/1294/1294 1296/1296/1296 1257/1257/1257
f 1294/1294/1294 1257/1257/1257 1255/1255/1255
f 1297/1297/1297 1296/1296/1296 1294/1294/1294
f 1297/1297/1297 1294/1294/1294 1295/1295/1295
f 1296/1296/1296 1298/1298/1298 1259/1259/1259
f 1296/1296/1296 1259/1259/1259 1257/1257/1257
f 1299/1299/1299 1298/1298/1298 1296/1296/1296
f 1299/1299/1299 1296/1296/1296 1297/1297/1297
f 1298/1298/1298 1300/1300/1300 1261/1261/1261
f 1298/1298/1298 1261/1261/1261 1259/1259/1259
f 1301/1301/1301 1300/1300/1300 1298/1298/1298
f 1301/1301/1301 1298/1298/1298 1299/1299/1299
f 1300/1300/1300 1302/1302/1302 1263/1263/1263
f 1300/1300/1300 1263/1263/1263 1261/1261/1261
f 1303/1303/1303 1302/1302/1302 1300/1300/1300
f 1303/1303/1303 1300/1300/1300 1301/1301/1301
f 1302/1302/1302 1304/1304/1304 1265/1265/1265
f 1302/1302/1302 1265/1265/1265 1263/1263/1263
f 1305/1305/1305 1304/1304/1304 1302/1302/1302
f 1305/1305/1305 1302/1302/1302 1303/1303/1303
f 1304/1304/1304 1306/1306/1306 1267/1267/1267
f 1304/1304/1304 1267/1267/1267 1265/1265/1265
f 1307/1307/1307 1306/1306/1306 1304/1304/1304
f 1307/1307/1307 1304/1304/1304 1305/1305/1305
f 1306/1306/1306 1268/1268/1268 1233/1233/1233
f 1306/1306/1306 1233/1233/1233 1267/1267/1267
f 1273/1273/1273 1268/1268/1268 1306/1306/1306
f 1273/1273/1273 1306/1306/1306 1307/1307/1307
f 1308/1308/1308 1309/1309/1309 1310/1310/1310
f 1308/1308/1308 1310/1310/1310 1311/1311/1311
f 1310/1310/1310 1312/1312/1312 1313/1313/1313
f 1310/1310/1310 1313/1313/1313 1311/1311/1311
f 1314/1314/1314 1312/1312/1312 1310/1310/1310
f 1314/1314/1314 1310/1310/1310 1315/1315/1315
f 1310/1310/1310 1309/1309/1309 1316/1316/1316
f 1310/1310/1310 1316/1316/1316 1315/1315/1315
f 1312/1312/1312 1317/1317/1317 1318/1318/1318
f 1312/1312/1312 1318/1318/1318 1313/1313/1313
f 1319/1319/1319 1317/1317/1317 1312/1312/1312
f 1319/1319/1319 1312/1312/1312 1314/1314/1314
f 1317/1317/1317 1320/1320/1320 1321/1321/1321
f 1317/1317/1317 1321/1321/1321 1318/1318/1318
f 1322/1322/1322 1320/1320/1320 1317/1317/1317
f 1322/1322/1322 1317/1317/1317 1319/1319/1319
f 1320/1320/1320 1323/1323/1323 1324/1324/1324
f 1320/1320/1320 1324/1324/1324 1321/1321/1321
f 1325/1325/1325 1323/1323/1323 1320/1320/1320
f 1325/1325/1325 1320/1320/1320 1322/1322/1322
f 1323/1323/1323 1326/1326/1326 1327/1327/1327
f 1323/1323/1323 1327/1327/1327 1324/1324/1324
f 1328/1328/1328 1326/1326/1326 1323/1323/1323
f 1328/1328/1328 1323/1323/1323 1325/1325/1325
f 1326/1326/1326 1329/1329/1329 1330/1330/1330
f 1326/1326/1326 1330/1330/1330 1327/1327/1327
f 1331/1331/1331 1329/1329/1329 1326/1326/1326
f 1331/1331/1331 1326/1326/1326 1328/1328/1328
f 1329/1329/1329 1332/1332/1332 1333/1333/1333
f 1329/1329/1329 1333/1333/1333 1330/1330/1330
f 1334/1334/1334 1332/1332/1332 1329/1329/1329
f 1334/1334/1334 1329/1329/1329 1331/1331/1331
f 1332/1332/1332 1335/1335/1335 1336/1336/1336
f 1332/1332/1332 1336/1336/1336 1333/1333/1333
f 1337/1337/1337 1335/1335/1335 1332/1332/1332
f 1337/1337/1337 1332/1332/1332 1334/1334/1334
f 1335/1335/1335 1338/1338/1338 1339/1339/1339
f 1335/1335/1335 1339/1339/1339 1336/1336/1336
f 1340/1340/1340 1338/1338/1338 1335/1335/1335
f 1340/1340/1340 1335/1335/1335 1337/1337/1337
f 1338/1338/1338 1341/1341/1341 1342/1342/1342
f 1338/1338/1338 1342/1342/1342 1339/1339/1339
f 1343/1343/1343 1341/1341/1341 1338/1338/1338
f 1343/1343/1343 1338/1338/1338 1340/1340/1340
f 1341/1341/1341 1344/1344/1344 1345/1345/1345
f 1341/1341/1341 1345/1345/1345 1342/1342/1342
f 1346/1346/1346 1344/1344/1344 1341/1341/1341
f 1346/1346/1346 1341/1341/1341 1343/1343/1343
f 1344/1344/1344 1347/1347/1347 1348/1348/1348
f 1344/1344/1344 1348/1348/1348 1345/1345/1345
f 1349/1349/1349 1347/1347/1347 1344/1344/1344
f 1349/1349/1349 1344/1344/1344 1346/1346/1346
f 1347/1347/1347 1350/1350/1350 1351/1351/1351
f 1347/1347/1347 1351/1351/1351 1348/1348/1348
f 1352/1352/1352 1350/1350/1350 1347/1347/1347
f 1352/1352/1352 1347/1347/1347 1349/1349/1349
f 1350/1350/1350 1353/1353/1353 1354/1354/1354
f 1350/1350/1350 1354/1354/1354 1351/1351/1351
f 1355/1355/1355 1353/1353/1353 1350/1350/1350
f 1355/1355/1355 1350/1350/1350 1352/1352/1352
f 1353/1353/1353 1356/1356/1356 1357/1357/1357
f 1353/1353/1353 1357/1357/1357 1354/1354/1354
f 1358/1358/1358 1356/1356/1356 1353/1353/1353
f 1358/1358/1358 1353/1353/1353 1355/1355/1355
f 1356/1356/1356 1359/1359/1359 1360/1360/1360
f 1356/1356/1356 1360/1360/1360 1357/1357/1357
f 1361/1361/1361 1359/1359/1359 1356/1356/1356
f 1361/1361/1361 1356/1356/1356 1358/1358/1358
f 1359/1359/1359 1309/1309/1309 1308/1308/1308
f 1359/1359/1359 1308/1308/1308 1360/1360/1360
f 1316/1316/1316 1309/1309/1309 1359/1359/1359
f 1316/1316/1316 1359/1359/1359 1361/1361/1361
f 1362/1362/1362 1363/1363/1363 1364/1364/1364
f 1362/1362/1362 1364/1364/1364 1365/1365/1365
f 1364/1364/1364 1366/1366/1366 1367/1367/1367
f 1364/1364/1364 1367/1367/1367 1368/1368/1368
f 1366/1366/1366 1369/1369/1369 1370/1370/1370
f 1366/1366/1366 1370/1370/1370 1371/1371/1371
f 1369/1369/1369 1372/1372/1372 1373/1373/1373
f 1369/1369/1369 1373/1373/1373 1374/1374/1374
f 1372/1372/1372 1375/1375/1375 1376/1376/1376
f 1372/1372/1372 1376/1376/1376 1377/1377/1377
f 1375/1375/1375 1378/1378/1378 1379/1379/1379
f 1375/1375/1375 1379/1379/1379 1380/1380/1380
f 1378/1378/1378 1382/1382/1382 1383/1383/1383
f 1378/1378/1378 1383/1383/1383 1384/1384/1384
f 1381/1381/1381 1385/1385/1385 1386/1386/1386
f 1381/1381/1381 1386/1386/1386 1387/1387/1387
f 1388/1388/1388 1389/1389/1389 1390/1390/1390
f 1388/1388/1388 1390/1390/1390 1391/1391/1391
f 1389/1389/1389 1392/1392/1392 1393/1393/1393
f 1389/1389/1389 1393/1393/1393 1394/1394/1394
f 1392/1392/1392 1395/1395/1395 1396/1396/1396
f 1392/1392/1392 1396/1396/1396 1397/1397/1397
f 1395/1395/1395 1398/1398/1398 1399/1399/1399
f 1395/1395/1395 1399/1399/1399 1400/1400/1400
f 1398/1398/1398 1401/1401/1401 1402/1402/1402
f 1398/1398/1398 1402/1402/1402 1403/1403/1403
f 1401/1401/1401 1404/1404/1404 1405/1405/1405
f 1401/1401/1401 1405/1405/1405 1406/1406/1406
f 1404/1404/1404 1407/1407/1407 1408/1408/1408
f 1404/1404/1404 1408/1408/1408 1409/1409/1409
f 1407/1407/1407 1410/1410/1410 1411/1411/1411
f 1407/1407/1407 1411/1411/1411 1412/1412/1412
f 1410/1410/1410 1413/1413/1413 1414/1414/1414
f 1410/1410/1410 1414/1414/1414 1415/1415/1415
f 1413/1413/1413 1363/1363/1363 1416/1416/1416
f 1413/1413/1413 1416/1416/1416 1417/1417/1417
f 1364/1364/1364 1418/1418/1418 1419/1419/1419
f 1364/1364/1364 1419/1419/1419 1366/1366/1366
f 1364/1364/1364 1363/1363/1363 1420/1420/1420
f 1364/1364/1364 1420/1420/1420 1418/1418/1418
f 1366/1366/1366 1419/1419/1419 1421/1421/1421
f 1366/1366/1366 1421/1421/1421 1369/1369/1369
f 1369/1369/1369 1421/1421/1421 1422/1422/1422
f 1369/1369/1369 1422/1422/1422 1372/1372/1372
f 1372/1372/1372 1422/1422/1422 1423/1423/1423
f 1372/1372/1372 1423/1423/1423 1375/1375/1375
f 1375/1375/1375 1423/1423/1423 1424/1424/1424
f 1375/1375/1375 1424/1424/1424 1378/1378/1378
f 1378/1378/1378 1424/1424/1424 1426/1426/1426
f 1378/1378/1378 1426/1426/1426 1382/1382/1382
f 1427/1427/1427 1425/1425/1425 1428/1428/1428
f 1427/1427/1427 1428/1428/1428 1429/1429/1429
f 1388/1388/1388 1430/1430/1430 1431/1431/1431
f 1388/1388/1388 1431/1431/1431 1389/1389/1389
f 1389/1389/1389 1431/1431/1431 1432/1432/1432
f 1389/1389/1389 1432/1432/1432 1392/1392/1392
f 1392/1392/1392 1432/1432/1432 1433/1433/1433
f 1392/1392/1392 1433/1433/1433 1395/1395/1395
f 1395/1395/1395 1433/1433/1433 1434/1434/1434
f 1395/1395/1395 1434/1434/1434 1398/1398/1398
f 1398/1398/1398 1434/1434/1434 1435/1435/1435
f 1398/1398/1398 1435/1435/1435 1401/1401/1401
f 1401/1401/1401 1435/1435/1435 1436/1436/1436
f 1401/1401/1401 1436/1436/1436 1404/1404/1404
f 1404/1404/1404 1436/1436/1436 1437/1437/1437
f 1404/1404/1404 1437/1437/1437 1407/1407/1407
f 1407/1407/1407 1437/1437/1437 1438/1438/1438
f 1407/1407/1407 1438/1438/1438 1410/1410/1410
f 1410/1410/1410 1438/1438/1438 1439/1439/1439
f 1410/1410/1410 1439/1439/1439 1413/1413/1413
f 1413/1413/1413 1439/1439/1439 1420/1420/1420
f 1413/1413/1413 1420/1420/1420 1363/1363/1363
f 1440/1440/1440 1419/1419/1419 1418/1418/1418
f 1440/1440/1440 1418/1418/1418 1441/1441/1441
f 1418/1418/1418 1420/1420/1420 1442/1442/1442
f 1418/1418/1418 1442/1442/1442 1441/1441/1441
f 1443/1443/1443 1421/1421/1421 1419/1419/1419
f 1443/1443/1443 1419/1419/1419 1440/1440/1440
f 1444/1444/1444 1422/1422/1422 1421/1421/1421
f 1444/1444/1444 1421/1421/1421 1443/1443/1443
f 1445/1445/1445 1423/1423/1423 1422/1422/1422
f 1445/1445/1445 1422/1422/1422 1444/1444/1444
f 1446/1446/1446 1424/1424/1424 1423/1423/1423
f 1446/1446/1446 1423/1423/1423 1445/1445/1445
f 1447/1447/1447 1426/1426/1426 1424/1424/1424
f 1447/1447/1447 1424/1424/1424 1446/1446/1446
f 1448/1448/1448 1449/1449/1449 1426/1426/1426
f 1448/1448/1448 1426/1426/1426 1447/1447/1447
f 1450/1450/1450 1431/1431/1431 1430/1430/1430
f 1450/1450/1450 1430/1430/1430 1451/1451/1451
f 1452/1452/1452 1432/1432/1432 1431/1431/1431
f 1452/1452/1452 1431/1431/1431 1450/1450/1450
f 1453/1453/1453 1433/1433/1433 1432/1432/1432
f 1453/1453/1453 1432/1432/1432 1452/1452/1452
f 1454/1454/1454 1434/1434/1434 1433/1433/1433
f 1454/1454/1454 1433/1433/1433 1453/1453/1453
f 1455/1455/1455 1435/1435/1435 1434/1434/1434
f 1455/1455/1455 1434/1434/1434 1454/1454/1454
f 1456/1456/1456 1436/1436/1436 1435/1435/1435
f 1456/1456/1456 1435/1435/1435 1455/1455/1455
f 1457/1457/1457 1437/1437/1437 1436/1436/1436
f 1457/1457/1457 1436/1436/1436 1456/1456/1456
f 1458/1458/1458 1438/1438/1438 1437/1437/1437
f 1458/1458/1458 1437/1437/1437 1457/1457/1457
f 1459/1459/1459 1439/1439/1439 1438/1438/1438
f 1459/1459/1459 1438/1438/1438 1458/1458/1458
f 1442/1442/1442 1420/1420/1420 1439/1439/1439
f 1442/1442/1442 1439/1439/1439 1459/1459/1459
f 1460/1460/1460 1461/1461/1461 1462/1462/1462
f 1460/1460/1460 1462/1462/1462 1463/1463/1463
f 1462/1462/1462 1464/1464/1464 1465/1465/1465
f 1462/1462/1462 1465/1465/1465 1463/1463/1463
f 1466/1466/1466 1464/1464/1464 1462/1462/1462
f 1466/1466/1466 1462/1462/1462 1467/1467/1467
f 1462/1462/1462 1461/1461/1461 1468/1468/1468
f 1462/1462/1462 1468/1468/1468 1467/1467/1467
f 1464/1464/1464 1469/1469/1469 1470/1470/1470
f 1464/1464/1464 1470/1470/1470 1465/1465/1465
f 1471/1471/1471 1469/1469/1469 1464/1464/1464
f 1471/1471/1471 1464/1464/1464 1466/1466/1466
f 1469/1469/1469 1472/1472/1472 1473/1473/1473
f 1469/1469/1469 1473/1473/1473 1470/1470/1470
f 1474/1474/1474 1472/1472/1472 1469/1469/1469
f 1474/1474/1474 1469/1469/1469 1471/1471/1471
f 1472/1472/1472 1475/1475/1475 1476/1476/1476
f 1472/1472/1472 1476/1476/1476 1473/1473/1473
f 1477/1477/1477 1475/1475/1475 1472/1472/1472
f 1477/1477/1477 1472/1472/1472 1474/1474/1474
f 1475/1475/1475 1478/1478/1478 1479/1479/1479
f 1475/1475/1475 1479/1479/1479 1476/1476/1476
f 1480/1480/1480 1478/1478/1478 1475/1475/1475
f 1480/1480/1480 1475/1475/1475 1477/1477/1477
f 1478/1478/1478 1481/1481/1481 1482/1482/1482
f 1478/1478/1478 1482/1482/1482 1479/1479/1479
f 1483/1483/1483 1481/1481/1481 1478/1478/1478
f 1483/1483/1483 1478/1478/1478 1480/1480/1480
f 1481/1481/1481 1484/1484/1484 1485/1485/1485
f 1481/1481/1481 1485/1485/1485 1482/1482/1482
f 1486/1486/1486 1487/1487/1487 1488/1488/1488
f 1486/1486/1486 1488/1488/1488 1489/1489/1489
f 1487/1487/1487 1490/1490/1490 1491/1491/1491
f 1487/1487/1487 1491/1491/1491 1492/1492/1492
f 1493/1493/1493 1490/1490/1490 1487/1487/1487
f 1493/1493/1493 1487/1487/1487 1486/1486/1486
f 1490/1490/1490 1494/1494/1494 1495/1495/1495
f 1490/1490/1490 1495/1495/1495 1491/1491/1491
f 1496/1496/1496 1494/1494/1494 1490/1490/1490
f 1496/1496/1496 1490/1490/1490 1493/1493/1493
f 1494/1494/1494 1497/1497/1497 1498/1498/1498
f 1494/1494/1494 1498/1498/1498 1495/1495/1495
f 1499/1499/1499 1497/1497/1497 1494/1494/1494
f 1499/1499/1499 1494/1494/1494 1496/1496/1496
f 1497/1497/1497 1500/1500/1500 1501/1501/1501
f 1497/1497/1497 1501/1501/1501 1498/1498/1498
f 1502/1502/1502 1500/1500/1500 1497/1497/1497
f 1502/1502/1502 1497/1497/1497 1499/1499/1499
f 1500/1500/1500 1503/1503/1503 1504/1504/1504
f 1500/1500/1500 1504/1504/1504 1501/1501/1501
f 1505/1505/1505 1503/1503/1503 1500/1500/1500
f 1505/1505/1505 1500/1500/1500 1502/1502/1502
f 1503/1503/1503 1506/1506/1506 1507/1507/1507
f 1503/1503/1503 1507/1507/1507 1504/1504/1504
f 1508/1508/1508 1506/1506/1506 1503/1503/1503
f 1508/1508/1508 1503/1503/1503 1505/1505/1505
f 1506/1506/1506 1509/1509/1509 1510/1510/1510
f 1506/1506/1506 1510/1510/1510 1507/1507/1507
f 1511/1511/1511 1509/1509/1509 1506/1506/1506
f 1511/1511/1511 1506/1506/1506 1508/1508/1508
f 1509/1509/1509 1512/1512/1512 1513/1513/1513
f 1509/1509/1509 1513/1513/1513 1510/1510/1510
f 1514/1514/1514 1512/1512/1512 1509/1509/1509
f 1514/1514/1514 1509/1509/1509 1511/1511/1511
f 1512/1512/1512 1515/1515/1515 1516/1516/1516
f 1512/1512/1512 1516/1516/1516 1513/1513/1513
f 1517/1517/1517 1515/1515/1515 1512/1512/1512
f 1517/1517/1517 1512/1512/1512 1514/1514/1514
f 1515/1515/1515 1461/1461/1461 1460/1460/1460
f 1515/1515/1515 1460/1460/1460 1516/1516/1516
f 1468/1468/1468 1461/1461/1461 1515/1515/1515
f 1468/1468/1468 1515/1515/1515 1517/1517/1517
f 1518/1518/1518 1519/1519/1519 1520/1520/1520
f 1518/1518/1518 1520/1520/1520 1521/1521/1521
f 1522/1522/1522 1523/1523/1523 1524/1524/1524
f 1522/1522/1522 1524/1524/1524 1525/1525/1525
f 1526/1526/1526 1523/1523/1523 1522/1522/1522
f 1526/1526/1526 1522/1522/1522 1527/1527/1527
f 1528/1528/1528 1519/1519/1519 1529/1529/1529
f 1528/1528/1528 1529/1529/1529 1530/1530/1530
f 1523/1523/1523 1531/1531/1531 1532/1532/1532
f 1523/1523/1523 1532/1532/1532 1524/1524/1524
f 1533/1533/1533 1531/1531/1531 1523/1523/1523
f 1533/1533/1533 1523/1523/1523 1526/1526/1526
f 1531/1531/1531 1534/1534/1534 1535/1535/1535
f 1531/1531/1531 1535/1535/1535 1532/1532/1532
f 1536/1536/1536 1534/1534/1534 1531/1531/1531
f 1536/1536/1536 1531/1531/1531 1533/1533/1533
f 1534/1534/1534 1537/1537/1537 1538/1538/1538
f 1534/1534/1534 1538/1538/1538 1535/1535/1535
f 1539/1539/1539 1537/1537/1537 1534/1534/1534
f 1539/1539/1539 1534/1534/1534 1536/1536/1536
f 1537/1537/1537 1540/1540/1540 1541/1541/1541
f 1537/1537/1537 1541/1541/1541 1538/1538/1538
f 1542/1542/1542 1540/1540/1540 1537/1537/1537
f 1542/1542/1542 1537/1537/1537 1539/1539/1539
f 1540/1540/1540 1543/1543/1543 1544/1544/1544
f 1540/1540/1540 1544/1544/1544 1541/1541/1541
f 1545/1545/1545 1543/1543/1543 1540/1540/1540
f 1545/1545/1545 1540/1540/1540 1542/1542/1542
f 1543/1543/1543 1546/1546/1546 1547/1547/1547
f 1543/1543/1543 1547/1547/1547 1544/1544/1544
f 1548/1548/1548 1546/1546/1546 1543/1543/1543
f 1548/1548/1548 1543/1543/1543 1545/1545/1545
f 1546/1546/1546 1549/1549/1549 1550/1550/1550
f 1546/1546/1546 1550/1550/1550 1547/1547/1547
f 1551/1551/1551 1549/1549/1549 1546/1546/1546
f 1551/1551/1551 1546/1546/1546 1548/1548/1548
f 1552/1552/1552 1553/1553/1553 1554/1554/1554
f 1552/1552/1552 1554/1554/1554 1555/1555/1555
f 1556/1556/1556 1553/1553/1553 1557/1557/1557
f 1556/1556/1556 1557/1557/1557 1558/1558/1558
f 1553/1553/1553 1559/1559/1559 1560/1560/1560
f 1553/1553/1553 1560/1560/1560 1554/1554/1554
f 1561/1561/1561 1559/1559/1559 1553/1553/1553
f 1561/1561/1561 1553/1553/1553 1556/1556/1556
f 1559/1559/1559 1562/1562/1562 1563/1563/1563
f 1559/1559/1559 1563/1563/1563 1560/1560/1560
f 1564/1564/1564 1562/1562/1562 1559/1559/1559
f 1564/1564/1564 1559/1559/1559 1561/1561/1561
f 1562/1562/1562 1565/1565/1565 1566/1566/1566
f 1562/1562/1562 1566/1566/1566 1563/1563/1563
f 1567/1567/1567 1565/1565/1565 1562/1562/1562
f 1567/1567/1567 1562/1562/1562 1564/1564/1564
f 1565/1565/1565 1568/1568/1568 1569/1569/1569
f 1565/1565/1565 1569/1569/1569 1566/1566/1566
f 1570/1570/1570 1568/1568/1568 1565/1565/1565
f 1570/1570/1570 1565/1565/1565 1567/1567/1567
f 1568/1568/1568 1571/1571/1571 1572/1572/1572
f 1568/1568/1568 1572/1572/1572 1569/1569/1569
f 1573/1573/1573 1571/1571/1571 1568/1568/1568
f 1573/1573/1573 1568/1568/1568 1570/1570/1570
f 1571/1571/1571 1574/1574/1574 1575/1575/1575
f 1571/1571/1571 1575/1575/1575 1572/1572/1572
f 1576/1576/1576 1574/1574/1574 1571/1571/1571
f 1576/1576/1576 1571/1571/1571 1573/1573/1573
f 1574/1574/1574 1577/1577/1577 1578/1578/1578
f 1574/1574/1574 1578/1578/1578 1575/1575/1575
f 1579/1579/1579 1577/1577/1577 1574/1574/1574
f 1579/1579/1579 1574/1574/1574 1576/1576/1576
f 1577/1577/1577 1519/1519/1519 1518/1518/1518
f 1577/1577/1577 1518/1518/1518 1578/1578/1578
f 1529/1529/1529 1519/1519/1519 1577/1577/1577
f 1529/1529/1529 1577/1577/1577 1579/1579/1579
f 1580/1580/1580 1581/1581/1581 1582/1582/1582
f 1580/1580/1580 1582/1582/1582 1583/1583/1583
f 1584/1584/1584 1585/1585/1585 1586/1586/1586
f 1584/1584/1584 1586/1586/1586 1587/1587/1587
f 1588/1588/1588 1585/1585/1585 1584/1584/1584
f 1588/1588/1588 1584/1584/1584 1589/1589/1589
f 1590/1590/1590 1581/1581/1581 1591/1591/1591
f 1590/1590/1590 1591/1591/1591 1592/1592/1592
f 1585/1585/1585 1593/1593/1593 1594/1594/1594
f 1585/1585/1585 1594/1594/1594 1586/1586/1586
f 1595/1595/1595 1593/1593/1593 1585/1585/1585
f 1595/1595/1595 1585/1585/1585 1588/1588/1588
f 1593/1593/1593 1596/1596/1596 1597/1597/1597
f 1593/1593/1593 1597/1597/1597 1594/1594/1594
f 1598/1598/1598 1596/1596/1596 1593/1593/1593
f 1598/1598/1598 1593/1593/1593 1595/1595/1595
f 1596/1596/1596 1599/1599/1599 1600/1600/1600
f 1596/1596/1596 1600/1600/1600 1597/1597/1597
f 1601/1601/1601 1599/1599/1599 1596/1596/1596
f 1601/1601/1601 1596/1596/1596 1598/1598/1598
f 1599/1599/1599 1602/1602/1602 1603/1603/1603
f 1599/1599/1599 1603/1603/1603 1600/1600/1600
f 1604/1604/1604 1602/1602/1602 1599/1599/1599
f 1604/1604/1604 1599/1599/1599 1601/1601/1601
f 1602/1602/1602 1605/1605/1605 1606/1606/1606
f 1602/1602/1602 1606/1606/1606 1603/1603/1603
f 1607/1607/1607 1605/1605/1605 1602/1602/1602
f 1607/1607/1607 1602/1602/1602 1604/1604/1604
f 1605/1605/1605 1608/1608/1608 1609/1609/1609
f 1605/1605/1605 1609/1609/1609 1606/1606/1606
f 1610/1610/1610 1608/1608/1608 1605/1605/1605
f 1610/1610/1610 1605/1605/1605 1607/1607/1607
f 1608/1608/1608 1611/1611/1611 1612/1612/1612
f 1608/1608/1608 1612/1612/1612 1609/1609/1609
f 1613/1613/1613 1611/1611/1611 1608/1608/1608
f 1613/1613/1613 1608/1608/1608 1610/1610/1610
f 1614/1614/1614 1615/1615/1615 1616/1616/1616
f 1614/1614/1614 1616/1616/1616 1617/1617/1617
f 1618/1618/1618 1615/1615/1615 1619/1619/1619
f 1618/1618/1618 1619/1619/1619 1620/1620/1620
f 1615/1615/1615 1621/1621/1621 1622/1622/1622
f 1615/1615/1615 1622/1622/1622 1616/1616/1616
f 1623/1623/1623 1621/1621/1621 1615/1615/1615
f 1623/1623/1623 1615/1615/1615 1618/1618/1618
f 1621/1621/1621 1624/1624/1624 1625/1625/1625
f 1621/1621/1621 1625/1625/1625 1622/1622/1622
f 1626/1626/1626 1624/1624/1624 1621/1621/1621
f 1626/1626/1626 1621/1621/1621 1623/1623/1623
f 1624/1624/1624 1627/1627/1627 1628/1628/1628
f 1624/1624/1624 1628/1628/1628 1625/1625/1625
f 1629/1629/1629 1627/1627/1627 1624/1624/1624
f 1629/1629/1629 1624/1624/1624 1626/1626/1626
f 1627/1627/1627 1630/1630/1630 1631/1631/1631
f 1627/1627/1627 1631/1631/1631 1628/1628/1628
f 1632/1632/1632 1630/1630/1630 1627/1627/1627
f 1632/1632/1632 1627/1627/1627 1629/1629/1629
f 1630/1630/1630 1633/1633/1633 1634/1634/1634
f 1630/1630/1630 1634/1634/1634 1631/1631/1631
f 1635/1635/1635 1633/1633/1633 1630/1630/1630
f 1635/1635/1635 1630/1630/1630 1632/1632/1632
f 1633/1633/1633 1636/1636/1636 1637/1637/1637
f 1633/1633/1633 1637/1637/1637 1634/1634/1634
f 1638/1638/1638 1636/1636/1636 1633/1633/1633
f 1638/1638/1638 1633/1633/1633 1635/1635/1635
f 1636/1636/1636 1639/1639/1639 1640/1640/1640
f 1636/1636/1636 1640/1640/1640 1637/1637/1637
f 1641/1641/1641 1639/1639/1639 1636/1636/1636
f 1641/1641/1641 1636/1636/1636 1638/1638/1638
f 1639/1639/1639 1581/1581/1581 1580/1580/1580
f 1639/1639/1639 1580/1580/1580 1640/1640/1640
f 1591/1591/1591 1581/1581/1581 1639/1639/1639
f 1591/1591/1591 1639/1639/1639 1641/1641/1641
f 1642/1642/1642 1643/1643/1643 1644/1644/1644
f 1642/1642/1642 1644/1644/1644 1645/1645/1645
f 1586/1586/1586 1643/1643/1643 1642/1642/1642
f 1586/1586/1586 1642/1642/1642 1587/1587/1587
f 1646/1646/1646 1647/1647/1647 1580/1580/1580
f 1646/1646/1646 1580/1580/1580 1648/1648/1648
f 1649/1649/1649 1647/1647/1647 1650/1650/1650
f 1649/1649/1649 1650/1650/1650 1651/1651/1651
f 1643/1643/1643 1652/1652/1652 1653/1653/1653
f 1643/1643/1643 1653/1653/1653 1644/1644/1644
f 1594/1594/1594 1652/1652/1652 1643/1643/1643
f 1594/1594/1594 1643/1643/1643 1586/1586/1586
f 1652/1652/1652 1654/1654/1654 1655/1655/1655
f 1652/1652/1652 1655/1655/1655 1653/1653/1653
f 1597/1597/1597 1654/1654/1654 1652/1652/1652
f 1597/1597/1597 1652/1652/1652 1594/1594/1594
f 1654/1654/1654 1656/1656/1656 1657/1657/1657
f 1654/1654/1654 1657/1657/1657 1655/1655/1655
f 1600/1600/1600 1656/1656/1656 1654/1654/1654
f 1600/1600/1600 1654/1654/1654 1597/1597/1597
f 1656/1656/1656 1658/1658/1658 1659/1659/1659
f 1656/1656/1656 1659/1659/1659 1657/1657/1657
f 1603/1603/1603 1658/1658/1658 1656/1656/1656
f 1603/1603/1603 1656/1656/1656 1600/1600/1600
f 1658/1658/1658 1660/1660/1660 1661/1661/1661
f 1658/1658/1658 1661/1661/1661 1659/1659/1659
f 1606/1606/1606 1660/1660/1660 1658/1658/1658
f 1606/1606/1606 1658/1658/1658 1603/1603/1603
f 1660/1660/1660 1662/1662/1662 1663/1663/1663
f 1660/1660/1660 1663/1663/1663 1661/1661/1661
f 1609/1609/1609 1662/1662/1662 1660/1660/1660
f 1609/1609/1609 1660/1660/1660 1606/1606/1606
f 1662/1662/1662 1664/1664/1664 1665/1665/1665
f 1662/1662/1662 1665/1665/1665 1663/1663/1663
f 1612/1612/1612 1664/1664/1664 1662/1662/1662
f 1612/1612/1612 1662/1662/1662 1609/1609/1609
f 1666/1666/1666 1667/1667/1667 1668/1668/1668
f 1666/1666/1666 1668/1668/1668 1669/1669/1669
f 1616/1616/1616 1667/1667/1667 1670/1670/1670
f 1616/1616/1616 1670/1670/1670 1671/1671/1671
f 1667/1667/1667 1672/1672/1672 1673/1673/1673
f 1667/1667/1667 1673/1673/1673 1668/1668/1668
f 1622/1622/1622 1672/1672/1672 1667/1667/1667
f 1622/1622/1622 1667/1667/1667 1616/1616/1616
f 1672/1672/1672 1674/1674/1674 1675/1675/1675
f 1672/1672/1672 1675/1675/1675 1673/1673/1673
f 1625/1625/1625 1674/1674/1674 1672/1672/1672
f 1625/1625/1625 1672/1672/1672 1622/1622/1622
f 1674/1674/1674 1676/1676/1676 1677/1677/1677
f 1674/1674/1674 1677/1677/1677 1675/1675/1675
f 1628/1628/1628 1676/1676/1676 1674/1674/1674
f 1628/1628/1628 1674/1674/1674 1625/1625/1625
f 1676/1676/1676 1678/1678/1678 1679/1679/1679
f 1676/1676/1676 1679/1679/1679 1677/1677/1677
f 1631/1631/1631 1678/1678/1678 1676/1676/1676
f 1631/1631/1631 1676/1676/1676 1628/1628/1628
f 1678/1678/1678 1680/1680/1680 1681/1681/1681
f 1678/1678/1678 1681/1681/1681 1679/1679/1679
f 1634/1634/1634 1680/1680/1680 1678/1678/1678
f 1634/1634/1634 1678/1678/1678 1631/1631/1631
f 1680/1680/1680 1682/1682/1682 1683/1683/1683
f 1680/1680/1680 1683/1683/1683 1681/1681/1681
f 1637/1637/1637 1682/1682/1682 1680/1680/1680
f 1637/1637/1637 1680/1680/1680 1634/1634/1634
f 1682/1682/1682 1684/1684/1684 1685/1685/1685
f 1682/1682/1682 1685/1685/1685 1683/1683/1683
f 1640/1640/1640 1684/1684/1684 1682/1682/1682
f 1640/1640/1640 1682/1682/1682 1637/1637/1637
f 1684/1684/1684 1647/1647/1647 1649/1649/1649
f 1684/1684/1684 1649/1649/1649 1685/1685/1685
f 1580/1580/1580 1647/1647/1647 1684/1684/1684
f 1580/1580/1580 1684/1684/1684 1640/1640/1640
f 1686/1686/1686 1687/1687/1687 1526/1526/1526
f 1686/1686/1686 1526/1526/1526 1527/1527/1527
f 1644/1644/1644 1687/1687/1687 1686/1686/1686
f 1644/1644/1644 1686/1686/1686 1645/1645/1645
f 1688/1688/1688 1689/1689/1689 1649/1649/1649
f 1688/1688/1688 1649/1649/1649 1690/1690/1690
f 1529/1529/1529 1689/1689/1689 1691/1691/1691
f 1529/1529/1529 1691/1691/1691 1692/1692/1692
f 1687/1687/1687 1693/1693/1693 1533/1533/1533
f 1687/1687/1687 1533/1533/1533 1526/1526/1526
f 1653/1653/1653 1693/1693/1693 1687/1687/1687
f 1653/1653/1653 1687/1687/1687 1644/1644/1644
f 1693/1693/1693 1694/1694/1694 1536/1536/1536
f 1693/1693/1693 1536/1536/1536 1533/1533/1533
f 1655/1655/1655 1694/1694/1694 1693/1693/1693
f 1655/1655/1655 1693/1693/1693 1653/1653/1653
f 1694/1694/1694 1695/1695/1695 1539/1539/1539
f 1694/1694/1694 1539/1539/1539 1536/1536/1536
f 1657/1657/1657 1695/1695/1695 1694/1694/1694
f 1657/1657/1657 1694/1694/1694 1655/1655/1655
f 1695/1695/1695 1696/1696/1696 1542/1542/1542
f 1695/1695/1695 1542/1542/1542 1539/1539/1539
f 1659/1659/1659 1696/1696/1696 1695/1695/1695
f 1659/1659/1659 1695/1695/1695 1657/1657/1657
f 1696/1696/1696 1697/1697/1697 1545/1545/1545
f 1696/1696/1696 1545/1545/1545 1542/1542/1542
f 1661/1661/1661 1697/1697/1697 1696/1696/1696
f 1661/1661/1661 1696/1696/1696 1659/1659/1659
f 1697/1697/1697 1698/1698/1698 1548/1548/1548
f 1697/1697/1697 1548/1548/1548 1545/1545/1545
f 1663/1663/1663 1698/1698/1698 1697/1697/1697
f 1663/1663/1663 1697/1697/1697 1661/1661/1661
f 1698/1698/1698 1699/1699/1699 1551/1551/1551
f 1698/1698/1698 1551/1551/1551 1548/1548/1548
f 1665/1665/1665 1699/1699/1699 1698/1698/1698
f 1665/1665/1665 1698/1698/1698 1663/1663/1663
f 1700/1700/1700 1701/1701/1701 1556/1556/1556
f 1700/1700/1700 1556/1556/1556 1702/1702/1702
f 1668/1668/1668 1701/1701/1701 1703/1703/1703
f 1668/1668/1668 1703/1703/1703 1704/1704/1704
f 1701/1701/1701 1705/1705/1705 1561/1561/1561
f 1701/1701/1701 1561/1561/1561 1556/1556/1556
f 1673/1673/1673 1705/1705/1705 1701/1701/1701
f 1673/1673/1673 1701/1701/1701 1668/1668/1668
f 1705/1705/1705 1706/1706/1706 1564/1564/1564
f 1705/1705/1705 1564/1564/1564 1561/1561/1561
f 1675/1675/1675 1706/1706/1706 1705/1705/1705
f 1675/1675/1675 1705/1705/1705 1673/1673/1673
f 1706/1706/1706 1707/1707/1707 1567/1567/1567
f 1706/1706/1706 1567/1567/1567 1564/1564/1564
f 1677/1677/1677 1707/1707/1707 1706/1706/1706
f 1677/1677/1677 1706/1706/1706 1675/1675/1675
f 1707/1707/1707 1708/1708/1708 1570/1570/1570
f 1707/1707/1707 1570/1570/1570 1567/1567/1567
f 1679/1679/1679 1708/1708/1708 1707/1707/1707
f 1679/1679/1679 1707/1707/1707 1677/1677/1677
f 1708/1708/1708 1709/1709/1709 1573/1573/1573
f 1708/1708/1708 1573/1573/1573 1570/1570/1570
f 1681/1681/1681 1709/1709/1709 1708/1708/1708
f 1681/1681/1681 1708/1708/1708 1679/1679/1679
f 1709/1709/1709 1710/1710/1710 1576/1576/1576
f 1709/1709/1709 1576/1576/1576 1573/1573/1573
f 1683/1683/1683 1710/1710/1710 1709/1709/1709
f 1683/1683/1683 1709/1709/1709 1681/1681/1681
f 1710/1710/1710 1711/1711/1711 1579/1579/1579
f 1710/1710/1710 1579/1579/1579 1576/1576/1576
f 1685/1685/1685 1711/1711/1711 1710/1710/1710
f 1685/1685/1685 1710/1710/1710 1683/1683/1683
f 1711/1711/1711 1689/1689/1689 1529/1529/1529
f 1711/1711/1711 1529/1529/1529 1579/1579/1579
f 1649/1649/1649 1689/1689/1689 1711/1711/1711
f 1649/1649/1649 1711/1711/1711 1685/1685/1685
f 1591/1591/1591 1712/1712/1712 1713/1713/1713
f 1591/1591/1591 1713/1713/1713 1714/1714/1714
f 1715/1715/1715 1716/1716/1716 1588/1588/1588
f 1715/1715/1715 1588/1588/1588 1589/1589/1589
f 1716/1716/1716 1717/1717/1717 1595/1595/1595
f 1716/1716/1716 1595/1595/1595 1588/1588/1588
f 1717/1717/1717 1718/1718/1718 1598/1598/1598
f 1717/1717/1717 1598/1598/1598 1595/1595/1595
f 1718/1718/1718 1719/1719/1719 1601/1601/1601
f 1718/1718/1718 1601/1601/1601 1598/1598/1598
f 1719/1719/1719 1720/1720/1720 1604/1604/1604
f 1719/1719/1719 1604/1604/1604 1601/1601/1601
f 1720/1720/1720 1721/1721/1721 1607/1607/1607
f 1720/1720/1720 1607/1607/1607 1604/1604/1604
f 1721/1721/1721 1722/1722/1722 1610/1610/1610
f 1721/1721/1721 1610/1610/1610 1607/1607/1607
f 1722/1722/1722 1723/1723/1723 1613/1613/1613
f 1722/1722/1722 1613/1613/1613 1610/1610/1610
f 1724/1724/1724 1725/1725/1725 1618/1618/1618
f 1724/1724/1724 1618/1618/1618 1726/1726/1726
f 1725/1725/1725 1727/1727/1727 1623/1623/1623
f 1725/1725/1725 1623/1623/1623 1618/1618/1618
f 1727/1727/1727 1728/1728/1728 1626/1626/1626
f 1727/1727/1727 1626/1626/1626 1623/1623/1623
f 1728/1728/1728 1729/1729/1729 1629/1629/1629
f 1728/1728/1728 1629/1629/1629 1626/1626/1626
f 1729/1729/1729 1730/1730/1730 1632/1632/1632
f 1729/1729/1729 1632/1632/1632 1629/1629/1629
f 1730/1730/1730 1731/1731/1731 1635/1635/1635
f 1730/1730/1730 1635/1635/1635 1632/1632/1632
f 1731/1731/1731 1732/1732/1732 1638/1638/1638
f 1731/1731/1731 1638/1638/1638 1635/1635/1635
f 1732/1732/1732 1733/1733/1733 1641/1641/1641
f 1732/1732/1732 1641/1641/1641 1638/1638/1638
f 1733/1733/1733 1712/1712/1712 1591/1591/1591
f 1733/1733/1733 1591/1591/1591 1641/1641/1641
f 1734/1734/1734 22/22/22 21/21/21
f 1734/1734/1734 21/21/21 1735/1735/1735
f 21/21/21 23/23/23 1736/1736/1736
f 21/21/21 1736/1736/1736 1735/1735/1735
f 23/23/23 24/24/24 1737/1737/1737
f 23/23/23 1737/1737/1737 1736/1736/1736
f 24/24/24 25/25/25 1738/1738/1738
f 24/24/24 1738/1738/1738 1737/1737/1737
f 25/25/25 26/26/26 1739/1739/1739
f 25/25/25 1739/1739/1739 1738/1738/1738
f 26/26/26 27/27/27 1740/1740/1740
f 26/26/26 1740/1740/1740 1739/1739/1739
f 27/27/27 28/28/28 1741/1741/1741
f 27/27/27 1741/1741/1741 1740/1740/1740
f 28/28/28 29/29/29 1742/1742/1742
f 28/28/28 1742/1742/1742 1741/1741/1741
f 29/29/29 30/30/30 1743/1743/1743
f 29/29/29 1743/1743/1743 1742/1742/1742
f 30/30/30 31/31/31 1744/1744/1744
f 30/30/30 1744/1744/1744 1743/1743/1743
f 31/31/31 32/32/32 1745/1745/1745
f 31/31/31 1745/1745/1745 1744/1744/1744
f 32/32/32 33/33/33 1746/1746/1746
f 32/32/32 1746/1746/1746 1745/1745/1745
f 33/33/33 34/34/34 1747/1747/1747
f 33/33/33 1747/1747/1747 1746/1746/1746
f 34/34/34 35/35/35 1748/1748/1748
f 34/34/34 1748/1748/1748 1747/1747/1747
f 35/35/35 36/36/36 1749/1749/1749
f 35/35/35 1749/1749/1749 1748/1748/1748
f 36/36/36 37/37/37 1750/1750/1750
f 36/36/36 1750/1750/1750 1749/1749/1749
f 37/37/37 38/38/38 1751/1751/1751
f 37/37/37 1751/1751/1751 1750/1750/1750
f 38/38/38 22/22/22 1734/1734/1734
f 38/38/38 1734/1734/1734 1751/1751/1751
f 1712/1712/1712 1752/1752/1752 1753/1753/1753
f 1712/1712/1712 1753/1753/1753 1754/1754/1754
f 1753/1753/1753 1755/1755/1755 1756/1756/1756
f 1753/1753/1753 1756/1756/1756 1754/1754/1754
f 1755/1755/1755 1757/1757/1757 1758/1758/1758
f 1755/1755/1755 1758/1758/1758 1756/1756/1756
f 1757/1757/1757 1759/1759/1759 1760/1760/1760
f 1757/1757/1757 1760/1760/1760 1758/1758/1758
f 1759/1759/1759 1761/1761/1761 1762/1762/1762
f 1759/1759/1759 1762/1762/1762 1760/1760/1760
f 1761/1761/1761 1763/1763/1763 1764/1764/1764
f 1761/1761/1761 1764/1764/1764 1762/1762/1762
f 1763/1763/1763 1765/1765/1765 1766/1766/1766
f 1763/1763/1763 1766/1766/1766 1764/1764/1764
f 1765/1765/1765 1767/1767/1767 1768/1768/1768
f 1765/1765/1765 1768/1768/1768 1766/1766/1766
f 1767/1767/1767 1769/1769/1769 1770/1770/1770
f 1767/1767/1767 1770/1770/1770 1768/1768/1768
f 1769/1769/1769 1771/1771/1771 1725/1725/1725
f 1769/1769/1769 1725/1725/1725 1770/1770/1770
f 1771/1771/1771 1772/1772/1772 1727/1727/1727
f 1771/1771/1771 1727/1727/1727 1725/1725/1725
f 1772/1772/1772 1773/1773/1773 1728/1728/1728
f 1772/1772/1772 1728/1728/1728 1727/1727/1727
f 1773/1773/1773 1774/1774/1774 1729/1729/1729
f 1773/1773/1773 1729/1729/1729 1728/1728/1728
f 1774/1774/1774 1775/1775/1775 1730/1730/1730
f 1774/1774/1774 1730/1730/1730 1729/1729/1729
f 1775/1775/1775 1776/1776/1776 1731/1731/1731
f 1775/1775/1775 1731/1731/1731 1730/1730/1730
f 1776/1776/1776 1777/1777/1777 1732/1732/1732
f 1776/1776/1776 1732/1732/1732 1731/1731/1731
f 1777/1777/1777 1778/1778/1778 1733/1733/1733
f 1777/1777/1777 1733/1733/1733 1732/1732/1732
f 1778/1778/1778 1752/1752/1752 1712/1712/1712
f 1778/1778/1778 1712/1712/1712 1733/1733/1733
f 1131/1131/1131 1132/1132/1132 1779/1779/1779
f 1131/1131/1131 1779/1779/1779 1780/1780/1780
f 1781/1781/1781 1128/1128/1128 1131/1131/1131
f 1781/1781/1781 1131/1131/1131 1780/1780/1780
f 1132/1132/1132 1137/1137/1137 1782/1782/1782
f 1132/1132/1132 1782/1782/1782 1779/1779/1779
f 1137/1137/1137 1140/1140/1140 1783/1783/1783
f 1137/1137/1137 1783/1783/1783 1782/1782/1782
f 1140/1140/1140 1143/1143/1143 1784/1784/1784
f 1140/1140/1140 1784/1784/1784 1783/1783/1783
f 1143/1143/1143 1146/1146/1146 1785/1785/1785
f 1143/1143/1143 1785/1785/1785 1784/1784/1784
f 1146/1146/1146 1149/1149/1149 1786/1786/1786
f 1146/1146/1146 1786/1786/1786 1785/1785/1785
f 1149/1149/1149 1152/1152/1152 1787/1787/1787
f 1149/1149/1149 1787/1787/1787 1786/1786/1786
f 1152/1152/1152 1788/1788/1788 1789/1789/1789
f 1152/1152/1152 1789/1789/1789 1787/1787/1787
f 1162/1162/1162 1161/1161/1161 1790/1790/1790
f 1162/1162/1162 1790/1790/1790 1791/1791/1791
f 1161/1161/1161 1167/1167/1167 1792/1792/1792
f 1161/1161/1161 1792/1792/1792 1790/1790/1790
f 1167/1167/1167 1170/1170/1170 1793/1793/1793
f 1167/1167/1167 1793/1793/1793 1792/1792/1792
f 1170/1170/1170 1173/1173/1173 1794/1794/1794
f 1170/1170/1170 1794/1794/1794 1793/1793/1793
f 1173/1173/1173 1176/1176/1176 1795/1795/1795
f 1173/1173/1173 1795/1795/1795 1794/1794/1794
f 1176/1176/1176 1179/1179/1179 1796/1796/1796
f 1176/1176/1176 1796/1796/1796 1795/1795/1795
f 1179/1179/1179 1182/1182/1182 1797/1797/1797
f 1179/1179/1179 1797/1797/1797 1796/1796/1796
f 1182/1182/1182 1185/1185/1185 1798/1798/1798
f 1182/1182/1182 1798/1798/1798 1797/1797/1797
f 1185/1185/1185 1128/1128/1128 1781/1781/1781
f 1185/1185/1185 1781/1781/1781 1798/1798/1798
f 1799/1799/1799 1800/1800/1800 1801/1801/1801
f 1799/1799/1799 1801/1801/1801 1802/1802/1802
f 1803/1803/1803 1800/1800/1800 1799/1799/1799
f 1803/1803/1803 1799/1799/1799 1804/1804/1804
f 1799/1799/1799 1805/1805/1805 1806/1806/1806
f 1799/1799/1799 1806/1806/1806 1804/1804/1804
f 1807/1807/1807 1805/1805/1805 1799/1799/1799
f 1807/1807/1807 1799/1799/1799 1802/1802/1802
f 1805/1805/1805 1808/1808/1808 1809/1809/1809
f 1805/1805/1805 1809/1809/1809 1806/1806/1806
f 1810/1810/1810 1808/1808/1808 1805/1805/1805
f 1810/1810/1810 1805/1805/1805 1807/1807/1807
f 1808/1808/1808 1811/1811/1811 1812/1812/1812
f 1808/1808/1808 1812/1812/1812 1809/1809/1809
f 1813/1813/1813 1811/1811/1811 1808/1808/1808
f 1813/1813/1813 1808/1808/1808 1810/1810/1810
f 1811/1811/1811 1814/1814/1814 1815/1815/1815
f 1811/1811/1811 1815/1815/1815 1812/1812/1812
f 1816/1816/1816 1814/1814/1814 1811/1811/1811
f 1816/1816/1816 1811/1811/1811 1813/1813/1813
f 1814/1814/1814 1817/1817/1817 1818/1818/1818
f 1814/1814/1814 1818/1818/1818 1815/1815/1815
f 1819/1819/1819 1820/1820/1820 1814/1814/1814
f 1819/1819/1819 1814/1814/1814 1816/1816/1816
f 1821/1821/1821 1822/1822/1822 1823/1823/1823
f 1821/1821/1821 1823/1823/1823 1824/1824/1824
f 1825/1825/1825 1822/1822/1822 1821/1821/1821
f 1825/1825/1825 1821/1821/1821 1826/1826/1826
f 1822/1822/1822 1827/1827/1827 1828/1828/1828
f 1822/1822/1822 1828/1828/1828 1823/1823/1823
f 1829/1829/1829 1827/1827/1827 1822/1822/1822
f 1829/1829/1829 1822/1822/1822 1825/1825/1825
f 1827/1827/1827 1830/1830/1830 1831/1831/1831
f 1827/1827/1827 1831/1831/1831 1828/1828/1828
f 1832/1832/1832 1830/1830/1830 1827/1827/1827
f 1832/1832/1832 1827/1827/1827 1829/1829/1829
f 1830/1830/1830 1833/1833/1833 1834/1834/1834
f 1830/1830/1830 1834/1834/1834 1831/1831/1831
f 1835/1835/1835 1833/1833/1833 1830/1830/1830
f 1835/1835/1835 1830/1830/1830 1832/1832/1832
f 1833/1833/1833 1836/1836/1836 1837/1837/1837
f 1833/1833/1833 1837/1837/1837 1834/1834/1834
f 1838/1838/1838 1836/1836/1836 1833/1833/1833
f 1838/1838/1838 1833/1833/1833 1835/1835/1835
f 1836/1836/1836 1839/1839/1839 1840/1840/1840
f 1836/1836/1836 1840/1840/1840 1837/1837/1837
f 1841/1841/1841 1839/1839/1839 1836/1836/1836
f 1841/1841/1841 1836/1836/1836 1838/1838/1838
f 1839/1839/1839 1842/1842/1842 1843/1843/1843
f 1839/1839/1839 1843/1843/1843 1840/1840/1840
f 1844/1844/1844 1842/1842/1842 1839/1839/1839
f 1844/1844/1844 1839/1839/1839 1841/1841/1841
f 1842/1842/1842 1845/1845/1845 1846/1846/1846
f 1842/1842/1842 1846/1846/1846 1843/1843/1843
f 1847/1847/1847 1845/1845/1845 1842/1842/1842
f 1847/1847/1847 1842/1842/1842 1844/1844/1844
f 1845/1845/1845 1848/1848/1848 1849/1849/1849
f 1845/1845/1845 1849/1849/1849 1846/1846/1846
f 1850/1850/1850 1848/1848/1848 1845/1845/1845
f 1850/1850/1850 1845/1845/1845 1847/1847/1847
f 1848/1848/1848 1851/1851/1851 1852/1852/1852
f 1848/1848/1848 1852/1852/1852 1849/1849/1849
f 1853/1853/1853 1851/1851/1851 1848/1848/1848
f 1853/1853/1853 1848/1848/1848 1850/1850/1850
f 1851/1851/1851 1854/1854/1854 1855/1855/1855
f 1851/1851/1851 1855/1855/1855 1852/1852/1852
f 1856/1856/1856 1854/1854/1854 1851/1851/1851
f 1856/1856/1856 1851/1851/1851 1853/1853/1853
f 1854/1854/1854 1800/1800/1800 1803/1803/1803
f 1854/1854/1854 1803/1803/1803 1855/1855/1855
f 1801/1801/1801 1800/1800/1800 1854/1854/1854
f 1801/1801/1801 1854/1854/1854 1856/1856/1856
f 1806/1806/1806 989/989/989 988/988/988
f 1806/1806/1806 988/988/988 1804/1804/1804
f 988/988/988 993/993/993 1803/1803/1803
f 988/988/988 1803/1803/1803 1804/1804/1804
f 1809/1809/1809 995/995/995 989/989/989
f 1809/1809/1809 989/989/989 1806/1806/1806
f 1812/1812/1812 998/998/998 995/995/995
f 1812/1812/1812 995/995/995 1809/1809/1809
f 1815/1815/1815 1001/1001/1001 998/998/998
f 1815/1815/1815 998/998/998 1812/1812/1812
f 1824/1824/1824 1005/1005/1005 1857/1857/1857
f 1824/1824/1824 1857/1857/1857 1858/1858/1858
f 1823/1823/1823 1009/1009/1009 1005/1005/1005
f 1823/1823/1823 1005/1005/1005 1824/1824/1824
f 1828/1828/1828 1012/1012/1012 1009/1009/1009
f 1828/1828/1828 1009/1009/1009 1823/1823/1823
f 1831/1831/1831 1015/1015/1015 1012/1012/1012
f 1831/1831/1831 1012/1012/1012 1828/1828/1828
f 1834/1834/1834 1018/1018/1018 1015/1015/1015
f 1834/1834/1834 1015/1015/1015 1831/1831/1831
f 1837/1837/1837 1021/1021/1021 1018/1018/1018
f 1837/1837/1837 1018/1018/1018 1834/1834/1834
f 1840/1840/1840 1024/1024/1024 1021/1021/1021
f 1840/1840/1840 1021/1021/1021 1837/1837/1837
f 1843/1843/1843 1027/1027/1027 1024/1024/1024
f 1843/1843/1843 1024/1024/1024 1840/1840/1840
f 1846/1846/1846 1030/1030/1030 1027/1027/1027
f 1846/1846/1846 1027/1027/1027 1843/1843/1843
f 1849/1849/1849 1033/1033/1033 1030/1030/1030
f 1849/1849/1849 1030/1030/1030 1846/1846/1846
f 1852/1852/1852 1036/1036/1036 1033/1033/1033
f 1852/1852/1852 1033/1033/1033 1849/1849/1849
f 1855/1855/1855 1039/1039/1039 1036/1036/1036
f 1855/1855/1855 1036/1036/1036 1852/1852/1852
f 1803/1803/1803 993/993/993 1039/1039/1039
f 1803/1803/1803 1039/1039/1039 1855/1855/1855
f 1859/1859/1859 1860/1860/1860 1440/1440/1440
f 1859/1859/1859 1440/1440/1440 1441/1441/1441
f 1465/1465/1465 1860/1860/1860 1859/1859/1859
f 1465/1465/1465 1859/1859/1859 1463/1463/1463
f 1859/1859/1859 1861/1861/1861 1460/1460/1460
f 1859/1859/1859 1460/1460/1460 1463/1463/1463
f 1442/1442/1442 1861/1861/1861 1859/1859/1859
f 1442/1442/1442 1859/1859/1859 1441/1441/1441
f 1860/1860/1860 1862/1862/1862 1443/1443/1443
f 1860/1860/1860 1443/1443/1443 1440/1440/1440
f 1470/1470/1470 1862/1862/1862 1860/1860/1860
f 1470/1470/1470 1860/1860/1860 1465/1465/1465
f 1862/1862/1862 1863/1863/1863 1444/1444/1444
f 1862/1862/1862 1444/1444/1444 1443/1443/1443
f 1473/1473/1473 1863/1863/1863 1862/1862/1862
f 1473/1473/1473 1862/1862/1862 1470/1470/1470
f 1863/1863/1863 1864/1864/1864 1445/1445/1445
f 1863/1863/1863 1445/1445/1445 1444/1444/1444
f 1476/1476/1476 1864/1864/1864 1863/1863/1863
f 1476/1476/1476 1863/1863/1863 1473/1473/1473
f 1864/1864/1864 1865/1865/1865 1446/1446/1446
f 1864/1864/1864 1446/1446/1446 1445/1445/1445
f 1479/1479/1479 1865/1865/1865 1864/1864/1864
f 1479/1479/1479 1864/1864/1864 1476/1476/1476
f 1865/1865/1865 1866/1866/1866 1447/1447/1447
f 1865/1865/1865 1447/1447/1447 1446/1446/1446
f 1482/1482/1482 1866/1866/1866 1865/1865/1865
f 1482/1482/1482 1865/1865/1865 1479/1479/1479
f 1866/1866/1866 1867/1867/1867 1868/1868/1868
f 1866/1866/1866 1868/1868/1868 1447/1447/1447
f 1869/1869/1869 1870/1870/1870 1866/1866/1866
f 1869/1869/1869 1866/1866/1866 1482/1482/1482
f 1871/1871/1871 1872/1872/1872 1450/1450/1450
f 1871/1871/1871 1450/1450/1450 1451/1451/1451
f 1491/1491/1491 1872/1872/1872 1871/1871/1871
f 1491/1491/1491 1871/1871/1871 1492/1492/1492
f 1872/1872/1872 1873/1873/1873 1452/1452/1452
f 1872/1872/1872 1452/1452/1452 1450/1450/1450
f 1495/1495/1495 1873/1873/1873 1872/1872/1872
f 1495/1495/1495 1872/1872/1872 1491/1491/1491
f 1873/1873/1873 1874/1874/1874 1453/1453/1453
f 1873/1873/1873 1453/1453/1453 1452/1452/1452
f 1498/1498/1498 1874/1874/1874 1873/1873/1873
f 1498/1498/1498 1873/1873/1873 1495/1495/1495
f 1874/1874/1874 1875/1875/1875 1454/1454/1454
f 1874/1874/1874 1454/1454/1454 1453/1453/1453
f 1501/1501/1501 1875/1875/1875 1874/1874/1874
f 1501/1501/1501 1874/1874/1874 1498/1498/1498
f 1875/1875/1875 1876/1876/1876 1455/1455/1455
f 1875/1875/1875 1455/1455/1455 1454/1454/1454
f 1504/1504/1504 1876/1876/1876 1875/1875/1875
f 1504/1504/1504 1875/1875/1875 1501/1501/1501
f 1876/1876/1876 1877/1877/1877 1456/1456/1456
f 1876/1876/1876 1456/1456/1456 1455/1455/1455
f 1507/1507/1507 1877/1877/1877 1876/1876/1876
f 1507/1507/1507 1876/1876/1876 1504/1504/1504
f 1877/1877/1877 1878/1878/1878 1457/1457/1457
f 1877/1877/1877 1457/1457/1457 1456/1456/1456
f 1510/1510/1510 1878/1878/1878 1877/1877/1877
f 1510/1510/1510 1877/1877/1877 1507/1507/1507
f 1878/1878/1878 1879/1879/1879 1458/1458/1458
f 1878/1878/1878 1458/1458/1458 1457/1457/1457
f 1513/1513/1513 1879/1879/1879 1878/1878/1878
f 1513/1513/1513 1878/1878/1878 1510/1510/1510
f 1879/1879/1879 1880/1880/1880 1459/1459/1459
f 1879/1879/1879 1459/1459/1459 1458/1458/1458
f 1516/1516/1516 1880/1880/1880 1879/1879/1879
f 1516/1516/1516 1879/1879/1879 1513/1513/1513
f 1880/1880/1880 1861/1861/1861 1442/1442/1442
f 1880/1880/1880 1442/1442/1442 1459/1459/1459
f 1460/1460/1460 1861/1861/1861 1880/1880/1880
f 1460/1460/1460 1880/1880/1880 1516/1516/1516
f 1881/1881/1881 1882/1882/1882 1883/1883/1883
f 1881/1881/1881 1883/1883/1883 1884/1884/1884
f 1882/1882/1882 1885/1885/1885 1886/1886/1886
f 1882/1882/1882 1886/1886/1886 1883/1883/1883
f 1885/1885/1885 1887/1887/1887 1888/1888/1888
f 1885/1885/1885 1888/1888/1888 1886/1886/1886
f 1887/1887/1887 1889/1889/1889 1890/1890/1890
f 1887/1887/1887 1890/1890/1890 1888/1888/1888
f 1889/1889/1889 1891/1891/1891 1892/1892/1892
f 1889/1889/1889 1892/1892/1892 1890/1890/1890
f 1891/1891/1891 1893/1893/1893 1894/1894/1894
f 1891/1891/1891 1894/1894/1894 1892/1892/1892
f 1893/1893/1893 1895/1895/1895 1896/1896/1896
f 1893/1893/1893 1896/1896/1896 1894/1894/1894
f 1895/1895/1895 1897/1897/1897 1898/1898/1898
f 1895/1895/1895 1898/1898/1898 1896/1896/1896
f 1897/1897/1897 1899/1899/1899 1900/1900/1900
f 1897/1897/1897 1900/1900/1900 1898/1898/1898
f 1899/1899/1899 1901/1901/1901 1902/1902/1902
f 1899/1899/1899 1902/1902/1902 1900/1900/1900
f 1901/1901/1901 1903/1903/1903 1904/1904/1904
f 1901/1901/1901 1904/1904/1904 1902/1902/1902
f 1903/1903/1903 1905/1905/1905 1906/1906/1906
f 1903/1903/1903 1906/1906/1906 1904/1904/1904
f 1905/1905/1905 1907/1907/1907 1908/1908/1908
f 1905/1905/1905 1908/1908/1908 1906/1906/1906
f 1907/1907/1907 1909/1909/1909 1910/1910/1910
f 1907/1907/1907 1910/1910/1910 1908/1908/1908
f 1909/1909/1909 1911/1911/1911 1912/1912/1912
f 1909/1909/1909 1912/1912/1912 1910/1910/1910
f 1911/1911/1911 1913/1913/1913 1914/1914/1914
f 1911/1911/1911 1914/1914/1914 1912/1912/1912
f 1913/1913/1913 1915/1915/1915 1916/1916/1916
f 1913/1913/1913 1916/1916/1916 1914/1914/1914
f 1915/1915/1915 1881/1881/1881 1884/1884/1884
f 1915/1915/1915 1884/1884/1884 1916/1916/1916
