# ABC bottle geometry; canonical radius 1 and height 1, bottom z=0.
# https://github.com/mikedh/trimesh
v 0.0200777800857 0.454146388119 0.89056119
v 0.00338169399766 0.452973723725 0.88935459
v 0.0068111722048 0.453695372247 0.8901751
v 0.0147531217371 0.408774052641 0.9799704
v 0.0188143459298 0.409946717034 0.97800365
v 0.039481406784 0.410578173944 0.97756928
v 0.0326224503698 0.453695372247 0.89121276
v 0.0512137744144 0.453514989024 0.8911283
v 0.0444451252417 0.453424797412 0.89029574
v 0.0210705237773 0.453154164763 0.88943905
v -0.00131127618054 0.450087245271 0.88826865
v -0.0100654127363 0.450989277015 0.88899261
v -0.0414721553445 0.447922357522 0.88925809
v -0.0084409230592 0.452432516242 0.8900665
v 0.010421149265 0.452161941408 0.88892022
v -0.00185277273956 0.452793340503 0.89080253
v -0.00293576585761 0.407691637675 0.98015139
v 0.0152946182962 0.405256175092 0.98679978
v 0.0372251711214 0.405707133149 0.98695663
v 0.0397521550636 0.406879797542 0.984833
v 0.0605094653443 0.407421005025 0.98270941
v 0.080544780213 0.406969989153 0.98010314
v 0.0900209699959 0.449997053659 0.89141789
v 0.0791910388154 0.450989277015 0.89100763
v 0.0839742584201 0.450448069531 0.89030781
v 0.0605094653443 0.451981558185 0.88976485
v 0.0494990353108 0.45035787792 0.88849792
v 0.0423693884322 0.446298677257 0.88724303
v 0.00617942621928 0.446930134167 0.88741198
v -0.0495043543033 0.441878767964 0.88737577
v -0.04210390133 0.445937910812 0.88820833
v -0.0532947724013 0.445757527589 0.88905296
v -0.0441796381396 0.44810279856 0.89011475
v -0.0328984598266 0.449546037787 0.89034402
v -0.0332594575326 0.449365654565 0.89136961
v -0.0254078152419 0.405707133149 0.97971702
v -0.00654568510262 0.407781829286 0.97934297
v -0.00374801069614 0.402099006173 0.98947844
v 0.0171898562527 0.402640271471 0.9906247
v 0.0207095260713 0.404083510699 0.98883894
v 0.039481406784 0.403993319087 0.98994902
v 0.0573507354167 0.404083510699 0.98860967
v 0.0615924584623 0.402820654694 0.99023858
v 0.079822784801 0.403001037917 0.98724622
v 0.101482589347 0.405256175092 0.97866729
v 0.119893414538 0.4458477192 0.89115244
v 0.101121591641 0.447922357522 0.89018714
v 0.096338372036 0.448192990171 0.88965625
v 0.0883062308923 0.447741974299 0.88895643
v 0.0678196688911 0.449455846176 0.88881162
v 0.0769348031528 0.446479118295 0.88819626
v 0.0616827078888 0.447200766816 0.88795495
v 0.038759411372 0.441878767964 0.88636222
v 0.0222437663218 0.445306453902 0.88703793
v 0.0997678502432 0.440706103571 0.88735163
v 0.0726028306807 0.440525720348 0.88667595
v 0.01132364353 0.442149342798 0.88647082
v -0.00889217019172 0.441608135315 0.88656735
v -0.0318154667085 0.440164838272 0.88667595
v -0.0522118370984 0.432768201098 0.885952
v -0.0615977196397 0.438631407433 0.88729131
v -0.0692689208925 0.44034527931 0.88825658
v -0.0563632529024 0.44323181558 0.88819626
v -0.0412014070649 0.436917535557 0.88624156
v -0.0744131382032 0.440615911959 0.88889608
v -0.0729691473791 0.442059151186 0.89005443
v -0.0617782184927 0.444314230546 0.88978899
v -0.0464358738022 0.401647990301 0.97992215
v -0.0651174472733 0.443412198802 0.89094731
v -0.0510385945539 0.446208485646 0.89111623
v -0.0434576427275 0.398220246548 0.98667911
v -0.0262200600804 0.399212527718 0.98955083
v -0.00293576585761 0.400385134296 0.99113148
v -0.0236930761383 0.398039863325 0.99115559
v 0.0160166137082 0.399843926813 0.99210882
v 0.0245000019844 0.393710087828 0.99547523
v 0.039120409078 0.399843926813 0.99221742
v 0.0610509619033 0.396235799837 0.99413592
v 0.0821692698901 0.400024310036 0.99068505
v 0.080905777919 0.401647990301 0.98927331
v 0.101572838773 0.402550022045 0.98332477
v 0.123503391599 0.396325991449 0.98712555
v 0.123052144466 0.400475383723 0.98001868
v 0.123322892746 0.401828431339 0.977521
v 0.116734742426 0.445126070679 0.89005443
v 0.136499309015 0.442239534409 0.89136961
v 0.138665295251 0.441066927831 0.89044052
v 0.140380034355 0.438360832599 0.88898057
v 0.101482589347 0.444765246418 0.88857031
v 0.0541017560625 0.440164838272 0.88631397
v 0.065473183802 0.43258776006 0.88526422
v 0.0438133214411 0.432407376837 0.88497463
v 0.025673244529 0.438631407433 0.88580719
v 0.112944266513 0.433129025358 0.88637429
v 0.0996776008167 0.432317185226 0.88583133
v 0.150758660588 0.431505345093 0.88739991
v 0.139387290663 0.43159559452 0.8869414
v 0.00374269170367 0.436646960723 0.88565034
v -0.0290177344869 0.427085377985 0.88475746
v -0.0490531071708 0.421492746483 0.88449198
v -0.068637174907 0.421943762355 0.88505909
v -0.0800085448313 0.425551947146 0.88590372
v -0.105007578158 0.422124203393 0.88641047
v -0.0900262311732 0.430062048051 0.88711032
v -0.107805310379 0.429160074122 0.88790667
v -0.113761772529 0.428979633084 0.88841346
v -0.0246858198299 0.434662456197 0.88569859
v -0.106361319555 0.432677951671 0.88912535
v -0.069178671466 0.396957390543 0.97942743
v -0.106361319555 0.433129025358 0.89016303
v -0.0678249300684 0.393980720477 0.98495367
v -0.0459846266696 0.396957390543 0.98766851
v -0.0451723818311 0.395423959705 0.98994902
v -0.0115996529868 0.393078688733 0.99455822
v 0.0066306733518 0.393259071956 0.99525806
v -0.0445406358456 0.393529704605 0.99133658
v -0.0332594575326 0.388207705753 0.99520978
v 0.0343371894733 0.390823551558 0.99658531
v 0.0432718826972 0.392627672861 0.99589756
v 0.0179118516648 0.390552976724 0.99650085
v 0.0648414378165 0.393259071956 0.99530631
v 0.0949846306385 0.391815832729 0.9944979
v 0.103107079024 0.397679039065 0.99037132
v 0.101031342214 0.39966354359 0.98801845
v 0.122149650201 0.394882752221 0.98978007
v 0.142726519444 0.394521927961 0.98281798
v 0.13947754009 0.441337502665 0.89162302
v 0.194439267385 0.425732330369 0.8910197
v 0.165469317108 0.433850616064 0.89053708
v 0.167184056211 0.432136744188 0.88893229
v 0.165469317108 0.430783696572 0.8881118
v 0.149946415749 0.434391881363 0.88820833
v 0.137221304427 0.435925312202 0.88794288
v 0.1091537906 0.425010681848 0.88503498
v 0.0859597458032 0.424379282753 0.8845644
v 0.122510647907 0.35375000063 0.87673354
v 0.0414668941671 0.360695621932 0.87673354
v 0.027658731912 0.360966196766 0.87673354
v 0.0192655930623 0.425732330369 0.88419035
v 0.0133091309131 0.431775977742 0.88489017
v 0.152653898544 0.423747825843 0.88601232
v 0.1265718721 0.424108707919 0.88530043
v 0.159061607826 0.427355952819 0.88688105
v -0.00952391617725 0.431775977742 0.88511944
v 0.00220845145311 0.360785813544 0.87673354
v -0.0635832070227 0.348969209261 0.87673354
v -0.014668133488 0.3579895267 0.87673354
v -0.0729691473791 0.346623880474 0.87673354
v -0.102841591922 0.412111604783 0.88508323
v -0.119357236972 0.422394778227 0.88727924
v -0.130818856323 0.405977765798 0.88566241
v -0.140024297826 0.408954493679 0.88655528
v -0.126396692239 0.423296809971 0.88805148
v -0.127118629836 0.424830298625 0.88882369
v -0.118996239266 0.429069882511 0.88954765
v -0.0918312197033 0.392988497122 0.97409427
v -0.0925532151153 0.38965094498 0.97970495
v -0.0886724897757 0.388568472199 0.98368675
v -0.134699581662 0.422665410876 0.89132136
v -0.10933955063 0.384599520962 0.9786914
v -0.0662004403914 0.391003992596 0.98955083
v -0.0866870023926 0.384509329351 0.98997313
v -0.0658394426853 0.38929012072 0.99101081
v -0.015751126606 0.388297897364 0.99619919
v 0.00807466417586 0.388929354274 0.9967663
v 0.000674211202546 0.389560753369 0.99631986
v -0.0633124587432 0.384328946128 0.99377394
v -0.0685469254805 0.379548154759 0.99529424
v -0.0476091163467 0.381442409858 0.99638021
v -0.0348839472097 0.385411361095 0.9960182
v 0.0263049905145 0.389560753369 0.9968749
v 0.0398424044901 0.38865866381 0.99701971
v 0.0616827078888 0.388929354274 0.99680251
v 0.0504917790024 0.390552976724 0.99650085
v 0.0776567985649 0.390462785113 0.99593374
v 0.118178675435 0.385050594649 0.99551144
v 0.119803165112 0.390192152464 0.99286899
v 0.142365521738 0.389560753369 0.99010587
v 0.163122832019 0.384779962 0.98854935
v 0.164566822843 0.38929012072 0.98103222
v 0.144802198438 0.398220246548 0.97435969
v 0.197688246739 0.423838017454 0.88958386
v 0.189746297207 0.426453921075 0.88998204
v 0.185594881403 0.382705265863 0.97970495
v 0.221965284654 0.415088274849 0.89149028
v 0.219257801859 0.416531571891 0.8904888
v 0.194168576921 0.423657634232 0.88870305
v 0.198771239857 0.418065060545 0.88754469
v 0.14759993066 0.410758557167 0.88417828
v 0.132528334249 0.351224288621 0.87673354
v 0.0247707502639 0.360966196766 0.87673354
v 0.00356219285067 0.360876005155 0.87673354
v 0.173681957104 0.416802204541 0.88590372
v 0.166010813667 0.411389956262 0.88485396
v 0.209420672185 0.406338532244 0.88602439
v -0.0898457323202 0.340219466655 0.87673354
v -0.102209903751 0.335258234249 0.87673354
v -0.117461999015 0.40155779869 0.88458851
v -0.168633308213 0.401016591206 0.88741198
v -0.119357236972 0.327861539259 0.87673354
v -0.122064719767 0.32659874107 0.87673354
v -0.168543058786 0.390462785113 0.88600025
v -0.191646854156 0.385681993744 0.88689312
v -0.175672705665 0.40128716604 0.88812387
v -0.158254624165 0.411660588911 0.88895643
v -0.148327245064 0.416712012929 0.88943905
v -0.151215226713 0.416260939242 0.89024749
v -0.108527305791 0.382344441602 0.98286626
v -0.154283649399 0.414276492532 0.89153856
v -0.130909105749 0.37765389966 0.97573525
v -0.106812566688 0.376300852044 0.99056438
v -0.0923727162623 0.373143683125 0.9948478
v -0.0787451106754 0.378465681977 0.9944979
v -0.027573801478 0.384599520962 0.99654913
v -0.0104264104423 0.385952568578 0.99688697
v 0.0192655930623 0.386764408711 0.99724895
v 0.00274994801213 0.385772185355 0.99720067
v -0.0606952253746 0.377293075399 0.99646467
v -0.0921019679828 0.36962574776 0.99599409
v -0.0456236289636 0.377924474494 0.99710417
v 0.0327126997963 0.386403642265 0.99733341
v 0.0500405318698 0.386403642265 0.99735755
v 0.0731443272397 0.386764408711 0.99699557
v 0.0848767526852 0.387395807805 0.9964526
v 0.104551069848 0.383607297607 0.99662152
v 0.118900670847 0.38026980328 0.99666977
v 0.134513821632 0.380811010764 0.99564415
v 0.136770057295 0.382975898512 0.99465474
v 0.156083376751 0.37963834637 0.99362916
v 0.166642559652 0.375489011911 0.99431691
v 0.161769090621 0.383426914384 0.99019033
v 0.180179915813 0.378465681977 0.9888148
v 0.184602137711 0.378195107143 0.98700491
v 0.185324133123 0.381081585598 0.98232329
v 0.224221520316 0.41382547666 0.88970453
v 0.214113642363 0.416802204541 0.88904089
v 0.205088699713 0.37251228403 0.98297486
v 0.207074187096 0.374677171779 0.97835356
v 0.206352191684 0.376210660432 0.97608516
v 0.227380250244 0.41319401975 0.89092317
v 0.211676907847 0.415358965313 0.88805148
v 0.213752586842 0.411389956262 0.88724303
v 0.176840687032 0.402640271471 0.88425067
v 0.192814835523 0.406248340632 0.88526422
v 0.206171692831 0.395423959705 0.88458851
v 0.228733991641 0.388388088976 0.88502291
v 0.227019252538 0.30242420939 0.87673354
v 0.222777529492 0.404895293016 0.88673627
v 0.234690453791 0.393349263568 0.8860485
v -0.157622878179 0.308467856764 0.87673354
v -0.193993339245 0.373053491513 0.88557795
v -0.221970545831 0.365656796524 0.88665181
v -0.229551497657 0.367911933699 0.88781014
v -0.199408304835 0.386493833877 0.88790667
v -0.173055472296 0.405797382575 0.88945112
v -0.187766128816 0.396145550411 0.88849792
v -0.16998704961 0.407872078712 0.89047673
v -0.168994305919 0.407781829286 0.89171955
v -0.13036760919 0.375849778357 0.97898099
v -0.125764888438 0.373504507385 0.98465201
v -0.125584447401 0.36863358222 0.99043164
v -0.151937222125 0.368813965443 0.97362369
v -0.149680986462 0.366739269306 0.97878793
v -0.116379005897 0.364845014207 0.99452204
v -0.107444312673 0.370888603765 0.99320683
v -0.113400774823 0.363582158202 0.99542698
v 0.00617942621928 0.380630569726 0.99774367
v 0.0226047640278 0.383066090123 0.99761093
v -0.00907266904473 0.381171835024 0.99747819
v -0.0911092242913 0.366288253434 0.99677837
v -0.0731496462321 0.369445364538 0.99716449
v -0.114393518514 0.359252382705 0.99638021
v -0.0412014070649 0.372692725068 0.99771953
v -0.0328082104001 0.378104915532 0.99733341
v -0.0534752712543 0.373053491513 0.99744201
v 0.0448060651326 0.382885706901 0.99768332
v 0.0602387170648 0.383697547033 0.99758679
v 0.0820790204636 0.383877930256 0.99726102
v 0.0983238594191 0.381081585598 0.99728516
v 0.110868529703 0.37927752211 0.99720067
v 0.151841653706 0.370437587893 0.9967663
v 0.143267958188 0.374947804428 0.99636814
v 0.166732751264 0.369535556149 0.99609062
v 0.192183089538 0.363311525553 0.9949564
v 0.198590741004 0.363040892903 0.99372566
v 0.202200718064 0.367551109438 0.99049199
v 0.181984904343 0.375037996039 0.99103495
v 0.187580368786 0.375037996039 0.98924917
v 0.204005706595 0.369084540277 0.98790985
v 0.228192495082 0.410217349684 0.88861856
v 0.240015112139 0.407330813414 0.89079046
v 0.269255868511 0.393619896217 0.89062154
v 0.26375071131 0.395243576482 0.88954765
v 0.222867778919 0.360425047098 0.98841661
v 0.226116758273 0.365205838467 0.9789086
v 0.283605527325 0.387395807805 0.89139375
v 0.226838753685 0.407962270324 0.88771361
v 0.258967491705 0.378646123015 0.88585544
v 0.247325315686 0.374406539129 0.88464886
v 0.234239206658 0.298184625505 0.87673354
v 0.25833574572 0.389380312331 0.88730338
v -0.166828319683 0.302875225262 0.87673354
v -0.22368534275 0.353389176369 0.88544521
v -0.235237211527 0.354922607208 0.88633808
v -0.246969636973 0.354832415597 0.88759297
v -0.236951950631 0.366107870211 0.88852203
v -0.187134382831 0.399032086681 0.88994583
v -0.219263120851 0.378375490366 0.88929427
v -0.147424750799 0.365115589041 0.98280591
v -0.144988016284 0.360605430321 0.98943016
v -0.146973503667 0.350051624228 0.99476334
v -0.203108531322 0.389380312331 0.89132136
v -0.166738070256 0.359342574316 0.9757835
v -0.168001562227 0.354471591336 0.98226294
v -0.140926792091 0.349239784095 0.99582517
v 0.00879665958789 0.371790635509 0.99817804
v 0.038217914813 0.373684948423 0.99821424
v 0.0300954664276 0.378646123015 0.99792466
v -0.0358766909012 0.368723773832 0.99803323
v -0.00997516330977 0.372422092419 0.99803323
v -0.0875894966576 0.363672349813 0.99730927
v -0.110783541454 0.355914830563 0.99716449
v -0.13605332306 0.347616161645 0.9966577
v -0.0669224358034 0.367370726216 0.99761093
v -0.0604244770951 0.363672349813 0.99800912
v 0.0639389435514 0.376391043655 0.99799705
v 0.0730540778132 0.380540378114 0.99770746
v 0.0900209699959 0.380089362242 0.99755061
v 0.102475333038 0.377202825973 0.99756265
v 0.117998176582 0.373865331646 0.99752647
v 0.152924646824 0.365025397429 0.99739373
v 0.16231058718 0.366558886083 0.99688697
v 0.175757693914 0.363401717164 0.99662152
v 0.187941366492 0.360785813544 0.99606648
v 0.206983937669 0.354200958687 0.99564415
v 0.211676907847 0.355554006303 0.9944979
v 0.221243289242 0.35862098361 0.99040753
v 0.283695776752 0.385862376967 0.89044052
v 0.264201958442 0.391094184208 0.88835311
v 0.24154935239 0.348067177517 0.99033511
v 0.242000599522 0.349600608356 0.98889926
v 0.24245190447 0.352487144625 0.98465201
v 0.243715338626 0.35375000063 0.98153898
v 0.262306662671 0.342113721755 0.98190096
v 0.318531939752 0.36313114233 0.89127308
v 0.32169066968 0.361417270453 0.89053708
v 0.280537046824 0.366107870211 0.88614503
v 0.292449913308 0.34987118319 0.8852039
v 0.271331605321 0.362589934847 0.88501084
v 0.235863696335 0.297102210538 0.87673354
v 0.316817200649 0.359522957539 0.88904089
v 0.302377350223 0.356907053919 0.88696551
v -0.176846006024 0.29529814705 0.87673354
v -0.249857560805 0.328041980297 0.88499877
v -0.257709260911 0.336250515419 0.88632601
v -0.262943727649 0.343196136721 0.88776189
v -0.259694748294 0.348427943962 0.88826865
v -0.240291179411 0.365656796524 0.89019921
v -0.221970545831 0.377924474494 0.89010268
v -0.268900189798 0.343376577759 0.88963211
v -0.163579340328 0.349780991578 0.99015412
v -0.17630445165 0.331379532439 0.99512532
v -0.172423784126 0.330657883917 0.99598202
v -0.213487157555 0.382434691029 0.89211771
v -0.186592886272 0.346443497252 0.97788298
v -0.17206278642 0.357538510828 0.97376847
v -0.180636424122 0.339858642395 0.98976803
v -0.0218880876083 0.362860509681 0.9983952
v 0.0314492078252 0.369084540277 0.99831074
v 0.0806350296395 0.364393940519 0.9982987
v 0.0882159814658 0.371339677452 0.99806944
v -0.0606049759481 0.358079718312 0.99826249
v -0.0878602449371 0.359432765928 0.9977316
v -0.137226565604 0.342474546015 0.99736962
v -0.113852021955 0.349420225133 0.99767125
v -0.171431040434 0.326147725198 0.99685076
v -0.0815427850819 0.355012798819 0.99811769
v 0.0946236329325 0.3753988203 0.99785224
v 0.120164162818 0.367370726216 0.99792466
v 0.152653898544 0.359974031226 0.99780399
v 0.166281504131 0.360695621932 0.99735755
v 0.191370786884 0.351314480232 0.99727309
v 0.203103212329 0.34536102447 0.99738169
v 0.195702759356 0.354020575464 0.99670598
v 0.206622939963 0.350141815839 0.99651292
v 0.222236032933 0.347165087958 0.99552351
v 0.230809728451 0.346082672991 0.99440137
v 0.242903093787 0.339588009746 0.99411178
v 0.258696743426 0.33634070703 0.99099874
v 0.259779736544 0.338144770518 0.98926124
v 0.243805645868 0.350141815839 0.98671532
v 0.260230983676 0.340129217229 0.986655
v 0.278551559441 0.328132171908 0.98573798
v 0.281529790516 0.32921464469 0.98104429
v 0.296330638647 0.315503727493 0.98402458
v 0.311312043447 0.302965416874 0.98322824
v 0.314290274522 0.303236049523 0.9791258
v 0.31537326764 0.299447481509 0.98292658
v 0.32710563527 0.285736564312 0.98657051
v 0.32683488699 0.356095271601 0.89106798
v 0.359324622717 0.321908141312 0.88988551
v 0.353187661714 0.327500772814 0.88969246
v 0.354631652539 0.323170997316 0.8887513
v 0.324759150181 0.356185463212 0.88989758
v 0.309507054917 0.347255337384 0.88632601
v 0.308694810078 0.339136993874 0.88536075
v 0.296691636353 0.253173114288 0.87673354
v 0.319524683444 0.352487144625 0.88824451
v -0.195527579496 0.279241901067 0.87673354
v -0.277473827501 0.307114809148 0.88560206
v -0.222602291816 0.254075146032 0.87673354
v -0.280361809149 0.317578365815 0.88676041
v -0.276571333235 0.330477500695 0.88805148
v -0.277473827501 0.332912963277 0.88884783
v -0.22368534275 0.323261188928 0.9732255
v -0.207350196552 0.33570925012 0.97222403
v -0.275127342411 0.336881914514 0.89157474
v -0.294982216242 0.31694696672 0.88971657
v -0.292996728859 0.319923694601 0.89097145
v -0.184787897742 0.33372480341 0.99146932
v -0.191556604729 0.321908141312 0.9948478
v -0.192729847274 0.31658614246 0.99607855
v -0.19489583351 0.308918814821 0.99712828
v -0.204642713757 0.334807276192 0.97651953
v -0.20328897236 0.332912963277 0.98013932
v -0.198596059997 0.326779124292 0.99039546
v -0.043367393301 0.358981750056 0.99835902
v -0.165113580579 0.302965416874 0.99846762
v -0.0112386552808 0.358440542572 0.99846762
v 0.0512137744144 0.126166616907 0.99954149
v 0.0902917182754 0.0716837723793 0.99972248
v 0.218355307593 0.322539540407 0.99812976
v 0.193536830935 0.333093404315 0.99811769
v 0.188753611331 0.338866419039 0.99805737
v 0.157346868722 0.354291150298 0.99796084
v -0.0995024209561 0.345090449636 0.99825042
v -0.140836542665 0.334897467803 0.99788845
v -0.118725490986 0.340580290916 0.99809358
v -0.0978779312791 0.351404671843 0.99796084
v -0.165925825418 0.324704428155 0.99747819
v -0.181629167814 0.314601637934 0.9975144
v -0.130818856323 0.332281564183 0.99826249
v 0.184872885991 0.347345528996 0.99780399
v 0.169440234059 0.355103048246 0.99769539
v 0.181623906637 0.353659751203 0.99744201
v 0.200937226093 0.340760674139 0.99779192
v 0.225575261714 0.329936235396 0.99763507
v 0.21636982021 0.336972106125 0.99747819
v 0.225124014581 0.335077851026 0.99721274
v 0.213120898671 0.344819816987 0.99685076
v 0.226207007699 0.340399849878 0.99642846
v 0.23523195035 0.337964387295 0.99594581
v 0.231892721569 0.342564737627 0.99531838
v 0.244978830597 0.336070074381 0.99492019
v 0.254816018086 0.332101123145 0.99419624
v 0.270158362776 0.321908141312 0.99406353
v 0.277017319191 0.325426076676 0.99019033
v 0.294164652411 0.312978015484 0.9894543
v 0.310499798608 0.300529896476 0.98749959
v 0.325661644446 0.284112884047 0.99000934
v 0.340191744298 0.269860759366 0.98893547
v 0.355985393936 0.325155444027 0.8905974
v 0.361490608953 0.316044934976 0.88894436
v 0.343169975373 0.268507711751 0.98637748
v 0.355804895083 0.2532633059 0.98663086
v 0.362122354938 0.317939190076 0.89065772
v 0.389919062671 0.283752117601 0.89130929
v 0.397319515645 0.274912183385 0.89031988
v 0.392085048907 0.281226405592 0.89000615
v 0.386399335038 0.286548404445 0.88936666
v 0.386760332744 0.278430060934 0.88755676
v 0.360768555726 0.31144452683 0.88796699
v 0.354180405406 0.313338781929 0.88708618
v 0.337213513223 0.32632810842 0.88680866
v 0.340823490283 0.316676334071 0.88598818
v 0.331618106595 0.314872270583 0.8849867
v 0.348765439816 0.205816274285 0.87673354
v -0.229551497657 0.246768642654 0.87673354
v -0.255633524102 0.218174201682 0.87673354
v -0.265560961017 0.206718306029 0.87673354
v -0.303465604518 0.273559077954 0.88543314
v -0.30265335968 0.285014915791 0.88625363
v -0.309692814947 0.289074116454 0.88743609
v -0.313393041434 0.289705515549 0.88816005
v -0.302924107959 0.305040113011 0.88873923
v -0.291552738035 0.316405701422 0.88850999
v -0.222963289522 0.319021605042 0.97867936
v -0.218902123145 0.324163220672 0.97660398
v -0.240110680558 0.308377607337 0.97394946
v -0.241915669088 0.304859671973 0.97657984
v -0.238034943749 0.306302969015 0.97902927
v -0.256536018367 0.291329195814 0.97630233
v -0.32097399326 0.287269995151 0.88954765
v -0.326930397594 0.282128437336 0.89050087
v -0.298862883767 0.313519222967 0.89052501
v -0.311046556345 0.300349513253 0.89156267
v -0.215201896658 0.30431846449 0.99470302
v -0.210238178201 0.304138081267 0.99592167
v -0.212223665584 0.297914050671 0.99666977
v -0.226483074971 0.279602725327 0.99756265
v -0.194715334657 0.301431986035 0.99788845
v -0.215743393217 0.31469188736 0.98911646
v -0.214570150673 0.312797632261 0.99115559
v -0.170528546169 0.309730712769 0.99831074
v -0.222512100205 0.266072191353 0.99856415
v -0.243179161059 0.239823021352 0.99875718
v -0.262853478222 0.209244018038 0.99892613
v -0.0375011805783 0.0982035750297 0.99960181
v 0.0018474537471 0.0868379288038 0.9996742
v -0.00212352101907 0.0275742929067 0.99987933
v 0.0446255662796 -0.00715404486584 0.99995172
v 0.122239899627 0.0320844516264 0.99974662
v 0.348223943257 0.193999612187 0.99817804
v 0.322322415665 0.239011181219 0.99809358
v 0.292630412161 0.265530983869 0.99809358
v 0.258967491705 0.296741386277 0.99806944
v 0.260321233103 0.303596815968 0.99785224
v 0.219528607953 0.326418300032 0.99799705
v -0.165655077138 0.319021605042 0.99797291
v 0.241820158484 0.31631550981 0.99780399
v 0.243805645868 0.320374710473 0.99750233
v 0.253462276688 0.319021605042 0.99708003
v 0.235683197482 0.332912963277 0.99677837
v 0.262757967618 0.320104077824 0.99603027
v 0.248679057084 0.331018708178 0.99562004
v 0.264382457295 0.323080805705 0.99511325
v 0.274039088116 0.316766525682 0.9949564
v 0.292720719402 0.31144452683 0.99126419
v 0.308333812372 0.29980830577 0.99040753
v 0.328188628388 0.270943174333 0.99434105
v 0.339018559569 0.268688094973 0.99040753
v 0.352736414582 0.252812290028 0.99041957
v 0.353909657126 0.2532633059 0.98897165
v 0.366003022463 0.237928708437 0.98873034
v 0.368439756978 0.236575660821 0.98694456
v 0.395424277688 0.274370918086 0.88925809
v 0.409232439943 0.256961682302 0.891985
v 0.411037370658 0.254706545127 0.89089906
v 0.431253242195 0.223496200534 0.89051294
v 0.432967981298 0.21934680826 0.88975278
v 0.39975625016 0.249655178924 0.88616917
v 0.385857896294 0.272747237821 0.88653114
v 0.430982493915 0.217813377421 0.88859445
v 0.426831020296 0.216279888767 0.8873637
v 0.378006196188 0.270672599499 0.88521594
v 0.354721901965 0.298996465637 0.88556588
v 0.351653421464 0.289164308065 0.88438341
v 0.373403533251 0.262554255988 0.88403347
v 0.386399335038 0.252361274156 0.88435927
v 0.352736414582 0.200674716471 0.87673354
v -0.267726947253 0.203922019186 0.87673354
v -0.334240601141 0.23910137283 0.88608471
v -0.32548640677 0.262915080249 0.8869414
v -0.327471894153 0.272296221949 0.88819626
v -0.324674161932 0.280685198109 0.88887197
v -0.252113796468 0.288442659544 0.98315585
v -0.247872073422 0.286909228705 0.98836836
v -0.234966463248 0.303777257006 0.9840849
v -0.268719690945 0.275543582479 0.97847423
v -0.264297469046 0.274100285437 0.98477268
v -0.262672979369 0.273198311508 0.98721004
v -0.330720873507 0.276265231001 0.88999408
v -0.325937711718 0.28303046908 0.8915506
v -0.341731303541 0.262373872766 0.89060947
v -0.333699104582 0.272927678859 0.89104384
v -0.23000274479 0.299267098287 0.99145725
v -0.243540158765 0.276716189057 0.99542698
v -0.229190499951 0.289525132326 0.99549937
v -0.230544241349 0.284383516696 0.996344
v -0.223595035508 0.274370918086 0.9981539
v -0.239749682852 0.270041142589 0.99722481
v -0.247240327437 0.254526161904 0.99798498
v -0.197603316305 0.288713292193 0.99838316
v -0.233432222997 0.298274874931 0.99032307
v -0.246157392134 0.247490291175 0.99854001
v -0.268990439224 0.209785225522 0.99886578
v -0.280903305708 0.190481734638 0.99892613
v -0.276390834382 0.18867767115 0.99896231
v 0.0130383826336 -0.0201433713569 0.99992761
v 0.0598777193588 -0.0537892363476 1
v -0.305360842475 0.121385883354 0.99909505
v -0.319800692901 0.0825081533068 0.99916744
v -0.32575715505 0.0626633971246 0.99920365
v -0.326208402182 -0.0457611422634 0.99927604
v -0.319981249569 -0.0936591897497 0.99931222
v 0.150848910014 -0.0476553973627 0.9996742
v 0.160054351517 0.00845112743062 0.9995777
v 0.388565379089 0.116244267724 0.99814183
v 0.362573602071 0.169193681413 0.9981901
v 0.360768555726 0.183987071392 0.99812976
v 0.333964591684 0.225029631373 0.99806944
v 0.333784092831 0.234140198239 0.99784017
v 0.31627570409 0.25813428888 0.9977316
v 0.308604560652 0.259848160756 0.99793673
v 0.28504951815 0.280955772943 0.99794877
v 0.27575382722 0.301431986035 0.99726102
v 0.260591981382 0.310993510958 0.99735755
v 0.294345151264 0.279963549588 0.99765921
v 0.271060857041 0.311173951996 0.99653706
v 0.284598271017 0.303596815968 0.99613887
v 0.292269414455 0.301071161774 0.99534252
v 0.290464425925 0.307565767205 0.99352056
v 0.30968755377 0.287360244577 0.9948478
v 0.33459633767 0.258675554178 0.99563211
v 0.340191744298 0.256059650558 0.99475127
v 0.31961493287 0.273919902214 0.99582517
v 0.35174367089 0.247309907952 0.99284485
v 0.359144123864 0.233779373978 0.99431691
v 0.365551833145 0.236395277598 0.99040753
v 0.378908632638 0.219617440909 0.98912853
v 0.434863219255 0.217993760644 0.89106798
v 0.439104942301 0.2077105872 0.88989758
v 0.437841392514 0.206898747067 0.88898057
v 0.399124504175 0.240003404574 0.88495049
v 0.388836127368 0.256330225392 0.88505909
v 0.425928526031 0.205094683579 0.88590372
v 0.437390145382 0.198780461371 0.88767743
v 0.395604776541 0.225841471505 0.88345432
v 0.353909657126 0.199051036206 0.87673354
v -0.286408520724 0.174786312915 0.87673354
v -0.346424273719 0.213032586052 0.88571066
v -0.351207493324 0.224578615501 0.88698965
v -0.34200205182 0.243882164199 0.88729131
v -0.345431472212 0.247219716341 0.88813594
v -0.339565317305 0.258946129012 0.88865477
v -0.353012424039 0.24424298846 0.8893908
v -0.331442926735 0.272296221949 0.88907707
v -0.338933571319 0.264177936253 0.889608
v -0.246337890987 0.285105165217 0.99113148
v -0.261680235677 0.269680318329 0.99125212
v -0.282708294238 0.258946129012 0.97851041
v -0.279459314884 0.259036320624 0.98274559
v -0.277473827501 0.256059650558 0.98790985
v -0.347778015117 0.253173114288 0.89015096
v -0.289657500079 0.241807468062 0.98702902
v -0.342543548379 0.260840384112 0.89159888
v -0.357976142496 0.239281756053 0.89052501
v -0.254821279263 0.266613398836 0.99496847
v -0.257438512632 0.26102082515 0.99574068
v -0.246067142707 0.269139110845 0.99650085
v -0.267726947253 0.239011181219 0.99733341
v -0.246157392134 0.26102082515 0.99746615
v -0.259965496574 0.23874054857 0.99808151
v -0.274495596426 0.222052903491 0.99803323
v -0.280271559722 0.203380811703 0.99864861
v -0.286589019577 0.189850277728 0.99870893
v -0.313302792007 0.124452802846 0.99899852
v -0.318808007024 0.111012460483 0.9990347
v -0.0224295841673 -0.0693042170327 0.99985522
v 0.12061540995 -0.0902314459967 0.99973455
v -0.0509483451274 -0.0936591897497 0.99979487
v -0.283610788503 -0.179532877724 0.9993605
v 0.00482568482172 -0.110888042311 0.99981901
v -0.139212052988 -0.327646929476 0.99917951
v -0.084250267877 -0.347040669786 0.99908298
v 0.0339761917673 -0.373019322768 0.99890199
v -0.318176261039 0.0979329423805 0.99910712
v -0.327742642433 0.0882811680311 0.99902266
v -0.334691848274 0.0222522362392 0.99916744
v -0.33117212064 -0.063441010697 0.99921572
v -0.332074614905 -0.0780539596381 0.99911919
v -0.322327734658 -0.108272138691 0.99915537
v -0.309963563227 -0.137858860834 0.99920365
v 0.339559998312 -0.211735503487 0.99835902
v 0.388836127368 -0.109174170435 0.99816597
v 0.408329945678 -0.0234808656835 0.99812976
v 0.399214753601 0.077095962843 0.99814183
v 0.402102735249 0.0862967213204 0.99802119
v 0.395695025967 0.116785475207 0.99797291
v 0.376832953643 0.153137493245 0.99808151
v 0.374576717981 0.169464314063 0.99794877
v 0.367808010993 0.186873549847 0.99782813
v 0.353729158273 0.208522369517 0.99782813
v 0.346509204153 0.226923886472 0.99747819
v 0.315553708678 0.266523207225 0.99733341
v 0.337845259209 0.238379782124 0.99744201
v 0.294796398397 0.287089611928 0.99711621
v 0.297413631765 0.290607547293 0.99642846
v 0.310409549182 0.282128437336 0.99592167
v 0.342177231681 0.248211939696 0.99603027
v 0.352285167449 0.23973282974 0.99528217
v 0.312756034271 0.27527294983 0.99669391
v 0.323134660504 0.264719143737 0.99666977
v 0.382699166366 0.19742735594 0.99476334
v 0.372861978877 0.218083952255 0.99306205
v 0.376110958231 0.220880296913 0.99044371
v 0.390280118192 0.199231419428 0.99011794
v 0.438021891367 0.210867698303 0.89156267
v 0.441902616707 0.202749354793 0.89157474
v 0.441090371869 0.20482405093 0.89087492
v 0.399846499587 0.183265422871 0.98893547
v 0.444610099502 0.19580373349 0.88986138
v 0.446415088032 0.188407038501 0.88900468
v 0.412842417003 0.200584524859 0.88376802
v 0.443617355811 0.18317523126 0.88739991
v 0.441992866134 0.173252882076 0.88616917
v 0.437480394808 0.168111266447 0.88502291
v 0.374125470848 0.164412890044 0.87673354
v 0.359324622717 0.189850277728 0.87673354
v -0.289206252946 0.170005521546 0.87673354
v -0.360683625292 0.201576748215 0.88657942
v -0.352831925186 0.234050006627 0.88796699
v -0.36176661841 0.210597065654 0.88731545
v -0.354907661995 0.238289532698 0.88878751
v -0.360683625292 0.230622262874 0.8891736
v -0.361315371277 0.232967533845 0.88989758
v -0.274585845852 0.254706545127 0.99163824
v -0.289206252946 0.23910137283 0.98999727
v -0.303375355092 0.220429281041 0.98936984
v -0.35761514479 0.239191564442 0.89161095
v -0.363030110381 0.231073278746 0.89156267
v -0.271968670299 0.246227435171 0.99528217
v -0.27982031259 0.235042229983 0.99575275
v -0.265019464458 0.249564987312 0.99630779
v -0.278556820619 0.232336134751 0.99652499
v -0.277383578074 0.227825918216 0.99723688
v -0.294350470257 0.204553476096 0.99723688
v -0.289206252946 0.200584524859 0.99812976
v -0.304638847063 0.174605871877 0.99800912
v -0.31763476448 0.136179215517 0.99847966
v -0.323049672255 0.115161794942 0.99878132
v 0.107709799776 -0.361202602855 0.99876925
v 0.213842894083 -0.327195913604 0.99851587
v 0.294254901838 -0.259723742585 0.99843141
v 0.300030865134 -0.263331869561 0.9983952
v -0.278917818325 -0.200911064745 0.99922776
v -0.253467537866 -0.232572483025 0.9992519
v -0.260416743706 -0.218049725695 0.99928811
v -0.226122077265 -0.255664599737 0.9992519
v -0.302924107959 -0.159146914058 0.99916744
v -0.296245708213 -0.17899167024 0.99913126
v -0.212494413863 -0.27298364391 0.99922776
v -0.1747702114 -0.306719758327 0.9991433
v -0.143905023166 -0.331976704973 0.99905884
v -0.0914702219973 -0.351550828506 0.99905884
v -0.0399379150939 -0.364630346608 0.99897438
v -0.00329676356362 -0.376447008706 0.99881753
v 0.0297344687216 -0.37798049736 0.99875718
v 0.0644804401105 -0.379874752459 0.99860033
v 0.0873134872008 -0.373199705991 0.998721
v -0.0326277115471 -0.370673993982 0.99890199
v -0.33324785745 0.0997370058684 0.99840727
v -0.337399331069 0.077095962843 0.99855208
v -0.335143095406 0.0595062860208 0.9989382
v -0.340197005475 0.02811550039 0.99896231
v -0.337760328775 -0.0178882919971 0.99907091
v -0.335504093112 -0.0367407670087 0.99913126
v -0.339204319599 -0.0526166297696 0.99896231
v -0.338211575907 -0.0803090968132 0.99864861
v -0.328915884977 -0.112241089927 0.9988296
v -0.315829775949 -0.143000476463 0.9989382
v 0.323946905342 -0.244479336734 0.99821424
v 0.338657561862 -0.228603531788 0.99812976
v 0.370154496082 -0.171865550085 0.99817804
v 0.389558064965 -0.12730505474 0.99812976
v 0.40697620428 -0.0457611422634 0.99810565
v 0.412752167577 -0.0569463474515 0.99784017
v 0.414105908974 -0.00444794963398 0.99796084
v 0.412932608615 0.0117886795723 0.99794877
v 0.407337201986 0.0590552701488 0.99796084
v 0.411217869511 0.0672638052709 0.99776778
v 0.407968947972 0.0955876714092 0.99761093
v 0.403727224926 0.107223892469 0.99768332
v 0.398763506469 0.128060929822 0.997623
v 0.394702282276 0.140508991014 0.99759886
v 0.386218836185 0.142042479668 0.99796084
v 0.381164926116 0.169734888897 0.99759886
v 0.361761299417 0.206718306029 0.99744201
v 0.374215720275 0.187775581591 0.9974058
v 0.356165892789 0.216189697156 0.99739373
v 0.329813118065 0.250827843317 0.99724895
v 0.342899227093 0.239913212963 0.99689904
v 0.333964591684 0.251910258284 0.9967663
v 0.348494691536 0.232696959011 0.99694729
v 0.350750927199 0.236305085987 0.9962354
v 0.365281084866 0.217993760644 0.99589756
v 0.385316399735 0.184528278876 0.9961268
v 0.397409765071 0.169644697285 0.99478748
v 0.398131760483 0.171629201811 0.99416006
v 0.37150823748 0.206267347972 0.99621126
v 0.408600693958 0.162338251722 0.99015412
v 0.449122570827 0.187595198368 0.89100763
v 0.40932268937 0.163601107727 0.98871827
v 0.453093545594 0.178484631502 0.89071804
v 0.449934815666 0.184257704042 0.89000615
v 0.453635042153 0.175868727882 0.88990963
v 0.450025065092 0.180829960289 0.88916153
v 0.452642298461 0.163420666689 0.88754469
v 0.381977170954 0.150341148587 0.87673354
v 0.448129827136 0.155302380993 0.88597611
v 0.447949328283 0.139065751787 0.88503498
v 0.431614239901 0.151333429757 0.88334572
v 0.390009312098 0.131669056798 0.87673354
v -0.305090094196 0.140057975142 0.87673354
v -0.377560210233 0.179476912673 0.88730338
v -0.376748023209 0.195533100841 0.88838932
v -0.3771089631 0.200043259561 0.88912535
v -0.382343429837 0.19255637296 0.88959593
v -0.379906695322 0.198870652983 0.89007854
v -0.374581979158 0.209244018038 0.89079046
v -0.288123259828 0.237026676693 0.99166238
v -0.300487373444 0.221421504397 0.99111941
v -0.312400297742 0.205094683579 0.98991281
v -0.312039300036 0.20256897157 0.9915176
v -0.373499043855 0.211769730047 0.89179194
v -0.290469744917 0.220248840004 0.9957045
v -0.294801717389 0.210146049782 0.99647671
v -0.305541341328 0.192646564571 0.99642846
v -0.31014406208 0.17541771201 0.9974058
v -0.323500919387 0.137442071522 0.99796084
v -0.326388901035 0.121205442316 0.99833488
v 0.170613476603 -0.351099812634 0.9985038
v 0.187760809824 -0.339192958925 0.99856415
v 0.197507805701 -0.343342351199 0.99831074
v 0.216099071931 -0.331886513362 0.99833488
v 0.270248612203 -0.293369607576 0.99840727
v 0.327195884697 -0.248628729008 0.99797291
v -0.263485224208 -0.230678227925 0.99907091
v -0.238305692028 -0.252868312894 0.99921572
v -0.30833907355 -0.167716215626 0.99869686
v -0.287672012695 -0.203617159976 0.99878132
v -0.207259947126 -0.287145576979 0.99908298
v -0.147875997932 -0.336577055304 0.99869686
v -0.0972461852935 -0.357414092657 0.99875718
v -0.106902816114 -0.351370445283 0.99885374
v -0.181899916094 -0.310327885303 0.99891406
v -0.0531143313634 -0.369501329589 0.99878132
v -0.0120509001194 -0.378611896455 0.99862447
v 0.00527693195424 -0.386549798928 0.99828663
v 0.00987965270593 -0.378972720715 0.99873307
v 0.0561774928721 -0.382220023431 0.9985038
v 0.0680903593555 -0.384475160606 0.99823835
v 0.092186956232 -0.375995992834 0.99860033
v 0.112312520527 -0.368869930494 0.99860033
v -0.0221588358878 -0.381227800075 0.99838316
v -0.337579829922 0.106772934412 0.99767125
v -0.341370305835 0.0824179616954 0.99796084
v -0.342453298953 0.0610397746746 0.99840727
v -0.341911802394 0.0151261738989 0.99888992
v -0.34290448827 -0.0251045459487 0.99886578
v -0.345160781748 0.0499447032828 0.99833488
v -0.346604772572 0.0245975650256 0.9985038
v -0.344438786336 -0.0530676456415 0.99854001
v -0.337760328775 -0.0997027793082 0.99827456
v -0.332886859744 -0.0990713802135 0.99874514
v -0.345341280601 -0.0610055481144 0.99827456
v -0.334060102288 -0.113233313283 0.9982987
v -0.323591226629 -0.142008253108 0.9982987
v 0.358512377878 -0.205691856114 0.99791259
v 0.372500981171 -0.177638622624 0.99797291
v 0.383240662925 -0.159688121542 0.99790052
v 0.379630685865 -0.155177905007 0.99812976
v 0.393438790305 -0.137768669222 0.99784017
v 0.402373483529 -0.100244044607 0.99796084
v 0.405893211162 -0.0668687544501 0.99803323
v 0.407427451413 -0.101326459573 0.99759886
v 0.416181587969 -0.0670491376728 0.99745408
v 0.418798821337 -0.0384546388853 0.99755061
v 0.416632835101 -0.031328576545 0.99770746
v 0.415188844277 -0.0191511480016 0.99784017
v 0.419611066176 0.00204671361157 0.997623
v 0.417535329366 0.0136829346716 0.99770746
v 0.414286350012 0.0510271760646 0.9977316
v 0.418708629726 0.0494936874108 0.99741787
v 0.410405624672 0.0846730410553 0.99759886
v 0.405080966324 0.117416932117 0.99738169
v 0.411669116644 0.0987447825131 0.99721274
v 0.401019742131 0.13473597629 0.99728516
v 0.396056023673 0.147725302781 0.99726102
v 0.383782159484 0.174966696138 0.99721274
v 0.368981253537 0.197517605367 0.99733341
v 0.369252001817 0.203290620091 0.99695936
v 0.364288341174 0.211138273138 0.99693522
v 0.359144123864 0.217903569032 0.99699557
v 0.386579891706 0.177492408147 0.99663359
v 0.391633801775 0.170727170067 0.99617508
v 0.376742704217 0.194089861614 0.99670598
v 0.398763506469 0.158820316358 0.99574068
v 0.403817416538 0.147725302781 0.99572861
v 0.404088222632 0.15863987532 0.99394286
v 0.415910839689 0.144026926379 0.99046785
v 0.454898534124 0.173884281171 0.89157474
v 0.417535329366 0.143305335673 0.98866999
v 0.460403691325 0.160173363974 0.89063358
v 0.462840425841 0.152866860596 0.89019921
v 0.457245019213 0.163059842428 0.88913742
v 0.459230506596 0.150611781236 0.8881118
v 0.462840425841 0.134555593067 0.88752055
v 0.456613273227 0.14186203863 0.88668799
v 0.457154769786 0.12246829832 0.88565034
v 0.454266788138 0.11308715662 0.88484192
v 0.397770762777 0.11020062035 0.87673354
v -0.310775808065 0.126888265429 0.87673354
v -0.385411910339 0.149439116843 0.88688105
v -0.391909869047 0.150341148587 0.88788253
v -0.38848039084 0.166758218831 0.88830486
v -0.383426422955 0.180108311767 0.88834107
v -0.383516672382 0.186602975013 0.88898057
v -0.388570640266 0.178845455763 0.88959593
v -0.392812305497 0.172170409294 0.8902716
v -0.386585152883 0.18543031062 0.89039227
v -0.391548871341 0.175868727882 0.89088699
v -0.381350686146 0.196705765234 0.89115244
v -0.301841114841 0.203651386537 0.99574068
v -0.324674161932 0.182273199516 0.99027479
v -0.322959480643 0.184167454615 0.99107113
v -0.314295535699 0.18353605552 0.99535459
v -0.386314404604 0.186422533975 0.89147821
v -0.31194905061 0.181371167772 0.99641639
v -0.317273766774 0.172350792517 0.99631986
v -0.320251997848 0.16152641159 0.99677837
v -0.325396157344 0.143305335673 0.99736962
v -0.329547630963 0.131398424148 0.9975144
v 0.177472433018 -0.352092093804 0.99835902
v 0.195161262797 -0.350107589279 0.99794877
v 0.219257801859 -0.34081663919 0.99770746
v 0.23135122501 -0.326384073471 0.99811769
v 0.251206041026 -0.310508268526 0.99823835
v 0.27187310188 -0.303472397797 0.99787638
v 0.29290116044 -0.278666467023 0.99811769
v 0.30427258818 -0.272713011261 0.99790052
v 0.322773662798 -0.261166981812 0.99744201
v 0.333964591684 -0.250613175719 0.99734548
v 0.342177231681 -0.236631683688 0.99756265
v 0.347231199565 -0.225446420684 0.99775571
v -0.264838965605 -0.236361051038 0.99874514
v -0.251752856577 -0.252507488633 0.99870893
v -0.247240327437 -0.249801393401 0.99904677
v -0.223143846191 -0.273705292431 0.99905884
v -0.296516398678 -0.193063411698 0.99852794
v -0.3098733138 -0.174842277966 0.99822628
v -0.295794461081 -0.205691856114 0.99785224
v -0.280181310296 -0.225266037462 0.99820217
v -0.229641747084 -0.273705292431 0.9988296
v -0.211591919598 -0.29075376177 0.99876925
v -0.157983875885 -0.337569336475 0.9980453
v -0.137407064457 -0.351099812634 0.9977316
v -0.131811600014 -0.349836956629 0.99816597
v -0.111686035719 -0.357323901045 0.99834695
v -0.170618795596 -0.320340483913 0.99876925
v -0.187766128816 -0.313755629056 0.99844348
v -0.167550315095 -0.328999977092 0.99828663
v -0.0869577506721 -0.36733644184 0.99825042
v -0.0623197150517 -0.373470280825 0.99837109
v -0.195798327775 -0.306358934067 0.99855208
v -0.0465261232287 -0.379513928199 0.99820217
v 0.00329144457116 -0.391510973519 0.99768332
v 0.0526577652385 -0.38736163906 0.99809358
v -0.027032304919 -0.386188974667 0.99786431
v 0.0744980686372 -0.386459607316 0.99792466
v 0.0869524894948 -0.38474573544 0.99791259
v 0.0781982951239 -0.381137608464 0.99837109
v 0.0987751065516 -0.379964944071 0.99812976
v 0.113846760778 -0.37410167992 0.99827456
v 0.13559681475 -0.369140505328 0.9981901
v 0.154458887074 -0.361743810339 0.99826249
v -0.340558060996 0.108847572734 0.99703175
v -0.34434853691 0.0954974797979 0.9969835
v -0.34200205182 0.0905363052061 0.99761093
v -0.347236518558 0.0650989175224 0.99771953
v -0.347236518558 0.0552667599503 0.99797291
v -0.346875463037 0.00258792109492 0.99854001
v -0.347326710169 -0.00886791674238 0.99849173
v -0.348138955008 -0.0180686752198 0.99837109
v -0.348138955008 -0.0349367035208 0.99828663
v -0.351748989883 0.0347003552469 0.99767125
v -0.34678521361 0.0374064504788 0.9982987
v -0.351297684935 0.00836093581925 0.9980453
v -0.351026994471 -0.00381655053927 0.99811769
v -0.351026994471 -0.0398076865012 0.99784017
v -0.350395248485 -0.0516243485991 0.99774367
v -0.341009308129 -0.0852702714049 0.99822628
v -0.345521721639 -0.0767009120222 0.99787638
v -0.34046781157 -0.11016639379 0.99745408
v -0.329998878095 -0.129289559266 0.99808151
v -0.327742642433 -0.139753115933 0.99787638
v 0.358151380172 -0.21417096607 0.99753854
v 0.368259258125 -0.197844145252 0.99752647
v 0.375479212246 -0.183321387922 0.99759886
v 0.385316399735 -0.166994567105 0.99752647
v 0.398944005322 -0.139482541099 0.99729723
v 0.402102735249 -0.112782297411 0.99776778
v 0.409412938796 -0.11242147315 0.99706796
v 0.415279093704 -0.0926669663944 0.99700764
v 0.41807688374 -0.0736339925297 0.99710417
v 0.420423311014 -0.0506321252438 0.99728516
v 0.424213786928 -0.0395371116671 0.99697143
v 0.422499047824 -0.00995038952421 0.99733341
v 0.41897932019 0.0223424856657 0.99757472
v 0.423762539795 0.0116082385345 0.99720067
v 0.420423311014 0.0592357111867 0.99706796
v 0.418798821337 0.0695188846308 0.9970921
v 0.424755283487 0.0329864833704 0.99689904
v 0.425657777752 0.040202737322 0.99670598
v 0.425026031766 0.0516585751593 0.99663359
v 0.411037370658 0.112726332359 0.99681458
v 0.419340317896 0.0847632326666 0.99651292
v 0.402644231808 0.139155943399 0.99685076
v 0.398944005322 0.147364478521 0.99693522
v 0.381525923822 0.183987071392 0.99685076
v 0.408690943384 0.12986499331 0.99619919
v 0.412571610909 0.128421754082 0.99514946
v 0.411308176753 0.138434294877 0.99430484
v 0.423130793809 0.124903818718 0.98999727
v 0.463562421253 0.151152988719 0.89144203
v 0.458147513478 0.16576593766 0.89114037
v 0.469609132829 0.134194768807 0.89171955
v 0.466540652328 0.143666102118 0.89076632
v 0.464645472186 0.144297559028 0.88931841
v 0.469428633976 0.133292737063 0.88990963
v 0.466450402901 0.133473120286 0.8885341
v 0.469789631682 0.117507123728 0.8882204
v 0.470060379961 0.107494525118 0.88752055
v 0.463923476774 0.113718555715 0.88648289
v 0.467262705555 0.0978427507691 0.88636222
v 0.463020924694 0.0868379288038 0.88524008
v 0.401200240984 0.0978427507691 0.87673354
v -0.312941794301 0.120934867482 0.87673354
v -0.403551987251 0.10596109428 0.88737577
v -0.393714857577 0.159902731325 0.88882369
v -0.408335206855 0.106412110152 0.88812387
v -0.390736568687 0.171358569162 0.88916153
v -0.395158848401 0.163871682561 0.88968039
v -0.398859017072 0.15638479596 0.89041641
v -0.395158848401 0.167389617925 0.89104384
v -0.39181961962 0.174605871877 0.89197293
v -0.33297710917 0.167028793665 0.98911646
v -0.331623367773 0.16603657031 0.9911918
v -0.325305907917 0.16152641159 0.99529424
v -0.326840148168 0.152957052207 0.99617508
v -0.333157608023 0.136179215517 0.99653706
v 0.156715122737 -0.367246250229 0.99785224
v 0.196785752474 -0.358316124401 0.99711621
v 0.186587625094 -0.358316124401 0.99756265
v 0.229455987053 -0.342710894289 0.99695936
v 0.240827414793 -0.326744897732 0.99775571
v 0.260501731956 -0.318536420425 0.99735755
v 0.277378316897 -0.305637285545 0.99738169
v 0.295337894956 -0.290573320732 0.99729723
v 0.292269414455 -0.286423986273 0.99776778
v 0.313387780257 -0.27623100444 0.99701971
v 0.328459376668 -0.261978821945 0.99688697
v 0.345606709888 -0.240059369625 0.99695936
v 0.35923437329 -0.220575437704 0.99706796
v -0.268087944959 -0.240600577109 0.99821424
v -0.257077514926 -0.257378471614 0.99793673
v -0.239839932279 -0.269375516934 0.99847966
v -0.315198029964 -0.174571703132 0.99749026
v -0.307436579285 -0.189545476334 0.99747819
v -0.300667930112 -0.206593887858 0.99688697
v -0.28857450696 -0.220575437704 0.99747819
v -0.284423033341 -0.228242765343 0.99734548
v -0.27142717374 -0.244749969383 0.99745408
v -0.227024513715 -0.283717891041 0.99832281
v -0.210418677054 -0.300856494176 0.99808151
v -0.153742152839 -0.342710894289 0.99770746
v -0.176394701077 -0.324940834244 0.99812976
v -0.172243285273 -0.332337529234 0.99761093
v -0.138580307002 -0.354256981553 0.99715242
v -0.131360352882 -0.356963076785 0.99724895
v -0.121793971487 -0.358586699235 0.99765921
v -0.108978552924 -0.362645899898 0.99790052
v -0.145980759975 -0.349385998573 0.99733341
v -0.0997731692356 -0.364900979258 0.99805737
v -0.190383362185 -0.318806995259 0.99777985
v -0.0638539553023 -0.380235518905 0.99761093
v -0.0572657471675 -0.380776784203 0.99774367
v -0.00717743108815 -0.392864021135 0.99714035
v -0.0027552670046 -0.396111381666 0.99635607
v 0.010601648118 -0.395389733145 0.99675423
v 0.0175508539588 -0.396562397538 0.99653706
v 0.0470623007952 -0.394938717273 0.99699557
v 0.0254024962494 -0.392773829524 0.99742994
v 0.0572604859902 -0.39187179778 0.99746615
v 0.0402936516226 -0.390428558553 0.99771953
v -0.0209855933432 -0.388534303453 0.99763507
v -0.0276640509045 -0.390428558553 0.9970921
v -0.0497751025828 -0.385196751312 0.99729723
v 0.0744980686372 -0.390338309126 0.99741787
v 0.0927283949759 -0.388353862416 0.99733341
v 0.109695287159 -0.38411427853 0.99750233
v 0.100670344508 -0.383392687824 0.99776778
v 0.125488878982 -0.377800056322 0.99770746
v -0.341189806982 0.112996965009 0.99653706
v -0.344167980241 0.101450877745 0.99662152
v -0.350936687229 0.0800726907241 0.99603027
v -0.348590259955 0.0791706589802 0.99681458
v -0.351839239309 0.065008725911 0.99679044
v -0.348770700993 0.0724956125119 0.99716449
v -0.352831925186 0.045885560435 0.99722481
v -0.351387934362 -0.023120099238 0.99799705
v -0.355990655113 0.0216208371445 0.99706796
v -0.353553920598 0.0155771897709 0.99763507
v -0.354997911422 0.00240748005704 0.99744201
v -0.354907661995 -0.0084169008704 0.99747819
v -0.353644170024 -0.0288931139624 0.99756265
v -0.353373421745 -0.050451742021 0.99711621
v -0.349673253073 -0.0637116433462 0.99753854
v -0.346604772572 -0.0852702714049 0.99738169
v -0.333067358597 -0.132807494631 0.9974058
v -0.346334024293 -0.0999734119574 0.99657324
v -0.342724047232 -0.118284737301 0.99611473
v -0.328193889565 -0.147961651055 0.99723688
v 0.369071502964 -0.203887792626 0.99716449
v 0.378186695041 -0.186658940064 0.99720067
v 0.386760332744 -0.170963518341 0.99717656
v 0.401922236396 -0.142910284852 0.99668184
v 0.414196100586 -0.105475851848 0.99666977
v 0.419791565029 -0.0976281409862 0.99595788
v 0.42258929725 -0.0645234834788 0.99673012
v 0.424845532913 -0.0515341569877 0.99663359
v 0.428094454452 -0.0355681604307 0.99636814
v 0.427011519149 -0.00363610950139 0.99683869
v 0.424304036354 -0.0297951457063 0.99701971
v 0.425387029472 0.00547439954951 0.99703175
v 0.425116281193 0.0229738847604 0.99694729
v 0.423491791516 0.0692482519815 0.99639225
v 0.429177505385 0.0117886795723 0.99639225
v 0.429087255959 0.0304607713613 0.99616301
v 0.428636008826 0.0456149856009 0.99596995
v 0.426289523737 0.0596867270587 0.99615094
v 0.416362086822 0.0998272552949 0.99638021
v 0.417986576499 0.108486748474 0.99545112
v 0.423672290369 0.0826885943446 0.99564415
v 0.417986576499 0.119672011477 0.99395493
v 0.428816507679 0.104608046664 0.99029893
v 0.431433683233 0.10045865439 0.98777711
v 0.431523990474 0.105239445759 0.98489335
v 0.428004262841 0.123009505804 0.9813942
v 0.470782375373 0.131127849314 0.89118862
v 0.472587363903 0.124182170197 0.89080253
v 0.477280334081 0.103976589754 0.88969246
v 0.471414121359 0.122378106709 0.88930634
v 0.476107091537 0.101360686134 0.88889608
v 0.475114347845 0.0912578959122 0.88783428
v 0.473580107595 0.0807942814302 0.88691726
v 0.469699382255 0.0686168528868 0.88580719
v 0.465999213584 0.0575218393101 0.88497463
v 0.402914980088 0.0864771045432 0.87673354
v -0.319620251863 0.100368462778 0.87673354
v -0.400303065712 0.089634215647 0.88632601
v -0.409779197679 0.0890930081637 0.88755676
v -0.396963836931 0.152957052207 0.88904089
v -0.414020920725 0.098023191807 0.88866684
v -0.413930671299 0.103615765493 0.88911328
v -0.413569673593 0.109028013772 0.89004236
v -0.40382273553 0.142042479668 0.89082664
v -0.402288553095 0.147544861743 0.89210564
v -0.341550746873 0.147725302781 0.9888148
v -0.340197005475 0.145921181478 0.99124008
v -0.333608855156 0.143215086246 0.99529424
v -0.341280056408 0.123550771102 0.99518567
v 0.137853050413 -0.379062912327 0.99721274
v 0.152653898544 -0.375184152702 0.99710417
v 0.170252478897 -0.369140505328 0.99712828
v 0.182797149181 -0.367246250229 0.9966577
v 0.204005706595 -0.359037772922 0.99641639
v 0.234870952644 -0.343522734422 0.99618715
v 0.258245496293 -0.32854896122 0.99633193
v 0.25265003185 -0.32854896122 0.99683869
v 0.26979736507 -0.317002931771 0.99675423
v 0.290103486034 -0.301036935214 0.99674219
v 0.312846225882 -0.282274593999 0.99641639
v 0.327195884697 -0.268924501062 0.99616301
v 0.343621222505 -0.247456064615 0.99642846
v 0.359414872143 -0.226077877594 0.99651292
v 0.369071502964 -0.210382455871 0.99660945
v -0.245976893281 -0.270999139384 0.99776778
v -0.259424000015 -0.262159205167 0.99701971
v -0.236951950631 -0.281192179032 0.99765921
v -0.313212542581 -0.187200147547 0.99648878
v -0.325305907917 -0.161582376641 0.99651292
v -0.302833858533 -0.209209791478 0.99577689
v -0.292003985168 -0.223371724547 0.99629572
v -0.280452058575 -0.238886705232 0.99647671
v -0.286589019577 -0.231490068058 0.99627161
v -0.272690665711 -0.248538537397 0.99654913
v -0.222873097911 -0.293459857002 0.99774367
v -0.202386478095 -0.31141030027 0.99757472
v -0.159879113842 -0.342440319455 0.99716449
v -0.181629167814 -0.327827312699 0.99732134
v -0.176394701077 -0.33405140111 0.99685076
v -0.129465114925 -0.360751644799 0.99654913
v -0.115927758765 -0.364810787646 0.99705589
v -0.14688325424 -0.351370445283 0.9967663
v -0.101848906045 -0.368509106233 0.99738169
v -0.0906579771587 -0.371846658375 0.99756265
v -0.191195607023 -0.323136770756 0.9969835
v -0.0701714151575 -0.381678815947 0.99693522
v -0.0189098565336 -0.392232622041 0.99693522
v -0.0221588358878 -0.393495478045 0.99636814
v -0.00789942650018 -0.400801981423 0.99378601
v 0.0142116251781 -0.402876619745 0.99365327
v 0.0346079377528 -0.398907668509 0.9957045
v 0.0286514756036 -0.396832972372 0.99646467
v 0.0518455203999 -0.39737423767 0.99630779
v 0.0721515835481 -0.395119100495 0.99652499
v 0.0840645078466 -0.39187179778 0.99692315
v -0.0446308852721 -0.389706910032 0.99635607
v -0.0619587173457 -0.385467326146 0.99644053
v 0.102475333038 -0.387632213894 0.99717656
v 0.116644492999 -0.385377134535 0.99704382
v -0.345612028881 0.108576940085 0.99535459
v -0.348319511676 0.0937836079213 0.99584928
v -0.353012424039 0.0712327565073 0.99599409
v -0.357344396511 0.0431794652031 0.99592167
v -0.352651426333 0.056349174917 0.99691111
v -0.355900405687 0.0338885151143 0.99681458
v -0.358788387335 0.0254094051581 0.99598202
v -0.357073648231 0.0107062067905 0.99688697
v -0.357795643643 -0.00697366164311 0.99674219
v -0.354366165436 -0.0185196910918 0.99750233
v -0.355900405687 -0.0352975277814 0.99689904
v -0.351026994471 -0.0758890718896 0.99671805
v -0.357434645937 -0.0445884778702 0.99606648
v -0.353824668877 -0.0642528508296 0.99640432
v -0.349853751926 -0.0865331274095 0.99641639
v -0.335143095406 -0.137588228185 0.99639225
v -0.349222005941 -0.102589315578 0.99507707
v -0.354817412569 -0.102679507189 0.99224156
v -0.348138955008 -0.122794896021 0.99273625
v -0.340919058702 -0.141737620459 0.99318269
v 0.378006196188 -0.194867475186 0.99660945
v 0.386760332744 -0.17863084598 0.99658531
v 0.396056023673 -0.159507680504 0.99648878
v 0.403005229514 -0.150667746287 0.99588549
v 0.408781192811 -0.136235180569 0.99578896
v 0.410044684782 -0.121712423239 0.9964526
v 0.413474162989 -0.120900640921 0.99583721
v 0.421686802985 -0.105475851848 0.99471509
v 0.427643265135 -0.0785952249366 0.99479955
v 0.426109024884 -0.0729124018237 0.99566829
v 0.427192018002 -0.056585581006 0.99604234
v 0.431162992768 -0.0301559699669 0.99572861
v 0.432516734166 -0.00895810835375 0.99569243
v 0.427823763988 0.0666323483611 0.99541491
v 0.43188498818 0.01810290178 0.9957045
v 0.433419170616 0.0264918201248 0.99500465
v 0.430801937247 0.0586944458882 0.9947392
v 0.422679546677 0.0945954480539 0.995065
v 0.423221043236 0.101360686134 0.99402732
v 0.427192018002 0.0814257383401 0.9944979
v 0.433960667175 0.0824179616954 0.99039546
v 0.436126653411 0.0822375784726 0.98786157
v 0.478182828347 0.103615765493 0.89098352
v 0.480258565156 0.0947758312766 0.890706
v 0.480709754474 0.0900852893341 0.88993376
v 0.480529313436 0.0807040898188 0.88890815
v 0.477551082361 0.0710523154695 0.88753262
v 0.481612306554 0.0489524799274 0.88768947
v 0.476107091537 0.0610397746746 0.88679659
v 0.476558338669 0.0420068008099 0.88636222
v 0.473128860462 0.0255897883809 0.88539696
v 0.403005229514 0.0857555138371 0.87673354
v -0.324493663079 0.0846730410553 0.87673354
v -0.404364232089 0.0730368199952 0.88643461
v -0.325035159638 0.082778785956 0.87673354
v -0.328464637845 0.0690678687588 0.87673354
v -0.412486680475 0.046336576307 0.88700172
v -0.416006408108 0.0599573018928 0.88787049
v -0.423858108214 0.0348807384697 0.88865477
v -0.42602409445 0.0409243858432 0.88943905
v -0.417360149506 0.0933325920493 0.88947526
v -0.416277156388 0.100548846001 0.89005443
v -0.408966952841 0.126527441168 0.89221424
v -0.34768776569 0.128241313045 0.99038339
v -0.346604772572 0.125625409424 0.99191576
v -0.353463671171 0.106772934412 0.99145725
v 0.139387290663 -0.382580847691 0.99653706
v 0.166281504131 -0.373560530252 0.99669391
v 0.186407126241 -0.369591579015 0.9958131
v 0.211225660715 -0.358857331884 0.99542698
v 0.219618799565 -0.352543109676 0.9960182
v 0.232253719275 -0.348303525791 0.99512532
v 0.250032798481 -0.337208512214 0.99530631
v 0.269526616791 -0.322775946496 0.99574068
v 0.285771513562 -0.308974837687 0.99590963
v 0.298225876604 -0.300405478304 0.99553558
v 0.312575477603 -0.286514177885 0.99564415
v 0.328188628388 -0.272081612166 0.99525806
v 0.338116007488 -0.257739238059 0.99586135
v 0.355714645657 -0.234917811811 0.99599409
v 0.36916175239 -0.21516324724 0.99599409
v 0.379089189306 -0.198926618034 0.99595788
v -0.245164648442 -0.276501579275 0.99715242
v -0.263485224208 -0.261708247111 0.99592167
v -0.254821279263 -0.270187357067 0.99633193
v -0.242727913927 -0.281553003293 0.99663359
v -0.228919751672 -0.293550048613 0.99691111
v -0.319620251863 -0.179803452558 0.99534252
v -0.314115036846 -0.197393187195 0.99365327
v -0.329998878095 -0.158515457148 0.99513739
v -0.304277849357 -0.219222390088 0.99232602
v -0.300487373444 -0.216516294856 0.99470302
v -0.317093267921 -0.200820873133 0.99145725
v -0.280452058575 -0.253048696117 0.99221742
v -0.29426022083 -0.236361051038 0.99154171
v -0.275127342411 -0.251154441017 0.99482366
v -0.213938404687 -0.304284237929 0.99726102
v -0.203469529028 -0.314928235634 0.99682665
v -0.163759839181 -0.344154191332 0.99618715
v -0.177297195342 -0.336486863693 0.9960182
v -0.144807517431 -0.355880604003 0.99568036
v -0.118183994427 -0.367065867006 0.99613887
v -0.0992316726766 -0.373560530252 0.99653706
v -0.0813622862289 -0.376898024578 0.99715242
v -0.201845039351 -0.319258011131 0.99598202
v -0.0828062770529 -0.379874752459 0.99627161
v -0.0456236289636 -0.391601165131 0.99547523
v -0.0294690394346 -0.401523572129 0.99174684
v -0.00880192076522 -0.404861124271 0.9915176
v 0.0127676343541 -0.406484746721 0.99154171
v 0.0343371894733 -0.404951315883 0.99285692
v 0.0535602595035 -0.40639455511 0.99201229
v 0.0578019825492 -0.404680683233 0.99277246
v 0.0635779458454 -0.397464429282 0.99595788
v 0.0776567985649 -0.397193796632 0.9955959
v 0.0944431918946 -0.391781606169 0.99656117
v 0.107439051496 -0.390067734292 0.99647671
v -0.0916507208503 -0.380506209369 0.99488401
v -0.0711641588491 -0.389887351069 0.99313444
v 0.118539673141 -0.389436335197 0.99609062
v -0.357434645937 0.0851240569272 0.99230188
v -0.362037366689 0.065910757655 0.99186751
v -0.363120359807 0.0440814969471 0.99290517
v -0.3596908816 0.00394096871085 0.99589756
v -0.365015597764 0.0227033099263 0.9927966
v -0.366008341455 0.00231728844567 0.9927966
v -0.35788589307 -0.0267282262139 0.9964526
v -0.360142128733 -0.0104014053962 0.99572861
v -0.354817412569 -0.0795874482919 0.99485987
v -0.359871380453 -0.0566757726173 0.99409971
v -0.366188840308 -0.0168960108266 0.99292931
v -0.364564350631 -0.040439143411 0.99280864
v -0.358156641349 -0.0823837351352 0.99312237
v -0.336316337951 -0.14408289143 0.99482366
v -0.360412877012 -0.0813013201685 0.99180716
v -0.356351652819 -0.103491347322 0.99104702
v -0.351026994471 -0.121892864277 0.9911918
v -0.341189806982 -0.146698795051 0.99186751
v -0.333699104582 -0.165010120394 0.99192783
v -0.344077730815 -0.143271051297 0.99096256
v 0.389738563818 -0.181066308562 0.99575275
v 0.396597520233 -0.165641519489 0.99588549
v 0.404178472059 -0.155628978694 0.99485987
v 0.413744853453 -0.132536861981 0.99461856
v 0.422047800691 -0.12757568739 0.99066091
v 0.428365260547 -0.108993787212 0.99019033
v 0.433599727284 -0.0871645265042 0.99043164
v 0.433509420042 -0.0824739267465 0.99114352
v 0.428455509973 -0.085089830367 0.99365327
v 0.43757070205 -0.0647940583129 0.99061263
v 0.430892244489 -0.0589308519772 0.99472713
v 0.430711687821 -0.0496399018885 0.99530631
v 0.43368997671 -0.0384546388853 0.99463063
v 0.435404657999 -0.0134683248887 0.99454618
v 0.434682662587 0.00763928729803 0.99482366
v 0.438292697462 0.019004933524 0.99262765
v 0.434953468681 0.0400223540993 0.99366534
v 0.440097628177 0.0393007055781 0.99082983
v 0.438112140794 0.0612201578973 0.99021447
v 0.440007378751 0.0617613653807 0.98734275
v 0.487478519276 0.0581532384049 0.89175573
v 0.484410038775 0.0765547553597 0.8911283
v 0.483056297378 0.0794412338143 0.89012682
v 0.487207713182 0.0499447032828 0.88970453
v 0.484770978666 0.0362337860856 0.88814801
v 0.482966047951 0.0182832850027 0.88703793
v 0.478995073185 0.0131417271883 0.88612092
v 0.474392352433 0.00763928729803 0.88533661
v 0.413654604027 -0.00895810835375 0.87673354
v -0.333879603435 0.0401125457106 0.87673354
v -0.334962596553 0.0334374992424 0.87673354
v -0.411854934489 0.034519914209 0.88671213
v -0.421150567604 0.0267624527741 0.88807559
v -0.420518879433 -0.00174185440212 0.88771361
v -0.425211849612 -0.0010202058809 0.88860649
v -0.428370521724 0.00430179297145 0.88975278
v -0.427738775739 0.0384888654455 0.89019921
v -0.421060318177 0.0769155796203 0.89044052
v -0.418262585956 0.0921599276561 0.89063358
v -0.41672840352 0.0981133834183 0.89179194
v -0.359329883894 0.0867477371924 0.99090222
v -0.354456472678 0.108486748474 0.98922503
v 0.138484796398 -0.385737958795 0.9955959
v 0.165559566534 -0.37734904045 0.99565622
v 0.154278388221 -0.378611896455 0.996344
v 0.181353158357 -0.3776196731 0.99286899
v 0.198861489284 -0.372658440693 0.99178305
v 0.202651965197 -0.366614793319 0.9937498
v 0.217091815622 -0.364179330736 0.99166238
v 0.238751677983 -0.35344514142 0.99116766
v 0.255267265218 -0.343342351199 0.99128833
v 0.273226843278 -0.331525689101 0.9909505
v 0.289020492916 -0.316010708416 0.99256733
v 0.283425028472 -0.315198868283 0.99450997
v 0.30607757671 -0.303833222058 0.99157792
v 0.318351440899 -0.287055385368 0.99352056
v 0.336942822759 -0.274607324175 0.99105906
v 0.350028931787 -0.25846088658 0.99132454
v 0.340101494871 -0.260264950068 0.99453411
v 0.351382673184 -0.243847937639 0.99530631
v 0.321961417959 -0.290212496472 0.99111941
v 0.364468782212 -0.225356229073 0.99545112
v 0.376110958231 -0.207946935473 0.99535459
v -0.266734203562 -0.269826532806 0.99214503
v -0.251843048189 -0.284800306008 0.99263972
v -0.235056712674 -0.291024336604 0.99613887
v -0.2177288806 -0.306178493029 0.99609062
v -0.218721624292 -0.302209599607 0.9968749
v -0.325125409064 -0.182509605605 0.99213296
v -0.30626333674 -0.219402773311 0.9907333
v -0.335684591965 -0.164017897039 0.99090222
v -0.326930397594 -0.183050813088 0.99038339
v -0.378643203351 -0.215433822074 0.89296234
v -0.370159815075 -0.231760642892 0.89292616
v -0.279730063163 -0.255664599737 0.99121594
v -0.349131756514 -0.265316374086 0.89256415
v -0.343265543792 -0.273795484043 0.89243144
v -0.329908628669 -0.291745985125 0.8928296
v -0.281444802267 -0.25620580722 0.98916471
v -0.167730813948 -0.35019778089 0.992688
v -0.150854229007 -0.360932028021 0.99212089
v -0.186051389713 -0.340726447579 0.9920485
v -0.132082348294 -0.36535199513 0.99425659
v -0.111595786292 -0.372117233209 0.99516153
v -0.219263120851 -0.314116453317 0.99301377
v -0.203469529028 -0.327376354642 0.99243462
v -0.0503165991418 -0.398005636765 0.9916141
v -0.0323569632676 -0.402425603873 0.99021447
v -0.00356751184313 -0.466921104827 0.89208153
v 0.0123163872215 -0.407837794337 0.98963529
v -0.027934799184 -0.464305201206 0.89215392
v -0.0225198335938 -0.464395392818 0.89307094
v 0.0332541963553 -0.407567219503 0.9910832
v 0.0551847491806 -0.408018235375 0.99061263
v 0.0768445537263 -0.40413947575 0.9922536
v 0.0970603674481 -0.39962931703 0.99320683
v 0.103287577877 -0.39412687714 0.99531838
v -0.110693292027 -0.378882471289 0.99200022
v -0.0896652334672 -0.386639990539 0.99195197
v -0.07062266229 -0.393675861268 0.99081776
v 0.116463994146 -0.395119100495 0.99360502
v 0.117546929449 -0.397554620893 0.99235013
v 0.139658038943 -0.391691356742 0.99276039
v -0.364022854072 0.0658205082285 0.98974389
v -0.365918092029 0.0446227044304 0.99105906
v -0.368264577118 0.0239661081157 0.99052817
v -0.368445018156 0.000783857607007 0.99113148
v -0.367993828838 -0.0190608985751 0.99148139
v -0.366730336867 -0.0411607919323 0.99097461
v -0.363481357513 -0.0619075798583 0.9916141
v -0.361586119557 -0.083015192045 0.99021447
v -0.365557094323 -0.0626291705644 0.98924917
v -0.356893149378 -0.104934586549 0.98981628
v -0.350936687229 -0.124779342731 0.9902024
v -0.408064458576 -0.144443715691 0.89200914
v -0.39994201019 -0.166904375493 0.89226252
v -0.394978349548 -0.178811229203 0.89292616
v -0.39001463109 -0.192973220087 0.89214185
v 0.391363053495 -0.185396084059 0.99437723
v 0.406524899333 -0.166543551233 0.99137279
v 0.410315375246 -0.145977204344 0.99389458
v 0.422950294956 -0.128477719134 0.98957497
v 0.415730340836 -0.148051842666 0.99002141
v 0.430440997356 -0.107640681781 0.98793399
v 0.434953468681 -0.0875253507648 0.98839247
v 0.439104942301 -0.0653352657963 0.98885101
v 0.440819623589 -0.0428746059937 0.99055231
v 0.438112140794 -0.0237514983328 0.99276039
v 0.442895360399 -0.00147122175288 0.99052817
v 0.438653637353 -0.0025536945347 0.99280864
v 0.442263614413 0.0189147419126 0.99032307
v 0.441541619001 0.040653753194 0.98924917
v 0.443707605237 0.0409243858432 0.98573798
v 0.489463948844 0.045885560435 0.89153856
v 0.488741953432 0.0510271760646 0.89075425
v 0.490637191389 0.0308215956219 0.89033195
v 0.48801995802 0.032896291759 0.88913742
v 0.486215027305 0.013322110411 0.88799113
v 0.489463948844 -0.0148213725046 0.88879955
v 0.483868484401 -0.0147311808932 0.88714653
v 0.482785549098 0.00457236780556 0.8869414
v 0.47989756745 -0.0084169008704 0.88625363
v 0.471504370785 -0.00291451879531 0.88489017
v 0.414196100586 -0.0174372761251 0.87673354
v -0.335504093112 0.0273938518688 0.87673354
v -0.411854934489 0.013773126283 0.88647082
v -0.417089343411 0.0123298870557 0.88721892
v -0.421331124272 -0.020413946191 0.88781014
v -0.416457655241 -0.0290734971851 0.88691726
v -0.423136054987 -0.0359289846913 0.8881118
v -0.426294784914 -0.0324110493268 0.88889608
v -0.427016780326 -0.00345572627866 0.88922188
v -0.428190022871 -0.0352073361701 0.88987345
v -0.429092517136 0.00556464897602 0.89087492
v -0.427468027459 0.040202737322 0.89122483
v -0.422684865669 0.0690678687588 0.89141789
v -0.41853339205 0.0862967213204 0.89278135
v 0.15870061012 -0.38636935789 0.99239841
v 0.17999941696 -0.380866975815 0.9915176
v 0.199854232975 -0.374282120958 0.98997313
v 0.219077303006 -0.365261803518 0.98999727
v 0.238390622462 -0.355159013297 0.98921299
v 0.255447764071 -0.345056223076 0.9894543
v 0.298767373163 -0.380776784203 0.89296234
v 0.309868052623 -0.372748632304 0.89314333
v 0.290464425925 -0.318987378482 0.99038339
v 0.308424061799 -0.303652838835 0.99047992
v 0.324668900754 -0.289220273116 0.98940605
v 0.3388380029 -0.274968148436 0.98887512
v 0.353007162861 -0.257107838964 0.98975596
v 0.364198091748 -0.241773241502 0.99041957
v 0.361219860673 -0.240690826535 0.99233806
v 0.376471955937 -0.222108926358 0.99132454
v 0.386579891706 -0.205691856114 0.99131247
v 0.385226150308 -0.195589065892 0.99453411
v -0.267456198974 -0.271269772034 0.9906247
v -0.251211302203 -0.288047608723 0.99117973
v -0.236139705792 -0.300766302565 0.99244666
v -0.358607888482 -0.251605456889 0.89197293
v -0.385411910339 -0.201993537526 0.89274514
v -0.376748023209 -0.21967340596 0.89234698
v -0.36988900898 -0.232752924062 0.89161095
v -0.347416959596 -0.266939996536 0.89085078
v -0.337128582789 -0.281282370644 0.89086285
v -0.331262370067 -0.290212496472 0.89199707
v -0.320612995554 -0.303021381925 0.89234698
v -0.153832402266 -0.361292852282 0.98970768
v -0.130277359764 -0.371395584688 0.99168652
v -0.17025779789 -0.351641077932 0.99096256
v -0.18921011964 -0.342440319455 0.98694456
v -0.220165615116 -0.392232622041 0.89217806
v -0.204913462037 -0.329360801353 0.99017826
v -0.221790104793 -0.315289059895 0.99134865
v -0.0558217563434 -0.459163585577 0.89286581
v -0.0477896151997 -0.461148032287 0.89241937
v -0.000138033635988 -0.466109206879 0.89066979
v 0.0257634939555 -0.467191679661 0.89106798
v 0.0352396837384 -0.467372062883 0.89205739
v 0.0342469400468 -0.408830075508 0.98936984
v -0.0203538473577 -0.464665967652 0.89138168
v -0.0361474391807 -0.462681520941 0.89147821
v 0.0603289664913 -0.467101488049 0.8922987
v 0.0701660961651 -0.466740663789 0.8920936
v 0.0818985216106 -0.465748440433 0.89211771
v 0.0756713111818 -0.405853347626 0.99070916
v 0.0981433605661 -0.403147194579 0.99105906
v -0.111595786292 -0.380686592592 0.98975596
v -0.0921922174093 -0.387451830672 0.98982835
v -0.117281500162 -0.443287780631 0.89208153
v -0.106451568982 -0.445903684251 0.89316747
v -0.0993219221031 -0.448519530057 0.89238316
v 0.118900670847 -0.39962931703 0.99074537
v 0.13740180328 -0.394668142438 0.99103495
v 0.159873852664 -0.389346143586 0.99003348
v -0.369528069089 0.00231728844567 0.98980421
v -0.428280272298 0.00727846303742 0.89249176
v -0.368174327691 -0.0416118078042 0.98899579
v -0.428551020577 -0.0340346717769 0.89118862
v -0.427107029753 -0.0446787272967 0.89267275
v -0.424580103626 -0.0761597045389 0.89136961
v -0.419526135742 -0.101957916483 0.89204532
v -0.415645352587 -0.116751248647 0.89249176
v -0.414381860616 -0.122253688537 0.89103177
v -0.40770346087 -0.145255555823 0.89064565
v -0.400754255029 -0.165551327877 0.89057326
v -0.397234527395 -0.174661894743 0.89171955
v -0.395339289439 -0.17899167024 0.89053708
v -0.386855901163 -0.199287442295 0.89156267
v 0.396507270806 -0.187380588585 0.99133658
v 0.407517700839 -0.168708438981 0.98955083
v 0.398402508763 -0.187109955936 0.9898766
v 0.468977386843 -0.148863682799 0.89202118
v 0.472767862756 -0.137227461739 0.89203325
v 0.456884021507 -0.181336941212 0.89184019
v 0.475565594978 -0.12757568739 0.89206946
v 0.480529313436 -0.110888042311 0.89185226
v 0.483958733828 -0.091223669352 0.89164713
v 0.487478519276 -0.0688532011607 0.89161095
v 0.489644505513 -0.0533382204756 0.89197293
v 0.44208311556 -0.0460317749126 0.98794603
v 0.444519850076 -0.0248339132994 0.98676357
v 0.442534362693 -0.0243828974275 0.99019033
v 0.443978353517 -0.00174185440212 0.98933363
v 0.443436856958 0.0195461410073 0.98877859
v 0.447407831724 0.0191853167467 0.98151487
v 0.491720184507 0.0247779482483 0.89159888
v 0.490727440815 0.034970930081 0.89147821
v 0.491178687948 0.0216208371445 0.89030781
v 0.488290764115 -0.0423333985103 0.88900468
v 0.484229539922 -0.0357485436534 0.8875809
v 0.492081182213 -0.0198727387077 0.89005443
v 0.491449436227 -0.0357485436534 0.8901751
v 0.479536569744 -0.0280812738298 0.88644668
v 0.47421185358 -0.0165352443811 0.88543314
v 0.414015659548 -0.0190608985751 0.87673354
v 0.473850855874 -0.0360191763026 0.88567448
v -0.336406587377 0.0147653496383 0.87673354
v -0.414562417284 -0.0066128373825 0.8867242
v -0.411584186209 -0.0497300934998 0.88648289
v -0.418172394344 -0.0497300934998 0.88746023
v -0.336316337951 -0.0120250278462 0.87673354
v -0.335865090818 -0.0292538804078 0.87673354
v -0.41880414033 -0.0723711365252 0.88807559
v -0.421782313589 -0.0748066569229 0.88888401
v -0.423226362228 -0.0772421195056 0.88954765
v -0.424941043517 -0.0702964982032 0.89001822
v 0.177201684738 -0.383302496212 0.9896715
v 0.183248396314 -0.380957167426 0.98976803
v 0.220792042109 -0.427592358908 0.89256415
v 0.227380250244 -0.423984231932 0.89281756
v 0.233336712393 -0.421007561866 0.8925159
v 0.250484045614 -0.410273314735 0.89319161
v 0.301113858252 -0.379153103938 0.89221424
v 0.311221736205 -0.372117233209 0.89231077
v 0.258967491705 -0.405312082328 0.89249176
v 0.304994583592 -0.307080582588 0.98994902
v 0.335137776414 -0.351009621023 0.8924073
v 0.351292423758 -0.335494640338 0.8926245
v 0.369342251244 -0.316461724288 0.89288995
v 0.38594814572 -0.299232871726 0.8921901
v 0.392355855002 -0.291475352476 0.89200914
v 0.376832953643 -0.224273756291 0.98993695
v 0.406524899333 -0.272622819649 0.89215392
v 0.418708629726 -0.255935174571 0.89250383
v 0.390370309804 -0.201813154304 0.98975596
v -0.252474794174 -0.289400714154 0.98840454
v -0.308700071256 -0.315379251506 0.89299855
v -0.301480117135 -0.324850642633 0.89120069
v -0.23749344719 -0.303743030446 0.989032
v -0.236590952925 -0.302660615479 0.99110734
v -0.353734477266 -0.256386190443 0.89028367
v -0.369437819662 -0.228423148565 0.89009061
v -0.387938894281 -0.195228241632 0.89035606
v -0.340558060996 -0.275058340047 0.89004236
v -0.321515489819 -0.300946743603 0.89074218
v -0.303826602224 -0.321873914752 0.89039227
v -0.151305476139 -0.36345774003 0.98845282
v -0.16818206108 -0.421458519923 0.89299855
v -0.132082348294 -0.372568249081 0.98888719
v -0.187044133404 -0.411085154867 0.89313126
v -0.225580522891 -0.388173479193 0.89280549
v -0.185780641433 -0.412077378223 0.8925159
v -0.234966463248 -0.382310215042 0.89203325
v -0.225941520597 -0.388173479193 0.89118862
v -0.218360626586 -0.392954212747 0.89106798
v -0.200671738991 -0.403327635617 0.89139375
v -0.248864817114 -0.371666217337 0.89250383
v -0.240561927691 -0.37798049736 0.8926245
v -0.261228988545 -0.361473235505 0.89308301
v -0.0724276508201 -0.45519463434 0.89247969
v -0.0791061083814 -0.453661203501 0.89175573
v -0.0522118370984 -0.459794984671 0.89151442
v -0.0027552670046 -0.46295215359 0.88951147
v 0.0236877571459 -0.465838632045 0.89023542
v -0.0309129724435 -0.46195987242 0.89047673
v 0.0458890582507 -0.467281871272 0.89105591
v 0.0509430261349 -0.467281871272 0.89181608
v -0.0460748760961 -0.460155808932 0.89103177
v 0.0621339550214 -0.467011296438 0.89111623
v 0.144080203026 -0.454292602596 0.89246762
v 0.0981433605661 -0.404049284139 0.98961115
v 0.0846060044057 -0.464665967652 0.8910197
v 0.12296189504 -0.458081112795 0.8915506
v -0.155998388502 -0.427141343036 0.89280549
v -0.137136316178 -0.434808670675 0.89331225
v -0.125494197974 -0.440491435972 0.8915506
v -0.117281500162 -0.442746573147 0.89086285
v 0.155993127325 -0.451676698976 0.89217806
v 0.164476573416 -0.448429338445 0.89257622
v 0.189926853875 -0.439589404229 0.89217806
v -0.423587302119 -0.0805796716473 0.89033195
v -0.419255387462 -0.103220714673 0.89099556
v -0.416908902373 -0.112511722577 0.89130929
v -0.411764685062 -0.129740575138 0.89042848
v -0.418443084809 -0.102950139839 0.89000615
v -0.408515705708 -0.13957273271 0.89003029
v -0.400303065712 -0.165280695228 0.88969246
v -0.391729370194 -0.186207924192 0.88993376
v 0.446956584591 -0.204429000109 0.89225045
v 0.448310325989 -0.20226411236 0.8915506
v 0.387933633103 -0.208037127085 0.98812705
v 0.433780226137 -0.230768419537 0.89191258
v 0.466630959569 -0.154636697523 0.89115244
v 0.474663100713 -0.130913181716 0.8912369
v 0.456162026095 -0.181878148695 0.89080253
v 0.480619505047 -0.107099474298 0.89022335
v 0.482785549098 -0.0984399811187 0.89083871
v 0.489373699418 -0.0588406603659 0.89085078
v 0.491449436227 -0.0391762874065 0.89116451
v 0.491810433933 -0.0288028645359 0.89158681
v 0.492351930492 -0.0185196910918 0.89136961
v 0.492712928199 -0.000930014269532 0.89156267
v 0.492081182213 0.0153968065481 0.89133343
v 0.492171431639 0.00421160136009 0.89066979
v 0.49190068336 -0.00922874100299 0.89015096
v 0.488110207447 -0.0564953315795 0.889608
v 0.482785549098 -0.0721005616911 0.88857031
v 0.482244052539 -0.0566757726173 0.88777396
v 0.478995073185 -0.0476553973627 0.88678452
v 0.492532429346 -0.0145507398553 0.89077839
v 0.492261738881 -0.0242025142047 0.89077839
v 0.412752167577 -0.0269086094366 0.87673354
v 0.473580107595 -0.0636214517349 0.88631397
v -0.412576929901 -0.0767911036336 0.88712239
v -0.334330850568 -0.0444080946475 0.87673354
v -0.331894116052 -0.0680414188433 0.87673354
v -0.417721089397 -0.0837367827511 0.88826865
v -0.415735602014 -0.104573820104 0.88905296
v -0.418172394344 -0.0946514131051 0.88912535
v 0.223048277772 -0.42641975233 0.89188847
v 0.232524467555 -0.420285913345 0.89138168
v 0.255086766365 -0.40675537937 0.89157474
v 0.279634552559 -0.392413005263 0.8921901
v 0.297955128324 -0.379874752459 0.89114037
v 0.309055807784 -0.37310951438 0.89146614
v 0.329722868639 -0.354617747998 0.89122483
v 0.336942822759 -0.347581935085 0.89063358
v 0.34993868236 -0.335404448726 0.89063358
v 0.375930459378 -0.309967061042 0.89116451
v 0.38441390547 -0.300315286693 0.89097145
v 0.41175936607 -0.265767389958 0.8918764
v 0.399124504175 -0.281913769738 0.89104384
v 0.42258929725 -0.248358096359 0.89057326
v 0.424394285781 -0.246644224482 0.89185226
v -0.286137772445 -0.340275431707 0.89146614
v -0.292274733447 -0.333870960072 0.89088699
v -0.278737319472 -0.346589653914 0.89214185
v -0.267275700121 -0.356602252524 0.89257622
v -0.359149385041 -0.242314448985 0.88936666
v -0.346424273719 -0.259543301547 0.88866684
v -0.385141162059 -0.196310714413 0.88947526
v -0.337940827628 -0.274066058877 0.88907707
v -0.324313222041 -0.292557825258 0.88931841
v -0.300938678392 -0.322956387534 0.88952351
v -0.293808973698 -0.331615880712 0.89005443
v -0.173958024376 -0.418481849857 0.89252797
v -0.160601109254 -0.424886263676 0.891985
v -0.248413627797 -0.37247805747 0.89157474
v -0.25130155163 -0.369952345461 0.89064565
v -0.216375139203 -0.392322813652 0.88989758
v -0.236590952925 -0.380235518905 0.89077839
v -0.209064935656 -0.397735004116 0.89045259
v -0.197693507917 -0.403959034712 0.89035606
v -0.257980009191 -0.364900979258 0.89115244
v -0.0812720368024 -0.451225683104 0.89057326
v -0.00365776126964 -0.458171362221 0.88844964
v 0.0139408768986 -0.461599105974 0.88906503
v 0.0441743769622 -0.46259132933 0.88912535
v 0.0337054434878 -0.464305201206 0.88965625
v -0.0332594575326 -0.458171362221 0.88931841
v 0.0467915525157 -0.466019015268 0.89031988
v -0.0533850218278 -0.456186915511 0.89005443
v 0.0628559504334 -0.46457577604 0.89003029
v 0.0712490892831 -0.465477807784 0.89063358
v 0.140650724819 -0.454653369042 0.89169541
v 0.152022152559 -0.452217906459 0.89139375
v 0.0857792469502 -0.462861904164 0.89010268
v 0.126481622673 -0.455916225046 0.89028367
v 0.136499309015 -0.454924059506 0.89109212
v -0.14354402546 -0.432463399703 0.8927331
v -0.12766018421 -0.439138388357 0.8905974
v -0.114844765647 -0.441393525532 0.88970453
v 0.16438632399 -0.447527364517 0.89089906
v 0.186136377962 -0.440040477916 0.8914541
v -0.408425456282 -0.134882132953 0.88941494
v -0.398227328902 -0.166272976399 0.88895643
v -0.394617294027 -0.176826782492 0.88929427
v 0.441631926243 -0.215253438852 0.89122483
v 0.447588330577 -0.201632713266 0.89042848
v 0.428094454452 -0.240330002275 0.8913455
v 0.431523990474 -0.233745147418 0.89058533
v 0.465999213584 -0.150487363064 0.88971657
v 0.470692125947 -0.137678477611 0.88993376
v 0.453364293873 -0.183862653221 0.88953558
v 0.480980560568 -0.0952828700149 0.88929427
v 0.486666216623 -0.0647038667016 0.88957179
v 0.475294846698 -0.116661057036 0.88900468
v 0.474933848992 -0.106107250942 0.88813594
v 0.479265763649 -0.0794972566806 0.88801527
v 0.476829086949 -0.0723711365252 0.88713446
v 0.412210671018 -0.0288028645359 0.87673354
v 0.469789631682 -0.0797678315147 0.88619331
v 0.466089405195 -0.104664011715 0.88638636
v 0.452822797314 -0.138580509355 0.88592786
v 0.474302103007 -0.0892392226413 0.88724303
v -0.407071714884 -0.0969966840763 0.88696551
v -0.331081871213 -0.0722809449138 0.87673354
v -0.41338917474 -0.100875443701 0.88823247
v 0.223589774331 -0.423082200188 0.8904888
v 0.188573112477 -0.437424574295 0.8904888
v 0.235502698629 -0.41640715372 0.8903802
v 0.286313010121 -0.3851065597 0.89022335
v 0.30761181696 -0.371576025726 0.89028367
v 0.338657561862 -0.340906830801 0.88900468
v 0.358512377878 -0.325572291154 0.89009061
v 0.375749960525 -0.307441349033 0.88990963
v 0.388294572994 -0.294001064485 0.89030781
v 0.406524899333 -0.271179580422 0.89036813
v 0.426199274311 -0.238074922915 0.88937873
v 0.41564009141 -0.257468663225 0.89001822
v -0.287220765563 -0.338020352347 0.88984931
v -0.386494903457 -0.187831604457 0.88854617
v -0.368806073677 -0.220485246093 0.88872716
v -0.353283172318 -0.241141842407 0.88791874
v -0.337399331069 -0.261617997684 0.88730338
v -0.329547630963 -0.278937099672 0.88809973
v -0.360322627586 -0.229776196181 0.88799113
v -0.307978075844 -0.309335661948 0.88861856
v -0.295794461081 -0.31979927643 0.88788253
v -0.293357726565 -0.327827312699 0.88881162
v -0.290018497785 -0.332968928328 0.88907707
v -0.168001562227 -0.420827063013 0.89173162
v -0.250218558512 -0.369501329589 0.89003029
v -0.261138739118 -0.361473235505 0.8903802
v -0.256897016073 -0.363998889699 0.88971657
v -0.22341459447 -0.38673018215 0.88955972
v -0.206718450567 -0.391781606169 0.88801527
v -0.20058154738 -0.399719508642 0.88919774
v -0.127479685357 -0.436793117385 0.88955972
v -0.00428950725516 -0.451406124142 0.88738784
v 0.00942840557341 -0.453480762464 0.8875809
v 0.0225145146013 -0.453570954075 0.88748437
v 0.0280197296181 -0.458171362221 0.88818419
v -0.030822723017 -0.453480762464 0.88824451
v 0.0401131527696 -0.456908506217 0.88794288
v 0.0595167216527 -0.459524409837 0.88867891
v 0.0771153020059 -0.461418664936 0.88937873
v -0.117101001309 -0.437153941646 0.88878751
v -0.0832575241854 -0.44256613211 0.88836518
v -0.0474286174937 -0.447978380388 0.88785842
v 0.157166369869 -0.446895907607 0.88971657
v 0.149856166323 -0.450774667232 0.89050087
v 0.0907429654079 -0.458081112795 0.88893229
v 0.0922771478434 -0.46006561732 0.88957179
v 0.125579128408 -0.452398347497 0.88922188
v 0.140650724819 -0.450864858843 0.88970453
v -0.394527102415 -0.16410808865 0.88793081
v -0.393173361018 -0.175293293838 0.8886427
v 0.43820239022 -0.220214613443 0.89033195
v 0.441000180257 -0.206684079469 0.88888401
v 0.447046834018 -0.196761730285 0.8893908
v 0.431975237607 -0.228062324305 0.88945112
v 0.465908964157 -0.144624156729 0.88893229
v 0.45977194534 -0.160499961674 0.88872716
v 0.44749808115 -0.187019764325 0.88820833
v 0.468977386843 -0.13019159101 0.88836518
v 0.46879688799 -0.116570865424 0.88735163
v 0.37511821454 -0.157342792755 0.87673354
v 0.461306243405 -0.125500991252 0.88655528
v 0.447046834018 -0.163206056906 0.88632601
v 0.372500981171 -0.165100312005 0.87673354
v -0.396332090945 -0.113864770192 0.88613296
v -0.386855901163 -0.141737620459 0.88583133
v -0.391729370194 -0.152471809775 0.88691726
v -0.328915884977 -0.0824739267465 0.87673354
v -0.323771667667 -0.105115027587 0.87673354
v 0.230809728451 -0.41352061745 0.88876337
v 0.188663361904 -0.433365373632 0.88930634
v 0.203373960609 -0.427231592462 0.88930634
v 0.261765223927 -0.395479924756 0.88877544
v 0.295157396103 -0.373019322768 0.88844964
v 0.313477971868 -0.360571203761 0.88867891
v 0.326293390431 -0.350288030317 0.88871509
v 0.348765439816 -0.322234739012 0.88749644
v 0.362302853791 -0.31240258144 0.8880032
v 0.358061130746 -0.322956387534 0.88923395
v 0.379269688159 -0.296616968106 0.88836518
v 0.392085048907 -0.283988465875 0.88894436
v 0.407337201986 -0.267300820797 0.88947526
v 0.430711687821 -0.221748102097 0.88823247
v 0.417986576499 -0.247185489781 0.88861856
v -0.389743882811 -0.172497006995 0.88768947
v -0.363030110381 -0.214622039757 0.88704997
v -0.352831925186 -0.230407595276 0.88679659
v -0.333518605729 -0.253048696117 0.88602439
v -0.320883743834 -0.270097165455 0.88593993
v -0.317544515053 -0.28813785815 0.88729131
v -0.305902339034 -0.304374429541 0.88741198
v -0.283520539076 -0.323587786628 0.88666388
v -0.283881536782 -0.334772991816 0.88824451
v -0.255001778116 -0.363367490604 0.88912535
v -0.236951950631 -0.374191929346 0.8887513
v -0.199588803688 -0.39187179778 0.88724303
v -0.1822609138 -0.402696236523 0.88762915
v -0.214570150673 -0.383933895307 0.88744816
v -0.132623844853 -0.429396422396 0.88849792
v -0.00311626471061 -0.373831105086 0.87673354
v 0.0179118516648 -0.375905801223 0.87673354
v -0.0358766909012 -0.444640828247 0.88696551
v 0.0301857158542 -0.376537200318 0.87673354
v 0.0462500559567 -0.376807832967 0.87673354
v 0.0740468215047 -0.376266625484 0.87673354
v 0.0494990353108 -0.452037523236 0.88731545
v 0.0734150755192 -0.453661203501 0.88784635
v -0.122786715179 -0.427592358908 0.88739991
v -0.108166308085 -0.42840419904 0.88685694
v -0.0995024209561 -0.435891085641 0.88774982
v -0.0675541817889 -0.439769845266 0.88720685
v 0.137221304427 -0.448068572 0.88881162
v 0.156715122737 -0.442385748887 0.88869098
v 0.0920967068055 -0.449782386061 0.88759297
v 0.105182815833 -0.451135491492 0.88820833
v 0.455710721147 -0.162935424257 0.88788253
v 0.439556131618 -0.196671538674 0.88749644
v 0.440097628177 -0.188463003552 0.88684487
v 0.44930306968 -0.171324342602 0.88723099
v 0.459320756022 -0.143992699819 0.88724303
v 0.436758399396 -0.176105133971 0.88565034
v 0.367988567661 -0.172587198606 0.87673354
v 0.428004262841 -0.19477722576 0.88560206
v 0.415188844277 -0.216335911633 0.88545728
v 0.419881814455 -0.222740325452 0.88647082
v 0.408239696252 -0.23455698755 0.88592786
v -0.37918469991 -0.167626024015 0.88593993
v -0.311046556345 -0.145886954918 0.87673354
v 0.23523195035 -0.401072556257 0.88730338
v 0.26826312482 -0.389075510937 0.88829279
v 0.208698676773 -0.422360609482 0.88872716
v 0.203283711182 -0.418391658246 0.88766536
v 0.208608427346 -0.411806745574 0.88707411
v 0.176208941046 -0.4306592784 0.88790667
v 0.291005922484 -0.36733644184 0.88720685
v 0.308965558358 -0.352813684511 0.88701379
v 0.328549626094 -0.339283208351 0.88730338
v 0.354541403112 -0.308523821815 0.88642254
v 0.379450187012 -0.285792529363 0.88697758
v 0.394431591812 -0.271991420555 0.8875809
v 0.408239696252 -0.258280503358 0.88814801
v 0.431343433806 -0.209570615739 0.88714653
v 0.423040544383 -0.22905454766 0.88752055
v 0.413203356894 -0.241592858279 0.88711032
v -0.373950290988 -0.186388307415 0.88643461
v -0.345702278307 -0.234827562384 0.88619331
v -0.293718724271 -0.17863084598 0.87673354
v -0.285145028753 -0.192341763177 0.87673354
v -0.271878363057 -0.212817918454 0.87673354
v -0.309602565521 -0.280199897862 0.88555381
v -0.305541341328 -0.291475352476 0.88606057
v -0.293989472551 -0.307170774199 0.88616917
v -0.279008067751 -0.319709027003 0.88579512
v -0.270344180622 -0.335584831949 0.88659149
v -0.266914702415 -0.343252159588 0.88733956
v -0.255904272381 -0.358225932789 0.88829279
v -0.230183243643 -0.371576025726 0.88719478
v -0.204281716051 -0.38474573544 0.88648289
v -0.188307625375 -0.394217068751 0.88656735
v -0.0406599105059 -0.367065867006 0.87673354
v -0.085694258701 -0.433816447319 0.88691726
v -0.0696299185985 -0.429937687694 0.88593993
v 0.0893892240104 -0.373921296697 0.87673354
v -0.150583480727 -0.405943539238 0.88601232
v -0.132262847147 -0.411716553962 0.88579512
v -0.115386262206 -0.420105472307 0.8860485
v -0.167369816242 -0.402245220651 0.88644668
v -0.0947192013514 -0.425427471159 0.88606057
v -0.0630417104637 -0.361202602855 0.87673354
v 0.150217164029 -0.434357596988 0.88719478
v 0.121788652495 -0.447076290829 0.88809973
v 0.113937010204 -0.368869930494 0.87673354
v 0.317358697208 -0.255393967088 0.87673354
v 0.397680513351 -0.258190253931 0.88651907
v -0.355629657407 -0.20740572799 0.88556588
v -0.36176661841 -0.194506650926 0.88550553
v 0.267721628261 -0.380506209369 0.88704997
v 0.196966251327 -0.339102767313 0.87673354
v 0.208427928493 -0.3334199442 0.87673354
v 0.194258826347 -0.423352775022 0.8878946
v 0.15509063306 -0.35759447588 0.87673354
v 0.170342728324 -0.35119006206 0.87673354
v 0.191461094126 -0.341628479322 0.87673354
v 0.293893904132 -0.278937099672 0.87673354
v 0.301835853664 -0.273615043005 0.87673354
v 0.228553492788 -0.320881691396 0.87673354
v 0.334686587096 -0.323497595017 0.88608471
v 0.310048551476 -0.265767389958 0.87673354
v 0.310590048035 -0.26522612466 0.87673354
v 0.377735447908 -0.276140755014 0.88581926
v -0.263755972487 -0.223371724547 0.87673354
v -0.287220765563 -0.306449125678 0.885409
v -0.235959206939 -0.258280503358 0.87673354
v -0.226212268877 -0.268383293579 0.87673354
v -0.224858585294 -0.269736341195 0.87673354
v -0.266102457576 -0.325121217467 0.88514355
v -0.249677119768 -0.348123142568 0.88602439
v -0.243269410486 -0.358406316012 0.88668799
v -0.213396908128 -0.375003769479 0.88598818
v -0.197242318599 -0.382671039303 0.88568652
v -0.179733929857 -0.387632213894 0.88519183
v -0.110061546042 -0.345507238948 0.87673354
v -0.0900262311732 -0.353174508771 0.87673354
v -0.0683664266274 -0.359759363628 0.87673354
v 0.137492052707 -0.362916532547 0.87673354
v 0.141192279193 -0.36183400195 0.87673354
v -0.219172871424 -0.275148531659 0.87673354
v -0.240561927691 -0.343252159588 0.88480571
v -0.20211578763 -0.290573320732 0.87673354
v -0.228107564648 -0.361653618727 0.88566241
v -0.18199016552 -0.306809949939 0.87673354
v -0.205725706875 -0.370673993982 0.88499877
v -0.170438296743 -0.314296836539 0.87673354
v -0.161684102372 -0.31979927643 0.87673354
v -0.145800261122 -0.328819593869 0.87673354
v -0.141919535783 -0.330984481618 0.87673354
v -0.133706837971 -0.335224007688 0.87673354
v -0.126035694533 -0.338832192479 0.87673354
v -0.114844765647 -0.343522734422 0.87673354
f 1 2 3
f 1 3 4
f 1 4 5
f 1 5 6
f 1 6 7
f 1 7 8
f 1 8 9
f 1 9 10
f 1 10 2
f 2 11 12
f 2 12 13
f 2 13 14
f 2 14 3
f 2 10 15
f 2 15 11
f 3 14 16
f 3 16 17
f 3 17 4
f 4 18 5
f 4 17 18
f 5 18 19
f 5 19 20
f 5 20 6
f 6 20 21
f 6 21 8
f 6 8 7
f 8 21 22
f 8 22 23
f 8 23 24
f 8 24 25
f 8 25 26
f 8 26 9
f 9 26 10
f 10 26 27
f 10 27 15
f 11 15 28
f 11 28 29
f 11 29 30
f 11 30 31
f 11 31 12
f 12 31 13
f 13 31 32
f 13 32 33
f 13 33 14
f 14 33 34
f 14 34 35
f 14 35 16
f 15 27 28
f 16 35 36
f 16 36 37
f 16 37 17
f 17 37 36
f 17 36 38
f 17 38 18
f 18 39 40
f 18 40 41
f 18 41 19
f 18 38 39
f 19 41 20
f 20 41 21
f 21 42 43
f 21 43 44
f 21 44 22
f 21 41 42
f 22 44 45
f 22 45 23
f 23 45 46
f 23 46 25
f 23 25 24
f 25 46 47
f 25 47 48
f 25 48 26
f 26 48 49
f 26 49 50
f 26 50 27
f 27 50 51
f 27 51 52
f 27 52 28
f 28 53 54
f 28 54 29
f 28 52 55
f 28 55 56
f 28 56 53
f 29 57 58
f 29 58 59
f 29 59 30
f 29 54 57
f 30 60 61
f 30 61 62
f 30 62 63
f 30 63 31
f 30 59 64
f 30 64 60
f 31 63 32
f 32 63 65
f 32 65 66
f 32 66 67
f 32 67 33
f 33 68 36
f 33 36 35
f 33 35 34
f 33 67 66
f 33 66 69
f 33 69 70
f 33 70 68
f 36 68 71
f 36 71 72
f 36 72 38
f 38 73 39
f 38 72 74
f 38 74 73
f 39 73 75
f 39 75 76
f 39 76 77
f 39 77 41
f 39 41 40
f 41 77 78
f 41 78 43
f 41 43 42
f 43 78 79
f 43 79 80
f 43 80 44
f 44 80 81
f 44 81 45
f 45 81 82
f 45 82 83
f 45 83 84
f 45 84 46
f 46 85 48
f 46 48 47
f 46 84 86
f 46 86 87
f 46 87 85
f 48 85 88
f 48 88 89
f 48 89 49
f 49 51 50
f 49 89 55
f 49 55 51
f 51 55 52
f 53 56 90
f 53 90 91
f 53 91 92
f 53 92 93
f 53 93 57
f 53 57 54
f 55 94 95
f 55 95 56
f 55 89 96
f 55 96 97
f 55 97 94
f 56 95 91
f 56 91 90
f 57 98 58
f 57 93 98
f 58 98 64
f 58 64 59
f 60 64 99
f 60 99 100
f 60 100 101
f 60 101 102
f 60 102 61
f 61 102 103
f 61 103 104
f 61 104 105
f 61 105 62
f 62 65 63
f 62 105 106
f 62 106 65
f 64 98 107
f 64 107 99
f 65 106 108
f 65 108 66
f 66 109 69
f 66 108 110
f 66 110 109
f 68 70 69
f 68 69 109
f 68 109 111
f 68 111 71
f 71 112 113
f 71 113 72
f 71 111 112
f 72 113 74
f 73 74 114
f 73 114 115
f 73 115 75
f 74 113 116
f 74 116 117
f 74 117 114
f 75 115 76
f 76 118 119
f 76 119 78
f 76 78 77
f 76 115 120
f 76 120 118
f 78 121 122
f 78 122 79
f 78 119 121
f 79 122 123
f 79 123 80
f 80 123 124
f 80 124 81
f 81 124 125
f 81 125 82
f 82 125 126
f 82 126 83
f 83 126 84
f 84 126 86
f 85 87 88
f 86 126 127
f 86 127 128
f 86 128 129
f 86 129 87
f 87 129 130
f 87 130 88
f 88 130 131
f 88 131 132
f 88 132 89
f 89 132 133
f 89 133 96
f 91 95 134
f 91 134 135
f 91 135 136
f 91 136 92
f 92 137 138
f 92 138 139
f 92 139 140
f 92 140 93
f 92 136 137
f 93 140 98
f 94 97 141
f 94 141 95
f 95 141 142
f 95 142 134
f 96 133 132
f 96 132 131
f 96 131 143
f 96 143 97
f 97 143 141
f 98 144 107
f 98 140 144
f 99 107 144
f 99 144 140
f 99 140 145
f 99 145 100
f 100 146 101
f 100 145 147
f 100 147 146
f 101 148 149
f 101 149 102
f 101 146 148
f 102 149 103
f 103 150 105
f 103 105 104
f 103 149 151
f 103 151 152
f 103 152 150
f 105 150 153
f 105 153 106
f 106 153 154
f 106 154 155
f 106 155 108
f 108 155 110
f 109 110 156
f 109 156 157
f 109 157 158
f 109 158 111
f 110 155 159
f 110 159 160
f 110 160 156
f 111 161 112
f 111 158 162
f 111 162 161
f 112 161 113
f 113 161 163
f 113 163 116
f 114 117 164
f 114 164 115
f 115 165 120
f 115 164 166
f 115 166 165
f 116 163 167
f 116 167 117
f 117 167 168
f 117 168 169
f 117 169 170
f 117 170 164
f 118 120 171
f 118 171 172
f 118 172 173
f 118 173 174
f 118 174 119
f 119 174 121
f 120 165 171
f 121 174 173
f 121 173 175
f 121 175 122
f 122 176 177
f 122 177 123
f 122 175 176
f 123 177 125
f 123 125 124
f 125 177 178
f 125 178 126
f 126 178 179
f 126 179 180
f 126 180 181
f 126 181 127
f 127 181 180
f 127 180 128
f 128 182 183
f 128 183 129
f 128 180 184
f 128 184 185
f 128 185 186
f 128 186 182
f 129 183 130
f 130 183 182
f 130 182 187
f 130 187 131
f 131 187 188
f 131 188 143
f 134 142 136
f 134 136 135
f 136 142 189
f 136 189 190
f 136 190 247
f 136 247 300
f 136 300 350
f 136 350 407
f 136 407 477
f 136 477 550
f 136 550 619
f 136 619 699
f 136 699 698
f 136 698 789
f 136 789 793
f 136 793 892
f 136 892 1017
f 136 1017 1139
f 136 1139 1254
f 136 1254 1371
f 136 1371 1486
f 136 1486 1597
f 136 1597 1704
f 136 1704 1783
f 136 1783 1850
f 136 1850 1853
f 136 1853 1911
f 136 1911 1962
f 136 1962 1978
f 136 1978 1977
f 136 1977 1974
f 136 1974 1973
f 136 1973 1975
f 136 1975 1968
f 136 1968 1967
f 136 1967 1972
f 136 1972 1971
f 136 1971 1970
f 136 1970 1995
f 136 1995 1994
f 136 1994 1961
f 136 1961 1952
f 136 1952 1894
f 136 1894 1893
f 136 1893 1892
f 136 1892 1890
f 136 1890 1889
f 136 1889 1949
f 136 1949 1958
f 136 1958 1993
f 136 1993 1992
f 136 1992 1991
f 136 1991 2008
f 136 2008 2007
f 136 2007 2006
f 136 2006 2005
f 136 2005 2004
f 136 2004 2003
f 136 2003 2002
f 136 2002 2000
f 136 2000 1998
f 136 1998 1996
f 136 1996 1984
f 136 1984 1983
f 136 1983 1982
f 136 1982 1980
f 136 1980 1938
f 136 1938 1937
f 136 1937 1936
f 136 1936 1917
f 136 1917 1858
f 136 1858 1857
f 136 1857 1789
f 136 1789 1708
f 136 1708 1707
f 136 1707 1604
f 136 1604 1603
f 136 1603 1599
f 136 1599 1487
f 136 1487 1373
f 136 1373 1372
f 136 1372 1258
f 136 1258 1257
f 136 1257 1255
f 136 1255 1140
f 136 1140 1018
f 136 1018 893
f 136 893 794
f 136 794 700
f 136 700 620
f 136 620 551
f 136 551 480
f 136 480 479
f 136 479 478
f 136 478 411
f 136 411 409
f 136 409 353
f 136 353 302
f 136 302 250
f 136 250 201
f 136 201 200
f 136 200 197
f 136 197 196
f 136 196 148
f 136 148 146
f 136 146 147
f 136 147 145
f 136 145 192
f 136 192 191
f 136 191 138
f 136 138 137
f 138 191 139
f 139 192 140
f 139 191 192
f 140 192 145
f 141 143 193
f 141 193 194
f 141 194 189
f 141 189 142
f 143 188 195
f 143 195 193
f 148 196 149
f 149 196 197
f 149 197 198
f 149 198 151
f 150 152 199
f 150 199 153
f 151 198 197
f 151 197 200
f 151 200 201
f 151 201 202
f 151 202 152
f 152 202 203
f 152 203 199
f 153 199 204
f 153 204 205
f 153 205 154
f 154 206 155
f 154 205 206
f 155 206 207
f 155 207 159
f 156 160 157
f 157 160 158
f 158 160 208
f 158 208 162
f 159 207 209
f 159 209 210
f 159 210 160
f 160 210 208
f 161 162 163
f 162 208 211
f 162 211 212
f 162 212 213
f 162 213 163
f 163 213 167
f 164 170 214
f 164 214 215
f 164 215 165
f 164 165 166
f 165 216 171
f 165 215 217
f 165 217 216
f 167 213 168
f 168 218 169
f 168 213 212
f 168 212 219
f 168 219 218
f 169 220 214
f 169 214 170
f 169 218 220
f 171 221 222
f 171 222 172
f 171 216 221
f 172 222 173
f 173 223 175
f 173 222 223
f 175 223 224
f 175 224 225
f 175 225 176
f 176 225 226
f 176 226 227
f 176 227 228
f 176 228 177
f 177 228 178
f 178 228 229
f 178 229 230
f 178 230 231
f 178 231 179
f 179 231 232
f 179 232 233
f 179 233 234
f 179 234 180
f 180 234 184
f 182 186 235
f 182 235 236
f 182 236 187
f 184 234 237
f 184 237 238
f 184 238 239
f 184 239 240
f 184 240 185
f 185 240 186
f 186 240 235
f 187 236 241
f 187 241 188
f 188 241 242
f 188 242 195
f 189 194 190
f 190 194 243
f 190 243 244
f 190 244 245
f 190 245 246
f 190 246 247
f 193 244 194
f 193 195 244
f 194 244 243
f 195 242 248
f 195 248 249
f 195 249 246
f 195 246 245
f 195 245 244
f 199 203 204
f 201 250 202
f 202 251 203
f 202 250 251
f 203 251 252
f 203 252 253
f 203 253 254
f 203 254 204
f 204 255 205
f 204 254 256
f 204 256 255
f 205 255 206
f 206 255 207
f 207 255 257
f 207 257 258
f 207 258 209
f 208 210 259
f 208 259 260
f 208 260 261
f 208 261 211
f 209 258 210
f 210 258 262
f 210 262 263
f 210 263 259
f 211 264 265
f 211 265 212
f 211 261 264
f 212 265 264
f 212 264 266
f 212 266 219
f 214 220 215
f 215 220 217
f 216 217 267
f 216 267 268
f 216 268 221
f 217 220 269
f 217 269 267
f 218 219 270
f 218 270 271
f 218 271 220
f 219 266 272
f 219 272 270
f 220 273 274
f 220 274 269
f 220 271 275
f 220 275 273
f 221 268 276
f 221 276 222
f 222 276 277
f 222 277 223
f 223 277 278
f 223 278 279
f 223 279 225
f 223 225 224
f 225 279 280
f 225 280 226
f 226 280 281
f 226 281 282
f 226 282 227
f 227 282 283
f 227 283 230
f 227 230 228
f 228 230 229
f 230 283 284
f 230 284 285
f 230 285 286
f 230 286 287
f 230 287 231
f 231 287 232
f 232 287 288
f 232 288 233
f 233 288 289
f 233 289 237
f 233 237 234
f 235 290 236
f 235 240 291
f 235 291 292
f 235 292 293
f 235 293 290
f 236 290 241
f 237 289 294
f 237 294 238
f 238 294 295
f 238 295 296
f 238 296 240
f 238 240 239
f 240 296 291
f 241 290 297
f 241 297 242
f 242 297 248
f 246 249 298
f 246 298 299
f 246 299 247
f 247 299 300
f 248 297 301
f 248 301 298
f 248 298 249
f 250 302 251
f 251 303 304
f 251 304 252
f 251 302 303
f 252 304 253
f 253 304 305
f 253 305 306
f 253 306 256
f 253 256 254
f 255 256 307
f 255 307 257
f 256 308 307
f 256 306 308
f 257 307 258
f 258 307 262
f 259 263 309
f 259 309 260
f 260 309 310
f 260 310 261
f 261 310 311
f 261 311 264
f 262 307 312
f 262 312 313
f 262 313 263
f 263 313 314
f 263 314 309
f 264 311 266
f 266 311 315
f 266 315 272
f 267 316 317
f 267 317 318
f 267 318 276
f 267 276 268
f 267 269 273
f 267 273 319
f 267 319 320
f 267 320 316
f 269 274 273
f 270 321 271
f 270 272 322
f 270 322 321
f 271 321 275
f 272 315 323
f 272 323 322
f 273 275 324
f 273 324 325
f 273 325 319
f 275 321 324
f 276 318 317
f 276 317 326
f 276 326 277
f 277 326 327
f 277 327 328
f 277 328 278
f 278 328 279
f 279 328 280
f 280 328 329
f 280 329 330
f 280 330 331
f 280 331 332
f 280 332 281
f 281 332 283
f 281 283 282
f 283 332 333
f 283 333 334
f 283 334 284
f 284 334 335
f 284 335 336
f 284 336 285
f 285 336 286
f 286 288 287
f 286 336 337
f 286 337 294
f 286 294 288
f 288 294 289
f 290 293 297
f 291 296 292
f 292 296 293
f 293 296 338
f 293 338 339
f 293 339 297
f 294 337 340
f 294 340 341
f 294 341 342
f 294 342 295
f 295 342 343
f 295 343 296
f 296 343 344
f 296 344 345
f 296 345 346
f 296 346 338
f 297 339 301
f 298 301 347
f 298 347 348
f 298 348 349
f 298 349 299
f 299 349 300
f 300 349 350
f 301 339 351
f 301 351 352
f 301 352 347
f 302 353 304
f 302 304 303
f 304 354 355
f 304 355 356
f 304 356 305
f 304 353 354
f 305 356 357
f 305 357 306
f 306 358 359
f 306 359 308
f 306 357 360
f 306 360 358
f 307 308 359
f 307 359 312
f 309 314 310
f 310 314 361
f 310 361 311
f 311 361 362
f 311 362 363
f 311 363 315
f 312 359 364
f 312 364 365
f 312 365 366
f 312 366 313
f 313 366 314
f 314 366 365
f 314 365 367
f 314 367 361
f 315 363 323
f 316 320 368
f 316 368 317
f 317 369 370
f 317 370 371
f 317 371 326
f 317 368 369
f 319 325 372
f 319 372 368
f 319 368 320
f 321 322 373
f 321 373 324
f 322 323 374
f 322 374 375
f 322 375 373
f 323 363 376
f 323 376 374
f 324 373 325
f 325 373 377
f 325 377 372
f 326 371 378
f 326 378 327
f 327 378 328
f 328 378 329
f 329 378 330
f 330 378 379
f 330 379 380
f 330 380 331
f 331 380 381
f 331 381 332
f 332 381 382
f 332 382 333
f 333 382 383
f 333 383 384
f 333 384 385
f 333 385 334
f 334 385 335
f 335 385 386
f 335 386 336
f 336 386 387
f 336 387 337
f 337 387 340
f 338 346 351
f 338 351 339
f 340 387 388
f 340 388 389
f 340 389 390
f 340 390 341
f 341 391 342
f 341 390 392
f 341 392 391
f 342 391 392
f 342 392 344
f 342 344 343
f 344 392 393
f 344 393 394
f 344 394 346
f 344 346 345
f 346 394 395
f 346 395 396
f 346 396 397
f 346 397 398
f 346 398 399
f 346 399 400
f 346 400 401
f 346 401 402
f 346 402 403
f 346 403 404
f 346 404 351
f 347 352 405
f 347 405 348
f 348 405 406
f 348 406 407
f 348 407 350
f 348 350 349
f 351 404 403
f 351 403 408
f 351 408 352
f 352 408 405
f 353 409 354
f 354 410 355
f 354 409 411
f 354 411 410
f 355 410 412
f 355 412 356
f 356 412 413
f 356 413 414
f 356 414 357
f 357 414 360
f 358 360 415
f 358 415 416
f 358 416 365
f 358 365 364
f 358 364 359
f 360 417 415
f 360 414 418
f 360 418 419
f 360 419 417
f 361 367 420
f 361 420 362
f 362 420 421
f 362 421 422
f 362 422 363
f 363 422 423
f 363 423 376
f 365 416 424
f 365 424 425
f 365 425 367
f 367 425 426
f 367 426 420
f 368 372 427
f 368 427 428
f 368 428 429
f 368 429 369
f 369 429 370
f 370 379 371
f 370 429 430
f 370 430 431
f 370 431 432
f 370 432 433
f 370 433 434
f 370 434 435
f 370 435 379
f 371 379 378
f 372 377 436
f 372 436 427
f 373 375 437
f 373 437 438
f 373 438 439
f 373 439 377
f 374 437 375
f 374 376 440
f 374 440 437
f 376 441 440
f 376 423 441
f 377 439 438
f 377 438 442
f 377 442 436
f 379 435 380
f 380 435 443
f 380 443 444
f 380 444 381
f 381 444 445
f 381 445 382
f 382 445 383
f 383 445 446
f 383 446 447
f 383 447 448
f 383 448 449
f 383 449 450
f 383 450 384
f 384 450 385
f 385 450 451
f 385 451 386
f 386 451 452
f 386 452 453
f 386 453 387
f 387 453 454
f 387 454 388
f 388 454 455
f 388 455 389
f 389 455 456
f 389 456 457
f 389 457 390
f 390 457 392
f 392 457 393
f 393 457 458
f 393 458 395
f 393 395 394
f 395 458 459
f 395 459 396
f 396 459 398
f 396 398 397
f 398 459 399
f 399 459 460
f 399 460 461
f 399 461 462
f 399 462 400
f 400 462 401
f 401 463 403
f 401 403 402
f 401 462 464
f 401 464 465
f 401 465 466
f 401 466 467
f 401 467 468
f 401 468 469
f 401 469 470
f 401 470 463
f 403 463 471
f 403 471 472
f 403 472 473
f 403 473 408
f 405 408 474
f 405 474 475
f 405 475 406
f 406 475 476
f 406 476 407
f 407 476 477
f 408 473 474
f 410 411 478
f 410 478 479
f 410 479 480
f 410 480 481
f 410 481 482
f 410 482 412
f 412 482 483
f 412 483 413
f 413 483 484
f 413 484 485
f 413 485 486
f 413 486 414
f 414 486 485
f 414 485 418
f 415 487 488
f 415 488 424
f 415 424 416
f 415 417 489
f 415 489 490
f 415 490 491
f 415 491 487
f 417 492 490
f 417 490 489
f 417 419 492
f 418 485 493
f 418 493 494
f 418 494 495
f 418 495 419
f 419 495 496
f 419 496 492
f 420 426 421
f 421 426 497
f 421 497 498
f 421 498 422
f 422 498 423
f 423 498 499
f 423 499 500
f 423 500 501
f 423 501 441
f 424 488 425
f 425 488 502
f 425 502 426
f 426 502 503
f 426 503 497
f 427 436 442
f 427 442 428
f 428 504 505
f 428 505 506
f 428 506 429
f 428 442 504
f 429 506 507
f 429 507 508
f 429 508 430
f 430 508 509
f 430 509 510
f 430 510 431
f 431 510 511
f 431 511 512
f 431 512 513
f 431 513 514
f 431 514 515
f 431 515 432
f 432 516 517
f 432 517 518
f 432 518 434
f 432 434 433
f 432 515 516
f 434 518 446
f 434 446 443
f 434 443 435
f 437 442 438
f 437 440 519
f 437 519 504
f 437 504 442
f 440 441 519
f 441 501 519
f 443 446 445
f 443 445 444
f 446 518 447
f 447 449 448
f 447 518 520
f 447 520 517
f 447 517 521
f 447 521 449
f 449 521 522
f 449 522 523
f 449 523 450
f 450 523 451
f 451 523 452
f 452 523 524
f 452 524 525
f 452 525 453
f 453 525 454
f 454 525 526
f 454 526 455
f 455 526 456
f 456 527 528
f 456 528 457
f 456 526 527
f 457 528 458
f 458 528 529
f 458 529 459
f 459 529 460
f 460 530 531
f 460 531 461
f 460 529 530
f 461 531 532
f 461 532 533
f 461 533 465
f 461 465 464
f 461 464 462
f 463 470 471
f 465 533 534
f 465 534 535
f 465 535 468
f 465 468 467
f 465 467 466
f 468 536 469
f 468 535 537
f 468 537 538
f 468 538 539
f 468 539 540
f 468 540 536
f 469 536 470
f 470 536 471
f 471 541 542
f 471 542 472
f 471 536 543
f 471 543 544
f 471 544 541
f 472 542 473
f 473 542 545
f 473 545 546
f 473 546 475
f 473 475 474
f 475 546 476
f 476 546 547
f 476 547 477
f 477 547 548
f 477 548 549
f 477 549 550
f 480 551 481
f 481 552 553
f 481 553 482
f 481 551 552
f 482 553 483
f 483 553 554
f 483 554 484
f 484 554 555
f 484 555 485
f 485 555 493
f 487 502 488
f 487 491 502
f 490 492 491
f 491 492 556
f 491 556 557
f 491 557 558
f 491 558 502
f 492 559 560
f 492 560 561
f 492 561 556
f 492 496 559
f 493 555 562
f 493 562 494
f 494 563 496
f 494 496 495
f 494 562 564
f 494 564 565
f 494 565 563
f 496 563 559
f 497 503 566
f 497 566 567
f 497 567 568
f 497 568 498
f 498 568 569
f 498 569 499
f 499 569 500
f 500 570 501
f 500 569 571
f 500 571 572
f 500 572 570
f 501 570 573
f 501 573 504
f 501 504 519
f 502 558 574
f 502 574 503
f 503 574 566
f 504 573 505
f 505 573 570
f 505 570 575
f 505 575 506
f 506 575 576
f 506 576 507
f 507 576 577
f 507 577 578
f 507 578 510
f 507 510 508
f 508 510 509
f 510 579 580
f 510 580 511
f 510 578 581
f 510 581 582
f 510 582 583
f 510 583 584
f 510 584 585
f 510 585 579
f 511 580 512
f 512 580 586
f 512 586 587
f 512 587 588
f 512 588 589
f 512 589 513
f 513 589 590
f 513 590 514
f 514 591 592
f 514 592 593
f 514 593 594
f 514 594 595
f 514 595 515
f 514 590 591
f 515 595 516
f 516 595 517
f 517 596 597
f 517 597 521
f 517 520 518
f 517 595 598
f 517 598 596
f 521 597 522
f 522 597 596
f 522 596 599
f 522 599 523
f 523 599 524
f 524 599 600
f 524 600 527
f 524 527 526
f 524 526 525
f 527 600 601
f 527 601 602
f 527 602 528
f 528 602 603
f 528 603 529
f 529 603 530
f 530 604 605
f 530 605 531
f 530 603 606
f 530 606 604
f 531 605 532
f 532 605 607
f 532 607 608
f 532 608 609
f 532 609 533
f 533 609 534
f 534 609 610
f 534 610 535
f 535 610 537
f 536 540 543
f 537 611 538
f 537 610 611
f 538 611 539
f 539 611 540
f 540 611 612
f 540 612 613
f 540 613 543
f 541 614 615
f 541 615 542
f 541 544 616
f 541 616 614
f 542 615 545
f 543 613 617
f 543 617 544
f 544 617 616
f 545 548 546
f 545 615 549
f 545 549 548
f 546 548 547
f 549 615 614
f 549 614 618
f 549 618 619
f 549 619 550
f 551 620 552
f 552 621 622
f 552 622 623
f 552 623 553
f 552 620 621
f 553 623 554
f 554 623 624
f 554 624 625
f 554 625 555
f 555 625 626
f 555 626 627
f 555 627 628
f 555 628 562
f 556 561 557
f 557 629 574
f 557 574 558
f 557 561 630
f 557 630 629
f 559 631 632
f 559 632 633
f 559 633 560
f 559 563 631
f 560 633 561
f 561 633 630
f 562 628 634
f 562 634 564
f 563 635 631
f 563 565 636
f 563 636 635
f 564 636 565
f 564 634 637
f 564 637 636
f 566 574 629
f 566 629 567
f 567 569 568
f 567 629 630
f 567 630 638
f 567 638 639
f 567 639 640
f 567 640 569
f 569 640 571
f 570 572 575
f 571 640 641
f 571 641 642
f 571 642 572
f 572 642 641
f 572 641 643
f 572 643 575
f 575 643 644
f 575 644 645
f 575 645 576
f 576 645 577
f 577 645 646
f 577 646 647
f 577 647 648
f 577 648 581
f 577 581 578
f 579 585 649
f 579 649 580
f 580 650 586
f 580 649 651
f 580 651 652
f 580 652 653
f 580 653 654
f 580 654 655
f 580 655 656
f 580 656 650
f 581 648 657
f 581 657 582
f 582 657 648
f 582 648 583
f 583 648 658
f 583 658 659
f 583 659 584
f 584 659 660
f 584 660 585
f 585 660 661
f 585 661 662
f 585 662 663
f 585 663 652
f 585 652 649
f 586 650 664
f 586 664 665
f 586 665 666
f 586 666 667
f 586 667 587
f 587 667 588
f 588 667 668
f 588 668 669
f 588 669 670
f 588 670 590
f 588 590 589
f 590 670 671
f 590 671 672
f 590 672 673
f 590 673 591
f 591 673 592
f 592 674 593
f 592 673 674
f 593 675 598
f 593 598 594
f 593 674 676
f 593 676 675
f 594 598 595
f 596 600 599
f 596 598 675
f 596 675 677
f 596 677 600
f 600 677 678
f 600 678 679
f 600 679 601
f 601 679 603
f 601 603 602
f 603 679 606
f 604 680 605
f 604 606 680
f 605 680 681
f 605 681 607
f 606 679 682
f 606 682 683
f 606 683 680
f 607 681 608
f 608 684 685
f 608 685 609
f 608 681 684
f 609 685 686
f 609 686 610
f 610 686 687
f 610 687 611
f 611 688 689
f 611 689 690
f 611 690 612
f 611 687 691
f 611 691 688
f 612 690 692
f 612 692 613
f 613 692 693
f 613 693 617
f 614 616 694
f 614 694 618
f 616 617 695
f 616 695 696
f 616 696 697
f 616 697 694
f 617 693 695
f 618 698 699
f 618 699 619
f 618 694 698
f 620 700 621
f 621 700 701
f 621 701 622
f 622 702 623
f 622 701 703
f 622 703 702
f 623 702 624
f 624 702 704
f 624 704 625
f 625 704 626
f 626 634 628
f 626 628 627
f 626 704 705
f 626 705 706
f 626 706 637
f 626 637 634
f 630 633 707
f 630 707 638
f 631 635 632
f 632 635 633
f 633 635 708
f 633 708 707
f 635 636 709
f 635 709 708
f 636 637 710
f 636 710 709
f 637 706 711
f 637 711 710
f 638 707 712
f 638 712 639
f 639 712 713
f 639 713 714
f 639 714 640
f 640 714 641
f 641 714 715
f 641 715 716
f 641 716 644
f 641 644 643
f 644 716 717
f 644 717 718
f 644 718 645
f 645 718 646
f 646 718 719
f 646 719 720
f 646 720 721
f 646 721 647
f 647 721 648
f 648 721 658
f 649 652 651
f 650 656 722
f 650 722 723
f 650 723 724
f 650 724 725
f 650 725 664
f 652 726 727
f 652 727 728
f 652 728 729
f 652 729 653
f 652 663 730
f 652 730 731
f 652 731 726
f 653 729 732
f 653 732 654
f 654 732 733
f 654 733 734
f 654 734 735
f 654 735 655
f 655 735 736
f 655 736 656
f 656 737 738
f 656 738 739
f 656 739 740
f 656 740 722
f 656 736 741
f 656 741 737
f 658 721 742
f 658 742 743
f 658 743 744
f 658 744 745
f 658 745 659
f 659 745 746
f 659 746 747
f 659 747 660
f 660 747 748
f 660 748 661
f 661 748 749
f 661 749 750
f 661 750 662
f 662 751 663
f 662 750 751
f 663 751 730
f 664 725 752
f 664 752 753
f 664 753 754
f 664 754 755
f 664 755 665
f 665 755 756
f 665 756 666
f 666 756 757
f 666 757 758
f 666 758 667
f 667 758 759
f 667 759 760
f 667 760 668
f 668 760 761
f 668 761 762
f 668 762 669
f 669 762 763
f 669 763 764
f 669 764 765
f 669 765 766
f 669 766 670
f 670 766 671
f 671 766 765
f 671 765 767
f 671 767 672
f 672 768 673
f 672 767 769
f 672 769 768
f 673 768 770
f 673 770 674
f 674 770 676
f 675 682 677
f 675 676 771
f 675 771 772
f 675 772 773
f 675 773 683
f 675 683 682
f 676 770 774
f 676 774 771
f 677 682 678
f 678 682 679
f 680 775 681
f 680 683 773
f 680 773 775
f 681 775 776
f 681 776 684
f 684 777 778
f 684 778 779
f 684 779 687
f 684 687 686
f 684 686 685
f 684 776 780
f 684 780 777
f 687 779 781
f 687 781 691
f 688 691 689
f 689 782 690
f 689 691 783
f 689 783 782
f 690 782 692
f 691 781 783
f 692 782 784
f 692 784 785
f 692 785 786
f 692 786 693
f 693 786 787
f 693 787 788
f 693 788 695
f 694 697 789
f 694 789 698
f 695 788 696
f 696 788 790
f 696 790 697
f 697 790 791
f 697 791 792
f 697 792 793
f 697 793 789
f 700 794 701
f 701 795 703
f 701 794 795
f 702 703 796
f 702 796 704
f 703 795 796
f 704 796 705
f 705 796 797
f 705 797 706
f 706 797 798
f 706 798 799
f 706 799 800
f 706 800 711
f 707 713 712
f 707 708 801
f 707 801 713
f 708 709 802
f 708 802 801
f 709 803 804
f 709 804 802
f 709 710 711
f 709 711 803
f 711 800 805
f 711 805 803
f 713 715 714
f 713 801 806
f 713 806 807
f 713 807 715
f 715 807 717
f 715 717 716
f 717 807 808
f 717 808 809
f 717 809 718
f 718 809 719
f 719 809 810
f 719 810 720
f 720 810 811
f 720 811 721
f 721 811 742
f 722 740 812
f 722 812 813
f 722 813 723
f 723 813 812
f 723 812 814
f 723 814 815
f 723 815 816
f 723 816 725
f 723 725 724
f 725 817 752
f 725 816 817
f 726 818 727
f 726 731 818
f 727 819 732
f 727 732 728
f 727 818 819
f 728 732 729
f 730 751 731
f 731 751 820
f 731 820 821
f 731 821 818
f 732 819 822
f 732 822 733
f 733 822 734
f 734 823 824
f 734 824 825
f 734 825 735
f 734 822 826
f 734 826 823
f 735 825 824
f 735 824 827
f 735 827 741
f 735 741 736
f 737 828 829
f 737 829 830
f 737 830 738
f 737 741 828
f 738 830 831
f 738 831 739
f 739 831 832
f 739 832 833
f 739 833 740
f 740 833 834
f 740 834 812
f 741 827 835
f 741 835 828
f 742 836 837
f 742 837 743
f 742 811 836
f 743 837 838
f 743 838 744
f 744 838 745
f 745 839 840
f 745 840 746
f 745 838 841
f 745 841 842
f 745 842 839
f 746 840 747
f 747 840 748
f 748 840 843
f 748 843 749
f 749 844 845
f 749 845 750
f 749 843 846
f 749 846 844
f 750 845 844
f 750 844 847
f 750 847 848
f 750 848 751
f 751 848 820
f 752 817 753
f 753 817 849
f 753 849 754
f 754 849 850
f 754 850 851
f 754 851 852
f 754 852 755
f 755 852 853
f 755 853 854
f 755 854 756
f 756 855 757
f 756 854 855
f 757 856 857
f 757 857 858
f 757 858 859
f 757 859 860
f 757 860 758
f 757 855 854
f 757 854 856
f 758 860 859
f 758 859 858
f 758 858 861
f 758 861 862
f 758 862 863
f 758 863 759
f 759 863 760
f 760 863 761
f 761 863 864
f 761 864 865
f 761 865 762
f 762 866 763
f 762 865 867
f 762 867 866
f 763 866 764
f 764 868 765
f 764 866 868
f 765 868 869
f 765 869 767
f 767 869 870
f 767 870 769
f 768 769 871
f 768 871 770
f 769 872 871
f 769 870 872
f 770 871 872
f 770 872 873
f 770 873 874
f 770 874 774
f 771 774 772
f 772 774 775
f 772 775 773
f 774 874 775
f 775 874 873
f 775 873 776
f 776 873 780
f 777 875 876
f 777 876 778
f 777 780 877
f 777 877 875
f 778 876 878
f 778 878 879
f 778 879 880
f 778 880 779
f 779 880 781
f 780 873 877
f 781 880 881
f 781 881 783
f 782 882 784
f 782 783 882
f 783 881 883
f 783 883 882
f 784 882 884
f 784 884 786
f 784 786 785
f 786 884 885
f 786 885 886
f 786 886 787
f 787 886 788
f 788 886 887
f 788 887 888
f 788 888 889
f 788 889 790
f 790 889 890
f 790 890 791
f 791 890 891
f 791 891 892
f 791 892 792
f 792 892 793
f 794 893 795
f 795 894 895
f 795 895 896
f 795 896 897
f 795 897 796
f 795 893 894
f 796 897 898
f 796 898 797
f 797 898 798
f 798 898 899
f 798 899 900
f 798 900 799
f 799 900 901
f 799 901 902
f 799 902 903
f 799 903 800
f 800 903 805
f 801 802 806
f 802 904 806
f 802 804 904
f 803 905 906
f 803 906 804
f 803 805 905
f 804 906 907
f 804 907 904
f 805 903 908
f 805 908 905
f 806 904 807
f 807 904 808
f 808 904 909
f 808 909 809
f 809 909 910
f 809 910 911
f 809 911 912
f 809 912 810
f 810 912 913
f 810 913 836
f 810 836 811
f 812 914 814
f 812 834 833
f 812 833 914
f 814 914 915
f 814 915 916
f 814 916 815
f 815 916 917
f 815 917 918
f 815 918 816
f 816 918 919
f 816 919 920
f 816 920 817
f 817 920 921
f 817 921 922
f 817 922 923
f 817 923 924
f 817 924 925
f 817 925 849
f 818 926 927
f 818 927 928
f 818 928 819
f 818 821 926
f 819 928 929
f 819 929 822
f 820 930 821
f 820 848 931
f 820 931 930
f 821 930 932
f 821 932 933
f 821 933 926
f 822 929 934
f 822 934 935
f 822 935 826
f 823 936 937
f 823 937 938
f 823 938 939
f 823 939 824
f 823 826 940
f 823 940 941
f 823 941 942
f 823 942 936
f 824 943 944
f 824 944 827
f 824 939 943
f 826 935 945
f 826 945 941
f 826 941 940
f 827 944 946
f 827 946 835
f 828 835 829
f 829 947 948
f 829 948 831
f 829 831 830
f 829 835 946
f 829 946 949
f 829 949 947
f 831 948 832
f 832 950 951
f 832 951 952
f 832 952 833
f 832 948 950
f 833 952 951
f 833 951 953
f 833 953 954
f 833 954 955
f 833 955 956
f 833 956 914
f 836 957 958
f 836 958 959
f 836 959 837
f 836 913 957
f 837 959 960
f 837 960 838
f 838 960 961
f 838 961 841
f 839 842 962
f 839 962 840
f 840 962 963
f 840 963 964
f 840 964 965
f 840 965 843
f 841 961 966
f 841 966 967
f 841 967 842
f 842 967 966
f 842 966 968
f 842 968 969
f 842 969 962
f 843 965 970
f 843 970 971
f 843 971 846
f 844 846 972
f 844 972 973
f 844 973 974
f 844 974 847
f 846 973 972
f 846 971 973
f 847 975 848
f 847 974 975
f 848 976 931
f 848 975 976
f 849 977 978
f 849 978 979
f 849 979 851
f 849 851 850
f 849 925 977
f 851 980 853
f 851 853 852
f 851 979 980
f 853 980 981
f 853 981 982
f 853 982 854
f 854 982 856
f 856 983 984
f 856 984 857
f 856 982 981
f 856 981 983
f 857 984 985
f 857 985 986
f 857 986 858
f 858 986 987
f 858 987 988
f 858 988 861
f 861 989 862
f 861 988 990
f 861 990 989
f 862 989 863
f 863 989 864
f 864 991 992
f 864 992 865
f 864 989 990
f 864 990 993
f 864 993 994
f 864 994 995
f 864 995 991
f 865 992 867
f 866 867 996
f 866 996 868
f 867 992 997
f 867 997 996
f 868 998 999
f 868 999 869
f 868 996 998
f 869 999 870
f 870 875 1000
f 870 1000 872
f 870 999 875
f 872 1000 877
f 872 877 873
f 875 877 1000
f 875 999 876
f 876 999 879
f 876 879 878
f 879 1001 1002
f 879 1002 1003
f 879 1003 880
f 879 999 998
f 879 998 1001
f 880 1003 881
f 881 1003 1004
f 881 1004 883
f 882 1005 1006
f 882 1006 884
f 882 883 1005
f 883 1004 1007
f 883 1007 1005
f 884 1005 1008
f 884 1008 885
f 884 1006 1005
f 885 1009 886
f 885 1008 1010
f 885 1010 1009
f 886 1009 887
f 887 1009 1011
f 887 1011 888
f 888 1011 1012
f 888 1012 1013
f 888 1013 1014
f 888 1014 889
f 889 1014 890
f 890 1014 1015
f 890 1015 1016
f 890 1016 891
f 891 1016 1017
f 891 1017 892
f 893 1018 894
f 894 1019 895
f 894 1018 1019
f 895 1020 896
f 895 1019 1021
f 895 1021 1020
f 896 1020 897
f 897 1020 1022
f 897 1022 898
f 898 1022 899
f 899 1022 1023
f 899 1023 900
f 900 1023 1024
f 900 1024 1025
f 900 1025 902
f 900 902 901
f 902 1025 1026
f 902 1026 908
f 902 908 903
f 904 907 909
f 905 1027 1028
f 905 1028 906
f 905 908 1027
f 906 1029 907
f 906 1028 1029
f 907 910 909
f 907 1029 910
f 908 1026 1027
f 910 1029 1030
f 910 1030 1031
f 910 1031 911
f 911 1031 912
f 912 1031 913
f 913 1031 957
f 914 956 1032
f 914 1032 915
f 915 1033 916
f 915 1032 1034
f 915 1034 1033
f 916 1035 1036
f 916 1036 917
f 916 1033 1035
f 917 1036 919
f 917 919 918
f 919 1036 1037
f 919 1037 1038
f 919 1038 1039
f 919 1039 1040
f 919 1040 921
f 919 921 920
f 921 1040 1039
f 921 1039 922
f 922 1039 1041
f 922 1041 923
f 923 1041 1042
f 923 1042 1043
f 923 1043 1044
f 923 1044 924
f 924 1044 977
f 924 977 925
f 926 933 1045
f 926 1045 927
f 927 1046 1047
f 927 1047 934
f 927 934 928
f 927 1045 1046
f 928 934 929
f 930 931 932
f 931 976 1048
f 931 1048 1049
f 931 1049 932
f 932 1049 1050
f 932 1050 1051
f 932 1051 1052
f 932 1052 933
f 933 1052 1053
f 933 1053 1045
f 934 1047 1054
f 934 1054 935
f 935 1054 1055
f 935 1055 945
f 936 1056 937
f 936 942 1057
f 936 1057 1058
f 936 1058 1056
f 937 1059 1060
f 937 1060 1061
f 937 1061 1062
f 937 1062 938
f 937 1056 1063
f 937 1063 1059
f 938 1062 939
f 939 1062 1064
f 939 1064 943
f 941 1065 1057
f 941 1057 942
f 941 945 1055
f 941 1055 1065
f 943 1064 1066
f 943 1066 944
f 944 1066 946
f 946 1066 1067
f 946 1067 949
f 947 1068 1069
f 947 1069 1070
f 947 1070 1071
f 947 1071 1072
f 947 1072 1073
f 947 1073 1074
f 947 1074 1075
f 947 1075 948
f 947 949 1076
f 947 1076 1077
f 947 1077 1068
f 948 1075 1074
f 948 1074 950
f 949 1067 1078
f 949 1078 1077
f 949 1077 1076
f 950 1074 1079
f 950 1079 1080
f 950 1080 951
f 951 1080 1081
f 951 1081 1082
f 951 1082 953
f 953 1082 1081
f 953 1081 1083
f 953 1083 954
f 954 1083 955
f 955 1032 956
f 955 1083 1032
f 957 1031 1084
f 957 1084 1085
f 957 1085 958
f 958 1085 1086
f 958 1086 1087
f 958 1087 1088
f 958 1088 1089
f 958 1089 959
f 959 1089 960
f 960 1089 1090
f 960 1090 961
f 961 1090 966
f 962 969 963
f 963 969 964
f 964 969 1091
f 964 1091 965
f 965 1091 970
f 966 1090 1092
f 966 1092 1093
f 966 1093 968
f 968 1093 1094
f 968 1094 969
f 969 1094 1095
f 969 1095 1091
f 970 1091 1096
f 970 1096 971
f 971 1096 1097
f 971 1097 1098
f 971 1098 973
f 973 1098 1099
f 973 1099 974
f 974 1100 976
f 974 976 975
f 974 1099 1101
f 974 1101 1102
f 974 1102 1100
f 976 1103 1048
f 976 1100 1103
f 977 1044 1104
f 977 1104 978
f 978 1104 979
f 979 1104 1105
f 979 1105 980
f 980 1106 981
f 980 1105 1106
f 981 1107 983
f 981 1106 1107
f 983 1108 984
f 983 1107 1108
f 984 1108 1109
f 984 1109 1110
f 984 1110 985
f 985 1110 986
f 986 1110 987
f 987 1111 1112
f 987 1112 1113
f 987 1113 1114
f 987 1114 988
f 987 1110 1111
f 988 1114 1113
f 988 1113 1115
f 988 1115 990
f 990 1115 1116
f 990 1116 993
f 991 995 992
f 992 995 1117
f 992 1117 997
f 993 1116 994
f 994 1116 1118
f 994 1118 1119
f 994 1119 995
f 995 1119 1120
f 995 1120 1121
f 995 1121 1117
f 996 997 1122
f 996 1122 1123
f 996 1123 1001
f 996 1001 998
f 997 1117 1124
f 997 1124 1122
f 1001 1123 1002
f 1002 1123 1125
f 1002 1125 1003
f 1003 1125 1004
f 1004 1125 1126
f 1004 1126 1127
f 1004 1127 1128
f 1004 1128 1129
f 1004 1129 1007
f 1005 1007 1008
f 1007 1130 1008
f 1007 1129 1128
f 1007 1128 1130
f 1008 1130 1010
f 1009 1010 1011
f 1010 1130 1131
f 1010 1131 1132
f 1010 1132 1133
f 1010 1133 1011
f 1011 1133 1134
f 1011 1134 1012
f 1012 1134 1013
f 1013 1134 1135
f 1013 1135 1136
f 1013 1136 1015
f 1013 1015 1014
f 1015 1137 1016
f 1015 1136 1137
f 1016 1137 1138
f 1016 1138 1017
f 1017 1138 1139
f 1018 1140 1019
f 1019 1141 1142
f 1019 1142 1021
f 1019 1140 1141
f 1020 1143 1022
f 1020 1021 1144
f 1020 1144 1143
f 1021 1142 1144
f 1022 1143 1023
f 1023 1143 1145
f 1023 1145 1024
f 1024 1145 1146
f 1024 1146 1147
f 1024 1147 1148
f 1024 1148 1025
f 1025 1148 1026
f 1026 1148 1149
f 1026 1149 1027
f 1027 1149 1028
f 1028 1149 1150
f 1028 1150 1151
f 1028 1151 1029
f 1029 1151 1030
f 1030 1151 1031
f 1031 1151 1152
f 1031 1152 1084
f 1032 1083 1153
f 1032 1153 1154
f 1032 1154 1155
f 1032 1155 1034
f 1033 1034 1155
f 1033 1155 1156
f 1033 1156 1157
f 1033 1157 1035
f 1035 1158 1159
f 1035 1159 1160
f 1035 1160 1037
f 1035 1037 1036
f 1035 1157 1158
f 1037 1160 1161
f 1037 1161 1038
f 1038 1161 1162
f 1038 1162 1039
f 1039 1162 1041
f 1041 1162 1163
f 1041 1163 1042
f 1042 1164 1165
f 1042 1165 1043
f 1042 1163 1164
f 1043 1165 1166
f 1043 1166 1044
f 1044 1166 1167
f 1044 1167 1104
f 1045 1053 1046
f 1046 1168 1047
f 1046 1053 1169
f 1046 1169 1168
f 1047 1170 1054
f 1047 1168 1170
f 1048 1171 1049
f 1048 1103 1172
f 1048 1172 1171
f 1049 1171 1050
f 1050 1171 1173
f 1050 1173 1174
f 1050 1174 1052
f 1050 1052 1051
f 1052 1175 1053
f 1052 1174 1176
f 1052 1176 1175
f 1053 1177 1169
f 1053 1175 1177
f 1054 1178 1055
f 1054 1170 1178
f 1055 1179 1065
f 1055 1178 1179
f 1056 1058 1180
f 1056 1180 1063
f 1057 1065 1058
f 1058 1065 1181
f 1058 1181 1182
f 1058 1182 1180
f 1059 1183 1184
f 1059 1184 1060
f 1059 1063 1185
f 1059 1185 1183
f 1060 1184 1061
f 1061 1184 1062
f 1062 1184 1186
f 1062 1186 1187
f 1062 1187 1064
f 1063 1180 1185
f 1064 1187 1066
f 1065 1188 1181
f 1065 1179 1188
f 1066 1189 1078
f 1066 1078 1067
f 1066 1187 1189
f 1068 1077 1190
f 1068 1190 1069
f 1069 1190 1191
f 1069 1191 1192
f 1069 1192 1193
f 1069 1193 1071
f 1069 1071 1070
f 1071 1193 1194
f 1071 1194 1195
f 1071 1195 1072
f 1072 1195 1196
f 1072 1196 1197
f 1072 1197 1074
f 1072 1074 1073
f 1074 1197 1198
f 1074 1198 1079
f 1077 1078 1199
f 1077 1199 1191
f 1077 1191 1190
f 1078 1189 1200
f 1078 1200 1199
f 1079 1198 1080
f 1080 1198 1201
f 1080 1201 1081
f 1081 1201 1202
f 1081 1202 1153
f 1081 1153 1083
f 1084 1152 1203
f 1084 1203 1085
f 1085 1203 1204
f 1085 1204 1086
f 1086 1204 1205
f 1086 1205 1088
f 1086 1088 1087
f 1088 1205 1206
f 1088 1206 1207
f 1088 1207 1090
f 1088 1090 1089
f 1090 1207 1208
f 1090 1208 1092
f 1091 1095 1096
f 1092 1208 1209
f 1092 1209 1210
f 1092 1210 1094
f 1092 1094 1093
f 1094 1210 1211
f 1094 1211 1095
f 1095 1211 1212
f 1095 1212 1096
f 1096 1212 1213
f 1096 1213 1097
f 1097 1214 1098
f 1097 1213 1215
f 1097 1215 1216
f 1097 1216 1214
f 1098 1214 1099
f 1099 1214 1217
f 1099 1217 1101
f 1100 1102 1218
f 1100 1218 1103
f 1101 1217 1219
f 1101 1219 1102
f 1102 1219 1220
f 1102 1220 1221
f 1102 1221 1222
f 1102 1222 1218
f 1103 1218 1172
f 1104 1223 1105
f 1104 1167 1223
f 1105 1223 1106
f 1106 1223 1224
f 1106 1224 1225
f 1106 1225 1107
f 1107 1225 1226
f 1107 1226 1227
f 1107 1227 1228
f 1107 1228 1108
f 1108 1229 1109
f 1108 1228 1227
f 1108 1227 1229
f 1109 1229 1230
f 1109 1230 1231
f 1109 1231 1232
f 1109 1232 1110
f 1110 1232 1233
f 1110 1233 1111
f 1111 1233 1112
f 1112 1233 1234
f 1112 1234 1235
f 1112 1235 1113
f 1113 1235 1118
f 1113 1118 1115
f 1115 1118 1116
f 1117 1121 1236
f 1117 1236 1124
f 1118 1235 1237
f 1118 1237 1119
f 1119 1237 1120
f 1120 1237 1238
f 1120 1238 1239
f 1120 1239 1236
f 1120 1236 1121
f 1122 1124 1123
f 1123 1124 1240
f 1123 1240 1241
f 1123 1241 1125
f 1124 1236 1242
f 1124 1242 1240
f 1125 1241 1126
f 1126 1243 1244
f 1126 1244 1127
f 1126 1241 1242
f 1126 1242 1243
f 1127 1244 1245
f 1127 1245 1130
f 1127 1130 1128
f 1130 1245 1131
f 1131 1245 1132
f 1132 1134 1133
f 1132 1245 1246
f 1132 1246 1247
f 1132 1247 1248
f 1132 1248 1134
f 1134 1248 1135
f 1135 1248 1249
f 1135 1249 1136
f 1136 1249 1250
f 1136 1250 1251
f 1136 1251 1137
f 1137 1251 1252
f 1137 1252 1253
f 1137 1253 1138
f 1138 1253 1139
f 1139 1253 1254
f 1140 1255 1141
f 1141 1256 1142
f 1141 1255 1257
f 1141 1257 1258
f 1141 1258 1256
f 1142 1256 1259
f 1142 1259 1260
f 1142 1260 1144
f 1143 1144 1145
f 1144 1260 1261
f 1144 1261 1262
f 1144 1262 1263
f 1144 1263 1145
f 1145 1263 1264
f 1145 1264 1146
f 1146 1264 1147
f 1147 1264 1265
f 1147 1265 1148
f 1148 1265 1266
f 1148 1266 1149
f 1149 1266 1150
f 1150 1266 1267
f 1150 1267 1152
f 1150 1152 1151
f 1152 1267 1268
f 1152 1268 1203
f 1153 1269 1270
f 1153 1270 1154
f 1153 1202 1269
f 1154 1270 1155
f 1155 1270 1156
f 1156 1271 1157
f 1156 1270 1271
f 1157 1271 1272
f 1157 1272 1273
f 1157 1273 1158
f 1158 1273 1274
f 1158 1274 1275
f 1158 1275 1159
f 1159 1275 1276
f 1159 1276 1277
f 1159 1277 1162
f 1159 1162 1161
f 1159 1161 1160
f 1162 1278 1163
f 1162 1277 1278
f 1163 1278 1279
f 1163 1279 1164
f 1164 1280 1281
f 1164 1281 1165
f 1164 1279 1280
f 1165 1281 1282
f 1165 1282 1166
f 1166 1282 1283
f 1166 1283 1167
f 1167 1283 1284
f 1167 1284 1223
f 1168 1169 1285
f 1168 1285 1170
f 1169 1177 1286
f 1169 1286 1287
f 1169 1287 1288
f 1169 1288 1285
f 1170 1285 1289
f 1170 1289 1178
f 1171 1172 1290
f 1171 1290 1291
f 1171 1291 1173
f 1172 1218 1292
f 1172 1292 1290
f 1173 1293 1294
f 1173 1294 1176
f 1173 1176 1174
f 1173 1291 1295
f 1173 1295 1293
f 1175 1296 1177
f 1175 1176 1296
f 1176 1294 1293
f 1176 1293 1297
f 1176 1297 1296
f 1177 1296 1298
f 1177 1298 1286
f 1178 1299 1179
f 1178 1289 1299
f 1179 1299 1300
f 1179 1300 1188
f 1180 1182 1301
f 1180 1301 1185
f 1181 1188 1182
f 1182 1188 1302
f 1182 1302 1301
f 1183 1185 1303
f 1183 1303 1304
f 1183 1304 1184
f 1184 1304 1305
f 1184 1305 1187
f 1184 1187 1186
f 1185 1301 1303
f 1187 1305 1306
f 1187 1306 1189
f 1188 1300 1307
f 1188 1307 1302
f 1189 1306 1305
f 1189 1305 1308
f 1189 1308 1200
f 1191 1199 1309
f 1191 1309 1310
f 1191 1310 1192
f 1192 1311 1193
f 1192 1310 1311
f 1193 1312 1313
f 1193 1313 1194
f 1193 1311 1312
f 1194 1313 1196
f 1194 1196 1195
f 1196 1313 1314
f 1196 1314 1315
f 1196 1315 1316
f 1196 1316 1197
f 1197 1316 1317
f 1197 1317 1318
f 1197 1318 1198
f 1198 1318 1319
f 1198 1319 1201
f 1199 1200 1309
f 1200 1308 1320
f 1200 1320 1321
f 1200 1321 1309
f 1201 1319 1202
f 1202 1319 1322
f 1202 1322 1269
f 1203 1268 1323
f 1203 1323 1204
f 1204 1323 1205
f 1205 1323 1324
f 1205 1324 1206
f 1206 1324 1325
f 1206 1325 1209
f 1206 1209 1208
f 1206 1208 1207
f 1209 1326 1210
f 1209 1325 1327
f 1209 1327 1328
f 1209 1328 1326
f 1210 1326 1211
f 1211 1329 1213
f 1211 1213 1212
f 1211 1326 1330
f 1211 1330 1329
f 1213 1329 1215
f 1214 1216 1331
f 1214 1331 1217
f 1215 1332 1216
f 1215 1329 1333
f 1215 1333 1334
f 1215 1334 1332
f 1216 1332 1335
f 1216 1335 1331
f 1217 1331 1335
f 1217 1335 1219
f 1218 1222 1336
f 1218 1336 1292
f 1219 1335 1220
f 1220 1335 1337
f 1220 1337 1338
f 1220 1338 1339
f 1220 1339 1221
f 1221 1339 1222
f 1222 1340 1341
f 1222 1341 1292
f 1222 1292 1336
f 1222 1339 1342
f 1222 1342 1340
f 1223 1284 1343
f 1223 1343 1224
f 1224 1343 1344
f 1224 1344 1225
f 1225 1344 1226
f 1226 1345 1346
f 1226 1346 1227
f 1226 1344 1345
f 1227 1346 1229
f 1229 1346 1230
f 1230 1347 1348
f 1230 1348 1349
f 1230 1349 1350
f 1230 1350 1351
f 1230 1351 1231
f 1230 1346 1347
f 1231 1351 1350
f 1231 1350 1352
f 1231 1352 1353
f 1231 1353 1232
f 1232 1353 1354
f 1232 1354 1233
f 1233 1354 1234
f 1234 1354 1355
f 1234 1355 1356
f 1234 1356 1235
f 1235 1357 1237
f 1235 1356 1357
f 1236 1239 1242
f 1237 1357 1238
f 1238 1357 1358
f 1238 1358 1359
f 1238 1359 1239
f 1239 1359 1360
f 1239 1360 1361
f 1239 1361 1242
f 1240 1242 1241
f 1242 1361 1243
f 1243 1361 1244
f 1244 1361 1362
f 1244 1362 1363
f 1244 1363 1364
f 1244 1364 1245
f 1245 1364 1246
f 1246 1364 1247
f 1247 1364 1365
f 1247 1365 1248
f 1248 1365 1366
f 1248 1366 1367
f 1248 1367 1250
f 1248 1250 1249
f 1250 1367 1368
f 1250 1368 1251
f 1251 1368 1252
f 1252 1368 1369
f 1252 1369 1253
f 1253 1369 1370
f 1253 1370 1371
f 1253 1371 1254
f 1256 1258 1372
f 1256 1372 1373
f 1256 1373 1259
f 1259 1374 1375
f 1259 1375 1261
f 1259 1261 1260
f 1259 1373 1374
f 1261 1375 1376
f 1261 1376 1377
f 1261 1377 1262
f 1262 1377 1378
f 1262 1378 1379
f 1262 1379 1263
f 1263 1379 1380
f 1263 1380 1381
f 1263 1381 1264
f 1264 1381 1382
f 1264 1382 1265
f 1265 1382 1383
f 1265 1383 1384
f 1265 1384 1266
f 1266 1268 1267
f 1266 1384 1268
f 1268 1384 1383
f 1268 1383 1323
f 1269 1322 1385
f 1269 1385 1386
f 1269 1386 1387
f 1269 1387 1270
f 1270 1386 1271
f 1270 1387 1386
f 1271 1386 1388
f 1271 1388 1389
f 1271 1389 1390
f 1271 1390 1272
f 1272 1391 1274
f 1272 1274 1273
f 1272 1390 1391
f 1274 1391 1392
f 1274 1392 1393
f 1274 1393 1275
f 1275 1393 1276
f 1276 1394 1395
f 1276 1395 1396
f 1276 1396 1278
f 1276 1278 1277
f 1276 1393 1394
f 1278 1396 1395
f 1278 1395 1397
f 1278 1397 1398
f 1278 1398 1279
f 1279 1398 1280
f 1280 1399 1400
f 1280 1400 1401
f 1280 1401 1402
f 1280 1402 1281
f 1280 1398 1403
f 1280 1403 1399
f 1281 1402 1282
f 1282 1404 1283
f 1282 1402 1404
f 1283 1405 1284
f 1283 1404 1405
f 1284 1405 1343
f 1285 1288 1289
f 1286 1406 1287
f 1286 1298 1296
f 1286 1296 1406
f 1287 1407 1408
f 1287 1408 1288
f 1287 1406 1407
f 1288 1408 1289
f 1289 1408 1409
f 1289 1409 1410
f 1289 1410 1299
f 1290 1292 1411
f 1290 1411 1295
f 1290 1295 1291
f 1292 1341 1411
f 1293 1412 1297
f 1293 1295 1412
f 1295 1411 1413
f 1295 1413 1414
f 1295 1414 1415
f 1295 1415 1416
f 1295 1416 1412
f 1296 1417 1406
f 1296 1297 1417
f 1297 1412 1418
f 1297 1418 1419
f 1297 1419 1420
f 1297 1420 1421
f 1297 1421 1417
f 1299 1410 1300
f 1300 1410 1409
f 1300 1409 1307
f 1301 1302 1422
f 1301 1422 1423
f 1301 1423 1303
f 1302 1307 1424
f 1302 1424 1422
f 1303 1423 1425
f 1303 1425 1304
f 1304 1426 1305
f 1304 1425 1426
f 1305 1320 1308
f 1305 1426 1320
f 1307 1409 1427
f 1307 1427 1428
f 1307 1428 1424
f 1309 1321 1429
f 1309 1429 1310
f 1310 1429 1430
f 1310 1430 1311
f 1311 1431 1432
f 1311 1432 1312
f 1311 1430 1433
f 1311 1433 1434
f 1311 1434 1431
f 1312 1432 1435
f 1312 1435 1313
f 1313 1435 1314
f 1314 1436 1437
f 1314 1437 1315
f 1314 1435 1436
f 1315 1437 1317
f 1315 1317 1316
f 1317 1437 1438
f 1317 1438 1439
f 1317 1439 1319
f 1317 1319 1318
f 1319 1439 1322
f 1320 1426 1440
f 1320 1440 1441
f 1320 1441 1321
f 1321 1442 1429
f 1321 1441 1442
f 1322 1439 1443
f 1322 1443 1444
f 1322 1444 1445
f 1322 1445 1385
f 1323 1383 1324
f 1324 1383 1446
f 1324 1446 1447
f 1324 1447 1325
f 1325 1447 1327
f 1326 1328 1333
f 1326 1333 1330
f 1327 1447 1448
f 1327 1448 1328
f 1328 1448 1449
f 1328 1449 1333
f 1329 1330 1333
f 1332 1334 1335
f 1333 1449 1450
f 1333 1450 1334
f 1334 1450 1451
f 1334 1451 1452
f 1334 1452 1335
f 1335 1452 1337
f 1337 1453 1338
f 1337 1452 1454
f 1337 1454 1453
f 1338 1453 1455
f 1338 1455 1339
f 1339 1456 1342
f 1339 1455 1456
f 1340 1342 1341
f 1341 1342 1413
f 1341 1413 1411
f 1342 1456 1457
f 1342 1457 1458
f 1342 1458 1459
f 1342 1459 1460
f 1342 1460 1413
f 1343 1461 1345
f 1343 1345 1344
f 1343 1405 1461
f 1345 1462 1463
f 1345 1463 1346
f 1345 1461 1462
f 1346 1463 1347
f 1347 1464 1348
f 1347 1463 1465
f 1347 1465 1464
f 1348 1466 1349
f 1348 1464 1466
f 1349 1466 1467
f 1349 1467 1468
f 1349 1468 1352
f 1349 1352 1350
f 1352 1468 1469
f 1352 1469 1353
f 1353 1355 1354
f 1353 1469 1355
f 1355 1469 1470
f 1355 1470 1356
f 1356 1470 1471
f 1356 1471 1472
f 1356 1472 1357
f 1357 1472 1471
f 1357 1471 1358
f 1358 1471 1473
f 1358 1473 1360
f 1358 1360 1359
f 1360 1473 1474
f 1360 1474 1361
f 1361 1474 1362
f 1362 1474 1475
f 1362 1475 1476
f 1362 1476 1363
f 1363 1476 1477
f 1363 1477 1364
f 1364 1477 1365
f 1365 1477 1366
f 1366 1477 1478
f 1366 1478 1479
f 1366 1479 1367
f 1367 1479 1368
f 1368 1479 1480
f 1368 1480 1481
f 1368 1481 1482
f 1368 1482 1483
f 1368 1483 1369
f 1369 1483 1484
f 1369 1484 1370
f 1370 1484 1485
f 1370 1485 1486
f 1370 1486 1371
f 1373 1487 1488
f 1373 1488 1374
f 1374 1488 1489
f 1374 1489 1375
f 1375 1489 1376
f 1376 1490 1377
f 1376 1489 1491
f 1376 1491 1490
f 1377 1490 1492
f 1377 1492 1493
f 1377 1493 1494
f 1377 1494 1378
f 1378 1495 1496
f 1378 1496 1379
f 1378 1494 1493
f 1378 1493 1495
f 1379 1496 1497
f 1379 1497 1498
f 1379 1498 1380
f 1380 1498 1381
f 1381 1498 1382
f 1382 1498 1499
f 1382 1499 1383
f 1383 1499 1498
f 1383 1498 1446
f 1385 1445 1386
f 1386 1445 1500
f 1386 1500 1501
f 1386 1501 1388
f 1388 1501 1389
f 1389 1502 1503
f 1389 1503 1391
f 1389 1391 1390
f 1389 1501 1502
f 1391 1503 1392
f 1392 1503 1504
f 1392 1504 1505
f 1392 1505 1393
f 1393 1505 1394
f 1394 1505 1506
f 1394 1506 1507
f 1394 1507 1508
f 1394 1508 1395
f 1395 1508 1397
f 1397 1509 1403
f 1397 1403 1398
f 1397 1508 1509
f 1399 1510 1511
f 1399 1511 1512
f 1399 1512 1400
f 1399 1403 1510
f 1400 1512 1513
f 1400 1513 1514
f 1400 1514 1402
f 1400 1402 1401
f 1402 1514 1404
f 1403 1509 1510
f 1404 1514 1515
f 1404 1515 1405
f 1405 1515 1516
f 1405 1516 1517
f 1405 1517 1461
f 1406 1417 1518
f 1406 1518 1519
f 1406 1519 1407
f 1407 1519 1520
f 1407 1520 1408
f 1408 1520 1427
f 1408 1427 1409
f 1412 1416 1521
f 1412 1521 1418
f 1413 1460 1522
f 1413 1522 1414
f 1414 1522 1415
f 1415 1522 1523
f 1415 1523 1416
f 1416 1523 1524
f 1416 1524 1521
f 1417 1421 1518
f 1418 1521 1419
f 1419 1521 1525
f 1419 1525 1526
f 1419 1526 1527
f 1419 1527 1420
f 1420 1527 1528
f 1420 1528 1518
f 1420 1518 1421
f 1422 1424 1423
f 1423 1529 1530
f 1423 1530 1425
f 1423 1424 1531
f 1423 1531 1529
f 1424 1532 1533
f 1424 1533 1531
f 1424 1428 1534
f 1424 1534 1532
f 1425 1530 1426
f 1426 1530 1440
f 1427 1535 1428
f 1427 1520 1535
f 1428 1535 1534
f 1429 1442 1536
f 1429 1536 1537
f 1429 1537 1430
f 1430 1537 1433
f 1431 1538 1539
f 1431 1539 1540
f 1431 1540 1541
f 1431 1541 1432
f 1431 1434 1433
f 1431 1433 1542
f 1431 1542 1538
f 1432 1541 1435
f 1433 1537 1543
f 1433 1543 1542
f 1435 1541 1436
f 1436 1541 1540
f 1436 1540 1544
f 1436 1544 1545
f 1436 1545 1546
f 1436 1546 1547
f 1436 1547 1437
f 1437 1547 1548
f 1437 1548 1438
f 1438 1548 1444
f 1438 1444 1439
f 1439 1444 1443
f 1440 1549 1441
f 1440 1530 1549
f 1441 1549 1550
f 1441 1550 1442
f 1442 1550 1551
f 1442 1551 1552
f 1442 1552 1553
f 1442 1553 1536
f 1444 1548 1554
f 1444 1554 1445
f 1445 1554 1555
f 1445 1555 1556
f 1445 1556 1500
f 1446 1498 1497
f 1446 1497 1447
f 1447 1497 1448
f 1448 1557 1449
f 1448 1497 1558
f 1448 1558 1557
f 1449 1557 1450
f 1450 1559 1451
f 1450 1557 1560
f 1450 1560 1561
f 1450 1561 1559
f 1451 1454 1452
f 1451 1559 1454
f 1453 1454 1562
f 1453 1562 1563
f 1453 1563 1455
f 1454 1559 1562
f 1455 1563 1564
f 1455 1564 1457
f 1455 1457 1456
f 1457 1564 1565
f 1457 1565 1566
f 1457 1566 1567
f 1457 1567 1458
f 1458 1567 1568
f 1458 1568 1460
f 1458 1460 1459
f 1460 1568 1567
f 1460 1567 1569
f 1460 1569 1570
f 1460 1570 1523
f 1460 1523 1522
f 1461 1517 1516
f 1461 1516 1571
f 1461 1571 1462
f 1462 1572 1465
f 1462 1465 1463
f 1462 1571 1573
f 1462 1573 1572
f 1464 1465 1574
f 1464 1574 1575
f 1464 1575 1466
f 1465 1572 1576
f 1465 1576 1574
f 1466 1575 1577
f 1466 1577 1578
f 1466 1578 1467
f 1467 1578 1468
f 1468 1578 1579
f 1468 1579 1580
f 1468 1580 1581
f 1468 1581 1582
f 1468 1582 1469
f 1469 1582 1583
f 1469 1583 1584
f 1469 1584 1470
f 1470 1584 1471
f 1471 1585 1473
f 1471 1584 1585
f 1473 1585 1586
f 1473 1586 1474
f 1474 1586 1475
f 1475 1586 1587
f 1475 1587 1588
f 1475 1588 1589
f 1475 1589 1476
f 1476 1589 1477
f 1477 1589 1478
f 1478 1589 1588
f 1478 1588 1590
f 1478 1590 1479
f 1479 1481 1480
f 1479 1590 1481
f 1481 1591 1592
f 1481 1592 1482
f 1481 1590 1593
f 1481 1593 1594
f 1481 1594 1591
f 1482 1592 1595
f 1482 1595 1484
f 1482 1484 1483
f 1484 1595 1596
f 1484 1596 1485
f 1485 1596 1486
f 1486 1596 1598
f 1486 1598 1597
f 1487 1599 1488
f 1488 1600 1489
f 1488 1599 1600
f 1489 1600 1491
f 1490 1491 1492
f 1491 1601 1602
f 1491 1602 1492
f 1491 1600 1599
f 1491 1599 1603
f 1491 1603 1604
f 1491 1604 1601
f 1492 1602 1605
f 1492 1605 1606
f 1492 1606 1493
f 1493 1607 1495
f 1493 1606 1607
f 1495 1560 1496
f 1495 1607 1608
f 1495 1608 1560
f 1496 1560 1558
f 1496 1558 1497
f 1500 1556 1501
f 1501 1609 1610
f 1501 1610 1502
f 1501 1556 1609
f 1502 1610 1611
f 1502 1611 1503
f 1503 1611 1612
f 1503 1612 1613
f 1503 1613 1504
f 1504 1613 1505
f 1505 1613 1614
f 1505 1614 1506
f 1506 1615 1616
f 1506 1616 1507
f 1506 1614 1613
f 1506 1613 1617
f 1506 1617 1615
f 1507 1618 1508
f 1507 1616 1619
f 1507 1619 1618
f 1508 1618 1509
f 1509 1618 1619
f 1509 1619 1510
f 1510 1619 1620
f 1510 1620 1511
f 1511 1620 1621
f 1511 1621 1622
f 1511 1622 1512
f 1512 1622 1623
f 1512 1623 1513
f 1513 1624 1515
f 1513 1515 1514
f 1513 1623 1625
f 1513 1625 1626
f 1513 1626 1624
f 1515 1624 1516
f 1516 1627 1573
f 1516 1573 1571
f 1516 1624 1627
f 1518 1628 1519
f 1518 1528 1629
f 1518 1629 1630
f 1518 1630 1628
f 1519 1628 1631
f 1519 1631 1632
f 1519 1632 1520
f 1520 1632 1535
f 1521 1524 1633
f 1521 1633 1525
f 1523 1570 1524
f 1524 1634 1633
f 1524 1570 1635
f 1524 1635 1634
f 1525 1636 1526
f 1525 1633 1636
f 1526 1636 1637
f 1526 1637 1527
f 1527 1637 1638
f 1527 1638 1528
f 1528 1638 1630
f 1528 1630 1629
f 1529 1639 1530
f 1529 1531 1640
f 1529 1640 1639
f 1530 1639 1641
f 1530 1641 1549
f 1531 1533 1642
f 1531 1642 1640
f 1532 1534 1643
f 1532 1643 1533
f 1533 1644 1642
f 1533 1643 1645
f 1533 1645 1646
f 1533 1646 1647
f 1533 1647 1648
f 1533 1648 1644
f 1534 1535 1649
f 1534 1649 1650
f 1534 1650 1645
f 1534 1645 1643
f 1535 1632 1631
f 1535 1631 1651
f 1535 1651 1649
f 1536 1553 1652
f 1536 1652 1653
f 1536 1653 1537
f 1537 1653 1654
f 1537 1654 1543
f 1538 1655 1656
f 1538 1656 1539
f 1538 1542 1657
f 1538 1657 1655
f 1539 1656 1658
f 1539 1658 1540
f 1540 1658 1659
f 1540 1659 1544
f 1542 1543 1657
f 1543 1654 1660
f 1543 1660 1657
f 1544 1661 1545
f 1544 1659 1661
f 1545 1661 1546
f 1546 1662 1554
f 1546 1554 1663
f 1546 1663 1547
f 1546 1661 1664
f 1546 1664 1665
f 1546 1665 1662
f 1547 1663 1548
f 1548 1663 1554
f 1549 1551 1550
f 1549 1641 1666
f 1549 1666 1667
f 1549 1667 1668
f 1549 1668 1551
f 1551 1669 1553
f 1551 1553 1552
f 1551 1668 1669
f 1553 1653 1652
f 1553 1669 1653
f 1554 1662 1670
f 1554 1670 1555
f 1555 1670 1556
f 1556 1670 1671
f 1556 1671 1672
f 1556 1672 1609
f 1557 1558 1560
f 1559 1561 1562
f 1560 1608 1562
f 1560 1562 1561
f 1562 1608 1673
f 1562 1673 1674
f 1562 1674 1563
f 1563 1674 1675
f 1563 1675 1564
f 1564 1675 1565
f 1565 1676 1566
f 1565 1675 1674
f 1565 1674 1677
f 1565 1677 1676
f 1566 1676 1678
f 1566 1678 1679
f 1566 1679 1567
f 1567 1679 1569
f 1569 1679 1680
f 1569 1680 1635
f 1569 1635 1570
f 1572 1681 1682
f 1572 1682 1576
f 1572 1573 1681
f 1573 1627 1683
f 1573 1683 1684
f 1573 1684 1681
f 1574 1576 1685
f 1574 1685 1686
f 1574 1686 1575
f 1575 1686 1578
f 1575 1578 1577
f 1576 1682 1687
f 1576 1687 1685
f 1578 1686 1688
f 1578 1688 1689
f 1578 1689 1579
f 1579 1689 1690
f 1579 1690 1580
f 1580 1690 1581
f 1581 1690 1691
f 1581 1691 1582
f 1582 1691 1583
f 1583 1585 1584
f 1583 1691 1692
f 1583 1692 1693
f 1583 1693 1585
f 1585 1587 1586
f 1585 1693 1694
f 1585 1694 1587
f 1587 1694 1588
f 1588 1694 1695
f 1588 1695 1590
f 1590 1695 1696
f 1590 1696 1697
f 1590 1697 1593
f 1591 1594 1698
f 1591 1698 1699
f 1591 1699 1700
f 1591 1700 1592
f 1592 1700 1701
f 1592 1701 1595
f 1593 1697 1696
f 1593 1696 1702
f 1593 1702 1703
f 1593 1703 1594
f 1594 1703 1691
f 1594 1691 1690
f 1594 1690 1698
f 1595 1701 1598
f 1595 1598 1596
f 1597 1598 1704
f 1598 1701 1705
f 1598 1705 1704
f 1601 1706 1602
f 1601 1604 1707
f 1601 1707 1708
f 1601 1708 1706
f 1602 1706 1605
f 1605 1706 1709
f 1605 1709 1606
f 1606 1709 1710
f 1606 1710 1711
f 1606 1711 1607
f 1607 1673 1608
f 1607 1711 1710
f 1607 1710 1677
f 1607 1677 1673
f 1609 1672 1610
f 1610 1672 1611
f 1611 1712 1613
f 1611 1613 1612
f 1611 1672 1712
f 1613 1712 1713
f 1613 1713 1714
f 1613 1714 1715
f 1613 1715 1617
f 1615 1617 1715
f 1615 1715 1716
f 1615 1716 1717
f 1615 1717 1616
f 1616 1717 1718
f 1616 1718 1619
f 1619 1718 1719
f 1619 1719 1720
f 1619 1720 1620
f 1620 1721 1622
f 1620 1622 1621
f 1620 1720 1721
f 1622 1721 1722
f 1622 1722 1623
f 1623 1723 1625
f 1623 1722 1724
f 1623 1724 1723
f 1624 1683 1627
f 1624 1626 1683
f 1625 1723 1626
f 1626 1723 1725
f 1626 1725 1726
f 1626 1726 1684
f 1626 1684 1683
f 1628 1630 1727
f 1628 1727 1631
f 1630 1638 1728
f 1630 1728 1727
f 1631 1727 1729
f 1631 1729 1730
f 1631 1730 1651
f 1633 1634 1731
f 1633 1731 1732
f 1633 1732 1636
f 1634 1635 1680
f 1634 1680 1733
f 1634 1733 1731
f 1636 1732 1734
f 1636 1734 1735
f 1636 1735 1736
f 1636 1736 1637
f 1637 1736 1638
f 1638 1736 1737
f 1638 1737 1728
f 1639 1640 1641
f 1640 1666 1641
f 1640 1642 1644
f 1640 1644 1738
f 1640 1738 1739
f 1640 1739 1666
f 1644 1648 1738
f 1645 1650 1740
f 1645 1740 1741
f 1645 1741 1646
f 1646 1742 1647
f 1646 1741 1743
f 1646 1743 1742
f 1647 1742 1744
f 1647 1744 1648
f 1648 1744 1745
f 1648 1745 1738
f 1649 1651 1740
f 1649 1740 1650
f 1651 1730 1746
f 1651 1746 1740
f 1653 1747 1654
f 1653 1669 1747
f 1654 1747 1660
f 1655 1748 1749
f 1655 1749 1750
f 1655 1750 1751
f 1655 1751 1656
f 1655 1657 1752
f 1655 1752 1748
f 1656 1751 1753
f 1656 1753 1658
f 1657 1660 1754
f 1657 1754 1752
f 1658 1753 1661
f 1658 1661 1659
f 1660 1747 1754
f 1661 1755 1756
f 1661 1756 1664
f 1661 1753 1755
f 1662 1757 1758
f 1662 1758 1670
f 1662 1665 1757
f 1664 1756 1759
f 1664 1759 1760
f 1664 1760 1665
f 1665 1760 1761
f 1665 1761 1758
f 1665 1758 1757
f 1666 1668 1762
f 1666 1762 1667
f 1666 1739 1668
f 1667 1762 1668
f 1668 1739 1763
f 1668 1763 1669
f 1669 1763 1764
f 1669 1764 1747
f 1670 1672 1671
f 1670 1758 1765
f 1670 1765 1672
f 1672 1765 1766
f 1672 1766 1712
f 1673 1677 1674
f 1676 1677 1678
f 1677 1710 1767
f 1677 1767 1678
f 1678 1767 1679
f 1679 1768 1769
f 1679 1769 1680
f 1679 1767 1768
f 1680 1769 1733
f 1681 1684 1682
f 1682 1770 1771
f 1682 1771 1687
f 1682 1684 1770
f 1684 1726 1772
f 1684 1772 1773
f 1684 1773 1770
f 1685 1774 1775
f 1685 1775 1686
f 1685 1687 1774
f 1686 1775 1688
f 1687 1776 1774
f 1687 1771 1776
f 1688 1777 1778
f 1688 1778 1698
f 1688 1698 1690
f 1688 1690 1689
f 1688 1775 1779
f 1688 1779 1777
f 1691 1703 1692
f 1692 1703 1693
f 1693 1703 1702
f 1693 1702 1694
f 1694 1702 1696
f 1694 1696 1695
f 1698 1778 1777
f 1698 1777 1699
f 1699 1777 1780
f 1699 1780 1781
f 1699 1781 1700
f 1700 1781 1782
f 1700 1782 1701
f 1701 1782 1705
f 1704 1705 1784
f 1704 1784 1785
f 1704 1785 1786
f 1704 1786 1783
f 1705 1782 1787
f 1705 1787 1784
f 1706 1788 1709
f 1706 1708 1789
f 1706 1789 1788
f 1709 1788 1790
f 1709 1790 1710
f 1710 1790 1768
f 1710 1768 1767
f 1712 1791 1713
f 1712 1766 1792
f 1712 1792 1791
f 1713 1793 1794
f 1713 1794 1716
f 1713 1716 1714
f 1713 1791 1793
f 1714 1716 1715
f 1716 1795 1717
f 1716 1794 1795
f 1717 1795 1719
f 1717 1719 1718
f 1719 1796 1720
f 1719 1795 1796
f 1720 1796 1797
f 1720 1797 1721
f 1721 1797 1798
f 1721 1798 1722
f 1722 1799 1800
f 1722 1800 1724
f 1722 1798 1799
f 1723 1724 1800
f 1723 1800 1725
f 1725 1801 1773
f 1725 1773 1772
f 1725 1772 1726
f 1725 1800 1802
f 1725 1802 1801
f 1727 1746 1730
f 1727 1730 1729
f 1727 1728 1803
f 1727 1803 1746
f 1728 1737 1803
f 1731 1733 1804
f 1731 1804 1805
f 1731 1805 1732
f 1732 1806 1807
f 1732 1807 1808
f 1732 1808 1734
f 1732 1805 1809
f 1732 1809 1806
f 1733 1769 1804
f 1734 1808 1810
f 1734 1810 1735
f 1735 1810 1736
f 1736 1810 1811
f 1736 1811 1812
f 1736 1812 1813
f 1736 1813 1803
f 1736 1803 1737
f 1738 1814 1739
f 1738 1745 1814
f 1739 1814 1763
f 1740 1746 1741
f 1741 1815 1742
f 1741 1742 1743
f 1741 1746 1816
f 1741 1816 1817
f 1741 1817 1815
f 1742 1815 1818
f 1742 1818 1819
f 1742 1819 1820
f 1742 1820 1744
f 1744 1820 1745
f 1745 1820 1821
f 1745 1821 1763
f 1745 1763 1814
f 1746 1803 1816
f 1747 1764 1754
f 1748 1822 1823
f 1748 1823 1824
f 1748 1824 1825
f 1748 1825 1749
f 1748 1752 1826
f 1748 1826 1822
f 1749 1825 1750
f 1750 1753 1751
f 1750 1825 1827
f 1750 1827 1828
f 1750 1828 1829
f 1750 1829 1755
f 1750 1755 1753
f 1752 1754 1764
f 1752 1764 1830
f 1752 1830 1831
f 1752 1831 1832
f 1752 1832 1826
f 1755 1829 1759
f 1755 1759 1756
f 1758 1833 1765
f 1758 1761 1760
f 1758 1760 1834
f 1758 1834 1833
f 1759 1835 1836
f 1759 1836 1760
f 1759 1829 1835
f 1760 1836 1837
f 1760 1837 1838
f 1760 1838 1833
f 1760 1833 1834
f 1763 1821 1764
f 1764 1821 1830
f 1765 1833 1792
f 1765 1792 1766
f 1768 1839 1840
f 1768 1840 1769
f 1768 1790 1839
f 1769 1840 1804
f 1770 1841 1771
f 1770 1773 1841
f 1771 1841 1842
f 1771 1842 1843
f 1771 1843 1776
f 1773 1844 1841
f 1773 1801 1844
f 1774 1845 1779
f 1774 1779 1775
f 1774 1776 1846
f 1774 1846 1845
f 1776 1843 1842
f 1776 1842 1847
f 1776 1847 1846
f 1777 1779 1780
f 1779 1845 1848
f 1779 1848 1780
f 1780 1848 1849
f 1780 1849 1787
f 1780 1787 1781
f 1781 1787 1782
f 1783 1786 1850
f 1784 1787 1785
f 1785 1787 1849
f 1785 1849 1851
f 1785 1851 1786
f 1786 1851 1852
f 1786 1852 1853
f 1786 1853 1850
f 1788 1854 1855
f 1788 1855 1856
f 1788 1856 1839
f 1788 1839 1790
f 1788 1789 1857
f 1788 1857 1858
f 1788 1858 1854
f 1791 1859 1793
f 1791 1792 1860
f 1791 1860 1861
f 1791 1861 1859
f 1792 1833 1860
f 1793 1859 1862
f 1793 1862 1794
f 1794 1862 1863
f 1794 1863 1795
f 1795 1863 1864
f 1795 1864 1865
f 1795 1865 1796
f 1796 1866 1867
f 1796 1867 1868
f 1796 1868 1797
f 1796 1865 1866
f 1797 1868 1798
f 1798 1869 1870
f 1798 1870 1799
f 1798 1868 1869
f 1799 1870 1871
f 1799 1871 1800
f 1800 1871 1802
f 1801 1872 1844
f 1801 1802 1873
f 1801 1873 1872
f 1802 1871 1873
f 1803 1813 1817
f 1803 1817 1816
f 1804 1840 1874
f 1804 1874 1875
f 1804 1875 1809
f 1804 1809 1805
f 1806 1876 1807
f 1806 1809 1876
f 1807 1877 1878
f 1807 1878 1879
f 1807 1879 1808
f 1807 1876 1877
f 1808 1879 1880
f 1808 1880 1810
f 1809 1875 1876
f 1810 1880 1811
f 1811 1880 1881
f 1811 1881 1882
f 1811 1882 1812
f 1812 1882 1813
f 1813 1882 1883
f 1813 1883 1817
f 1815 1817 1818
f 1817 1883 1818
f 1818 1883 1884
f 1818 1884 1819
f 1819 1885 1886
f 1819 1886 1820
f 1819 1884 1887
f 1819 1887 1885
f 1820 1886 1821
f 1821 1888 1830
f 1821 1886 1888
f 1822 1889 1890
f 1822 1890 1824
f 1822 1824 1823
f 1822 1826 1891
f 1822 1891 1889
f 1824 1892 1893
f 1824 1893 1827
f 1824 1827 1825
f 1824 1890 1892
f 1826 1832 1891
f 1827 1893 1894
f 1827 1894 1895
f 1827 1895 1896
f 1827 1896 1828
f 1828 1896 1835
f 1828 1835 1829
f 1830 1888 1897
f 1830 1897 1898
f 1830 1898 1899
f 1830 1899 1831
f 1831 1899 1832
f 1832 1899 1900
f 1832 1900 1891
f 1833 1838 1901
f 1833 1901 1902
f 1833 1902 1860
f 1835 1903 1904
f 1835 1904 1901
f 1835 1901 1837
f 1835 1837 1836
f 1835 1896 1903
f 1837 1901 1838
f 1839 1856 1874
f 1839 1874 1840
f 1841 1844 1842
f 1842 1844 1872
f 1842 1872 1847
f 1845 1846 1848
f 1846 1847 1905
f 1846 1905 1848
f 1847 1872 1906
f 1847 1906 1907
f 1847 1907 1908
f 1847 1908 1905
f 1848 1905 1909
f 1848 1909 1849
f 1849 1909 1851
f 1851 1909 1852
f 1852 1909 1908
f 1852 1908 1907
f 1852 1907 1910
f 1852 1910 1853
f 1853 1910 1912
f 1853 1912 1913
f 1853 1913 1914
f 1853 1914 1915
f 1853 1915 1911
f 1854 1858 1855
f 1855 1916 1856
f 1855 1858 1917
f 1855 1917 1916
f 1856 1916 1874
f 1859 1918 1919
f 1859 1919 1862
f 1859 1861 1860
f 1859 1860 1920
f 1859 1920 1921
f 1859 1921 1922
f 1859 1922 1918
f 1860 1902 1923
f 1860 1923 1920
f 1862 1919 1863
f 1863 1924 1925
f 1863 1925 1864
f 1863 1919 1924
f 1864 1925 1926
f 1864 1926 1865
f 1865 1926 1866
f 1866 1926 1927
f 1866 1927 1867
f 1867 1927 1928
f 1867 1928 1869
f 1867 1869 1868
f 1869 1928 1929
f 1869 1929 1930
f 1869 1930 1870
f 1870 1930 1871
f 1871 1930 1873
f 1872 1931 1906
f 1872 1873 1932
f 1872 1932 1931
f 1873 1930 1933
f 1873 1933 1932
f 1874 1916 1934
f 1874 1934 1875
f 1875 1934 1876
f 1876 1935 1877
f 1876 1934 1935
f 1877 1935 1936
f 1877 1936 1937
f 1877 1937 1938
f 1877 1938 1878
f 1878 1939 1940
f 1878 1940 1879
f 1878 1938 1939
f 1879 1940 1880
f 1880 1940 1941
f 1880 1941 1881
f 1881 1942 1943
f 1881 1943 1882
f 1881 1941 1942
f 1882 1943 1944
f 1882 1944 1945
f 1882 1945 1883
f 1883 1945 1946
f 1883 1946 1887
f 1883 1887 1884
f 1885 1887 1947
f 1885 1947 1948
f 1885 1948 1886
f 1886 1948 1888
f 1887 1946 1947
f 1888 1948 1897
f 1889 1891 1949
f 1891 1900 1950
f 1891 1950 1951
f 1891 1951 1949
f 1894 1952 1903
f 1894 1903 1896
f 1894 1896 1895
f 1897 1953 1954
f 1897 1954 1955
f 1897 1955 1898
f 1897 1948 1956
f 1897 1956 1953
f 1898 1957 1950
f 1898 1950 1900
f 1898 1900 1899
f 1898 1955 1958
f 1898 1958 1949
f 1898 1949 1957
f 1901 1959 1902
f 1901 1904 1960
f 1901 1960 1959
f 1902 1959 1923
f 1903 1952 1961
f 1903 1961 1960
f 1903 1960 1904
f 1905 1908 1909
f 1906 1931 1907
f 1907 1931 1914
f 1907 1914 1912
f 1907 1912 1910
f 1911 1915 1962
f 1912 1914 1913
f 1914 1933 1915
f 1914 1931 1932
f 1914 1932 1933
f 1915 1933 1963
f 1915 1963 1962
f 1916 1917 1934
f 1917 1936 1964
f 1917 1964 1965
f 1917 1965 1934
f 1918 1966 1919
f 1918 1922 1967
f 1918 1967 1968
f 1918 1968 1966
f 1919 1966 1924
f 1920 1923 1969
f 1920 1969 1921
f 1921 1969 1923
f 1921 1923 1970
f 1921 1970 1922
f 1922 1970 1971
f 1922 1971 1972
f 1922 1972 1967
f 1923 1959 1970
f 1924 1973 1974
f 1924 1974 1925
f 1924 1966 1968
f 1924 1968 1975
f 1924 1975 1973
f 1925 1974 1926
f 1926 1976 1927
f 1926 1974 1976
f 1927 1976 1974
f 1927 1974 1977
f 1927 1977 1978
f 1927 1978 1928
f 1928 1978 1979
f 1928 1979 1963
f 1928 1963 1929
f 1929 1963 1930
f 1930 1963 1933
f 1934 1965 1964
f 1934 1964 1935
f 1935 1964 1936
f 1938 1980 1939
f 1939 1981 1940
f 1939 1980 1981
f 1940 1981 1941
f 1941 1981 1942
f 1942 1982 1983
f 1942 1983 1984
f 1942 1984 1985
f 1942 1985 1943
f 1942 1981 1982
f 1943 1985 1986
f 1943 1986 1987
f 1943 1987 1944
f 1944 1987 1945
f 1945 1987 1946
f 1946 1987 1988
f 1946 1988 1947
f 1947 1989 1948
f 1947 1988 1989
f 1948 1990 1956
f 1948 1989 1990
f 1949 1951 1950
f 1949 1950 1957
f 1953 1956 1990
f 1953 1990 1954
f 1954 1990 1991
f 1954 1991 1992
f 1954 1992 1955
f 1955 1992 1993
f 1955 1993 1958
f 1959 1960 1961
f 1959 1961 1994
f 1959 1994 1995
f 1959 1995 1970
f 1962 1963 1978
f 1963 1979 1978
f 1980 1982 1981
f 1984 1996 1985
f 1985 1997 1986
f 1985 1996 1998
f 1985 1998 1997
f 1986 1997 1999
f 1986 1999 1987
f 1987 1999 1988
f 1988 2000 2001
f 1988 2001 1989
f 1988 1999 2000
f 1989 2001 2002
f 1989 2002 2003
f 1989 2003 2004
f 1989 2004 2005
f 1989 2005 1990
f 1990 2005 2006
f 1990 2006 2007
f 1990 2007 2008
f 1990 2008 1991
f 1997 1998 2000
f 1997 2000 1999
f 2000 2002 2001
