# ABC bottle geometry; canonical radius 1 and height 1, bottom z=0.
# https://github.com/mikedh/trimesh
v 0.952458538744 -0.00857184543352 0.58399568
v 0.95190854336 0.0217371611971 0.58092716
v 0.952275206949 0.00767813906908 0.5904396
v 0.952091875155 -0.00674598563954 0.60062712
v 0.951541879771 -0.0359595110828 0.59172839
v 0.950625278613 -0.0556786349755 0.58792341
v 0.950258615023 -0.0580522353632 0.58123401
v 0.950441946818 -0.0443583736309 0.57577202
v 0.951175216182 -0.0193443083693 0.5739309
v 0.922577479746 -0.05312245439 0.27505597
v 0.921661052034 -0.0208050077675 0.25351489
v 0.921844383828 0.00402647729624 0.25511053
v 0.921294388444 0.0142511996384 0.2497713
v 0.950258615023 0.0564282082072 0.58092716
v 0.951725211565 0.0332399449244 0.58602092
v 0.922394147952 0.0246585021784 0.26357967
v 0.921477720239 0.0482118680418 0.26118621
v 0.951541879771 0.0257539833657 0.59731311
v 0.950625278613 0.0211894206034 0.60700967
v 0.949708793085 0.0105994800504 0.61339222
v 0.948975465906 -0.0118583468106 0.6157243
v 0.94952546129 -0.0235437685509 0.6121648
v 0.949342129496 -0.0498358951978 0.60799161
v 0.950808610407 -0.0511140143981 0.59577885
v 0.948975465906 -0.0803275398414 0.59240346
v 0.948425470522 -0.0841617818121 0.58332061
v 0.949342129496 -0.0677292171116 0.57699944
v 0.949158797701 -0.061703897136 0.57043278
v 0.919644402293 -0.0688246982989 0.2556015
v 0.920377729471 -0.0392460124599 0.2497713
v 0.92111105665 -0.0193443083693 0.2497713
v 0.921294388444 -0.00163362446848 0.2497713
v 0.92111105665 0.0215545809992 0.2497713
v 0.9473256532 0.0847287748459 0.57417639
v 0.948058806933 0.0847287748459 0.5846094
v 0.947508811549 0.0918495181937 0.59129879
v 0.950258615023 0.0564282082072 0.58945768
v 0.950808610407 0.0474815472502 0.59516514
v 0.920194397677 0.0452905270605 0.2497713
v 0.919461243943 0.0577062695924 0.2497713
v 0.918911248559 0.0690265309369 0.25234884
v 0.948792134112 0.0430995068707 0.61247166
v 0.948792134112 0.0368916645124 0.61492649
v 0.946775657816 0.00512195848355 0.62701648
v 0.946592326021 -0.0354117704892 0.6245003
v 0.947142321405 -0.0502011134087 0.61995888
v 0.948058806933 -0.060060675355 0.61271714
v 0.94952546129 -0.0668162583071 0.59952246
v 0.948425470522 -0.0859876416061 0.5950424
v 0.945675667048 -0.109906167865 0.57920878
v 0.946592326021 -0.0925606443602 0.56951223
v 0.917077930613 -0.0967601045419 0.25535601
v 0.917444594202 -0.0845269422079 0.2497713
v 0.945492335253 0.0940405961986 0.56509354
v 0.944942397685 0.10736923972 0.57503558
v 0.919277912149 0.0785208746724 0.26499119
v 0.918177921381 0.0832680754477 0.25750399
v 0.916894598818 0.100431018755 0.26118621
v 0.944942397685 0.114490040883 0.5862664
v 0.944575734095 0.115220361674 0.59804957
v 0.947142321405 0.0911191974021 0.59884737
v 0.948792134112 0.0719478719182 0.6002589
v 0.948975465906 0.051498427234 0.60768475
v 0.918361253175 0.072313032314 0.2497713
v 0.917444594202 0.0834506556456 0.2497713
v 0.946958989611 0.0666529305493 0.61498785
v 0.944209243951 0.0489422466485 0.62959406
v 0.946958989611 0.0361613437208 0.62198411
v 0.94219259421 0.0485770284376 0.63536289
v 0.943292584978 0.00676523807965 0.63646758
v 0.945858998843 -0.014779745607 0.62940994
v 0.943659248568 -0.040889292056 0.63395137
v 0.945858998843 -0.0695550190905 0.62081806
v 0.943475916773 -0.0748499604594 0.62848939
v 0.946775657816 -0.0859876416061 0.60786887
v 0.945675667048 -0.111914607857 0.59590159
v 0.945858998843 -0.104063485903 0.60142495
v 0.942742589594 -0.134189912335 0.58276828
v 0.911761713274 -0.137293833515 0.2560311
v 0.915244843927 -0.105341605103 0.2497713
v 0.942925921389 0.123254063827 0.57245801
v 0.913961521364 0.115402941872 0.2497713
v 0.941092776888 0.141512488321 0.58264554
v 0.939259516757 0.153015329864 0.5950424
v 0.944392575746 0.11777654226 0.5904396
v 0.942375926005 0.122341162837 0.60793023
v 0.946408994227 0.0905714568085 0.60645734
v 0.946225662432 0.0823551744582 0.61314674
v 0.9425592578 0.0889281772124 0.62597319
v 0.939626122531 0.0661051321405 0.63922924
v 0.939076184962 0.0447427864668 0.64352518
v 0.941459440477 0.0107820602483 0.64045666
v 0.939259516757 9.59731249175e-06 0.64542767
v 0.941092776888 -0.0222657071657 0.64076352
v 0.936693045077 -0.0193443083693 0.65070555
v 0.938709694818 -0.0456364928313 0.64462987
v 0.937059708666 -0.0544005157752 0.64763702
v 0.938709694818 -0.091282582975 0.63916788
v 0.945309003459 -0.0942039239563 0.61234891
v 0.941825930621 -0.102968004715 0.62382522
v 0.9425592578 -0.132546632739 0.59663804
v 0.939259516757 -0.156465216814 0.5908692
v 0.942009262416 -0.125060671181 0.61087602
v 0.941642772272 -0.135102813325 0.60271373
v 0.938526363023 -0.161760158183 0.58577543
v 0.939259516757 -0.154456776822 0.58019071
v 0.917811257792 -0.160847199378 0.35759947
v 0.908461972231 -0.155004517415 0.25511053
v 0.906262164141 -0.163403379964 0.2497713
v 0.909561962999 -0.14423205448 0.2497713
v 0.913778363015 -0.116296648237 0.2497713
v 0.912495040453 0.129279325987 0.25382173
v 0.911395049685 0.133843946565 0.2497713
v 0.934493236987 0.177116436321 0.57988386
v 0.933576635828 0.183324336494 0.58595955
v 0.908095482087 0.153928230853 0.25106007
v 0.904979015024 0.173464774548 0.25406724
v 0.930093678621 0.199574320997 0.59283306
v 0.938159699434 0.156484411439 0.59890875
v 0.938526363023 0.139321468131 0.61541745
v 0.940542781504 0.119419821856 0.61903831
v 0.938159699434 0.12599282461 0.62486853
v 0.933943241603 0.128731585394 0.63622209
v 0.938159699434 0.0903888766106 0.63714266
v 0.936326381488 0.0872849554314 0.64278874
v 0.935776559549 0.0754169534932 0.6462255
v 0.934676568781 0.0483944482397 0.65223983
v 0.937793035845 0.0367090843145 0.6468392
v 0.937243040461 0.0164422198281 0.64960089
v 0.932293486711 -0.00345948426246 0.65942019
v 0.931926823122 -0.0419847732433 0.65837687
v 0.932660150301 -0.0589651363526 0.65543109
v 0.934309905192 -0.0792320008389 0.64935541
v 0.925327283221 -0.115383689432 0.65972704
v 0.929360351442 -0.124147770191 0.64960089
v 0.934126573397 -0.1398500141 0.6343196
v 0.937426372255 -0.129077551164 0.62836665
v 0.94219259421 -0.111914607857 0.61768816
v 0.939809454325 -0.121774169804 0.6228433
v 0.939076184962 -0.154274196624 0.59798819
v 0.933393477479 -0.188782663436 0.58755518
v 0.937793035845 -0.159751718191 0.60289784
v 0.936326381488 -0.15153543584 0.61867009
v 0.936876376872 -0.160482038982 0.6090349
v 0.931560159533 -0.194807925597 0.57761315
v 0.906445495935 -0.217083230075 0.35741535
v 0.904429077455 -0.176001702693 0.25418997
v 0.901862605775 -0.185496104244 0.2497713
v 0.907728818498 0.155206350053 0.2497713
v 0.930826832354 0.188619277863 0.56619821
v 0.925510615015 0.218015383504 0.57994523
v 0.902962423098 0.182046217294 0.2497713
v 0.901495942186 0.189167018457 0.2497713
v 0.928993687853 0.205234480577 0.58915082
v 0.905345678613 0.16890015397 0.2497713
v 0.923310806925 0.223492905071 0.60565951
v 0.927893697085 0.201582760989 0.60811435
v 0.934493236987 0.167074294176 0.61056916
v 0.933393477479 0.167074294176 0.61670623
v 0.932476818506 0.165796232791 0.62161588
v 0.93302681389 0.146990009888 0.63100559
v 0.930643500559 0.140599587332 0.64002708
v 0.934126573397 0.110838321295 0.64125448
v 0.929360351442 0.119602402054 0.64923266
v 0.931193495943 0.0898411360169 0.6529149
v 0.931193495943 0.0502203080337 0.65837687
v 0.933393477479 0.0191809806115 0.6566585
v 0.928443692469 0.00110513631494 0.6658641
v 0.929177019648 -0.0173359261926 0.66432983
v 0.926427273989 -0.0580522353632 0.66684604
v 0.927710538736 -0.0733893188763 0.66242734
v 0.921661052034 -0.100776984526 0.66825755
v 0.915978171106 -0.117392129424 0.67371954
v 0.919277912149 -0.1411281333 0.66383886
v 0.922944143336 -0.141675873894 0.65782455
v 0.925327283221 -0.154091616426 0.64898717
v 0.932293486711 -0.159751718191 0.6297168
v 0.92569394681 -0.165411819955 0.64395478
v 0.925877278605 -0.17235004092 0.64051804
v 0.929177019648 -0.205397808334 0.59657667
v 0.926427273989 -0.218178711262 0.58565269
v 0.93540989596 -0.172897781514 0.6006885
v 0.93302681389 -0.182939923658 0.6038184
v 0.928810356058 -0.189695564426 0.62143177
v 0.934676568781 -0.169246119741 0.61185795
v 0.928993687853 -0.194625345399 0.61603115
v 0.923677470514 -0.227855693011 0.58098853
v 0.902962423098 -0.230777033992 0.35772221
v 0.888297035829 -0.243010196326 0.2497713
v 0.895079734079 -0.216535431666 0.2497713
v 0.896179724847 -0.211970868904 0.25020087
v 0.896913052026 -0.208501729514 0.2497713
v 0.898746138712 -0.200285447163 0.2497713
v 0.900579283213 -0.191886584615 0.2497713
v 0.920561061266 -0.238445575748 0.5764471
v 0.919277912149 0.236091227801 0.56392749
v 0.919827734087 0.240838428576 0.5837502
v 0.924227465898 0.224405806061 0.58675737
v 0.895079734079 0.216372103908 0.2497713
v 0.892696652009 0.226231665855 0.2497713
v 0.918727916765 0.244490090349 0.59307854
v 0.912678372247 0.261653033656 0.60596637
v 0.915794839311 0.241203588972 0.61959065
v 0.92349413872 0.2183805439 0.61136699
v 0.925510615015 0.206512541962 0.61584704
v 0.930093678621 0.166891713979 0.62934858
v 0.927527264756 0.167439512387 0.63622209
v 0.926243942194 0.154475971447 0.64487535
v 0.92349413872 0.140051846738 0.65481739
v 0.924777461282 0.11777654226 0.65807003
v 0.924960793077 0.100248438557 0.66162953
v 0.924227465898 0.0765124346805 0.66696876
v 0.926610605783 0.0471163868545 0.66641644
v 0.922577479746 0.0367090843145 0.6735968
v 0.924410797693 0.00475679808778 0.67163295
v 0.922210989602 -0.0368724120722 0.67433324
v 0.92074439306 -0.0651730365261 0.6742105
v 0.919644402293 -0.0890915627853 0.67310584
v 0.913595031221 -0.140397754694 0.67255349
v 0.913228367631 -0.0976730055313 0.6804703
v 0.90882863582 -0.134372492533 0.68022482
v 0.917261262408 -0.172532621118 0.65849963
v 0.910478564157 -0.162125318578 0.67206253
v 0.917077930613 -0.192434325209 0.65156475
v 0.922944143336 -0.20101582577 0.63272396
v 0.92074439306 -0.198459587369 0.6401498
v 0.928260360674 -0.205580388532 0.60357292
v 0.920561061266 -0.233880955171 0.61234891
v 0.92349413872 -0.228586013802 0.59792683
v 0.917077930613 -0.252322017679 0.5919125
v 0.917077930613 -0.251956799468 0.5835661
v 0.927710538736 -0.204484907345 0.60970998
v 0.918911248559 -0.228768594 0.62505263
v 0.890680175714 -0.273501783154 0.35944058
v 0.916894598818 -0.250130997489 0.57325583
v 0.88298081849 -0.260355719831 0.2497713
v 0.917261262408 -0.250313577687 0.57896329
v 0.889580184946 0.238647408386 0.25155103
v 0.891230171097 0.246498530341 0.29217839
v 0.913778363015 0.26000975406 0.5785337
v 0.913411699426 0.263296255437 0.58921219
v 0.914144853159 0.26092265505 0.59277169
v 0.888297035829 0.242664230555 0.2497713
v 0.911945045069 0.266400234432 0.59982931
v 0.899296134095 0.302734503223 0.60750064
v 0.904979015024 0.276624956774 0.62002024
v 0.912861704042 0.255627713681 0.61376044
v 0.915428175722 0.23572600959 0.6265869
v 0.921477720239 0.216006943512 0.62278192
v 0.91854458497 0.214546244114 0.63321492
v 0.924594129487 0.172551815743 0.64045666
v 0.922027657808 0.162692311612 0.65027596
v 0.91854458497 0.165978812989 0.65543109
v 0.911395049685 0.164700693789 0.66758248
v 0.920194397677 0.128001264602 0.6633479
v 0.914328184954 0.132748465377 0.67132609
v 0.915978171106 0.112481600891 0.6727376
v 0.917077930613 0.0903888766106 0.67519243
v 0.914878180338 0.0752343732953 0.68040892
v 0.917811257792 0.0558804097984 0.67850645
v 0.911945045069 0.0489422466485 0.68630052
v 0.915978171106 0.0135208788468 0.68323198
v 0.917261262408 -0.0244566695404 0.68145224
v 0.915794839311 -0.0567741161628 0.68139087
v 0.912128376863 -0.0874482831892 0.68347746
v 0.90204593757 -0.133094373333 0.68875533
v 0.900945946802 -0.15244833683 0.68648463
v 0.907728818498 -0.202659047551 0.66390024
v 0.90167927398 -0.181114063864 0.67875193
v 0.906262164141 -0.181844442471 0.67249212
v 0.914511516748 -0.212701189695 0.64696196
v 0.907362154909 -0.224021393225 0.65586069
v 0.915428175722 -0.23223773339 0.63290808
v 0.914328184954 -0.227855693011 0.63922924
v 0.909011967615 -0.271858503558 0.61750405
v 0.914144853159 -0.261451201018 0.60124083
v 0.917077930613 -0.25086131828 0.60185454
v 0.910478564157 -0.262546740021 0.62278192
v 0.903145754892 -0.298515848416 0.59369224
v 0.905162346818 -0.290116985868 0.57914741
v 0.911395049685 -0.253417498866 0.62787569
v 0.884263967607 -0.292490586255 0.35618794
v 0.884630631196 -0.288838866668 0.34759605
v 0.880047741036 -0.269667541184 0.2497713
v 0.883164150284 0.26000975406 0.2497713
v 0.905162346818 0.285571559915 0.57264213
v 0.90662882773 0.283928338134 0.58307513
v 0.904979015024 0.290136180493 0.58767793
v 0.907178823114 0.283197959528 0.59117605
v 0.907178823114 0.281554737747 0.59854053
v 0.899846129479 0.30382998441 0.59626982
v 0.89709638382 0.310950785573 0.6002589
v 0.887013771081 0.334869369647 0.60719378
v 0.888297035829 0.329574428278 0.61191932
v 0.888297035829 0.324644647305 0.6197134
v 0.89013018033 0.311498526167 0.62983954
v 0.899846129479 0.282832799132 0.63051462
v 0.910111958383 0.247776591726 0.63180339
v 0.906995491319 0.242846810753 0.64248189
v 0.912678372247 0.220936724486 0.64297286
v 0.909928626588 0.221667045277 0.64874169
v 0.917627925997 0.176203535331 0.65303764
v 0.914511516748 0.180037835117 0.65721084
v 0.906812159525 0.190992878251 0.66635507
v 0.902412601159 0.186975998267 0.67371954
v 0.903512418482 0.163422632404 0.67856783
v 0.903329086687 0.13859114734 0.68476625
v 0.910478564157 0.124349545014 0.67844507
v 0.910111958383 0.0986051589608 0.68317062
v 0.903512418482 0.0944057565943 0.69145565
v 0.907728818498 0.0743214723059 0.68869397
v 0.902962423098 0.053141649015 0.69569021
v 0.908095482087 0.02885796236 0.69157839
v 0.91121171789 0.00183545710648 0.68893945
v 0.914144853159 -0.0158752267943 0.68550271
v 0.908461972231 -0.0273780683368 0.69176251
v 0.912128376863 -0.0498358951978 0.68630052
v 0.902229269364 -0.0744848000636 0.69587433
v 0.906995491319 -0.0905522621835 0.68906219
v 0.892879983804 -0.125608411774 0.69906561
v 0.889396853151 -0.161394997787 0.69704038
v 0.892513320215 -0.181114063864 0.68986002
v 0.900212619623 -0.238262995551 0.66169089
v 0.894896402284 -0.215074790083 0.67832235
v 0.898562864732 -0.218178711262 0.67175567
v 0.887197045061 -0.206493347337 0.68986002
v 0.908461972231 -0.233333214577 0.64910993
v 0.908278813882 -0.244105735328 0.64377066
v 0.899112802301 -0.25305233847 0.65678126
v 0.902229269364 -0.253417498866 0.65076692
v 0.904979015024 -0.265833241398 0.63708128
v 0.904979015024 -0.285369785093 0.61805639
v 0.906445495935 -0.281900645702 0.61486511
v 0.905162346818 -0.290299566066 0.60032028
v 0.889946848535 -0.334302376613 0.59467418
v 0.891963324831 -0.328824855047 0.59142154
v 0.895996393052 -0.316956853108 0.58184772
v 0.90204593757 -0.300706868606 0.58724833
v 0.897646205759 -0.311479331542 0.60872805
v 0.896363056642 -0.315861371921 0.60559815
v 0.901312610391 -0.300524288408 0.57577202
v 0.878581086679 -0.31074901075 0.36042252
v 0.868865310974 -0.330102916432 0.33108735
v 0.871431724839 -0.296324828226 0.25296256
v 0.865198848527 -0.31294003094 0.2497713
v 0.87069839766 0.298717623239 0.2497713
v 0.868865310974 0.308212024789 0.2599588
v 0.898379532937 0.309124983594 0.58344335
v 0.888113704034 0.336147431032 0.58700285
v 0.888113704034 0.335234530043 0.5950424
v 0.870148402276 0.375037938224 0.60756201
v 0.877114605767 0.355501394529 0.61541745
v 0.883164150284 0.346006992979 0.60136358
v 0.87564795141 0.364265417473 0.60074987
v 0.876014614999 0.352214893152 0.62400933
v 0.87546467743 0.345824412781 0.63364452
v 0.88518062658 0.315880566546 0.63867691
v 0.898379532937 0.275529417771 0.64033392
v 0.901312610391 0.254897392889 0.64745292
v 0.906995491319 0.225501345063 0.65230119
v 0.910845227746 0.20578222117 0.6535286
v 0.899662797685 0.238829988584 0.65899059
v 0.89947946589 0.209799043339 0.670651
v 0.896546388436 0.197931041401 0.67819959
v 0.893613253167 0.187888957072 0.68495035
v 0.893979916757 0.161961933005 0.69047372
v 0.896913052026 0.122341162837 0.69440144
v 0.903695750276 0.124897343423 0.68660736
v 0.895629729463 0.0920321562067 0.69955657
v 0.895079734079 0.0498551476379 0.70330018
v 0.902412601159 0.0135208788468 0.69808367
v 0.90167927398 -0.0359595110828 0.69820641
v 0.896179724847 -0.0595128769462 0.70237961
v 0.889396853151 -0.080875280435 0.7067983
v 0.894896402284 -0.0850746828015 0.70158181
v 0.899296134095 -0.0911000027772 0.69685626
v 0.885363958375 -0.11684438883 0.70673694
v 0.886097112108 -0.140215174496 0.70342292
v 0.876197946794 -0.182392183065 0.70526403
v 0.879131082063 -0.19882480558 0.6994952
v 0.891596834687 -0.248305137695 0.67071238
v 0.894896402284 -0.249400676697 0.66525039
v 0.884997294785 -0.252687178074 0.67783137
v 0.88298081849 -0.241914715139 0.68409118
v 0.87326486934 -0.235706814965 0.69654942
v 0.903512418482 -0.263642221208 0.64211367
v 0.891413502892 -0.285004624697 0.65297627
v 0.887747040445 -0.27605796374 0.66432983
v 0.896546388436 -0.276240543938 0.64818937
v 0.893063257783 -0.295777087633 0.64229777
v 0.897646205759 -0.293403487245 0.63253985
v 0.891596834687 -0.317687231715 0.62609594
v 0.878397754884 -0.363881062452 0.59019412
v 0.878764418473 -0.362420363054 0.59933835
v 0.880597562974 -0.357673162279 0.58387294
v 0.890863507508 -0.330102916432 0.57914741
v 0.889030189562 -0.334302376613 0.57558791
v 0.89709638382 -0.311114171146 0.56951223
v 0.89013018033 -0.330285554445 0.61142836
v 0.867581988412 -0.339232157587 0.35686302
v 0.861532443894 -0.35365634011 0.35655616
v 0.853649754876 -0.368628263228 0.3399861
v 0.846317119057 -0.359864182469 0.2497713
v 0.854016418465 -0.345257419747 0.26278186
v 0.862265771073 -0.320608572696 0.2497713
v 0.870331734071 0.299813162241 0.2497713
v 0.86831531559 0.305655844204 0.2497713
v 0.858415976831 0.333956468658 0.2497713
v 0.892879983804 0.319167067923 0.56392749
v 0.885363958375 0.342355331206 0.58074304
v 0.876564610383 0.36408289509 0.59369224
v 0.859149304009 0.400782324277 0.60093398
v 0.861532443894 0.393661523114 0.60731652
v 0.858049544502 0.394574424104 0.61977476
v 0.868498647385 0.367734556863 0.62634142
v 0.865748843911 0.370290737449 0.63100559
v 0.855482899377 0.380698039989 0.64426164
v 0.869231974564 0.351301934348 0.64192957
v 0.874548191902 0.335051949845 0.64548905
v 0.88518062658 0.300543483033 0.65003048
v 0.891413502892 0.29342268187 0.64217505
v 0.890680175714 0.268408616608 0.65954292
v 0.891596834687 0.244490090349 0.66887125
v 0.888113704034 0.232804668609 0.67807686
v 0.879681077447 0.231891767619 0.68820301
v 0.886280443903 0.191175458449 0.69231483
v 0.884447299402 0.232074347817 0.68267965
v 0.884997294785 0.165613652593 0.69888149
v 0.891596834687 0.146259689096 0.69569021
v 0.888480367623 0.134939485567 0.70059986
v 0.886647107492 0.125627664214 0.70372978
v 0.88756370865 0.102074298351 0.705755
v 0.888113704034 0.0794338334769 0.7072279
v 0.887380376855 0.0516810074319 0.70968272
v 0.893246589578 0.0206416221946 0.70606185
v 0.894163248551 -0.00601566484799 0.70569363
v 0.892146656625 -0.0231786081552 0.70716652
v 0.889030189562 -0.0558612151734 0.70851669
v 0.880231072831 -0.0759454994619 0.71428552
v 0.876014614999 -0.12122642921 0.71373318
v 0.8778477595 -0.148431514661 0.70906901
v 0.870331734071 -0.20923210812 0.70514129
v 0.867581988412 -0.153361295634 0.71618801
v 0.864465521348 -0.198459587369 0.71183069
v 0.877114605767 -0.282083283715 0.67666534
v 0.875831283204 -0.265833241398 0.68433666
v 0.863549093636 -0.272771462363 0.69513789
v 0.865382180321 -0.282265806098 0.69035098
v 0.85878264042 -0.24355793692 0.70710516
v 0.853833086671 -0.273501783154 0.70372978
v 0.887197045061 -0.306914710964 0.64720744
v 0.8826141549 -0.304358530379 0.65690398
v 0.873814864724 -0.320973733092 0.66162953
v 0.869598464708 -0.318782712902 0.66917811
v 0.886097112108 -0.321338893488 0.63769498
v 0.873631532929 -0.357125421685 0.63413548
v 0.871981720223 -0.371367024011 0.6205112
v 0.862265771073 -0.400032751046 0.59577885
v 0.865565512116 -0.392364209289 0.58651188
v 0.87069839766 -0.37757486637 0.56392749
v 0.869598464708 -0.383600186345 0.60044302
v 0.881880827722 -0.350734999129 0.6121648
v 0.877664601151 -0.362785581265 0.60676419
v 0.838434430038 -0.408614251607 0.35784495
v 0.839717579155 -0.374836105586 0.2497713
v 0.854383082055 -0.341605757974 0.25431272
v 0.852733095903 0.348380593366 0.2497713
v 0.85419975026 0.346189573177 0.25609246
v 0.874548191902 0.367186758455 0.57675396
v 0.874181528313 0.369195198446 0.58503899
v 0.847966873948 0.361161554109 0.25271708
v 0.861532443894 0.396948024491 0.58240005
v 0.869231974564 0.379967719197 0.59080783
v 0.85419975026 0.41228516582 0.58908945
v 0.839167583771 0.439672831469 0.60124083
v 0.841733997636 0.432917190702 0.60823709
v 0.854016418465 0.408268285836 0.60928039
v 0.852733095903 0.414658766207 0.59541063
v 0.843567315582 0.421596929357 0.62327289
v 0.857132885529 0.39183566332 0.62756884
v 0.85676622194 0.38453228196 0.63695854
v 0.847966873948 0.400782324277 0.6399657
v 0.838984251977 0.411189626817 0.6472688
v 0.846500393036 0.388731742141 0.65328312
v 0.853466423081 0.365543536674 0.65935881
v 0.864648853143 0.348563173564 0.653099
v 0.866482171089 0.333226090051 0.66070896
v 0.87564795141 0.324827227503 0.65058282
v 0.876931273972 0.304742943214 0.66156816
v 0.884447299402 0.269504155611 0.66801207
v 0.880414404625 0.267313135421 0.67451736
v 0.87326486934 0.261835613854 0.68519583
v 0.8661155075 0.266582814629 0.69139428
v 0.871798388428 0.229335587034 0.69710174
v 0.879864409241 0.204686682168 0.69532199
v 0.867398656617 0.195922659224 0.70839395
v 0.875098013841 0.150824309674 0.70968272
v 0.874731523697 0.120150142648 0.7141014
v 0.878947750268 0.0843636144501 0.71397866
v 0.877481269356 0.0522287480255 0.71710856
v 0.885913953759 0.0226500621865 0.71195343
v 0.882797486695 -0.00345948426246 0.71459237
v 0.88298081849 -0.0209875879654 0.71440826
v 0.884813962991 -0.0483752536147 0.71219891
v 0.87546467743 -0.0544005157752 0.71888831
v 0.871798388428 -0.0766758202534 0.71993162
v 0.864648853143 -0.110453908459 0.72250918
v 0.87069839766 -0.129077551164 0.71680172
v 0.85419975026 -0.230229293398 0.71336496
v 0.859515967599 -0.164681499164 0.7203612
v 0.858232645036 -0.18494836365 0.71845873
v 0.866482171089 -0.301802349793 0.68151361
v 0.855116409233 -0.293951227839 0.69630393
v 0.858049544502 -0.310566430552 0.68746656
v 0.850350013833 -0.257982119443 0.71041916
v 0.833118039254 -0.294316388234 0.71404004
v 0.845217128289 -0.304358530379 0.70201139
v 0.879131082063 -0.322982173084 0.65119651
v 0.87326486934 -0.345257419747 0.64579591
v 0.883347308634 -0.319695613892 0.64505947
v 0.874914682046 -0.328277114453 0.65518561
v 0.864465521348 -0.351830480316 0.65702674
v 0.859149304009 -0.345257419747 0.66905537
v 0.863915583779 -0.320791152894 0.67568341
v 0.8496168601 -0.358038322675 0.67513105
v 0.870515065866 -0.358586121084 0.63972022
v 0.857132885529 -0.391633888498 0.63738814
v 0.862815766457 -0.387617008514 0.62628004
v 0.854933077439 -0.407518712604 0.62210685
v 0.869598464708 -0.379218145966 0.61474237
v 0.854933077439 -0.404232211227 0.6276302
v 0.849983350244 -0.425777194914 0.59123743
v 0.850533345628 -0.424499075714 0.58184772
v 0.852916427697 -0.419021554147 0.60160906
v 0.81863598378 -0.4447659402 0.35931784
v 0.802320668174 -0.467954145668 0.33121009
v 0.807636885513 -0.438558040026 0.2497713
v 0.812953102851 -0.428515897882 0.2497713
v 0.830001745636 -0.396015928877 0.2497713
v 0.843567315582 -0.437462558839 0.58006797
v 0.829268418457 -0.463024364694 0.57699944
v 0.846683724831 0.362257035296 0.2497713
v 0.862632434662 0.393844103312 0.57742903
v 0.727526672766 0.640698196736 0.27517873
v 0.843750647377 0.432734552689 0.58724833
v 0.828535149094 0.458113836161 0.60210002
v 0.834584693611 0.448619376796 0.59590159
v 0.821935782638 0.467608237712 0.60780749
v 0.82303559996 0.462313238528 0.61713582
v 0.841000843903 0.430726170512 0.61492649
v 0.819185805718 0.461948078132 0.62977818
v 0.828535149094 0.443689653638 0.63186477
v 0.830918231164 0.436568852475 0.63616072
v 0.842467324814 0.417214888978 0.63253985
v 0.829818413841 0.430543590314 0.64518219
v 0.821569119049 0.438759872664 0.65174887
v 0.832934880905 0.41228516582 0.65659714
v 0.835317962975 0.393478942916 0.66678466
v 0.853833086671 0.357327254323 0.66432983
v 0.851450004601 0.350389033358 0.67181705
v 0.867398656617 0.314602505161 0.67022142
v 0.872348210367 0.285023819322 0.67758588
v 0.859882631188 0.302369342827 0.68482763
v 0.855849562966 0.289405859701 0.69403322
v 0.860432626572 0.256905832881 0.69986342
v 0.862632434662 0.228057525649 0.70550951
v 0.856032894761 0.20578222117 0.71489923
v 0.855116409233 0.180950736107 0.7197475
v 0.867765320206 0.161231612214 0.71367182
v 0.857866212707 0.147172590086 0.72244781
v 0.853099759492 0.11558552207 0.72870761
v 0.870881729455 0.0898411360169 0.71944065
v 0.8661155075 0.0608101907716 0.72447304
v 0.871431724839 0.0347006443226 0.72214095
v 0.874914682046 0.012973080438 0.72011572
v 0.871431724839 -0.0144145273961 0.72281604
v 0.858049544502 -0.0622516377297 0.72950543
v 0.850533345628 -0.0695550190905 0.73374
v 0.853099759492 -0.121774169804 0.72895309
v 0.858965972215 -0.13765899391 0.72361386
v 0.843200651993 -0.229681552805 0.72097492
v 0.841000843903 -0.256704000243 0.7172313
v 0.849433528305 -0.149344415651 0.72846213
v 0.850533345628 -0.176914661498 0.72441167
v 0.841000843903 -0.200285447163 0.72717334
v 0.852549937554 -0.334484956811 0.68347746
v 0.84228399302 -0.326268674461 0.69722448
v 0.824868686646 -0.309105731154 0.71588115
v 0.823952201118 -0.32718157545 0.71152385
v 0.836417780297 -0.313305191336 0.70630734
v 0.826335341003 -0.281535485307 0.72158863
v 0.863549093636 -0.361324881867 0.65181023
v 0.84925019651 -0.383600186345 0.65917471
v 0.84925019651 -0.371732184407 0.66745973
v 0.834034698227 -0.392181629091 0.67494695
v 0.83770110286 -0.365889502444 0.68488899
v 0.828351817299 -0.379400726164 0.68857123
v 0.856216226556 -0.383417606147 0.64702332
v 0.849433528305 -0.403319252423 0.64217505
v 0.848516869332 -0.413909192976 0.63198751
v 0.839717579155 -0.440566480018 0.61609253
v 0.853649754876 -0.412813653973 0.61590841
v 0.842467324814 -0.430341757676 0.62492989
v 0.853099759492 -0.417195694353 0.60627323
v 0.836417780297 -0.437462558839 0.63247848
v 0.842467324814 -0.440201319623 0.59418321
v 0.835684626564 -0.452799642352 0.58645052
v 0.841917329431 -0.437645139037 0.61173521
v 0.835317962975 -0.452069263746 0.60615048
v 0.822118940987 -0.47726596702 0.58743244
v 0.773356268149 -0.518164856389 0.35643342
v 0.771339791854 -0.513417655614 0.31506963
v 0.771339791854 -0.499541271499 0.25400585
v 0.79205472364 -0.46558054528 0.2497713
v 0.811303174515 -0.491872729742 0.56447983
v 0.831284894753 0.395669963106 0.2497713
v 0.816802723648 0.425066010932 0.2497713
v 0.795537796478 0.462313238528 0.2497713
v 0.724593537497 0.643802117916 0.27438089
v 0.726793403402 0.641611097726 0.27634478
v 0.782155616141 0.532790813735 0.59105331
v 0.79938759072 0.506681267286 0.59749722
v 0.814052920174 0.48422338261 0.58902808
v 0.82303559996 0.469068879295 0.59412184
v 0.83036823578 0.456835716961 0.58749381
v 0.817169387238 0.477832902239 0.60167043
v 0.803237153702 0.49773460633 0.61087602
v 0.801587340995 0.494265524755 0.6240707
v 0.815702906326 0.471077319287 0.62388659
v 0.79443780571 0.495908804351 0.63843143
v 0.81625290171 0.459391897547 0.6399657
v 0.812219775673 0.45993963814 0.64733016
v 0.810203357192 0.455375017563 0.65481739
v 0.816802723648 0.439855353852 0.65807003
v 0.82303559996 0.417580107189 0.66696876
v 0.834768025406 0.384714919973 0.67310584
v 0.834951299385 0.373577238826 0.67930427
v 0.84925019651 0.335782270637 0.68206593
v 0.862999098252 0.313141805763 0.6762971
v 0.845767123673 0.327018247693 0.68998276
v 0.844300469316 0.308577185185 0.69802231
v 0.851083341011 0.278450758753 0.70195003
v 0.852549937554 0.251976051908 0.70753475
v 0.854016418465 0.230431068221 0.7114011
v 0.841000843903 0.244490090349 0.71778364
v 0.841550665841 0.211990063529 0.72361386
v 0.839167583771 0.195557498828 0.72766432
v 0.847050214975 0.151372050268 0.72864625
v 0.860065962983 0.0876501158272 0.72662102
v 0.842100661225 0.129461906185 0.73392412
v 0.848883532921 0.0925798968004 0.73288082
v 0.856949553734 0.0633663713571 0.72987366
v 0.860249294777 0.0489422466485 0.72852351
v 0.864832184938 0.0074955588712 0.7268665
v 0.855116409233 -0.0160578069922 0.73257397
v 0.850350013833 -0.054948314184 0.73453782
v 0.842833988404 -0.0589651363526 0.73858829
v 0.845033796494 -0.102602786504 0.73509017
v 0.83733443927 -0.129990452154 0.7372995
v 0.826885336387 -0.258529860037 0.72594593
v 0.832384885521 -0.229133812211 0.72784843
v 0.830918231164 -0.16194273838 0.73754498
v 0.833301371049 -0.183852882463 0.73386274
v 0.830001745636 -0.211788288706 0.73202163
v 0.836417780297 -0.348361398741 0.69434007
v 0.821385787254 -0.348178760728 0.70716652
v 0.809103366424 -0.320973733092 0.72324564
v 0.799204258925 -0.359316441875 0.71913379
v 0.809286698219 -0.30508885117 0.72674376
v 0.834034698227 -0.405327692415 0.66684604
v 0.844300469316 -0.405145112217 0.65046006
v 0.817352719032 -0.426872676101 0.67390364
v 0.821935782638 -0.402041191038 0.68347746
v 0.816436060059 -0.383600186345 0.69808367
v 0.810020025398 -0.406058071021 0.69360362
v 0.839167583771 -0.421577734732 0.64401615
v 0.83733443927 -0.442027179417 0.62167725
v 0.822302272782 -0.466493446269 0.626771
v 0.823952201118 -0.46996258566 0.61400592
v 0.823768869324 -0.460468184109 0.63174203
v 0.828168485504 -0.448235021775 0.63806321
v 0.832018221931 -0.459190064909 0.59584022
v 0.821569119049 -0.475805325437 0.60780749
v 0.819919132897 -0.479822147606 0.60167043
v 0.819552469307 -0.481465369387 0.59283306
v 0.815152910942 -0.488768750748 0.58528447
v 0.738892318992 -0.557785684372 0.30500484
v 0.753557879706 -0.537701342268 0.306355
v 0.792238055435 -0.52455533676 0.58049756
v 0.780872293579 -0.542083382648 0.58565269
v 0.771156460059 -0.554316544982 0.57509695
v 0.757774279722 -0.521451357766 0.25922236
v 0.759607366408 -0.516338996595 0.2497713
v 0.768956709784 -0.501914871886 0.2497713
v 0.780322298195 -0.48420413017 0.2497713
v 0.781238957168 0.4864144028 0.2497713
v 0.72276033518 0.64562797771 0.27573106
v 0.779405812667 0.489335743781 0.2497713
v 0.741642122466 0.546119457257 0.2497713
v 0.688846381407 0.622987512836 0.2497713
v 0.666298189489 0.654209420456 0.2497713
v 0.657132293538 0.664434142798 0.2497713
v 0.649616210294 0.672285264752 0.2497713
v 0.643016786023 0.678675745124 0.2497713
v 0.631834355961 0.688900467466 0.2497713
v 0.621935132832 0.697116749816 0.2497713
v 0.601403475025 0.712818993725 0.2497713
v 0.562906573276 0.742032576983 0.2497713
v 0.543474790606 0.756639339705 0.2497713
v 0.532842298114 0.764307823646 0.2497713
v 0.504794557062 0.783661729328 0.2497713
v 0.678397220708 0.65384426006 0.5996452
v 0.701128744421 0.630473474394 0.59927697
v 0.719277262343 0.610754350502 0.59860189
v 0.730459692404 0.597243068967 0.60203865
v 0.735592635764 0.592678506205 0.58945768
v 0.74677500801 0.578254323681 0.59761997
v 0.766573396453 0.552509937628 0.60081124
v 0.776289403418 0.540094195096 0.5960857
v 0.787288501685 0.523113831987 0.60283647
v 0.794987801094 0.510332986874 0.60885079
v 0.778855817283 0.53151275235 0.61498785
v 0.781605620757 0.524209370989 0.62327289
v 0.773356268149 0.532243073142 0.63039188
v 0.794804469299 0.499925626519 0.6311897
v 0.773906263533 0.524026790792 0.64131585
v 0.790404910934 0.49335256595 0.64886443
v 0.784722030006 0.486231822602 0.66390024
v 0.807636885513 0.449714973613 0.66328654
v 0.802137336379 0.450810454801 0.66973045
v 0.79700427739 0.445698035814 0.67961112
v 0.819369137513 0.411919947609 0.67513105
v 0.823402205734 0.390374963922 0.68335474
v 0.832201553726 0.357692414719 0.6902896
v 0.830734899369 0.343816030604 0.69728586
v 0.836417780297 0.307846864394 0.70514129
v 0.841184175697 0.273338455397 0.71091014
v 0.826152009209 0.265669855825 0.72300015
v 0.83036823578 0.233900207611 0.72655964
v 0.831651558342 0.28301537933 0.71520607
v 0.833851366433 0.179490036708 0.73294219
v 0.816619391854 0.209433882943 0.73834281
v 0.835317962975 0.153197910062 0.73533565
v 0.821202455459 0.144433829302 0.74362068
v 0.827435331771 0.13037486499 0.74159545
v 0.831468226548 0.0925798968004 0.74251601
v 0.843567315582 0.0670180909451 0.73748362
v 0.8496168601 0.0222849017907 0.73564249
v 0.845400460083 -0.0114931864148 0.73822007
v 0.833851366433 -0.0315774707033 0.74380478
v 0.829818413841 -0.0525747137963 0.74546179
v 0.834034698227 -0.0651730365261 0.74288423
v 0.829085144478 -0.103515745309 0.7435593
v 0.822302272782 -0.135467973721 0.74466398
v 0.824318864708 -0.239723694949 0.73085558
v 0.799204258925 -0.270397861975 0.73914061
v 0.818452651985 -0.178740521292 0.74239327
v 0.820652460075 -0.196633785391 0.73907925
v 0.820102464691 -0.211605708508 0.73723812
v 0.798470931747 -0.253417498866 0.74239327
v 0.818819315574 -0.363698482255 0.70379114
v 0.802137336379 -0.374836105586 0.71232165
v 0.800670682022 -0.330468134643 0.72582319
v 0.779772476256 -0.364611383244 0.72895309
v 0.767856719016 -0.398937269858 0.72600731
v 0.78270555371 -0.396746249669 0.71772227
v 0.79205472364 -0.31074901075 0.73490605
v 0.821752450843 -0.435454118847 0.66199775
v 0.831101562958 -0.431619876877 0.649785
v 0.795721128273 -0.466493446269 0.67310584
v 0.800120744453 -0.440931640414 0.68513447
v 0.800854013817 -0.391816468695 0.70710516
v 0.795537796478 -0.409892312992 0.704098
v 0.793154714408 -0.425959717297 0.69882013
v 0.783438707443 -0.438923258237 0.70109084
v 0.786738506301 -0.445861421387 0.69470829
v 0.809103366424 -0.482743488587 0.63585386
v 0.797920936363 -0.507027233057 0.62603456
v 0.813503098235 -0.485117088975 0.61946791
v 0.805986899361 -0.500819332884 0.61020094
v 0.811486506309 -0.472153605849 0.64432302
v 0.817535993012 -0.450243461767 0.6560448
v 0.806170231156 -0.501367131293 0.60467759
v 0.807820217307 -0.499541271499 0.59835641
v 0.787288501685 -0.532589038913 0.59074646
v 0.724960085456 -0.575496368273 0.30690733
v 0.713961045004 -0.588459851398 0.30310234
v 0.71359443923 -0.578417709254 0.2497713
v 0.721110464659 -0.569836208693 0.25394449
v 0.732292952536 -0.554681763193 0.2497713
v 0.740175641554 -0.54409182264 0.2497713
v 0.748791599936 -0.532223878517 0.2497713
v 0.73504275601 -0.566914867712 0.33108735
v 0.695445921308 -0.620594717823 0.35440819
v 0.752457888938 -0.527111459531 0.2497713
v 0.769873195312 -0.556872725568 0.58436392
v 0.77757249472 -0.54628284283 0.59412184
v 0.771706455443 -0.55449912518 0.59590159
v 0.767673387221 -0.559976704562 0.59982931
v 0.745125195304 -0.588642431596 0.57730629
v 0.454748619477 0.816892134755 0.2497713
v 0.518910122393 0.779827487358 0.30439115
v 0.540175107378 0.768872502039 0.46352516
v 0.550807542056 0.761203786837 0.58970316
v 0.562906573276 0.752074719128 0.59737448
v 0.595170656528 0.728521295449 0.58608229
v 0.613685780224 0.713549372332 0.58927356
v 0.628534614918 0.700768411589 0.59117605
v 0.636600635731 0.693465088043 0.59669941
v 0.662998506261 0.668998763375 0.59854053
v 0.661898573308 0.668816183177 0.60467759
v 0.685913303953 0.64471507672 0.60756201
v 0.711394631139 0.616231929884 0.613024
v 0.719643925932 0.608563330312 0.60811435
v 0.744758531714 0.579532385067 0.60645734
v 0.750074749053 0.570038041331 0.61517197
v 0.775372744445 0.534981833925 0.61891557
v 0.748424936347 0.565656000952 0.62830529
v 0.742558723624 0.570220621529 0.63413548
v 0.770423190696 0.532973451748 0.63517879
v 0.76620690631 0.532973451748 0.64334108
v 0.766390064659 0.528773991567 0.64874169
v 0.777389162926 0.507594168276 0.6543878
v 0.762357169883 0.5220183508 0.66175227
v 0.756857620749 0.517818890618 0.67236939
v 0.77793915831 0.486779563196 0.67193979
v 0.775006080856 0.482945321225 0.67838371
v 0.777755826515 0.47253796087 0.68243417
v 0.778489153694 0.452818836977 0.69354224
v 0.799937412659 0.422692410545 0.69004412
v 0.816619391854 0.381610940978 0.69446281
v 0.812769771057 0.365726116871 0.70397526
v 0.828351817299 0.328844049672 0.70465033
v 0.819002647369 0.336877809639 0.7093145
v 0.826152009209 0.304012564608 0.71361044
v 0.816069569915 0.298900261252 0.72158863
v 0.80397048088 0.310585625177 0.72631416
v 0.809103366424 0.278998557161 0.73036462
v 0.816436060059 0.252888952897 0.73116244
v 0.812769771057 0.237551869384 0.73601072
v 0.82303559996 0.184785035892 0.73809732
v 0.795904460067 0.255627713681 0.74177955
v 0.781238957168 0.220936724486 0.75393093
v 0.78985491555 0.211807483331 0.75104654
v 0.793888041587 0.195922659224 0.75123063
v 0.803237153702 0.170543433567 0.749635
v 0.820469128281 0.113211921682 0.7465051
v 0.804703808059 0.137860826548 0.75221258
v 0.821202455459 0.0907540370064 0.74767114
v 0.832018221931 0.0719478719182 0.74325246
v 0.826885336387 0.0564282082072 0.7465051
v 0.83990091095 0.0379871456997 0.7404294
v 0.838984251977 0.0137034590447 0.74141133
v 0.829268418457 -0.00692862365256 0.7465051
v 0.822118940987 -0.0372376302831 0.74957363
v 0.820652460075 -0.0602432555529 0.74969637
v 0.819185805718 -0.101324725119 0.74865307
v 0.814052920174 -0.136015772129 0.74853033
v 0.798654263541 -0.159386557795 0.75368547
v 0.793888041587 -0.173810740319 0.75460601
v 0.780872293579 -0.296142248028 0.7433752
v 0.775006080856 -0.329190015442 0.73993844
v 0.803787149086 -0.187321964038 0.74846895
v 0.800854013817 -0.210327589308 0.74724154
v 0.781238957168 -0.246114117505 0.75147611
v 0.773722931739 -0.292490586255 0.74736428
v 0.781788952552 -0.417378274551 0.71127836
v 0.786188510917 -0.338136676399 0.73196025
v 0.777206004576 -0.347996238346 0.73429234
v 0.76107384732 -0.372097344803 0.73674716
v 0.761807174499 -0.381409166155 0.73410822
v 0.750808076232 -0.417013114155 0.72968954
v 0.758324101661 -0.427785577091 0.72226369
v 0.793704709792 -0.480004669989 0.66531175
v 0.791138238112 -0.466128285874 0.67881331
v 0.783988702827 -0.486395208175 0.67218527
v 0.781422288963 -0.462111463705 0.69133291
v 0.761990506293 -0.475622687424 0.70047712
v 0.764556977973 -0.446591799994 0.71152385
v 0.754107817275 -0.471423285058 0.70839395
v 0.795904460067 -0.497167671111 0.64438438
v 0.788205160659 -0.514878355012 0.63757224
v 0.769323199928 -0.548108702624 0.62781432
v 0.770789854285 -0.549569344207 0.62081806
v 0.780505629989 -0.537336239688 0.6157243
v 0.799937412659 -0.507574973651 0.61774953
v 0.781605620757 -0.538614301073 0.60670282
v 0.786005179123 -0.5336845201 0.6002589
v 0.799204258925 -0.477996287812 0.65911333
v 0.788388492453 -0.502645192678 0.65217845
v 0.69214612245 -0.60397951511 0.2497713
v 0.723493662359 -0.585173350021 0.35520601
v 0.705711750211 -0.607631234697 0.35459231
v 0.685180034589 -0.631914921352 0.35403997
v 0.670881195279 -0.627898099184 0.2497713
v 0.734676092421 -0.60087559393 0.57620162
v 0.70846149587 -0.631732341155 0.58031345
v 0.75392448548 -0.578235129056 0.59050097
v 0.767856719016 -0.557420466161 0.6105078
v 0.763823650794 -0.56399352673 0.60615048
v 0.744025204536 -0.590650813773 0.59633118
v 0.742008786055 -0.593389632372 0.58706422
v 0.452732085367 0.818170138325 0.2497713
v 0.463547909654 0.813057892785 0.29837683
v 0.459148293473 0.818717878919 0.40915079
v 0.454931951272 0.822552294335 0.47444913
v 0.471247324693 0.813057892785 0.51667212
v 0.533942231066 0.772341467984 0.58319787
v 0.521109930483 0.780557865964 0.59105331
v 0.522026531641 0.779827487358 0.59559473
v 0.544941329333 0.764307823646 0.59946109
v 0.592604184848 0.729981879217 0.59258758
v 0.540541713153 0.765403362649 0.60940313
v 0.570055992931 0.746049456967 0.60203865
v 0.606536360569 0.718661733503 0.59811093
v 0.617168853062 0.710080290757 0.59510377
v 0.618268728199 0.708254430963 0.60375703
v 0.643016786023 0.68634428688 0.60480033
v 0.647599733998 0.679771284126 0.61431278
v 0.662815174466 0.665894842196 0.61271714
v 0.690496309743 0.637411695359 0.61670623
v 0.706811625349 0.617692571467 0.62265918
v 0.729909754835 0.592861086403 0.61811775
v 0.731742957152 0.586835824242 0.62732336
v 0.746958339805 0.571498740729 0.6203271
v 0.716160853094 0.597608287178 0.64045666
v 0.742192060035 0.56711670035 0.63941336
v 0.742192060035 0.563464980762 0.64481398
v 0.738342439238 0.565290840556 0.64880306
v 0.739992309759 0.558900418 0.65358996
v 0.734859424215 0.56054363978 0.65911333
v 0.756674288954 0.524574531385 0.66641644
v 0.729726423041 0.558170039393 0.66764385
v 0.726793403402 0.555248698412 0.67322858
v 0.733576101653 0.535712154717 0.68225005
v 0.752457888938 0.512889109645 0.68065442
v 0.762907165266 0.486596982998 0.68814164
v 0.762173838088 0.473085701464 0.69667216
v 0.771706455443 0.442411534437 0.70397526
v 0.789121588371 0.414658766207 0.70299332
v 0.800670682022 0.400964904475 0.69974068
v 0.800670682022 0.379967719197 0.70808709
v 0.813503098235 0.325374968097 0.7164335
v 0.793521377997 0.356049135123 0.7206067
v 0.803420485496 0.334686789449 0.72042258
v 0.783072043854 0.335782270637 0.73177615
v 0.788388492453 0.303647462027 0.73637894
v 0.796637787246 0.331400230257 0.72527087
v 0.791688060051 0.281189519536 0.73907925
v 0.785088693595 0.274981677178 0.74368204
v 0.767856719016 0.267860876015 0.75258079
v 0.765473579131 0.236456388197 0.75834963
v 0.748241604552 0.250880512905 0.76350474
v 0.745675190688 0.233900207611 0.76663464
v 0.755757629981 0.208703562152 0.76565272
v 0.761807174499 0.184237237484 0.76614368
v 0.770239858901 0.185515356684 0.76252282
v 0.789304920166 0.179124876313 0.75503561
v 0.793888041587 0.153015329864 0.75564933
v 0.802503826523 0.123984384618 0.75436056
v 0.787105169891 0.149363610276 0.75902468
v 0.802320668174 0.0829029150519 0.7569381
v 0.829268418457 0.027032102566 0.74619824
v 0.803237153702 0.0566107884051 0.75761318
v 0.816619391854 0.0368916645124 0.75196707
v 0.821019123665 0.014798940232 0.7502487
v 0.810386688987 -0.00930216622507 0.75540382
v 0.812219775673 -0.0412544524518 0.75411505
v 0.808553371041 -0.0565915359649 0.75546521
v 0.813319766441 -0.0916477433708 0.75190571
v 0.805986899361 -0.101507305317 0.75472876
v 0.792238055435 -0.124330350389 0.75951567
v 0.809103366424 -0.123052289004 0.75178295
v 0.787105169891 -0.212518609497 0.75313312
v 0.775372744445 -0.180748903469 0.7617864
v 0.772256277382 -0.210327589308 0.76000664
v 0.76107384732 -0.313305191336 0.74932814
v 0.747141671599 -0.334484956811 0.75135338
v 0.759424092429 -0.351830480316 0.74227053
v 0.759974029998 -0.252687178074 0.75957704
v 0.760707183731 -0.279892263526 0.75528109
v 0.739992309759 -0.382869807738 0.74405026
v 0.742192060035 -0.39875468966 0.73914061
v 0.736875842696 -0.421212516521 0.73558113
v 0.731926288946 -0.440201319623 0.73257397
v 0.74457519992 -0.459737863317 0.71901105
v 0.733942765242 -0.451886741363 0.72766432
v 0.775372744445 -0.508122714245 0.66500491
v 0.788754924782 -0.491324931333 0.66187501
v 0.775372744445 -0.4980805721 0.67341268
v 0.767306723632 -0.493698531721 0.68568681
v 0.758507433455 -0.495159231119 0.69292854
v 0.740358973349 -0.497350193494 0.70593911
v 0.733759433447 -0.484386710368 0.71575841
v 0.781788952552 -0.518347436587 0.64487535
v 0.75649095716 -0.559063745757 0.63837007
v 0.752641220733 -0.568192986912 0.63174203
v 0.755207634597 -0.568010348899 0.62517537
v 0.753191216117 -0.575131150062 0.61480375
v 0.766940060043 -0.556507565172 0.61621527
v 0.77757249472 -0.514695716999 0.65592206
v 0.774272927123 -0.521999156175 0.65316038
v 0.662815174466 -0.654920546622 0.35403997
v 0.650716143247 -0.649443025055 0.25130555
v 0.698745604536 -0.641044162507 0.570801
v 0.687563174474 -0.654372806029 0.58651188
v 0.657498957127 -0.641957063497 0.2497713
v 0.717627449636 -0.622055359406 0.58945768
v 0.708644827665 -0.631732341155 0.58393432
v 0.747874998778 -0.583895230821 0.60719378
v 0.736692510901 -0.598684573741 0.60302058
v 0.719643925932 -0.619134018425 0.59817231
v 0.443932853005 0.822734758903 0.2497713
v 0.429267350106 0.830951156883 0.25130555
v 0.428717412537 0.832594436479 0.27855411
v 0.423584469178 0.837524159637 0.40197043
v 0.437150039124 0.831864057873 0.50642322
v 0.444482790574 0.828029815902 0.50108398
v 0.453648686525 0.823100034929 0.51777679
v 0.460431500405 0.819448257526 0.51200795
v 0.490129054163 0.79954661125 0.58994864
v 0.494528728159 0.796260109873 0.59669941
v 0.492145646089 0.79699037285 0.6032047
v 0.526242873843 0.775628084991 0.60572089
v 0.511027375559 0.782931524167 0.61560155
v 0.526976143206 0.771611205007 0.61897694
v 0.545307992923 0.758830359895 0.62014298
v 0.574638940906 0.740571761955 0.61271714
v 0.607452961727 0.715375232126 0.61185795
v 0.623035065785 0.702959489594 0.60878942
v 0.631467692372 0.692186968843 0.62075669
v 0.655665754811 0.668816183177 0.62327289
v 0.671431132848 0.654574580851 0.62087943
v 0.678397220708 0.645262817314 0.62689376
v 0.693612661177 0.622987512836 0.63947473
v 0.706811625349 0.602538068151 0.64837347
v 0.71322777564 0.589209366815 0.65567657
v 0.702778614942 0.59395656759 0.66353202
v 0.699295542105 0.590670066213 0.67071238
v 0.700578806852 0.579897603277 0.67930427
v 0.72056052709 0.54283295588 0.68887807
v 0.739808977965 0.51763631042 0.68906219
v 0.738159107443 0.507776748474 0.69673352
v 0.754291149069 0.47381608007 0.70213413
v 0.757407616133 0.454279536376 0.70894627
v 0.773539599944 0.413015428796 0.71477649
v 0.768956709784 0.39183566332 0.72441167
v 0.774639417267 0.368282297457 0.72815529
v 0.77097318608 0.33852103142 0.73748362
v 0.759974029998 0.323366528105 0.74601413
v 0.769323199928 0.298900261252 0.74656646
v 0.76107384732 0.286301938522 0.75245804
v 0.743292050803 0.28520639952 0.760068
v 0.733942765242 0.265852493838 0.76663464
v 0.718177387205 0.272060336196 0.77160567
v 0.730826298178 0.251063150918 0.76982594
v 0.728443216109 0.211807483331 0.77559477
v 0.749158263525 0.188801858061 0.77043962
v 0.743658714392 0.176933856123 0.77369228
v 0.754841144453 0.145711948503 0.77221939
v 0.772806272765 0.143338348115 0.7654686
v 0.777206004576 0.166891713979 0.76154089
v 0.79205472364 0.121610784231 0.75908607
v 0.788938256577 0.0865545768247 0.76252282
v 0.792421387229 0.0630012109613 0.76209325
v 0.811853112084 0.0169899604218 0.75454465
v 0.798287599952 0.0268495223681 0.76055896
v 0.787838497069 0.00950399886307 0.76522315
v 0.793521377997 -0.0124061452194 0.76276833
v 0.801587340995 -0.0428977320479 0.75896335
v 0.773172936355 -0.0903696819856 0.76915085
v 0.76584024272 -0.0998640257211 0.77172843
v 0.771889613792 -0.115201109234 0.76829165
v 0.761623842704 -0.160299458784 0.76915085
v 0.757040952544 -0.177279821894 0.76927358
v 0.745125195304 -0.204667487543 0.7711761
v 0.755757629981 -0.232602893786 0.76381159
v 0.748791599936 -0.29468154863 0.75792003
v 0.737609169874 -0.318417552507 0.75822687
v 0.723493662359 -0.336675977001 0.76043624
v 0.725876744429 -0.360046762667 0.75497425
v 0.747691666983 -0.357125421685 0.74638236
v 0.73009308663 -0.247574816903 0.77172843
v 0.740175641554 -0.274049523748 0.76436394
v 0.724410205702 -0.418838916134 0.74196367
v 0.727526672766 -0.380313627153 0.75000322
v 0.710477972166 -0.402041191038 0.75202847
v 0.717444117842 -0.440931640414 0.73907925
v 0.707361620733 -0.471605865256 0.73441508
v 0.73009308663 -0.46996258566 0.723307
v 0.711944568708 -0.496072132108 0.72367522
v 0.709378097029 -0.486760310756 0.72833939
v 0.757224284338 -0.519808135985 0.6773404
v 0.748608268141 -0.536058120488 0.67396502
v 0.746408517866 -0.52455533676 0.68513447
v 0.733576101653 -0.516156416397 0.70121358
v 0.737609169874 -0.522181736373 0.69446281
v 0.716894180273 -0.517251955399 0.71195343
v 0.757957438072 -0.550117142615 0.6472688
v 0.736142573332 -0.579695770639 0.64585727
v 0.733392769858 -0.590650813773 0.6343196
v 0.735409303969 -0.591016031984 0.62898035
v 0.74182545426 -0.588459851398 0.61787227
v 0.754474480864 -0.547926122426 0.65469465
v 0.736692510901 -0.560341807142 0.66653918
v 0.649799542088 -0.66770144955 0.35361038
v 0.650899475041 -0.664597528371 0.34139763
v 0.681147024183 -0.660398068189 0.58172498
v 0.668681387189 -0.672631230523 0.57945427
v 0.633300894688 -0.666240750152 0.25179651
v 0.648333003362 -0.651086304651 0.2497713
v 0.653832552495 -0.645791363283 0.2497713
v 0.637333905095 -0.6771958511 0.33753127
v 0.69672912824 -0.644878404478 0.59203524
v 0.683896827657 -0.658024467801 0.59682215
v 0.674914205686 -0.666971128758 0.5873097
v 0.707911558302 -0.63301040254 0.59363088
v 0.729543206876 -0.606170535299 0.60707104
v 0.718727324774 -0.619316598623 0.60559815
v 0.424134406747 0.832776901047 0.2497713
v 0.401219609055 0.843001681204 0.2497713
v 0.408552360504 0.840628023001 0.25504917
v 0.423034531609 0.83551566183 0.28242046
v 0.405619225235 0.843184319217 0.27843136
v 0.39370352581 0.850122424552 0.40282962
v 0.407635759346 0.845557803975 0.51280577
v 0.426334214837 0.836976419044 0.51728582
v 0.454198681909 0.819448257526 0.59228072
v 0.468130857629 0.811049394978 0.59939972
v 0.457131759362 0.815614015555 0.60817571
v 0.462264644907 0.811779773584 0.61339222
v 0.484812836824 0.798998870657 0.61425141
v 0.498378464586 0.791878127309 0.61044642
v 0.48921251082 0.793703871472 0.62235233
v 0.509010899264 0.780922968545 0.62480715
v 0.517993521235 0.771793669575 0.63309219
v 0.545674656512 0.755726323085 0.62769157
v 0.580688427608 0.732903278013 0.62186136
v 0.622118464626 0.701863950591 0.61560155
v 0.614785713177 0.705333089981 0.6230274
v 0.617902122425 0.700403309008 0.62842801
v 0.652182681973 0.668268442584 0.63186477
v 0.642100184865 0.680501547103 0.62517537
v 0.663731775624 0.65165323987 0.64242053
v 0.676747350187 0.641793735739 0.63665168
v 0.68261356291 0.630473474394 0.64561179
v 0.682796894704 0.62262235244 0.6560448
v 0.680413754819 0.616049291871 0.66604821
v 0.673447666959 0.611484729108 0.67721766
v 0.671614464643 0.606007149726 0.68360022
v 0.692879391813 0.578071743483 0.68740518
v 0.709561371008 0.550684077834 0.69298992
v 0.703511884306 0.545023976069 0.70096809
v 0.71322777564 0.527130711971 0.70397526
v 0.728443216109 0.502846967501 0.70624597
v 0.741275458877 0.478928383426 0.70894627
v 0.734492760626 0.471077319287 0.71667898
v 0.744758531714 0.442776694833 0.72134314
v 0.757590947928 0.442959332846 0.71324222
v 0.757407616133 0.421049188764 0.72158863
v 0.753557879706 0.413198066809 0.72637554
v 0.755940961776 0.391470502925 0.73159203
v 0.751724735205 0.379785081184 0.73680854
v 0.747141671599 0.358605315708 0.74417301
v 0.741458790671 0.341442430216 0.75055557
v 0.749524927115 0.30291708342 0.75436056
v 0.739258982581 0.308577185185 0.75767455
v 0.715427583731 0.316610945153 0.76559135
v 0.716160853094 0.304377782819 0.76730973
v 0.708094832281 0.276077158365 0.77455145
v 0.700028869283 0.264756954835 0.77878606
v 0.712311174482 0.23919514898 0.77786547
v 0.688113112043 0.223127744675 0.78780752
v 0.700578806852 0.214363663916 0.78461623
v 0.706628351369 0.18807153727 0.78541407
v 0.721660460043 0.172186655348 0.78173184
v 0.730642966384 0.144068668907 0.78105676
v 0.764373646178 0.115950682466 0.77074647
v 0.742008786055 0.0993355375675 0.77995208
v 0.776472735213 0.117228801666 0.76589823
v 0.781238957168 0.075782113889 0.76620507
v 0.781055625373 0.0489422466485 0.767187
v 0.790038247344 0.0257539833657 0.76399571
v 0.766390064659 -0.000172982885394 0.77369228
v 0.776289403418 -0.0377853708768 0.76958045
v 0.76584024272 -0.0343162314867 0.77369228
v 0.741458790671 -0.0602432555529 0.78191596
v 0.757407616133 -0.0942039239563 0.77498108
v 0.718910656569 -0.124330350389 0.7867642
v 0.744025204536 -0.121774169804 0.77811098
v 0.738892318992 -0.15244833683 0.77798823
v 0.742192060035 -0.171437139931 0.77534929
v 0.729909754835 -0.193529864211 0.77774274
v 0.720010531706 -0.236254555559 0.77663809
v 0.730459692404 -0.307462451558 0.76289105
v 0.714694314367 -0.328642274849 0.76528451
v 0.706078355985 -0.350004620522 0.76454806
v 0.704245153669 -0.362237840671 0.76276833
v 0.688479775632 -0.379218145966 0.76528451
v 0.703145278532 -0.389990608901 0.75742906
v 0.717077512068 -0.260903460425 0.77467421
v 0.722393729406 -0.274414741959 0.77086923
v 0.711577905119 -0.286830426676 0.7730172
v 0.705895024191 -0.431619876877 0.74656646
v 0.694712594129 -0.422490635722 0.7533786
v 0.69672912824 -0.46558054528 0.74110448
v 0.685363366384 -0.488221010154 0.73907925
v 0.691779516675 -0.494428852512 0.7341696
v 0.693979324766 -0.511226635424 0.7270506
v 0.699478873899 -0.515973836199 0.72250918
v 0.741642122466 -0.53934467968 0.67918152
v 0.718360719 -0.550482303011 0.69286717
v 0.728076552519 -0.549204183811 0.68482763
v 0.704061821875 -0.536788441279 0.7105419
v 0.721477128248 -0.538614301073 0.69777682
v 0.699295542105 -0.526746299135 0.71790639
v 0.746591849661 -0.560524445156 0.65285352
v 0.705895024191 -0.613108756264 0.64874169
v 0.718727324774 -0.608178975291 0.63425823
v 0.72056052709 -0.589372752388 0.65702674
v 0.714694314367 -0.616212619628 0.62781432
v 0.726243408018 -0.605805374903 0.6205112
v 0.712677838072 -0.622968260396 0.61695171
v 0.730642966384 -0.572392389279 0.66181365
v 0.724410205702 -0.561802506541 0.67869055
v 0.727893220725 -0.567827826516 0.66966908
v 0.716894180273 -0.579330610244 0.67163295
v 0.628351283123 -0.688150894234 0.35453093
v 0.654565821858 -0.686872775034 0.58491625
v 0.607086298138 -0.689611593632 0.25148967
v 0.621751801037 -0.676100369913 0.2497713
v 0.616068977924 -0.695454275595 0.33206929
v 0.698562272741 -0.64250480409 0.5996452
v 0.657132293538 -0.684499174646 0.58970316
v 0.676380744413 -0.664232367975 0.6063346
v 0.649066272725 -0.691620033624 0.59878601
v 0.704061821875 -0.634836262334 0.60958724
v 0.400303007896 0.843366783785 0.2497713
v 0.382704427543 0.851217905739 0.25830179
v 0.380137955864 0.852496082755 0.26382515
v 0.394253463379 0.847931404362 0.28438431
v 0.373355199798 0.857425805913 0.34262504
v 0.3629060391 0.86199042649 0.37668572
v 0.388753914246 0.853043823348 0.51078054
v 0.393886857605 0.851035441172 0.51753131
v 0.398286473786 0.849209581378 0.51826775
v 0.3794046865 0.854687045129 0.58454803
v 0.399936344307 0.845740441988 0.58694148
v 0.419734732751 0.836611143018 0.58865985
v 0.438433303872 0.827116741467 0.59577885
v 0.435683500397 0.827847177889 0.60167043
v 0.425784277268 0.830038140264 0.61461963
v 0.452365479592 0.815431377542 0.61891557
v 0.463547909654 0.807580255587 0.62394796
v 0.48664603914 0.792425867902 0.62983954
v 0.495995266886 0.780922968545 0.64162269
v 0.528259350138 0.761569062863 0.64064077
v 0.554473888873 0.747510040735 0.63241711
v 0.576838748996 0.731442694245 0.63204888
v 0.591504251896 0.720305013099 0.63106695
v 0.611485972134 0.700220670995 0.63953611
v 0.631467692372 0.680866765313 0.64303422
v 0.649799542088 0.667355541594 0.63738814
v 0.631467692372 0.676302144736 0.6499691
v 0.636417303937 0.668085804571 0.65530835
v 0.659882097012 0.648914479087 0.65162611
v 0.660248702787 0.638507176547 0.66383886
v 0.671614464643 0.621709393635 0.66930085
v 0.64668313284 0.641063357132 0.67476285
v 0.651816076199 0.623717833627 0.68587092
v 0.655115817242 0.609841391697 0.69409458
v 0.68261356291 0.581723463071 0.6928058
v 0.682796894704 0.572229061521 0.69894287
v 0.680413754819 0.560908857991 0.70728926
v 0.703878547895 0.524026790792 0.71183069
v 0.717260786047 0.48075424322 0.72257055
v 0.729726423041 0.446063254025 0.72833939
v 0.734492760626 0.420318867972 0.73386274
v 0.730642966384 0.407720487427 0.73950884
v 0.740542305143 0.385445240764 0.74067488
v 0.726976677382 0.381610940978 0.74767114
v 0.728259884314 0.359153056302 0.75227392
v 0.725693412634 0.337060389837 0.7577973
v 0.705345086622 0.342172751008 0.76448667
v 0.689946314359 0.349841292765 0.76853716
v 0.688479775632 0.327018247693 0.77313995
v 0.69214612245 0.293240101672 0.77731314
v 0.683896827657 0.287214839512 0.78093404
v 0.676014138639 0.253436751306 0.78786889
v 0.671981070417 0.239742889574 0.7907533
v 0.668498055394 0.220023765681 0.79400596
v 0.68976304038 0.204869262366 0.7890963
v 0.685913303953 0.18588051708 0.79204208
v 0.698378940947 0.172369293361 0.78940314
v 0.711211299345 0.153380490259 0.7868256
v 0.718727324774 0.111203481691 0.78713244
v 0.73265955831 0.101343919744 0.78308198
v 0.77097318608 0.0929450571961 0.76939633
v 0.730276418425 0.0774253934851 0.78492311
v 0.74182545426 0.077607973683 0.78081128
v 0.762540501677 0.0673832513408 0.77375364
v 0.748608268141 0.0306837643389 0.77995208
v 0.757774279722 -0.0208050077675 0.77694494
v 0.731376293562 -0.0116757666127 0.78621191
v 0.734859424215 -0.0587825561547 0.78418666
v 0.724960085456 -0.0973078451355 0.7859664
v 0.746408517866 -0.0936561833627 0.7788474
v 0.711394631139 -0.161577577985 0.78664148
v 0.732292952536 -0.132364052541 0.78160909
v 0.708278164076 -0.058234815561 0.79296267
v 0.69672912824 -0.120861268814 0.79400596
v 0.71359443923 -0.186956803642 0.78387982
v 0.718177387205 -0.218726451856 0.77915427
v 0.691412853086 -0.232055153192 0.78651875
v 0.702045345579 -0.244288315526 0.78167045
v 0.705895024191 -0.30727987136 0.77185118
v 0.691779516675 -0.331198455434 0.77289444
v 0.661715241513 -0.431802457074 0.76301378
v 0.679130547887 -0.412448493578 0.76123405
v 0.671981070417 -0.364246222848 0.77363092
v 0.661715241513 -0.37666196538 0.77461284
v 0.644299992955 -0.405510272612 0.77436736
v 0.687196510885 -0.262911900416 0.78424802
v 0.698195666967 -0.276423124136 0.77890879
v 0.682430231115 -0.291395047253 0.7819773
v 0.698195666967 -0.297237787031 0.77590162
v 0.676930681982 -0.454808082344 0.75202847
v 0.683163500478 -0.42267321592 0.75749046
v 0.674364268117 -0.445678841189 0.75540382
v 0.675647475049 -0.47817886801 0.74613687
v 0.67308100337 -0.509583413643 0.7372995
v 0.657132293538 -0.507027233057 0.74478672
v 0.680597086614 -0.516156416397 0.73171477
v 0.679130547887 -0.531858660306 0.72649828
v 0.682796894704 -0.548656443217 0.71741542
v 0.706078355985 -0.557603104174 0.69820641
v 0.706628351369 -0.573122767885 0.68722108
v 0.67784728314 -0.562898045543 0.7134877
v 0.68939637679 -0.56271540753 0.70655282
v 0.690312977949 -0.632280081748 0.64542767
v 0.701678739805 -0.621872779208 0.64266601
v 0.705895024191 -0.600327795522 0.6637775
v 0.69416265656 -0.622603157815 0.65322176
v 0.67784728314 -0.640678944296 0.65273079
v 0.69911221031 -0.634653682136 0.62523675
v 0.706628351369 -0.594119953163 0.66887125
v 0.70149540801 -0.584077811019 0.6829865
v 0.692329454244 -0.60178849492 0.67691082
v 0.610569370976 -0.703853195958 0.35716987
v 0.593520786006 -0.71499081929 0.33237614
v 0.648333003362 -0.69198519402 0.57810411
v 0.623768335148 -0.714808181277 0.58767793
v 0.634950707394 -0.704766096948 0.59178976
v 0.596820469234 -0.698375616576 0.2497713
v 0.579038614902 -0.714443078696 0.25388312
v 0.655665754811 -0.684499174646 0.60357292
v 0.697279065809 -0.640496364098 0.61394455
v 0.673264335164 -0.66551042936 0.61253303
v 0.632934231099 -0.703853195958 0.60860531
v 0.615702314335 -0.719738020065 0.60725515
v 0.365289178985 0.857060703332 0.2497713
v 0.345857396316 0.864546549261 0.25707439
v 0.361256168578 0.860347204709 0.28254318
v 0.358873028693 0.86290332748 0.32838705
v 0.344207525794 0.868746067257 0.34280914
v 0.341824385909 0.87111972546 0.50617774
v 0.353556753539 0.866737742896 0.51661075
v 0.35557328765 0.86418144668 0.58951905
v 0.372255266845 0.857060703332 0.59909286
v 0.398836411354 0.844827540998 0.60400251
v 0.405435951256 0.840810661014 0.60915764
v 0.389487241424 0.845923080001 0.61689034
v 0.416068385933 0.831498955292 0.62456167
v 0.435133505013 0.821821915728 0.62572771
v 0.457681696931 0.808493272207 0.62983954
v 0.468864126993 0.79699037285 0.641009
v 0.474180344332 0.790052267515 0.64818937
v 0.509377562853 0.76576846523 0.65358996
v 0.546224594081 0.744588699754 0.64825073
v 0.580688427608 0.723043773882 0.64217505
v 0.597737070393 0.710993191746 0.63978159
v 0.608736168659 0.697299330014 0.64794388
v 0.614235775608 0.680866765313 0.66359338
v 0.636233972142 0.662425760621 0.66242734
v 0.616985521267 0.669181343573 0.67390364
v 0.627251407986 0.654392000654 0.67924289
v 0.620468594105 0.648549318691 0.68998276
v 0.627251407986 0.62956051559 0.69888149
v 0.645949863477 0.607650429322 0.70164317
v 0.663915107419 0.583731845248 0.70458896
v 0.655299091222 0.58135824486 0.71115562
v 0.668131391805 0.557074558206 0.71637212
v 0.680230423025 0.534251455319 0.72029984
v 0.70149540801 0.505220567888 0.7212204
v 0.694529262335 0.497004285538 0.72809391
v 0.710294640372 0.468886299097 0.73048736
v 0.714877646162 0.442776694833 0.73656306
v 0.711577905119 0.414476128194 0.7460755
v 0.700945470441 0.415754247395 0.75018734
v 0.711577905119 0.381428418596 0.75411505
v 0.707911558302 0.363535096682 0.75927019
v 0.693612661177 0.361344076492 0.76503903
v 0.679130547887 0.372664337836 0.76792344
v 0.670881195279 0.356596875717 0.77369228
v 0.675647475049 0.328296309078 0.77706766
v 0.659515433423 0.334504209251 0.78111812
v 0.657315625333 0.298352462843 0.78743929
v 0.64448332475 0.269321575413 0.79517198
v 0.645033262318 0.244490090349 0.79799503
v 0.633117562893 0.247594011528 0.8010022
v 0.634400769826 0.212172643727 0.80431622
v 0.656765629949 0.203956361376 0.79891562
v 0.670881195279 0.190079977261 0.7962153
v 0.692696117834 0.163787792799 0.79191935
v 0.693429387197 0.123071483629 0.79449692
v 0.708278164076 0.0967792991669 0.79130566
v 0.727526672766 0.0449253666647 0.78688696
v 0.713777713209 0.0516810074319 0.79112154
v 0.73962564617 0.0168073802239 0.78320473
v 0.713961045004 0.0105994800504 0.79185799
v 0.700028869283 -0.0259173689386 0.79603118
v 0.693429387197 -0.175088801704 0.79124427
v 0.694895925924 -0.187869704632 0.78977138
v 0.691779516675 -0.0576870749674 0.79799503
v 0.695079257719 -0.101324725119 0.79535609
v 0.678213946729 -0.107167407082 0.8002044
v 0.682246957135 -0.124512930587 0.79805642
v 0.675280869275 -0.170524181126 0.79695174
v 0.704428485464 -0.206493347337 0.78492311
v 0.681880293546 -0.224751771831 0.79020098
v 0.669414656552 -0.252687178074 0.7908147
v 0.67784728314 -0.330468134643 0.77749726
v 0.645033262318 -0.445861421387 0.7654686
v 0.658232226491 -0.351647900118 0.7801362
v 0.64191685307 -0.390903509891 0.77811098
v 0.628534614918 -0.423038376315 0.77559477
v 0.666664853078 -0.283543925299 0.78786889
v 0.663181838055 -0.329737756036 0.78222281
v 0.668681387189 -0.301072029002 0.78480035
v 0.653282614926 -0.470875486649 0.7565085
v 0.660432034581 -0.47726596702 0.75208983
v 0.652549345563 -0.460468184109 0.75933155
v 0.650899475041 -0.496254712306 0.75031006
v 0.660432034581 -0.536605861081 0.73343316
v 0.648516335156 -0.529850278129 0.74061352
v 0.636233972142 -0.510313676619 0.7515375
v 0.658415558285 -0.553038483597 0.7279098
v 0.667031458852 -0.559246325955 0.72109766
v 0.683163500478 -0.592111513171 0.69311266
v 0.700395475057 -0.572575027292 0.69274443
v 0.673630998754 -0.587181732198 0.70317744
v 0.685363366384 -0.597589092553 0.68691422
v 0.653832552495 -0.584625551613 0.71618801
v 0.67509753748 -0.57531373026 0.70857805
v 0.679680485456 -0.640678944296 0.64984637
v 0.673630998754 -0.649990765649 0.64542767
v 0.680963692388 -0.649260444858 0.63401274
v 0.67986381725 -0.632645242144 0.65972704
v 0.683896827657 -0.619681759018 0.66899401
v 0.66556497794 -0.645060984676 0.66218185
v 0.649616210294 -0.659850327595 0.66359338
v 0.644666656544 -0.667336289154 0.66003388
v 0.655482423017 -0.667336289154 0.64579591
v 0.674364268117 -0.659120006804 0.62904173
v 0.676197412618 -0.615847517048 0.68040892
v 0.583254957103 -0.724485163025 0.34127489
v 0.613135842655 -0.722841941244 0.57761315
v 0.572989070384 -0.729780104394 0.32175903
v 0.617718790631 -0.718642481063 0.60160906
v 0.61331917445 -0.722659361046 0.59829505
v 0.594070723575 -0.739091867932 0.59068508
v 0.589304443805 -0.704766096948 0.2497713
v 0.560523433391 -0.736718383174 0.30218178
v 0.555757153621 -0.731971124584 0.2497713
v 0.584538164035 -0.708782976931 0.2497713
v 0.648333003362 -0.685412133451 0.6240707
v 0.684813428815 -0.651816625443 0.61848598
v 0.665014982557 -0.669709889542 0.62419344
v 0.638067174458 -0.697097555191 0.61590841
v 0.582704961719 -0.746942989886 0.60117947
v 0.623218339764 -0.708965499314 0.6209408
v 0.594070723575 -0.735805366555 0.61394455
v 0.346957329268 0.863633706086 0.2497713
v 0.340174515388 0.866007364289 0.2497713
v 0.3317418888 0.869658968247 0.26333418
v 0.354656686492 0.863633706086 0.30586404
v 0.339991183593 0.869658968247 0.33323532
v 0.311393504973 0.877327625634 0.32936898
v 0.261897504957 0.893942770532 0.50636185
v 0.268130323454 0.893394972123 0.58424117
v 0.321292728102 0.877692728214 0.51722445
v 0.337424711913 0.872762947241 0.51065779
v 0.323125872603 0.876232086631 0.58503899
v 0.316526390517 0.878423106821 0.59148291
v 0.346590665679 0.866920207463 0.59860189
v 0.350623676086 0.864364084693 0.60449348
v 0.349707074928 0.86290332748 0.61431278
v 0.378854748931 0.852678720768 0.60811435
v 0.380504619453 0.850670165146 0.61412866
v 0.391137111946 0.843184319217 0.623457
v 0.394620126968 0.839167439234 0.62953269
v 0.402686147782 0.83295953906 0.63530153
v 0.432383759354 0.818900516932 0.63548565
v 0.44374952121 0.809041012801 0.64334108
v 0.436783375535 0.809406115381 0.64947814
v 0.455298557046 0.797173010863 0.65297627
v 0.452365479592 0.792060591876 0.6629183
v 0.48444623105 0.778366845774 0.65696536
v 0.504794557062 0.759378100488 0.66623232
v 0.52257646921 0.747327402722 0.66721424
v 0.522393137415 0.753535302896 0.65874511
v 0.548424402171 0.740206659374 0.65242393
v 0.559790106212 0.729799414649 0.6560448
v 0.583071625308 0.716835873709 0.64898717
v 0.582888293514 0.711358352142 0.65745632
v 0.604153278499 0.697299330014 0.65297627
v 0.599936936298 0.68634428688 0.67126471
v 0.594803992939 0.675571823944 0.68574819
v 0.583254957103 0.675206605734 0.69397184
v 0.592787458828 0.657313341635 0.70121358
v 0.616618915493 0.631386375384 0.70422074
v 0.633117562893 0.608380750114 0.70870079
v 0.62541820567 0.601259948951 0.7166176
v 0.648149729382 0.574967822304 0.71815187
v 0.646316527066 0.565473420754 0.72342974
v 0.646866464635 0.542102635088 0.73300356
v 0.671614464643 0.520192491006 0.73024188
v 0.665931583715 0.511793628458 0.73582661
v 0.689213044996 0.478380642833 0.73705402
v 0.697829003378 0.459209317349 0.7393861
v 0.685363366384 0.45610539617 0.74558453
v 0.675280869275 0.447158735213 0.75196707
v 0.688846381407 0.411007046619 0.7560789
v 0.688479775632 0.38489750017 0.76203185
v 0.657132293538 0.405164364657 0.76847577
v 0.653832552495 0.396035123502 0.77136022
v 0.648516335156 0.390192441539 0.77418324
v 0.660065370992 0.355318814331 0.77731314
v 0.6371505733 0.368647457853 0.78179321
v 0.613502448429 0.351849732756 0.79142839
v 0.645033262318 0.303099663618 0.79032373
v 0.62285173399 0.304560363017 0.79627669
v 0.608736168659 0.276077158365 0.80388662
v 0.600670205661 0.24960245152 0.80910313
v 0.38197115818 0.15027656908 0.87673354
v 0.390037178993 0.131652926375 0.87673354
v 0.624868210286 0.230613648419 0.8049913
v 0.616802247288 0.214181083718 0.80885765
v 0.646133195271 0.173464774548 0.80462307
v 0.662815174466 0.171638914754 0.80008164
v 0.678030614934 0.124349545014 0.79916108
v 0.688479775632 0.0969619371799 0.79731995
v 0.67986381725 0.0666529305493 0.80112493
v 0.689029713201 0.0593495491885 0.79860875
v 0.698012335172 0.0628186307634 0.79572433
v 0.704978423033 0.0398130054937 0.7943128
v 0.690862915517 0.0297708633494 0.79867011
v 0.692512786039 -0.00437244306703 0.79842466
v 0.685913303953 -0.0321252691121 0.8002044
v 0.680230423025 -0.186043844838 0.79425144
v 0.671247801053 -0.19535566619 0.79609257
v 0.673447666959 -0.219274250265 0.79326952
v 0.669964594121 -0.0312123103075 0.80486855
v 0.66574825192 -0.0726589980848 0.80511403
v 0.657682288922 -0.111001706868 0.80578911
v 0.667398122442 -0.126703950777 0.80229098
v 0.658415558285 -0.176549501102 0.80137044
v 0.653649278515 -0.221465270454 0.79873151
v 0.655299091222 -0.251043898478 0.79504925
v 0.651999407994 -0.287925965678 0.79155111
v 0.628717888898 -0.459372702922 0.76737112
v 0.630367817234 -0.479822147606 0.76184773
v 0.645766531682 -0.337223717595 0.78615052
v 0.643383391797 -0.364611383244 0.78234553
v 0.61331917445 -0.394007488885 0.78572094
v 0.632567625325 -0.39966759065 0.77909291
v 0.607086298138 -0.421760257115 0.78203869
v 0.602320018368 -0.436732238048 0.78032029
v 0.655482423017 -0.306914710964 0.78786889
v 0.627068076191 -0.324442814667 0.793515
v 0.645033262318 -0.489681709552 0.7542378
v 0.643016786023 -0.556872725568 0.73306493
v 0.642650122433 -0.54536994184 0.73754498
v 0.638067174458 -0.528024418335 0.74509357
v 0.610386096996 -0.547013221436 0.7492054
v 0.609286164043 -0.567462608305 0.74276149
v 0.627434681965 -0.493515951523 0.75914747
v 0.602503350163 -0.536240700685 0.75540382
v 0.622301796421 -0.595580652561 0.72631416
v 0.650166205678 -0.573122767885 0.72318426
v 0.61808545422 -0.587912110805 0.73140793
v 0.667581454236 -0.611465476668 0.69139428
v 0.654749153653 -0.595215492166 0.7099282
v 0.654932485448 -0.610187357468 0.70115221
v 0.619735324741 -0.626802560181 0.71232165
v 0.623035065785 -0.61128289647 0.71864283
v 0.667214790647 -0.6594851672 0.64064077
v 0.656948961743 -0.647434585064 0.66905537
v 0.665198314351 -0.632280081748 0.67556065
v 0.628717888898 -0.676648110507 0.66641644
v 0.643566723592 -0.652364366037 0.67721766
v 0.619735324741 -0.679752031686 0.67206253
v 0.637333905095 -0.680117192082 0.65217845
v 0.632017687756 -0.689976754028 0.64462987
v 0.644849930524 -0.681395311282 0.63898376
v 0.646866464635 -0.684864392857 0.62910309
v 0.659332101628 -0.629358740767 0.68396842
v 0.552640744372 -0.751142565698 0.36570039
v 0.571889195247 -0.732518865178 0.3353833
v 0.557040360553 -0.740735147528 0.31169423
v 0.581421696972 -0.748586269482 0.59565611
v 0.568589454204 -0.758445947059 0.58823026
v 0.569322723567 -0.757715568452 0.58344335
v 0.537975241473 -0.757167770043 0.32513441
v 0.541458314311 -0.750959927685 0.30212042
v 0.534858832224 -0.747308323727 0.2497713
v 0.555573821826 -0.765018949813 0.61326948
v 0.568772785998 -0.756437391437 0.60615048
v 0.634034164051 -0.695089115199 0.63180339
v 0.608919500454 -0.719555439867 0.62529811
v 0.581605028766 -0.738726765351 0.63211025
v 0.57023926691 -0.750412129276 0.62413207
v 0.330825287642 0.869111169838 0.2497713
v 0.315243183585 0.874040950811 0.2497713
v 0.316343116538 0.873858486244 0.25357625
v 0.310110298041 0.877327625634 0.31691074
v 0.211484903782 0.907271356238 0.58436392
v 0.225600411298 0.903984854861 0.57834959
v 0.242282390493 0.900333077458 0.58252279
v 0.299294473753 0.878240468808 0.26241362
v 0.245948795125 0.891021371736 0.2791678
v 0.251814950033 0.897777012503 0.59117605
v 0.275463074903 0.890656269155 0.59933835
v 0.293061655256 0.885908952749 0.59172839
v 0.27949608531 0.890108470746 0.57920878
v 0.321109396308 0.876232086631 0.59909286
v 0.315426515379 0.875866810605 0.61032368
v 0.319826189375 0.871667466054 0.62002024
v 0.338341313071 0.866190002302 0.61664486
v 0.324225805556 0.868015688651 0.62689376
v 0.348973805564 0.86071230729 0.62173862
v 0.373355199798 0.850487700578 0.62370248
v 0.36510584719 0.851765646333 0.62904173
v 0.376288277252 0.844279800405 0.63566975
v 0.37500507032 0.840810661014 0.64401615
v 0.414968452981 0.823465137509 0.64334108
v 0.40580255703 0.824560676512 0.64886443
v 0.409835567437 0.818352776338 0.65586069
v 0.427984143174 0.808493272207 0.65702674
v 0.406352552414 0.812327514178 0.66684604
v 0.440999717736 0.791147748702 0.67206253
v 0.457681696931 0.785487589122 0.66801207
v 0.480046557054 0.775262808965 0.66475943
v 0.475646940874 0.771063464414 0.67304446
v 0.50131154204 0.750796542112 0.67844507
v 0.509927500422 0.751526978534 0.67163295
v 0.52972594668 0.731625158813 0.67905879
v 0.537058640315 0.733998759201 0.67120335
v 0.550807542056 0.72669537784 0.66795069
v 0.560340101596 0.715192594113 0.67347406
v 0.569689329341 0.717018453907 0.66279557
v 0.581605028766 0.701681370393 0.67040552
v 0.583621562877 0.692186968843 0.67881331
v 0.565106381366 0.695656108233 0.68906219
v 0.558690231074 0.689995948653 0.6974086
v 0.575738873859 0.669729141982 0.70250235
v 0.580871759403 0.658408880637 0.70698242
v 0.575372210269 0.65603528025 0.71146247
v 0.605986423 0.629195413009 0.71146247
v 0.597920402187 0.618057731862 0.7212204
v 0.604153278499 0.59614758778 0.72870761
v 0.626151475033 0.573689703104 0.72913721
v 0.624134940922 0.561273960572 0.73490605
v 0.619185329358 0.553970579211 0.73969296
v 0.643383391797 0.527495872366 0.73969296
v 0.662815174466 0.501386325918 0.74067488
v 0.653465946721 0.497917244343 0.74552317
v 0.658415558285 0.47472898106 0.75055557
v 0.656948961743 0.448619376796 0.75828826
v 0.671981070417 0.425796389539 0.75853372
v 0.644849930524 0.432369450108 0.76614368
v 0.633300894688 0.426709290528 0.77123746
v 0.633117562893 0.413015428796 0.77418324
v 0.633667500462 0.392383461729 0.77829507
v 0.607819567501 0.375220518422 0.78891218
v 0.623035065785 0.321358088113 0.79363775
v 0.593704117801 0.372846918034 0.79302403
v 0.598837003345 0.324279429094 0.79983616
v 0.579405220676 0.277903018159 0.81106699
v 0.374088469161 0.164335533393 0.87673354
v 0.397736536217 0.110108000503 0.87673354
v 0.604886547863 0.186610837871 0.81450373
v 0.401219609055 0.0978748381693 0.87673354
v 0.629084552487 0.139138887934 0.81180343
v 0.655849028791 0.139321468131 0.80437759
v 0.645399868093 0.129096745789 0.80799848
v 0.657865620717 0.107551819918 0.80566639
v 0.65859889008 0.0699394319264 0.80713928
v 0.661898573308 0.0239281813868 0.80720064
v 0.678580552503 0.0133382986489 0.80247509
v 0.664831708577 -0.00528534405645 0.8064642
v 0.655115817242 -0.196633785391 0.80057263
v 0.65401588429 -0.0425325716521 0.80910313
v 0.414051909638 -0.0189791479735 0.87673354
v 0.643200117817 -0.124512930587 0.80898041
v 0.41276864489 -0.026830269928 0.87673354
v 0.648516335156 -0.173445579923 0.80431622
v 0.629084552487 -0.194077604805 0.80787572
v 0.626334806828 -0.212883769893 0.80689377
v 0.632750957119 -0.224204031238 0.80400938
v 0.608002899296 -0.247939977299 0.8081212
v 0.627984619534 -0.259260238644 0.80161589
v 0.627801345555 -0.294498968432 0.7974427
v 0.616802247288 -0.471240647045 0.76810753
v 0.619735324741 -0.482743488587 0.76436394
v 0.597920402187 -0.512322174426 0.76332062
v 0.624684878491 -0.34416193856 0.79106015
v 0.617718790631 -0.364794021257 0.78958726
v 0.600303542072 -0.422125475326 0.78387982
v 0.59645386346 -0.366072082642 0.79504925
v 0.590770982532 -0.391999048893 0.79204208
v 0.572439132816 -0.449330560777 0.78559816
v 0.57262246461 -0.462659204299 0.78259102
v 0.590404318943 -0.465397965082 0.77694494
v 0.598470397571 -0.345622637958 0.79768819
v 0.59663713744 -0.319513033694 0.80204552
v 0.61808545422 -0.57440082927 0.7366858
v 0.586737972126 -0.565271645931 0.75135338
v 0.592604184848 -0.572209809081 0.74693468
v 0.575555542064 -0.592476673567 0.74576865
v 0.588021236873 -0.594850273955 0.7404294
v 0.610569370976 -0.585173350021 0.73558113
v 0.601403475025 -0.527659200124 0.75810415
v 0.588937838031 -0.534597478904 0.75994527
v 0.579038614902 -0.553221063795 0.75742906
v 0.575005604495 -0.572940187687 0.75264215
v 0.605619817226 -0.61219579746 0.72625279
v 0.593704117801 -0.615482356652 0.72981228
v 0.636783967526 -0.647252004866 0.68765067
v 0.618818723583 -0.64560872527 0.70145907
v 0.623585003353 -0.63428852174 0.70581637
v 0.595537262302 -0.633193040553 0.72072944
v 0.58472149583 -0.656746406416 0.71324222
v 0.603236619526 -0.647617223077 0.70900765
v 0.611302640339 -0.698558196774 0.65831551
v 0.609469495838 -0.680664932675 0.67997934
v 0.57738874438 -0.713895280287 0.67341268
v 0.586554640331 -0.712617218902 0.66653918
v 0.600120210278 -0.712982379298 0.65156475
v 0.613869112019 -0.708600338918 0.63990432
v 0.521843199847 -0.772870071768 0.36551628
v 0.54420805997 -0.775973935132 0.58387294
v 0.550257604487 -0.771409430184 0.59381499
v 0.536508702746 -0.757350408056 0.31961106
v 0.511394039149 -0.773235174348 0.31421043
v 0.516526982508 -0.767757652781 0.29856092
v 0.500211609087 -0.771226792171 0.2497713
v 0.541091650721 -0.774330655535 0.61535607
v 0.542374857654 -0.775791470564 0.6017318
v 0.543291458812 -0.767027274175 0.63155791
v 0.545674656512 -0.76830545119 0.62339563
v 0.585454765193 -0.73361440418 0.63603798
v 0.569322723567 -0.743474023941 0.64113173
v 0.313226707289 0.874588691405 0.2497713
v 0.196452795109 0.910192755035 0.57828822
v 0.175921079487 0.914209635018 0.58442529
v 0.211668177762 0.907088718225 0.59215798
v 0.232199893384 0.902524097648 0.58896671
v 0.242282390493 0.891204009749 0.26339555
v 0.179770758099 0.903802216848 0.25106007
v 0.226150406682 0.903254476255 0.59989068
v 0.255114691076 0.895038251719 0.60608912
v 0.27436314195 0.888099972939 0.6136377
v 0.29379492462 0.884448368982 0.60271373
v 0.284628970854 0.885726488182 0.6098941
v 0.282062556989 0.884265730968 0.6182405
v 0.284079033285 0.880431488998 0.62750746
v 0.29856120439 0.873493210218 0.63401274
v 0.31505985179 0.866737742896 0.63695854
v 0.335408235618 0.862355529071 0.63069874
v 0.350623676086 0.853956666523 0.63689716
v 0.346407333884 0.849939959984 0.64812799
v 0.381421162796 0.833324641641 0.65230119
v 0.390220510788 0.832229160453 0.64763702
v 0.390953780151 0.824012878103 0.66046348
v 0.38893724604 0.818170138325 0.66991456
v 0.426700878426 0.791147748702 0.68053168
v 0.451448878434 0.780375227951 0.67819959
v 0.465014448381 0.770880826401 0.68022482
v 0.497095199839 0.745501716373 0.68660736
v 0.525692878459 0.725964999233 0.68728244
v 0.553190681941 0.708984751754 0.68501173
v 0.546957863444 0.703872390583 0.69360362
v 0.52734274898 0.708802171556 0.70059986
v 0.550440936282 0.685248747878 0.70520267
v 0.538708510836 0.68031902472 0.71373318
v 0.568222790614 0.652200980464 0.71680172
v 0.560340101596 0.650922919079 0.72091354
v 0.583071625308 0.619701011459 0.7268665
v 0.574089003337 0.617327411071 0.73146929
v 0.575738873859 0.606189729924 0.73558113
v 0.597553738598 0.579532385067 0.73809732
v 0.581971692356 0.587748725232 0.74073626
v 0.614785713177 0.548675637842 0.74319108
v 0.621385195263 0.533338554329 0.74601413
v 0.631284418392 0.501386325918 0.75258079
v 0.63935038139 0.476372260656 0.7569381
v 0.638067174458 0.460304856351 0.76154089
v 0.609469495838 0.446976155015 0.77375364
v 0.614602381382 0.415206506801 0.77927703
v 0.595353930508 0.393478942916 0.78885084
v 0.578305345538 0.373394658628 0.79689038
v 0.582338355945 0.328661527289 0.8032729
v 0.579955158245 0.314419924963 0.80585051
v 0.359239634468 0.18971475905 0.87673354
v 0.403052753556 0.0858242560332 0.87673354
v 0.64448332475 0.084546194648 0.8103919
v 0.64191685307 0.0429169266728 0.81235576
v 0.413501914254 -0.0089370058293 0.87673354
v 0.414051909638 -0.0173359261926 0.87673354
v 0.375188402114 -0.157012957407 0.87673354
v 0.374821738525 -0.158108438595 0.87673354
v 0.37243859864 -0.16504665956 0.87673354
v 0.614785713177 -0.225482092623 0.80861217
v 0.604703216068 -0.272954042561 0.80615735
v 0.599936936298 -0.302715250782 0.80345702
v 0.572255858836 -0.503192933271 0.77313995
v 0.565656318935 -0.515060877394 0.77197391
v 0.567672853046 -0.535145219498 0.76602095
v 0.568222790614 -0.435636699045 0.7895259
v 0.578305345538 -0.359499022073 0.80057263
v 0.575555542064 -0.383417606147 0.79738134
v 0.558140293506 -0.424133857503 0.79425144
v 0.559056836849 -0.467588985272 0.7851072
v 0.55612381721 -0.454077761553 0.78878945
v 0.578671951313 -0.316591692713 0.80695516
v 0.554473888873 -0.607083436289 0.74724154
v 0.553190681941 -0.628080621567 0.73969296
v 0.583438231083 -0.611100316272 0.73551975
v 0.595353930508 -0.606170535299 0.73300356
v 0.556857086573 -0.559611544166 0.76197049
v 0.542741521243 -0.58480813181 0.75847238
v 0.573905671543 -0.640313783901 0.72637554
v 0.57023926691 -0.629358740767 0.73288082
v 0.609469495838 -0.671900909732 0.68801889
v 0.589854381374 -0.663684569566 0.70624597
v 0.577022080791 -0.683403693459 0.7007226
v 0.599936936298 -0.670257630135 0.69575159
v 0.556490422984 -0.664414948173 0.72183411
v 0.549340945514 -0.694723954803 0.70747338
v 0.545491324717 -0.68029977228 0.71802913
v 0.575005604495 -0.708782976931 0.6804703
v 0.53687530852 -0.745117303538 0.67212391
v 0.556490422984 -0.738726765351 0.66255009
v 0.577205412586 -0.72539812183 0.65954292
v 0.571889195247 -0.731240745977 0.65696536
v 0.482429696939 -0.799162198414 0.369444
v 0.509377562853 -0.79824935524 0.59393773
v 0.519093454188 -0.792223919634 0.58638914
v 0.510660769785 -0.797701614646 0.58325924
v 0.491595650705 -0.777069416319 0.2497713
v 0.511394039149 -0.794414939824 0.61283988
v 0.507361028742 -0.792041455067 0.62744609
v 0.504061287699 -0.80044037543 0.60437074
v 0.537425303904 -0.766114431 0.64119311
v 0.524776335116 -0.772870071768 0.64444575
v 0.503144744356 -0.788754953689 0.641009
v 0.507911024126 -0.787476834489 0.63695854
v 0.561806698138 -0.746212784725 0.64579591
v 0.282429162764 0.881344332172 0.2497713
v 0.235499634427 0.89193421491 0.25351489
v 0.161988903766 0.907636516634 0.25750399
v 0.154289488727 0.917496136396 0.58129539
v 0.169504929195 0.915305174021 0.58878259
v 0.191136519955 0.910192755035 0.60117947
v 0.199752536152 0.899420234284 0.2497713
v 0.177754281803 0.904167550689 0.2497713
v 0.219000929212 0.903254476255 0.60731652
v 0.245032193967 0.896133732907 0.61167384
v 0.247781997441 0.893760132519 0.61842461
v 0.274913137334 0.880979229591 0.63382864
v 0.306077287634 0.864546549261 0.64739154
v 0.339624577819 0.854687045129 0.64377066
v 0.340541121162 0.848114042375 0.65475601
v 0.342740987067 0.844279800405 0.6597884
v 0.366389054123 0.834785456669 0.65972704
v 0.375738281868 0.822917396916 0.67077374
v 0.357406489966 0.828577556496 0.67322858
v 0.370422064529 0.820178636132 0.6767267
v 0.379221412521 0.809041012801 0.68525721
v 0.39150371772 0.806667354598 0.68175909
v 0.416801713112 0.788774090499 0.68783478
v 0.440083116578 0.778184207761 0.68691422
v 0.467947525835 0.762299325839 0.6871597
v 0.469047458787 0.753535302896 0.69446281
v 0.502961412561 0.735459400784 0.69237621
v 0.519276785982 0.718661733503 0.6974086
v 0.509927500422 0.717018453907 0.7030547
v 0.510660769785 0.706793731564 0.7097441
v 0.504061287699 0.696934169618 0.71839735
v 0.52972594668 0.675206605734 0.72054532
v 0.533025629908 0.655852700052 0.72913721
v 0.553190681941 0.646540936514 0.72594593
v 0.539258448405 0.639967875945 0.73410822
v 0.564556443797 0.616597032464 0.73527427
v 0.554473888873 0.607285268927 0.74257737
v 0.557223692348 0.584644804053 0.75012594
v 0.568589454204 0.582818944259 0.74699606
v 0.590587650738 0.566568901941 0.74533905
v 0.595353930508 0.539911614898 0.75288764
v 0.605069821842 0.515262710032 0.75712222
v 0.619001997563 0.483127843608 0.76184773
v 0.587654573284 0.46559979772 0.77553338
v 0.595720594097 0.438577292467 0.77952248
v 0.609836159427 0.427622249333 0.77792686
v 0.572072527041 0.431639071502 0.78725517
v 0.579405220676 0.399869365473 0.79173523
v 0.565289713161 0.392200823716 0.7966449
v 0.564556443797 0.368647457853 0.8010022
v 0.565839650729 0.331035069861 0.80677104
v 0.353740085334 0.199026580403 0.87673354
v 0.371155333893 -0.167237679749 0.87673354
v 0.542741521243 -0.498628312694 0.7819773
v 0.551540811419 -0.514330614418 0.77577889
v 0.528626013728 -0.541535642054 0.77473557
v 0.550257604487 -0.537336239688 0.77013278
v 0.526609479617 -0.563810946533 0.76915085
v 0.54420805997 -0.559611544166 0.76552999
v 0.56547298714 -0.372827723409 0.80149317
v 0.562906573276 -0.35676026129 0.80468446
v 0.550807542056 -0.416282793363 0.7974427
v 0.53467550043 -0.405145112217 0.80321157
v 0.532842298114 -0.43308051846 0.79830191
v 0.544758055354 -0.467223824876 0.78860533
v 0.531375759387 -0.457546843128 0.79376048
v 0.5583236253 -0.342883819359 0.80781436
v 0.368038924644 -0.172532621118 0.87673354
v 0.317259717696 -0.25524335866 0.87673354
v 0.54164158829 -0.630454221954 0.74257737
v 0.532658966319 -0.606535695695 0.75405368
v 0.516710256487 -0.619316598623 0.75429916
v 0.549340945514 -0.63867056212 0.73656306
v 0.51561038135 -0.584442971415 0.76595956
v 0.497461863428 -0.607996337278 0.76325929
v 0.541091650721 -0.659120006804 0.73048736
v 0.574822272701 -0.691437453426 0.69550611
v 0.569322723567 -0.704218298539 0.68857123
v 0.553007350146 -0.706774536939 0.696979
v 0.539991775584 -0.704400936552 0.70600049
v 0.530459216044 -0.677013270903 0.72576183
v 0.518726790598 -0.691437453426 0.72275466
v 0.516343650713 -0.706957117137 0.71489923
v 0.543658122401 -0.724302640642 0.68826437
v 0.534858832224 -0.735988004568 0.68286376
v 0.500394940882 -0.756072288856 0.6861164
v 0.520743266894 -0.751325203711 0.67684944
v 0.497095199839 -0.772322331174 0.67052826
v 0.511760644923 -0.767027274175 0.66555724
v 0.524959609095 -0.761915086449 0.66095445
v 0.549890940898 -0.750777289672 0.65187159
v 0.453098748956 -0.8155947053 0.3690144
v 0.445216059937 -0.813586380938 0.3121852
v 0.474363676126 -0.796788598027 0.31611292
v 0.497461863428 -0.805004822562 0.57730629
v 0.466847650697 -0.823445827254 0.58755518
v 0.487745972093 -0.810847620155 0.59602433
v 0.473447074968 -0.819429120716 0.5919125
v 0.503144744356 -0.802083597211 0.58951905
v 0.465197780175 -0.793136994069 0.25179651
v 0.456765095773 -0.797884079214 0.2497713
v 0.479129955896 -0.813221278357 0.61394455
v 0.490312385958 -0.803909341374 0.62315015
v 0.481146490007 -0.804457081968 0.63530153
v 0.478030080759 -0.815777343313 0.6038184
v 0.522026531641 -0.770861689591 0.6503987
v 0.494345396364 -0.786563817869 0.653099
v 0.48187975937 -0.798066717227 0.64677784
v 0.156306022838 0.907819154647 0.2497713
v 0.120192260974 0.913296618399 0.2497713
v 0.128624887561 0.912566413237 0.26014292
v 0.135407701442 0.920234897179 0.58749381
v 0.163088778904 0.916035379182 0.59301717
v 0.15318961359 0.915122536008 0.60829845
v 0.182337229778 0.910010117022 0.61032368
v 0.208001830945 0.904167550689 0.61345359
v 0.214234649442 0.901793892487 0.61774953
v 0.227066950025 0.8966814735 0.62431619
v 0.253464820554 0.890290993129 0.62382522
v 0.237332836743 0.888647713533 0.63837007
v 0.242649054082 0.883170191966 0.6464096
v 0.281329229811 0.870937087447 0.64966226
v 0.304610691092 0.861807788477 0.65254667
v 0.315793121154 0.854687045129 0.65819277
v 0.320192795149 0.849026943365 0.66463669
v 0.334858298049 0.834602760841 0.67678806
v 0.352456878402 0.836063402424 0.66574135
v 0.350073738517 0.823282499496 0.68286376
v 0.37500507032 0.806484716585 0.68955316
v 0.404519292283 0.786218025544 0.69587433
v 0.444849396348 0.766863946417 0.69470829
v 0.466664318902 0.746414559548 0.70145907
v 0.485546106188 0.737833058987 0.69924971
v 0.474730339715 0.735459400784 0.70587775
v 0.476013604463 0.723591514476 0.71336496
v 0.470514055329 0.712818993725 0.72177273
v 0.509194231058 0.683788106295 0.72379796
v 0.500394940882 0.67210274237 0.73263533
v 0.526609479617 0.638324596349 0.73914061
v 0.514143842623 0.635950995961 0.74405026
v 0.540358381358 0.60180774736 0.74889855
v 0.528259350138 0.595965007582 0.75460601
v 0.537608577884 0.579897603277 0.75755179
v 0.555390490031 0.565838581149 0.75687674
v 0.576105479633 0.548493057644 0.75620165
v 0.589671049579 0.520192491006 0.76062036
v 0.579771884265 0.514167228845 0.76534587
v 0.560523433391 0.488057624581 0.77737451
v 0.548791007945 0.462313238528 0.786396
v 0.549890940898 0.44350707344 0.79013962
v 0.548791007945 0.428352570124 0.79363775
v 0.547691132808 0.397130604689 0.79989755
v 0.551724143214 0.372664337836 0.8032729
v 0.550257604487 0.359700854711 0.80578911
v 0.554107283099 0.329939588674 0.80965546
v 0.352640210196 0.200669859999 0.87673354
v 0.511394039149 -0.511226635424 0.78658012
v 0.517993521235 -0.515243515408 0.78400254
v 0.504061287699 -0.571114327893 0.77295583
v 0.504794557062 -0.541353061856 0.78044304
v 0.311026841384 -0.264372542 0.87673354
v 0.492512251863 -0.433810839251 0.80677104
v 0.310476903815 -0.265102920606 0.87673354
v 0.51084410158 -0.447687281181 0.8002044
v 0.506811091173 -0.46996258566 0.79670626
v 0.514693780192 -0.496985090913 0.78897357
v 0.508460961695 -0.640496364098 0.74902129
v 0.526059542048 -0.652546946235 0.73852691
v 0.501494816019 -0.620594717823 0.75792003
v 0.485912769777 -0.607448596684 0.7663278
v 0.471980536241 -0.638305343909 0.75951567
v 0.502411474993 -0.681395311282 0.7335559
v 0.501494816019 -0.691437453426 0.72932132
v 0.511943976717 -0.735805366555 0.69704038
v 0.498011800997 -0.721929040255 0.71354908
v 0.497828469202 -0.737813922177 0.7026251
v 0.483529629892 -0.718825119076 0.72085218
v 0.513777179034 -0.742561007322 0.69004412
v 0.480229888849 -0.75662002945 0.69667216
v 0.487929303888 -0.760271806853 0.68924631
v 0.469414122377 -0.779808350548 0.68108401
v 0.484812836824 -0.774878396129 0.67605162
v 0.473447074968 -0.783825057086 0.67378092
v 0.481146490007 -0.786198715289 0.66537313
v 0.489762448389 -0.785103176286 0.65942019
v 0.41790158825 -0.833853245424 0.36975084
v 0.401952878418 -0.835496525021 0.30469799
v 0.428534080742 -0.823263362687 0.31948832
v 0.464464510812 -0.824358901689 0.58246142
v 0.443199583642 -0.834948784427 0.57442188
v 0.409102298073 -0.82472400427 0.2497713
v 0.419918064545 -0.818881380122 0.2497713
v 0.434033629876 -0.811212722735 0.2497713
v 0.442282924668 -0.807561118778 0.25799495
v 0.474180344332 -0.818516104096 0.59829505
v 0.450715609071 -0.831297007024 0.59792683
v 0.444482790574 -0.834766146414 0.59436733
v 0.425051007905 -0.844808288558 0.58718696
v 0.428534080742 -0.842982370949 0.5820932
v 0.463547909654 -0.821072400312 0.6161539
v 0.447049204438 -0.831297007024 0.61112151
v 0.462081370927 -0.81906384469 0.62523675
v 0.472713805605 -0.811030258168 0.63069874
v 0.449065738549 -0.822167881499 0.63511741
v 0.465747717744 -0.809752138967 0.64211367
v 0.469964059945 -0.799709996823 0.65512425
v 0.457131759362 -0.812125739355 0.6466551
v 0.0954442609656 0.915852914615 0.2497713
v 0.0754625407275 0.918043934804 0.25112143
v 0.0991106077829 0.916765757789 0.27566969
v 0.117809121089 0.922243279356 0.57607888
v 0.118908996226 0.921513074194 0.59320128
v 0.135957639011 0.918956777979 0.59982931
v 0.124958540744 0.918226399372 0.61026232
v 0.150806473705 0.913114153831 0.61701308
v 0.186003634411 0.905080393864 0.62474579
v 0.19351965984 0.901793892487 0.6297168
v 0.188020110707 0.899602872297 0.63695854
v 0.2151512506 0.888830351546 0.64775977
v 0.2340330957 0.881161867604 0.65389684
v 0.261164235593 0.874223588824 0.65371272
v 0.261347567388 0.87111972546 0.65862235
v 0.282245888784 0.866190002302 0.65678126
v 0.291045121145 0.860347204709 0.66169089
v 0.291961722304 0.855965222145 0.6675211
v 0.30552729225 0.848661840784 0.67163295
v 0.31505985179 0.837706624205 0.68120676
v 0.334125028685 0.82602126028 0.68630052
v 0.339441246024 0.819813533552 0.69047372
v 0.360889504989 0.803380853221 0.69796093
v 0.388203976677 0.784027005354 0.70360704
v 0.412218707322 0.775445446978 0.70152043
v 0.420651333909 0.766498843836 0.70520267
v 0.444299458779 0.757004442286 0.70274784
v 0.453648686525 0.742762782145 0.70925313
v 0.444299458779 0.73710279601 0.71649486
v 0.447415868028 0.723774036859 0.72318426
v 0.451998816003 0.710262813139 0.72901447
v 0.480229888849 0.695656108233 0.72760294
v 0.4771134796 0.685613966089 0.73343316
v 0.470697329309 0.682144884514 0.73711538
v 0.494528728159 0.656583020843 0.74128859
v 0.491962314294 0.631934115977 0.75184435
v 0.504611283083 0.622804874823 0.75178295
v 0.4917789825 0.616779670477 0.75730634
v 0.511760644923 0.583914425446 0.76307517
v 0.531742422976 0.561456598585 0.7649163
v 0.567306247271 0.536442533323 0.76246145
v 0.566389646113 0.520740231599 0.76730973
v 0.52257646921 0.494995845546 0.7851072
v 0.54384139638 0.515262710032 0.77467421
v 0.535592101588 0.46432167852 0.7890963
v 0.523859733958 0.436386272277 0.79768819
v 0.509377562853 0.424700908352 0.80315018
v 0.515793713144 0.40224296586 0.80597323
v 0.534308894656 0.376681160005 0.80658692
v 0.348607141975 0.20578222117 0.87673354
v 0.487379308504 -0.506479434648 0.79290128
v 0.492878857637 -0.521999156175 0.78805301
v 0.481329821802 -0.553403643993 0.78265238
v 0.480596552438 -0.575861528669 0.77688354
v 0.477846748964 -0.587729472792 0.77412188
v 0.482979692323 -0.59831935553 0.76982594
v 0.483712961687 -0.46777156547 0.80204552
v 0.301860945433 -0.273684363352 0.87673354
v 0.476196878442 -0.673726769525 0.74497083
v 0.493612127001 -0.662589088379 0.74447986
v 0.467214256471 -0.657659307406 0.75362408
v 0.460798163995 -0.617308216446 0.76902813
v 0.452182147798 -0.631914921352 0.76626644
v 0.434950231034 -0.650355926045 0.76387298
v 0.453465412545 -0.65638124602 0.75749046
v 0.482429696939 -0.68029977228 0.74018392
v 0.488662573251 -0.701662175768 0.72840077
v 0.471613930467 -0.695636855793 0.73650168
v 0.454015350114 -0.703670557945 0.73809732
v 0.473263800989 -0.739822246538 0.71256714
v 0.487196034524 -0.722841941244 0.71716994
v 0.463181246065 -0.7345274208 0.71931791
v 0.4606148322 -0.726676298845 0.72453441
v 0.459881562837 -0.761184707842 0.70268647
v 0.462264644907 -0.765384052394 0.69783819
v 0.458414966295 -0.782181835305 0.68476625
v 0.444849396348 -0.792954356056 0.68126813
v 0.449799007913 -0.795145318431 0.67605162
v 0.448699132775 -0.800988116023 0.66973045
v 0.459331567453 -0.803726876807 0.65819277
v 0.400303007896 -0.842252165788 0.37183745
v 0.410752168595 -0.85119876893 0.57693807
v 0.385454231018 -0.842799906381 0.30230454
v 0.369322189391 -0.849372909136 0.29555377
v 0.370605396324 -0.844443185977 0.26216814
v 0.359789629851 -0.856676290496 0.32593222
v 0.394070131584 -0.83166228305 0.2497713
v 0.4417329871 -0.83513142244 0.60295922
v 0.414235183617 -0.849007806555 0.60252962
v 0.420651333909 -0.846634148352 0.59283306
v 0.399019743149 -0.856676290496 0.59111468
v 0.388203976677 -0.861606013654 0.58552995
v 0.430550557038 -0.837870183223 0.61768816
v 0.43440023565 -0.834035767807 0.62388659
v 0.423767800972 -0.837504907197 0.62916446
v 0.440999717736 -0.824176263676 0.6401498
v 0.445949329301 -0.814316759545 0.65279216
v 0.418634857613 -0.830201468021 0.64960089
v 0.0882948413106 0.916583119776 0.2497713
v 0.0695963280048 0.918409037385 0.2497713
v 0.0584138979432 0.926260159339 0.56748699
v 0.0651967118241 0.926077521326 0.5806203
v 0.073262674822 0.925529780733 0.59246483
v 0.107176628596 0.922973657962 0.58190909
v 0.112492845935 0.922243279356 0.58884397
v 0.0991106077829 0.922060814788 0.60308196
v 0.12202546329 0.919321880559 0.605905
v 0.0954442609656 0.920234897179 0.61351496
v 0.113226173113 0.916400655208 0.6203271
v 0.138340778896 0.912931515818 0.62259781
v 0.139074048259 0.911836034631 0.62566635
v 0.168954991627 0.903619752281 0.63493331
v 0.142373789302 0.90453265327 0.64168407
v 0.153922882953 0.897229271909 0.65248531
v 0.199935810132 0.889560730153 0.65217845
v 0.204702089902 0.883352887794 0.66046348
v 0.220284193959 0.875501708025 0.66709152
v 0.240815851766 0.873493210218 0.66316378
v 0.267030390501 0.866190002302 0.66347064
v 0.258231158139 0.863451068073 0.67077374
v 0.25529802287 0.858886563126 0.67746314
v 0.277296277219 0.846835923175 0.68409118
v 0.304794022887 0.841906200017 0.68004072
v 0.306077287634 0.834785456669 0.68734381
v 0.318726256423 0.823282499496 0.69440144
v 0.331375225211 0.810501654384 0.70133632
v 0.355389955856 0.798451130063 0.70360704
v 0.382887701523 0.779097050936 0.70919175
v 0.40836902871 0.765951103243 0.70998958
v 0.43220042756 0.752804924289 0.7105419
v 0.395903391716 0.766133741256 0.7141014
v 0.414051909638 0.746597197561 0.7201771
v 0.424134406747 0.730712315639 0.72649828
v 0.414785179001 0.726147637246 0.73153067
v 0.437516644898 0.703507230187 0.73644032
v 0.440633054147 0.690361166864 0.74147271
v 0.443382857621 0.674111124546 0.74797799
v 0.467764251855 0.669546503969 0.74331382
v 0.476746873826 0.654757218864 0.74693468
v 0.457315091157 0.657678559846 0.75086242
v 0.451815484208 0.647818940084 0.7560789
v 0.458598298089 0.614771230485 0.76608232
v 0.477663417169 0.603450969141 0.76528451
v 0.493612127001 0.576611044085 0.76976454
v 0.514877111986 0.56492568016 0.76810753
v 0.518910122393 0.551596978824 0.77105334
v 0.543108127017 0.534434093332 0.76964182
v 0.501128210245 0.517088569826 0.78443214
v 0.501494816019 0.497917244343 0.78903493
v 0.509377562853 0.478745861044 0.79173523
v 0.513227241465 0.450810454801 0.79695174
v 0.490495717752 0.442411534437 0.80351841
v 0.497461863428 0.401877805465 0.80990094
v 0.296544728094 0.253071533095 0.87673354
v 0.47986322526 0.429995849721 0.80799848
v 0.461714707338 0.460669958932 0.80529815
v 0.465564443765 -0.505383953461 0.79750407
v 0.459698231042 -0.520721036974 0.79517198
v 0.463181246065 -0.54190080245 0.78921905
v 0.454565287683 -0.565271645931 0.7851072
v 0.4582316345 -0.583895230821 0.77946112
v 0.443566189416 -0.601058174128 0.77768135
v 0.466847650697 -0.466310866072 0.80554363
v 0.29379492462 -0.278979304721 0.87673354
v 0.365839116554 -0.537883980282 0.80701652
v 0.378304753548 -0.540805321263 0.80443895
v 0.405252619461 -0.543361501848 0.79971343
v 0.408185696915 -0.508305294442 0.80720064
v 0.430367225243 -0.50940077563 0.80321157
v 0.435866774377 -0.699653735777 0.74472535
v 0.442099592874 -0.678839130697 0.75172159
v 0.444116126985 -0.618038479422 0.77240348
v 0.426517546632 -0.640861582309 0.76884401
v 0.413318640274 -0.666058227769 0.76307517
v 0.4294506819 -0.672996390919 0.7569381
v 0.438433303872 -0.73708354357 0.72619142
v 0.413685246048 -0.719920600263 0.74141133
v 0.416618381317 -0.735440263974 0.73318768
v 0.449065738549 -0.757898206465 0.70980546
v 0.436783375535 -0.755889650843 0.71526745
v 0.413868577843 -0.783642592518 0.70477307
v 0.425967609063 -0.78437279768 0.69882013
v 0.403419417145 -0.804274617401 0.69133291
v 0.401769546623 -0.814316759545 0.68163635
v 0.42963395588 -0.805552563155 0.67574477
v 0.418451525818 -0.815959981326 0.67028278
v 0.409652235642 -0.824176263676 0.66549587
v 0.436783375535 -0.815046964706 0.65905195
v 0.37243859864 -0.854850430702 0.37527421
v 0.37243859864 -0.848642530529 0.30169082
v 0.366572385917 -0.851563929325 0.30482075
v 0.353006815971 -0.85722403109 0.30187494
v 0.359239634468 -0.848277427948 0.2532694
v 0.338707976661 -0.868544292435 0.36005428
v 0.341641054114 -0.862336450076 0.30512759
v 0.391687049515 -0.832757764237 0.2497713
v 0.407635759346 -0.849555547149 0.61449689
v 0.403969354714 -0.8524767725 0.60848257
v 0.392053655289 -0.859232413267 0.60185454
v 0.392236987083 -0.859597689293 0.59620844
v 0.376288277252 -0.866170692047 0.59461281
v 0.348790473769 -0.877673417959 0.58663463
v 0.369138857597 -0.869457193424 0.58258417
v 0.395903391716 -0.853024686539 0.62112492
v 0.410935500389 -0.838417923817 0.64107037
v 0.40085300328 -0.847912325368 0.63008502
v 0.386920769745 -0.845538667165 0.64763702
v 0.410202173211 -0.829288624847 0.65770181
v 0.0573139649905 0.919139415992 0.2497713
v 0.0512644782882 0.919687156585 0.25210336
v 0.0228500736477 0.927355640527 0.58945768
v 0.0556640944689 0.926442797352 0.57564928
v 0.0316493638243 0.92059999976 0.25750399
v 0.00653475804201 0.92096510234 0.2497713
v 0.0563974216475 0.926442797352 0.58595955
v 0.0420985245224 0.92662526192 0.59381499
v 0.0686797268467 0.924799517756 0.60105672
v 0.0802288204975 0.922973657962 0.60639597
v 0.0670298563251 0.919687156585 0.62204547
v 0.0923278517172 0.916035379182 0.62738472
v 0.124591877154 0.909097273847 0.63683578
v 0.118175726863 0.902158995067 0.65131927
v 0.113042841319 0.899237596271 0.65721084
v 0.149889872546 0.894125408545 0.65831551
v 0.195169530362 0.887917508372 0.65641302
v 0.193702991635 0.880614127011 0.66764385
v 0.213318106099 0.870754449434 0.67549929
v 0.223217271413 0.863633706086 0.68120676
v 0.25566468646 0.850852803159 0.68623915
v 0.267580385885 0.843914524379 0.69022824
v 0.295444795141 0.832229160453 0.6934195
v 0.304427417113 0.821091537122 0.70041576
v 0.313959976653 0.807945531614 0.70845531
v 0.333391759322 0.794069147499 0.71342634
v 0.348057204406 0.794251612066 0.70888491
v 0.374088469161 0.774349965791 0.71502197
v 0.367305655281 0.761203786837 0.72514811
v 0.388020644882 0.755726323085 0.72275466
v 0.40580255703 0.725782534666 0.73410822
v 0.40323608535 0.717566252315 0.73871103
v 0.414235183617 0.698577449214 0.74460261
v 0.391687049515 0.688900467466 0.75374681
v 0.428534080742 0.670459404958 0.75282627
v 0.414968452981 0.648914479087 0.76368886
v 0.4417329871 0.642523998715 0.76019073
v 0.415151784775 0.640150398328 0.76663464
v 0.41790158825 0.622257134229 0.77203527
v 0.43220042756 0.606007149726 0.77418324
v 0.444849396348 0.572959382312 0.78148633
v 0.47234719983 0.582818944259 0.77264899
v 0.485362832208 0.566021161347 0.77473557
v 0.485179500414 0.534981833925 0.78338885
v 0.478580018327 0.516175668837 0.78934181
v 0.465747717744 0.50814190887 0.7939446
v 0.482613028734 0.477650379856 0.79762682
v 0.467030982492 0.473633442057 0.80155456
v 0.292145054098 0.256358092287 0.87673354
v 0.444299458779 0.446976155015 0.81118971
v 0.438799909646 0.478015482437 0.80585051
v 0.408185696915 0.47692000125 0.8112511
v 0.443382857621 -0.510313676619 0.80057263
v 0.429817287675 -0.536058120488 0.7970745
v 0.434950231034 -0.547013221436 0.79345363
v 0.426884210221 -0.581339050236 0.78627324
v 0.424684344315 -0.599232314334 0.78185457
v 0.409285572053 -0.621142458417 0.77835643
v 0.23659956738 -0.315678791723 0.87673354
v 0.348607141975 -0.535510379894 0.8100237
v 0.350257012496 -0.553038483597 0.80572775
v 0.38197115818 -0.561985144554 0.79891562
v 0.228533546567 -0.320791152894 0.87673354
v 0.208368494534 -0.333389475624 0.87673354
v 0.410752168595 -0.559063745757 0.79492652
v 0.400486339691 -0.720468340857 0.74441849
v 0.406352552414 -0.702575076758 0.7506783
v 0.412218707322 -0.68760315364 0.75528109
v 0.401402940849 -0.658572208395 0.76792344
v 0.410018841416 -0.640678944296 0.77203527
v 0.377204820595 -0.667518869352 0.76939633
v 0.372255266845 -0.691802613822 0.76190913
v 0.392603592858 -0.694358794408 0.75687674
v 0.410385505005 -0.749134010076 0.7274802
v 0.381054557022 -0.771591952567 0.723307
v 0.42486767611 -0.753333528073 0.72072944
v 0.392420318878 -0.746577887306 0.73367864
v 0.39370352581 -0.783825057086 0.71158521
v 0.391320385925 -0.775791470564 0.71759953
v 0.379588018295 -0.803909341374 0.70121358
v 0.40323608535 -0.795327956444 0.69906561
v 0.371888603256 -0.823263362687 0.68673012
v 0.387104043724 -0.808473961952 0.69421732
v 0.368405588233 -0.81906384469 0.69231483
v 0.396453329285 -0.820707124286 0.67727903
v 0.40103627726 -0.830019003454 0.66285694
v 0.380137955864 -0.829836365441 0.67537653
v 0.326792277236 -0.860327894454 0.2497713
v 0.341824385909 -0.854485270307 0.2497713
v 0.35080700788 -0.850833492903 0.2497713
v 0.323859141967 -0.869092090843 0.30396155
v 0.319276193991 -0.874934657176 0.35361038
v 0.32715888301 -0.872013431825 0.35054184
v 0.342740987067 -0.879499335568 0.57779726
v 0.309560302657 -0.891184699493 0.5774904
v 0.379038080726 -0.863431931263 0.60842119
v 0.353740085334 -0.875117295189 0.59792683
v 0.346590665679 -0.878403796566 0.59129879
v 0.320742732718 -0.887715560103 0.5933854
v 0.307543826361 -0.892097716113 0.58227731
v 0.378304753548 -0.862701552657 0.61247166
v 0.365655784759 -0.864344774438 0.62578908
v 0.373905137367 -0.855398171296 0.6399657
v 0.380687951248 -0.854485270307 0.63542427
v 0.373721805572 -0.848825168542 0.65205571
v 0.381787826385 -0.841521787181 0.65825415
v 0.0277996852124 0.920234897179 0.2497713
v 0.00323501699892 0.926990537946 0.5793929
v -0.0213296512145 0.926077521326 0.59136017
v 0.00745135920011 0.926807899933 0.59375362
v -0.00171459456573 0.92096510234 0.2497713
v -0.00978061537883 0.92096510234 0.24995539
v 0.00598476265807 0.924616879743 0.60780749
v 0.0277996852124 0.923704036569 0.61241029
v 0.0345824990932 0.919504518572 0.62486853
v 0.0615303071917 0.916035379182 0.63180339
v 0.0853617060417 0.911470758605 0.63935199
v 0.0956275349451 0.90800179266 0.64438438
v 0.0802288204975 0.903984854861 0.65377408
v 0.124591877154 0.89284723153 0.66488217
v 0.0835285615406 0.900333077458 0.65929744
v 0.11010970605 0.891021371736 0.66954634
v 0.154839484111 0.88974319472 0.66371614
v 0.146956737278 0.884448368982 0.67255349
v 0.189120043659 0.875866810605 0.67488557
v 0.189120043659 0.871302190028 0.68059304
v 0.205435359265 0.856512962739 0.69311266
v 0.213868043667 0.851948284346 0.69587433
v 0.229633421704 0.854869683142 0.68875533
v 0.258781095708 0.83551566183 0.70047712
v 0.291045121145 0.818900516932 0.70581637
v 0.28902864485 0.814883636948 0.70955998
v 0.304060753523 0.806484716585 0.71183069
v 0.290678515371 0.797538113443 0.72085218
v 0.308277095724 0.782566190326 0.72631416
v 0.342557655273 0.761569062863 0.73048736
v 0.352090214813 0.748422941725 0.73545839
v 0.381054557022 0.742580317577 0.73153067
v 0.373538531593 0.720852753692 0.74380478
v 0.36547251078 0.713914532727 0.74865307
v 0.38930390963 0.698577449214 0.75012594
v 0.359789629851 0.7011336298 0.75491285
v 0.374088469161 0.687622348265 0.75761318
v 0.404152686508 0.662425760621 0.76104993
v 0.392786924652 0.654757218864 0.76595956
v 0.386554106155 0.642158896135 0.77142155
v 0.379038080726 0.621161653042 0.77939975
v 0.397186598648 0.608928490708 0.77989072
v 0.416984987092 0.592861086403 0.78117949
v 0.421384661087 0.570768362123 0.786396
v 0.448699132775 0.55104923823 0.78664148
v 0.435316836808 0.518001470816 0.79738134
v 0.443199583642 0.489700904177 0.80241373
v 0.235866240201 0.297074401458 0.87673354
v 0.419551458771 0.500108206717 0.8041935
v 0.385270899223 0.520740231599 0.80505267
v 0.368772194008 0.495361005942 0.81321496
v 0.400669671486 -0.585355872404 0.78983277
v 0.389487241424 -0.61347391666 0.78406394
v 0.390587116562 -0.627532880973 0.77982932
v 0.379038080726 -0.651634045245 0.77436736
v 0.312493437926 -0.557968206755 0.8095327
v 0.317992987059 -0.577139590054 0.8041935
v 0.352456878402 -0.574948627679 0.80002028
v 0.372621872619 -0.591746352776 0.79271716
v 0.197002732678 -0.339049577389 0.87673354
v 0.31029357202 -0.569105887902 0.80713928
v 0.342191049498 -0.751507668279 0.74288423
v 0.356489888808 -0.75917615222 0.73588797
v 0.368955525802 -0.722841941244 0.75012594
v 0.387654039108 -0.708235236338 0.75227392
v 0.353556753539 -0.666423388165 0.77381504
v 0.33650816857 -0.706774536939 0.76258421
v 0.347690598632 -0.723754900049 0.75386956
v 0.361439442558 -0.709513239908 0.7569381
v 0.335591567412 -0.683951434052 0.77080786
v 0.349523800948 -0.692350354416 0.76552999
v 0.367488987075 -0.763740772798 0.73091696
v 0.353190147765 -0.775973935132 0.72778706
v 0.363272644874 -0.777982432939 0.72416618
v 0.366389054123 -0.789485216666 0.71631075
v 0.352090214813 -0.821620140906 0.6959357
v 0.347323935043 -0.808108859371 0.70857805
v 0.33192516278 -0.820342021705 0.70415936
v 0.340541121162 -0.832940228805 0.68992138
v 0.341824385909 -0.838600388385 0.68310925
v 0.357589763946 -0.839148128978 0.67543791
v 0.37463840673 -0.836044265614 0.67040552
v 0.357039826377 -0.848642530529 0.66340926
v 0.354106748923 -0.845721305178 0.66899401
v 0.315793121154 -0.864892515031 0.25277844
v 0.308827033293 -0.866901070654 0.2497713
v 0.29599473271 -0.879316697555 0.30629364
v 0.303877479544 -0.869822296005 0.25676754
v 0.274179867971 -0.889541477712 0.34219544
v 0.298377872595 -0.895018941464 0.58055893
v 0.350623676086 -0.874752192608 0.60835983
v 0.35813975933 -0.870004934018 0.61609253
v 0.295444795141 -0.895566682058 0.59479692
v 0.315609847174 -0.886254976335 0.61394455
v 0.297094665663 -0.893375719683 0.6069483
v 0.304977354681 -0.8919150781 0.59939972
v 0.354473354698 -0.866718432641 0.63174203
v 0.330825287642 -0.877856055972 0.62505263
v 0.359422966262 -0.857589133671 0.64708468
v 0.353556753539 -0.861606013654 0.64364794
v -0.0391115633623 0.925529780733 0.57669258
v -0.0385616257935 0.925529780733 0.58546858
v -0.0475442477647 0.924799517756 0.58994864
v -0.0409447656785 0.924251777163 0.59737448
v -0.0180299679866 0.925529780733 0.59657667
v -0.00941395178954 0.920782637773 0.2497713
v -0.0466276466066 0.919139415992 0.2497713
v -0.0114304859004 0.922973657962 0.61191932
v -0.00739747549383 0.921513074194 0.6178109
v 0.000851877113914 0.919687156585 0.62327289
v 0.0254165453274 0.917496136396 0.63008502
v 0.0345824990932 0.913296618399 0.63965884
v 0.0626302401444 0.909462376428 0.64585727
v 0.0545642193313 0.901793892487 0.65899059
v 0.114509380046 0.884631006995 0.67740178
v 0.0811454216556 0.896133732907 0.66561861
v 0.0719794678898 0.892116852923 0.67212391
v 0.141457188144 0.878057830795 0.68139087
v 0.150256478321 0.876232086631 0.68218869
v 0.139440711848 0.866007364289 0.69470829
v 0.19095318816 0.848844478797 0.70256373
v 0.228350214772 0.844097162392 0.6994952
v 0.204335484127 0.836611143018 0.71017368
v 0.237516110723 0.828394918483 0.71029642
v 0.263913981252 0.828029815902 0.70520267
v 0.237149504949 0.820543738713 0.71606527
v 0.259331033277 0.809953855975 0.71907243
v 0.252364945417 0.80045951224 0.72606868
v 0.282979158148 0.783113988735 0.73067148
v 0.293611592825 0.772889382023 0.73410822
v 0.330275292258 0.762299325839 0.73281945
v 0.335408235618 0.747327402722 0.7393861
v 0.348973805564 0.731625158813 0.74392752
v 0.325325738509 0.736737519984 0.74619824
v 0.352090214813 0.715740334706 0.75037146
v 0.333025095733 0.70715889196 0.75724494
v 0.357956427535 0.680501547103 0.7631979
v 0.370788728118 0.662790863202 0.76724836
v 0.361806106147 0.659321781627 0.77001005
v 0.35099028186 0.637959435953 0.77878606
v 0.376838214821 0.608928490708 0.78345022
v 0.394253463379 0.589574527211 0.78602779
v 0.407452427552 0.562552079772 0.79106015
v 0.411485437958 0.547214996259 0.7943128
v 0.410935500389 0.523844210594 0.800143
v 0.234216427495 0.298169882645 0.87673354
v 0.334491634459 0.543198116275 0.80689377
v 0.348973805564 0.517271150024 0.81106699
v 0.40085300328 0.543198116275 0.7970745
v 0.360156235626 0.56273465997 0.79848599
v 0.374821738525 -0.610917678259 0.78719383
v 0.375738281868 -0.643965503489 0.77737451
v 0.357956427535 -0.623150898409 0.786396
v 0.343474256431 -0.654737966424 0.77927703
v 0.308643701499 -0.589555332586 0.80235237
v 0.345857396316 -0.596310973353 0.79547885
v 0.341091116546 -0.621507618812 0.78940314
v 0.177204344234 -0.347996238346 0.87673354
v 0.286645504965 -0.578235129056 0.80763024
v 0.327892210188 -0.746577887306 0.74779388
v 0.307360494566 -0.767575014768 0.74171819
v 0.321659333876 -0.774878396129 0.73527427
v 0.333758365096 -0.778347535519 0.73110107
v 0.320192795149 -0.723572262036 0.75871783
v 0.312676711905 -0.702940237154 0.76761657
v 0.306627225203 -0.715903720279 0.76375026
v 0.325875676078 -0.667518869352 0.77774274
v 0.307543826361 -0.684316652263 0.77491969
v 0.308277095724 -0.691620033624 0.77228075
v 0.343657588225 -0.794597577837 0.71907243
v 0.35099028186 -0.79952735881 0.71367182
v 0.322575935034 -0.832575126224 0.69661078
v 0.320742732718 -0.811760463329 0.71354908
v 0.304977354681 -0.822350346067 0.71005094
v 0.311393504973 -0.826549864064 0.70483445
v 0.282062556989 -0.844990926571 0.69796093
v 0.304060753523 -0.847729629539 0.68814164
v 0.312676711905 -0.850103287742 0.68243417
v 0.329725354689 -0.852111669919 0.67230801
v 0.322025997466 -0.860875635048 0.66426846
v 0.330825287642 -0.862519088089 0.65733358
v 0.329542022895 -0.865622951453 0.65316038
v 0.28902864485 -0.873656711421 0.2497713
v 0.261164235593 -0.882785836945 0.25124419
v 0.252181613622 -0.902687598851 0.47948152
v 0.21020169685 -0.91364258417 0.48138401
v 0.222300670255 -0.903783137853 0.35759947
v 0.208001830945 -0.905608824202 0.33765401
v 0.226517012456 -0.899766200055 0.325564
v 0.218634323437 -0.89757523768 0.28450707
v 0.267946991659 -0.889724115725 0.32893939
v 0.277112945425 -0.90104437707 0.57859507
v 0.26483058241 -0.903965602421 0.56797796
v 0.287562106123 -0.898122978274 0.58485488
v 0.256214624029 -0.907069639231 0.58448666
v 0.267580385885 -0.90360049984 0.5992156
v 0.303694147749 -0.88844593871 0.62063394
v 0.286828836759 -0.894288736303 0.61836324
v 0.275646406698 -0.899035821448 0.6121648
v 0.326059007872 -0.877856055972 0.63008502
v 0.337791375503 -0.869092090843 0.6401498
v -0.0460776512227 0.925164678152 0.58178635
v -0.0900741021054 0.920782637773 0.59013275
v -0.0704590454566 0.922243279356 0.5944287
v -0.0724755795674 0.921330378366 0.59946109
v -0.0572601390993 0.921513074194 0.60553677
v -0.0565268119208 0.920417361747 0.61124425
v -0.040211496315 0.922425917369 0.60639597
v -0.0765085321589 0.916583119776 0.2497713
v -0.0389282315676 0.918226399372 0.623457
v -0.0138136257854 0.917130860369 0.62959406
v 0.00525149329462 0.914939897995 0.63548565
v -0.00244786392918 0.911105656024 0.64383204
v 0.0342158355039 0.908914635834 0.64788251
v 0.0369656389782 0.899237596271 0.66383886
v 0.0950775973763 0.885361212156 0.67832235
v 0.0749125453436 0.876414609014 0.69022824
v 0.110843033228 0.874406226837 0.68924631
v 0.12679174306 0.878240468808 0.68310925
v 0.0391654470686 0.8954033543 0.66880989
v 0.0219335303048 0.889195454127 0.67746314
v 0.0430151256805 0.882622451372 0.68501173
v 0.102227017031 0.87111972546 0.69348088
v 0.101860411257 0.858886563126 0.70434348
v 0.14842333382 0.857243341345 0.70145907
v 0.1674884529 0.846653285162 0.70753475
v 0.168588328037 0.83861969864 0.71342634
v 0.194436260998 0.83040341629 0.71600389
v 0.208551768513 0.818352776338 0.72183411
v 0.234949696858 0.813240357352 0.72103629
v 0.215334582394 0.79826849205 0.73288082
v 0.252914882985 0.786765766138 0.73367864
v 0.268496987043 0.774715068371 0.73766772
v 0.309010365088 0.754813422096 0.74067488
v 0.31505985179 0.761021322269 0.73631757
v 0.293061655256 0.750613904099 0.74540043
v 0.309193696883 0.735094298203 0.749635
v 0.297461271437 0.721217856273 0.75718358
v 0.309193696883 0.702959489594 0.76276833
v 0.342740987067 0.676484724934 0.767187
v 0.331558557006 0.671920104356 0.77050102
v 0.314693246016 0.657495921833 0.77780411
v 0.327342214804 0.640698196736 0.78124088
v 0.318909530402 0.618605472456 0.78915769
v 0.345490732726 0.618788052654 0.78529131
v 0.36510584719 0.592678506205 0.78977138
v 0.383437696907 0.570403201727 0.79290128
v 0.226883676045 0.302369342827 0.87673354
v 0.332291826369 0.555979019203 0.80407074
v 0.310660235609 0.559082998197 0.80591184
v 0.300944344275 0.547580156655 0.80983958
v 0.132474623988 0.35111935415 0.87673354
v 0.345307458747 0.580993084465 0.79572433
v 0.352823484176 -0.640131203703 0.78216141
v 0.343107592841 -0.63556664094 0.78498447
v 0.322025997466 -0.63867056212 0.78719383
v 0.308277095724 -0.657659307406 0.78332746
v 0.285545572012 -0.593754792767 0.80388662
v 0.286645504965 -0.603796934912 0.80112493
v 0.309193696883 -0.624976758203 0.79277855
v 0.328075484168 -0.615299718639 0.79290128
v 0.170238198559 -0.351100159525 0.87673354
v 0.293244987051 -0.756802667463 0.74914403
v 0.304977354681 -0.744204286918 0.75270355
v 0.269046924612 -0.781999370737 0.74104311
v 0.285912235601 -0.789302752098 0.73441508
v 0.284628970854 -0.798797095834 0.72975092
v 0.321292728102 -0.789850492692 0.72717334
v 0.293428318846 -0.747490788295 0.75313312
v 0.273629872587 -0.7127997991 0.76951909
v 0.279679417104 -0.719190221656 0.76626644
v 0.276379676061 -0.743839184337 0.75706083
v 0.301860945433 -0.670805428544 0.78007483
v 0.27949608531 -0.697462715587 0.77412188
v 0.281879225195 -0.681760471678 0.77909291
v 0.311393504973 -0.807561118778 0.71870421
v 0.293061655256 -0.818151001516 0.71594253
v 0.272529997449 -0.83513142244 0.70833257
v 0.234766365064 -0.858684672673 0.69753134
v 0.250715074895 -0.861423375641 0.69096468
v 0.28389570149 -0.851563929325 0.69084194
v 0.273079935018 -0.861058273061 0.68427528
v 0.28902864485 -0.862153812063 0.67746314
v 0.305893955839 -0.856311187916 0.67758588
v 0.308277095724 -0.861788709483 0.6696077
v 0.297277997458 -0.87237859222 0.6597884
v 0.306993888792 -0.872926332814 0.65377408
v 0.30296082057 -0.879499335568 0.64432302
v 0.280962624037 -0.876212834191 0.2497713
v 0.238066106107 -0.889358781884 0.25658342
v 0.221567400891 -0.892462818694 0.2497713
v 0.241182515355 -0.887533095536 0.2497713
v 0.264647250616 -0.881325195362 0.2497713
v 0.261714173162 -0.889358781884 0.31095779
v 0.169321597401 -0.920033122356 0.44425479
v 0.181237354641 -0.914007744565 0.3761334
v 0.243932261014 -0.909625704186 0.57313309
v 0.229633421704 -0.914007744565 0.59056234
v 0.207085229787 -0.917841986536 0.56595273
v 0.201402348858 -0.919485381762 0.57669258
v 0.176104411282 -0.91364258417 0.3525057
v 0.181970624004 -0.911451621795 0.34059981
v 0.200302473721 -0.897757702248 0.2497713
v 0.25529802287 -0.907252103798 0.58865985
v 0.247048670263 -0.907252103798 0.60934176
v 0.307177162772 -0.885159437333 0.62707786
v 0.289395250624 -0.891367337506 0.62462305
v 0.261164235593 -0.902322322825 0.61498785
v 0.269780193975 -0.89447120087 0.63266259
v 0.249615141942 -0.900679101044 0.63100559
v 0.31744304949 -0.879499335568 0.6332763
v -0.0704590454566 0.922608555382 0.57116923
v -0.0754086570212 0.922243279356 0.58577543
v -0.133337283625 0.914392099586 0.58835301
v -0.102906460504 0.918409037385 0.597129
v -0.0944737761013 0.920234897179 0.57755177
v -0.109872548364 0.918409037385 0.57798137
v -0.0900741021054 0.918956777979 0.60210002
v -0.0807248743601 0.917861238976 0.613024
v -0.090807429284 0.915122536008 0.2497713
v -0.05689347551 0.914939897995 0.62793705
v -0.0394782269516 0.914026997005 0.63382864
v -0.0550602731938 0.909279738415 0.64156133
v -0.0326954130707 0.906175875051 0.65003048
v -0.00281452751848 0.90800179266 0.64923266
v 0.0182671256724 0.903984854861 0.65653577
v 0.0103844366539 0.89887249369 0.66426846
v 0.0534642863786 0.87331074565 0.69434007
v 0.0628135141239 0.866920207463 0.69986342
v -0.00703081190454 0.892116852923 0.67304446
v 0.00470155572582 0.886822027184 0.67967248
v -0.0178466361919 0.880614127011 0.6861164
v -0.0119804234692 0.876049448618 0.69145565
v 0.0369656389782 0.876597247027 0.69127153
v 0.0659299811875 0.861260047884 0.70440485
v 0.0776623488179 0.854869683142 0.70894627
v 0.0992939395775 0.848114042375 0.71299674
v 0.125508478313 0.851400543752 0.70857805
v 0.128074949992 0.840810661014 0.71612664
v 0.172804670238 0.826751638887 0.72103629
v 0.202685613606 0.809953855975 0.72772568
v 0.166938515331 0.80429375421 0.73496743
v 0.185820302616 0.789686991489 0.74061352
v 0.227983551183 0.777271364587 0.74190229
v 0.25089840669 0.773437122616 0.740859
v 0.251265012464 0.765586000662 0.74460261
v 0.27912942172 0.744223539358 0.75037146
v 0.278762815946 0.725234794072 0.75834963
v 0.264097313047 0.715922972719 0.76381159
v 0.28426236508 0.695108367639 0.76896673
v 0.31744304949 0.679953806509 0.76994866
v 0.298927867979 0.665347101602 0.77731314
v 0.295078131552 0.651288079474 0.78240693
v 0.265747183569 0.633759975771 0.79099882
v 0.261164235593 0.598703768366 0.80124769
v 0.301311007864 0.597973447574 0.79676765
v 0.315976452948 0.574602661908 0.80130905
v 0.309010365088 0.623900413825 0.78878945
v 0.290311851782 0.567664440943 0.80615735
v 0.12899155115 0.352032312954 0.87673354
v 0.263364043684 0.571498740729 0.80805981
v 0.222850665639 0.592678506205 0.80621871
v 0.192236452908 0.611667251491 0.80351841
v 0.290311851782 -0.657841887604 0.78565955
v 0.292145054098 -0.637392442919 0.79136702
v 0.273813204382 -0.596858713947 0.80437759
v 0.265563851774 -0.633923361344 0.79529476
v 0.155022758091 -0.357490582081 0.87673354
v 0.257131225187 -0.776339211158 0.74564591
v 0.266297178953 -0.757715568452 0.75282627
v 0.244115592809 -0.79697123604 0.73742224
v 0.265197246 -0.795327956444 0.73478331
v 0.252548277211 -0.805917839182 0.73122381
v 0.266113847158 -0.813038582529 0.72477989
v 0.289395250624 -0.807013378184 0.7239207
v 0.251998281827 -0.698193036378 0.77725178
v 0.240265914197 -0.715903720279 0.77240348
v 0.249065204374 -0.742013266728 0.76154089
v 0.261164235593 -0.670440210333 0.78504586
v 0.251998281827 -0.829836365441 0.71649486
v 0.22926681593 -0.844078025582 0.7107874
v 0.196819400883 -0.870735312624 0.69421732
v 0.21716778471 -0.870370036598 0.68998276
v 0.216801121121 -0.85594591189 0.70342292
v 0.196452795109 -0.86069317048 0.70317744
v 0.242465722287 -0.871830793812 0.68163635
v 0.261714173162 -0.869822296005 0.67789274
v 0.25786449455 -0.874386916582 0.67365816
v 0.27949608531 -0.873474073408 0.66592547
v 0.275096411314 -0.879681973581 0.65880647
v 0.296361396299 -0.879134232988 0.64886443
v 0.283712427511 -0.887715560103 0.63953611
v 0.139257380054 -0.924049828894 0.41498099
v 0.172071400875 -0.914920761185 0.35968606
v 0.181054022846 -0.923867364327 0.59228072
v 0.159055768497 -0.927518968284 0.5837502
v 0.22945008991 -0.911816724376 0.60608912
v 0.194619592793 -0.918755003156 0.61063054
v 0.13155802283 -0.91966784633 0.33845183
v 0.137607509532 -0.911999362389 0.2733376
v 0.171338131512 -0.90360049984 0.2497713
v 0.182337229778 -0.901409479651 0.2497713
v 0.235499634427 -0.906887001218 0.62229095
v 0.221200795117 -0.911816724376 0.61646075
v 0.249981805532 -0.897940340261 0.63751087
v 0.228166882977 -0.902870063419 0.63812459
v 0.214601313031 -0.908165120418 0.63260123
v -0.147819454729 0.912018499198 0.57877918
v -0.160101817744 0.909827479009 0.58951905
v -0.125087988832 0.914392099586 0.60228413
v -0.123804724085 0.911470758605 0.2497713
v -0.155152206179 0.906540977632 0.2497713
v -0.107672682459 0.914939897995 0.6100782
v -0.100156657029 0.914392099586 0.61621527
v -0.0930072373744 0.913479256412 0.62204547
v -0.0699091078878 0.911105656024 0.63481057
v -0.0713756466147 0.906175875051 0.64444575
v -0.064042895165 0.902524097648 0.65205571
v -0.0699091078878 0.893577610136 0.66531175
v -0.0226129159619 0.901246151893 0.65880647
v -0.011613817695 0.900698411299 0.66070896
v 0.0109343742227 0.902706735661 0.65843825
v 0.0459482609494 0.870206708841 0.69710174
v -0.0108804905164 0.863816344099 0.70287058
v 0.0360490378201 0.856695600752 0.70882353
v -0.0633096258016 0.890290993129 0.67083512
v -0.0464443148119 0.888647713533 0.67445599
v -0.0290290662535 0.884083092955 0.68151361
v -0.0491941182862 0.875319070012 0.68949179
v -0.0352618847504 0.870024244273 0.69599707
v 0.0402653800213 0.850852803159 0.7133036
v 0.0620802447605 0.837706624205 0.72183411
v 0.095260929171 0.841906200017 0.71753816
v 0.111576302592 0.834602760841 0.72140451
v 0.150073146526 0.825656157699 0.72410482
v 0.161622240177 0.817074599323 0.72821665
v 0.153922882953 0.790965110689 0.7429456
v 0.136874240169 0.811779773584 0.73318768
v 0.194802924587 0.773619587184 0.74748702
v 0.246132069105 0.759378100488 0.74816211
v 0.263364043684 0.739476280768 0.75460601
v 0.248515266805 0.728338657436 0.76104993
v 0.230366691068 0.718296573107 0.76694152
v 0.271796728086 0.677215045725 0.77688354
v 0.244848862172 0.658043720242 0.78578228
v 0.2505317431 0.643254377322 0.78971002
v 0.234399701474 0.639602657734 0.7922262
v 0.2151512506 0.618788052654 0.79983616
v 0.289395250624 0.583001524457 0.80216825
v 0.122392069064 0.353675534735 0.87673354
v 0.198102607815 0.620796492646 0.80057263
v 0.161255576588 0.617509933454 0.80400938
v 0.25786449455 -0.659850327595 0.78854397
v 0.247048670263 -0.645973885665 0.79382184
v 0.254198089918 -0.566549707316 0.81401277
v 0.246865338468 -0.589920550797 0.80885765
v 0.229816753499 -0.601058174128 0.8076916
v 0.261530841367 -0.621325038615 0.79909971
v 0.246132069105 -0.631732341155 0.79781094
v 0.14109058237 -0.361690042263 0.87673354
v 0.214051375462 -0.611830637064 0.80621871
v 0.21991753037 -0.790580697853 0.74392752
v 0.230733354657 -0.774148190968 0.75018734
v 0.252914882985 -0.755524548262 0.75546521
v 0.216801121121 -0.809752138967 0.73447645
v 0.234216427495 -0.821620140906 0.72496401
v 0.23623290379 -0.830019003454 0.71931791
v 0.24576546333 -0.675735151702 0.78504586
v 0.241365789335 -0.692532934614 0.78019756
v 0.213134774304 -0.701844698151 0.78001344
v 0.186003634411 -0.729597466381 0.7725876
v 0.203602214764 -0.732153762597 0.77001005
v 0.19095318816 -0.740735147528 0.76810753
v 0.22945008991 -0.737996386744 0.76528451
v 0.226333680661 -0.752238046885 0.760068
v 0.199019208973 -0.846999250933 0.71354908
v 0.18875338007 -0.86635333006 0.69955657
v 0.172988002033 -0.870735312624 0.69832915
v 0.159055768497 -0.878403796566 0.69329676
v 0.177387618214 -0.881142557349 0.68728244
v 0.201952344242 -0.878768899146 0.68445939
v 0.196452795109 -0.882968474958 0.68114538
v 0.176471074871 -0.860510532467 0.7061846
v 0.157772561565 -0.868544292435 0.70250235
v 0.214784644825 -0.883151112971 0.67599025
v 0.237882774312 -0.88242067655 0.66979182
v 0.247048670263 -0.885707177927 0.66175227
v 0.279679417104 -0.882785836945 0.65113515
v 0.277662882994 -0.885707177927 0.64690058
v 0.246132069105 -0.896297060664 0.6430956
v 0.105710089869 -0.928066766693 0.39976108
v 0.150806473705 -0.928432042719 0.59203524
v 0.181970624004 -0.92058086295 0.6136377
v 0.147140069072 -0.92660612511 0.60909627
v 0.135774307216 -0.929344885894 0.60228413
v 0.13889077428 -0.929892626487 0.58681874
v 0.139440711848 -0.929892626487 0.57767452
v 0.206535292218 -0.914373020591 0.61903831
v 0.116525856341 -0.921676401952 0.33961788
v 0.102960286395 -0.916381344953 0.26848933
v 0.126425079471 -0.911634259808 0.25455821
v 0.158139167339 -0.905791462215 0.2497713
v 0.202135676037 -0.905426359634 0.64505947
v 0.189486649433 -0.914920761185 0.62799843
v 0.200119141926 -0.908530222998 0.63855417
v -0.185033149546 0.90106351388 0.2497713
v -0.172750786532 0.907088718225 0.5820932
v -0.195665642039 0.902158995067 0.58823026
v -0.177333792323 0.90581077247 0.59381499
v -0.16413482815 0.907819154647 0.59761997
v -0.144336439707 0.910557857615 0.60412525
v -0.136820356462 0.911653396618 0.60559815
v -0.121971579584 0.911653396618 0.61523333
v -0.106756139116 0.909827479009 0.62750746
v -0.0847578847666 0.907636516634 0.63830869
v -0.0992400558713 0.902889373674 0.64432302
v -0.0878742940151 0.899420234284 0.65365134
v -0.112255688249 0.887369767778 0.66641644
v -0.0981401229185 0.882439813359 0.67568341
v -0.0435112373581 0.857243341345 0.70643008
v -0.0150968327176 0.855782584132 0.70882353
v 0.0261498146908 0.853591563942 0.7114011
v -0.0585433460316 0.883535352362 0.67961112
v -0.0766918639535 0.866737742896 0.69550611
v -0.0838412836085 0.877875366227 0.68304788
v -0.0603765483478 0.863633706086 0.69955657
v 0.0213835349208 0.844644902985 0.71759953
v 0.0347658308879 0.841723562004 0.71944065
v 0.0188170632412 0.837889262218 0.72201821
v 0.0400820482267 0.83076851887 0.7264369
v 0.0736293384113 0.827664482061 0.7274802
v 0.0824286285879 0.821821915728 0.73067148
v 0.118908996226 0.823282499496 0.72797117
v 0.104243551142 0.807580255587 0.73748362
v 0.119825597384 0.787678609312 0.74662784
v 0.130274758083 0.775262808965 0.75172159
v 0.163455442493 0.7761758834 0.74902129
v 0.182887225162 0.757734820892 0.75564933
v 0.219734198575 0.751526978534 0.75472876
v 0.216617789327 0.74495397578 0.75785866
v 0.199385872563 0.736920157997 0.76276833
v 0.192236452908 0.702229110987 0.77614713
v 0.219184261006 0.679040905519 0.78167045
v 0.250165137326 0.684335846888 0.77682218
v 0.220100862164 0.661877962212 0.78700972
v 0.22450053616 0.65165323987 0.78964865
v 0.214967918805 0.642158896135 0.79326952
v 0.0413652551589 0.3606137557 0.87673354
v 0.135041037853 0.606920050716 0.80805981
v 0.112309571955 0.617327411071 0.80615735
v 0.0917778563332 0.622074611846 0.80548227
v 0.0721627996844 0.611667251491 0.80879629
v 0.183253830937 0.652748778873 0.79259443
v 0.158139167339 0.666260002592 0.79013962
v 0.136874240169 0.65165323987 0.79554021
v 0.121658799701 0.631568955582 0.80192277
v 0.21991753037 -0.622785680198 0.80278194
v 0.218817655232 -0.631184600561 0.80057263
v 0.23146662402 -0.654372806029 0.79290128
v 0.137424177738 -0.362785581265 0.87673354
v 0.197736002041 -0.636114381534 0.8010636
v 0.185087033253 -0.789120114085 0.74828485
v 0.16968826099 -0.798797095834 0.74515495
v 0.200119141926 -0.805187460575 0.73877239
v 0.208551768513 -0.773417812361 0.75307176
v 0.195536136136 -0.818333639529 0.73220573
v 0.194986198567 -0.832392488211 0.72404344
v 0.220284193959 -0.818151001516 0.72907583
v 0.219367592801 -0.684499174646 0.78486174
v 0.181603960415 -0.664597528371 0.79406732
v 0.154106156933 -0.677561011496 0.79198074
v 0.19351965984 -0.707504857731 0.77964523
v 0.167305121105 -0.726128442621 0.77510381
v 0.165838582378 -0.739274505945 0.77056238
v 0.156306022838 -0.755707186275 0.7649163
v 0.175371141918 -0.760271806853 0.76154089
v 0.175737747692 -0.773782914942 0.7560789
v 0.198835934994 -0.754976807669 0.76166365
v 0.20763522517 -0.747125627899 0.7640571
v 0.199019208973 -0.764471151404 0.75773591
v 0.154106156933 -0.854850430702 0.71379456
v 0.163455442493 -0.846816786365 0.71839735
v 0.123675275996 -0.875117295189 0.70096809
v 0.122392069064 -0.885342075346 0.69127153
v 0.15318961359 -0.884063956146 0.68832575
v 0.152089680637 -0.890089218306 0.68163635
v 0.165105313015 -0.893923460277 0.67445599
v 0.194619592793 -0.889176317317 0.67365816
v 0.137790841327 -0.866170692047 0.70685968
v 0.193153054066 -0.89410609829 0.66758248
v 0.212034841351 -0.890454494332 0.66709152
v 0.216434515347 -0.894836476897 0.65868373
v 0.237882774312 -0.893740995709 0.65174887
v 0.092877789286 -0.929709988474 0.41528785
v 0.0430151256805 -0.927884302126 0.33875869
v 0.0805954262717 -0.925145367897 0.33832909
v 0.0985606702141 -0.934457247065 0.58540721
v 0.107909897959 -0.933361765877 0.58976453
v 0.12679174306 -0.930805469662 0.59847915
v 0.152273012431 -0.922406607113 0.62394796
v 0.115059317614 -0.929527523907 0.61455826
v 0.114876043635 -0.931535906083 0.60369566
v 0.0771124112491 -0.919302743749 0.27450365
v 0.0743626077748 -0.91711172356 0.25099871
v 0.090494649401 -0.915285863766 0.25069183
v 0.105526758074 -0.914190382578 0.25511053
v 0.126425079471 -0.910356140608 0.2497713
v 0.141640519939 -0.908347584985 0.2497713
v 0.199202540768 -0.903417861827 0.65021458
v 0.149706540752 -0.91364258417 0.64671648
v 0.163455442493 -0.914920761185 0.63886103
v 0.175921079487 -0.914190382578 0.63560838
v 0.133024561557 -0.922771883139 0.6311897
v -0.226096522975 0.891021371736 0.2497713
v -0.220230310253 0.895951094894 0.58019071
v -0.225729859386 0.894125408545 0.59228072
v -0.227563061702 0.893029696097 0.59884737
v -0.194565709086 0.900880875867 0.60136358
v -0.231412740314 0.88974319472 0.25394449
v -0.156985408495 0.905993237038 0.61437415
v -0.128387729875 0.909097273847 0.62014298
v -0.137736957621 0.905993237038 0.62431619
v -0.130037600397 0.903984854861 0.63278534
v -0.125271262812 0.902158995067 0.63824731
v -0.121054978426 0.893577610136 0.65543109
v -0.128937667444 0.886274228776 0.66408435
v -0.132420740282 0.877875366227 0.67445599
v -0.11665530443 0.875501708025 0.68034756
v -0.100523262804 0.870937087447 0.68820301
v -0.0699091078878 0.851035441172 0.70937587
v -0.0488274546969 0.842819043191 0.7166176
v -0.0215129830092 0.845923080001 0.71594253
v -0.113355563387 0.862720862912 0.69470829
v -0.0876909622204 0.857243341345 0.70250235
v 0.0125842447443 0.829855675696 0.72698924
v 0.0400820482267 0.821091537122 0.73208299
v 0.0604303742389 0.815248912974 0.73484467
v 0.0816953592244 0.8077628936 0.73834281
v 0.0998438771463 0.793338768892 0.74484809
v 0.101860411257 0.776723623993 0.75245804
v 0.127341680629 0.766316205823 0.75595617
v 0.142740452891 0.765220666821 0.75534248
v 0.14842333382 0.757004442286 0.75841099
v 0.157405897976 0.743858263332 0.76325929
v 0.164188711856 0.702046530789 0.77811098
v 0.145490198551 0.692186968843 0.78265238
v 0.183253830937 0.67465886514 0.78578228
v 0.205802022854 0.678675745124 0.78289789
v 0.14842333382 0.715740334706 0.774306
v 0.0274330794382 0.360978916096 0.87673354
v 0.054197555742 0.627917293809 0.80462307
v 0.0499812135408 0.618057731862 0.8073234
v 0.0969107996925 0.65165323987 0.7970131
v 0.0771124112491 0.629377935392 0.80382526
v 0.137240903758 0.663703822006 0.79198074
v 0.113959442477 -0.368810843426 0.87673354
v 0.160522307224 -0.621325038615 0.80750751
v 0.186003634411 -0.603796934912 0.81033054
v 0.167855058674 -0.654555386226 0.7978723
v 0.147873338436 -0.644330663884 0.80204552
v 0.172804670238 -0.784190333112 0.75178295
v 0.138707442485 -0.797701614646 0.74840759
v 0.147506732661 -0.812125739355 0.7404294
v 0.166021914173 -0.815229602719 0.73711538
v 0.181237354641 -0.82508910685 0.73005778
v 0.15538942168 -0.835496525021 0.7264369
v 0.131191359241 -0.656746406416 0.7993452
v 0.109743100276 -0.678839130697 0.79363775
v 0.122575400859 -0.693811053814 0.78848261
v 0.118359058658 -0.737996386744 0.77381504
v 0.123675275996 -0.748403804915 0.76970321
v 0.111576302592 -0.765201587826 0.76381159
v 0.144390323413 -0.76958357039 0.760068
v 0.15758922977 -0.773600450374 0.75761318
v 0.129724820514 -0.843165008962 0.72404344
v 0.116892519931 -0.856311187916 0.71624938
v 0.109009830912 -0.880960092782 0.696979
v 0.113592778888 -0.866170692047 0.70906901
v 0.0914112505591 -0.873108970827 0.70532541
v 0.0956275349451 -0.886985354942 0.69237621
v 0.0950775973763 -0.895749320071 0.68286376
v 0.118359058658 -0.893193255116 0.68310925
v 0.136140970805 -0.896479756493 0.67635848
v 0.126975017039 -0.901592117664 0.67132609
v 0.147873338436 -0.904513343015 0.66322516
v 0.174637872555 -0.900861739057 0.66187501
v 0.0789455557501 -0.930440367081 0.41491963
v 0.0923278517172 -0.934639769447 0.57552654
v 0.0615303071917 -0.937013369835 0.58491625
v 0.0331159603663 -0.928249404706 0.33808361
v 0.0270664158489 -0.91966784633 0.25529465
v 0.110476369639 -0.932631387271 0.59743585
v 0.0747292713641 -0.935552786067 0.59626982
v 0.120742198543 -0.927336330271 0.62044984
v 0.0848117684729 -0.931535906083 0.6171972
v 0.0895780482429 -0.933361765877 0.605905
v 0.0268830840543 -0.919120105736 0.25106007
v 0.0342158355039 -0.918389900575 0.2497713
v 0.0706962609575 -0.916563982966 0.2497713
v 0.0921445199225 -0.914738123172 0.2497713
v 0.166021914173 -0.907434741811 0.653099
v 0.106076695643 -0.921128661359 0.64229777
v 0.128258281787 -0.918389900575 0.64229777
v 0.147690006641 -0.907252103798 0.65862235
v 0.12679174306 -0.911268983782 0.65629028
v 0.109009830912 -0.914190382578 0.65506287
v 0.0771124112491 -0.928979783313 0.62756884
v -0.248644657078 0.884996109575 0.2497713
v -0.250844522983 0.887187129765 0.56527765
v -0.23581241431 0.891569112329 0.58663463
v -0.236362351879 0.890838733723 0.59553337
v -0.241495237423 0.888647713533 0.59970657
v -0.262576890614 0.881161867604 0.60596637
v -0.240028698696 0.886822027184 0.61001684
v -0.215647362277 0.894855613706 0.60529129
v -0.261476957661 0.883535352362 0.59381499
v -0.199148657062 0.898507391109 0.60719378
v -0.183749884799 0.899785336864 0.61554019
v -0.17623385937 0.898507391109 0.62462305
v -0.158085341448 0.901428616461 0.6264028
v -0.16890110792 0.897229271909 0.63174203
v -0.150569258204 0.895951094894 0.64211367
v -0.148186118319 0.893760132519 0.64696196
v -0.134070610803 0.898324753096 0.64272738
v -0.178983605029 0.882987553953 0.65463328
v -0.154052331041 0.878423106821 0.66880989
v -0.148552781908 0.871849930621 0.67819959
v -0.141220030458 0.868015688651 0.68415254
v -0.121788247789 0.866737742896 0.68924631
v -0.0952070454647 0.844279800405 0.71195343
v -0.0752253252266 0.842453940611 0.71489923
v -0.113172289407 0.849939959984 0.70550951
v -0.0768751957482 0.831133621451 0.72244781
v -0.0420446986312 0.831133621451 0.72465715
v -0.0266459263685 0.83076851887 0.72545497
v -0.166884631625 0.854869683142 0.69262169
v -0.134987211961 0.853774201955 0.69931109
v -0.030678936775 0.818717878919 0.73245123
v 0.00506821931511 0.817439933164 0.73398548
v 0.0345824990932 0.814883636948 0.73545839
v 0.0310994262555 0.804111289643 0.74116585
v 0.0626302401444 0.791512851283 0.74687332
v 0.0736293384113 0.784209469922 0.75012594
v 0.0778456806125 0.774349965791 0.75442189
v 0.090494649401 0.758282561486 0.7609272
v 0.119825597384 0.757187080299 0.76000664
v 0.137057571963 0.748422941725 0.76270694
v 0.125691810107 0.725599896653 0.77197391
v 0.121842131495 0.712271253131 0.7770063
v 0.128074949992 0.688900467466 0.78443214
v 0.106076695643 0.678310584728 0.78872809
v 0.0246832759639 0.360978916096 0.87673354
v 0.0127675765389 0.615866711673 0.80799848
v 0.0109343742227 0.627552075598 0.80480719
v 0.0580472343539 0.656948181239 0.79633802
v 0.0428317938858 0.658774041033 0.79603118
v 0.0378822401363 0.650740281066 0.79830191
v 0.0853617060417 0.667538063977 0.7926558
v 0.0893947164482 -0.373923204597 0.87673354
v 0.150256478321 -0.608909296083 0.81137383
v 0.116525856341 -0.622055359406 0.80947137
v 0.127891618198 -0.633375562936 0.80591184
v 0.118175726863 -0.640313783901 0.80443895
v 0.145123592776 -0.782547111331 0.7546674
v 0.0848117684729 -0.809386978572 0.74540043
v 0.118175726863 -0.810664982142 0.74306834
v 0.129358156924 -0.816507721919 0.73944747
v 0.108093229754 -0.779625712535 0.75792003
v 0.0901279858117 -0.797884079214 0.75073966
v 0.149339877163 -0.824176263676 0.73367864
v 0.123492002017 -0.830384106034 0.73220573
v 0.090494649401 -0.665145268964 0.79830191
v 0.071429530321 -0.653094686828 0.80241373
v 0.112126240161 -0.688881215026 0.79044646
v 0.0890281106741 -0.698375616576 0.78842121
v 0.0895780482429 -0.746577887306 0.77197391
v 0.0778456806125 -0.760819547447 0.76681876
v 0.0879281777213 -0.77524372997 0.76068169
v 0.088111509516 -0.851563929325 0.72140451
v 0.100027208941 -0.841339149168 0.72711198
v 0.0840784991094 -0.867266173234 0.71029642
v 0.0743626077748 -0.880412178743 0.6999248
v 0.0532809545839 -0.871830793812 0.70845531
v 0.0501645453355 -0.887533095536 0.69440144
v 0.0573139649905 -0.892280180681 0.68918493
v 0.061896970781 -0.898305442841 0.68249553
v 0.0888447788794 -0.891002234926 0.68850985
v 0.0659299811875 -0.90360049984 0.67562202
v 0.109376436686 -0.898488080854 0.67807686
v 0.101860411257 -0.905791462215 0.66905537
v 0.0371489707729 -0.931901008664 0.41491963
v 0.0439317268386 -0.935370148054 0.51538333
v 0.0296328875286 -0.937926386455 0.59228072
v 0.0285329545758 -0.937743748442 0.57773589
v -0.00904734601538 -0.927518968284 0.33851321
v 0.00250174763546 -0.923684726314 0.29144195
v 0.000668545319267 -0.920215586924 0.25584698
v 0.00855123433772 -0.920763385332 0.26222953
v 0.066113255167 -0.934639769447 0.60768475
v 0.0668465245305 -0.935552786067 0.59976794
v 0.039898716432 -0.936465629241 0.60308196
v 0.0631801777132 -0.932814025284 0.61682897
v 0.073812670206 -0.930623005094 0.62253644
v 0.00525149329462 -0.919485381762 0.25093731
v 0.0142341152658 -0.918937641169 0.2497713
v 0.0629968459186 -0.926971227691 0.63511741
v 0.0763791418856 -0.918572365143 0.65187159
v 0.0778456806125 -0.911999362389 0.66236597
v 0.0477814054505 -0.928979783313 0.63149655
v 0.0367823071836 -0.930988107675 0.62646416
v -0.303273600454 0.868198326664 0.2497713
v -0.274125984265 0.880248850985 0.56773248
v -0.255060865185 0.885908952749 0.58135675
v -0.272109450154 0.880796591578 0.58767793
v -0.28604168369 0.874406226837 0.59878601
v -0.289891362302 0.872215206648 0.60406388
v -0.292091170392 0.86984160626 0.61069191
v -0.268809709111 0.876597247027 0.61541745
v -0.243145107945 0.884813471562 0.61437415
v -0.209781149555 0.892664593517 0.61867009
v -0.188149558795 0.897411909922 0.6197134
v -0.195665642039 0.892299490936 0.62934858
v -0.19529897845 0.890108470746 0.63456509
v -0.182650009661 0.889925832733 0.64064077
v -0.216197299846 0.873675848231 0.65481739
v -0.181550076709 0.880248850985 0.65788591
v -0.209964481349 0.881526970185 0.64401615
v -0.201531796947 0.867102845476 0.6694236
v -0.158268615427 0.874953967431 0.67193979
v -0.17843366746 0.865276927867 0.67826097
v -0.168167838557 0.86290332748 0.68372294
v -0.112072356454 0.837341521624 0.71514471
v -0.151302527567 0.844462264972 0.7042821
v -0.148552781908 0.836793781031 0.71060328
v -0.103273066278 0.826203898293 0.72312289
v -0.106756139116 0.818352776338 0.72760294
v -0.0693591125039 0.816161756149 0.73183751
v -0.192365900996 0.856330324726 0.68464351
v -0.203731662852 0.845557803975 0.69286717
v -0.19053269868 0.838437060627 0.70195003
v -0.0436945113377 0.812692616759 0.73521291
v 0.00451822393117 0.80520677083 0.74055214
v 0.0125842447443 0.786948230705 0.74951226
v 0.0298162193232 0.787861247325 0.74895991
v 0.0358657060255 0.768689806211 0.75742906
v 0.073262674822 0.759012824462 0.76104993
v 0.0633635095079 0.736920157997 0.7698873
v 0.0868282447686 0.729434138623 0.77209663
v 0.112126240161 0.730529619811 0.77080786
v 0.0972774632818 0.707889212752 0.77933836
v 0.0793122193394 0.69894260961 0.78289789
v 0.0827952921772 0.679771284126 0.78891218
v 0.00231841584082 0.360796335898 0.87673354
v -0.0127136928326 0.620796492646 0.8064028
v -0.0233461853254 0.65256614086 0.79738134
v 0.0624469083498 0.668998763375 0.7926558
v 0.0512644782882 0.689265627862 0.78651875
v 0.0146007788551 0.680866765313 0.78934181
v 0.0739960020006 -0.376114224786 0.87673354
v 0.104060219348 -0.627350300775 0.80848944
v 0.066663250551 -0.802448699791 0.74951226
v 0.0807787580663 -0.817968363502 0.74116585
v 0.108093229754 -0.825637020889 0.73588797
v 0.134674432078 -0.820889762299 0.73662442
v 0.0804121522922 -0.79003295726 0.75454465
v 0.0758291465017 -0.679752031686 0.79437417
v 0.0736293384113 -0.638122763711 0.8064028
v 0.0472314678817 -0.623150898409 0.81094426
v 0.0409986493848 -0.645426145072 0.80486855
v 0.0420985245224 -0.681760471678 0.79449692
v 0.0573139649905 -0.711704317913 0.78461623
v 0.0496146077667 -0.729597466381 0.77878606
v 0.0514478100829 -0.755524548262 0.76939633
v 0.0606137060336 -0.779443074522 0.75969976
v 0.057130691011 -0.788389677663 0.75601754
v 0.059513830896 -0.839330766991 0.73018052
v 0.0435651210644 -0.849372909136 0.72416618
v 0.0551141569001 -0.833487969398 0.73380138
v 0.0336658979351 -0.876395472204 0.70501855
v 0.0239500066005 -0.858136874264 0.71864283
v 0.0171672505348 -0.88497679932 0.69734722
v 0.0305494886867 -0.895018941464 0.68728244
v 0.0365989753889 -0.902322322825 0.67850645
v 0.0925111256967 -0.901957220244 0.67519243
v 0.0483314008344 -0.909625704186 0.66838029
v 0.00946783549582 -0.930623005094 0.39834955
v 0.0149673846293 -0.935552786067 0.51538333
v 0.0153340482186 -0.935370148054 0.51035094
v -0.00758080728848 -0.935005045473 0.50992135
v -0.0150968327176 -0.937013369835 0.59019412
v 0.000851877113914 -0.937561110429 0.57945427
v 0.000851877113914 -0.937013369835 0.60074987
v -0.00281452751848 -0.937378645861 0.57429913
v -0.065509433892 -0.926788589678 0.41178973
v -0.0559768743519 -0.925145367897 0.35999292
v -0.0515772581712 -0.924415162736 0.33814497
v -0.0451611078797 -0.920398224937 0.2675074
v -0.019679780693 -0.91966784633 0.25118279
v -0.0508439888078 -0.935005045473 0.57356268
v 0.047598131471 -0.935005045473 0.60940313
v 0.0320160274136 -0.933361765877 0.61805639
v -0.00116465699693 -0.934457247065 0.61314674
v 0.00378495456772 -0.919120105736 0.2497713
v 0.0485146748139 -0.924232524723 0.64278874
v 0.0600637684648 -0.916563982966 0.65684262
v 0.0369656389782 -0.922406607113 0.64733016
v 0.0257832089167 -0.927518968284 0.63591523
v 0.00360162277307 -0.928432042719 0.63315356
v -0.0165633714445 -0.932083646677 0.62179999
v 0.018450457467 -0.932996489851 0.61983614
v -0.32637172994 0.859251723522 0.2497713
v -0.342503771566 0.853408925929 0.25781083
v -0.308956481382 0.867833224083 0.58233868
v -0.296490844388 0.872032568634 0.58761656
v -0.304556807386 0.868563429244 0.59430595
v -0.309689750745 0.865824668461 0.60117947
v -0.310973015492 0.862355529071 0.61296262
v -0.304190201612 0.863085965493 0.6188542
v -0.263676823567 0.875684346038 0.62265918
v -0.233612548405 0.885543850169 0.62075669
v -0.220596916027 0.886639331356 0.6272006
v -0.235079087131 0.878605571389 0.6365903
v -0.242595170376 0.864546549261 0.65684262
v -0.221513517185 0.865094289854 0.66500491
v -0.230129533382 0.876232086631 0.64358656
v -0.25707734148 0.868015688651 0.64432302
v -0.241311963443 0.849574683958 0.6773404
v -0.224813258228 0.849209581378 0.68310925
v -0.137370294031 0.828760194509 0.71778364
v -0.180450201571 0.824743314525 0.7139173
v -0.194015771518 0.82821228047 0.70906901
v -0.130404206171 0.813970793774 0.72784843
v -0.113355563387 0.805389235398 0.73429234
v -0.0790750038385 0.802833112627 0.73834281
v -0.248827988873 0.82949039967 0.69507651
v -0.218030502162 0.835333197263 0.69826779
v -0.217297232799 0.829673037683 0.70336154
v -0.249194652462 0.836793781031 0.68826437
v -0.0704590454566 0.79571236928 0.74251601
v -0.0389282315676 0.803198215208 0.74030666
v -0.00208120033989 0.79479935266 0.74546179
v -0.00794741306264 0.784939848529 0.74994186
v -0.0167467032392 0.772158945601 0.75546521
v 0.00543482508927 0.770698188388 0.75656986
v 0.00653475804201 0.744588699754 0.76724836
v 0.0362323696148 0.743675798764 0.76755524
v 0.0373322447524 0.729981879217 0.77271035
v 0.0569473592163 0.723408876463 0.77498108
v -0.0145468951488 0.357874994917 0.87673354
v -0.05689347551 0.606737528333 0.80898041
v -0.0777917969062 0.602903228547 0.80904174
v -0.0688091749351 0.636863896951 0.80044988
v -0.0502939934238 0.621709393635 0.80511403
v -0.0361784859085 0.670094302378 0.79167387
v -0.0491941182862 0.659321781627 0.79449692
v 0.0411819811794 0.706428571169 0.78087264
v 0.0116676435862 0.704602711375 0.78160909
v 0.0235833430112 0.689995948653 0.786396
v -0.0106972165369 0.696934169618 0.78381842
v 0.0461315349289 -0.376844545578 0.87673354
v 0.0646467164401 -0.616395257641 0.81241715
v 0.0483314008344 -0.807013378184 0.74760976
v 0.0508978146989 -0.823628523082 0.73914061
v 0.0265164782801 -0.796605960014 0.75264215
v 0.068496395052 -0.82819314366 0.73619483
v 0.0109343742227 -0.644330663884 0.80529815
v 0.00213508404617 -0.655285707018 0.80222961
v -0.00464767201954 -0.671900909732 0.79738134
v 0.0221168042843 -0.689246375421 0.79216483
v 0.0224834678736 -0.709148137327 0.78578228
v 0.018450457467 -0.720650921054 0.78203869
v 0.0221168042843 -0.739274505945 0.77547204
v 0.0268830840543 -0.756254926869 0.76927358
v 0.030366156892 -0.771591952567 0.76325929
v 0.0147840528346 -0.776886951751 0.76123405
v 0.0202836597832 -0.783642592518 0.75828826
v 0.0329326285717 -0.844260490149 0.72760294
v -0.00116465699693 -0.854302632294 0.72140451
v 0.0230334054424 -0.833305504831 0.73410822
v 0.0153340482186 -0.837322384815 0.73189889
v -0.00299780149799 -0.858502208105 0.71827461
v -0.0183965737607 -0.872743694801 0.70753475
v -0.000614661612989 -0.880960092782 0.7007226
v -0.0114304859004 -0.888811041291 0.69335814
v 0.0197336643993 -0.889358781884 0.69298992
v -0.00428106624538 -0.897027497086 0.68476625
v -0.00189792636038 -0.902139858257 0.67869055
v 0.0147840528346 -0.908165120418 0.67077374
v 0.0241333383951 -0.911451621795 0.6658641
v 0.0496146077667 -0.912729740995 0.66353202
v -0.0345286153869 -0.936282991228 0.58405706
v -0.0543270038304 -0.935187510041 0.59209661
v -0.0248127240523 -0.936100526661 0.60074987
v -0.0403948281097 -0.93482240746 0.60480033
v -0.0865910870828 -0.921493763939 0.34735057
v -0.0743087240685 -0.922771883139 0.34765743
v -0.0970402477809 -0.932083646677 0.5925262
v -0.104372999231 -0.914555485159 0.25492641
v -0.0594599471897 -0.918207262562 0.25112143
v -0.0398448327257 -0.919302743749 0.25461957
v -0.0209630454404 -0.918937641169 0.2497713
v -0.0688091749351 -0.934274609052 0.59418321
v -0.0310455425492 -0.932996489851 0.61523333
v 0.0378822401363 -0.914190382578 0.66132268
v 0.00745135920011 -0.920946023345 0.65009186
v 0.00525149329462 -0.922771883139 0.64671648
v 0.0215668667155 -0.924232524723 0.64358656
v 0.00250174763546 -0.916016242372 0.65874511
v -0.0229795217361 -0.925145367897 0.63965884
v -0.01876323735 -0.929527523907 0.62873487
v -0.0339786778181 -0.927153865704 0.63352178
v -0.0557935425573 -0.928432042719 0.62523675
v -0.33370448139 0.856330324726 0.2497713
v -0.358819144987 0.846835923175 0.25572422
v -0.329121533414 0.859799464116 0.58853711
v -0.331871336889 0.857060703332 0.60130221
v -0.33370448139 0.854504407116 0.6094645
v -0.325821792371 0.860347204709 0.59473555
v -0.334987746137 0.851583181765 0.61750405
v -0.312256222425 0.856695600752 0.6276302
v -0.297040781957 0.859799464116 0.63358316
v -0.266426569226 0.871484828041 0.63082147
v -0.246628180782 0.879518588008 0.6264028
v -0.252127729916 0.856695600752 0.66371614
v -0.265876631657 0.861077583316 0.65119651
v -0.236912289448 0.857973546507 0.66838029
v -0.269542978474 0.866007364289 0.64021118
v -0.291907896412 0.855234785723 0.64610276
v -0.270092973858 0.837889262218 0.67979524
v -0.248094719509 0.842453940611 0.68286376
v -0.245161642055 0.852130980174 0.67267624
v -0.263676823567 0.847201199201 0.67157157
v -0.173117450121 0.815431377542 0.72115903
v -0.14983598884 0.817439933164 0.72318426
v -0.215647362277 0.808858374788 0.71839735
v -0.222796781932 0.815614015555 0.71244439
v -0.179166936824 0.808493272207 0.72459579
v -0.156068807337 0.80045951224 0.73238985
v -0.139020164553 0.79260833247 0.73828143
v -0.120871646631 0.794251612066 0.73932473
v -0.0981401229185 0.788226349906 0.74411164
v -0.26660990102 0.818717878919 0.69943383
v -0.277975662877 0.823100034929 0.69200799
v -0.235262418926 0.819813533552 0.70673694
v -0.27870893224 0.828942659076 0.68623915
v -0.0477275217442 0.793156130879 0.74497083
v -0.0667926986393 0.780375227951 0.75006461
v -0.0475442477647 0.779462384777 0.75129199
v 0.000118607750463 0.763394807027 0.75945431
v -0.0420446986312 0.749518422912 0.76411846
v -0.0295790038223 0.743128058171 0.76706427
v -0.00886401422074 0.73235553742 0.77154431
v 0.0206502655574 0.725782534666 0.77424461
v 0.023216737237 0.717018453907 0.77731314
v -0.0634929575962 0.34892833396 0.87673354
v -0.10455627321 0.592861086403 0.8104533
v -0.0946571078959 0.616597032464 0.80462307
v -0.0887908951732 0.660782481025 0.79247171
v -0.114272164545 0.646723458897 0.79523337
v -0.0579934084628 0.690178528851 0.78473899
v -0.075041993432 0.687439825883 0.78492311
v -0.0183965737607 0.715375232126 0.7774359
v 0.0299994933027 -0.376479385182 0.87673354
v 0.000118607750463 -0.810299879561 0.74589139
v 0.0230334054424 -0.820707124286 0.74073626
v -0.00116465699693 -0.789120114085 0.75577205
v -0.000614661612989 -0.796240857433 0.75258079
v -0.0143635633542 -0.803909341374 0.74895991
v -0.0339786778181 -0.61785595704 0.81180343
v 0.0177171881036 -0.375931644589 0.87673354
v -0.0418613668366 -0.665693009558 0.79848599
v -0.0222462523726 -0.676465530309 0.79566297
v -0.0121637552638 -0.721929040255 0.78148633
v 0.00781796497427 -0.68376891167 0.79376048
v -0.00758080728848 -0.766114431 0.76540726
v -0.0323288072966 -0.786016077276 0.75663126
v -0.0350785529557 -0.857771771684 0.71747679
v -0.0233461853254 -0.870917777192 0.70882353
v -0.0112471541057 -0.848825168542 0.72453441
v -0.0369117552719 -0.848277427948 0.7239207
v -0.0117970916745 -0.824176263676 0.73877239
v -0.0260959309845 -0.842069527775 0.72815529
v -0.063126294007 -0.871648155799 0.70569363
v -0.0284790708695 -0.885707177927 0.69550611
v -0.0365450916826 -0.890819596913 0.68979864
v -0.0200464442823 -0.898122978274 0.68261828
v -0.0352618847504 -0.905974100228 0.67157157
v -0.0268292581631 -0.908530222998 0.66880989
v -0.0204131078716 -0.910721243188 0.66598684
v -0.0671593044135 -0.929892626487 0.61689034
v -0.0660594292759 -0.93135326807 0.61056916
v -0.117938569177 -0.912912205563 0.25449681
v -0.0820081391074 -0.930440367081 0.60756201
v -0.0950237136701 -0.928614507287 0.61026232
v -0.10455627321 -0.928066766693 0.60799161
v -0.118305174951 -0.926971227691 0.6033888
v -0.141220030458 -0.923867364327 0.60087261
v -0.137553625826 -0.925145367897 0.59031686
v -0.148552781908 -0.911999362389 0.33863595
v -0.128571003855 -0.909808342199 0.25087595
v -0.150935921793 -0.906521840822 0.2497713
v -0.0651428281178 -0.916746447534 0.2497713
v -0.0271958639373 -0.919302743749 0.65187159
v -0.0513939263766 -0.922589245126 0.64143859
v -0.0675259680028 -0.925693108491 0.63082147
v -0.0656927656866 -0.92313698572 0.6378791
v -0.357719212034 0.846653285162 0.2497713
v -0.397499320716 0.829307935102 0.2497713
v -0.405748673324 0.825656157699 0.2497713
v -0.394566243262 0.83076851887 0.26094073
v -0.354052865217 0.849574683958 0.58872123
v -0.337187554227 0.856512962739 0.57614025
v -0.357535938055 0.846105544568 0.60222276
v -0.365785232847 0.83898480122 0.61504923
v -0.342137107977 0.846653285162 0.62241369
v -0.337554217817 0.845740441988 0.62983954
v -0.300523854794 0.855965222145 0.63892239
v -0.286408289464 0.850487700578 0.6564744
v -0.329121533414 0.842819043191 0.64217505
v -0.315922627057 0.840810661014 0.6543878
v -0.295757575024 0.836611143018 0.67052826
v -0.30510680277 0.828577556496 0.67599025
v -0.288974761143 0.844097162392 0.66402298
v -0.234162543788 0.797903389469 0.72152725
v -0.22371338309 0.788956728512 0.72858487
v -0.19749878654 0.80301575064 0.72484127
v -0.248644657078 0.805389235398 0.71385592
v -0.196582185382 0.793703871472 0.73036462
v -0.177517066302 0.791878127309 0.7341696
v -0.172750786532 0.780557865964 0.74061352
v -0.128021066286 0.786765766138 0.74233189
v -0.113172289407 0.776906088561 0.74840759
v -0.307123279065 0.805024132817 0.69808367
v -0.273759320675 0.808493272207 0.70550951
v -0.308773149587 0.817439933164 0.68636188
v -0.317389165784 0.808127996181 0.69176251
v -0.306206735722 0.822917396916 0.68182045
v -0.0825580766763 0.765403362649 0.75558794
v -0.0733921229104 0.748057839144 0.76338202
v -0.0587266778262 0.73491166019 0.76908949
v -0.0457110454485 0.726878015853 0.7725876
v -0.0728421853416 0.346554733572 0.87673354
v -0.144703045481 0.603998709734 0.80492991
v -0.109139279001 0.606007149726 0.80664831
v -0.12618786397 0.629195413009 0.79940659
v -0.102173133325 0.66772070199 0.78964865
v -0.148186118319 0.660782481025 0.78866673
v -0.0501106616292 0.717566252315 0.77565613
v -0.0638595633704 0.699855510599 0.78124088
v -0.0765085321589 0.710080290757 0.77719039
v -0.0975901853497 0.700951049602 0.77927703
v -0.0303122731857 -0.804822357994 0.74803936
v -0.0297623356169 -0.820159383692 0.74030666
v -0.0653261020973 -0.631549760957 0.807262
v -0.00318113329264 -0.373740624399 0.87673354
v -0.0895241645366 -0.654555386226 0.79971343
v -0.075041993432 -0.696549756782 0.78786889
v -0.0504773252185 -0.688881215026 0.79099882
v -0.0871410246516 -0.641774483299 0.80345702
v -0.0579934084628 -0.709148137327 0.78443214
v -0.025912657005 -0.713530177707 0.78387982
v -0.0341619517976 -0.729415001813 0.77829507
v -0.0237127910995 -0.746212784725 0.77240348
v -0.0493773922658 -0.740370044947 0.77393776
v -0.0502939934238 -0.7648363118 0.76460943
v -0.0255459934157 -0.773235174348 0.76203185
v -0.0666093668447 -0.770496413565 0.76172501
v -0.0776084651116 -0.781086296303 0.75675398
v -0.0721089159781 -0.792954356056 0.75184435
v -0.0645928327339 -0.856676290496 0.71674034
v -0.04736091597 -0.840243610166 0.72852351
v -0.0724755795674 -0.851016130916 0.72005436
v -0.0601932165531 -0.827645403066 0.73527427
v -0.0414947032473 -0.833670607411 0.73245123
v -0.0893408905571 -0.863431931263 0.70962135
v -0.0854911541301 -0.867631275815 0.70667556
v -0.0838412836085 -0.876577936772 0.69961794
v -0.0567101437154 -0.878403796566 0.7001089
v -0.0728421853416 -0.8906369589 0.68636188
v -0.0656927656866 -0.89538421749 0.68206593
v -0.0552436049885 -0.899218459461 0.67869055
v -0.0675259680028 -0.904878619041 0.66985318
v -0.0416780350419 -0.908895499025 0.6669074
v -0.0363618177031 -0.916016242372 0.6564744
v -0.0946571078959 -0.926423487097 0.61940654
v -0.173484055896 -0.90360049984 0.25455821
v -0.134437216577 -0.921676401952 0.61744268
v -0.154785600405 -0.92058086295 0.60437074
v -0.189432765727 -0.914373020591 0.59970657
v -0.164318159945 -0.920033122356 0.59123743
v -0.185583087115 -0.915468501779 0.57865644
v -0.163401558787 -0.904330878447 0.2497713
v -0.170917642031 -0.903417861827 0.25130555
v -0.070275713662 -0.914738123172 0.65414232
v -0.0730255171362 -0.917476883955 0.64837347
v -0.0999733252347 -0.919850484343 0.63646758
v -0.0911740350582 -0.924049828894 0.62818253
v -0.0924572998055 -0.918207262562 0.64217505
v -0.426830326515 0.814883636948 0.2497713
v -0.416381165816 0.820178636132 0.58534584
v -0.384300414359 0.835880937856 0.57841096
v -0.378434259451 0.838437060627 0.58951905
v -0.380084072157 0.837341521624 0.59363088
v -0.361018953077 0.845192701394 0.59817231
v -0.387966761176 0.831864057873 0.60295922
v -0.392549709151 0.8269342769 0.61308536
v -0.382467212042 0.829855675696 0.61873146
v -0.380267403952 0.828942659076 0.62456167
v -0.364135362326 0.83295953906 0.63186477
v -0.353319595854 0.833324641641 0.64070214
v -0.330221466367 0.845923080001 0.63536289
v -0.33590428948 0.835880937856 0.64929403
v -0.32160545017 0.832229160453 0.66322516
v -0.323438652486 0.826386536306 0.66954634
v -0.344153642088 0.814335896355 0.67365816
v -0.263126828183 0.788774090499 0.72134314
v -0.238928823558 0.780192589938 0.7306101
v -0.230496139156 0.767411687011 0.73877239
v -0.195115646655 0.782748886154 0.73656306
v -0.283658543805 0.793703871472 0.7130581
v -0.203914936832 0.763760083053 0.74454124
v -0.18319994723 0.754083043489 0.7515375
v -0.163218226992 0.771245928981 0.74601413
v -0.142319905596 0.771793669575 0.74803936
v -0.122521517152 0.760838684256 0.75454465
v -0.334437750753 0.791512851283 0.69943383
v -0.308773149587 0.795347093253 0.70507993
v -0.307489942655 0.788956728512 0.7099282
v -0.346903445562 0.80520677083 0.68225005
v -0.35496940856 0.795529731266 0.68808027
v -0.354052865217 0.787495971299 0.69562885
v -0.124354719469 0.747144938154 0.76019073
v -0.117571905588 0.733268380594 0.76638919
v -0.0935571749432 0.723408876463 0.77154431
v -0.0744920558632 0.346006992979 0.87673354
v -0.166334636241 0.583731845248 0.80842805
v -0.151852465136 0.611849889504 0.80222961
v -0.178616999255 0.617509933454 0.79842466
v -0.202998335674 0.610754350502 0.79811779
v -0.153135729883 0.648184158295 0.79191935
v -0.129487605013 0.681597086105 0.78357297
v -0.147269517161 0.671189783565 0.78547543
v -0.184666543772 0.659139201429 0.78590503
v -0.179166936824 0.642706636728 0.79136702
v -0.133703947214 0.691274067853 0.78007483
v -0.0959403148282 0.712636413527 0.77522653
v -0.120138377267 0.712636413527 0.77369228
v -0.0453443818592 -0.807743756791 0.74589139
v -0.107856014253 -0.618221117435 0.80867353
v -0.00428106624538 -0.373558044201 0.87673354
v -0.0405781020892 -0.366984983632 0.87673354
v -0.112988957612 -0.649260444858 0.79989755
v -0.135903755304 -0.675369991306 0.79093742
v -0.118488506746 -0.677926229707 0.79118291
v -0.109505884775 -0.697280135389 0.78578228
v -0.094107112512 -0.7140779183 0.78117949
v -0.115922035066 -0.636296961732 0.8032729
v -0.0794416674278 -0.726493660832 0.77768135
v -0.0651428281178 -0.743108747915 0.77221939
v -0.105656206163 -0.771226792171 0.75927019
v -0.0919073044216 -0.750777289672 0.7680462
v -0.093190569169 -0.781999370737 0.75534248
v -0.115922035066 -0.789667854679 0.75018734
v -0.0983234547132 -0.801170580591 0.74613687
v -0.0893408905571 -0.816142619339 0.73944747
v -0.0765085321589 -0.812125739355 0.74220915
v -0.115005433908 -0.847912325368 0.71852009
v -0.078891729859 -0.842252165788 0.72527087
v -0.0904407656947 -0.82947126286 0.73214437
v -0.124904657037 -0.861788709483 0.70710516
v -0.10455627321 -0.870187572031 0.70256373
v -0.125087988832 -0.872743694801 0.6974086
v -0.104372999231 -0.881872935956 0.69170113
v -0.0913573668528 -0.891367337506 0.68372294
v -0.0849412165613 -0.899948895883 0.67365816
v -0.114272164545 -0.905608824202 0.66040212
v -0.0900741021054 -0.909443239618 0.65923607
v -0.0574434130789 -0.911999362389 0.66009526
v -0.113905558771 -0.922589245126 0.62327289
v -0.215830636257 -0.893558357696 0.25167379
v -0.166884631625 -0.915285863766 0.61744268
v -0.11647203045 -0.920033122356 0.62977818
v -0.145986310228 -0.914190382578 0.63296944
v -0.156252139132 -0.914738123172 0.62591183
v -0.175683863986 -0.915833604359 0.6069483
v -0.19309917036 -0.911086519214 0.61087602
v -0.208864548396 -0.908530222998 0.60565951
v -0.239295429333 -0.901409479651 0.60007479
v -0.226096522975 -0.905608824202 0.59099194
v -0.211431020076 -0.909260601605 0.59093057
v -0.193832439723 -0.91364258417 0.58546858
v -0.219680372684 -0.907069639231 0.57969975
v -0.219497040889 -0.906521840822 0.56484806
v -0.2380122224 -0.888263300697 0.25167379
v -0.170917642031 -0.902687598851 0.2497713
v -0.101623195756 -0.910721243188 0.65444916
v -0.115188765703 -0.912912205563 0.64708468
v -0.130037600397 -0.914555485159 0.63837007
v -0.434713015533 0.810684292397 0.2497713
v -0.428663528831 0.813422995365 0.56908263
v -0.450845057159 0.801007252833 0.57884055
v -0.438929357734 0.807032514994 0.59363088
v -0.403548865233 0.825656157699 0.59584022
v -0.439845901077 0.807945531614 0.2497713
v -0.409048414367 0.821821915728 0.60062712
v -0.416931103385 0.815614015555 0.6090349
v -0.414181299911 0.811962411597 0.62351837
v -0.402265600486 0.816161756149 0.62793705
v -0.382650543837 0.823282499496 0.63389
v -0.361935554236 0.826203898293 0.64628688
v -0.356802668691 0.822734758903 0.65536973
v -0.363952030531 0.814335896355 0.66255009
v -0.368168372732 0.802650474614 0.67408776
v -0.366335170416 0.810136493988 0.66635507
v -0.299240590047 0.779827487358 0.7180905
v -0.306940005086 0.76576846523 0.7243503
v -0.264776698704 0.765038202253 0.73410822
v -0.246811512577 0.754996117924 0.74208641
v -0.230679470951 0.754448319515 0.74490947
v -0.201715128741 0.751161644693 0.75055557
v -0.219680372684 0.724869518046 0.75927019
v -0.162301625834 0.740937037981 0.75933155
v -0.143969776117 0.744406003926 0.75976115
v -0.156618744906 0.758099923473 0.75251943
v -0.333337875616 0.782748886154 0.70655282
v -0.33113800971 0.773802225197 0.7130581
v -0.337737491796 0.764307823646 0.71735404
v -0.383567144995 0.788226349906 0.68163635
v -0.381000673316 0.782018449732 0.68869397
v -0.374767854819 0.778731948355 0.69440144
v -0.377517658293 0.765038202253 0.70385252
v -0.148552781908 0.726147637246 0.76645055
v -0.0897074963313 0.340164311016 0.87673354
v -0.210697750713 0.573689703104 0.80701652
v -0.206664740306 0.587566145034 0.80382526
v -0.188516222384 0.627734713611 0.79480377
v -0.216197299846 0.628465034402 0.79173523
v -0.24552824783 0.622257134229 0.79020098
v -0.239478761127 0.603450969141 0.79609257
v -0.220780247821 0.595599847186 0.80026576
v -0.161751688265 0.686892027474 0.77921563
v -0.215464030483 0.640515616539 0.78835988
v -0.190899362269 0.678127946715 0.77927703
v -0.218763771526 0.664799361009 0.7805658
v -0.159001884791 0.703507230187 0.77381504
v -0.111705692865 -0.595580652561 0.81431964
v -0.134620548372 -0.60087559393 0.81161934
v -0.138470226984 -0.620229557427 0.80628008
v -0.0528604651035 -0.363881062452 0.87673354
v -0.157352014269 -0.658754846408 0.79406732
v -0.187232957637 -0.652546946235 0.79357636
v -0.166517968035 -0.670805428544 0.78983277
v -0.158635279017 -0.696732394795 0.78252965
v -0.122154853563 -0.70713963952 0.78167045
v -0.106756139116 -0.7292323638 0.77522653
v -0.153319003863 -0.76574932842 0.75742906
v -0.139386828142 -0.778164897506 0.75350136
v -0.118671838541 -0.737631284164 0.77129883
v -0.143603170343 -0.7345274208 0.77056238
v -0.124538051263 -0.801900959198 0.74380478
v -0.125637926401 -0.822350346067 0.73306493
v -0.121604915994 -0.836774644221 0.72496401
v -0.15240246052 -0.833305504831 0.72342974
v -0.158635279017 -0.840061145598 0.71815187
v -0.150752589998 -0.846999250933 0.71434689
v -0.112255688249 -0.83166228305 0.72895309
v -0.146719579592 -0.85594591189 0.70827119
v -0.174767320643 -0.853937529713 0.70550951
v -0.150385926409 -0.86544031344 0.69980206
v -0.158085341448 -0.871648155799 0.69256032
v -0.1403034293 -0.879681973581 0.68801889
v -0.108589283617 -0.8919150781 0.6798566
v -0.132604014261 -0.89410609829 0.67218527
v -0.131504139124 -0.899400924029 0.66518903
v -0.141769968027 -0.900313998463 0.66089308
v -0.161751688265 -0.90013136045 0.65543109
v -0.150752589998 -0.904513343015 0.65138063
v -0.144336439707 -0.908895499025 0.64555043
v -0.227746393497 -0.8906369589 0.25148967
v -0.186866351863 -0.899035821448 0.2497713
v -0.20483153799 -0.905791462215 0.62100217
v -0.187232957637 -0.907617379824 0.6280598
v -0.154418936816 -0.909990980212 0.63861555
v -0.174217383074 -0.902322322825 0.64696196
v -0.182466677867 -0.905426359634 0.63560838
v -0.247728113735 -0.898305442841 0.60498445
v -0.227379729908 -0.900679101044 0.61879283
v -0.230679470951 -0.90104437707 0.61339222
v -0.258727212002 -0.895931958084 0.59817231
v -0.248278051304 -0.899218459461 0.59430595
v -0.236545683673 -0.902870063419 0.58878259
v -0.243695103328 -0.90104437707 0.58221594
v -0.276875729924 -0.877308315378 0.259161
v -0.283291880215 -0.873839175988 0.2497713
v -0.248644657078 -0.883698853565 0.2497713
v -0.233429274425 -0.887898198116 0.2497713
v -0.466427103401 0.791695489296 0.57460599
v -0.466060497627 0.791695489296 0.58399568
v -0.45304486525 0.799181335224 0.58804615
v -0.457627813225 0.797903389469 0.25400585
v -0.47210998433 0.789686991489 0.2497713
v -0.475593057167 0.784939848529 0.59510377
v -0.45744448143 0.795164628686 0.5996452
v -0.444612238662 0.800642150253 0.60928039
v -0.432329875648 0.808675736775 0.60418662
v -0.433063145011 0.80429375421 0.61695171
v -0.438012756576 0.798816232644 0.623457
v -0.422980647903 0.80429375421 0.62977818
v -0.410881616683 0.807945531614 0.63560838
v -0.40024912419 0.812510152191 0.63751087
v -0.380267403952 0.820178636132 0.64156133
v -0.393649642104 0.810501654384 0.64696196
v -0.386683554244 0.808493272207 0.65500149
v -0.402082326506 0.795894833847 0.66162953
v -0.398599253669 0.786035329716 0.67562202
v -0.402265600486 0.78913919308 0.66973045
v -0.329304865209 0.755178582492 0.72490263
v -0.311706284856 0.754630784083 0.72925995
v -0.279442201603 0.754448319515 0.73637894
v -0.288424823575 0.735094298203 0.74380478
v -0.260377082523 0.733451018607 0.749635
v -0.257810610844 0.702229110987 0.76258421
v -0.229396206203 0.702046530789 0.76651192
v -0.201165191173 0.705698250377 0.76865989
v -0.189799429316 0.720122375086 0.76460943
v -0.353502869833 0.765951103243 0.71152385
v -0.348186652494 0.750613904099 0.72226369
v -0.380634009726 0.749518422912 0.71336496
v -0.423713917266 0.771611205007 0.67654258
v -0.414731295295 0.769420242633 0.68347746
v -0.418031036338 0.755361220505 0.69446281
v -0.397499320716 0.761021322269 0.69888149
v -0.411064948478 0.749701060925 0.70170455
v -0.404098802802 0.74531907836 0.70759612
v -0.377700932272 0.755908961098 0.71005094
v -0.17880033105 0.705333089981 0.77123746
v -0.102173133325 0.335234530043 0.87673354
v -0.241861901012 0.578802064275 0.80222961
v -0.221146911411 0.563464980762 0.80842805
v -0.258177274433 0.601990269743 0.7943128
v -0.244245040897 0.634125136167 0.78688696
v -0.27614246056 0.619883533841 0.78700972
v -0.188699496364 0.690908907458 0.77528793
v -0.245894911419 0.644532438707 0.78357297
v -0.215464030483 0.683970686493 0.77461284
v -0.238562159969 0.683057785503 0.77215803
v -0.258727212002 0.654757218864 0.77872467
v -0.169451045489 -0.594667751572 0.81051466
v -0.182466677867 -0.607266016487 0.80621871
v -0.0585433460316 -0.362420363054 0.87673354
v -0.0682592373662 -0.359681602271 0.87673354
v -0.145802978434 -0.568740727506 0.81879967
v -0.16450149174 -0.622055359406 0.80376387
v -0.205198201579 -0.628080621567 0.79836327
v -0.233612548405 -0.640131203703 0.7922262
v -0.216747237415 -0.662041347785 0.78762341
v -0.182466677867 -0.671353169138 0.78829849
v -0.20959781776 -0.691254815413 0.77927703
v -0.219497040889 -0.699105995183 0.77565613
v -0.192182569201 -0.708600338918 0.77516517
v -0.181550076709 -0.721929040255 0.77160567
v -0.148369450113 -0.718825119076 0.77577889
v -0.133154009645 -0.725032961434 0.77479696
v -0.177150460528 -0.766844809607 0.75454465
v -0.162668289423 -0.778164897506 0.75123063
v -0.18100013914 -0.735622901987 0.76669604
v -0.152585734499 -0.807196016197 0.73858829
v -0.149652657046 -0.818333639529 0.73281945
v -0.157352014269 -0.824906642283 0.72797117
v -0.191449299838 -0.82819314366 0.72103629
v -0.181183470935 -0.839695869572 0.71471511
v -0.209964481349 -0.832940228805 0.71440826
v -0.221513517185 -0.842069527775 0.70538677
v -0.189249433932 -0.85722403109 0.69961794
v -0.203548331058 -0.861423375641 0.69256032
v -0.175133926417 -0.873839175988 0.68648463
v -0.164318159945 -0.880229714175 0.68182045
v -0.137187020052 -0.889541477712 0.67697218
v -0.163768164561 -0.888080836129 0.67224663
v -0.17366738769 -0.889724115725 0.66739836
v -0.181733408503 -0.892097716113 0.66113856
v -0.185949750705 -0.893923460277 0.65696536
v -0.199881926425 -0.895931958084 0.2497713
v -0.208681216602 -0.901409479651 0.6303305
v -0.224263320659 -0.897940340261 0.62898035
v -0.20226506631 -0.899583562042 0.63849279
v -0.199881926425 -0.89410609829 0.65107378
v -0.272659387723 -0.891184699493 0.60093398
v -0.251027796963 -0.893375719683 0.62112492
v -0.286958284848 -0.883881318133 0.61449689
v -0.238745491764 -0.895018941464 0.6264028
v -0.28090874033 -0.889176317317 0.5935695
v -0.265326694088 -0.894288736303 0.58761656
v -0.257810610844 -0.896297060664 0.59565611
v -0.275959128766 -0.891002234926 0.58528447
v -0.270276305653 -0.892462818694 0.57632436
v -0.312622828199 -0.863797033844 0.2497713
v -0.289708030507 -0.871648155799 0.2497713
v -0.292824439755 -0.884611696739 0.56779385
v -0.301807061727 -0.881690297943 0.57313309
v -0.483475746186 0.781105606558 0.58147949
v -0.484759010933 0.779827487358 0.58896671
v -0.520139445619 0.759195462475 0.2497713
v -0.495024839837 0.775445446978 0.25241023
v -0.506390601693 0.765586000662 0.59246483
v -0.484392347344 0.778549310342 0.6002589
v -0.465510560058 0.786400490112 0.61425141
v -0.474859787804 0.778731948355 0.61977476
v -0.495941440995 0.7696027072 0.60700967
v -0.48164254387 0.772158945601 0.62548223
v -0.446262051369 0.789869629502 0.63229437
v -0.444795512642 0.787495971299 0.63916788
v -0.420047512634 0.79954661125 0.64168407
v -0.441679103393 0.784392107935 0.64739154
v -0.40978168373 0.797173010863 0.65408094
v -0.436546217849 0.777088726574 0.66107719
v -0.431596606285 0.776358347967 0.66561861
v -0.437646150802 0.781835811719 0.65389684
v -0.370368180823 0.731625158813 0.72674376
v -0.335537683706 0.736007314823 0.73331042
v -0.316105901037 0.73491166019 0.73828143
v -0.324721859419 0.719209474096 0.74368204
v -0.299240590047 0.71373195253 0.75110787
v -0.267893165768 0.726147637246 0.75135338
v -0.303273600454 0.693099869832 0.75853372
v -0.282925216626 0.684701007284 0.76503903
v -0.258177274433 0.680501547103 0.7703169
v -0.423897191246 0.725782534666 0.71262851
v -0.404832129981 0.729616776636 0.7170472
v -0.390349958876 0.722130815078 0.72594593
v -0.434529683738 0.770150447794 0.6710806
v -0.448828580863 0.758830359895 0.67433324
v -0.449928456001 0.746414559548 0.68562543
v -0.439845901077 0.747327402722 0.69041234
v -0.427013658309 0.741302198377 0.70109084
v -0.435996222465 0.722861135869 0.70998958
v -0.121971579584 0.326653029482 0.87673354
v -0.267159838589 0.556161657216 0.80486855
v -0.300890460569 0.576976262296 0.79517198
v -0.268443103337 0.585192544646 0.79731995
v -0.287874828191 0.635950995961 0.78050441
v -0.308039880224 0.613310531087 0.78400254
v -0.319222310285 0.593408826997 0.78805301
v -0.277242393513 0.663521241808 0.77332407
v -0.19529897845 -0.582982272016 0.81118971
v -0.0895241645366 -0.353291179715 0.87673354
v -0.20941454378 -0.593754792767 0.80707788
v -0.235079087131 -0.621142458417 0.79719722
v -0.251761124142 -0.615482356652 0.79689038
v -0.267709833973 -0.631184600561 0.79044646
v -0.244245040897 -0.654920546622 0.78670287
v -0.233979211994 -0.665875647571 0.78449351
v -0.269909642063 -0.697462715587 0.76933497
v -0.2502945276 -0.721198719463 0.76368886
v -0.199881926425 -0.72758914202 0.76767796
v -0.243695103328 -0.673361551315 0.78099537
v -0.270459579632 -0.674091929921 0.77719039
v -0.231412740314 -0.749316648089 0.75534248
v -0.205014869785 -0.768853191784 0.75043282
v -0.185216481341 -0.770496413565 0.75202847
v -0.194749040881 -0.785833612708 0.74386616
v -0.190166092906 -0.796423495446 0.73914061
v -0.179900206187 -0.813221278357 0.73165341
v -0.229579537998 -0.821620140906 0.7180905
v -0.205198201579 -0.819976861309 0.7237366
v -0.237462227016 -0.827097662472 0.71275125
v -0.245894911419 -0.837322384815 0.7030547
v -0.232329341472 -0.846999250933 0.69832915
v -0.245894911419 -0.849920649729 0.69200799
v -0.235445750721 -0.858684672673 0.68605503
v -0.208681216602 -0.86544031344 0.68666874
v -0.193465776134 -0.874021814001 0.68163635
v -0.187782953021 -0.878403796566 0.67807686
v -0.19309917036 -0.884794334752 0.66764385
v -0.208314610828 -0.884063956146 0.66353202
v -0.231412740314 -0.89447120087 0.63266259
v -0.220596916027 -0.892645456707 0.6430956
v -0.230312865177 -0.886437614348 0.65009186
v -0.322705383123 -0.873108970827 0.60203865
v -0.303823538022 -0.880047076162 0.60081124
v -0.284208481373 -0.885707177927 0.60964861
v -0.261293683682 -0.888263300697 0.62664828
v -0.310423020109 -0.875117295189 0.61486511
v -0.319955579649 -0.873291435395 0.60664145
v -0.297590719525 -0.877673417959 0.62155451
v -0.251577792347 -0.888628576723 0.63296944
v -0.315739295262 -0.876395472204 0.59577885
v -0.294474310277 -0.884794334752 0.58767793
v -0.357719212034 -0.846269045771 0.2497713
v -0.329671470983 -0.871465517786 0.58043619
v -0.317572439764 -0.876212834191 0.58657326
v -0.486958819023 0.778914586368 0.57761315
v -0.512806751984 0.761934223259 0.57491284
v -0.533521741586 0.750066163505 0.2497713
v -0.524539119615 0.756274063679 0.25167379
v -0.510423554284 0.76357744504 0.56975771
v -0.492458368157 0.775445446978 0.56650506
v -0.524905725389 0.753535302896 0.58393432
v -0.532238476839 0.747327402722 0.59271032
v -0.522339311524 0.752987562302 0.60013616
v -0.521422652551 0.749701060925 0.61535607
v -0.515006560075 0.746231921535 0.63241711
v -0.496674710358 0.755543858518 0.63708128
v -0.46936023867 0.770880826401 0.64137721
v -0.4645939589 0.778549310342 0.63309219
v -0.465510560058 0.770698188388 0.64585727
v -0.47210998433 0.761569062863 0.6529149
v -0.459461015541 0.760656046243 0.6643912
v -0.366518502211 0.719392054294 0.73386274
v -0.345986844404 0.725782534666 0.73588797
v -0.355886009718 0.706428571169 0.74239327
v -0.324355253644 0.707341472158 0.74877581
v -0.32893820162 0.678858325322 0.7592088
v -0.317205833989 0.678493164926 0.76154089
v -0.305290134564 0.667903282188 0.76724836
v -0.437829424781 0.713549372332 0.71496059
v -0.41931424327 0.706611151367 0.72508675
v -0.418947579681 0.698029708621 0.72968954
v -0.392183103377 0.70368975257 0.73453782
v -0.485858886071 0.743858263332 0.66402298
v -0.485858886071 0.738563437593 0.66997594
v -0.482742476822 0.733816121188 0.6773404
v -0.47889279821 0.729251674056 0.68415254
v -0.460927554268 0.731442694245 0.69262169
v -0.444612238662 0.73454655761 0.69802231
v -0.457261207451 0.717383614302 0.70446622
v -0.46972690226 0.70496787177 0.70735064
v -0.157535346064 0.308394604987 0.87673354
v -0.28604168369 0.564012721355 0.80044988
v -0.291724564618 0.544476235476 0.8045617
v -0.275959128766 0.530964953941 0.80971682
v -0.328021600462 0.567664440943 0.793515
v -0.311706284856 0.551779616837 0.79989755
v -0.324538585439 0.622987512836 0.77847919
v -0.337004222433 0.608563330312 0.78081128
v -0.316289232831 0.643619537718 0.77350816
v -0.349836523016 0.586105445636 0.7851072
v -0.338837424749 0.58135824486 0.78817576
v -0.319222310285 0.65603528025 0.76896673
v -0.223163387706 -0.566732287514 0.81241715
v -0.224996590023 -0.580060931035 0.80898041
v -0.110055880159 -0.34544005776 0.87673354
v -0.275042527608 -0.610187357468 0.79523337
v -0.286774953053 -0.624428959794 0.7898941
v -0.258543880207 -0.573305348083 0.80689377
v -0.290074694096 -0.648895226647 0.78222281
v -0.283108548421 -0.679752031686 0.77350816
v -0.282008673283 -0.705131257343 0.76479355
v -0.274859253628 -0.738726765351 0.75282627
v -0.253777600437 -0.739091867932 0.75601754
v -0.306756673291 -0.654372806029 0.77804959
v -0.261660289456 -0.750047026696 0.75006461
v -0.243511771534 -0.769218294364 0.74460261
v -0.22371338309 -0.77524372997 0.74503221
v -0.220413642047 -0.796240857433 0.73484467
v -0.206481408511 -0.805735201168 0.73189889
v -0.246811512577 -0.80993477698 0.72220233
v -0.233429274425 -0.803179136213 0.72870761
v -0.274309258244 -0.8155947053 0.71207617
v -0.262576890614 -0.812125739355 0.71716994
v -0.277425667493 -0.82472400427 0.70440485
v -0.257260673275 -0.839148128978 0.69845189
v -0.260927020092 -0.851746567338 0.68501173
v -0.273026051312 -0.840243610166 0.69225347
v -0.254144264027 -0.863979671857 0.67298308
v -0.220046978458 -0.870187572031 0.67789274
v -0.205748139148 -0.877490953391 0.67335132
v -0.232329341472 -0.879681973581 0.65991116
v -0.230679470951 -0.872195954207 0.67157157
v -0.264960030499 -0.879499335568 0.64346382
v -0.260927020092 -0.875117295189 0.65358996
v -0.345070243246 -0.862701552657 0.60958724
v -0.354236139197 -0.860510532467 0.59823367
v -0.341220564634 -0.866535794628 0.59363088
v -0.341403896429 -0.867083535221 0.58878259
v -0.287508222417 -0.875117295189 0.63683578
v -0.32160545017 -0.867083535221 0.62603456
v -0.331504673299 -0.865257848873 0.62008162
v -0.341403896429 -0.862701552657 0.61535607
v -0.313172823583 -0.877490953391 0.59332402
v -0.39584950801 -0.829288624847 0.25099871
v -0.382100548453 -0.835313887008 0.2497713
v -0.340303963476 -0.866901070654 0.57325583
v -0.35973568833 -0.859049948699 0.58221594
v -0.373484647886 -0.852842048526 0.57884055
v -0.544704171647 0.742215041551 0.2497713
v -0.545437441011 0.738563437593 0.56773248
v -0.559002953142 0.727973554855 0.586696
v -0.539937891877 0.739658918781 0.60357292
v -0.544520839853 0.73454655761 0.60860531
v -0.549470451417 0.729251674056 0.61333084
v -0.546170710374 0.729069036043 0.62020436
v -0.54122109881 0.729981879217 0.62621868
v -0.524172456025 0.74531907836 0.62038846
v -0.526738927705 0.736555055417 0.63499469
v -0.526372264116 0.734181455029 0.63922924
v -0.487325424798 0.754630784083 0.64898717
v -0.471743378555 0.756274063679 0.66015664
v -0.372384714934 0.707889212752 0.7377291
v -0.378434259451 0.691821808447 0.7433752
v -0.370001575049 0.683605526097 0.74877581
v -0.35496940856 0.683240365701 0.75221258
v -0.330404740347 0.694195408835 0.75282627
v -0.351303119558 0.662973501215 0.76074308
v -0.456527938087 0.698760029412 0.71612664
v -0.458911077972 0.680684185116 0.72514811
v -0.450661725365 0.691274067853 0.72238643
v -0.443878969299 0.674111124546 0.73324904
v -0.40281559587 0.681962246501 0.74147271
v -0.510423554284 0.736555055417 0.65205571
v -0.507307202851 0.732903278013 0.65935881
v -0.509873616715 0.723774036859 0.66819617
v -0.514639896485 0.71062803135 0.67795411
v -0.497774585496 0.717566252315 0.68286376
v -0.495208113816 0.704237550979 0.69526063
v -0.477059595894 0.724687053478 0.68893945
v -0.479076130005 0.71062803135 0.69894287
v -0.504007403993 0.687439825883 0.70256373
v -0.484575679138 0.682692625107 0.71422414
v -0.16670129983 0.302734503223 0.87673354
v -0.322155445554 0.520740231599 0.80578911
v -0.36945163748 0.55232735743 0.79056919
v -0.352402994696 0.541372256481 0.79615393
v -0.344153642088 0.634307716365 0.77178979
v -0.359185750761 0.593043666601 0.781425
v -0.359919020125 0.619153270865 0.77350816
v -0.387050160018 0.559813318989 0.78541407
v -0.345803512609 0.654757218864 0.76454806
v -0.242045232807 -0.541535642054 0.81622213
v -0.114822159929 -0.343431617768 0.87673354
v -0.12600458999 -0.338684416993 0.87673354
v -0.133703947214 -0.335215277603 0.87673354
v -0.283841875599 -0.58316491003 0.8010022
v -0.307856606244 -0.587912110805 0.79658353
v -0.305473466359 -0.609274456478 0.79136702
v -0.331321341505 -0.612013217262 0.78670287
v -0.312439554219 -0.632280081748 0.78375706
v -0.28090874033 -0.551212623803 0.80940998
v -0.317205833989 -0.570201426904 0.79983616
v -0.311339621267 -0.677378431298 0.76970321
v -0.317939103353 -0.684316652263 0.76626644
v -0.306940005086 -0.702027336164 0.76172501
v -0.310239688314 -0.722111620453 0.7533786
v -0.322155445554 -0.735988004568 0.74527769
v -0.291907896412 -0.746760525319 0.74625961
v -0.268443103337 -0.768488089203 0.74079762
v -0.32637172994 -0.650538564058 0.77590162
v -0.336087621275 -0.627350300775 0.781425
v -0.252677667485 -0.779808350548 0.73779047
v -0.264960030499 -0.786563817869 0.73196025
v -0.281458735714 -0.8029964982 0.71876557
v -0.26459336691 -0.79605821942 0.7268665
v -0.307673274449 -0.803179136213 0.71170795
v -0.313722761152 -0.814864500138 0.70115221
v -0.283108548421 -0.830384106034 0.69814505
v -0.291907896412 -0.840608886192 0.68519583
v -0.285308414326 -0.8524767725 0.6742105
v -0.301990393521 -0.831844747617 0.69016686
v -0.258360548413 -0.868544292435 0.66512765
v -0.292091170392 -0.867083535221 0.64923266
v -0.297224113751 -0.867813913828 0.64444575
v -0.277792331082 -0.864892515031 0.66107719
v -0.366701834006 -0.8524767725 0.61253303
v -0.363952030531 -0.855580809309 0.60295922
v -0.360102351919 -0.859049948699 0.59050097
v -0.344336973882 -0.854850430702 0.63321492
v -0.347270051336 -0.856311187916 0.62621868
v -0.371101450186 -0.847546991526 0.62130903
v -0.413814694137 -0.820707124286 0.25498778
v -0.442045766983 -0.805917839182 0.2497713
v -0.399882518416 -0.827097662472 0.2497713
v -0.389983295287 -0.845173564584 0.58424117
v -0.563036021364 0.728703933462 0.2497713
v -0.564502560091 0.727608452275 0.25001678
v -0.574035119631 0.720487535482 0.25130555
v -0.576601591311 0.71373195253 0.58430254
v -0.584850886103 0.706611151367 0.58829163
v -0.570368772814 0.717748832513 0.59596296
v -0.580267938128 0.715557754508 0.2497713
v -0.598416513865 0.700951049602 0.2497713
v -0.578801399401 0.706428571169 0.61124425
v -0.560286275705 0.714827433717 0.62713924
v -0.573118518473 0.713184154121 0.60406388
v -0.549103787828 0.714827433717 0.64137721
v -0.547270585512 0.711358352142 0.64917129
v -0.545070777422 0.711175771944 0.65174887
v -0.528022192452 0.727060653866 0.64739154
v -0.511523487237 0.737833058987 0.64923266
v -0.402632264075 0.669546503969 0.74675058
v -0.378800865225 0.667355541594 0.75301039
v -0.374951186613 0.65384426006 0.75890195
v -0.38595028488 0.64124593733 0.76111132
v -0.368718368116 0.639237497338 0.7654686
v -0.492275036362 0.663156081413 0.72152725
v -0.477426259483 0.658043720242 0.72962818
v -0.449928456001 0.65603528025 0.73932473
v -0.430496673332 0.669181343573 0.73926336
v -0.529305399385 0.711723512538 0.66574135
v -0.55295346644 0.679771284126 0.67819959
v -0.53388834736 0.689083047664 0.68378432
v -0.513173357758 0.697481910212 0.6901055
v -0.510423554284 0.692004388645 0.69605844
v -0.534804948518 0.662973501215 0.7026251
v -0.511156823648 0.670459404958 0.70968272
v -0.176783796939 0.295248541664 0.87673354
v -0.349653191221 0.50120374572 0.80578911
v -0.360835621283 0.478745861044 0.80885765
v -0.360835621283 0.512706529447 0.80155456
v -0.37165144557 0.525487432375 0.79676765
v -0.399332580847 0.537172854115 0.78878945
v -0.378434259451 0.599251508959 0.77602437
v -0.383933808585 0.619701011459 0.76865989
v -0.40758187564 0.567299280548 0.77921563
v -0.431779938079 0.531877854931 0.78351158
v -0.415281290679 0.523296412185 0.78915769
v -0.141953299822 -0.331015875236 0.87673354
v -0.332787880232 -0.581156470038 0.79474241
v -0.366701834006 -0.60781375708 0.78173184
v -0.357169274466 -0.57659184946 0.79198074
v -0.286774953053 -0.526563718937 0.81425825
v -0.317939103353 -0.538979461469 0.80720064
v -0.344520305677 -0.54536994184 0.80167729
v -0.35258632649 -0.651086304651 0.77111471
v -0.340670627065 -0.671535691521 0.76645055
v -0.351669725332 -0.679752031686 0.76154089
v -0.345070243246 -0.701662175768 0.7546674
v -0.329121533414 -0.719555439867 0.7506783
v -0.361568948461 -0.713164959496 0.74625961
v -0.342687103361 -0.732518865178 0.74220915
v -0.339204030523 -0.738909403364 0.73993844
v -0.336637558844 -0.757167770043 0.73165341
v -0.314822694104 -0.760636909434 0.73496743
v -0.283658543805 -0.766844809607 0.73846555
v -0.286408289464 -0.772322331174 0.73515153
v -0.353502869833 -0.634836262334 0.77608573
v -0.292457833981 -0.785650974695 0.72668238
v -0.315005968084 -0.787476834489 0.72005436
v -0.332971212026 -0.793684734663 0.71072602
v -0.330588072141 -0.804457081968 0.70372978
v -0.338654092954 -0.811760463329 0.69470829
v -0.306940005086 -0.82472400427 0.69495377
v -0.324721859419 -0.825271744863 0.68752792
v -0.311522953061 -0.840243610166 0.67727903
v -0.301990393521 -0.849555547149 0.66997594
v -0.30510680277 -0.8537548917 0.66285694
v -0.279625533398 -0.860145429886 0.66660056
v -0.322888714917 -0.8524767725 0.65426505
v -0.339387362318 -0.853937529713 0.63886103
v -0.380267403952 -0.846816786365 0.60952587
v -0.391999771582 -0.842434630355 0.60461622
v -0.392549709151 -0.839148128978 0.61627664
v -0.385217015517 -0.846451510339 0.59915423
v -0.391266502219 -0.844260490149 0.5944287
v -0.372384714934 -0.84462582399 0.62744609
v -0.354236139197 -0.848460065961 0.63769498
v -0.402632264075 -0.831297007024 0.6245003
v -0.418764305701 -0.818333639529 0.25774947
v -0.403365533439 -0.837870183223 0.56718014
v -0.464777290695 -0.793319458637 0.25222611
v -0.478526134621 -0.784738073706 0.2497713
v -0.416197834022 -0.83202738563 0.58571406
v -0.440395896461 -0.818881380122 0.57920878
v -0.578434735812 0.712271253131 0.57920878
v -0.600799595935 0.693099869832 0.58436392
v -0.608865674563 0.692369549041 0.25106007
v -0.611432088427 0.682509987094 0.59461281
v -0.591450368189 0.699125189808 0.60032028
v -0.592733632937 0.696934169618 0.60443211
v -0.607399078021 0.693099869832 0.2497713
v -0.625547653758 0.677762844134 0.25093731
v -0.594383503458 0.69072632726 0.61689034
v -0.585767487261 0.696569009222 0.62044984
v -0.594933441027 0.68725718787 0.62357974
v -0.596216647959 0.681779666303 0.63143519
v -0.563769290727 0.707524052356 0.63425823
v -0.561752756617 0.697847070608 0.65138063
v -0.544887503442 0.705150451968 0.65917471
v -0.432879813217 0.643071797124 0.74926677
v -0.40061578778 0.652018400266 0.7538082
v -0.406115336913 0.629925675986 0.76043624
v -0.401349057143 0.617327411071 0.76571411
v -0.516289767007 0.64562797771 0.72085218
v -0.49319163752 0.650557758683 0.7274802
v -0.490625223656 0.623352673231 0.74006118
v -0.470460171623 0.650557758683 0.73515153
v -0.47669299012 0.628099874007 0.74257737
v -0.548553850259 0.692734767252 0.66905537
v -0.576418259516 0.667172903581 0.67126471
v -0.567069031771 0.661330221619 0.68378432
v -0.566335762407 0.655122321445 0.68943042
v -0.534804948518 0.676667305132 0.69329676
v -0.548553850259 0.662608340819 0.69538337
v -0.556069933504 0.645080237116 0.70237961
v -0.540671161241 0.642158896135 0.71183069
v -0.516473098802 0.657495921833 0.71434689
v -0.195482310245 0.279181137359 0.87673354
v -0.379534134589 0.443872233836 0.81272399
v -0.378067595862 0.497369445934 0.80192277
v -0.387233491812 0.47692000125 0.80462307
v -0.386133616675 0.461582917736 0.80799848
v -0.396216113784 0.514897549637 0.79474241
v -0.408681750777 0.591948127598 0.77203527
v -0.439479295303 0.565290840556 0.77307856
v -0.459094409767 0.527861032762 0.77860194
v -0.448461917274 0.513436850239 0.78467762
v -0.426830326515 0.489335743781 0.79474241
v -0.145802978434 -0.328824855047 0.87673354
v -0.385033683722 -0.610917678259 0.77737451
v -0.374401191229 -0.580791309642 0.78780752
v -0.358085875624 -0.546648003225 0.79909971
v -0.398965917258 -0.538431720875 0.7939446
v -0.161568356471 -0.319695613892 0.87673354
v -0.170367646647 -0.314218092325 0.87673354
v -0.181916740298 -0.306732130766 0.87673354
v -0.326005124166 -0.513600235811 0.81155795
v -0.333521149595 -0.526198558541 0.80775297
v -0.370734844412 -0.509765936026 0.80542088
v -0.386316890654 -0.624428959794 0.77295583
v -0.392183103377 -0.639035722515 0.76712561
v -0.370551512617 -0.657841887604 0.76534587
v -0.39328303633 -0.657841887604 0.76055896
v -0.367618435164 -0.694176156395 0.75282627
v -0.392916372741 -0.69892335717 0.74484809
v -0.365418569258 -0.735440263974 0.73527427
v -0.372384714934 -0.698740834787 0.74988048
v -0.364318694121 -0.750594767289 0.7279098
v -0.342320439772 -0.771957228593 0.72189547
v -0.315372631673 -0.768122813177 0.7310397
v -0.318305709127 -0.774148190968 0.7268665
v -0.338654092954 -0.782364473318 0.7166176
v -0.358819144987 -0.781268934316 0.7109715
v -0.347086777357 -0.800257737417 0.70115221
v -0.359552414351 -0.800622839997 0.69599707
v -0.373301316092 -0.802631337804 0.68801889
v -0.352402994696 -0.810482517574 0.68979864
v -0.350019854811 -0.820524659718 0.68102264
v -0.326188398145 -0.831479645037 0.6802862
v -0.343420372724 -0.829836365441 0.6735968
v -0.331321341505 -0.839330766991 0.66770521
v -0.328388264051 -0.846634148352 0.65942019
v -0.351853057127 -0.840608886192 0.65371272
v -0.411248280272 -0.833305504831 0.60142495
v -0.422980647903 -0.825271744863 0.61026232
v -0.405932005118 -0.832940228805 0.61400592
v -0.43141327449 -0.823811161095 0.5944287
v -0.382100548453 -0.83768754521 0.63309219
v -0.383017207426 -0.83166228305 0.64395478
v -0.407948481414 -0.826184761483 0.6301464
v -0.424813792404 -0.821072400312 0.62008162
v -0.432513207443 -0.818151001516 0.6167676
v -0.466060497627 -0.803544238794 0.57086238
v -0.484759010933 -0.792223919634 0.57595614
v -0.493924906884 -0.775061091957 0.2497713
v -0.449011854843 -0.813951483519 0.58767793
v -0.453594860633 -0.811212722735 0.58264554
v -0.616748305766 0.679223485717 0.56644369
v -0.621881249126 0.674111124546 0.58098853
v -0.625730985553 0.669729141982 0.59062371
v -0.618214902308 0.674841445338 0.60050438
v -0.616748305766 0.673380803755 0.61001684
v -0.627380798259 0.675571823944 0.2497713
v -0.646079311565 0.656765601041 0.2497713
v -0.645162710407 0.657861140044 0.25222611
v -0.652128856082 0.64471507672 0.56828481
v -0.638746560115 0.657678559846 0.58141813
v -0.618581508082 0.66644258279 0.62155451
v -0.6081324052 0.666807743185 0.63812459
v -0.596949917323 0.675571823944 0.63984296
v -0.56981877743 0.684518427086 0.65886785
v -0.566702368181 0.683240365701 0.66328654
v -0.473393191262 0.617327411071 0.74767114
v -0.464227295311 0.608928490708 0.75313312
v -0.436912881438 0.627734713611 0.75368547
v -0.433429808601 0.60436387013 0.76258421
v -0.532788472222 0.624995952828 0.72422756
v -0.50785714042 0.63083863479 0.73091696
v -0.512440088395 0.611119510897 0.73754498
v -0.508957015557 0.592861086403 0.74570727
v -0.600616321955 0.642523998715 0.67347406
v -0.60336612543 0.636863896951 0.67641985
v -0.590900430621 0.641063357132 0.68267965
v -0.581001207491 0.65603528025 0.67740178
v -0.593833508074 0.656400440645 0.66610959
v -0.583751010966 0.635038094972 0.69243757
v -0.576418259516 0.633577395574 0.69826779
v -0.561019487253 0.632299334188 0.70735064
v -0.558269683779 0.612214992085 0.71919517
v -0.222613450138 0.2539844919 0.87673354
v -0.394749575057 0.435108153077 0.81186479
v -0.415464564658 0.4864144028 0.79756546
v -0.412714761184 0.462495818726 0.80308881
v -0.435446284896 0.595417266988 0.76485491
v -0.454694735771 0.570220621529 0.76798481
v -0.463677357742 0.542285215286 0.77381504
v -0.476326326531 0.510332986874 0.77909291
v -0.461110886063 0.49079644318 0.78707108
v -0.441495771599 0.475276779469 0.79480377
v -0.411248280272 -0.601240754326 0.77479696
v -0.405565399344 -0.619681759018 0.77050102
v -0.416564497611 -0.557603104174 0.78565955
v -0.416014560042 -0.570383949287 0.78234553
v -0.380450735747 -0.52455533676 0.80038851
v -0.399332580847 -0.517434535597 0.79860875
v -0.425730393562 -0.516886737188 0.79376048
v -0.430680005126 -0.534780001287 0.78872809
v -0.202081792331 -0.290482146264 0.87673354
v -0.354236139197 -0.479274407012 0.81450373
v -0.345070243246 -0.495524391515 0.81247851
v -0.361385616667 -0.494794070723 0.81014645
v -0.392366435172 -0.486760310756 0.80658692
v -0.401349057143 -0.496619930517 0.8029047
v -0.421330777381 -0.628263201764 0.76411846
v -0.41014834732 -0.651451465047 0.75884059
v -0.422980647903 -0.666971128758 0.75012594
v -0.404465466391 -0.683221171076 0.74846895
v -0.391083170424 -0.717912160271 0.73674716
v -0.411431554252 -0.691254815413 0.74325246
v -0.398599253669 -0.724302640642 0.73189889
v -0.383383871016 -0.742743645335 0.72655964
v -0.390899896445 -0.744934665525 0.72318426
v -0.367618435164 -0.758993687653 0.72207959
v -0.385400347311 -0.760271806853 0.71588115
v -0.398782585463 -0.758628411627 0.71219891
v -0.386866886038 -0.779625712535 0.70188865
v -0.364318694121 -0.790398233286 0.70237961
v -0.389799963492 -0.784007695099 0.69728586
v -0.394749575057 -0.787294196476 0.69200799
v -0.40501540396 -0.788754953689 0.68568681
v -0.39584950801 -0.799892634836 0.67881331
v -0.375134460593 -0.811030258168 0.67813823
v -0.35973568833 -0.824176263676 0.67157157
v -0.354602802786 -0.830566801863 0.66623232
v -0.363585424757 -0.833305504831 0.6564744
v -0.452678259475 -0.808108859371 0.61222617
v -0.444795512642 -0.813951483519 0.60670282
v -0.455794668724 -0.809569443139 0.59590159
v -0.398415921874 -0.82600212347 0.6399657
v -0.4145479635 -0.817968363502 0.63984296
v -0.385217015517 -0.820159383692 0.66095445
v -0.398965917258 -0.818333639529 0.6529149
v -0.430863336921 -0.815046964706 0.6265869
v -0.431596606285 -0.809021702546 0.63941336
v -0.451578326523 -0.804822357994 0.62327289
v -0.485125616707 -0.792406615462 0.59068508
v -0.498507854859 -0.783642592518 0.58853711
v -0.508590409783 -0.76574932842 0.25455821
v -0.513906627122 -0.762097551017 0.2497713
v -0.471193383171 -0.80044037543 0.59639256
v -0.633063679187 0.662973501215 0.58620504
v -0.647362576312 0.648366738493 0.59406047
v -0.634896881503 0.658408880637 0.60210002
v -0.636546752025 0.651288079474 0.6167676
v -0.66276129076 0.639237497338 0.2497713
v -0.655978534694 0.640515616539 0.58332061
v -0.63892989191 0.646540936514 0.62179999
v -0.627930735828 0.654939741247 0.62621868
v -0.624997716189 0.654392000654 0.63211025
v -0.620964647967 0.648731898889 0.64591864
v -0.605015938136 0.660417320629 0.64947814
v -0.588150684961 0.669911664365 0.6564744
v -0.611065482653 0.646358298501 0.6596043
v -0.47669299012 0.597060546585 0.75374681
v -0.4622107612 0.589574527211 0.76019073
v -0.553136798235 0.595782427384 0.72876899
v -0.530405274522 0.615318971079 0.72932132
v -0.529488731179 0.590487486015 0.73975433
v -0.533155077997 0.576611044085 0.74349794
v -0.521422652551 0.565838581149 0.75104654
v -0.501624321923 0.575698143096 0.75374681
v -0.611798752017 0.634490354378 0.6708965
v -0.620231378604 0.616414452266 0.67948838
v -0.610882150859 0.615684131475 0.68746656
v -0.603732731204 0.610754350502 0.69581296
v -0.583751010966 0.618057731862 0.70330018
v -0.585217549692 0.605094248737 0.70962135
v -0.574768388994 0.600164467764 0.71759953
v -0.229579537998 0.246681110539 0.87673354
v -0.422797316108 0.417945267584 0.80983958
v -0.430496673332 0.450810454801 0.80204552
v -0.439662627098 0.420318867972 0.80621871
v -0.470826777397 0.565108260358 0.76552999
v -0.487875420182 0.533703714725 0.77013278
v -0.489158627114 0.492257084763 0.78038168
v -0.495024839837 0.514532389241 0.77338541
v -0.472476647919 0.465417159707 0.79013962
v -0.454878067566 0.44350707344 0.79860875
v -0.435812890671 -0.596128393155 0.77080786
v -0.422064046745 -0.609274456478 0.76994866
v -0.442412430572 -0.573305348083 0.77596301
v -0.443328973915 -0.600692955917 0.76773933
v -0.441129165825 -0.616577837839 0.76325929
v -0.438929357734 -0.481465369387 0.79885423
v -0.451028331139 -0.493881111919 0.79369909
v -0.460377616699 -0.511226635424 0.7876848
v -0.446445383163 -0.534780001287 0.7851072
v -0.459094409767 -0.551395204001 0.77804959
v -0.2191303773 -0.27514506275 0.87673354
v -0.387416823607 -0.428150795302 0.81886107
v -0.401715662917 -0.446591799994 0.81290811
v -0.361935554236 -0.457546843128 0.81757227
v -0.373851253661 -0.472336186047 0.81266263
v -0.431046668716 -0.448052441577 0.807262
v -0.422980647903 -0.469780005462 0.80437759
v -0.43123000051 -0.63556664094 0.75933155
v -0.456161274498 -0.645060984676 0.74951226
v -0.434346351944 -0.668431828157 0.74644372
v -0.445895445595 -0.683221171076 0.73705402
v -0.413631362342 -0.699471097764 0.73895651
v -0.41711443518 -0.711886840295 0.73226711
v -0.435262953102 -0.709695877921 0.72784843
v -0.41968090686 -0.730875643397 0.72152725
v -0.418397642112 -0.740735147528 0.7164335
v -0.441129165825 -0.738909403364 0.70863943
v -0.416931103385 -0.764288513391 0.70090672
v -0.422613984313 -0.767757652781 0.69556747
v -0.439662627098 -0.76574932842 0.68850985
v -0.421514109176 -0.784920538273 0.68004072
v -0.423530585471 -0.788389677663 0.67531517
v -0.394199637488 -0.806282999577 0.67255349
v -0.384117082564 -0.816690417748 0.66592547
v -0.466977098785 -0.79824935524 0.61633801
v -0.464227295311 -0.801718321185 0.61032368
v -0.474309850235 -0.797701614646 0.60136358
v -0.415097958884 -0.808473961952 0.65555383
v -0.408315145003 -0.803909341374 0.66617095
v -0.443328973915 -0.798066717227 0.6464096
v -0.459094409767 -0.794962680418 0.63560838
v -0.457077875656 -0.798614457821 0.63020778
v -0.480909332321 -0.785285814299 0.62769157
v -0.493008305726 -0.786016077276 0.59780408
v -0.508040472214 -0.775973935132 0.59860189
v -0.508773741578 -0.776156573145 0.5929558
v -0.528572130021 -0.762462827043 0.59326266
v -0.536271487245 -0.757350408056 0.59007138
v -0.51024022249 -0.775608832551 0.58246142
v -0.530038668748 -0.751507668279 0.25167379
v -0.516106435212 -0.760636909434 0.2497713
v -0.680359871113 0.612762790494 0.59050097
v -0.680543202908 0.610754350502 0.60136358
v -0.657261741626 0.635585835565 0.60222276
v -0.652862125446 0.638142016151 0.60872805
v -0.657628405216 0.63175153578 0.61198069
v -0.684026275745 0.615866711673 0.2497713
v -0.675410259548 0.619518373446 0.56607547
v -0.679076664181 0.614953810683 0.58282965
v -0.682559679203 0.6109369307 0.58577543
v -0.657078467647 0.629377935392 0.61836324
v -0.645346042201 0.637959435953 0.62523675
v -0.654328664173 0.623535253429 0.63389
v -0.654328664173 0.620979072844 0.63769498
v -0.632697073413 0.640333036341 0.64131585
v -0.644429441043 0.623352673231 0.64763702
v -0.62206458092 0.642706636728 0.65174887
v -0.617114969356 0.635038094972 0.66512765
v -0.49795791729 0.556891920193 0.76080444
v -0.567252363565 0.578071743483 0.73036462
v -0.558269683779 0.578436903879 0.73367864
v -0.540487829446 0.590852646411 0.73558113
v -0.586134150851 0.575515562898 0.72349112
v -0.556619871072 0.555431278609 0.74282286
v -0.538471353151 0.559082998197 0.74773251
v -0.528938793611 0.547945317051 0.75442189
v -0.639663161273 0.61440607009 0.6627342
v -0.639296497684 0.603268388943 0.67335132
v -0.648645783245 0.588113885628 0.67752451
v -0.635630150867 0.593408826997 0.68464351
v -0.618398234103 0.602720648349 0.69102605
v -0.625914259532 0.588479046023 0.69507651
v -0.606115871089 0.595417266988 0.70354566
v -0.601716197093 0.575880723294 0.71612664
v -0.255610802753 0.218197963702 0.87673354
v -0.432329875648 0.380150299395 0.81468785
v -0.475959720757 0.403155924665 0.80180001
v -0.442412430572 0.3962177037 0.80990094
v -0.49099182943 0.547945317051 0.76528451
v -0.508223746194 0.515262710032 0.7698873
v -0.51738969996 0.472720541068 0.77786547
v -0.511523487237 0.455009914982 0.78338885
v -0.49832458088 0.461035177143 0.78516859
v -0.518856238687 0.495361005942 0.77209663
v -0.492824973931 0.427074508739 0.79363775
v -0.482192539253 0.42871773052 0.79560161
v -0.472476647919 -0.561437346145 0.77215803
v -0.467527036354 -0.59138119238 0.76460943
v -0.456161274498 -0.618586220016 0.75884059
v -0.457627813225 -0.474527206237 0.79639941
v -0.442962368141 -0.459372702922 0.80253649
v -0.480909332321 -0.479822147606 0.79020098
v -0.485125616707 -0.50848787464 0.78265238
v -0.475226451393 -0.547195743819 0.77528793
v -0.226279796955 -0.268389421983 0.87673354
v -0.412898092979 -0.42267321592 0.8152402
v -0.448461917274 -0.440201319623 0.80517542
v -0.473943186646 -0.446591799994 0.79860875
v -0.438012756576 -0.430706918072 0.80904174
v -0.494474844453 -0.618221117435 0.74822347
v -0.473209917282 -0.642870022301 0.74527769
v -0.467893642128 -0.654737966424 0.74239327
v -0.452494927681 -0.666240750152 0.74214779
v -0.471376714966 -0.668431828157 0.73539701
v -0.466427103401 -0.67938687129 0.73208299
v -0.452311595886 -0.705678997937 0.72398208
v -0.445528782005 -0.723937422432 0.71637212
v -0.482375813233 -0.708782976931 0.71048054
v -0.467893642128 -0.722476780848 0.70778023
v -0.460560948494 -0.741648164147 0.69789957
v -0.442045766983 -0.749864388683 0.7005385
v -0.4622107612 -0.751325203711 0.68875533
v -0.454694735771 -0.764106048824 0.68126813
v -0.456161274498 -0.767940290794 0.67599025
v -0.453228197044 -0.779443074522 0.66500491
v -0.43123000051 -0.787111558463 0.67132609
v -0.430680005126 -0.796605960014 0.65954292
v -0.485308948502 -0.786381353302 0.61774953
v -0.487875420182 -0.787111558463 0.60866668
v -0.514639896485 -0.769948672971 0.60829845
v -0.436362886055 -0.797153700607 0.65401956
v -0.469910176239 -0.783459954505 0.64432302
v -0.464044021332 -0.779260609954 0.6562289
v -0.493924906884 -0.771226792171 0.63873827
v -0.501807653717 -0.770679051578 0.62904173
v -0.51738969996 -0.769035829797 0.60203865
v -0.545620772806 -0.750229491263 0.59449007
v -0.55771974621 -0.741282888121 0.58467077
v -0.55551993812 -0.742926283348 0.57914741
v -0.540304497652 -0.754063906679 0.56748699
v -0.51702303637 -0.770496413565 0.56730288
v -0.562852689569 -0.727771780033 0.25050774
v -0.528388798227 -0.752238046885 0.2497713
v -0.700524923146 0.589939745422 0.58767793
v -0.701624856098 0.587566145034 0.5944287
v -0.693375503491 0.595417266988 0.60117947
v -0.699425048008 0.586835824242 0.60516855
v -0.684759545109 0.601990269743 0.61161247
v -0.669544104641 0.617692571467 0.61480375
v -0.702174793667 0.595234686791 0.2497713
v -0.686042752041 0.607285268927 0.56938948
v -0.692458902333 0.599799307368 0.57509695
v -0.676510192501 0.603633549339 0.62683238
v -0.667710902325 0.602172849941 0.64285012
v -0.659278217922 0.606189729924 0.64904854
v -0.665694368214 0.610571770304 0.6343196
v -0.648645783245 0.611849889504 0.65567657
v -0.519406176255 0.534799253727 0.76129541
v -0.602266192477 0.553605418815 0.72539361
v -0.580084606333 0.547214996259 0.73711538
v -0.569268839861 0.524939691781 0.74846895
v -0.558269683779 0.516358249035 0.7546674
v -0.535721549676 0.513619430436 0.76252282
v -0.657261741626 0.592678506205 0.66531175
v -0.670460647984 0.572229061521 0.66991456
v -0.658911612148 0.574237443698 0.67918152
v -0.650478927746 0.580627924069 0.68182045
v -0.642596238727 0.578984644473 0.68943042
v -0.648095787861 0.566021161347 0.69366498
v -0.642229632953 0.561456598585 0.70041576
v -0.627014192485 0.573872341117 0.70311606
v -0.627380798259 0.562917240168 0.70827119
v -0.627014192485 0.545571716663 0.71692446
v -0.265510025883 0.20669512216 0.87673354
v -0.473943186646 0.3606137557 0.8095327
v -0.490075228272 0.382706422166 0.80235237
v -0.480542668732 0.379237340591 0.8049913
v -0.493924906884 0.39840872389 0.79867011
v -0.547270585512 0.491709344169 0.76503903
v -0.539387954309 0.444967772838 0.77829507
v -0.542320973947 0.477285161645 0.77007142
v -0.528022192452 0.419771069563 0.78670287
v -0.490258560067 -0.557055305765 0.76902813
v -0.495208113816 -0.584260391217 0.75939292
v -0.479809399368 -0.605074996297 0.75687674
v -0.48842535775 -0.458824904513 0.79302403
v -0.507307202851 -0.476718226427 0.78461623
v -0.494841508042 -0.524007538351 0.77639258
v -0.512440088395 -0.515060877394 0.77436736
v -0.236545683673 -0.25743437885 0.87673354
v -0.434713015533 -0.413909192976 0.81266263
v -0.464960564675 -0.418656393751 0.80578911
v -0.490808497635 -0.417743434946 0.80038851
v -0.495208113816 -0.432532777866 0.79658353
v -0.449745124206 -0.404232211227 0.81149659
v -0.537188088403 -0.595032854153 0.74282286
v -0.517206368165 -0.608544135687 0.74441849
v -0.508223746194 -0.628263201764 0.73993844
v -0.495941440995 -0.642870022301 0.73822007
v -0.510973549668 -0.580608671629 0.75589478
v -0.516289767007 -0.593389632372 0.75000322
v -0.489891896477 -0.66989246974 0.72827803
v -0.46936023867 -0.687237993245 0.72717334
v -0.481825875664 -0.692167774218 0.72005436
v -0.519956113824 -0.672266070127 0.71502197
v -0.506390601693 -0.696732394795 0.70667556
v -0.503824130013 -0.710243618514 0.69894287
v -0.484575679138 -0.728684623207 0.69519925
v -0.483292414391 -0.740187349119 0.68630052
v -0.482375813233 -0.74402182235 0.68329336
v -0.487692088387 -0.750412129276 0.67286035
v -0.484392347344 -0.758080671033 0.66696876
v -0.473576523056 -0.769948672971 0.66058622
v -0.455977942703 -0.781999370737 0.65911333
v -0.520506109208 -0.759723892814 0.6245003
v -0.533338409791 -0.752238046885 0.62106355
v -0.544154234079 -0.745847508699 0.61646075
v -0.54818718667 -0.746030146712 0.60578226
v -0.489341901093 -0.771226792171 0.64340246
v -0.486775487229 -0.764106048824 0.65690398
v -0.519956113824 -0.750047026696 0.64389342
v -0.515556497643 -0.757715568452 0.63603798
v -0.589433891894 -0.715721140081 0.59203524
v -0.563952564707 -0.734162144774 0.60394114
v -0.586867420214 -0.717729580073 0.58074304
v -0.56981877743 -0.73142338399 0.57577202
v -0.552220197077 -0.745299768105 0.57362405
v -0.594383503458 -0.70239249656 0.26517531
v -0.598966451434 -0.698193036378 0.2497713
v -0.566702368181 -0.724485163025 0.2497713
v -0.561019487253 -0.72886726122 0.2497713
v -0.718490167088 0.567664440943 0.58350472
v -0.723439778653 0.56054363978 0.58933493
v -0.703091394825 0.594139205603 0.2501395
v -0.720873306973 0.572046481323 0.2497713
v -0.726739519696 0.564743099962 0.2497713
v -0.714273824887 0.570585781925 0.59829505
v -0.729305991376 0.545754296861 0.61345359
v -0.706391135868 0.572411641719 0.61952928
v -0.68897588731 0.592313345809 0.6213704
v -0.701991461873 0.571133522518 0.63057598
v -0.683659612156 0.591035226609 0.63309219
v -0.681276472271 0.588296465826 0.64033392
v -0.695025374012 0.570768362123 0.64211367
v -0.68420960754 0.575515562898 0.65150338
v -0.669177441051 0.586105445636 0.65892923
v -0.624264389011 0.534068932936 0.72306152
v -0.614915161265 0.524574531385 0.7310397
v -0.594750109232 0.53242565334 0.73650168
v -0.604466000567 0.506863847484 0.74141133
v -0.57935133697 0.502481807105 0.75184435
v -0.546903979738 0.506498687089 0.76104993
v -0.68420960754 0.554153217224 0.67077374
v -0.669910710415 0.56620379936 0.67531517
v -0.680176539318 0.569490300737 0.66205913
v -0.669910710415 0.557257138403 0.68200457
v -0.656161808674 0.567299280548 0.686546
v -0.657628405216 0.549040856053 0.69716312
v -0.672110518505 0.541189734099 0.69114879
v -0.659094943943 0.534251455319 0.70403662
v -0.639479829479 0.538633495698 0.71336496
v -0.647179244518 0.511793628458 0.7207908
v -0.267709833973 0.203773781178 0.87673354
v -0.490808497635 0.365908697069 0.80486855
v -0.534071679155 0.339068829829 0.79928383
v -0.516106435212 0.321175507915 0.80615735
v -0.502540865266 0.306751383206 0.81118971
v -0.526738927705 0.375037938224 0.79511064
v -0.569085508066 0.462861036937 0.76571411
v -0.560286275705 0.48732730379 0.76209325
v -0.556619871072 0.437481753464 0.77522653
v -0.573485182062 0.446976155015 0.76823029
v -0.575134994769 0.397495765085 0.77841783
v -0.556069933504 0.394391901721 0.78418666
v -0.544337508058 0.376133419411 0.79050785
v -0.515373165849 -0.539892420273 0.76681876
v -0.525822326547 -0.545735102236 0.7623387
v -0.521972647935 -0.437097398443 0.78928041
v -0.509506953126 -0.460103023713 0.78756204
v -0.530955269906 -0.449695663358 0.78437078
v -0.52215597973 -0.484386710368 0.77897015
v -0.547453917307 -0.484934508777 0.77209663
v -0.545254109216 -0.505566533659 0.76749384
v -0.526372264116 -0.53149349991 0.76608232
v -0.263310159977 -0.223838870842 0.87673354
v -0.438012756576 -0.366619823236 0.81984299
v -0.442595762367 -0.386156309116 0.81585389
v -0.479992731163 -0.397111410064 0.80628008
v -0.503824130013 -0.398937269858 0.80069536
v -0.50785714042 -0.423220956513 0.79535609
v -0.502357591286 -0.384513087335 0.80351841
v -0.45982767913 -0.379583306361 0.81346044
v -0.466793766991 -0.387799646527 0.81063741
v -0.53865462713 -0.57750475045 0.74846895
v -0.549287119623 -0.576226689064 0.74527769
v -0.55533666414 -0.59046829139 0.73785184
v -0.554970000551 -0.606353115497 0.73171477
v -0.53608815545 -0.616212619628 0.73484467
v -0.511340155442 -0.640678944296 0.73374
v -0.514273290711 -0.655468287216 0.72600731
v -0.507307202851 -0.670987950927 0.72085218
v -0.542687637537 -0.656563768403 0.7133036
v -0.54085443522 -0.664780108569 0.70919175
v -0.532238476839 -0.64560872527 0.72342974
v -0.521972647935 -0.697827875983 0.69796093
v -0.502357591286 -0.723389681838 0.68943042
v -0.522339311524 -0.720103180461 0.67869055
v -0.507673808625 -0.73836166277 0.67077374
v -0.504007403993 -0.745665044131 0.66518903
v -0.515373165849 -0.74402182235 0.65733358
v -0.557169808641 -0.733979680206 0.62044984
v -0.531871813249 -0.748221166902 0.63161929
v -0.549103787828 -0.73233640061 0.6370199
v -0.55295346644 -0.73361440418 0.62812117
v -0.555703269914 -0.737448646151 0.61486511
v -0.527472197068 -0.741282888121 0.64935541
v -0.52912206759 -0.746577887306 0.63843143
v -0.623714451442 -0.684864392857 0.58890533
v -0.606849140452 -0.700384056568 0.57822685
v -0.591267036395 -0.709148137327 0.61265577
v -0.613815286128 -0.691072235215 0.60516855
v -0.61986477283 -0.687237993245 0.59872463
v -0.572751912699 -0.724850381236 0.61185795
v -0.602632798251 -0.695271695397 0.25572422
v -0.614731829471 -0.684681812659 0.25836316
v -0.628664005191 -0.671718329534 0.2497713
v -0.725822860723 0.558535257604 0.56846892
v -0.74122157517 0.537538014511 0.58325924
v -0.723989774037 0.558717779986 0.59424458
v -0.742138234143 0.543928437067 0.2497713
v -0.729672654965 0.560908857991 0.25118279
v -0.734805540509 0.542102635088 0.60203865
v -0.749470869963 0.519644750412 0.60713241
v -0.753320664205 0.510880727468 0.61400592
v -0.745804638776 0.516540829233 0.62388659
v -0.719406710431 0.548675637842 0.63045326
v -0.706391135868 0.562186861561 0.63493331
v -0.726006192517 0.527678452564 0.64530495
v -0.706024472279 0.547945317051 0.65162611
v -0.692092238743 0.558535257604 0.65837687
v -0.642412964748 0.492987463369 0.73005778
v -0.633247010982 0.486231822602 0.73631757
v -0.61729830115 0.481849782223 0.74411164
v -0.59584998437 0.482762683212 0.75172159
v -0.586500756625 0.476554840854 0.75644714
v -0.695208705807 0.536625055706 0.67390364
v -0.695758643376 0.547762736853 0.66396162
v -0.685309482678 0.532790813735 0.68568681
v -0.676326860706 0.525122271979 0.69722448
v -0.691542301175 0.518001470816 0.68979864
v -0.686959353199 0.502664445118 0.70158181
v -0.673943720821 0.510698089455 0.70581637
v -0.660928088444 0.512706529447 0.71281262
v -0.667894234119 0.477467741843 0.72324564
v -0.671377249142 0.491161603575 0.71612664
v -0.286408289464 0.174742835933 0.87673354
v -0.555153332346 0.345276672187 0.79302403
v -0.54818718667 0.313507023974 0.79965204
v -0.536271487245 0.313507023974 0.80247509
v -0.516289767007 0.305290683808 0.80830532
v -0.581367871081 0.46213065833 0.76190913
v -0.596399979754 0.432369450108 0.76448667
v -0.575318326563 0.431273911106 0.7711761
v -0.599333057208 0.345641832583 0.78081128
v -0.580084606333 0.356231715321 0.7845549
v -0.588333958941 0.400964904475 0.77369228
v -0.601899528887 0.396035123502 0.77062374
v -0.548920456034 -0.527476677741 0.76055896
v -0.548003854875 -0.541170481659 0.75687674
v -0.532421808633 -0.408979412003 0.79198074
v -0.552403528871 -0.420299615532 0.78461623
v -0.551853591302 -0.438375459829 0.78124088
v -0.558086409799 -0.481100266806 0.76994866
v -0.565419161249 -0.444400721989 0.77614713
v -0.567252363565 -0.492603050534 0.76424122
v -0.27174284438 -0.212883769893 0.87673354
v -0.457077875656 -0.352013060514 0.81818599
v -0.525638994752 -0.370819283417 0.8002044
v -0.539937891877 -0.388895127714 0.79363775
v -0.516839762391 -0.396928829866 0.7978723
v -0.486408881455 -0.373740624399 0.80867353
v -0.508407077988 -0.346718119145 0.80799848
v -0.476326326531 -0.342336078766 0.81566978
v -0.580817875697 -0.549934562418 0.74276149
v -0.592366969347 -0.542813761255 0.74098174
v -0.58411761674 -0.559794066549 0.73809732
v -0.5910837046 -0.570201426904 0.73140793
v -0.586867420214 -0.583530070425 0.72772568
v -0.554236731187 -0.619134018425 0.72655964
v -0.528755461816 -0.636296961732 0.72907583
v -0.547087311532 -0.637392442919 0.72109766
v -0.555153332346 -0.64122668489 0.71526745
v -0.561202819048 -0.648347486053 0.70845531
v -0.579901274539 -0.64907786466 0.69734722
v -0.534804948518 -0.688881215026 0.69667216
v -0.545804046785 -0.69070707482 0.68844849
v -0.53608815545 -0.702027336164 0.68556407
v -0.541037767015 -0.708052598325 0.67592889
v -0.540671161241 -0.716086300477 0.66807345
v -0.525089057183 -0.731606022003 0.66383886
v -0.539387954309 -0.723754900049 0.66046348
v -0.582284472239 -0.7127997991 0.62364111
v -0.5434209069 -0.72886726122 0.64972362
v -0.55533666414 -0.723572262036 0.64321834
v -0.573301850267 -0.710426198712 0.64107037
v -0.561752756617 -0.724850381236 0.63204888
v -0.647362576312 -0.660945808783 0.597129
v -0.634713549709 -0.674639670515 0.58393432
v -0.61729830115 -0.690889712833 0.57405365
v -0.604832664156 -0.692167774218 0.62456167
v -0.622981182078 -0.679204233277 0.61560155
v -0.620598042193 -0.68376891167 0.60934176
v -0.623714451442 -0.682125574258 0.60443211
v -0.638196622546 -0.668249190144 0.60467759
v -0.645712705791 -0.656198665823 0.25155103
v -0.639846493068 -0.661493607192 0.2497713
v -0.743604830686 0.534981833925 0.56791659
v -0.757720396016 0.513254327856 0.57706081
v -0.758820213338 0.510698089455 0.59025549
v -0.745071311597 0.52804361296 0.60093398
v -0.760286867696 0.518001470816 0.2497713
v -0.761936622587 0.515993030824 0.2528398
v -0.750204197141 0.532608233538 0.2956765
v -0.765236421445 0.49901272553 0.59854053
v -0.76541975324 0.495178425744 0.60743926
v -0.772019119696 0.479476181835 0.61756542
v -0.768719494283 0.482032362421 0.62247507
v -0.758636881544 0.498830145332 0.62063394
v -0.760653300024 0.492439664961 0.62603456
v -0.757537064221 0.491891924367 0.63260123
v -0.735355535893 0.523479050198 0.63425823
v -0.726372856107 0.532243073142 0.63910651
v -0.746904456098 0.499743046321 0.64217505
v -0.729672654965 0.518549269225 0.64910993
v -0.711157415638 0.533886352738 0.65843825
v -0.663494560123 0.457200877357 0.73220573
v -0.649928990177 0.460669958932 0.73711538
v -0.62939733237 0.451540775592 0.74810073
v -0.607582409816 0.452818836977 0.75558794
v -0.708590943959 0.527130711971 0.66684604
v -0.721239970562 0.512889109645 0.66445258
v -0.723623110447 0.501386325918 0.67071238
v -0.713173949749 0.506863847484 0.67746314
v -0.705291202916 0.511063249851 0.68218869
v -0.699425048008 0.498282404738 0.69489241
v -0.706757741643 0.495908804351 0.69035098
v -0.705107928936 0.455922815972 0.71041916
v -0.683659612156 0.486049242404 0.7109715
v -0.708590943959 0.473633442057 0.70041576
v -0.693375503491 0.436568852475 0.72422756
v -0.669544104641 0.460304856351 0.72827803
v -0.690992363606 0.464139098322 0.71569705
v -0.289158092938 0.169995692973 0.87673354
v -0.56945211384 0.313507023974 0.79412872
v -0.586134150851 0.324096906711 0.78805301
v -0.565785824838 0.275894578167 0.8002044
v -0.553136798235 0.272425496592 0.80388662
v -0.529672062974 0.253801911702 0.81161934
v -0.512990025964 0.266765394827 0.81382868
v -0.612898627154 0.411737425226 0.76375026
v -0.602449466456 0.432734552689 0.7623387
v -0.615281824855 0.338886191816 0.77712905
v -0.616931637561 0.319714866332 0.77976799
v -0.600066326571 0.327383408088 0.78351158
v -0.609415612132 0.37759411881 0.77178979
v -0.627564130054 0.36371767688 0.76884401
v -0.575684990152 -0.513782816009 0.75577205
v -0.581184539286 -0.526746299135 0.75000322
v -0.552036865282 -0.402588931631 0.78805301
v -0.565785824838 -0.406423231417 0.78363431
v -0.575868321947 -0.413178814369 0.77952248
v -0.576234985536 -0.459737863317 0.76951909
v -0.582467804033 -0.476718226427 0.76344338
v -0.577884798243 -0.435454118847 0.774306
v -0.5910837046 -0.487125471152 0.75785866
v -0.285125082532 -0.192251745011 0.87673354
v -0.554420062982 -0.349822040324 0.79646078
v -0.532605140428 -0.341058017381 0.80321157
v -0.578984731196 -0.378305244976 0.78516859
v -0.492275036362 -0.328824855047 0.81407416
v -0.507123871056 -0.317869754098 0.81223303
v -0.465143896469 -0.322434374675 0.82076356
v -0.611248756633 -0.535145219498 0.73601072
v -0.605932539294 -0.50465363267 0.74785525
v -0.608865674563 -0.547743542228 0.73232847
v -0.613631954333 -0.559794066549 0.72557771
v -0.597866576296 -0.581156470038 0.72398208
v -0.586134150851 -0.597223874342 0.72214095
v -0.58888389651 -0.610369937666 0.71489923
v -0.597133249117 -0.627350300775 0.70041576
v -0.606482476863 -0.626619979984 0.69470829
v -0.596399979754 -0.643417762895 0.68973728
v -0.586134150851 -0.6594851672 0.68495035
v -0.564685891886 -0.669709889542 0.69225347
v -0.565235829454 -0.679569451488 0.68372294
v -0.552403528871 -0.693080675207 0.68132949
v -0.554420062982 -0.697280135389 0.67586751
v -0.569268839861 -0.692898095009 0.66770521
v -0.558086409799 -0.708600338918 0.66070896
v -0.587967353167 -0.701662175768 0.63493331
v -0.610698819064 -0.683586273657 0.63082147
v -0.576601591311 -0.704766096948 0.64561179
v -0.579168005175 -0.697280135389 0.6529149
v -0.671377249142 -0.63556664094 0.597129
v -0.662944622555 -0.645973885665 0.58651188
v -0.650295653766 -0.658572208395 0.59080783
v -0.670460647984 -0.634836262334 0.60400251
v -0.656711804058 -0.652364366037 0.5758334
v -0.653778668789 -0.648530124066 0.26198405
v -0.629580664165 -0.679204233277 0.56742562
v -0.628847336986 -0.680117192082 0.5793929
v -0.649195720813 -0.653094686828 0.61689034
v -0.640579762431 -0.663502047183 0.6121648
v -0.636180146251 -0.661676187389 0.62585045
v -0.664594493076 -0.637027282524 0.25148967
v -0.666977632961 -0.634471101938 0.2497713
v -0.760653300024 0.50942002807 0.56638232
v -0.769085984427 0.496091384549 0.57000319
v -0.764319762472 0.502481807105 0.58534584
v -0.778618601782 0.479111021439 0.58816889
v -0.774402375211 0.4851362836 0.59301717
v -0.769452648016 0.504490247097 0.2497713
v -0.777885332419 0.491526763971 0.2497713
v -0.780818409872 0.472355438487 0.60314332
v -0.770919302373 0.487692464185 0.60449348
v -0.791267512755 0.457018297159 0.59534925
v -0.78430148271 0.460852596945 0.61498785
v -0.77495219715 0.468886299097 0.62628004
v -0.775868856123 0.463773937926 0.6311897
v -0.764503094267 0.477650379856 0.63652894
v -0.748921048024 0.486049242404 0.65266941
v -0.734988872304 0.506316049076 0.653099
v -0.682376347409 0.436203692079 0.72975092
v -0.669177441051 0.429813211708 0.73779047
v -0.655061875721 0.432004231897 0.74319108
v -0.639479829479 0.429265471114 0.75006461
v -0.624814384395 0.424518270339 0.75644714
v -0.738655103491 0.49463068515 0.65843825
v -0.737555286168 0.474181240466 0.67457873
v -0.726922851491 0.480206502627 0.68163635
v -0.740671753232 0.481119461431 0.66653918
v -0.721056638768 0.465051999311 0.69532199
v -0.719223378636 0.424335690141 0.71367182
v -0.706024472279 0.437481753464 0.71667898
v -0.73187240524 0.433647511493 0.70145907
v -0.719956705815 0.436021111881 0.70851669
v -0.720873306973 0.406807586438 0.71864283
v -0.713173949749 0.39840872389 0.72545497
v -0.694842042218 0.407720487427 0.73202163
v -0.30510680277 0.140051846738 0.87673354
v -0.585217549692 0.279181137359 0.79468101
v -0.62683086069 0.290136180493 0.78130224
v -0.613815286128 0.286484460905 0.78553683
v -0.597683244501 0.288127740501 0.7898941
v -0.575318326563 0.249419871322 0.80094084
v -0.543970902284 0.245037830943 0.80928725
v -0.637096689594 0.369925577053 0.76424122
v -0.646629306949 0.403886245456 0.75356272
v -0.641313031795 0.399321624879 0.75644714
v -0.627197466464 0.32208846672 0.77614713
v -0.642229632953 0.324827227503 0.77086923
v -0.642779570522 0.34892833396 0.76626644
v -0.590350435237 -0.371001863615 0.78320473
v -0.602449466456 -0.410257473388 0.77221939
v -0.60556593352 -0.443670459013 0.76393437
v -0.591633699984 -0.458824904513 0.7649163
v -0.610882150859 -0.468867046657 0.75595617
v -0.294107704503 -0.177827562487 0.87673354
v -0.561202819048 -0.317687231715 0.79916108
v -0.578434735812 -0.33156361583 0.79271716
v -0.587234083803 -0.346718119145 0.78799164
v -0.534988280313 -0.326816415055 0.8045617
v -0.492458368157 -0.30508885117 0.81720406
v -0.527105533479 -0.301254609199 0.80977821
v -0.642412964748 -0.490594610542 0.73754498
v -0.639479829479 -0.516156416397 0.73024188
v -0.621147979762 -0.539892420273 0.72987366
v -0.634346943935 -0.480187308002 0.74405026
v -0.647179244518 -0.522729476966 0.72410482
v -0.632330409824 -0.551942944594 0.71956339
v -0.620048104625 -0.573487928281 0.71649486
v -0.61271529536 -0.571662068487 0.72091354
v -0.608315679179 -0.593024414161 0.71318085
v -0.621514643351 -0.593389632372 0.70550951
v -0.629947327754 -0.599780054928 0.69611982
v -0.62939733237 -0.607631234697 0.69151703
v -0.618764839877 -0.624611539992 0.68740518
v -0.612165357791 -0.641774483299 0.67899741
v -0.58888389651 -0.66897956875 0.67451736
v -0.5934669023 -0.677743591694 0.66101581
v -0.578434735812 -0.690341914424 0.66162953
v -0.607582409816 -0.678473970301 0.64352518
v -0.61748157513 -0.672996390919 0.63812459
v -0.59584998437 -0.680482352478 0.65512425
v -0.599516389002 -0.681577833665 0.64923266
v -0.697041850308 -0.606718275893 0.5960857
v -0.686409357815 -0.62041207981 0.58608229
v -0.690442426037 -0.612560957856 0.60473896
v -0.687692622563 -0.619316598623 0.57908604
v -0.67962660175 -0.628080621567 0.56785522
v -0.686409357815 -0.615299718639 0.60958724
v -0.647729182086 -0.652546946235 0.62106355
v -0.652495461856 -0.643600285278 0.62904173
v -0.669360772846 -0.629723901163 0.61983614
v -0.649012389019 -0.643600285278 0.63499469
v -0.696125306965 -0.602518815711 0.25093731
v -0.696858518513 -0.601605914722 0.2497713
v -0.772019119696 0.491709344169 0.56687328
v -0.773119052649 0.488788003188 0.58147949
v -0.788701098891 0.463226197332 0.57933152
v -0.78430148271 0.481302041629 0.2497713
v -0.782101732435 0.484771123204 0.25155103
v -0.788517767096 0.458478996557 0.60541403
v -0.789434426069 0.454279536376 0.61106014
v -0.797317057273 0.447889113819 0.58559132
v -0.806299737059 0.429813211708 0.59332402
v -0.803733265379 0.42963063151 0.60848257
v -0.794567311614 0.440950892854 0.6182405
v -0.789801031844 0.444785134825 0.62462305
v -0.785584805273 0.442776694833 0.63560838
v -0.771102634168 0.461765497934 0.64162269
v -0.756070409864 0.479476181835 0.64794388
v -0.766152906973 0.453366577571 0.65641302
v -0.754787260747 0.461948078132 0.6643912
v -0.686042752041 0.403521085061 0.7372995
v -0.672660513889 0.403521085061 0.74325246
v -0.663127954349 0.402060443478 0.74742566
v -0.755337082686 0.453001417175 0.66979182
v -0.749837533552 0.451358195394 0.67641985
v -0.74122157517 0.452453676582 0.68433666
v -0.737921949757 0.450627874603 0.68863259
v -0.735538694242 0.441681213646 0.69495377
v -0.734255545125 0.413015428796 0.70808709
v -0.738105281552 0.394939642315 0.71195343
v -0.744704648008 0.417032366595 0.69906561
v -0.74122157517 0.372846918034 0.71716994
v -0.740855085026 0.3606137557 0.72103629
v -0.727656005224 0.36371767688 0.72754157
v -0.712440622571 0.375585678818 0.73220573
v -0.310789683698 0.126905783415 0.87673354
v -0.513723295327 0.223858065467 0.81867695
v -0.541771036379 0.207790603347 0.81370592
v -0.613815286128 0.26347889345 0.78872809
v -0.594383503458 0.250880512905 0.79572433
v -0.633796948551 0.275346837573 0.78124088
v -0.644246109249 0.293057521474 0.77528793
v -0.59584998437 0.234082787809 0.79725862
v -0.564319228296 0.221484465079 0.80670968
v -0.675226985569 0.368282297457 0.75049418
v -0.679259995975 0.345641832583 0.75368547
v -0.673027177478 0.386175561556 0.74730292
v -0.66056148267 0.335234530043 0.76246145
v -0.67009404221 0.291414299693 0.7667574
v -0.652312130062 0.291596879891 0.77283311
v -0.615648430629 -0.322434374675 0.78351158
v -0.624997716189 -0.331746196028 0.77921563
v -0.607582409816 -0.373558044201 0.77749726
v -0.618581508082 -0.397111410064 0.76951909
v -0.637463353183 -0.396015928877 0.76344338
v -0.615281824855 -0.421029994139 0.76571411
v -0.629580664165 -0.427237836497 0.75945431
v -0.627197466464 -0.454990662542 0.75368547
v -0.60556593352 -0.458094583721 0.76043624
v -0.310973015492 -0.145875334076 0.87673354
v -0.508040472214 -0.271858503558 0.81781775
v -0.58411761674 -0.280987744713 0.7979337
v -0.597499912707 -0.288838866668 0.79333088
v -0.545620772806 -0.289386607261 0.80664831
v -0.565785824838 -0.264007381604 0.80474579
v -0.596216647959 -0.301437189397 0.79198074
v -0.605015938136 -0.306914710964 0.78885084
v -0.51702303637 -0.281535485307 0.81456512
v -0.528938793611 -0.255973679451 0.81468785
v -0.655611871105 -0.472883926641 0.73723812
v -0.669544104641 -0.47379682763 0.73054874
v -0.653595394809 -0.502097394269 0.72846213
v -0.651395586719 -0.447322120786 0.74619824
v -0.658361674579 -0.505383953461 0.72484127
v -0.681643078045 -0.494428852512 0.7170472
v -0.658361674579 -0.527294097544 0.71624938
v -0.656528472263 -0.545552522038 0.70937587
v -0.630680539302 -0.57531373026 0.70955998
v -0.648095787861 -0.57440082927 0.69931109
v -0.652128856082 -0.58480813181 0.68998276
v -0.649928990177 -0.595215492166 0.68458214
v -0.627380798259 -0.624611539992 0.68034756
v -0.640763094226 -0.624611539992 0.66819617
v -0.616748305766 -0.652364366037 0.66482079
v -0.606115871089 -0.65601602781 0.67126471
v -0.593100238711 -0.673544189328 0.66574135
v -0.625730985553 -0.657111566812 0.64935541
v -0.721056638768 -0.577687330648 0.59277169
v -0.704191269963 -0.599780054928 0.58430254
v -0.702541399441 -0.59831935553 0.6038184
v -0.708957607548 -0.586999152 0.61277851
v -0.717390291951 -0.577869968661 0.2497713
v -0.710057482686 -0.586633991604 0.25339216
v -0.694658768238 -0.600510433535 0.62075669
v -0.70547453471 -0.588825011794 0.61805639
v -0.664227829487 -0.629723901163 0.63094422
v -0.680543202908 -0.610735155877 0.63241711
v -0.648829057224 -0.640131203703 0.63990432
v -0.671010643368 -0.613108756264 0.64462987
v -0.710974083844 -0.585355872404 0.2497713
v -0.799150375219 0.457018297159 0.2497713
v -0.80098351972 0.45391437598 0.25044635
v -0.794383979819 0.45391437598 0.57159883
v -0.81308255094 0.417945267584 0.57951564
v -0.808132823745 0.426891870726 0.58694148
v -0.813265882734 0.416667148384 0.59031686
v -0.817115503531 0.424700908352 0.2497713
v -0.808132823745 0.427804771716 0.57429913
v -0.818948763663 0.403338504863 0.59915423
v -0.807583001806 0.423970529745 0.60394114
v -0.819315253806 0.399504205077 0.60713241
v -0.80794949195 0.419405966983 0.6115511
v -0.805016587942 0.421049188764 0.61805639
v -0.8011667937 0.417580107189 0.63131243
v -0.801900120878 0.410094087815 0.63775635
v -0.795483912772 0.417214888978 0.64254326
v -0.781185073462 0.437664391477 0.64800525
v -0.786317959006 0.417945267584 0.6560448
v -0.7700026434 0.43912503306 0.66193637
v -0.694842042218 0.371751436847 0.74141133
v -0.776418851507 0.418493008178 0.66819617
v -0.759186876928 0.431456491304 0.67905879
v -0.751854183293 0.430178372103 0.68666874
v -0.748921048024 0.428352570124 0.69022824
v -0.747271119688 0.392566041927 0.7066142
v -0.761019963614 0.350754193754 0.71152385
v -0.762303286176 0.403155924665 0.69065782
v -0.768352830694 0.373759819024 0.69802231
v -0.751670851499 0.398043563494 0.70121358
v -0.757353732427 0.335051949845 0.71845873
v -0.743054893117 0.327018247693 0.72870761
v -0.721239970562 0.351301934348 0.73392412
v -0.710790752049 0.350571613556 0.73926336
v -0.312806159994 0.120880463439 0.87673354
v -0.550570326555 0.183141756296 0.81376728
v -0.578801399401 0.205964801368 0.8045617
v -0.625547653758 0.252706372699 0.78658012
v -0.630313933528 0.226231665855 0.78823712
v -0.651212254924 0.262383354448 0.77737451
v -0.644796046817 0.238829988584 0.78246826
v -0.612348689586 0.217832745491 0.7943128
v -0.604466000567 0.177846814927 0.80032712
v -0.692458902333 0.35239747335 0.74693468
v -0.691725632969 0.330852489663 0.75178295
v -0.676143528912 0.268956415017 0.76810753
v -0.694475436443 0.268408616608 0.76123405
v -0.63196380405 -0.298698428614 0.78185457
v -0.645346042201 -0.308010249967 0.77633122
v -0.638746560115 -0.339232157587 0.77369228
v -0.642962902316 -0.358403540886 0.76878262
v -0.656528472263 -0.37447094519 0.76104993
v -0.655061875721 -0.391999048893 0.75798142
v -0.657445073421 -0.410622633784 0.75288764
v -0.637463353183 -0.433445736671 0.75509697
v -0.320505575032 -0.115383689432 0.87673354
v -0.542137699968 -0.210327589308 0.81603801
v -0.518489632912 -0.231507354783 0.81959751
v -0.593283570506 -0.245566376911 0.79940659
v -0.611248756633 -0.270763022371 0.79173523
v -0.557536414415 -0.235159074371 0.80990094
v -0.622981182078 -0.285004624697 0.786396
v -0.67706013007 -0.447322120786 0.73515153
v -0.671010643368 -0.425959717297 0.74374342
v -0.699791653782 -0.439653579029 0.7264369
v -0.693558835285 -0.45389512354 0.72484127
v -0.704374601758 -0.476900806625 0.7105419
v -0.683659612156 -0.499358691301 0.71385592
v -0.7058411983 -0.453164802748 0.71821325
v -0.685859420246 -0.517069317386 0.70446622
v -0.68897588731 -0.519442917774 0.70115221
v -0.684026275745 -0.535327741881 0.69611982
v -0.659644881511 -0.55358622419 0.70299332
v -0.6557952029 -0.570931747696 0.69605844
v -0.681459804066 -0.547926122426 0.69047372
v -0.678710058407 -0.561619926343 0.68353884
v -0.678710058407 -0.569836208693 0.67764726
v -0.676326860706 -0.580243569048 0.67163295
v -0.648829057224 -0.605805374903 0.67678806
v -0.640579762431 -0.620046919414 0.67230801
v -0.666061031803 -0.596676133749 0.6675211
v -0.664044555507 -0.61128289647 0.65586069
v -0.635996814456 -0.633923361344 0.66365476
v -0.63196380405 -0.644330663884 0.65696536
v -0.655061875721 -0.624246379596 0.65193297
v -0.740855085026 -0.551760364396 0.59221935
v -0.738471771696 -0.555229503787 0.58700285
v -0.715190426045 -0.585903670813 0.58111127
v -0.717940171704 -0.579330610244 0.6027751
v -0.722889783269 -0.576044108867 0.56619821
v -0.712623954365 -0.584077811019 0.60835983
v -0.722523177495 -0.566914867712 0.61977476
v -0.736272021421 -0.553951384586 0.25621518
v -0.738288439901 -0.551030043605 0.2497713
v -0.691725632969 -0.599414894532 0.62891898
v -0.700158317372 -0.584260391217 0.63609934
v -0.688242560131 -0.593937372965 0.6430956
v -0.687142627179 -0.586999152 0.65297627
v -0.800616856131 0.454462116573 0.2497713
v -0.834164146316 0.375768259016 0.56895988
v -0.825548130119 0.392383461729 0.58141813
v -0.817665498915 0.423605369349 0.2497713
v -0.82719811627 0.387818841152 0.58964179
v -0.827381448065 0.38581040116 0.59706763
v -0.831597674636 0.371203638438 0.6105078
v -0.819498585601 0.395122164697 0.6132081
v -0.817482167121 0.394574424104 0.6198975
v -0.811432622603 0.400782324277 0.6276302
v -0.813265882734 0.380880620187 0.64285012
v -0.801350125494 0.398591304088 0.64855757
v -0.814732363646 0.390922762331 0.63112833
v -0.792550835318 0.404251405852 0.65702674
v -0.780451746283 0.40443398605 0.67200115
v -0.778435269987 0.396765502109 0.67869055
v -0.770735970579 0.41611940779 0.67568341
v -0.803916597174 0.373029498232 0.66248871
v -0.766152906973 0.357509834521 0.70569363
v -0.770185975195 0.316063146744 0.71539019
v -0.787417949774 0.313141805763 0.70434348
v -0.776785515096 0.387271100558 0.68482763
v -0.777152178685 0.36408289509 0.69464692
v -0.782285064229 0.344728931594 0.69789957
v -0.751854183293 0.322818787511 0.72471853
v -0.759370208722 0.286119358324 0.72895309
v -0.749470869963 0.287579999907 0.73374
v -0.73443887692 0.321175507915 0.73435371
v -0.720506643384 0.323914268698 0.7404294
v -0.698875052624 0.339616570422 0.74681194
v -0.319588973874 0.100431018755 0.87673354
v -0.571468647951 0.178394555521 0.80885765
v -0.586867420214 0.159040592024 0.80658692
v -0.568535570497 0.16068387162 0.81106699
v -0.550020388986 0.156666991636 0.81603801
v -0.650845591335 0.203226040585 0.78449351
v -0.624447720805 0.195192338432 0.7930854
v -0.671927244526 0.256540672485 0.77123746
v -0.678343394817 0.217467585096 0.77381504
v -0.618031570514 0.162692311612 0.79774958
v -0.602449466456 0.145529368305 0.8033343
v -0.708590943959 0.294518220872 0.75129199
v -0.707307737027 0.324279429094 0.74619824
v -0.722156513905 0.278815976963 0.74840759
v -0.69392544106 0.249237291124 0.76417983
v -0.67962660175 0.247228851132 0.76964182
v -0.712073958981 0.28082435914 0.75215119
v -0.710974083844 0.265669855825 0.75503561
v -0.707491068821 0.238829988584 0.76043624
v -0.653045399425 -0.256338839847 0.78068852
v -0.661294752033 -0.271493343162 0.77596301
v -0.673577115047 -0.281718065505 0.77043962
v -0.658911612148 -0.318782712902 0.77013278
v -0.671927244526 -0.353291179715 0.75939292
v -0.667160964756 -0.372645085396 0.7573677
v -0.66276129076 -0.392364209289 0.75491285
v -0.675410259548 -0.39619845126 0.74895991
v -0.323621984281 -0.10515896709 0.87673354
v -0.530771938112 -0.184035404846 0.82076356
v -0.55075365835 -0.198094426974 0.8148106
v -0.589067228304 -0.188417445225 0.80591184
v -0.60776574161 -0.224204031238 0.79762682
v -0.621697917331 -0.227673112813 0.79326952
v -0.639846493068 -0.242097295336 0.786396
v -0.692275570538 -0.41135301239 0.73803595
v -0.688059228337 -0.393642328489 0.74429575
v -0.716290301183 -0.438192879631 0.71741542
v -0.708040948575 -0.415369834559 0.72919858
v -0.73443887692 -0.412448493578 0.71539019
v -0.718673498883 -0.4447659402 0.71361044
v -0.73407221333 -0.430524337874 0.70906901
v -0.723623110447 -0.459007542526 0.70471171
v -0.708040948575 -0.482013167796 0.70587775
v -0.70070825494 -0.506844595044 0.69900423
v -0.710607420255 -0.505931694055 0.69188525
v -0.706024472279 -0.522181736373 0.6861164
v -0.704374601758 -0.533867100298 0.67954975
v -0.71024081448 -0.532589038913 0.67482421
v -0.700341591351 -0.551942944594 0.66973045
v -0.707674284986 -0.547378324017 0.66580272
v -0.680176539318 -0.58316491003 0.66469806
v -0.683659612156 -0.586268831209 0.65770181
v -0.746537965954 -0.542996341453 0.59596296
v -0.761936622587 -0.520721036974 0.59430595
v -0.754053991384 -0.533136779506 0.58657326
v -0.756803737043 -0.529485059918 0.57847233
v -0.739205098875 -0.55449912518 0.57988386
v -0.740121757848 -0.550117142615 0.6023455
v -0.735722026037 -0.552125524792 0.61296262
v -0.726922851491 -0.553038483597 0.63241711
v -0.734622208714 -0.545735102236 0.62713924
v -0.739205098875 -0.542266020661 0.62241369
v -0.750204197141 -0.534780001287 0.25529465
v -0.743238167096 -0.544274402838 0.2497713
v -0.713907161298 -0.56399352673 0.64008844
v -0.696308580945 -0.580426149246 0.64720744
v -0.69869172083 -0.563080625741 0.66175227
v -0.706207804074 -0.560889605551 0.6543878
v -0.717023628361 -0.552490743003 0.64837347
v -0.853962534759 0.327200827891 0.56803933
v -0.851396120895 0.330487329268 0.5935695
v -0.838013882743 0.363352516484 0.58933493
v -0.827564606414 0.403338504863 0.2497713
v -0.836180564796 0.384349759577 0.2497713
v -0.840763686217 0.37412497942 0.2497713
v -0.848096322036 0.356596875717 0.25222611
v -0.841680171745 0.352032312954 0.60167043
v -0.833980814521 0.363535096682 0.61431278
v -0.825364798324 0.370473317647 0.62928721
v -0.81784883071 0.380698039989 0.63450371
v -0.822065057281 0.367004236072 0.63867691
v -0.814915695441 0.359518216698 0.65579931
v -0.783384881552 0.392383461729 0.67568341
v -0.787967945158 0.370473317647 0.68188183
v -0.814549031852 0.344728931594 0.66482079
v -0.808682819129 0.347102474166 0.67101923
v -0.798967043424 0.372481757639 0.66868715
v -0.779901924344 0.276442376576 0.71907243
v -0.767069508131 0.284658658926 0.72484127
v -0.810516137075 0.29470080107 0.69102605
v -0.817665498915 0.266582814629 0.69354224
v -0.801900120878 0.26439179444 0.70685968
v -0.797317057273 0.277172697367 0.7067983
v -0.784484814505 0.366821598059 0.68685284
v -0.792184171729 0.344363771198 0.68918493
v -0.806849732443 0.314054764567 0.68722108
v -0.762669949766 0.266217654234 0.7310397
v -0.752770668821 0.264939535033 0.73644032
v -0.776052187917 0.261835613854 0.72447304
v -0.741038416821 0.287032259314 0.73815869
v -0.730405808698 0.290866501284 0.74233189
v -0.324538585439 0.084546194648 0.87673354
v -0.578618067606 0.134939485567 0.8104533
v -0.557353140436 0.13037486499 0.81603801
v -0.325088523008 0.082720334854 0.87673354
v -0.67706013007 0.189167018457 0.77731314
v -0.653595394809 0.179490036708 0.78584367
v -0.640396430637 0.17200407515 0.79050785
v -0.698141783261 0.217467585096 0.76669604
v -0.631230534686 0.141695068519 0.79566297
v -0.610882150859 0.124714763225 0.80247509
v -0.735355535893 0.268408616608 0.74411164
v -0.73407221333 0.241020950959 0.74908265
v -0.726372856107 0.198296259612 0.75816551
v -0.710607420255 0.220754144288 0.76154089
v -0.655245207516 -0.240088855345 0.78179321
v -0.673210451458 -0.240819176136 0.77565613
v -0.685492814472 -0.233333214577 0.77234215
v -0.687325958973 -0.247209656508 0.76994866
v -0.694475436443 -0.291212467055 0.76129541
v -0.679259995975 -0.313852931929 0.76344338
v -0.697225182103 -0.322251794477 0.75521973
v -0.68182640984 -0.351465319921 0.75595617
v -0.683293006382 -0.368628263228 0.75184435
v -0.32893820162 -0.0823359220181 0.87673354
v -0.564869165865 -0.146970815263 0.81499472
v -0.572568580904 -0.175636542298 0.81100562
v -0.590717098826 -0.144049474282 0.80842805
v -0.618581508082 -0.171071979535 0.79903835
v -0.623714451442 -0.206310767139 0.79480377
v -0.649379052608 -0.198094426974 0.78780752
v -0.705291202916 -0.376296804984 0.74067488
v -0.715190426045 -0.392546847302 0.73202163
v -0.69374216708 -0.368810843426 0.74742566
v -0.749837533552 -0.386156309116 0.7139173
v -0.751487519704 -0.396381089273 0.70962135
v -0.746537965954 -0.418473755738 0.70507993
v -0.733888881536 -0.385791206535 0.72361386
v -0.745621306981 -0.370454123022 0.72115903
v -0.744337984419 -0.440018739425 0.69771545
v -0.719406710431 -0.477631127416 0.6994952
v -0.731322467671 -0.47470972862 0.69163977
v -0.733155554357 -0.492603050534 0.67948838
v -0.712257290776 -0.520173296381 0.68182045
v -0.721973182111 -0.52546823775 0.66758248
v -0.722523177495 -0.531676137923 0.66175227
v -0.725272923154 -0.534414840891 0.65592206
v -0.754970592542 -0.529302537535 0.60179317
v -0.766702844542 -0.51159179582 0.60074987
v -0.774035711622 -0.501549653675 0.59485829
v -0.772935720854 -0.504470994657 0.58381158
v -0.780451746283 -0.490412030344 0.2497713
v -0.776785515096 -0.496072132108 0.2497713
v -0.76541975324 -0.513417655614 0.2524716
v -0.760836631819 -0.519808135985 0.2497713
v -0.759186876928 -0.514695716999 0.62081806
v -0.75552041448 -0.526015978343 0.60786887
v -0.733705549741 -0.535327741881 0.64254326
v -0.733888881536 -0.54062268325 0.63591523
v -0.748737774045 -0.528206998533 0.62321152
v -0.750570860731 -0.520538456776 0.63039188
v -0.866061623794 0.293970480279 0.57362405
v -0.85579567926 0.320262606926 0.58467077
v -0.861295228394 0.323183947907 0.2497713
v -0.860012079276 0.308029444592 0.59185113
v -0.852679270012 0.323183947907 0.60400251
v -0.849379644599 0.334321571238 0.59761997
v -0.850296130127 0.350754193754 0.2497713
v -0.849929466537 0.328478889276 0.6090349
v -0.839847027244 0.344363771198 0.62075669
v -0.841130349806 0.337973290826 0.62437756
v -0.828847928977 0.358422735511 0.63260123
v -0.831781006431 0.336877809639 0.6441389
v -0.822248389075 0.346372153374 0.653099
v -0.82976458795 0.320445187123 0.6575177
v -0.80336660179 0.342720491602 0.67850645
v -0.828114601798 0.316063146744 0.66230461
v -0.825364798324 0.312228904773 0.66776659
v -0.811982617987 0.328661527289 0.67562202
v -0.809416146307 0.316793467535 0.68360022
v -0.789434426069 0.237369289186 0.72097492
v -0.802816606406 0.24138616917 0.71152385
v -0.793467494291 0.249237291124 0.71594253
v -0.816748839942 0.289223279503 0.68679148
v -0.831047679252 0.251428311314 0.68482763
v -0.827931270004 0.24010804997 0.69145565
v -0.823715043433 0.231161446828 0.6974086
v -0.817665498915 0.227327147042 0.70342292
v -0.814732363646 0.248141752122 0.70059986
v -0.769452648016 0.235360849194 0.73294219
v -0.751120856115 0.24138616917 0.74122722
v -0.785951295416 0.21618952371 0.7270506
v -0.779535260755 0.236273807999 0.72711198
v -0.609598943926 0.106821499126 0.80400938
v -0.575868321947 0.0872849554314 0.81382868
v -0.328388264051 0.0690265309369 0.87673354
v -0.676876798275 0.163787792799 0.7797066
v -0.696308580945 0.166343973385 0.77283311
v -0.674127052616 0.143155767917 0.78222281
v -0.712623954365 0.187888957072 0.76460943
v -0.641862969364 0.123436644025 0.79363775
v -0.750204197141 0.2171024247 0.74527769
v -0.740855085026 0.201217600593 0.75147611
v -0.742504897733 0.16287489181 0.75503561
v -0.728939327786 0.147720388495 0.76215461
v -0.715923695408 0.171821494952 0.7649163
v -0.669910710415 -0.221647792837 0.77890879
v -0.660011487286 -0.217265810273 0.78252965
v -0.694842042218 -0.220917472046 0.77025551
v -0.714273824887 -0.216535431666 0.76344338
v -0.68659268961 -0.203389368343 0.77504241
v -0.703824664189 -0.251043898478 0.7631979
v -0.710790752049 -0.259442818841 0.75945431
v -0.720506643384 -0.28427424609 0.75190571
v -0.70547453471 -0.298333268218 0.75577205
v -0.720873306973 -0.297602947427 0.74951226
v -0.718306835293 -0.317869754098 0.74705744
v -0.699974985577 -0.344892259351 0.74975774
v -0.33113800971 -0.0722937798739 0.87673354
v -0.585584155467 -0.119765729812 0.81106699
v -0.602816130046 -0.129077551164 0.80609596
v -0.548003854875 -0.136563512723 0.81972024
v -0.554603336962 -0.117574709622 0.81904516
v -0.63196380405 -0.136563512723 0.79725862
v -0.649195720813 -0.134920233127 0.79228759
v -0.637646627162 -0.185130943848 0.79234895
v -0.611432088427 -0.117209549226 0.80437759
v -0.663861223713 -0.180748903469 0.78473899
v -0.711340747433 -0.350369780918 0.74362068
v -0.727472673429 -0.357673162279 0.73447645
v -0.742138234143 -0.356029940498 0.7270506
v -0.765603085034 -0.355116981693 0.712874
v -0.767069508131 -0.364611383244 0.70913039
v -0.766702844542 -0.382139486947 0.70360704
v -0.760103535901 -0.406423231417 0.69943383
v -0.76541975324 -0.334850117207 0.71864283
v -0.766336238768 -0.417013114155 0.6896759
v -0.746721124304 -0.450973782558 0.69084194
v -0.751120856115 -0.46558054528 0.67826097
v -0.745254643392 -0.480187308002 0.67494695
v -0.74122157517 -0.495524391515 0.66850305
v -0.729122659581 -0.506114274253 0.6742105
v -0.738288439901 -0.509583413643 0.66101581
v -0.742504897733 -0.509218195432 0.65579931
v -0.739205098875 -0.52108619737 0.64935541
v -0.762669949766 -0.516704214806 0.60394114
v -0.775685524328 -0.497350193494 0.60087261
v -0.785401473478 -0.483473809379 0.59050097
v -0.787417949774 -0.480735048595 0.57675396
v -0.780818409872 -0.491690149544 0.5722739
v -0.796583903539 -0.462841784497 0.2497713
v -0.776418851507 -0.486212570162 0.62118629
v -0.775318860739 -0.492785630731 0.61351496
v -0.763586435293 -0.509765936026 0.61652212
v -0.764319762472 -0.497167671111 0.63321492
v -0.779168597166 -0.47598784782 0.62959406
v -0.753687327794 -0.51067889483 0.63689716
v -0.874677639991 0.266400234432 0.58951905
v -0.868628095473 0.28520639952 0.58282965
v -0.871927836517 0.291962040287 0.2497713
v -0.88219366542 0.261105293063 0.2497713
v -0.871194509338 0.276624956774 0.58890533
v -0.87027790818 0.277903018159 0.59534925
v -0.863678368279 0.294153060477 0.60252962
v -0.859095478118 0.30382998441 0.60774612
v -0.866794777527 0.276259796378 0.61541745
v -0.849929466537 0.324279429094 0.61431278
v -0.853045933601 0.30291708342 0.62793705
v -0.843330100081 0.318619327329 0.6364062
v -0.842230109314 0.308029444592 0.64530495
v -0.830314352073 0.330122168872 0.65107378
v -0.843696763671 0.290866501284 0.65316038
v -0.829947919745 0.306933963404 0.66445258
v -0.843146768287 0.282467638736 0.65843825
v -0.829031260771 0.292874941276 0.67181705
v -0.822981716254 0.298352462843 0.6767267
v -0.800066860747 0.226049085657 0.71624938
v -0.796950393683 0.215094042523 0.72029984
v -0.809232814513 0.21491140451 0.71232165
v -0.837280555564 0.262748514844 0.67445599
v -0.838563878127 0.217832745491 0.68734381
v -0.840397022628 0.238099609978 0.67924289
v -0.833064155548 0.199574320997 0.6967949
v -0.823531711638 0.216737264304 0.70115221
v -0.823348379843 0.188801858061 0.70710516
v -0.779351928961 0.196835560213 0.7335559
v -0.764136430677 0.214546244114 0.73883377
v -0.792550835318 0.178029395125 0.72883035
v -0.809599478102 0.195192338432 0.71581979
v -0.800433524336 0.19628781962 0.72128177
v -0.606665808657 0.0898411360169 0.80560499
v -0.630863871097 0.0679309919345 0.79971343
v -0.601899528887 0.068661312726 0.80775297
v -0.575501658358 0.0529590688171 0.81511745
v -0.334987746137 0.0334225251223 0.87673354
v -0.333887813184 0.0399955856915 0.87673354
v -0.695025374012 0.121428204033 0.77682218
v -0.708957607548 0.148633289484 0.76970321
v -0.67486032198 0.121063043637 0.78351158
v -0.656345140468 0.0918495181937 0.7908147
v -0.639846493068 0.0829029150519 0.79627669
v -0.764136430677 0.184054657286 0.74288423
v -0.757353732427 0.163240052206 0.74828485
v -0.75093752432 0.144251249105 0.75307176
v -0.745804638776 0.127453524008 0.75687674
v -0.730772472287 0.117959122458 0.7636275
v -0.715190426045 0.126357985006 0.76902813
v -0.703641332394 -0.200650607559 0.76908949
v -0.720689975178 -0.188417445225 0.76375026
v -0.726739519696 -0.197729266578 0.76037484
v -0.730955804082 -0.215987691072 0.75656986
v -0.714823762456 -0.231872572994 0.76135677
v -0.699791653782 -0.179836002479 0.77246487
v -0.678160063023 -0.163403379964 0.78136361
v -0.724539595975 -0.237350094561 0.75656986
v -0.746721124304 -0.233333214577 0.74773251
v -0.741038416821 -0.269302322973 0.74503221
v -0.740305089642 -0.300706868606 0.74006118
v -0.710424146275 -0.337223717595 0.7466892
v -0.731689073445 -0.326268674461 0.73920199
v -0.331871336889 -0.0680943775074 0.87673354
v -0.575318326563 -0.0817881814245 0.81517881
v -0.630497265323 -0.123234869202 0.79842466
v -0.661661415622 -0.112462348451 0.78971002
v -0.588517290736 -0.0699201794862 0.81204891
v -0.605015938136 -0.0746673802615 0.80744612
v -0.621331311557 -0.101689885515 0.80210686
v -0.644429441043 -0.104793806694 0.79517198
v -0.747637783277 -0.314218092325 0.73367864
v -0.750020865347 -0.336310816605 0.7274802
v -0.777335337035 -0.336675977001 0.71060328
v -0.783384881552 -0.335397857801 0.70655282
v -0.785951295416 -0.354386660902 0.69832915
v -0.774402375211 -0.387617008514 0.69544473
v -0.767986167104 -0.315678791723 0.72195685
v -0.779535260755 -0.310383850354 0.71600389
v -0.782285064229 -0.396746249669 0.68421391
v -0.774768865355 -0.41573505277 0.68194321
v -0.766519512747 -0.435088958452 0.68010208
v -0.756987068837 -0.4447659402 0.68427528
v -0.766702844542 -0.441296858625 0.67611299
v -0.771469297757 -0.43910578062 0.67224663
v -0.757720396016 -0.465215384884 0.67120335
v -0.752954000616 -0.483656389577 0.66347064
v -0.757537064221 -0.492237890138 0.65009186
v -0.761936622587 -0.492055252125 0.64358656
v -0.785401473478 -0.47817886801 0.60934176
v -0.80336660179 -0.449330560777 0.60363428
v -0.796583903539 -0.464850224488 0.5835661
v -0.8011667937 -0.456999102534 0.57920878
v -0.811982617987 -0.433993477264 0.2497713
v -0.806299737059 -0.447504700983 0.56859166
v -0.787417949774 -0.465397965082 0.62413207
v -0.788334608747 -0.454990662542 0.63511741
v -0.796767235334 -0.444035619408 0.6301464
v -0.878343871178 0.254714812691 0.57834959
v -0.886226560196 0.225136126852 0.5904396
v -0.88219366542 0.237369289186 0.59633118
v -0.880727011063 0.239925469772 0.60216139
v -0.890626292007 0.228605266242 0.2497713
v -0.884210083901 0.234447948205 0.56724151
v -0.871927836517 0.262748514844 0.61167384
v -0.870827845749 0.2539844919 0.62425482
v -0.86551162841 0.272060336196 0.62272055
v -0.860195411071 0.280641778942 0.62934858
v -0.860378742866 0.275346837573 0.63272396
v -0.851946116278 0.286301938522 0.64168407
v -0.851396120895 0.275529417771 0.64917129
v -0.840397022628 0.276990117169 0.66457531
v -0.853229265396 0.256358092287 0.65561521
v -0.838747036476 0.269321575413 0.66991456
v -0.84864631742 0.235543487207 0.6704669
v -0.847729658447 0.22531870705 0.67506969
v -0.848096322036 0.204138941574 0.68053168
v -0.851579452689 0.169265314366 0.68593229
v -0.840213690833 0.179490036708 0.69452418
v -0.833797482726 0.166891713979 0.70231825
v -0.830681015663 0.148450709286 0.70790297
v -0.824265038817 0.138773727538 0.71404004
v -0.778251938193 0.163422632404 0.73828143
v -0.812165949782 0.157397312428 0.71968614
v -0.810516137075 0.13037486499 0.72398208
v -0.78906776248 0.140051846738 0.73509017
v -0.650112321971 0.0630012109613 0.79406732
v -0.643512839885 0.0312315627476 0.7970131
v -0.624447720805 0.0516810074319 0.80204552
v -0.602632798251 0.0392652649 0.80836669
v -0.5910837046 0.0239281813868 0.81174207
v -0.564135896502 0.0213720008013 0.81879967
v -0.335537683706 0.0273972629618 0.87673354
v -0.697041850308 0.077607973683 0.77847919
v -0.714090493092 0.0982399985651 0.77123746
v -0.66734429655 0.0790686730812 0.78805301
v -0.768352830694 0.151554630465 0.74429575
v -0.769269316221 0.13037486499 0.74595276
v -0.760103535901 0.110290580701 0.75172159
v -0.763219945149 0.0852765154395 0.75202847
v -0.747271119688 0.0925798968004 0.75847238
v -0.726556187901 0.0779731340787 0.76755524
v -0.726739519696 -0.162673059172 0.76368886
v -0.732972222563 -0.174175900714 0.760068
v -0.745254643392 -0.188052284829 0.75356272
v -0.707124405232 -0.126338790381 0.77356952
v -0.696491912739 -0.149526995849 0.77577889
v -0.677426793659 -0.113740467651 0.78449351
v -0.69594197517 -0.121956750001 0.77774274
v -0.763403103499 -0.195173085992 0.74454124
v -0.769085984427 -0.209779848714 0.74006118
v -0.760286867696 -0.241549496928 0.74006118
v -0.761386627203 -0.274962482553 0.7341696
v -0.760836631819 -0.292125368045 0.73116244
v -0.334254418959 -0.0443583736309 0.87673354
v -0.568168906908 -0.0547656761709 0.81757227
v -0.335721015501 -0.0292038703156 0.87673354
v -0.667527628345 -0.0911000027772 0.78860533
v -0.596399979754 -0.0447235918418 0.8103919
v -0.621331311557 -0.0509314342002 0.80351841
v -0.644429441043 -0.0449061720397 0.79689038
v -0.657078467647 -0.0604258357508 0.79271716
v -0.762119954382 -0.304541110576 0.72784843
v -0.791267512755 -0.305454069381 0.70925313
v -0.796400571745 -0.315496211525 0.7026251
v -0.797683720862 -0.343796778164 0.69182387
v -0.792000839934 -0.366802403434 0.68826437
v -0.773852379827 -0.287560805282 0.72465715
v -0.79145084455 -0.285187204895 0.71397866
v -0.785218141683 -0.272588882165 0.72097492
v -0.787051286184 -0.399302430254 0.67789274
v -0.783934819121 -0.418108653157 0.6704669
v -0.787784613363 -0.419204134345 0.66531175
v -0.771652629552 -0.451156362756 0.66426846
v -0.765969748624 -0.468867046657 0.65813139
v -0.771652629552 -0.471058124662 0.64800525
v -0.795117306997 -0.4611985049 0.60928039
v -0.806483068854 -0.432897938262 0.62106355
v -0.814732363646 -0.42395133512 0.60921901
v -0.824631644591 -0.408249033396 0.59958383
v -0.807399670012 -0.444948520398 0.58467077
v -0.804466592558 -0.449878301371 0.58841437
v -0.822615052665 -0.412996234171 0.2497713
v -0.818582100073 -0.423403594526 0.56564587
v -0.784484814505 -0.451156362756 0.64561179
v -0.783751545141 -0.448782762369 0.64923266
v -0.799700197158 -0.430706918072 0.63837007
v -0.811982617987 -0.413178814369 0.63186477
v -0.895025850373 0.190262499644 0.5877393
v -0.88915963765 0.211990063529 0.59491966
v -0.881827001831 0.23316988682 0.60639597
v -0.896859168319 0.201947921384 0.2497713
v -0.878893866562 0.230796286432 0.6192838
v -0.876144120903 0.23097886663 0.6265869
v -0.869911244591 0.241933909764 0.63413548
v -0.857445665412 0.265487275627 0.64450713
v -0.859828747482 0.240290630167 0.653099
v -0.856345674644 0.230613648419 0.66224323
v -0.857445665412 0.209068722547 0.66838029
v -0.855062525527 0.189532178853 0.6767267
v -0.855062525527 0.121063043637 0.69090331
v -0.845529908172 0.154841189658 0.69446281
v -0.862395219161 0.170360853369 0.6731672
v -0.865144964821 0.145164207909 0.67549929
v -0.862945214545 0.124897343423 0.68225005
v -0.844429917404 0.135852386556 0.69832915
v -0.842963436492 0.117411381864 0.70219551
v -0.825914793708 0.117228801666 0.71539019
v -0.786317959006 0.126540565204 0.73791321
v -0.809232814513 0.105360799728 0.72711198
v -0.664227829487 0.0447427864668 0.79020098
v -0.680726534702 0.0462034280499 0.78492311
v -0.658911612148 0.0140686194405 0.79259443
v -0.640579762431 0.00493937828567 0.79817915
v -0.625547653758 0.0177202812133 0.80241373
v -0.60556593352 0.00347873670258 0.8081212
v -0.579718000559 0.00603491728811 0.81493333
v -0.55771974621 -0.0125887254173 0.8206408
v -0.336270953069 0.014798940232 0.87673354
v -0.33590428948 0.0221023215928 0.87673354
v -0.693375503491 0.0379871456997 0.78093404
v -0.709690876912 0.0624534703677 0.77449012
v -0.71500709425 0.0405433262852 0.77332407
v -0.777702000624 0.0982399985651 0.74429575
v -0.754787260747 0.0743214723059 0.75620165
v -0.772202393675 0.0650096509532 0.74902129
v -0.739938426053 0.0633663713571 0.76295242
v -0.735538694242 -0.137111253317 0.76203185
v -0.74122157517 -0.158656237003 0.75810415
v -0.770919302373 -0.16066461918 0.74454124
v -0.710607420255 -0.110088748063 0.77326268
v -0.685126150883 -0.0963949441461 0.78259102
v -0.774768865355 -0.179836002479 0.74061352
v -0.786684622595 -0.171802300327 0.73533565
v -0.792734167112 -0.182939923658 0.73073284
v -0.778068606398 -0.217630970668 0.73423097
v -0.77458553356 -0.243923097315 0.73232847
v -0.773669048032 -0.2669287804 0.72876899
v -0.578801399401 -0.0306645697139 0.81517881
v -0.336270953069 -0.0120409848236 0.87673354
v -0.689159219105 -0.0414370326496 0.78289789
v -0.666244363598 -0.0368724120722 0.79044646
v -0.608315679179 -0.0124061452194 0.80750751
v -0.61729830115 -0.0260999491365 0.80492991
v -0.629947327754 -0.0310297301096 0.80130905
v -0.629947327754 -0.0177010865883 0.8014318
v -0.808866150924 -0.267111302783 0.70581637
v -0.809049482718 -0.283361345101 0.70145907
v -0.805199746291 -0.308375410362 0.69734722
v -0.813632372878 -0.318234972309 0.68617778
v -0.802816606406 -0.350369780918 0.68445939
v -0.80794949195 -0.365889502444 0.67151019
v -0.802266784468 -0.258712440235 0.71232165
v -0.794567311614 -0.250496157885 0.71937928
v -0.785401473478 -0.248305137695 0.72551635
v -0.797133725478 -0.391999048893 0.67009866
v -0.796033908156 -0.408979412003 0.66095445
v -0.8011667937 -0.409527152596 0.6535286
v -0.781368405256 -0.441296858625 0.65849963
v -0.822615052665 -0.400763129652 0.61977476
v -0.824448312796 -0.392364209289 0.62597319
v -0.825914793708 -0.397659150658 0.61431278
v -0.830314352073 -0.393642328489 0.60400251
v -0.83434747811 -0.38926028811 0.59166702
v -0.827931270004 -0.403867050832 0.58258417
v -0.820598576369 -0.417926015144 0.58798478
v -0.827747938209 -0.402588931631 0.2497713
v -0.805383078086 -0.411900752984 0.64499809
v -0.812715945166 -0.406970972011 0.63603798
v -0.822981716254 -0.390903509891 0.63069874
v -0.899608971794 0.167622092585 0.58012934
v -0.901992053863 0.155206350053 0.5806203
v -0.902542049247 0.150093988882 0.5908692
v -0.896125841141 0.179855197104 0.597129
v -0.900342067712 0.186975998267 0.25106007
v -0.888792974061 0.207060282556 0.60412525
v -0.884393415695 0.218745704296 0.61063054
v -0.897408990258 0.199574320997 0.2497713
v -0.889342969445 0.186610837871 0.62008162
v -0.881460338241 0.214363663916 0.62370248
v -0.882010333625 0.200669859999 0.63026914
v -0.875410793724 0.217285004898 0.63591523
v -0.87027790818 0.230065907825 0.63953611
v -0.865878291999 0.22878784644 0.64861895
v -0.863311878135 0.217650165293 0.65733358
v -0.862945214545 0.197018140411 0.66531175
v -0.864411695457 0.0699394319264 0.68734381
v -0.857079001823 0.0812596354558 0.69348088
v -0.850662793716 0.110473160899 0.69624256
v -0.870094576385 0.0829029150519 0.67991796
v -0.871194509338 0.153380490259 0.66598684
v -0.877793875794 0.118141702656 0.66500491
v -0.875044130135 0.113942242474 0.66923949
v -0.871927836517 0.0976922579714 0.67599025
v -0.846079903556 0.0933102175919 0.70231825
v -0.835080805289 0.104995639332 0.7097441
v -0.834897473494 0.0865545768247 0.71170795
v -0.827747938209 0.0792512532791 0.71741542
v -0.822981716254 0.0682961523303 0.72140451
v -0.799883528952 0.113211921682 0.73159203
v -0.798967043424 0.0807118948621 0.73466057
v -0.787417949774 0.104447898739 0.73901787
v -0.80556640988 0.0670180909451 0.73183751
v -0.687509290768 0.0246585021784 0.78320473
v -0.677976731228 -0.00747636424621 0.78688696
v -0.700341591351 0.00183545710648 0.77915427
v -0.724906259565 0.0354309651141 0.76970321
v -0.721239970562 0.0155292610236 0.77154431
v -0.787234617979 0.0712174933116 0.74128859
v -0.759003545133 0.0379871456997 0.75583345
v -0.80098351972 0.0204590419967 0.73594935
v -0.776602183301 0.0330573647265 0.74779388
v -0.76780283531 0.027032102566 0.75221258
v -0.739571762464 0.0235630209911 0.76436394
v -0.751304187909 -0.133459591544 0.75558794
v -0.735905357831 -0.100594404328 0.7640571
v -0.761753290792 -0.141858454092 0.75031006
v -0.775685524328 -0.140945553103 0.74386616
v -0.782101732435 -0.155917418405 0.73932473
v -0.723256446858 -0.0914651631729 0.76921225
v -0.700158317372 -0.0960297837503 0.7774359
v -0.699791653782 -0.0722937798739 0.77841783
v -0.794383979819 -0.137841574108 0.73435371
v -0.803733265379 -0.145144955469 0.72852351
v -0.805016587942 -0.180566323271 0.72385934
v -0.795300638792 -0.200102866966 0.72711198
v -0.711707411022 -0.0288387099199 0.77516517
v -0.824998134735 -0.219274250265 0.70360704
v -0.821331903548 -0.254330399855 0.69875875
v -0.809782809897 -0.234611275963 0.71189207
v -0.820965239958 -0.280257423922 0.69213073
v -0.825364798324 -0.301802349793 0.68010208
v -0.821515235342 -0.325173193274 0.67457873
v -0.817665498915 -0.347083279541 0.66887125
v -0.816748839942 -0.361142301669 0.66236597
v -0.807033006422 -0.381956906749 0.66347064
v -0.805383078086 -0.227673112813 0.71649486
v -0.793284162496 -0.217448390471 0.72563909
v -0.805016587942 -0.204119746949 0.72054532
v -0.815099027236 -0.384695667532 0.64984637
v -0.837463887359 -0.360777141273 0.62732336
v -0.831047679252 -0.383052445751 0.61879283
v -0.838013882743 -0.37319282599 0.60921901
v -0.845163244582 -0.359499022073 0.60437074
v -0.847729658447 -0.358586121084 0.58780067
v -0.835447468878 -0.38798216891 0.58049756
v -0.849196312804 -0.352013060514 0.59872463
v -0.847363052673 -0.359681602271 0.25075322
v -0.843696763671 -0.36753278204 0.2497713
v -0.820781908164 -0.383965346741 0.64082488
v -0.831964338225 -0.362785581265 0.63677442
v -0.90565828505 0.132383304982 0.58798478
v -0.908041598381 0.146259689096 0.25118279
v -0.902358717453 0.147902968693 0.59626982
v -0.896309172935 0.170726013764 0.60688693
v -0.898508981026 0.194644540024 0.2497713
v -0.907674934792 0.147172590086 0.2497713
v -0.889892964829 0.196470399818 0.61020094
v -0.897592322052 0.152285009072 0.61547881
v -0.896675836525 0.146442269294 0.62179999
v -0.889709633034 0.176203535331 0.62456167
v -0.885310074668 0.181681056898 0.63290808
v -0.877060722061 0.197748519018 0.64254326
v -0.873577649223 0.181133316304 0.65481739
v -0.871744504722 0.172917033954 0.65997252
v -0.8677114365 0.0491248268464 0.68593229
v -0.857995660796 0.0513158470361 0.69526063
v -0.854879193732 0.0593495491885 0.6974086
v -0.8512127891 0.0482118680418 0.70170455
v -0.877977207589 0.0688438929239 0.67224663
v -0.874494308196 0.0584365903839 0.67752451
v -0.879810525535 0.146624849492 0.65561521
v -0.88219366542 0.0960489783753 0.66267282
v -0.880727011063 0.0836332358434 0.66672328
v -0.883293424927 0.11339450188 0.65770181
v -0.844613249199 0.074138892108 0.70532541
v -0.839847027244 0.058254010186 0.7099282
v -0.833064155548 0.0389001045042 0.71588115
v -0.824448312796 0.0432820870686 0.72158863
v -0.816015686209 0.0485770284376 0.72637554
v -0.814365700057 0.0206416221946 0.72827803
v -0.801350125494 0.0462034280499 0.73490605
v -0.733522217946 -0.0124061452194 0.76700288
v -0.754420654973 0.00128771651282 0.75834963
v -0.746537965954 0.0217371611971 0.76141816
v -0.78686795439 -0.0260999491365 0.7433752
v -0.777335337035 0.00658265788177 0.74803936
v -0.809782809897 -0.0131364660109 0.73159203
v -0.771835787901 -0.0144145273961 0.75073966
v -0.765603085034 -0.0109454458212 0.75350136
v -0.758636881544 -0.110088748063 0.75386956
v -0.76780283531 -0.124878090983 0.74877581
v -0.732972222563 -0.0728415782827 0.76602095
v -0.747637783277 -0.0631645965342 0.76055896
v -0.74855444225 -0.0823359220181 0.75957704
v -0.787601281568 -0.120861268814 0.73950884
v -0.723439778653 -0.0785016800474 0.76951909
v -0.724539595975 -0.0399763910666 0.77013278
v -0.800250192542 -0.113923047849 0.7331263
v -0.82023191278 -0.118487668426 0.72085218
v -0.813815704673 -0.150439896838 0.72183411
v -0.823715043433 -0.160116878586 0.71416278
v -0.81784883071 -0.214527049489 0.7099282
v -0.83434747811 -0.193712386594 0.70090672
v -0.831231011047 -0.225482092623 0.69704038
v -0.832880997198 -0.244105735328 0.6907192
v -0.831597674636 -0.266563562189 0.68550271
v -0.836547228385 -0.263824801406 0.6808999
v -0.836363896591 -0.286830426676 0.67298308
v -0.840397022628 -0.292307948242 0.6658641
v -0.826648120886 -0.333572055822 0.66408435
v -0.831414342841 -0.338136676399 0.65512425
v -0.818032162504 -0.367897884621 0.65641302
v -0.815099027236 -0.201380928351 0.7141014
v -0.829214592566 -0.357125421685 0.64604139
v -0.840763686217 -0.336128236407 0.64094763
v -0.846996389084 -0.326268674461 0.63597661
v -0.848829649215 -0.331015875236 0.62738472
v -0.849746134743 -0.340692856985 0.61547881
v -0.839663695449 -0.360777141273 0.6209408
v -0.843330100081 -0.359133861677 0.61124425
v -0.857812329001 -0.324625394865 0.60682556
v -0.855979011055 -0.338319256597 0.58387294
v -0.847546384467 -0.359499022073 0.57896329
v -0.857628997207 -0.329737756036 0.59792683
v -0.864045031868 -0.315313631327 0.58976453
v -0.852496111662 -0.347265859739 0.25382173
v -0.849196312804 -0.354934401496 0.2497713
v -0.908591420319 0.113759662276 0.56681191
v -0.908958083909 0.107916980314 0.58865985
v -0.907124939408 0.119054603645 0.5944287
v -0.910424738266 0.128001264602 0.2497713
v -0.903091871186 0.136765287546 0.60271373
v -0.902908539391 0.134026526762 0.60621186
v -0.901808722069 0.117228801666 0.61909968
v -0.900342067712 0.114672621081 0.62468441
v -0.895759177551 0.138956307736 0.62707786
v -0.893376095482 0.14206028673 0.63168067
v -0.881460338241 0.163605212602 0.64720744
v -0.88219366542 0.178577135719 0.6401498
v -0.865694960205 0.0237456011889 0.68924631
v -0.878160539383 0.027032102566 0.67525381
v -0.872477658455 0.0171725406197 0.68231142
v -0.856529006439 0.0191809806115 0.69814505
v -0.84901298101 0.00512195848355 0.70501855
v -0.84662989894 0.0407259064831 0.70563225
v -0.8823769394 0.0458382676541 0.66856441
v -0.885126742874 0.0642793301616 0.6629183
v -0.886959887375 0.140599587332 0.64469123
v -0.888792974061 0.114855201279 0.64861895
v -0.890992955597 0.0860068362311 0.6508283
v -0.888792974061 0.0719478719182 0.65653577
v -0.840397022628 0.0279450035554 0.7109715
v -0.835813959022 0.00347873670258 0.71489923
v -0.824998134735 0.0175377010154 0.72183411
v -0.822248389075 -0.00309432386669 0.72398208
v -0.742321565938 -0.018248827182 0.76338202
v -0.74378816248 -0.0401589712644 0.76246145
v -0.756253741659 -0.0288387099199 0.75761318
v -0.807216338217 -0.0326730097057 0.73269671
v -0.799333707014 -0.0715634590823 0.73607209
v -0.767619503515 -0.0511140143981 0.75227392
v -0.825731461913 -0.0330381701015 0.72158863
v -0.816748839942 -0.0337684908931 0.72711198
v -0.764869757856 -0.0662685177134 0.752949
v -0.777152178685 -0.0832488808227 0.74656646
v -0.768902826078 -0.0991337049295 0.749635
v -0.73902176708 -0.0551308943819 0.76411846
v -0.790351027227 -0.0812404408308 0.74012256
v -0.805383078086 -0.0856224812103 0.73202163
v -0.812532613371 -0.0991337049295 0.72698924
v -0.825731461913 -0.0748499604594 0.72011572
v -0.829947919745 -0.0883612419937 0.71637212
v -0.836363896591 -0.0985859643359 0.71127836
v -0.826648120886 -0.138571952715 0.71459237
v -0.840213690833 -0.167420259947 0.70041576
v -0.827014784476 -0.185130943848 0.70790297
v -0.846996389084 -0.173993320517 0.69298992
v -0.84626323535 -0.204302269332 0.68765067
v -0.840580354422 -0.206493347337 0.69249895
v -0.840763686217 -0.238445575748 0.68421391
v -0.84662989894 -0.236437135757 0.67862919
v -0.84626323535 -0.254878198264 0.67261487
v -0.845896571761 -0.273684363352 0.66623232
v -0.853779202964 -0.269667541184 0.6564744
v -0.842230109314 -0.311296751344 0.65401956
v -0.843696763671 -0.320608572696 0.64579591
v -0.856712338233 -0.300524288408 0.63395137
v -0.865328296615 -0.284639406486 0.62701648
v -0.854512530143 -0.323529913678 0.62002024
v -0.856529006439 -0.28865628647 0.64229777
v -0.863678368279 -0.306184390173 0.61020094
v -0.869727912796 -0.29468154863 0.60081124
v -0.84864631742 -0.35676026129 0.56840755
v -0.861478560188 -0.32334733348 0.58344335
v -0.865144964821 -0.314583252721 0.25351489
v -0.873577649223 -0.283909085694 0.59676078
v -0.871377841133 -0.292307948242 0.59074646
v -0.87027790818 -0.297055149018 0.5831365
v -0.871011177543 -0.295229347039 0.57804274
v -0.861111896599 -0.323712493876 0.2497713
v -0.911157891999 0.0920321562067 0.58276828
v -0.911524497773 0.0858242560332 0.59185113
v -0.908041598381 0.103169779538 0.60295922
v -0.915007628426 0.0898411360169 0.2497713
v -0.906574944024 0.0987877391587 0.61185795
v -0.901625390274 0.0902062964127 0.62904173
v -0.900158735917 0.0881978564208 0.63321492
v -0.896125841141 0.117411381864 0.6334604
v -0.905841616845 0.0869197950356 0.61836324
v -0.894842518578 0.10390010033 0.64008844
v -0.890626292007 0.141877648717 0.63714266
v -0.864778359046 -0.00254658327304 0.69084194
v -0.880543679268 -0.00218142287727 0.6731672
v -0.885860070052 0.0317793033413 0.66463669
v -0.871011177543 -0.0160578069922 0.6840298
v -0.857079001823 -0.00838926523564 0.69796093
v -0.84901298101 -0.0313948905054 0.70465033
v -0.841680171745 -0.00948480423809 0.7107874
v -0.889892964829 0.0392652649 0.65874511
v -0.896309172935 0.0732259333034 0.64383204
v -0.836547228385 -0.0260999491365 0.71434689
v -0.82976458795 -0.00747636424621 0.71894969
v -0.817115503531 -0.0554960547776 0.72625279
v -0.822798384459 -0.0638949173258 0.72244781
v -0.832331001815 -0.0682769577053 0.71612664
v -0.842780104697 -0.0726589980848 0.70808709
v -0.844613249199 -0.105341605103 0.70422074
v -0.838380546332 -0.118670248624 0.70771886
v -0.831414342841 -0.146605654867 0.70986684
v -0.851396120895 -0.123052289004 0.69691764
v -0.853045933601 -0.147153395461 0.69163977
v -0.855429015671 -0.175271381902 0.68415254
v -0.855979011055 -0.188052284829 0.68077716
v -0.84864631742 -0.216535431666 0.68188183
v -0.861295228394 -0.192982065803 0.67341268
v -0.851762784484 -0.228038273208 0.67476285
v -0.854879193732 -0.23917589654 0.667337
v -0.854695861938 -0.258712440235 0.65991116
v -0.866428287383 -0.231689934981 0.6535286
v -0.864411695457 -0.260355719831 0.64352518
v -0.854512530143 -0.280440004119 0.65021458
v -0.861478560188 -0.280257423922 0.63757224
v -0.870827845749 -0.25524335866 0.63389
v -0.876694058471 -0.244288315526 0.6272006
v -0.871561172927 -0.270763022371 0.62124766
v -0.862395219161 -0.304541110576 0.61578567
v -0.873577649223 -0.27477984454 0.6105078
v -0.880543679268 -0.259077600631 0.59989068
v -0.87486079834 -0.274414741959 0.60535267
v -0.881643670036 -0.263277060812 0.2497713
v -0.873394317428 -0.288838866668 0.2497713
v -0.866978109322 -0.30727987136 0.2497713
v -0.864411695457 -0.314583252721 0.2497713
v -0.874494308196 -0.284822044499 0.5670574
v -0.878893866562 -0.268937162577 0.5898259
v -0.91299115213 0.0745040525038 0.57313309
v -0.918674033058 0.0535068094107 0.25118279
v -0.91335781572 0.0640967499638 0.58939631
v -0.914090969453 0.0480292878439 0.59449007
v -0.912257824952 0.0651922311511 0.59939972
v -0.910058074677 0.0693916913327 0.6094645
v -0.918674033058 0.0529590688171 0.2497713
v -0.904741857338 0.0796164136748 0.62376385
v -0.904191861954 0.0540546078195 0.6307601
v -0.866428287383 -0.0145971654091 0.68900083
v -0.861111896599 -0.0418021930454 0.69372636
v -0.883293424927 0.0091388384673 0.66899401
v -0.88915963765 -0.000538143281164 0.66126131
v -0.88219366542 -0.0341336512888 0.67077374
v -0.875044130135 -0.018248827182 0.67936563
v -0.867161441116 -0.0432628924436 0.68765067
v -0.87266099025 -0.0443583736309 0.68139087
v -0.855245857322 -0.0334033304973 0.69912697
v -0.8512127891 -0.0638949173258 0.70158181
v -0.844246585609 -0.0259173689386 0.70851669
v -0.895209182167 -0.00108588387482 0.65193297
v -0.895759177551 0.0553326692047 0.64696196
v -0.899975404122 0.0420040256834 0.641009
v -0.895942509346 0.0299534435473 0.64898717
v -0.845346576377 -0.0797797414326 0.70544815
v -0.856529006439 -0.0812404408308 0.69581296
v -0.860012079276 -0.0960297837503 0.69145565
v -0.858545482734 -0.127434271568 0.68900083
v -0.862761882751 -0.131451151552 0.6840298
v -0.862395219161 -0.165229239758 0.67826097
v -0.867894768295 -0.175819122495 0.66930085
v -0.868811427268 -0.19535566619 0.66230461
v -0.867344772911 -0.217265810273 0.65776318
v -0.877977207589 -0.203937166751 0.64499809
v -0.877793875794 -0.219456772647 0.63886103
v -0.867161441116 -0.240088855345 0.64843485
v -0.879260530151 -0.225299512425 0.63284671
v -0.886959887375 -0.21142312831 0.62229095
v -0.881460338241 -0.233333214577 0.62179999
v -0.881277006447 -0.247939977299 0.61063054
v -0.874310976402 -0.267293940796 0.61566293
v -0.888976305855 -0.222925912037 0.60608912
v -0.888976305855 -0.225847253019 0.60148632
v -0.891909441124 -0.217448390471 0.59571747
v -0.887693214553 -0.236437135757 0.58890533
v -0.885310074668 -0.250130997489 0.25701302
v -0.884760079285 -0.251409058874 0.2497713
v -0.886226560196 -0.24355793692 0.5835661
v -0.914090969453 0.0566107884051 0.58362746
v -0.919040696648 0.0483944482397 0.2497713
v -0.915190960221 0.0334225251223 0.59136017
v -0.914640964837 0.0273972629618 0.59952246
v -0.912441156746 0.02885796236 0.60952587
v -0.909508079293 0.0509506288252 0.61596978
v -0.907124939408 0.0359787057078 0.62566635
v -0.90565828505 0.0210068404055 0.63088284
v -0.902175385658 0.0281275837533 0.63775635
v -0.862578550956 -0.0646252381173 0.69102605
v -0.893926090866 -0.03230784931 0.65365134
v -0.882926934783 -0.0669988385049 0.66727562
v -0.877060722061 -0.068642118101 0.67476285
v -0.87486079834 -0.0626168559406 0.67795411
v -0.890809623802 -0.0648078183152 0.6560448
v -0.868444763679 -0.0591477165505 0.68537995
v -0.899792245773 0.000192177510377 0.64377066
v -0.900892063096 -0.0401589712644 0.64113173
v -0.895575845757 -0.0169707657968 0.65101241
v -0.865694960205 -0.0954820431567 0.68519583
v -0.869361249207 -0.10734998728 0.67961112
v -0.874677639991 -0.124878090983 0.67132609
v -0.871927836517 -0.145875334076 0.67052826
v -0.873577649223 -0.176001702693 0.66119993
v -0.880177189124 -0.174358480912 0.65156475
v -0.885126742874 -0.165229239758 0.64591864
v -0.887509882759 -0.170524181126 0.63947473
v -0.885310074668 -0.190791045613 0.63585386
v -0.890076296623 -0.191156263824 0.62480715
v -0.894475854989 -0.180931483666 0.61879283
v -0.894109364845 -0.188417445225 0.61504923
v -0.890259628418 -0.209962428912 0.61179658
v -0.899792245773 -0.168333160937 0.60805297
v -0.899425639999 -0.176001702693 0.60222276
v -0.89649250473 -0.191521366404 0.60062712
v -0.900342067712 -0.177279821894 0.59510377
v -0.899608971794 -0.184218042859 0.58792341
v -0.892276104714 -0.218178711262 0.58632778
v -0.893559427276 -0.217083230075 0.25412861
v -0.888426483917 -0.234976494174 0.57638573
v -0.891909441124 -0.22274333184 0.2497713
v -0.894109364845 -0.212153449102 0.57055552
v -0.91555762381 0.0326922043307 0.57871781
v -0.920323845765 0.0171725406197 0.2497713
v -0.916474282783 0.0149815204299 0.58092716
v -0.916107619194 0.00658265788177 0.59099194
v -0.915374292015 0.0162596396302 0.59645392
v -0.913907637658 0.0133382986489 0.60602774
v -0.912257824952 0.0169899604218 0.61198069
v -0.909508079293 0.00256577789802 0.62259781
v -0.907491602997 0.00274835809591 0.6276302
v -0.894475854989 -0.0584173957589 0.65058282
v -0.885126742874 -0.0949342447479 0.66144541
v -0.876144120903 -0.0951168827609 0.67310584
v -0.896125841141 -0.0907348423814 0.64395478
v -0.893192763687 -0.0901870439726 0.64892581
v -0.903458534775 -0.0127713056152 0.63616072
v -0.906208280434 -0.0158752267943 0.63026914
v -0.902725207597 -0.0341336512888 0.63732676
v -0.904741857338 -0.054948314184 0.63131243
v -0.900342067712 -0.0752151786703 0.63812459
v -0.898325649231 -0.0518443351896 0.64444575
v -0.882010333625 -0.136928673119 0.65819277
v -0.885126742874 -0.143501733688 0.65156475
v -0.888243152122 -0.14204103429 0.64677784
v -0.893926090866 -0.157195537605 0.63100559
v -0.896125841141 -0.160299458784 0.62437756
v -0.903825198365 -0.124878090983 0.61658349
v -0.905108520927 -0.129990452154 0.60878942
v -0.907491602997 -0.123052289004 0.60314332
v -0.907308271202 -0.13382475194 0.59571747
v -0.904375193748 -0.157378117803 0.58718696
v -0.903458534775 -0.16285563937 0.5841798
v -0.901808722069 -0.173445579923 0.56736425
v -0.898875644615 -0.194260185003 0.25228748
v -0.892642768303 -0.21963941066 0.2497713
v -0.919957182176 -0.0089370058293 0.2497713
v -0.92014051397 0.00220061750225 0.25695166
v -0.919224028442 0.00147029671071 0.35624932
v -0.916840772927 -0.0127713056152 0.56877577
v -0.916657441132 -0.023361188353 0.5835661
v -0.91555762381 -0.00546792425434 0.59731311
v -0.913541147514 -0.0208050077675 0.60829845
v -0.912257824952 -0.0211701681633 0.6136377
v -0.910791401855 0.00603491728811 0.6178109
v -0.908041598381 -0.0186139875778 0.62597319
v -0.890809623802 -0.10734998728 0.649785
v -0.902175385658 -0.0801449596435 0.6334604
v -0.897408990258 -0.109175847074 0.63757224
v -0.910241406471 -0.0350466100934 0.61879283
v -0.909508079293 -0.0551308943819 0.61830187
v -0.907124939408 -0.0755803390661 0.62222959
v -0.898142317436 -0.119400569416 0.63290808
v -0.901258726685 -0.111001706868 0.62836665
v -0.900892063096 -0.12122642921 0.62603456
v -0.902175385658 -0.127982012162 0.62026572
v -0.904558525543 -0.103880905705 0.62198411
v -0.906574944024 -0.100046605919 0.61713582
v -0.907124939408 -0.112644928649 0.61026232
v -0.910608070061 -0.102602786504 0.59817231
v -0.911707829568 -0.103515745309 0.58565269
v -0.908774752114 -0.129260131362 0.58473214
v -0.908224930176 -0.14423205448 0.25376037
v -0.903825198365 -0.161029837391 0.57712218
v -0.905291852722 -0.161577577985 0.2497713
v -0.899792245773 -0.188782663436 0.2497713
v -0.919040696648 -0.0271954881389 0.2497713
v -0.918857364853 -0.0370549922701 0.25222611
v -0.918490701264 -0.0302994093181 0.35753809
v -0.91555762381 -0.0514791747939 0.58454803
v -0.91555762381 -0.0348640298955 0.59307854
v -0.914457633042 -0.0281083891283 0.60308196
v -0.911341223794 -0.061703897136 0.61087602
v -0.903825198365 -0.0901870439726 0.62732336
v -0.908408088525 -0.0814230210287 0.61731994
v -0.910424738266 -0.0821533418202 0.60891216
v -0.912441156746 -0.0768584004513 0.60179317
v -0.914090969453 -0.072111199676 0.59178976
v -0.913907637658 -0.0810578606329 0.58620504
v -0.909691411087 -0.122321910397 0.57908604
v -0.915924287399 -0.0766758202534 0.25689027
v -0.915007628426 -0.0859876416061 0.2497713
v -0.911707829568 -0.115931487841 0.2497713
v -0.910241406471 -0.127616851766 0.2497713
v -0.917390710496 -0.0545830959731 0.2497713
v -0.916107619194 -0.0732067386784 0.2497713
v -0.914824296631 -0.0481926734168 0.59479692
v -0.913724479309 -0.0556786349755 0.60136358
v -0.912624488541 -0.0604258357508 0.60529129
f 1 2 3
f 1 3 4
f 1 4 5
f 1 5 6
f 1 6 7
f 1 7 8
f 1 8 9
f 1 9 10
f 1 10 11
f 1 11 12
f 1 12 13
f 1 13 2
f 2 14 15
f 2 15 3
f 2 13 16
f 2 16 17
f 2 17 14
f 3 15 18
f 3 18 4
f 4 19 20
f 4 20 21
f 4 21 22
f 4 22 23
f 4 23 24
f 4 24 5
f 4 18 19
f 5 24 6
f 6 24 25
f 6 25 7
f 7 26 27
f 7 27 28
f 7 28 8
f 7 25 26
f 8 28 10
f 8 10 9
f 10 29 30
f 10 30 11
f 10 28 27
f 10 27 29
f 11 30 31
f 11 31 32
f 11 32 12
f 12 32 13
f 13 32 31
f 13 31 30
f 13 30 53
f 13 53 80
f 13 80 111
f 13 111 110
f 13 110 109
f 13 109 148
f 13 148 194
f 13 194 193
f 13 193 192
f 13 192 190
f 13 190 189
f 13 189 236
f 13 236 284
f 13 284 345
f 13 345 405
f 13 405 403
f 13 403 465
f 13 465 539
f 13 539 538
f 13 538 537
f 13 537 614
f 13 614 695
f 13 695 694
f 13 694 693
f 13 693 795
f 13 795 792
f 13 792 791
f 13 791 790
f 13 790 788
f 13 788 891
f 13 891 895
f 13 895 1007
f 13 1007 1112
f 13 1112 1111
f 13 1111 1231
f 13 1231 1354
f 13 1354 1472
f 13 1472 1475
f 13 1475 1474
f 13 1474 1616
f 13 1616 1757
f 13 1757 1861
f 13 1861 1970
f 13 1970 2062
f 13 2062 2061
f 13 2061 2060
f 13 2060 2163
f 13 2163 2272
f 13 2272 2374
f 13 2374 2373
f 13 2373 2372
f 13 2372 2476
f 13 2476 2573
f 13 2573 2679
f 13 2679 2683
f 13 2683 2682
f 13 2682 2681
f 13 2681 2693
f 13 2693 2792
f 13 2792 2791
f 13 2791 2892
f 13 2892 2998
f 13 2998 2997
f 13 2997 3090
f 13 3090 3089
f 13 3089 3088
f 13 3088 3195
f 13 3195 3293
f 13 3293 3391
f 13 3391 3492
f 13 3492 3491
f 13 3491 3582
f 13 3582 3685
f 13 3685 3770
f 13 3770 3873
f 13 3873 3786
f 13 3786 3785
f 13 3785 3784
f 13 3784 3888
f 13 3888 3887
f 13 3887 3979
f 13 3979 4072
f 13 4072 4161
f 13 4161 4160
f 13 4160 4250
f 13 4250 4343
f 13 4343 4437
f 13 4437 4527
f 13 4527 4619
f 13 4619 4707
f 13 4707 4706
f 13 4706 4705
f 13 4705 4802
f 13 4802 4892
f 13 4892 4992
f 13 4992 5083
f 13 5083 5180
f 13 5180 5172
f 13 5172 5273
f 13 5273 5371
f 13 5371 5462
f 13 5462 5460
f 13 5460 5459
f 13 5459 5558
f 13 5558 5658
f 13 5658 5747
f 13 5747 5831
f 13 5831 5913
f 13 5913 5992
f 13 5992 6065
f 13 6065 6118
f 13 6118 6117
f 13 6117 6116
f 13 6116 6115
f 13 6115 6167
f 13 6167 6209
f 13 6209 6244
f 13 6244 6274
f 13 6274 6273
f 13 6273 6292
f 13 6292 6291
f 13 6291 6290
f 13 6290 6294
f 13 6294 6293
f 13 6293 6275
f 13 6275 6245
f 13 6245 6212
f 13 6212 6170
f 13 6170 6127
f 13 6127 6069
f 13 6069 5996
f 13 5996 5921
f 13 5921 5920
f 13 5920 5842
f 13 5842 5756
f 13 5756 5667
f 13 5667 5568
f 13 5568 5567
f 13 5567 5471
f 13 5471 5475
f 13 5475 5382
f 13 5382 5381
f 13 5381 5380
f 13 5380 5281
f 13 5281 5187
f 13 5187 5278
f 13 5278 5181
f 13 5181 5087
f 13 5087 4999
f 13 4999 4998
f 13 4998 4897
f 13 4897 4806
f 13 4806 4712
f 13 4712 4711
f 13 4711 4626
f 13 4626 4533
f 13 4533 4443
f 13 4443 4352
f 13 4352 4351
f 13 4351 4259
f 13 4259 4170
f 13 4170 4169
f 13 4169 4163
f 13 4163 4076
f 13 4076 3984
f 13 3984 3893
f 13 3893 3791
f 13 3791 3694
f 13 3694 3689
f 13 3689 3589
f 13 3589 3499
f 13 3499 3498
f 13 3498 3497
f 13 3497 3403
f 13 3403 3301
f 13 3301 3201
f 13 3201 3098
f 13 3098 3004
f 13 3004 2896
f 13 2896 2802
f 13 2802 2801
f 13 2801 2710
f 13 2710 2599
f 13 2599 2497
f 13 2497 2496
f 13 2496 2395
f 13 2395 2290
f 13 2290 2391
f 13 2391 2285
f 13 2285 2176
f 13 2176 2175
f 13 2175 2077
f 13 2077 1979
f 13 1979 1978
f 13 1978 1877
f 13 1877 1876
f 13 1876 1870
f 13 1870 1764
f 13 1764 1624
f 13 1624 1623
f 13 1623 1484
f 13 1484 1483
f 13 1483 1361
f 13 1361 1238
f 13 1238 1121
f 13 1121 1120
f 13 1120 1013
f 13 1013 903
f 13 903 801
f 13 801 711
f 13 711 710
f 13 710 709
f 13 709 708
f 13 708 707
f 13 707 706
f 13 706 705
f 13 705 704
f 13 704 703
f 13 703 702
f 13 702 701
f 13 701 700
f 13 700 699
f 13 699 698
f 13 698 696
f 13 696 618
f 13 618 617
f 13 617 616
f 13 616 542
f 13 542 467
f 13 467 408
f 13 408 407
f 13 407 406
f 13 406 346
f 13 346 285
f 13 285 243
f 13 243 200
f 13 200 199
f 13 199 153
f 13 153 152
f 13 152 155
f 13 155 149
f 13 149 113
f 13 113 82
f 13 82 65
f 13 65 64
f 13 64 40
f 13 40 39
f 13 39 33
f 13 33 16
f 14 34 35
f 14 35 36
f 14 36 37
f 14 37 15
f 14 17 34
f 15 37 38
f 15 38 18
f 16 33 17
f 17 33 39
f 17 39 40
f 17 40 41
f 17 41 34
f 18 38 19
f 19 42 43
f 19 43 20
f 19 38 42
f 20 43 44
f 20 44 21
f 21 44 45
f 21 45 22
f 22 46 23
f 22 45 46
f 23 46 47
f 23 47 48
f 23 48 24
f 24 48 25
f 25 48 49
f 25 49 50
f 25 50 26
f 26 50 51
f 26 51 27
f 27 51 29
f 29 52 53
f 29 53 30
f 29 51 52
f 34 54 55
f 34 55 35
f 34 41 56
f 34 56 57
f 34 57 58
f 34 58 54
f 35 59 36
f 35 55 59
f 36 38 37
f 36 59 60
f 36 60 61
f 36 61 62
f 36 62 38
f 38 62 63
f 38 63 42
f 40 64 41
f 41 64 65
f 41 65 56
f 42 66 43
f 42 63 66
f 43 66 67
f 43 67 68
f 43 68 44
f 44 67 69
f 44 69 70
f 44 70 71
f 44 71 45
f 44 68 67
f 45 71 72
f 45 72 46
f 46 73 47
f 46 72 74
f 46 74 73
f 47 73 75
f 47 75 48
f 48 75 49
f 49 76 50
f 49 75 77
f 49 77 76
f 50 76 78
f 50 78 79
f 50 79 52
f 50 52 51
f 52 79 80
f 52 80 53
f 54 58 55
f 55 58 81
f 55 81 59
f 56 65 57
f 57 65 58
f 58 65 82
f 58 82 81
f 59 83 84
f 59 84 85
f 59 85 60
f 59 81 83
f 60 86 87
f 60 87 61
f 60 85 84
f 60 84 86
f 61 87 62
f 62 87 88
f 62 88 66
f 62 66 63
f 66 88 89
f 66 89 67
f 67 89 90
f 67 90 69
f 69 90 91
f 69 91 70
f 70 72 71
f 70 91 92
f 70 92 93
f 70 93 94
f 70 94 72
f 72 94 95
f 72 95 96
f 72 96 97
f 72 97 98
f 72 98 74
f 73 99 75
f 73 74 100
f 73 100 99
f 74 98 100
f 75 99 77
f 76 101 102
f 76 102 78
f 76 77 103
f 76 103 104
f 76 104 101
f 77 99 103
f 78 102 105
f 78 105 106
f 78 106 107
f 78 107 79
f 79 107 108
f 79 108 109
f 79 109 110
f 79 110 111
f 79 111 80
f 81 82 112
f 81 112 83
f 82 113 112
f 83 114 115
f 83 115 84
f 83 112 113
f 83 113 116
f 83 116 117
f 83 117 114
f 84 115 118
f 84 118 119
f 84 119 86
f 86 119 120
f 86 120 121
f 86 121 88
f 86 88 87
f 88 121 89
f 89 122 123
f 89 123 124
f 89 124 125
f 89 125 90
f 89 121 122
f 90 125 126
f 90 126 91
f 91 126 127
f 91 127 128
f 91 128 129
f 91 129 92
f 92 129 93
f 93 129 95
f 93 95 94
f 95 97 96
f 95 129 130
f 95 130 131
f 95 131 97
f 97 131 132
f 97 132 133
f 97 133 98
f 98 133 134
f 98 134 135
f 98 135 136
f 98 136 137
f 98 137 100
f 99 100 138
f 99 138 103
f 100 137 139
f 100 139 138
f 101 104 140
f 101 140 102
f 102 141 105
f 102 140 142
f 102 142 141
f 103 138 139
f 103 139 143
f 103 143 144
f 103 144 104
f 104 144 142
f 104 142 140
f 105 141 145
f 105 145 107
f 105 107 106
f 107 146 147
f 107 147 108
f 107 145 146
f 108 147 109
f 109 147 148
f 113 149 116
f 114 150 151
f 114 151 115
f 114 117 152
f 114 152 153
f 114 153 150
f 115 151 154
f 115 154 118
f 116 149 155
f 116 155 117
f 117 155 152
f 118 154 156
f 118 156 157
f 118 157 119
f 119 157 158
f 119 158 120
f 120 158 159
f 120 159 160
f 120 160 122
f 120 122 121
f 122 161 123
f 122 160 161
f 123 161 162
f 123 162 163
f 123 163 124
f 124 163 125
f 125 163 164
f 125 164 165
f 125 165 126
f 126 165 127
f 127 165 166
f 127 166 167
f 127 167 129
f 127 129 128
f 129 167 130
f 130 167 168
f 130 168 169
f 130 169 131
f 131 169 170
f 131 170 132
f 132 170 171
f 132 171 133
f 133 171 134
f 134 171 172
f 134 172 173
f 134 173 174
f 134 174 175
f 134 175 135
f 135 176 136
f 135 175 176
f 136 177 137
f 136 176 178
f 136 178 179
f 136 179 177
f 137 177 143
f 137 143 139
f 141 180 181
f 141 181 145
f 141 142 182
f 141 182 180
f 142 183 182
f 142 144 183
f 143 184 185
f 143 185 144
f 143 177 184
f 144 185 186
f 144 186 183
f 145 181 187
f 145 187 146
f 146 188 189
f 146 189 190
f 146 190 191
f 146 191 192
f 146 192 193
f 146 193 194
f 146 194 147
f 146 187 195
f 146 195 188
f 147 194 148
f 150 153 151
f 151 196 197
f 151 197 198
f 151 198 154
f 151 153 199
f 151 199 200
f 151 200 196
f 154 198 201
f 154 201 156
f 156 202 203
f 156 203 204
f 156 204 205
f 156 205 157
f 156 201 202
f 157 205 158
f 158 205 159
f 159 205 160
f 160 205 206
f 160 206 161
f 161 206 207
f 161 207 162
f 162 208 164
f 162 164 163
f 162 207 208
f 164 208 209
f 164 209 210
f 164 210 165
f 165 210 211
f 165 211 212
f 165 212 166
f 166 212 213
f 166 213 167
f 167 213 168
f 168 213 214
f 168 214 215
f 168 215 216
f 168 216 169
f 169 216 170
f 170 216 217
f 170 217 218
f 170 218 172
f 170 172 171
f 172 218 173
f 173 219 174
f 173 218 220
f 173 220 221
f 173 221 219
f 174 222 175
f 174 219 223
f 174 223 222
f 175 222 176
f 176 222 224
f 176 224 178
f 177 179 225
f 177 225 184
f 178 224 179
f 179 224 226
f 179 226 225
f 180 182 183
f 180 183 227
f 180 227 228
f 180 228 229
f 180 229 181
f 181 230 231
f 181 231 187
f 181 229 230
f 183 186 232
f 183 232 227
f 184 186 185
f 184 225 233
f 184 233 186
f 186 228 232
f 186 233 228
f 187 231 195
f 188 234 189
f 188 195 235
f 188 235 234
f 189 234 236
f 190 192 191
f 195 231 237
f 195 237 235
f 196 200 238
f 196 238 239
f 196 239 197
f 197 239 240
f 197 240 241
f 197 241 242
f 197 242 201
f 197 201 198
f 200 243 238
f 201 242 244
f 201 244 202
f 202 244 245
f 202 245 246
f 202 246 247
f 202 247 203
f 203 205 204
f 203 247 246
f 203 246 248
f 203 248 249
f 203 249 205
f 205 249 206
f 206 249 250
f 206 250 207
f 207 250 251
f 207 251 208
f 208 252 209
f 208 251 252
f 209 253 254
f 209 254 255
f 209 255 210
f 209 252 253
f 210 255 211
f 211 255 256
f 211 256 257
f 211 257 258
f 211 258 212
f 212 258 259
f 212 259 260
f 212 260 214
f 212 214 213
f 214 260 261
f 214 261 262
f 214 262 215
f 215 262 263
f 215 263 216
f 216 263 264
f 216 264 217
f 217 264 265
f 217 265 218
f 218 265 220
f 219 221 223
f 220 265 221
f 221 265 266
f 221 266 267
f 221 267 223
f 222 223 268
f 222 268 224
f 223 269 270
f 223 270 268
f 223 267 269
f 224 271 226
f 224 268 272
f 224 272 271
f 225 273 233
f 225 226 274
f 225 274 273
f 226 271 274
f 227 232 228
f 228 275 276
f 228 276 277
f 228 277 229
f 228 233 278
f 228 278 275
f 229 277 276
f 229 276 230
f 230 279 231
f 230 276 279
f 231 280 237
f 231 279 280
f 233 273 281
f 233 281 278
f 234 282 283
f 234 283 236
f 234 235 280
f 234 280 282
f 235 237 280
f 236 283 284
f 238 243 239
f 239 243 285
f 239 285 240
f 240 286 287
f 240 287 241
f 240 285 286
f 241 288 289
f 241 289 242
f 241 287 288
f 242 289 244
f 244 290 245
f 244 289 290
f 245 290 291
f 245 291 292
f 245 292 293
f 245 293 294
f 245 294 295
f 245 295 296
f 245 296 246
f 246 296 297
f 246 297 248
f 248 297 298
f 248 298 250
f 248 250 249
f 250 298 299
f 250 299 300
f 250 300 301
f 250 301 251
f 251 301 252
f 252 301 302
f 252 302 253
f 253 302 303
f 253 303 304
f 253 304 254
f 254 305 306
f 254 306 256
f 254 256 255
f 254 304 305
f 256 306 307
f 256 307 308
f 256 308 257
f 257 308 258
f 258 308 309
f 258 309 259
f 259 309 310
f 259 310 311
f 259 311 261
f 259 261 260
f 261 311 312
f 261 312 313
f 261 313 262
f 262 313 314
f 262 314 315
f 262 315 263
f 263 315 316
f 263 316 317
f 263 317 264
f 264 317 265
f 265 317 318
f 265 318 319
f 265 319 266
f 266 319 320
f 266 320 321
f 266 321 267
f 267 321 322
f 267 322 269
f 268 323 272
f 268 270 324
f 268 324 325
f 268 325 323
f 269 324 270
f 269 322 326
f 269 326 324
f 271 272 327
f 271 327 328
f 271 328 274
f 272 323 329
f 272 329 330
f 272 330 327
f 273 274 331
f 273 331 281
f 274 328 331
f 275 332 333
f 275 333 276
f 275 278 332
f 276 333 334
f 276 334 279
f 278 281 331
f 278 331 332
f 279 335 336
f 279 336 337
f 279 337 338
f 279 338 280
f 279 334 339
f 279 339 340
f 279 340 335
f 280 338 341
f 280 341 342
f 280 342 282
f 282 342 283
f 283 342 343
f 283 343 344
f 283 344 284
f 284 344 345
f 285 346 347
f 285 347 286
f 286 348 287
f 286 347 348
f 287 348 288
f 288 291 289
f 288 348 291
f 289 291 290
f 291 348 292
f 292 348 349
f 292 349 350
f 292 350 293
f 293 351 352
f 293 352 294
f 293 350 353
f 293 353 354
f 293 354 351
f 294 352 295
f 295 352 355
f 295 355 356
f 295 356 296
f 296 356 357
f 296 357 297
f 297 357 358
f 297 358 298
f 298 358 299
f 299 358 359
f 299 359 301
f 299 301 300
f 301 359 360
f 301 360 361
f 301 361 302
f 302 361 303
f 303 361 304
f 304 361 360
f 304 360 362
f 304 362 363
f 304 363 305
f 305 363 364
f 305 364 365
f 305 365 306
f 306 365 307
f 307 365 366
f 307 366 367
f 307 367 368
f 307 368 308
f 308 368 309
f 309 368 310
f 310 368 367
f 310 367 369
f 310 369 312
f 310 312 311
f 312 369 370
f 312 370 371
f 312 371 313
f 313 371 314
f 314 371 316
f 314 316 315
f 316 371 372
f 316 372 318
f 316 318 317
f 318 372 373
f 318 373 374
f 318 374 375
f 318 375 376
f 318 376 319
f 319 376 320
f 320 376 375
f 320 375 377
f 320 377 378
f 320 378 321
f 321 378 379
f 321 379 380
f 321 380 322
f 322 380 326
f 323 325 381
f 323 381 382
f 323 382 329
f 324 383 381
f 324 381 325
f 324 326 384
f 324 384 383
f 326 380 385
f 326 385 384
f 327 330 328
f 328 386 331
f 328 330 386
f 329 387 330
f 329 382 388
f 329 388 387
f 330 389 386
f 330 387 389
f 331 386 390
f 331 390 391
f 331 391 332
f 332 339 333
f 332 391 392
f 332 392 339
f 333 339 334
f 335 393 336
f 335 340 394
f 335 394 393
f 336 393 395
f 336 395 396
f 336 396 337
f 337 396 397
f 337 397 398
f 337 398 341
f 337 341 338
f 339 399 340
f 339 392 399
f 340 399 394
f 341 398 342
f 342 398 343
f 343 398 397
f 343 397 395
f 343 395 400
f 343 400 401
f 343 401 402
f 343 402 403
f 343 403 404
f 343 404 405
f 343 405 345
f 343 345 344
f 346 406 347
f 347 406 407
f 347 407 408
f 347 408 409
f 347 409 348
f 348 410 349
f 348 409 410
f 349 410 411
f 349 411 350
f 350 411 353
f 351 354 411
f 351 411 412
f 351 412 413
f 351 413 414
f 351 414 352
f 352 414 415
f 352 415 355
f 353 411 354
f 355 415 356
f 356 415 416
f 356 416 417
f 356 417 418
f 356 418 419
f 356 419 357
f 357 419 420
f 357 420 421
f 357 421 358
f 358 421 420
f 358 420 422
f 358 422 359
f 359 422 362
f 359 362 360
f 362 422 423
f 362 423 363
f 363 423 424
f 363 424 364
f 364 424 365
f 365 425 426
f 365 426 366
f 365 424 427
f 365 427 425
f 366 426 428
f 366 428 429
f 366 429 367
f 367 429 430
f 367 430 431
f 367 431 369
f 369 431 432
f 369 432 433
f 369 433 370
f 370 433 434
f 370 434 435
f 370 435 371
f 371 435 436
f 371 436 372
f 372 436 437
f 372 437 373
f 373 437 438
f 373 438 374
f 374 377 375
f 374 438 439
f 374 439 440
f 374 440 377
f 377 440 378
f 378 440 441
f 378 441 379
f 379 442 380
f 379 441 443
f 379 443 444
f 379 444 442
f 380 442 385
f 381 383 445
f 381 445 388
f 381 388 382
f 383 384 446
f 383 446 445
f 384 385 446
f 385 447 448
f 385 448 446
f 385 442 449
f 385 449 450
f 385 450 447
f 386 389 451
f 386 451 390
f 387 388 452
f 387 452 451
f 387 451 389
f 388 453 452
f 388 445 454
f 388 454 453
f 390 455 391
f 390 451 455
f 391 455 392
f 392 455 456
f 392 456 457
f 392 457 399
f 393 458 459
f 393 459 460
f 393 460 395
f 393 394 461
f 393 461 458
f 394 399 462
f 394 462 463
f 394 463 461
f 395 397 396
f 395 460 400
f 399 457 462
f 400 460 401
f 401 464 402
f 401 460 464
f 402 464 403
f 403 405 466
f 403 466 404
f 403 464 465
f 404 466 405
f 408 467 468
f 408 468 410
f 408 410 409
f 410 469 470
f 410 470 411
f 410 468 471
f 410 471 469
f 411 470 472
f 411 472 473
f 411 473 474
f 411 474 412
f 412 475 476
f 412 476 477
f 412 477 413
f 412 474 478
f 412 478 475
f 413 477 414
f 414 477 479
f 414 479 480
f 414 480 415
f 415 480 416
f 416 480 481
f 416 481 417
f 417 419 418
f 417 481 482
f 417 482 483
f 417 483 484
f 417 484 485
f 417 485 486
f 417 486 419
f 419 486 487
f 419 487 488
f 419 488 420
f 420 488 489
f 420 489 422
f 422 489 490
f 422 490 423
f 423 490 491
f 423 491 424
f 424 491 492
f 424 492 427
f 425 427 492
f 425 492 493
f 425 493 494
f 425 494 426
f 426 494 495
f 426 495 428
f 428 430 429
f 428 495 496
f 428 496 497
f 428 497 431
f 428 431 430
f 431 497 498
f 431 498 432
f 432 498 499
f 432 499 433
f 433 499 434
f 434 499 500
f 434 500 501
f 434 501 435
f 435 501 436
f 436 501 502
f 436 502 503
f 436 503 437
f 437 503 504
f 437 504 438
f 438 504 439
f 439 504 505
f 439 505 506
f 439 506 507
f 439 507 440
f 440 507 508
f 440 508 441
f 441 508 443
f 442 444 509
f 442 509 449
f 443 508 510
f 443 510 511
f 443 511 444
f 444 511 509
f 445 446 448
f 445 448 512
f 445 512 454
f 447 450 513
f 447 513 448
f 448 514 512
f 448 513 514
f 449 509 515
f 449 515 450
f 450 515 516
f 450 516 517
f 450 517 513
f 451 518 519
f 451 519 520
f 451 520 455
f 451 452 518
f 452 521 518
f 452 453 521
f 453 522 521
f 453 454 523
f 453 523 522
f 454 512 524
f 454 524 525
f 454 525 523
f 455 520 519
f 455 519 456
f 456 519 526
f 456 526 527
f 456 527 528
f 456 528 457
f 457 529 530
f 457 530 462
f 457 528 531
f 457 531 529
f 458 532 533
f 458 533 459
f 458 461 534
f 458 534 532
f 459 533 460
f 460 533 464
f 461 463 530
f 461 530 534
f 462 530 463
f 464 535 536
f 464 536 537
f 464 537 538
f 464 538 539
f 464 539 465
f 464 533 540
f 464 540 541
f 464 541 535
f 467 542 471
f 467 471 468
f 469 543 470
f 469 471 544
f 469 544 543
f 470 543 472
f 471 542 544
f 472 474 473
f 472 543 544
f 472 544 474
f 474 545 478
f 474 544 545
f 475 546 476
f 475 478 545
f 475 545 547
f 475 547 546
f 476 546 548
f 476 548 549
f 476 549 550
f 476 550 479
f 476 479 477
f 479 551 552
f 479 552 553
f 479 553 554
f 479 554 480
f 479 550 549
f 479 549 551
f 480 554 482
f 480 482 481
f 482 555 483
f 482 554 553
f 482 553 555
f 483 555 556
f 483 556 557
f 483 557 484
f 484 557 558
f 484 558 485
f 485 558 559
f 485 559 487
f 485 487 486
f 487 559 560
f 487 560 561
f 487 561 489
f 487 489 488
f 489 561 562
f 489 562 490
f 490 562 491
f 491 562 492
f 492 562 493
f 493 562 563
f 493 563 564
f 493 564 565
f 493 565 494
f 494 565 566
f 494 566 496
f 494 496 495
f 496 566 567
f 496 567 568
f 496 568 569
f 496 569 497
f 497 569 498
f 498 569 570
f 498 570 571
f 498 571 572
f 498 572 499
f 499 572 500
f 500 572 573
f 500 573 574
f 500 574 501
f 501 574 575
f 501 575 502
f 502 575 576
f 502 576 503
f 503 576 505
f 503 505 504
f 505 576 577
f 505 577 506
f 506 577 507
f 507 577 578
f 507 578 579
f 507 579 508
f 508 579 580
f 508 580 510
f 509 511 581
f 509 581 582
f 509 582 515
f 510 580 583
f 510 583 584
f 510 584 511
f 511 584 585
f 511 585 581
f 512 514 586
f 512 586 524
f 513 587 514
f 513 517 587
f 514 587 586
f 515 582 516
f 516 588 589
f 516 589 590
f 516 590 517
f 516 582 591
f 516 591 588
f 517 590 587
f 518 521 519
f 519 521 592
f 519 592 526
f 521 522 592
f 522 593 592
f 522 523 594
f 522 594 593
f 523 525 594
f 524 586 525
f 525 595 594
f 525 586 596
f 525 596 597
f 525 597 595
f 526 592 598
f 526 598 527
f 527 598 599
f 527 599 600
f 527 600 531
f 527 531 528
f 529 601 602
f 529 602 530
f 529 531 603
f 529 603 601
f 530 602 604
f 530 604 534
f 531 600 605
f 531 605 603
f 532 606 533
f 532 534 606
f 533 606 607
f 533 607 540
f 534 604 608
f 534 608 609
f 534 609 606
f 535 541 610
f 535 610 536
f 536 611 612
f 536 612 613
f 536 613 614
f 536 614 537
f 536 610 615
f 536 615 611
f 540 607 541
f 541 607 610
f 542 616 544
f 544 616 617
f 544 617 618
f 544 618 619
f 544 619 620
f 544 620 621
f 544 621 622
f 544 622 623
f 544 623 624
f 544 624 625
f 544 625 545
f 545 625 547
f 546 547 624
f 546 624 626
f 546 626 548
f 547 625 624
f 548 626 627
f 548 627 549
f 549 627 628
f 549 628 629
f 549 629 551
f 551 553 552
f 551 629 628
f 551 628 630
f 551 630 631
f 551 631 553
f 553 631 555
f 555 632 556
f 555 631 632
f 556 633 634
f 556 634 557
f 556 632 633
f 557 634 635
f 557 635 558
f 558 635 636
f 558 636 559
f 559 636 560
f 560 636 637
f 560 637 638
f 560 638 561
f 561 638 639
f 561 639 562
f 562 639 563
f 563 640 564
f 563 639 638
f 563 638 640
f 564 641 642
f 564 642 565
f 564 640 641
f 565 642 566
f 566 642 643
f 566 643 644
f 566 644 567
f 567 644 645
f 567 645 646
f 567 646 568
f 568 646 647
f 568 647 648
f 568 648 570
f 568 570 569
f 570 648 571
f 571 649 572
f 571 648 650
f 571 650 651
f 571 651 649
f 572 649 573
f 573 649 652
f 573 652 653
f 573 653 574
f 574 653 654
f 574 654 576
f 574 576 575
f 576 654 655
f 576 655 656
f 576 656 577
f 577 656 578
f 578 656 657
f 578 657 658
f 578 658 579
f 579 583 580
f 579 658 659
f 579 659 583
f 581 660 582
f 581 585 661
f 581 661 660
f 582 660 591
f 583 659 662
f 583 662 663
f 583 663 584
f 584 663 585
f 585 663 664
f 585 664 661
f 586 587 665
f 586 665 596
f 587 590 666
f 587 666 665
f 588 591 667
f 588 667 589
f 589 666 590
f 589 667 668
f 589 668 666
f 591 660 669
f 591 669 667
f 592 593 598
f 593 594 670
f 593 670 671
f 593 671 598
f 594 595 670
f 595 672 670
f 595 597 673
f 595 673 672
f 596 665 597
f 597 665 674
f 597 674 675
f 597 675 673
f 598 671 599
f 599 671 676
f 599 676 605
f 599 605 600
f 601 603 677
f 601 677 678
f 601 678 679
f 601 679 609
f 601 609 608
f 601 608 604
f 601 604 602
f 603 605 677
f 605 680 678
f 605 678 677
f 605 676 681
f 605 681 680
f 606 682 607
f 606 609 682
f 607 682 610
f 609 679 683
f 609 683 684
f 609 684 682
f 610 682 685
f 610 685 686
f 610 686 615
f 611 687 688
f 611 688 612
f 611 615 689
f 611 689 690
f 611 690 691
f 611 691 687
f 612 688 692
f 612 692 613
f 613 692 693
f 613 693 694
f 613 694 695
f 613 695 614
f 615 686 689
f 618 696 619
f 619 697 620
f 619 696 698
f 619 698 699
f 619 699 700
f 619 700 701
f 619 701 702
f 619 702 703
f 619 703 704
f 619 704 705
f 619 705 706
f 619 706 707
f 619 707 708
f 619 708 709
f 619 709 710
f 619 710 711
f 619 711 697
f 620 697 712
f 620 712 713
f 620 713 714
f 620 714 715
f 620 715 716
f 620 716 717
f 620 717 718
f 620 718 719
f 620 719 621
f 621 719 720
f 621 720 622
f 622 720 627
f 622 627 626
f 622 626 623
f 623 626 624
f 627 720 721
f 627 721 722
f 627 722 723
f 627 723 628
f 628 723 724
f 628 724 725
f 628 725 630
f 630 726 727
f 630 727 632
f 630 632 631
f 630 725 724
f 630 724 726
f 632 727 633
f 633 728 729
f 633 729 634
f 633 727 728
f 634 729 635
f 635 730 731
f 635 731 732
f 635 732 636
f 635 729 730
f 636 732 733
f 636 733 637
f 637 733 734
f 637 734 638
f 638 734 640
f 640 734 735
f 640 735 641
f 641 735 736
f 641 736 642
f 642 736 737
f 642 737 643
f 643 737 645
f 643 645 644
f 645 738 739
f 645 739 646
f 645 737 740
f 645 740 738
f 646 739 647
f 647 741 648
f 647 739 742
f 647 742 741
f 648 741 743
f 648 743 650
f 649 651 652
f 650 743 744
f 650 744 745
f 650 745 746
f 650 746 651
f 651 746 747
f 651 747 652
f 652 747 653
f 653 747 748
f 653 748 654
f 654 748 749
f 654 749 655
f 655 749 656
f 656 749 657
f 657 749 750
f 657 750 751
f 657 751 752
f 657 752 753
f 657 753 658
f 658 753 659
f 659 753 754
f 659 754 662
f 660 661 755
f 660 755 756
f 660 756 669
f 661 664 755
f 662 754 757
f 662 757 663
f 663 757 758
f 663 758 664
f 664 758 759
f 664 759 760
f 664 760 755
f 665 666 761
f 665 761 674
f 666 668 762
f 666 762 761
f 667 669 763
f 667 763 668
f 668 763 764
f 668 764 765
f 668 765 766
f 668 766 762
f 669 756 767
f 669 767 763
f 670 672 768
f 670 768 671
f 671 769 676
f 671 768 769
f 672 770 768
f 672 673 771
f 672 771 770
f 673 675 771
f 674 761 772
f 674 772 773
f 674 773 675
f 675 773 774
f 675 774 775
f 675 775 776
f 675 776 771
f 676 769 681
f 678 680 777
f 678 777 778
f 678 778 779
f 678 779 679
f 679 779 780
f 679 780 683
f 680 681 777
f 681 781 777
f 681 769 782
f 681 782 781
f 682 684 685
f 683 780 684
f 684 780 783
f 684 783 784
f 684 784 685
f 685 785 686
f 685 784 785
f 686 785 689
f 687 786 787
f 687 787 788
f 687 788 789
f 687 789 790
f 687 790 791
f 687 791 792
f 687 792 688
f 687 691 793
f 687 793 794
f 687 794 786
f 688 792 795
f 688 795 692
f 689 785 690
f 690 796 691
f 690 785 797
f 690 797 798
f 690 798 799
f 690 799 796
f 691 796 800
f 691 800 793
f 692 795 693
f 697 711 801
f 697 801 802
f 697 802 803
f 697 803 804
f 697 804 805
f 697 805 806
f 697 806 807
f 697 807 808
f 697 808 809
f 697 809 810
f 697 810 712
f 712 810 811
f 712 811 812
f 712 812 713
f 713 812 813
f 713 813 814
f 713 814 714
f 714 814 715
f 715 814 815
f 715 815 717
f 715 717 716
f 717 815 718
f 718 815 816
f 718 816 817
f 718 817 722
f 718 722 720
f 718 720 719
f 720 722 721
f 722 817 723
f 723 817 724
f 724 818 819
f 724 819 820
f 724 820 726
f 724 817 816
f 724 816 818
f 726 821 822
f 726 822 727
f 726 820 821
f 727 822 823
f 727 823 728
f 728 823 824
f 728 824 825
f 728 825 826
f 728 826 730
f 728 730 729
f 730 826 827
f 730 827 731
f 731 827 828
f 731 828 829
f 731 829 830
f 731 830 732
f 732 830 733
f 733 830 831
f 733 831 734
f 734 831 735
f 735 831 832
f 735 832 833
f 735 833 736
f 736 833 834
f 736 834 835
f 736 835 737
f 737 835 740
f 738 740 836
f 738 836 837
f 738 837 838
f 738 838 839
f 738 839 739
f 739 839 840
f 739 840 742
f 740 835 836
f 741 742 841
f 741 841 743
f 742 840 842
f 742 842 843
f 742 843 844
f 742 844 845
f 742 845 846
f 742 846 841
f 743 841 744
f 744 847 745
f 744 841 846
f 744 846 848
f 744 848 847
f 745 847 746
f 746 847 849
f 746 849 850
f 746 850 747
f 747 850 851
f 747 851 852
f 747 852 748
f 748 852 853
f 748 853 749
f 749 853 854
f 749 854 750
f 750 854 855
f 750 855 751
f 751 855 856
f 751 856 752
f 752 856 857
f 752 857 753
f 753 857 754
f 754 857 858
f 754 858 859
f 754 859 860
f 754 860 757
f 755 760 756
f 756 760 861
f 756 861 862
f 756 862 767
f 757 863 864
f 757 864 758
f 757 860 863
f 758 864 760
f 758 760 759
f 760 864 865
f 760 865 866
f 760 866 861
f 761 762 772
f 762 867 772
f 762 766 867
f 763 767 868
f 763 868 764
f 764 868 869
f 764 869 870
f 764 870 871
f 764 871 765
f 765 872 873
f 765 873 766
f 765 871 872
f 766 873 867
f 767 862 868
f 768 770 874
f 768 874 782
f 768 782 769
f 770 771 875
f 770 875 876
f 770 876 874
f 771 776 877
f 771 877 875
f 772 867 773
f 773 867 775
f 773 775 774
f 775 878 877
f 775 877 776
f 775 867 879
f 775 879 880
f 775 880 878
f 777 781 881
f 777 881 882
f 777 882 778
f 778 882 883
f 778 883 884
f 778 884 885
f 778 885 886
f 778 886 779
f 779 886 780
f 780 886 887
f 780 887 888
f 780 888 783
f 781 782 889
f 781 889 890
f 781 890 881
f 782 874 889
f 783 888 784
f 784 888 785
f 785 888 797
f 786 794 787
f 787 891 788
f 787 794 891
f 788 790 789
f 793 892 893
f 793 893 794
f 793 800 892
f 794 894 895
f 794 895 891
f 794 893 800
f 794 800 896
f 794 896 897
f 794 897 894
f 796 898 800
f 796 799 898
f 797 888 799
f 797 799 798
f 799 888 887
f 799 887 899
f 799 899 900
f 799 900 901
f 799 901 898
f 800 898 902
f 800 902 896
f 800 893 892
f 801 903 802
f 802 903 904
f 802 904 905
f 802 905 906
f 802 906 907
f 802 907 803
f 803 907 908
f 803 908 804
f 804 908 909
f 804 909 910
f 804 910 911
f 804 911 805
f 805 912 806
f 805 911 913
f 805 913 914
f 805 914 912
f 806 912 915
f 806 915 807
f 807 915 916
f 807 916 809
f 807 809 808
f 809 916 917
f 809 917 918
f 809 918 810
f 810 918 811
f 811 918 919
f 811 919 920
f 811 920 812
f 812 920 921
f 812 921 813
f 813 921 922
f 813 922 923
f 813 923 814
f 814 923 815
f 815 923 816
f 816 923 924
f 816 924 925
f 816 925 818
f 818 925 819
f 819 925 924
f 819 924 926
f 819 926 927
f 819 927 928
f 819 928 821
f 819 821 820
f 821 928 822
f 822 929 930
f 822 930 931
f 822 931 824
f 822 824 823
f 822 928 929
f 824 931 932
f 824 932 825
f 825 932 933
f 825 933 934
f 825 934 935
f 825 935 936
f 825 936 827
f 825 827 826
f 827 936 937
f 827 937 828
f 828 937 829
f 829 937 938
f 829 938 939
f 829 939 940
f 829 940 830
f 830 940 941
f 830 941 831
f 831 941 832
f 832 942 834
f 832 834 833
f 832 941 942
f 834 943 835
f 834 942 944
f 834 944 945
f 834 945 943
f 835 943 836
f 836 943 837
f 837 946 947
f 837 947 838
f 837 943 945
f 837 945 948
f 837 948 946
f 838 947 949
f 838 949 842
f 838 842 840
f 838 840 839
f 842 949 950
f 842 950 843
f 843 951 952
f 843 952 953
f 843 953 954
f 843 954 955
f 843 955 956
f 843 956 957
f 843 957 958
f 843 958 845
f 843 845 844
f 843 950 951
f 845 958 846
f 846 958 959
f 846 959 848
f 847 848 960
f 847 960 849
f 848 959 961
f 848 961 960
f 849 851 850
f 849 960 962
f 849 962 851
f 851 963 852
f 851 962 964
f 851 964 965
f 851 965 963
f 852 963 853
f 853 963 854
f 854 963 966
f 854 966 967
f 854 967 855
f 855 967 968
f 855 968 969
f 855 969 856
f 856 969 970
f 856 970 857
f 857 970 971
f 857 971 972
f 857 972 973
f 857 973 858
f 858 973 972
f 858 972 859
f 859 972 860
f 860 974 864
f 860 864 863
f 860 972 975
f 860 975 976
f 860 976 974
f 861 866 862
f 862 866 977
f 862 977 978
f 862 978 979
f 862 979 870
f 862 870 869
f 862 869 868
f 864 974 865
f 865 974 976
f 865 976 980
f 865 980 981
f 865 981 866
f 866 981 977
f 867 873 879
f 870 979 982
f 870 982 983
f 870 983 871
f 871 983 984
f 871 984 872
f 872 985 873
f 872 984 985
f 873 986 879
f 873 985 987
f 873 987 986
f 874 988 989
f 874 989 890
f 874 890 889
f 874 876 990
f 874 990 988
f 875 877 991
f 875 991 876
f 876 991 990
f 877 878 992
f 877 992 991
f 878 880 993
f 878 993 992
f 879 986 880
f 880 986 994
f 880 994 993
f 881 890 882
f 882 890 995
f 882 995 996
f 882 996 883
f 883 996 997
f 883 997 998
f 883 998 884
f 884 999 1000
f 884 1000 899
f 884 899 885
f 884 998 999
f 885 899 887
f 885 887 886
f 890 989 988
f 890 988 1001
f 890 1001 1002
f 890 1002 995
f 894 1003 1004
f 894 1004 895
f 894 897 1005
f 894 1005 1006
f 894 1006 1003
f 895 1004 1007
f 896 902 1008
f 896 1008 897
f 897 1008 1009
f 897 1009 1006
f 897 1006 1005
f 898 901 902
f 899 1000 999
f 899 999 900
f 900 999 1010
f 900 1010 901
f 901 1008 902
f 901 1010 1011
f 901 1011 1012
f 901 1012 1008
f 903 1013 1014
f 903 1014 1015
f 903 1015 905
f 903 905 904
f 905 1015 906
f 906 1015 1016
f 906 1016 1017
f 906 1017 1018
f 906 1018 1019
f 906 1019 1020
f 906 1020 907
f 907 1020 1021
f 907 1021 909
f 907 909 908
f 909 1021 910
f 910 1021 1022
f 910 1022 1023
f 910 1023 1024
f 910 1024 911
f 911 1024 913
f 912 914 915
f 913 1025 1026
f 913 1026 1027
f 913 1027 1028
f 913 1028 914
f 913 1024 1025
f 914 1028 915
f 915 1028 1029
f 915 1029 917
f 915 917 916
f 917 1029 1030
f 917 1030 918
f 918 1030 919
f 919 1030 1031
f 919 1031 1032
f 919 1032 920
f 920 1032 1033
f 920 1033 921
f 921 1033 1034
f 921 1034 922
f 922 1034 1035
f 922 1035 926
f 922 926 924
f 922 924 923
f 926 1035 1036
f 926 1036 929
f 926 929 928
f 926 928 927
f 929 1036 1037
f 929 1037 931
f 929 931 930
f 931 1038 933
f 931 933 932
f 931 1037 1038
f 933 1039 1040
f 933 1040 934
f 933 1038 1039
f 934 1040 935
f 935 1040 1041
f 935 1041 1042
f 935 1042 936
f 936 1042 937
f 937 1042 1043
f 937 1043 938
f 938 1043 1044
f 938 1044 939
f 939 1044 1045
f 939 1045 1046
f 939 1046 940
f 940 1046 942
f 940 942 941
f 942 1046 944
f 944 1047 1048
f 944 1048 948
f 944 948 945
f 944 1046 1047
f 946 948 1048
f 946 1048 1049
f 946 1049 947
f 947 1049 1050
f 947 1050 1051
f 947 1051 950
f 947 950 949
f 950 1051 1052
f 950 1052 951
f 951 1052 1053
f 951 1053 953
f 951 953 952
f 953 1054 1055
f 953 1055 1056
f 953 1056 954
f 953 1053 1054
f 954 956 955
f 954 1056 1057
f 954 1057 1058
f 954 1058 956
f 956 1058 1059
f 956 1059 1060
f 956 1060 1061
f 956 1061 1062
f 956 1062 957
f 957 1062 958
f 958 1062 961
f 958 961 959
f 960 961 1063
f 960 1063 962
f 961 1062 1061
f 961 1061 1063
f 962 1063 1064
f 962 1064 1065
f 962 1065 964
f 963 965 1066
f 963 1066 966
f 964 1065 1067
f 964 1067 965
f 965 1067 1066
f 966 1066 967
f 967 1066 1067
f 967 1067 1068
f 967 1068 1069
f 967 1069 1070
f 967 1070 968
f 968 1070 969
f 969 971 970
f 969 1070 1071
f 969 1071 971
f 971 1071 972
f 972 1071 1072
f 972 1072 1073
f 972 1073 1074
f 972 1074 975
f 975 1074 1075
f 975 1075 1076
f 975 1076 976
f 976 1076 1077
f 976 1077 980
f 977 981 1078
f 977 1078 978
f 978 1078 1079
f 978 1079 1080
f 978 1080 1081
f 978 1081 1082
f 978 1082 979
f 979 1082 982
f 980 1078 981
f 980 1077 1083
f 980 1083 1084
f 980 1084 1078
f 982 1085 983
f 982 1082 1086
f 982 1086 1087
f 982 1087 1085
f 983 1085 984
f 984 1085 1088
f 984 1088 985
f 985 1088 1089
f 985 1089 987
f 986 987 1090
f 986 1090 1091
f 986 1091 994
f 987 1089 1092
f 987 1092 1090
f 988 990 1093
f 988 1093 1094
f 988 1094 1001
f 990 991 1093
f 991 992 1095
f 991 1095 1093
f 992 993 1096
f 992 1096 1097
f 992 1097 1095
f 993 994 1098
f 993 1098 1096
f 994 1091 1098
f 995 1099 996
f 995 1002 1099
f 996 1099 1100
f 996 1100 1101
f 996 1101 997
f 997 1101 1102
f 997 1102 1103
f 997 1103 998
f 998 1103 999
f 999 1103 1010
f 1001 1104 1002
f 1001 1094 1105
f 1001 1105 1104
f 1002 1104 1099
f 1003 1106 1107
f 1003 1107 1004
f 1003 1006 1108
f 1003 1108 1109
f 1003 1109 1106
f 1004 1110 1111
f 1004 1111 1112
f 1004 1112 1007
f 1004 1107 1113
f 1004 1113 1110
f 1006 1109 1108
f 1006 1009 1114
f 1006 1114 1115
f 1006 1115 1116
f 1006 1116 1109
f 1008 1012 1117
f 1008 1117 1009
f 1009 1117 1114
f 1010 1103 1011
f 1011 1103 1118
f 1011 1118 1119
f 1011 1119 1012
f 1012 1119 1117
f 1013 1120 1014
f 1014 1120 1121
f 1014 1121 1122
f 1014 1122 1123
f 1014 1123 1015
f 1015 1123 1016
f 1016 1123 1124
f 1016 1124 1125
f 1016 1125 1126
f 1016 1126 1127
f 1016 1127 1017
f 1017 1127 1019
f 1017 1019 1018
f 1019 1127 1128
f 1019 1128 1021
f 1019 1021 1020
f 1021 1128 1129
f 1021 1129 1023
f 1021 1023 1022
f 1023 1129 1130
f 1023 1130 1131
f 1023 1131 1132
f 1023 1132 1133
f 1023 1133 1024
f 1024 1133 1025
f 1025 1133 1132
f 1025 1132 1134
f 1025 1134 1135
f 1025 1135 1026
f 1026 1135 1136
f 1026 1136 1137
f 1026 1137 1027
f 1027 1138 1028
f 1027 1137 1138
f 1028 1138 1029
f 1029 1139 1030
f 1029 1138 1140
f 1029 1140 1139
f 1030 1139 1031
f 1031 1139 1140
f 1031 1140 1141
f 1031 1141 1142
f 1031 1142 1143
f 1031 1143 1032
f 1032 1143 1142
f 1032 1142 1034
f 1032 1034 1033
f 1034 1142 1144
f 1034 1144 1145
f 1034 1145 1035
f 1035 1144 1146
f 1035 1146 1036
f 1035 1145 1144
f 1036 1146 1147
f 1036 1147 1037
f 1037 1147 1038
f 1038 1147 1148
f 1038 1148 1039
f 1039 1149 1040
f 1039 1148 1149
f 1040 1149 1150
f 1040 1150 1151
f 1040 1151 1152
f 1040 1152 1041
f 1041 1152 1042
f 1042 1152 1043
f 1043 1152 1153
f 1043 1153 1154
f 1043 1154 1155
f 1043 1155 1044
f 1044 1155 1156
f 1044 1156 1045
f 1045 1156 1157
f 1045 1157 1158
f 1045 1158 1159
f 1045 1159 1046
f 1046 1159 1158
f 1046 1158 1160
f 1046 1160 1047
f 1047 1160 1161
f 1047 1161 1162
f 1047 1162 1048
f 1048 1162 1163
f 1048 1163 1049
f 1049 1163 1164
f 1049 1164 1050
f 1050 1164 1165
f 1050 1165 1166
f 1050 1166 1051
f 1051 1166 1052
f 1052 1166 1167
f 1052 1167 1053
f 1053 1167 1168
f 1053 1168 1169
f 1053 1169 1054
f 1054 1169 1055
f 1055 1169 1170
f 1055 1170 1171
f 1055 1171 1172
f 1055 1172 1056
f 1056 1172 1057
f 1057 1059 1058
f 1057 1172 1173
f 1057 1173 1174
f 1057 1174 1175
f 1057 1175 1059
f 1059 1175 1176
f 1059 1176 1177
f 1059 1177 1060
f 1060 1178 1061
f 1060 1177 1179
f 1060 1179 1178
f 1061 1178 1180
f 1061 1180 1063
f 1063 1180 1064
f 1064 1180 1181
f 1064 1181 1065
f 1065 1181 1182
f 1065 1182 1067
f 1067 1182 1183
f 1067 1183 1068
f 1068 1183 1182
f 1068 1182 1184
f 1068 1184 1185
f 1068 1185 1069
f 1069 1185 1070
f 1070 1185 1071
f 1071 1185 1072
f 1072 1074 1073
f 1072 1185 1186
f 1072 1186 1187
f 1072 1187 1188
f 1072 1188 1189
f 1072 1189 1190
f 1072 1190 1191
f 1072 1191 1074
f 1074 1191 1192
f 1074 1192 1076
f 1074 1076 1075
f 1076 1083 1077
f 1076 1192 1193
f 1076 1193 1194
f 1076 1194 1083
f 1078 1084 1195
f 1078 1195 1079
f 1079 1195 1196
f 1079 1196 1080
f 1080 1196 1197
f 1080 1197 1081
f 1081 1087 1086
f 1081 1086 1082
f 1081 1197 1198
f 1081 1198 1199
f 1081 1199 1200
f 1081 1200 1087
f 1083 1194 1201
f 1083 1201 1202
f 1083 1202 1084
f 1084 1202 1203
f 1084 1203 1195
f 1085 1087 1204
f 1085 1204 1088
f 1087 1200 1199
f 1087 1199 1205
f 1087 1205 1204
f 1088 1204 1206
f 1088 1206 1089
f 1089 1206 1207
f 1089 1207 1208
f 1089 1208 1092
f 1090 1092 1091
f 1091 1092 1209
f 1091 1209 1210
f 1091 1210 1098
f 1092 1208 1209
f 1093 1211 1094
f 1093 1095 1211
f 1094 1211 1105
f 1095 1097 1212
f 1095 1212 1213
f 1095 1213 1211
f 1096 1098 1214
f 1096 1214 1215
f 1096 1215 1097
f 1097 1215 1212
f 1098 1210 1216
f 1098 1216 1214
f 1099 1104 1217
f 1099 1217 1100
f 1100 1218 1219
f 1100 1219 1101
f 1100 1217 1220
f 1100 1220 1218
f 1101 1219 1102
f 1102 1219 1221
f 1102 1221 1222
f 1102 1222 1103
f 1103 1222 1223
f 1103 1223 1118
f 1104 1105 1217
f 1105 1224 1217
f 1105 1211 1225
f 1105 1225 1226
f 1105 1226 1227
f 1105 1227 1224
f 1106 1228 1113
f 1106 1113 1107
f 1106 1109 1229
f 1106 1229 1228
f 1109 1116 1229
f 1110 1230 1231
f 1110 1231 1111
f 1110 1113 1232
f 1110 1232 1230
f 1113 1228 1232
f 1114 1117 1233
f 1114 1233 1115
f 1115 1234 1116
f 1115 1233 1235
f 1115 1235 1236
f 1115 1236 1234
f 1116 1234 1229
f 1117 1119 1233
f 1118 1223 1119
f 1119 1223 1237
f 1119 1237 1233
f 1121 1238 1122
f 1122 1238 1239
f 1122 1239 1124
f 1122 1124 1123
f 1124 1239 1240
f 1124 1240 1241
f 1124 1241 1125
f 1125 1241 1242
f 1125 1242 1243
f 1125 1243 1244
f 1125 1244 1126
f 1126 1244 1245
f 1126 1245 1246
f 1126 1246 1247
f 1126 1247 1248
f 1126 1248 1127
f 1127 1248 1249
f 1127 1249 1250
f 1127 1250 1128
f 1128 1250 1251
f 1128 1251 1130
f 1128 1130 1129
f 1130 1251 1252
f 1130 1252 1131
f 1131 1252 1253
f 1131 1253 1254
f 1131 1254 1132
f 1132 1254 1134
f 1134 1254 1255
f 1134 1255 1135
f 1135 1255 1136
f 1136 1255 1256
f 1136 1256 1257
f 1136 1257 1137
f 1137 1257 1258
f 1137 1258 1138
f 1138 1258 1259
f 1138 1259 1260
f 1138 1260 1140
f 1140 1260 1141
f 1141 1260 1261
f 1141 1261 1262
f 1141 1262 1142
f 1142 1262 1263
f 1142 1263 1144
f 1144 1263 1262
f 1144 1262 1264
f 1144 1264 1265
f 1144 1265 1266
f 1144 1266 1146
f 1146 1266 1147
f 1147 1266 1267
f 1147 1267 1148
f 1148 1267 1268
f 1148 1268 1149
f 1149 1268 1269
f 1149 1269 1270
f 1149 1270 1150
f 1150 1270 1271
f 1150 1271 1151
f 1151 1271 1272
f 1151 1272 1152
f 1152 1272 1273
f 1152 1273 1153
f 1153 1273 1274
f 1153 1274 1275
f 1153 1275 1154
f 1154 1275 1155
f 1155 1275 1157
f 1155 1157 1156
f 1157 1275 1276
f 1157 1276 1158
f 1158 1276 1277
f 1158 1277 1161
f 1158 1161 1160
f 1161 1277 1278
f 1161 1278 1162
f 1162 1278 1279
f 1162 1279 1163
f 1163 1279 1280
f 1163 1280 1164
f 1164 1281 1282
f 1164 1282 1165
f 1164 1280 1281
f 1165 1282 1283
f 1165 1283 1167
f 1165 1167 1166
f 1167 1283 1168
f 1168 1284 1285
f 1168 1285 1286
f 1168 1286 1169
f 1168 1283 1284
f 1169 1286 1287
f 1169 1287 1170
f 1170 1287 1288
f 1170 1288 1171
f 1171 1288 1289
f 1171 1289 1173
f 1171 1173 1172
f 1173 1175 1174
f 1173 1289 1290
f 1173 1290 1291
f 1173 1291 1292
f 1173 1292 1175
f 1175 1292 1293
f 1175 1293 1294
f 1175 1294 1295
f 1175 1295 1176
f 1176 1295 1177
f 1177 1295 1296
f 1177 1296 1297
f 1177 1297 1179
f 1178 1298 1180
f 1178 1179 1298
f 1179 1297 1299
f 1179 1299 1300
f 1179 1300 1301
f 1179 1301 1298
f 1180 1298 1181
f 1181 1298 1301
f 1181 1301 1182
f 1182 1301 1302
f 1182 1302 1184
f 1184 1302 1303
f 1184 1303 1185
f 1185 1303 1186
f 1186 1303 1187
f 1187 1303 1304
f 1187 1304 1305
f 1187 1305 1306
f 1187 1306 1307
f 1187 1307 1188
f 1188 1307 1189
f 1189 1308 1191
f 1189 1191 1309
f 1189 1309 1190
f 1189 1307 1306
f 1189 1306 1310
f 1189 1310 1311
f 1189 1311 1308
f 1190 1309 1191
f 1191 1308 1312
f 1191 1312 1192
f 1192 1312 1193
f 1193 1312 1313
f 1193 1313 1194
f 1194 1313 1314
f 1194 1314 1315
f 1194 1315 1201
f 1195 1203 1196
f 1196 1203 1316
f 1196 1316 1317
f 1196 1317 1197
f 1197 1317 1199
f 1197 1199 1198
f 1199 1318 1319
f 1199 1319 1205
f 1199 1317 1320
f 1199 1320 1321
f 1199 1321 1322
f 1199 1322 1318
f 1201 1203 1202
f 1201 1315 1323
f 1201 1323 1324
f 1201 1324 1203
f 1203 1324 1325
f 1203 1325 1326
f 1203 1326 1316
f 1204 1205 1327
f 1204 1327 1206
f 1205 1319 1328
f 1205 1328 1329
f 1205 1329 1327
f 1206 1327 1330
f 1206 1330 1207
f 1207 1331 1208
f 1207 1330 1332
f 1207 1332 1331
f 1208 1331 1333
f 1208 1333 1209
f 1209 1333 1334
f 1209 1334 1210
f 1210 1334 1335
f 1210 1335 1216
f 1211 1213 1225
f 1212 1215 1336
f 1212 1336 1337
f 1212 1337 1213
f 1213 1337 1225
f 1214 1338 1339
f 1214 1339 1336
f 1214 1336 1215
f 1214 1216 1335
f 1214 1335 1338
f 1217 1224 1220
f 1218 1340 1341
f 1218 1341 1219
f 1218 1220 1342
f 1218 1342 1343
f 1218 1343 1344
f 1218 1344 1340
f 1219 1345 1221
f 1219 1341 1345
f 1220 1224 1227
f 1220 1227 1342
f 1221 1345 1223
f 1221 1223 1222
f 1223 1345 1237
f 1225 1227 1226
f 1225 1337 1227
f 1227 1346 1342
f 1227 1337 1347
f 1227 1347 1348
f 1227 1348 1346
f 1228 1349 1350
f 1228 1350 1232
f 1228 1229 1351
f 1228 1351 1352
f 1228 1352 1349
f 1229 1234 1353
f 1229 1353 1352
f 1229 1352 1351
f 1230 1354 1231
f 1230 1232 1354
f 1232 1350 1355
f 1232 1355 1354
f 1233 1237 1235
f 1234 1236 1353
f 1235 1356 1236
f 1235 1237 1357
f 1235 1357 1358
f 1235 1358 1356
f 1236 1356 1359
f 1236 1359 1360
f 1236 1360 1353
f 1237 1345 1357
f 1238 1361 1239
f 1239 1361 1240
f 1240 1361 1362
f 1240 1362 1363
f 1240 1363 1241
f 1241 1363 1364
f 1241 1364 1242
f 1242 1364 1243
f 1243 1364 1365
f 1243 1365 1366
f 1243 1366 1367
f 1243 1367 1244
f 1244 1367 1245
f 1245 1367 1368
f 1245 1368 1247
f 1245 1247 1246
f 1247 1368 1369
f 1247 1369 1248
f 1248 1369 1370
f 1248 1370 1249
f 1249 1370 1251
f 1249 1251 1250
f 1251 1370 1371
f 1251 1371 1252
f 1252 1371 1372
f 1252 1372 1373
f 1252 1373 1374
f 1252 1374 1253
f 1253 1374 1375
f 1253 1375 1254
f 1254 1375 1255
f 1255 1375 1376
f 1255 1376 1256
f 1256 1376 1377
f 1256 1377 1378
f 1256 1378 1257
f 1257 1379 1258
f 1257 1378 1379
f 1258 1379 1380
f 1258 1380 1259
f 1259 1380 1381
f 1259 1381 1261
f 1259 1261 1260
f 1261 1381 1382
f 1261 1382 1262
f 1262 1382 1264
f 1264 1382 1265
f 1265 1383 1384
f 1265 1384 1266
f 1265 1382 1383
f 1266 1384 1267
f 1267 1384 1269
f 1267 1269 1268
f 1269 1385 1386
f 1269 1386 1270
f 1269 1384 1385
f 1270 1387 1271
f 1270 1386 1387
f 1271 1388 1389
f 1271 1389 1390
f 1271 1390 1273
f 1271 1273 1272
f 1271 1387 1388
f 1273 1390 1274
f 1274 1390 1391
f 1274 1391 1392
f 1274 1392 1275
f 1275 1392 1393
f 1275 1393 1394
f 1275 1394 1276
f 1276 1394 1395
f 1276 1395 1396
f 1276 1396 1277
f 1277 1396 1397
f 1277 1397 1278
f 1278 1397 1279
f 1279 1397 1398
f 1279 1398 1281
f 1279 1281 1280
f 1281 1398 1399
f 1281 1399 1400
f 1281 1400 1282
f 1282 1400 1401
f 1282 1401 1283
f 1283 1401 1284
f 1284 1402 1285
f 1284 1401 1402
f 1285 1402 1403
f 1285 1403 1404
f 1285 1404 1286
f 1286 1404 1405
f 1286 1405 1288
f 1286 1288 1287
f 1288 1405 1406
f 1288 1406 1407
f 1288 1407 1289
f 1289 1407 1408
f 1289 1408 1290
f 1290 1408 1409
f 1290 1409 1291
f 1291 1409 1410
f 1291 1410 1411
f 1291 1411 1412
f 1291 1412 1413
f 1291 1413 1292
f 1292 1413 1293
f 1293 1414 1294
f 1293 1413 1414
f 1294 1414 1295
f 1295 1414 1415
f 1295 1415 1296
f 1296 1415 1416
f 1296 1416 1297
f 1297 1416 1299
f 1299 1417 1302
f 1299 1302 1300
f 1299 1416 1418
f 1299 1418 1417
f 1300 1302 1301
f 1302 1417 1419
f 1302 1419 1303
f 1303 1419 1304
f 1304 1419 1420
f 1304 1420 1421
f 1304 1421 1310
f 1304 1310 1305
f 1305 1310 1306
f 1308 1311 1422
f 1308 1422 1423
f 1308 1423 1312
f 1310 1421 1424
f 1310 1424 1425
f 1310 1425 1311
f 1311 1425 1426
f 1311 1426 1427
f 1311 1427 1428
f 1311 1428 1422
f 1312 1429 1313
f 1312 1423 1429
f 1313 1429 1314
f 1314 1323 1315
f 1314 1429 1423
f 1314 1423 1430
f 1314 1430 1431
f 1314 1431 1323
f 1316 1326 1325
f 1316 1325 1317
f 1317 1325 1432
f 1317 1432 1320
f 1318 1322 1433
f 1318 1433 1329
f 1318 1329 1319
f 1319 1329 1328
f 1320 1432 1434
f 1320 1434 1321
f 1321 1434 1435
f 1321 1435 1322
f 1322 1435 1436
f 1322 1436 1433
f 1323 1437 1325
f 1323 1325 1324
f 1323 1431 1437
f 1325 1438 1432
f 1325 1437 1439
f 1325 1439 1438
f 1327 1329 1440
f 1327 1440 1441
f 1327 1441 1330
f 1329 1433 1442
f 1329 1442 1440
f 1330 1441 1443
f 1330 1443 1332
f 1331 1332 1444
f 1331 1444 1333
f 1332 1445 1444
f 1332 1443 1446
f 1332 1446 1445
f 1333 1444 1334
f 1334 1444 1447
f 1334 1447 1448
f 1334 1448 1335
f 1335 1448 1338
f 1336 1449 1450
f 1336 1450 1337
f 1336 1339 1451
f 1336 1451 1449
f 1337 1450 1449
f 1337 1449 1452
f 1337 1452 1347
f 1338 1453 1454
f 1338 1454 1339
f 1338 1448 1453
f 1339 1454 1451
f 1340 1344 1455
f 1340 1455 1456
f 1340 1456 1457
f 1340 1457 1341
f 1341 1457 1345
f 1342 1458 1343
f 1342 1346 1459
f 1342 1459 1458
f 1343 1458 1344
f 1344 1458 1460
f 1344 1460 1461
f 1344 1461 1462
f 1344 1462 1463
f 1344 1463 1456
f 1344 1456 1455
f 1345 1457 1464
f 1345 1464 1357
f 1346 1348 1459
f 1347 1465 1348
f 1347 1452 1465
f 1348 1465 1459
f 1349 1466 1350
f 1349 1352 1467
f 1349 1467 1466
f 1350 1466 1468
f 1350 1468 1355
f 1352 1353 1469
f 1352 1469 1470
f 1352 1470 1471
f 1352 1471 1467
f 1353 1360 1469
f 1354 1355 1472
f 1355 1473 1474
f 1355 1474 1475
f 1355 1475 1472
f 1355 1468 1473
f 1356 1358 1476
f 1356 1476 1359
f 1357 1477 1358
f 1357 1464 1477
f 1358 1477 1464
f 1358 1464 1478
f 1358 1478 1476
f 1359 1476 1479
f 1359 1479 1360
f 1360 1480 1471
f 1360 1471 1470
f 1360 1470 1469
f 1360 1479 1481
f 1360 1481 1482
f 1360 1482 1480
f 1361 1483 1362
f 1362 1483 1484
f 1362 1484 1485
f 1362 1485 1486
f 1362 1486 1363
f 1363 1486 1364
f 1364 1486 1365
f 1365 1486 1485
f 1365 1485 1487
f 1365 1487 1488
f 1365 1488 1489
f 1365 1489 1490
f 1365 1490 1491
f 1365 1491 1492
f 1365 1492 1366
f 1366 1492 1367
f 1367 1492 1493
f 1367 1493 1368
f 1368 1493 1494
f 1368 1494 1495
f 1368 1495 1369
f 1369 1495 1496
f 1369 1496 1497
f 1369 1497 1498
f 1369 1498 1370
f 1370 1498 1499
f 1370 1499 1371
f 1371 1499 1372
f 1372 1499 1500
f 1372 1500 1373
f 1373 1500 1501
f 1373 1501 1502
f 1373 1502 1503
f 1373 1503 1374
f 1374 1503 1375
f 1375 1503 1504
f 1375 1504 1376
f 1376 1504 1505
f 1376 1505 1377
f 1377 1505 1506
f 1377 1506 1507
f 1377 1507 1508
f 1377 1508 1378
f 1378 1508 1509
f 1378 1509 1510
f 1378 1510 1511
f 1378 1511 1379
f 1379 1511 1512
f 1379 1512 1513
f 1379 1513 1380
f 1380 1513 1514
f 1380 1514 1382
f 1380 1382 1381
f 1382 1514 1515
f 1382 1515 1516
f 1382 1516 1383
f 1383 1516 1515
f 1383 1515 1517
f 1383 1517 1385
f 1383 1385 1384
f 1385 1517 1518
f 1385 1518 1386
f 1386 1518 1387
f 1387 1518 1519
f 1387 1519 1520
f 1387 1520 1388
f 1388 1520 1521
f 1388 1521 1389
f 1389 1521 1522
f 1389 1522 1391
f 1389 1391 1390
f 1391 1523 1524
f 1391 1524 1392
f 1391 1522 1523
f 1392 1524 1525
f 1392 1525 1393
f 1393 1525 1526
f 1393 1526 1527
f 1393 1527 1395
f 1393 1395 1394
f 1395 1527 1528
f 1395 1528 1529
f 1395 1529 1396
f 1396 1529 1530
f 1396 1530 1397
f 1397 1530 1398
f 1398 1531 1399
f 1398 1530 1531
f 1399 1532 1533
f 1399 1533 1400
f 1399 1531 1532
f 1400 1533 1534
f 1400 1534 1401
f 1401 1534 1402
f 1402 1534 1403
f 1403 1535 1536
f 1403 1536 1404
f 1403 1534 1535
f 1404 1536 1537
f 1404 1537 1538
f 1404 1538 1406
f 1404 1406 1405
f 1406 1538 1539
f 1406 1539 1540
f 1406 1540 1541
f 1406 1541 1407
f 1407 1541 1408
f 1408 1541 1542
f 1408 1542 1543
f 1408 1543 1410
f 1408 1410 1409
f 1410 1543 1544
f 1410 1544 1545
f 1410 1545 1546
f 1410 1546 1547
f 1410 1547 1411
f 1411 1547 1548
f 1411 1548 1549
f 1411 1549 1412
f 1412 1549 1413
f 1413 1549 1550
f 1413 1550 1414
f 1414 1550 1551
f 1414 1551 1415
f 1415 1551 1416
f 1416 1551 1552
f 1416 1552 1553
f 1416 1553 1554
f 1416 1554 1555
f 1416 1555 1418
f 1417 1418 1556
f 1417 1556 1420
f 1417 1420 1419
f 1418 1555 1556
f 1420 1556 1557
f 1420 1557 1558
f 1420 1558 1421
f 1421 1558 1559
f 1421 1559 1424
f 1422 1428 1560
f 1422 1560 1423
f 1423 1560 1561
f 1423 1561 1562
f 1423 1562 1430
f 1424 1559 1563
f 1424 1563 1564
f 1424 1564 1426
f 1424 1426 1425
f 1426 1564 1565
f 1426 1565 1566
f 1426 1566 1427
f 1427 1566 1428
f 1428 1566 1567
f 1428 1567 1560
f 1430 1562 1431
f 1431 1562 1568
f 1431 1568 1569
f 1431 1569 1570
f 1431 1570 1437
f 1432 1438 1434
f 1433 1436 1571
f 1433 1571 1572
f 1433 1572 1440
f 1433 1440 1442
f 1434 1438 1573
f 1434 1573 1574
f 1434 1574 1435
f 1435 1574 1575
f 1435 1575 1576
f 1435 1576 1436
f 1436 1576 1577
f 1436 1577 1578
f 1436 1578 1571
f 1437 1579 1439
f 1437 1570 1579
f 1438 1439 1579
f 1438 1579 1580
f 1438 1580 1573
f 1440 1572 1581
f 1440 1581 1443
f 1440 1443 1441
f 1443 1581 1446
f 1444 1582 1447
f 1444 1445 1583
f 1444 1583 1582
f 1445 1446 1584
f 1445 1584 1585
f 1445 1585 1586
f 1445 1586 1583
f 1446 1581 1587
f 1446 1587 1588
f 1446 1588 1585
f 1446 1585 1584
f 1447 1589 1590
f 1447 1590 1448
f 1447 1582 1591
f 1447 1591 1589
f 1448 1590 1453
f 1449 1592 1452
f 1449 1451 1592
f 1451 1454 1453
f 1451 1453 1593
f 1451 1593 1594
f 1451 1594 1592
f 1452 1592 1465
f 1453 1595 1593
f 1453 1590 1589
f 1453 1589 1596
f 1453 1596 1595
f 1456 1463 1597
f 1456 1597 1464
f 1456 1464 1457
f 1458 1459 1598
f 1458 1598 1460
f 1459 1465 1599
f 1459 1599 1598
f 1460 1598 1461
f 1461 1600 1462
f 1461 1598 1601
f 1461 1601 1602
f 1461 1602 1600
f 1462 1600 1603
f 1462 1603 1463
f 1463 1604 1605
f 1463 1605 1597
f 1463 1603 1604
f 1464 1606 1476
f 1464 1476 1478
f 1464 1597 1605
f 1464 1605 1606
f 1465 1592 1607
f 1465 1607 1599
f 1466 1608 1609
f 1466 1609 1468
f 1466 1467 1608
f 1467 1471 1608
f 1468 1609 1610
f 1468 1610 1473
f 1471 1611 1612
f 1471 1612 1613
f 1471 1613 1608
f 1471 1480 1611
f 1473 1610 1614
f 1473 1614 1615
f 1473 1615 1474
f 1474 1615 1616
f 1476 1606 1481
f 1476 1481 1479
f 1480 1482 1617
f 1480 1617 1618
f 1480 1618 1611
f 1481 1606 1619
f 1481 1619 1620
f 1481 1620 1482
f 1482 1620 1621
f 1482 1621 1622
f 1482 1622 1617
f 1484 1623 1485
f 1485 1623 1624
f 1485 1624 1625
f 1485 1625 1487
f 1487 1626 1488
f 1487 1625 1626
f 1488 1626 1489
f 1489 1627 1628
f 1489 1628 1629
f 1489 1629 1490
f 1489 1626 1630
f 1489 1630 1631
f 1489 1631 1627
f 1490 1629 1632
f 1490 1632 1633
f 1490 1633 1634
f 1490 1634 1635
f 1490 1635 1491
f 1491 1635 1634
f 1491 1634 1492
f 1492 1634 1494
f 1492 1494 1493
f 1494 1634 1636
f 1494 1636 1495
f 1495 1636 1496
f 1496 1636 1497
f 1497 1637 1638
f 1497 1638 1639
f 1497 1639 1640
f 1497 1640 1641
f 1497 1641 1642
f 1497 1642 1499
f 1497 1499 1498
f 1497 1636 1637
f 1499 1642 1500
f 1500 1642 1643
f 1500 1643 1501
f 1501 1644 1502
f 1501 1643 1644
f 1502 1644 1645
f 1502 1645 1646
f 1502 1646 1503
f 1503 1646 1505
f 1503 1505 1504
f 1505 1646 1647
f 1505 1647 1648
f 1505 1648 1649
f 1505 1649 1507
f 1505 1507 1506
f 1507 1649 1650
f 1507 1650 1651
f 1507 1651 1652
f 1507 1652 1508
f 1508 1652 1653
f 1508 1653 1509
f 1509 1653 1654
f 1509 1654 1655
f 1509 1655 1656
f 1509 1656 1510
f 1510 1656 1657
f 1510 1657 1658
f 1510 1658 1513
f 1510 1513 1512
f 1510 1512 1511
f 1513 1658 1659
f 1513 1659 1660
f 1513 1660 1661
f 1513 1661 1515
f 1513 1515 1514
f 1515 1661 1662
f 1515 1662 1517
f 1517 1662 1663
f 1517 1663 1518
f 1518 1664 1519
f 1518 1663 1664
f 1519 1665 1666
f 1519 1666 1520
f 1519 1664 1665
f 1520 1666 1667
f 1520 1667 1668
f 1520 1668 1669
f 1520 1669 1521
f 1521 1669 1522
f 1522 1669 1523
f 1523 1669 1670
f 1523 1670 1671
f 1523 1671 1672
f 1523 1672 1524
f 1524 1672 1525
f 1525 1672 1526
f 1526 1672 1673
f 1526 1673 1674
f 1526 1674 1675
f 1526 1675 1528
f 1526 1528 1527
f 1528 1675 1676
f 1528 1676 1529
f 1529 1676 1531
f 1529 1531 1530
f 1531 1676 1677
f 1531 1677 1678
f 1531 1678 1532
f 1532 1678 1679
f 1532 1679 1680
f 1532 1680 1533
f 1533 1680 1535
f 1533 1535 1534
f 1535 1681 1682
f 1535 1682 1683
f 1535 1683 1684
f 1535 1684 1536
f 1535 1680 1679
f 1535 1679 1681
f 1536 1684 1537
f 1537 1684 1539
f 1537 1539 1538
f 1539 1684 1685
f 1539 1685 1540
f 1540 1686 1541
f 1540 1685 1687
f 1540 1687 1688
f 1540 1688 1686
f 1541 1686 1542
f 1542 1686 1688
f 1542 1688 1543
f 1543 1689 1545
f 1543 1545 1544
f 1543 1688 1689
f 1545 1690 1815
f 1545 1815 1921
f 1545 1921 2025
f 1545 2025 2126
f 1545 2126 2230
f 1545 2230 2333
f 1545 2333 2438
f 1545 2438 2536
f 1545 2536 2638
f 1545 2638 2642
f 1545 2642 2750
f 1545 2750 2840
f 1545 2840 2938
f 1545 2938 3040
f 1545 3040 3142
f 1545 3142 3243
f 1545 3243 3339
f 1545 3339 3445
f 1545 3445 3532
f 1545 3532 3625
f 1545 3625 3723
f 1545 3723 3827
f 1545 3827 3927
f 1545 3927 4018
f 1545 4018 4110
f 1545 4110 4195
f 1545 4195 4286
f 1545 4286 4378
f 1545 4378 4467
f 1545 4467 4561
f 1545 4561 4650
f 1545 4650 4739
f 1545 4739 4832
f 1545 4832 4929
f 1545 4929 5026
f 1545 5026 5116
f 1545 5116 5214
f 1545 5214 5308
f 1545 5308 5409
f 1545 5409 5412
f 1545 5412 5503
f 1545 5503 5603
f 1545 5603 5602
f 1545 5602 5697
f 1545 5697 5784
f 1545 5784 5783
f 1545 5783 5804
f 1545 5804 5721
f 1545 5721 5719
f 1545 5719 5628
f 1545 5628 5526
f 1545 5526 5432
f 1545 5432 5335
f 1545 5335 5235
f 1545 5235 5140
f 1545 5140 5044
f 1545 5044 4952
f 1545 4952 4852
f 1545 4852 4761
f 1545 4761 4666
f 1545 4666 4581
f 1545 4581 4487
f 1545 4487 4396
f 1545 4396 4304
f 1545 4304 4303
f 1545 4303 4302
f 1545 4302 4297
f 1545 4297 4206
f 1545 4206 4122
f 1545 4122 4121
f 1545 4121 4120
f 1545 4120 4032
f 1545 4032 3936
f 1545 3936 3841
f 1545 3841 3840
f 1545 3840 3739
f 1545 3739 3641
f 1545 3641 3640
f 1545 3640 3545
f 1545 3545 3460
f 1545 3460 3453
f 1545 3453 3350
f 1545 3350 3249
f 1545 3249 3149
f 1545 3149 3046
f 1545 3046 2950
f 1545 2950 2850
f 1545 2850 2758
f 1545 2758 2652
f 1545 2652 2548
f 1545 2548 2450
f 1545 2450 2348
f 1545 2348 2347
f 1545 2347 2343
f 1545 2343 2240
f 1545 2240 2134
f 1545 2134 2032
f 1545 2032 2030
f 1545 2030 1938
f 1545 1938 1937
f 1545 1937 1922
f 1545 1922 1823
f 1545 1823 1822
f 1545 1822 1821
f 1545 1821 1706
f 1545 1706 1704
f 1545 1704 1820
f 1545 1820 1819
f 1545 1819 1816
f 1545 1816 1693
f 1545 1693 1691
f 1545 1691 1546
f 1545 1689 1690
f 1546 1691 1548
f 1546 1548 1547
f 1548 1692 1549
f 1548 1691 1692
f 1549 1692 1691
f 1549 1691 1693
f 1549 1693 1694
f 1549 1694 1695
f 1549 1695 1550
f 1550 1695 1551
f 1551 1553 1552
f 1551 1695 1696
f 1551 1696 1697
f 1551 1697 1698
f 1551 1698 1553
f 1553 1557 1554
f 1553 1698 1699
f 1553 1699 1557
f 1554 1557 1556
f 1554 1556 1555
f 1557 1699 1700
f 1557 1700 1558
f 1558 1700 1701
f 1558 1701 1563
f 1558 1563 1559
f 1560 1567 1561
f 1561 1567 1702
f 1561 1702 1568
f 1561 1568 1562
f 1563 1703 1564
f 1563 1701 1704
f 1563 1704 1703
f 1564 1703 1704
f 1564 1704 1565
f 1565 1705 1566
f 1565 1704 1706
f 1565 1706 1705
f 1566 1705 1707
f 1566 1707 1567
f 1567 1707 1708
f 1567 1708 1702
f 1568 1702 1708
f 1568 1708 1709
f 1568 1709 1710
f 1568 1710 1711
f 1568 1711 1712
f 1568 1712 1569
f 1569 1712 1570
f 1570 1712 1713
f 1570 1713 1580
f 1570 1580 1579
f 1571 1578 1714
f 1571 1714 1572
f 1572 1587 1581
f 1572 1714 1715
f 1572 1715 1716
f 1572 1716 1587
f 1573 1580 1717
f 1573 1717 1574
f 1574 1717 1718
f 1574 1718 1575
f 1575 1719 1577
f 1575 1577 1576
f 1575 1718 1720
f 1575 1720 1721
f 1575 1721 1719
f 1577 1719 1578
f 1578 1719 1722
f 1578 1722 1723
f 1578 1723 1724
f 1578 1724 1714
f 1580 1725 1720
f 1580 1720 1717
f 1580 1713 1726
f 1580 1726 1725
f 1582 1583 1727
f 1582 1727 1591
f 1583 1586 1727
f 1585 1588 1728
f 1585 1728 1586
f 1586 1728 1729
f 1586 1729 1730
f 1586 1730 1731
f 1586 1731 1732
f 1586 1732 1727
f 1587 1716 1733
f 1587 1733 1588
f 1588 1733 1734
f 1588 1734 1735
f 1588 1735 1736
f 1588 1736 1728
f 1589 1591 1737
f 1589 1737 1596
f 1591 1738 1737
f 1591 1727 1732
f 1591 1732 1738
f 1592 1739 1607
f 1592 1594 1740
f 1592 1740 1739
f 1593 1595 1741
f 1593 1741 1594
f 1594 1741 1740
f 1595 1596 1742
f 1595 1742 1743
f 1595 1743 1744
f 1595 1744 1741
f 1596 1737 1742
f 1598 1599 1601
f 1599 1607 1601
f 1600 1745 1603
f 1600 1602 1745
f 1601 1746 1602
f 1601 1607 1739
f 1601 1739 1746
f 1602 1746 1747
f 1602 1747 1748
f 1602 1748 1745
f 1603 1745 1749
f 1603 1749 1604
f 1604 1749 1750
f 1604 1750 1619
f 1604 1619 1605
f 1605 1619 1606
f 1608 1751 1614
f 1608 1614 1609
f 1608 1613 1752
f 1608 1752 1751
f 1609 1614 1610
f 1611 1753 1612
f 1611 1618 1753
f 1612 1753 1752
f 1612 1752 1613
f 1614 1754 1615
f 1614 1751 1755
f 1614 1755 1756
f 1614 1756 1754
f 1615 1754 1616
f 1616 1754 1757
f 1617 1758 1759
f 1617 1759 1753
f 1617 1753 1618
f 1617 1622 1760
f 1617 1760 1761
f 1617 1761 1758
f 1619 1750 1620
f 1620 1750 1621
f 1621 1762 1763
f 1621 1763 1760
f 1621 1760 1622
f 1621 1750 1762
f 1624 1764 1625
f 1625 1764 1626
f 1626 1764 1630
f 1627 1629 1628
f 1627 1631 1765
f 1627 1765 1766
f 1627 1766 1767
f 1627 1767 1768
f 1627 1768 1629
f 1629 1768 1632
f 1630 1764 1631
f 1631 1764 1769
f 1631 1769 1770
f 1631 1770 1765
f 1632 1768 1771
f 1632 1771 1772
f 1632 1772 1633
f 1633 1772 1773
f 1633 1773 1774
f 1633 1774 1636
f 1633 1636 1634
f 1636 1774 1637
f 1637 1775 1773
f 1637 1773 1638
f 1637 1774 1775
f 1638 1773 1776
f 1638 1776 1640
f 1638 1640 1639
f 1640 1777 1778
f 1640 1778 1779
f 1640 1779 1780
f 1640 1780 1641
f 1640 1776 1777
f 1641 1780 1643
f 1641 1643 1642
f 1643 1780 1781
f 1643 1781 1644
f 1644 1781 1645
f 1645 1782 1783
f 1645 1783 1784
f 1645 1784 1646
f 1645 1781 1782
f 1646 1784 1647
f 1647 1784 1783
f 1647 1783 1785
f 1647 1785 1648
f 1648 1785 1650
f 1648 1650 1649
f 1650 1785 1786
f 1650 1786 1787
f 1650 1787 1651
f 1651 1787 1788
f 1651 1788 1652
f 1652 1788 1654
f 1652 1654 1653
f 1654 1788 1789
f 1654 1789 1655
f 1655 1789 1790
f 1655 1790 1657
f 1655 1657 1656
f 1657 1660 1658
f 1657 1790 1791
f 1657 1791 1792
f 1657 1792 1660
f 1658 1660 1659
f 1660 1662 1661
f 1660 1792 1663
f 1660 1663 1662
f 1663 1792 1664
f 1664 1792 1793
f 1664 1793 1665
f 1665 1793 1794
f 1665 1794 1795
f 1665 1795 1666
f 1666 1795 1668
f 1666 1668 1667
f 1668 1796 1797
f 1668 1797 1670
f 1668 1670 1669
f 1668 1795 1796
f 1670 1798 1799
f 1670 1799 1671
f 1670 1797 1798
f 1671 1799 1800
f 1671 1800 1801
f 1671 1801 1802
f 1671 1802 1672
f 1672 1802 1673
f 1673 1802 1674
f 1674 1802 1803
f 1674 1803 1804
f 1674 1804 1805
f 1674 1805 1675
f 1675 1805 1677
f 1675 1677 1676
f 1677 1805 1806
f 1677 1806 1678
f 1678 1806 1807
f 1678 1807 1679
f 1679 1807 1808
f 1679 1808 1681
f 1681 1808 1682
f 1682 1809 1810
f 1682 1810 1683
f 1682 1808 1809
f 1683 1810 1684
f 1684 1810 1685
f 1685 1811 1687
f 1685 1810 1811
f 1687 1811 1812
f 1687 1812 1688
f 1688 1812 1813
f 1688 1813 1814
f 1688 1814 1689
f 1689 1814 1690
f 1690 1814 1813
f 1690 1813 1815
f 1693 1816 1698
f 1693 1698 1817
f 1693 1817 1697
f 1693 1697 1696
f 1693 1696 1694
f 1694 1696 1695
f 1697 1817 1698
f 1698 1818 1699
f 1698 1816 1819
f 1698 1819 1818
f 1699 1701 1700
f 1699 1818 1819
f 1699 1819 1820
f 1699 1820 1701
f 1701 1820 1704
f 1705 1706 1707
f 1706 1821 1708
f 1706 1708 1707
f 1708 1821 1822
f 1708 1822 1823
f 1708 1823 1709
f 1709 1824 1711
f 1709 1711 1710
f 1709 1823 1824
f 1711 1825 1712
f 1711 1824 1823
f 1711 1823 1825
f 1712 1825 1713
f 1713 1825 1826
f 1713 1826 1726
f 1714 1827 1715
f 1714 1724 1827
f 1715 1827 1716
f 1716 1827 1828
f 1716 1828 1829
f 1716 1829 1734
f 1716 1734 1733
f 1717 1720 1718
f 1719 1721 1830
f 1719 1830 1722
f 1720 1725 1831
f 1720 1831 1832
f 1720 1832 1721
f 1721 1832 1833
f 1721 1833 1830
f 1722 1834 1723
f 1722 1830 1835
f 1722 1835 1834
f 1723 1834 1827
f 1723 1827 1724
f 1725 1726 1836
f 1725 1836 1831
f 1726 1826 1836
f 1728 1736 1730
f 1728 1730 1729
f 1730 1736 1837
f 1730 1837 1838
f 1730 1838 1731
f 1731 1838 1839
f 1731 1839 1840
f 1731 1840 1732
f 1732 1840 1738
f 1734 1829 1735
f 1735 1829 1841
f 1735 1841 1842
f 1735 1842 1736
f 1736 1842 1837
f 1737 1738 1742
f 1738 1843 1742
f 1738 1840 1839
f 1738 1839 1844
f 1738 1844 1843
f 1739 1845 1746
f 1739 1740 1845
f 1740 1741 1744
f 1740 1744 1846
f 1740 1846 1847
f 1740 1847 1848
f 1740 1848 1845
f 1742 1843 1849
f 1742 1849 1743
f 1743 1850 1847
f 1743 1847 1846
f 1743 1846 1744
f 1743 1849 1851
f 1743 1851 1850
f 1745 1748 1749
f 1746 1852 1747
f 1746 1845 1852
f 1747 1852 1853
f 1747 1853 1854
f 1747 1854 1748
f 1748 1854 1855
f 1748 1855 1749
f 1749 1763 1762
f 1749 1762 1750
f 1749 1855 1856
f 1749 1856 1763
f 1751 1857 1755
f 1751 1752 1857
f 1752 1753 1858
f 1752 1858 1859
f 1752 1859 1860
f 1752 1860 1857
f 1753 1759 1858
f 1754 1756 1757
f 1755 1861 1756
f 1755 1857 1861
f 1756 1861 1757
f 1758 1862 1759
f 1758 1761 1760
f 1758 1760 1863
f 1758 1863 1862
f 1759 1862 1864
f 1759 1864 1858
f 1760 1763 1865
f 1760 1865 1866
f 1760 1866 1867
f 1760 1867 1868
f 1760 1868 1863
f 1763 1856 1869
f 1763 1869 1865
f 1764 1870 1871
f 1764 1871 1769
f 1765 1770 1872
f 1765 1872 1766
f 1766 1873 1874
f 1766 1874 1767
f 1766 1872 1873
f 1767 1874 1875
f 1767 1875 1771
f 1767 1771 1768
f 1769 1871 1876
f 1769 1876 1877
f 1769 1877 1770
f 1770 1877 1872
f 1771 1875 1878
f 1771 1878 1772
f 1772 1878 1879
f 1772 1879 1880
f 1772 1880 1773
f 1773 1880 1881
f 1773 1881 1776
f 1773 1775 1774
f 1776 1881 1777
f 1777 1881 1778
f 1778 1881 1882
f 1778 1882 1779
f 1779 1882 1883
f 1779 1883 1780
f 1780 1883 1781
f 1781 1883 1782
f 1782 1883 1882
f 1782 1882 1884
f 1782 1884 1885
f 1782 1885 1783
f 1783 1885 1886
f 1783 1886 1785
f 1785 1886 1786
f 1786 1887 1888
f 1786 1888 1889
f 1786 1889 1890
f 1786 1890 1891
f 1786 1891 1787
f 1786 1886 1887
f 1787 1891 1892
f 1787 1892 1893
f 1787 1893 1788
f 1788 1893 1789
f 1789 1893 1894
f 1789 1894 1790
f 1790 1894 1895
f 1790 1895 1896
f 1790 1896 1791
f 1791 1896 1897
f 1791 1897 1793
f 1791 1793 1792
f 1793 1897 1794
f 1794 1897 1898
f 1794 1898 1899
f 1794 1899 1795
f 1795 1899 1796
f 1796 1899 1900
f 1796 1900 1901
f 1796 1901 1797
f 1797 1901 1798
f 1798 1901 1902
f 1798 1902 1903
f 1798 1903 1799
f 1799 1903 1800
f 1800 1903 1904
f 1800 1904 1905
f 1800 1905 1801
f 1801 1905 1906
f 1801 1906 1803
f 1801 1803 1802
f 1803 1906 1907
f 1803 1907 1908
f 1803 1908 1909
f 1803 1909 1804
f 1804 1909 1910
f 1804 1910 1805
f 1805 1910 1806
f 1806 1910 1911
f 1806 1911 1912
f 1806 1912 1807
f 1807 1912 1808
f 1808 1912 1809
f 1809 1912 1913
f 1809 1913 1914
f 1809 1914 1915
f 1809 1915 1810
f 1810 1915 1914
f 1810 1914 1916
f 1810 1916 1811
f 1811 1917 1812
f 1811 1916 1917
f 1812 1917 1918
f 1812 1918 1919
f 1812 1919 1813
f 1813 1919 1920
f 1813 1920 1921
f 1813 1921 1815
f 1823 1922 1836
f 1823 1836 1825
f 1825 1836 1826
f 1827 1834 1923
f 1827 1923 1828
f 1828 1923 1924
f 1828 1924 1925
f 1828 1925 1926
f 1828 1926 1829
f 1829 1927 1928
f 1829 1928 1841
f 1829 1926 1927
f 1830 1833 1835
f 1831 1929 1832
f 1831 1836 1930
f 1831 1930 1929
f 1832 1931 1833
f 1832 1929 1932
f 1832 1932 1931
f 1833 1931 1933
f 1833 1933 1835
f 1834 1835 1934
f 1834 1934 1923
f 1835 1933 1935
f 1835 1935 1934
f 1836 1936 1930
f 1836 1922 1937
f 1836 1937 1938
f 1836 1938 1936
f 1837 1939 1838
f 1837 1842 1940
f 1837 1940 1941
f 1837 1941 1939
f 1838 1942 1844
f 1838 1844 1839
f 1838 1939 1942
f 1841 1928 1842
f 1842 1941 1940
f 1842 1928 1927
f 1842 1927 1943
f 1842 1943 1944
f 1842 1944 1941
f 1843 1844 1945
f 1843 1945 1849
f 1844 1942 1945
f 1845 1848 1847
f 1845 1847 1946
f 1845 1946 1947
f 1845 1947 1852
f 1847 1948 1947
f 1847 1947 1946
f 1847 1850 1949
f 1847 1949 1948
f 1849 1950 1851
f 1849 1945 1950
f 1850 1851 1949
f 1851 1950 1951
f 1851 1951 1952
f 1851 1952 1949
f 1852 1947 1953
f 1852 1953 1853
f 1853 1953 1954
f 1853 1954 1955
f 1853 1955 1956
f 1853 1956 1957
f 1853 1957 1958
f 1853 1958 1959
f 1853 1959 1854
f 1854 1959 1960
f 1854 1960 1869
f 1854 1869 1856
f 1854 1856 1855
f 1857 1961 1962
f 1857 1962 1963
f 1857 1963 1861
f 1857 1860 1964
f 1857 1964 1965
f 1857 1965 1961
f 1858 1966 1967
f 1858 1967 1968
f 1858 1968 1860
f 1858 1860 1859
f 1858 1864 1966
f 1860 1968 1965
f 1860 1965 1964
f 1861 1969 1970
f 1861 1963 1969
f 1862 1971 1864
f 1862 1863 1972
f 1862 1972 1971
f 1863 1868 1867
f 1863 1867 1973
f 1863 1973 1972
f 1864 1971 1974
f 1864 1974 1966
f 1865 1869 1960
f 1865 1960 1866
f 1866 1975 1867
f 1866 1960 1975
f 1867 1975 1976
f 1867 1976 1977
f 1867 1977 1973
f 1870 1876 1871
f 1872 1877 1978
f 1872 1978 1979
f 1872 1979 1980
f 1872 1980 1873
f 1873 1981 1874
f 1873 1980 1981
f 1874 1981 1982
f 1874 1982 1875
f 1875 1983 1984
f 1875 1984 1985
f 1875 1985 1878
f 1875 1982 1983
f 1878 1985 1986
f 1878 1986 1879
f 1879 1986 1880
f 1880 1986 1987
f 1880 1987 1988
f 1880 1988 1881
f 1881 1988 1989
f 1881 1989 1990
f 1881 1990 1991
f 1881 1991 1882
f 1882 1991 1992
f 1882 1992 1993
f 1882 1993 1884
f 1884 1993 1885
f 1885 1994 1995
f 1885 1995 1888
f 1885 1888 1996
f 1885 1996 1886
f 1885 1993 1994
f 1886 1996 1887
f 1887 1996 1888
f 1888 1995 1997
f 1888 1997 1889
f 1889 1997 1890
f 1890 1998 1999
f 1890 1999 1892
f 1890 1892 1891
f 1890 1997 1998
f 1892 1999 1893
f 1893 1999 2000
f 1893 2000 1894
f 1894 2000 1895
f 1895 2000 2001
f 1895 2001 2002
f 1895 2002 1896
f 1896 2002 1897
f 1897 2002 1898
f 1898 2003 1899
f 1898 2002 2003
f 1899 2004 1900
f 1899 2003 2004
f 1900 2005 2006
f 1900 2006 1901
f 1900 2004 2005
f 1901 2006 1902
f 1902 2006 2007
f 1902 2007 2008
f 1902 2008 1904
f 1902 1904 1903
f 1904 2008 1905
f 1905 2008 1906
f 1906 2008 2009
f 1906 2009 2010
f 1906 2010 1907
f 1907 2011 2012
f 1907 2012 2013
f 1907 2013 2014
f 1907 2014 1910
f 1907 1910 1909
f 1907 1909 1908
f 1907 2010 2011
f 1910 2014 2015
f 1910 2015 1911
f 1911 2015 1912
f 1912 2015 2016
f 1912 2016 1913
f 1913 2016 2017
f 1913 2017 2018
f 1913 2018 1916
f 1913 1916 1914
f 1916 2018 2019
f 1916 2019 2020
f 1916 2020 1917
f 1917 2020 1918
f 1918 2021 1919
f 1918 2020 2021
f 1919 2021 2022
f 1919 2022 2023
f 1919 2023 1920
f 1920 2023 2024
f 1920 2024 2025
f 1920 2025 1921
f 1923 1934 2026
f 1923 2026 2027
f 1923 2027 1925
f 1923 1925 1924
f 1925 2028 1927
f 1925 1927 1926
f 1925 2027 2029
f 1925 2029 2028
f 1927 2028 1943
f 1929 1930 2030
f 1929 2030 1932
f 1930 1936 1938
f 1930 1938 2030
f 1931 1932 1933
f 1932 2031 1933
f 1932 2030 2032
f 1932 2032 2031
f 1933 2033 2034
f 1933 2034 1935
f 1933 2031 2033
f 1934 1935 2034
f 1934 2034 2035
f 1934 2035 2026
f 1939 1941 2036
f 1939 2036 2037
f 1939 2037 1942
f 1941 1944 2038
f 1941 2038 2036
f 1942 2037 1945
f 1943 2028 2039
f 1943 2039 1944
f 1944 2039 2040
f 1944 2040 2038
f 1945 2037 2041
f 1945 2041 2042
f 1945 2042 1950
f 1947 1948 1953
f 1948 1949 2043
f 1948 2043 1953
f 1949 1952 2044
f 1949 2044 2045
f 1949 2045 2043
f 1950 2042 1951
f 1951 2042 2046
f 1951 2046 2044
f 1951 2044 1952
f 1953 2043 2047
f 1953 2047 1955
f 1953 1955 1954
f 1955 2047 2043
f 1955 2043 2048
f 1955 2048 2049
f 1955 2049 2050
f 1955 2050 2051
f 1955 2051 1957
f 1955 1957 1956
f 1957 2051 2050
f 1957 2050 2052
f 1957 2052 2053
f 1957 2053 1958
f 1958 2053 2054
f 1958 2054 1959
f 1959 2054 1976
f 1959 1976 1975
f 1959 1975 1960
f 1961 2055 2056
f 1961 2056 2057
f 1961 2057 1962
f 1961 1965 2058
f 1961 2058 2059
f 1961 2059 2055
f 1962 2056 2060
f 1962 2060 2061
f 1962 2061 2062
f 1962 2062 2063
f 1962 2063 1970
f 1962 1970 1963
f 1962 2057 2056
f 1963 1970 1969
f 1965 1968 1967
f 1965 1967 2064
f 1965 2064 2065
f 1965 2065 2066
f 1965 2066 2067
f 1965 2067 2068
f 1965 2068 2059
f 1965 2059 2058
f 1966 1974 2064
f 1966 2064 1967
f 1970 2063 2062
f 1971 2069 2070
f 1971 2070 1974
f 1971 1972 2071
f 1971 2071 2069
f 1972 1973 2072
f 1972 2072 2071
f 1973 2073 2072
f 1973 1977 2074
f 1973 2074 2073
f 1974 2065 2064
f 1974 2070 2065
f 1976 2054 2075
f 1976 2075 1977
f 1977 2076 2074
f 1977 2075 2076
f 1979 2077 2078
f 1979 2078 2079
f 1979 2079 1980
f 1980 2079 2080
f 1980 2080 1981
f 1981 2081 2082
f 1981 2082 1982
f 1981 2080 2081
f 1982 2082 1983
f 1983 2082 2083
f 1983 2083 2084
f 1983 2084 1984
f 1984 1986 1985
f 1984 2084 2085
f 1984 2085 1986
f 1986 2085 2086
f 1986 2086 1987
f 1987 2086 1989
f 1987 1989 1988
f 1989 2087 2088
f 1989 2088 1990
f 1989 2086 2087
f 1990 2088 2089
f 1990 2089 2090
f 1990 2090 1991
f 1991 2090 2091
f 1991 2091 2092
f 1991 2092 2093
f 1991 2093 1992
f 1992 2093 1993
f 1993 2093 1994
f 1994 2093 2094
f 1994 2094 2095
f 1994 2095 1995
f 1995 2096 2097
f 1995 2097 1997
f 1995 2095 2096
f 1997 2097 2098
f 1997 2098 1998
f 1998 2098 2099
f 1998 2099 1999
f 1999 2099 2100
f 1999 2100 2101
f 1999 2101 2000
f 2000 2101 2102
f 2000 2102 2103
f 2000 2103 2001
f 2001 2103 2104
f 2001 2104 2003
f 2001 2003 2002
f 2003 2104 2004
f 2004 2104 2105
f 2004 2105 2005
f 2005 2106 2107
f 2005 2107 2108
f 2005 2108 2006
f 2005 2105 2106
f 2006 2108 2007
f 2007 2108 2109
f 2007 2109 2110
f 2007 2110 2111
f 2007 2111 2008
f 2008 2111 2009
f 2009 2111 2112
f 2009 2112 2113
f 2009 2113 2010
f 2010 2113 2011
f 2011 2113 2114
f 2011 2114 2012
f 2012 2114 2115
f 2012 2115 2116
f 2012 2116 2013
f 2013 2116 2117
f 2013 2117 2014
f 2014 2117 2015
f 2015 2117 2016
f 2016 2117 2118
f 2016 2118 2017
f 2017 2119 2018
f 2017 2118 2120
f 2017 2120 2119
f 2018 2119 2121
f 2018 2121 2020
f 2018 2020 2019
f 2020 2121 2122
f 2020 2122 2021
f 2021 2122 2123
f 2021 2123 2124
f 2021 2124 2125
f 2021 2125 2022
f 2022 2125 2023
f 2023 2125 2025
f 2023 2025 2024
f 2025 2125 2126
f 2026 2035 2034
f 2026 2034 2127
f 2026 2127 2128
f 2026 2128 2029
f 2026 2029 2027
f 2028 2029 2129
f 2028 2129 2130
f 2028 2130 2131
f 2028 2131 2132
f 2028 2132 2039
f 2029 2128 2129
f 2031 2133 2033
f 2031 2032 2133
f 2032 2134 2133
f 2033 2133 2034
f 2034 2133 2127
f 2036 2135 2136
f 2036 2136 2037
f 2036 2038 2040
f 2036 2040 2137
f 2036 2137 2135
f 2037 2136 2041
f 2039 2132 2138
f 2039 2138 2040
f 2040 2138 2139
f 2040 2139 2140
f 2040 2140 2141
f 2040 2141 2137
f 2041 2136 2142
f 2041 2142 2042
f 2042 2143 2046
f 2042 2142 2144
f 2042 2144 2145
f 2042 2145 2143
f 2043 2045 2048
f 2044 2146 2045
f 2044 2046 2147
f 2044 2147 2146
f 2045 2146 2048
f 2046 2148 2146
f 2046 2146 2147
f 2046 2143 2149
f 2046 2149 2148
f 2048 2146 2150
f 2048 2150 2151
f 2048 2151 2152
f 2048 2152 2049
f 2049 2152 2050
f 2050 2153 2154
f 2050 2154 2052
f 2050 2152 2153
f 2052 2155 2053
f 2052 2154 2155
f 2053 2156 2075
f 2053 2075 2054
f 2053 2155 2156
f 2055 2157 2056
f 2055 2059 2068
f 2055 2068 2158
f 2055 2158 2157
f 2056 2159 2160
f 2056 2160 2161
f 2056 2161 2060
f 2056 2157 2162
f 2056 2162 2159
f 2060 2161 2163
f 2065 2070 2164
f 2065 2164 2165
f 2065 2165 2066
f 2066 2166 2067
f 2066 2165 2166
f 2067 2166 2167
f 2067 2167 2168
f 2067 2168 2158
f 2067 2158 2068
f 2069 2071 2070
f 2070 2169 2165
f 2070 2165 2164
f 2070 2071 2170
f 2070 2170 2169
f 2071 2072 2073
f 2071 2073 2170
f 2073 2171 2170
f 2073 2074 2172
f 2073 2172 2171
f 2074 2076 2172
f 2075 2156 2076
f 2076 2156 2173
f 2076 2173 2174
f 2076 2174 2172
f 2077 2175 2078
f 2078 2175 2176
f 2078 2176 2177
f 2078 2177 2178
f 2078 2178 2080
f 2078 2080 2079
f 2080 2178 2179
f 2080 2179 2180
f 2080 2180 2081
f 2081 2180 2181
f 2081 2181 2179
f 2081 2179 2182
f 2081 2182 2082
f 2082 2182 2183
f 2082 2183 2083
f 2083 2184 2185
f 2083 2185 2186
f 2083 2186 2084
f 2083 2183 2182
f 2083 2182 2184
f 2084 2186 2187
f 2084 2187 2085
f 2085 2187 2188
f 2085 2188 2086
f 2086 2188 2087
f 2087 2188 2189
f 2087 2189 2190
f 2087 2190 2191
f 2087 2191 2088
f 2088 2191 2089
f 2089 2091 2090
f 2089 2191 2192
f 2089 2192 2193
f 2089 2193 2194
f 2089 2194 2091
f 2091 2194 2195
f 2091 2195 2093
f 2091 2093 2092
f 2093 2195 2094
f 2094 2196 2095
f 2094 2195 2196
f 2095 2196 2197
f 2095 2197 2198
f 2095 2198 2199
f 2095 2199 2096
f 2096 2199 2198
f 2096 2198 2200
f 2096 2200 2097
f 2097 2200 2201
f 2097 2201 2098
f 2098 2201 2099
f 2099 2201 2202
f 2099 2202 2203
f 2099 2203 2204
f 2099 2204 2100
f 2100 2204 2101
f 2101 2204 2205
f 2101 2205 2102
f 2102 2205 2206
f 2102 2206 2103
f 2103 2206 2104
f 2104 2206 2105
f 2105 2206 2207
f 2105 2207 2208
f 2105 2208 2209
f 2105 2209 2106
f 2106 2209 2107
f 2107 2209 2210
f 2107 2210 2211
f 2107 2211 2110
f 2107 2110 2108
f 2108 2110 2109
f 2110 2211 2212
f 2110 2212 2213
f 2110 2213 2214
f 2110 2214 2111
f 2111 2214 2215
f 2111 2215 2112
f 2112 2215 2216
f 2112 2216 2217
f 2112 2217 2114
f 2112 2114 2113
f 2114 2217 2218
f 2114 2218 2219
f 2114 2219 2115
f 2115 2219 2220
f 2115 2220 2221
f 2115 2221 2116
f 2116 2221 2222
f 2116 2222 2223
f 2116 2223 2118
f 2116 2118 2117
f 2118 2223 2120
f 2119 2224 2225
f 2119 2225 2226
f 2119 2226 2121
f 2119 2120 2224
f 2120 2223 2222
f 2120 2222 2224
f 2121 2226 2227
f 2121 2227 2122
f 2122 2227 2228
f 2122 2228 2123
f 2123 2228 2229
f 2123 2229 2124
f 2124 2229 2126
f 2124 2126 2125
f 2126 2229 2231
f 2126 2231 2232
f 2126 2232 2230
f 2127 2133 2233
f 2127 2233 2234
f 2127 2234 2128
f 2128 2234 2235
f 2128 2235 2129
f 2129 2235 2236
f 2129 2236 2237
f 2129 2237 2130
f 2130 2237 2131
f 2131 2237 2238
f 2131 2238 2132
f 2132 2238 2138
f 2133 2239 2233
f 2133 2134 2239
f 2134 2240 2241
f 2134 2241 2242
f 2134 2242 2243
f 2134 2243 2244
f 2134 2244 2245
f 2134 2245 2239
f 2135 2246 2145
f 2135 2145 2142
f 2135 2142 2136
f 2135 2137 2247
f 2135 2247 2246
f 2137 2141 2247
f 2138 2248 2139
f 2138 2238 2248
f 2139 2248 2249
f 2139 2249 2140
f 2140 2249 2250
f 2140 2250 2251
f 2140 2251 2141
f 2141 2251 2247
f 2142 2145 2144
f 2143 2252 2149
f 2143 2145 2252
f 2145 2246 2253
f 2145 2253 2254
f 2145 2254 2252
f 2146 2255 2150
f 2146 2148 2255
f 2148 2149 2252
f 2148 2252 2256
f 2148 2256 2255
f 2150 2255 2257
f 2150 2257 2258
f 2150 2258 2151
f 2151 2258 2152
f 2152 2258 2259
f 2152 2259 2153
f 2153 2260 2154
f 2153 2259 2260
f 2154 2260 2261
f 2154 2261 2262
f 2154 2262 2155
f 2155 2262 2263
f 2155 2263 2264
f 2155 2264 2156
f 2156 2264 2173
f 2157 2265 2162
f 2157 2158 2265
f 2158 2168 2265
f 2159 2266 2160
f 2159 2162 2266
f 2160 2266 2267
f 2160 2267 2268
f 2160 2268 2269
f 2160 2269 2161
f 2161 2269 2163
f 2162 2265 2270
f 2162 2270 2271
f 2162 2271 2268
f 2162 2268 2267
f 2162 2267 2266
f 2163 2269 2272
f 2165 2169 2273
f 2165 2273 2274
f 2165 2274 2275
f 2165 2275 2276
f 2165 2276 2166
f 2166 2276 2167
f 2167 2276 2168
f 2168 2276 2277
f 2168 2277 2278
f 2168 2278 2279
f 2168 2279 2270
f 2168 2270 2265
f 2169 2280 2273
f 2169 2170 2171
f 2169 2171 2280
f 2171 2172 2281
f 2171 2281 2282
f 2171 2282 2280
f 2172 2174 2281
f 2173 2264 2174
f 2174 2283 2281
f 2174 2264 2284
f 2174 2284 2283
f 2176 2285 2286
f 2176 2286 2177
f 2177 2287 2288
f 2177 2288 2178
f 2177 2286 2289
f 2177 2289 2290
f 2177 2290 2287
f 2178 2288 2291
f 2178 2291 2179
f 2179 2181 2180
f 2179 2291 2292
f 2179 2292 2293
f 2179 2293 2182
f 2182 2293 2294
f 2182 2294 2184
f 2184 2295 2296
f 2184 2296 2185
f 2184 2294 2295
f 2185 2296 2187
f 2185 2187 2186
f 2187 2296 2297
f 2187 2297 2189
f 2187 2189 2188
f 2189 2297 2298
f 2189 2298 2190
f 2190 2299 2300
f 2190 2300 2301
f 2190 2301 2191
f 2190 2298 2299
f 2191 2301 2192
f 2192 2301 2302
f 2192 2302 2193
f 2193 2302 2303
f 2193 2303 2196
f 2193 2196 2194
f 2194 2196 2195
f 2196 2303 2197
f 2197 2303 2304
f 2197 2304 2305
f 2197 2305 2198
f 2198 2305 2306
f 2198 2306 2307
f 2198 2307 2200
f 2200 2307 2201
f 2201 2307 2308
f 2201 2308 2202
f 2202 2309 2203
f 2202 2308 2309
f 2203 2309 2310
f 2203 2310 2311
f 2203 2311 2204
f 2204 2311 2310
f 2204 2310 2312
f 2204 2312 2207
f 2204 2207 2205
f 2205 2207 2206
f 2207 2312 2313
f 2207 2313 2314
f 2207 2314 2208
f 2208 2314 2209
f 2209 2314 2210
f 2210 2315 2211
f 2210 2314 2315
f 2211 2316 2317
f 2211 2317 2213
f 2211 2213 2212
f 2211 2315 2316
f 2213 2215 2214
f 2213 2317 2318
f 2213 2318 2319
f 2213 2319 2217
f 2213 2217 2216
f 2213 2216 2215
f 2217 2319 2320
f 2217 2320 2321
f 2217 2321 2218
f 2218 2321 2320
f 2218 2320 2322
f 2218 2322 2323
f 2218 2323 2324
f 2218 2324 2325
f 2218 2325 2326
f 2218 2326 2219
f 2219 2326 2220
f 2220 2326 2327
f 2220 2327 2222
f 2220 2222 2221
f 2222 2327 2328
f 2222 2328 2224
f 2224 2328 2225
f 2225 2329 2330
f 2225 2330 2331
f 2225 2331 2226
f 2225 2328 2329
f 2226 2331 2227
f 2227 2331 2228
f 2228 2232 2231
f 2228 2231 2229
f 2228 2331 2332
f 2228 2332 2232
f 2230 2232 2334
f 2230 2334 2335
f 2230 2335 2336
f 2230 2336 2333
f 2232 2335 2334
f 2232 2332 2335
f 2233 2337 2234
f 2233 2239 2245
f 2233 2245 2337
f 2234 2337 2245
f 2234 2245 2338
f 2234 2338 2339
f 2234 2339 2236
f 2234 2236 2235
f 2236 2340 2237
f 2236 2339 2340
f 2237 2340 2238
f 2238 2340 2341
f 2238 2341 2342
f 2238 2342 2248
f 2240 2343 2241
f 2241 2344 2345
f 2241 2345 2346
f 2241 2346 2242
f 2241 2343 2347
f 2241 2347 2348
f 2241 2348 2344
f 2242 2346 2243
f 2243 2346 2349
f 2243 2349 2338
f 2243 2338 2245
f 2243 2245 2244
f 2246 2350 2253
f 2246 2247 2351
f 2246 2351 2350
f 2247 2251 2352
f 2247 2352 2351
f 2248 2342 2249
f 2249 2353 2250
f 2249 2342 2354
f 2249 2354 2353
f 2250 2353 2355
f 2250 2355 2356
f 2250 2356 2357
f 2250 2357 2352
f 2250 2352 2251
f 2252 2254 2358
f 2252 2358 2359
f 2252 2359 2360
f 2252 2360 2256
f 2253 2350 2254
f 2254 2361 2359
f 2254 2359 2358
f 2254 2350 2361
f 2255 2256 2362
f 2255 2362 2257
f 2256 2360 2363
f 2256 2363 2362
f 2257 2362 2364
f 2257 2364 2365
f 2257 2365 2259
f 2257 2259 2258
f 2259 2366 2260
f 2259 2365 2364
f 2259 2364 2367
f 2259 2367 2368
f 2259 2368 2366
f 2260 2369 2262
f 2260 2262 2261
f 2260 2366 2369
f 2262 2369 2263
f 2263 2370 2284
f 2263 2284 2264
f 2263 2369 2371
f 2263 2371 2370
f 2268 2271 2269
f 2269 2372 2373
f 2269 2373 2374
f 2269 2374 2272
f 2269 2271 2375
f 2269 2375 2372
f 2270 2376 2377
f 2270 2377 2375
f 2270 2375 2271
f 2270 2279 2278
f 2270 2278 2378
f 2270 2378 2379
f 2270 2379 2376
f 2273 2280 2380
f 2273 2380 2275
f 2273 2275 2274
f 2275 2380 2381
f 2275 2381 2276
f 2276 2381 2277
f 2277 2382 2278
f 2277 2381 2382
f 2278 2382 2383
f 2278 2383 2384
f 2278 2384 2378
f 2280 2385 2380
f 2280 2282 2386
f 2280 2386 2385
f 2281 2283 2387
f 2281 2387 2388
f 2281 2388 2282
f 2282 2388 2386
f 2283 2284 2389
f 2283 2389 2387
f 2284 2370 2390
f 2284 2390 2389
f 2285 2391 2286
f 2286 2391 2290
f 2286 2290 2289
f 2287 2392 2393
f 2287 2393 2394
f 2287 2394 2292
f 2287 2292 2291
f 2287 2291 2288
f 2287 2290 2395
f 2287 2395 2396
f 2287 2396 2392
f 2292 2394 2397
f 2292 2397 2398
f 2292 2398 2293
f 2293 2398 2295
f 2293 2295 2294
f 2295 2398 2399
f 2295 2399 2400
f 2295 2400 2296
f 2296 2400 2401
f 2296 2401 2297
f 2297 2401 2402
f 2297 2402 2298
f 2298 2402 2403
f 2298 2403 2299
f 2299 2404 2300
f 2299 2403 2405
f 2299 2405 2406
f 2299 2406 2404
f 2300 2404 2407
f 2300 2407 2301
f 2301 2407 2302
f 2302 2408 2409
f 2302 2409 2303
f 2302 2407 2408
f 2303 2409 2410
f 2303 2410 2304
f 2304 2410 2411
f 2304 2411 2412
f 2304 2412 2413
f 2304 2413 2305
f 2305 2413 2412
f 2305 2412 2306
f 2306 2412 2414
f 2306 2414 2307
f 2307 2414 2308
f 2308 2414 2415
f 2308 2415 2309
f 2309 2415 2416
f 2309 2416 2417
f 2309 2417 2310
f 2310 2417 2418
f 2310 2418 2419
f 2310 2419 2313
f 2310 2313 2312
f 2313 2419 2420
f 2313 2420 2421
f 2313 2421 2422
f 2313 2422 2314
f 2314 2422 2315
f 2315 2422 2421
f 2315 2421 2316
f 2316 2421 2423
f 2316 2423 2424
f 2316 2424 2425
f 2316 2425 2317
f 2317 2425 2318
f 2318 2426 2427
f 2318 2427 2428
f 2318 2428 2319
f 2318 2425 2424
f 2318 2424 2426
f 2319 2428 2320
f 2320 2429 2322
f 2320 2428 2429
f 2322 2429 2430
f 2322 2430 2323
f 2323 2430 2431
f 2323 2431 2432
f 2323 2432 2433
f 2323 2433 2324
f 2324 2433 2325
f 2325 2433 2434
f 2325 2434 2435
f 2325 2435 2328
f 2325 2328 2327
f 2325 2327 2326
f 2328 2435 2330
f 2328 2330 2329
f 2330 2436 2437
f 2330 2437 2332
f 2330 2332 2331
f 2330 2435 2436
f 2332 2437 2335
f 2333 2336 2438
f 2335 2437 2436
f 2335 2436 2439
f 2335 2439 2336
f 2336 2439 2440
f 2336 2440 2441
f 2336 2441 2438
f 2338 2349 2339
f 2339 2349 2340
f 2340 2349 2442
f 2340 2442 2341
f 2341 2442 2443
f 2341 2443 2342
f 2342 2443 2444
f 2342 2444 2445
f 2342 2445 2354
f 2344 2348 2345
f 2345 2446 2447
f 2345 2447 2448
f 2345 2448 2346
f 2345 2348 2446
f 2346 2448 2449
f 2346 2449 2442
f 2346 2442 2349
f 2348 2450 2451
f 2348 2451 2446
f 2350 2452 2453
f 2350 2453 2361
f 2350 2351 2454
f 2350 2454 2452
f 2351 2352 2357
f 2351 2357 2455
f 2351 2455 2454
f 2353 2354 2445
f 2353 2445 2355
f 2355 2445 2456
f 2355 2456 2356
f 2356 2457 2458
f 2356 2458 2459
f 2356 2459 2454
f 2356 2454 2357
f 2356 2456 2460
f 2356 2460 2461
f 2356 2461 2457
f 2357 2454 2455
f 2359 2363 2360
f 2359 2361 2462
f 2359 2462 2463
f 2359 2463 2464
f 2359 2464 2465
f 2359 2465 2363
f 2361 2453 2462
f 2362 2363 2465
f 2362 2465 2364
f 2364 2466 2368
f 2364 2368 2367
f 2364 2465 2467
f 2364 2467 2468
f 2364 2468 2466
f 2366 2368 2469
f 2366 2469 2470
f 2366 2470 2471
f 2366 2471 2371
f 2366 2371 2369
f 2368 2466 2469
f 2370 2371 2472
f 2370 2472 2473
f 2370 2473 2390
f 2371 2471 2474
f 2371 2474 2472
f 2372 2475 2476
f 2372 2375 2475
f 2375 2477 2478
f 2375 2478 2475
f 2375 2377 2477
f 2376 2479 2377
f 2376 2379 2479
f 2377 2479 2477
f 2378 2384 2379
f 2379 2384 2480
f 2379 2480 2479
f 2380 2481 2381
f 2380 2385 2482
f 2380 2482 2481
f 2381 2481 2383
f 2381 2383 2382
f 2383 2483 2480
f 2383 2480 2384
f 2383 2481 2484
f 2383 2484 2485
f 2383 2485 2486
f 2383 2486 2483
f 2385 2386 2482
f 2386 2388 2487
f 2386 2487 2488
f 2386 2488 2482
f 2387 2389 2489
f 2387 2489 2490
f 2387 2490 2487
f 2387 2487 2388
f 2389 2390 2473
f 2389 2473 2489
f 2392 2491 2492
f 2392 2492 2393
f 2392 2396 2491
f 2393 2492 2493
f 2393 2493 2494
f 2393 2494 2495
f 2393 2495 2394
f 2394 2495 2397
f 2395 2496 2396
f 2396 2496 2497
f 2396 2497 2491
f 2397 2498 2499
f 2397 2499 2398
f 2397 2495 2494
f 2397 2494 2498
f 2398 2499 2399
f 2399 2500 2501
f 2399 2501 2502
f 2399 2502 2400
f 2399 2499 2500
f 2400 2502 2503
f 2400 2503 2401
f 2401 2503 2403
f 2401 2403 2402
f 2403 2504 2405
f 2403 2503 2504
f 2404 2406 2505
f 2404 2505 2408
f 2404 2408 2407
f 2405 2506 2406
f 2405 2504 2507
f 2405 2507 2506
f 2406 2507 2505
f 2406 2506 2507
f 2408 2505 2508
f 2408 2508 2509
f 2408 2509 2409
f 2409 2509 2410
f 2410 2509 2510
f 2410 2510 2411
f 2411 2510 2511
f 2411 2511 2412
f 2412 2512 2414
f 2412 2511 2513
f 2412 2513 2512
f 2414 2512 2513
f 2414 2513 2514
f 2414 2514 2515
f 2414 2515 2416
f 2414 2416 2415
f 2416 2515 2516
f 2416 2516 2517
f 2416 2517 2418
f 2416 2418 2417
f 2418 2517 2518
f 2418 2518 2519
f 2418 2519 2419
f 2419 2519 2520
f 2419 2520 2521
f 2419 2521 2420
f 2420 2521 2421
f 2421 2522 2523
f 2421 2523 2423
f 2421 2521 2522
f 2423 2523 2424
f 2424 2523 2524
f 2424 2524 2525
f 2424 2525 2426
f 2426 2525 2526
f 2426 2526 2527
f 2426 2527 2427
f 2427 2527 2528
f 2427 2528 2428
f 2428 2528 2429
f 2429 2528 2430
f 2430 2528 2529
f 2430 2529 2530
f 2430 2530 2431
f 2431 2530 2531
f 2431 2531 2432
f 2432 2531 2433
f 2433 2531 2532
f 2433 2532 2533
f 2433 2533 2434
f 2434 2533 2435
f 2435 2533 2534
f 2435 2534 2436
f 2436 2534 2535
f 2436 2535 2439
f 2438 2441 2536
f 2439 2535 2440
f 2440 2537 2538
f 2440 2538 2441
f 2440 2535 2539
f 2440 2539 2540
f 2440 2540 2537
f 2441 2538 2536
f 2442 2449 2541
f 2442 2541 2443
f 2443 2541 2444
f 2444 2542 2445
f 2444 2541 2543
f 2444 2543 2542
f 2445 2542 2544
f 2445 2544 2456
f 2446 2451 2447
f 2447 2545 2448
f 2447 2451 2545
f 2448 2546 2449
f 2448 2545 2546
f 2449 2547 2541
f 2449 2546 2547
f 2450 2548 2549
f 2450 2549 2545
f 2450 2545 2451
f 2452 2550 2551
f 2452 2551 2552
f 2452 2552 2553
f 2452 2553 2453
f 2452 2454 2458
f 2452 2458 2550
f 2453 2553 2462
f 2454 2459 2458
f 2456 2544 2460
f 2457 2554 2458
f 2457 2461 2460
f 2457 2460 2555
f 2457 2555 2556
f 2457 2556 2554
f 2458 2554 2550
f 2460 2544 2557
f 2460 2557 2558
f 2460 2558 2559
f 2460 2559 2555
f 2462 2553 2463
f 2463 2553 2464
f 2464 2560 2465
f 2464 2553 2560
f 2465 2561 2467
f 2465 2560 2561
f 2466 2562 2469
f 2466 2468 2562
f 2467 2561 2563
f 2467 2563 2468
f 2468 2563 2564
f 2468 2564 2565
f 2468 2565 2566
f 2468 2566 2562
f 2469 2562 2567
f 2469 2567 2568
f 2469 2568 2470
f 2470 2568 2471
f 2471 2568 2569
f 2471 2569 2474
f 2472 2474 2473
f 2473 2570 2571
f 2473 2571 2572
f 2473 2572 2489
f 2473 2474 2570
f 2474 2569 2570
f 2475 2478 2476
f 2476 2478 2573
f 2477 2574 2573
f 2477 2573 2478
f 2477 2479 2574
f 2479 2575 2576
f 2479 2576 2577
f 2479 2577 2578
f 2479 2578 2579
f 2479 2579 2580
f 2479 2580 2581
f 2479 2581 2574
f 2479 2480 2582
f 2479 2582 2583
f 2479 2583 2575
f 2480 2483 2584
f 2480 2584 2585
f 2480 2585 2582
f 2481 2482 2488
f 2481 2488 2484
f 2483 2486 2485
f 2483 2485 2586
f 2483 2586 2584
f 2484 2488 2587
f 2484 2587 2588
f 2484 2588 2589
f 2484 2589 2485
f 2485 2589 2586
f 2487 2590 2488
f 2487 2490 2591
f 2487 2591 2590
f 2488 2590 2587
f 2489 2572 2490
f 2490 2572 2591
f 2491 2592 2492
f 2491 2497 2592
f 2492 2592 2493
f 2493 2593 2594
f 2493 2594 2494
f 2493 2592 2593
f 2494 2594 2595
f 2494 2595 2596
f 2494 2596 2597
f 2494 2597 2598
f 2494 2598 2498
f 2497 2599 2592
f 2498 2597 2600
f 2498 2600 2499
f 2498 2598 2597
f 2499 2600 2601
f 2499 2601 2500
f 2500 2601 2501
f 2501 2601 2602
f 2501 2602 2502
f 2502 2603 2604
f 2502 2604 2503
f 2502 2602 2603
f 2503 2604 2504
f 2504 2605 2507
f 2504 2604 2605
f 2505 2606 2607
f 2505 2607 2608
f 2505 2608 2609
f 2505 2609 2508
f 2505 2507 2606
f 2507 2605 2610
f 2507 2610 2611
f 2507 2611 2612
f 2507 2612 2607
f 2507 2607 2606
f 2508 2609 2510
f 2508 2510 2509
f 2510 2608 2613
f 2510 2613 2614
f 2510 2614 2615
f 2510 2615 2511
f 2510 2609 2608
f 2511 2615 2616
f 2511 2616 2513
f 2513 2616 2617
f 2513 2617 2618
f 2513 2618 2516
f 2513 2516 2514
f 2514 2516 2515
f 2516 2618 2619
f 2516 2619 2620
f 2516 2620 2517
f 2517 2620 2518
f 2518 2620 2621
f 2518 2621 2622
f 2518 2622 2519
f 2519 2622 2623
f 2519 2623 2520
f 2520 2623 2624
f 2520 2624 2625
f 2520 2625 2521
f 2521 2625 2624
f 2521 2624 2522
f 2522 2624 2524
f 2522 2524 2523
f 2524 2624 2626
f 2524 2626 2627
f 2524 2627 2526
f 2524 2526 2525
f 2526 2627 2628
f 2526 2628 2629
f 2526 2629 2527
f 2527 2630 2529
f 2527 2529 2528
f 2527 2629 2630
f 2529 2630 2631
f 2529 2631 2530
f 2530 2632 2633
f 2530 2633 2634
f 2530 2634 2635
f 2530 2635 2531
f 2530 2631 2632
f 2531 2635 2636
f 2531 2636 2532
f 2532 2636 2637
f 2532 2637 2533
f 2533 2637 2539
f 2533 2539 2534
f 2534 2539 2535
f 2536 2538 2638
f 2537 2540 2639
f 2537 2639 2640
f 2537 2640 2641
f 2537 2641 2642
f 2537 2642 2638
f 2537 2638 2538
f 2539 2637 2540
f 2540 2637 2636
f 2540 2636 2643
f 2540 2643 2639
f 2541 2547 2543
f 2542 2543 2644
f 2542 2644 2544
f 2543 2645 2544
f 2543 2544 2644
f 2543 2547 2645
f 2544 2645 2646
f 2544 2646 2647
f 2544 2647 2557
f 2545 2549 2648
f 2545 2648 2649
f 2545 2649 2650
f 2545 2650 2651
f 2545 2651 2546
f 2546 2651 2547
f 2547 2651 2650
f 2547 2650 2646
f 2547 2646 2645
f 2548 2652 2549
f 2549 2652 2648
f 2550 2653 2551
f 2550 2554 2654
f 2550 2654 2653
f 2551 2653 2655
f 2551 2655 2656
f 2551 2656 2657
f 2551 2657 2552
f 2552 2657 2553
f 2553 2657 2658
f 2553 2658 2560
f 2554 2659 2654
f 2554 2556 2659
f 2555 2559 2660
f 2555 2660 2556
f 2556 2660 2661
f 2556 2661 2662
f 2556 2662 2659
f 2557 2647 2663
f 2557 2663 2558
f 2558 2664 2559
f 2558 2663 2665
f 2558 2665 2664
f 2559 2664 2660
f 2560 2658 2666
f 2560 2666 2563
f 2560 2563 2561
f 2562 2566 2567
f 2563 2667 2564
f 2563 2666 2667
f 2564 2667 2668
f 2564 2668 2566
f 2564 2566 2565
f 2566 2669 2670
f 2566 2670 2671
f 2566 2671 2567
f 2566 2668 2669
f 2567 2671 2672
f 2567 2672 2673
f 2567 2673 2568
f 2568 2673 2674
f 2568 2674 2675
f 2568 2675 2569
f 2569 2675 2570
f 2570 2676 2571
f 2570 2675 2676
f 2571 2677 2572
f 2571 2676 2677
f 2572 2677 2678
f 2572 2678 2591
f 2573 2574 2679
f 2574 2680 2681
f 2574 2681 2682
f 2574 2682 2683
f 2574 2683 2679
f 2574 2581 2684
f 2574 2684 2580
f 2574 2580 2680
f 2575 2583 2585
f 2575 2585 2576
f 2576 2685 2686
f 2576 2686 2577
f 2576 2585 2687
f 2576 2687 2688
f 2576 2688 2689
f 2576 2689 2690
f 2576 2690 2685
f 2577 2686 2691
f 2577 2691 2578
f 2578 2691 2692
f 2578 2692 2693
f 2578 2693 2580
f 2578 2580 2579
f 2580 2693 2680
f 2580 2684 2581
f 2582 2585 2583
f 2584 2586 2585
f 2585 2586 2694
f 2585 2694 2688
f 2585 2688 2687
f 2586 2589 2695
f 2586 2695 2688
f 2586 2688 2694
f 2587 2590 2696
f 2587 2696 2697
f 2587 2697 2588
f 2588 2698 2589
f 2588 2697 2699
f 2588 2699 2700
f 2588 2700 2698
f 2589 2698 2695
f 2590 2591 2701
f 2590 2701 2696
f 2591 2678 2701
f 2592 2702 2703
f 2592 2703 2593
f 2592 2599 2702
f 2593 2704 2705
f 2593 2705 2595
f 2593 2595 2594
f 2593 2703 2706
f 2593 2706 2707
f 2593 2707 2704
f 2595 2708 2709
f 2595 2709 2596
f 2595 2705 2708
f 2596 2709 2597
f 2597 2709 2600
f 2599 2710 2702
f 2600 2711 2712
f 2600 2712 2601
f 2600 2709 2711
f 2601 2712 2603
f 2601 2603 2602
f 2603 2713 2714
f 2603 2714 2715
f 2603 2715 2716
f 2603 2716 2604
f 2603 2712 2713
f 2604 2716 2605
f 2605 2716 2717
f 2605 2717 2611
f 2605 2611 2610
f 2607 2612 2718
f 2607 2718 2719
f 2607 2719 2613
f 2607 2613 2608
f 2611 2717 2720
f 2611 2720 2721
f 2611 2721 2722
f 2611 2722 2723
f 2611 2723 2612
f 2612 2723 2724
f 2612 2724 2718
f 2613 2719 2614
f 2614 2719 2725
f 2614 2725 2726
f 2614 2726 2727
f 2614 2727 2728
f 2614 2728 2615
f 2615 2728 2616
f 2616 2728 2617
f 2617 2729 2730
f 2617 2730 2618
f 2617 2728 2729
f 2618 2730 2619
f 2619 2730 2731
f 2619 2731 2621
f 2619 2621 2620
f 2621 2731 2732
f 2621 2732 2733
f 2621 2733 2734
f 2621 2734 2735
f 2621 2735 2622
f 2622 2735 2623
f 2623 2735 2736
f 2623 2736 2626
f 2623 2626 2624
f 2626 2736 2737
f 2626 2737 2627
f 2627 2737 2738
f 2627 2738 2628
f 2628 2738 2629
f 2629 2738 2739
f 2629 2739 2740
f 2629 2740 2741
f 2629 2741 2630
f 2630 2741 2631
f 2631 2741 2632
f 2632 2742 2743
f 2632 2743 2633
f 2632 2741 2742
f 2633 2743 2634
f 2634 2744 2745
f 2634 2745 2746
f 2634 2746 2747
f 2634 2747 2643
f 2634 2643 2636
f 2634 2636 2635
f 2634 2743 2748
f 2634 2748 2744
f 2639 2643 2747
f 2639 2747 2640
f 2640 2749 2641
f 2640 2747 2749
f 2641 2749 2642
f 2642 2749 2751
f 2642 2751 2745
f 2642 2745 2752
f 2642 2752 2753
f 2642 2753 2750
f 2646 2754 2647
f 2646 2650 2755
f 2646 2755 2754
f 2647 2754 2663
f 2648 2756 2649
f 2648 2652 2756
f 2649 2757 2755
f 2649 2755 2650
f 2649 2756 2757
f 2652 2758 2756
f 2653 2759 2655
f 2653 2654 2659
f 2653 2659 2760
f 2653 2760 2759
f 2655 2761 2762
f 2655 2762 2657
f 2655 2657 2656
f 2655 2759 2761
f 2657 2762 2761
f 2657 2761 2763
f 2657 2763 2764
f 2657 2764 2765
f 2657 2765 2658
f 2658 2765 2666
f 2659 2662 2760
f 2660 2664 2766
f 2660 2766 2767
f 2660 2767 2768
f 2660 2768 2661
f 2661 2768 2662
f 2662 2768 2760
f 2663 2754 2665
f 2664 2665 2766
f 2665 2754 2769
f 2665 2769 2766
f 2666 2765 2667
f 2667 2770 2668
f 2667 2765 2764
f 2667 2764 2770
f 2668 2770 2771
f 2668 2771 2669
f 2669 2772 2773
f 2669 2773 2670
f 2669 2771 2774
f 2669 2774 2775
f 2669 2775 2772
f 2670 2672 2671
f 2670 2773 2776
f 2670 2776 2777
f 2670 2777 2672
f 2672 2777 2673
f 2673 2777 2778
f 2673 2778 2779
f 2673 2779 2676
f 2673 2676 2675
f 2673 2675 2674
f 2676 2779 2780
f 2676 2780 2781
f 2676 2781 2677
f 2677 2781 2678
f 2678 2781 2782
f 2678 2782 2701
f 2680 2693 2681
f 2685 2783 2784
f 2685 2784 2686
f 2685 2690 2785
f 2685 2785 2786
f 2685 2786 2783
f 2686 2784 2691
f 2688 2785 2690
f 2688 2690 2689
f 2688 2695 2787
f 2688 2787 2788
f 2688 2788 2785
f 2691 2784 2789
f 2691 2789 2692
f 2692 2789 2790
f 2692 2790 2791
f 2692 2791 2792
f 2692 2792 2693
f 2695 2698 2793
f 2695 2793 2794
f 2695 2794 2787
f 2696 2701 2782
f 2696 2782 2699
f 2696 2699 2697
f 2698 2700 2793
f 2699 2782 2795
f 2699 2795 2700
f 2700 2795 2796
f 2700 2796 2797
f 2700 2797 2793
f 2702 2706 2703
f 2702 2710 2706
f 2704 2707 2798
f 2704 2798 2799
f 2704 2799 2800
f 2704 2800 2705
f 2705 2800 2709
f 2705 2709 2708
f 2706 2710 2801
f 2706 2801 2707
f 2707 2801 2802
f 2707 2802 2798
f 2709 2800 2803
f 2709 2803 2804
f 2709 2804 2805
f 2709 2805 2711
f 2711 2806 2712
f 2711 2805 2806
f 2712 2806 2713
f 2713 2806 2807
f 2713 2807 2808
f 2713 2808 2714
f 2714 2808 2809
f 2714 2809 2810
f 2714 2810 2811
f 2714 2811 2715
f 2715 2811 2812
f 2715 2812 2716
f 2716 2812 2717
f 2717 2812 2811
f 2717 2811 2720
f 2718 2813 2719
f 2718 2724 2814
f 2718 2814 2813
f 2719 2813 2815
f 2719 2815 2725
f 2720 2816 2817
f 2720 2817 2818
f 2720 2818 2722
f 2720 2722 2721
f 2720 2811 2816
f 2722 2819 2723
f 2722 2818 2819
f 2723 2819 2820
f 2723 2820 2814
f 2723 2814 2724
f 2725 2815 2821
f 2725 2821 2726
f 2726 2821 2727
f 2727 2729 2728
f 2727 2821 2822
f 2727 2822 2823
f 2727 2823 2729
f 2729 2823 2824
f 2729 2824 2825
f 2729 2825 2730
f 2730 2825 2826
f 2730 2826 2731
f 2731 2826 2732
f 2732 2827 2733
f 2732 2826 2828
f 2732 2828 2827
f 2733 2827 2829
f 2733 2829 2734
f 2734 2829 2830
f 2734 2830 2736
f 2734 2736 2735
f 2736 2830 2737
f 2737 2831 2738
f 2737 2830 2831
f 2738 2832 2739
f 2738 2831 2832
f 2739 2833 2740
f 2739 2832 2833
f 2740 2833 2834
f 2740 2834 2741
f 2741 2834 2742
f 2742 2834 2743
f 2743 2834 2835
f 2743 2835 2744
f 2743 2744 2748
f 2744 2835 2836
f 2744 2836 2837
f 2744 2837 2838
f 2744 2838 2745
f 2745 2838 2752
f 2745 2751 2749
f 2745 2749 2839
f 2745 2839 2746
f 2746 2839 2747
f 2747 2839 2749
f 2750 2753 2840
f 2752 2838 2753
f 2753 2838 2841
f 2753 2841 2842
f 2753 2842 2840
f 2754 2843 2769
f 2754 2755 2757
f 2754 2757 2844
f 2754 2844 2843
f 2756 2845 2846
f 2756 2846 2847
f 2756 2847 2848
f 2756 2848 2757
f 2756 2758 2845
f 2757 2848 2849
f 2757 2849 2844
f 2758 2850 2851
f 2758 2851 2847
f 2758 2847 2846
f 2758 2846 2845
f 2759 2852 2761
f 2759 2760 2853
f 2759 2853 2852
f 2760 2768 2854
f 2760 2854 2853
f 2761 2855 2763
f 2761 2852 2855
f 2763 2856 2764
f 2763 2855 2856
f 2764 2856 2857
f 2764 2857 2770
f 2766 2769 2858
f 2766 2858 2859
f 2766 2859 2860
f 2766 2860 2767
f 2767 2861 2862
f 2767 2862 2863
f 2767 2863 2864
f 2767 2864 2768
f 2767 2860 2861
f 2768 2865 2854
f 2768 2864 2865
f 2769 2843 2844
f 2769 2844 2858
f 2770 2857 2771
f 2771 2857 2866
f 2771 2866 2775
f 2771 2775 2774
f 2772 2867 2868
f 2772 2868 2869
f 2772 2869 2870
f 2772 2870 2871
f 2772 2871 2773
f 2772 2775 2867
f 2773 2871 2872
f 2773 2872 2776
f 2775 2866 2873
f 2775 2873 2874
f 2775 2874 2868
f 2775 2868 2867
f 2776 2872 2875
f 2776 2875 2876
f 2776 2876 2778
f 2776 2778 2777
f 2778 2876 2877
f 2778 2877 2780
f 2778 2780 2779
f 2780 2877 2878
f 2780 2878 2781
f 2781 2878 2879
f 2781 2879 2782
f 2782 2879 2880
f 2782 2880 2795
f 2783 2881 2789
f 2783 2789 2784
f 2783 2786 2881
f 2785 2882 2786
f 2785 2788 2883
f 2785 2883 2884
f 2785 2884 2885
f 2785 2885 2882
f 2786 2882 2886
f 2786 2886 2887
f 2786 2887 2881
f 2787 2794 2788
f 2788 2794 2888
f 2788 2888 2883
f 2789 2889 2890
f 2789 2890 2891
f 2789 2891 2790
f 2789 2881 2889
f 2790 2891 2791
f 2791 2891 2892
f 2793 2797 2888
f 2793 2888 2794
f 2795 2880 2796
f 2796 2880 2893
f 2796 2893 2797
f 2797 2894 2888
f 2797 2893 2895
f 2797 2895 2894
f 2798 2802 2896
f 2798 2896 2799
f 2799 2897 2898
f 2799 2898 2899
f 2799 2899 2900
f 2799 2900 2901
f 2799 2901 2800
f 2799 2896 2897
f 2800 2901 2902
f 2800 2902 2903
f 2800 2903 2803
f 2803 2903 2804
f 2804 2903 2904
f 2804 2904 2805
f 2805 2904 2806
f 2806 2904 2905
f 2806 2905 2807
f 2807 2905 2906
f 2807 2906 2907
f 2807 2907 2808
f 2808 2907 2809
f 2809 2907 2908
f 2809 2908 2909
f 2809 2909 2816
f 2809 2816 2810
f 2810 2816 2811
f 2813 2814 2815
f 2814 2910 2911
f 2814 2911 2912
f 2814 2912 2815
f 2814 2820 2910
f 2815 2912 2821
f 2816 2909 2913
f 2816 2913 2817
f 2817 2913 2818
f 2818 2913 2819
f 2819 2914 2820
f 2819 2913 2915
f 2819 2915 2914
f 2820 2914 2916
f 2820 2916 2910
f 2821 2912 2917
f 2821 2917 2918
f 2821 2918 2822
f 2822 2918 2919
f 2822 2919 2920
f 2822 2920 2921
f 2822 2921 2922
f 2822 2922 2824
f 2822 2824 2823
f 2824 2922 2923
f 2824 2923 2825
f 2825 2923 2826
f 2826 2923 2828
f 2827 2924 2925
f 2827 2925 2926
f 2827 2926 2927
f 2827 2927 2829
f 2827 2828 2924
f 2828 2923 2924
f 2829 2927 2928
f 2829 2928 2929
f 2829 2929 2830
f 2830 2929 2831
f 2831 2929 2832
f 2832 2929 2930
f 2832 2930 2833
f 2833 2930 2931
f 2833 2931 2932
f 2833 2932 2933
f 2833 2933 2934
f 2833 2934 2834
f 2834 2934 2835
f 2835 2934 2933
f 2835 2933 2935
f 2835 2935 2836
f 2836 2936 2937
f 2836 2937 2837
f 2836 2935 2936
f 2837 2937 2838
f 2838 2937 2841
f 2840 2842 2939
f 2840 2939 2940
f 2840 2940 2941
f 2840 2941 2942
f 2840 2942 2938
f 2841 2937 2943
f 2841 2943 2842
f 2842 2943 2944
f 2842 2944 2945
f 2842 2945 2946
f 2842 2946 2939
f 2844 2849 2947
f 2844 2947 2948
f 2844 2948 2949
f 2844 2949 2858
f 2847 2851 2947
f 2847 2947 2849
f 2847 2849 2848
f 2850 2950 2851
f 2851 2951 2947
f 2851 2950 2951
f 2852 2952 2953
f 2852 2953 2954
f 2852 2954 2855
f 2852 2853 2955
f 2852 2955 2952
f 2853 2854 2865
f 2853 2865 2955
f 2855 2954 2956
f 2855 2956 2957
f 2855 2957 2958
f 2855 2958 2856
f 2856 2957 2857
f 2856 2958 2957
f 2857 2957 2866
f 2858 2959 2859
f 2858 2949 2959
f 2859 2959 2860
f 2860 2959 2960
f 2860 2960 2961
f 2860 2961 2962
f 2860 2962 2861
f 2861 2963 2964
f 2861 2964 2863
f 2861 2863 2862
f 2861 2962 2963
f 2863 2965 2966
f 2863 2966 2967
f 2863 2967 2968
f 2863 2968 2969
f 2863 2969 2864
f 2863 2964 2965
f 2864 2969 2865
f 2865 2970 2955
f 2865 2969 2970
f 2866 2971 2873
f 2866 2957 2972
f 2866 2972 2971
f 2868 2874 2869
f 2869 2874 2973
f 2869 2973 2974
f 2869 2974 2975
f 2869 2975 2870
f 2870 2975 2976
f 2870 2976 2977
f 2870 2977 2872
f 2870 2872 2871
f 2872 2977 2978
f 2872 2978 2875
f 2873 2971 2874
f 2874 2971 2979
f 2874 2979 2973
f 2875 2978 2980
f 2875 2980 2981
f 2875 2981 2876
f 2876 2981 2877
f 2877 2981 2982
f 2877 2982 2983
f 2877 2983 2879
f 2877 2879 2878
f 2879 2983 2880
f 2880 2983 2893
f 2881 2984 2985
f 2881 2985 2986
f 2881 2986 2889
f 2881 2887 2987
f 2881 2987 2984
f 2882 2988 2886
f 2882 2885 2989
f 2882 2989 2988
f 2883 2888 2894
f 2883 2894 2990
f 2883 2990 2884
f 2884 2991 2885
f 2884 2990 2991
f 2885 2991 2992
f 2885 2992 2989
f 2886 2988 2987
f 2886 2987 2887
f 2889 2986 2890
f 2890 2993 2994
f 2890 2994 2995
f 2890 2995 2996
f 2890 2996 2891
f 2890 2986 2993
f 2891 2996 2995
f 2891 2995 2997
f 2891 2997 2998
f 2891 2998 2892
f 2893 2999 3000
f 2893 3000 3001
f 2893 3001 3002
f 2893 3002 2894
f 2893 2894 2895
f 2893 2983 2999
f 2894 3002 3003
f 2894 3003 2990
f 2896 3004 2898
f 2896 2898 2897
f 2898 3005 3006
f 2898 3006 3007
f 2898 3007 3008
f 2898 3008 2899
f 2898 3004 3009
f 2898 3009 3005
f 2899 3008 2900
f 2900 3008 3010
f 2900 3010 2901
f 2901 3010 2902
f 2902 3010 2903
f 2903 3010 3011
f 2903 3011 2904
f 2904 3012 3013
f 2904 3013 3014
f 2904 3014 2906
f 2904 2906 2905
f 2904 3011 3012
f 2906 3014 3015
f 2906 3015 2907
f 2907 3015 2908
f 2908 3015 3016
f 2908 3016 3017
f 2908 3017 2909
f 2909 3017 3018
f 2909 3018 3019
f 2909 3019 2915
f 2909 2915 2913
f 2910 3020 3021
f 2910 3021 3022
f 2910 3022 2911
f 2910 2916 3020
f 2911 3022 2912
f 2912 3022 2917
f 2914 2915 3019
f 2914 3019 3023
f 2914 3023 3024
f 2914 3024 3020
f 2914 3020 2916
f 2917 2919 2918
f 2917 3022 2919
f 2919 3025 2920
f 2919 3022 3025
f 2920 3025 3026
f 2920 3026 2921
f 2921 3026 2922
f 2922 3026 3027
f 2922 3027 3028
f 2922 3028 2924
f 2922 2924 2923
f 2924 3028 3029
f 2924 3029 2925
f 2925 3029 3030
f 2925 3030 3031
f 2925 3031 2926
f 2926 3031 2927
f 2927 3031 3032
f 2927 3032 2928
f 2928 3032 3033
f 2928 3033 3034
f 2928 3034 2931
f 2928 2931 2930
f 2928 2930 2929
f 2931 3034 2932
f 2932 3035 3036
f 2932 3036 3037
f 2932 3037 3038
f 2932 3038 2933
f 2932 3034 3039
f 2932 3039 3035
f 2933 3038 2935
f 2935 3038 2943
f 2935 2943 2937
f 2935 2937 2936
f 2938 2942 3041
f 2938 3041 3042
f 2938 3042 3040
f 2939 2946 2940
f 2940 2946 2941
f 2941 2946 3043
f 2941 3043 3044
f 2941 3044 2942
f 2942 3044 3041
f 2943 3038 3037
f 2943 3037 2944
f 2944 3045 2945
f 2944 3037 3036
f 2944 3036 3045
f 2945 3045 3043
f 2945 3043 2946
f 2947 2951 2948
f 2948 2951 2949
f 2949 2951 2960
f 2949 2960 2959
f 2950 3046 3047
f 2950 3047 3048
f 2950 3048 2951
f 2951 3049 2960
f 2951 3048 3047
f 2951 3047 3050
f 2951 3050 3049
f 2952 2955 3051
f 2952 3051 2953
f 2953 3051 3052
f 2953 3052 3053
f 2953 3053 3054
f 2953 3054 2954
f 2954 3054 2956
f 2955 2970 2967
f 2955 2967 3051
f 2956 3055 2957
f 2956 3054 3055
f 2957 3055 3056
f 2957 3056 2972
f 2960 3049 2961
f 2961 3049 3050
f 2961 3050 3057
f 2961 3057 3058
f 2961 3058 3059
f 2961 3059 2963
f 2961 2963 2962
f 2963 3060 2964
f 2963 3059 3060
f 2964 3060 3061
f 2964 3061 2965
f 2965 3061 3062
f 2965 3062 3063
f 2965 3063 3064
f 2965 3064 2967
f 2965 2967 2966
f 2967 2970 2968
f 2967 3064 3051
f 2968 2970 2969
f 2971 2972 3065
f 2971 3065 3066
f 2971 3066 2979
f 2972 3056 3065
f 2973 3067 2974
f 2973 2979 3068
f 2973 3068 3069
f 2973 3069 3067
f 2974 3067 3070
f 2974 3070 3071
f 2974 3071 3072
f 2974 3072 2975
f 2975 3072 2976
f 2976 3072 3073
f 2976 3073 2977
f 2977 2980 2978
f 2977 3073 3074
f 2977 3074 3075
f 2977 3075 2980
f 2979 3066 3068
f 2980 2982 2981
f 2980 3075 3076
f 2980 3076 2999
f 2980 2999 2982
f 2982 2999 2983
f 2984 3077 2985
f 2984 2987 3078
f 2984 3078 3079
f 2984 3079 3077
f 2985 3080 3081
f 2985 3081 2994
f 2985 2994 2993
f 2985 2993 2986
f 2985 3077 3080
f 2987 2988 3082
f 2987 3082 3083
f 2987 3083 3079
f 2987 3079 3078
f 2988 2989 3082
f 2989 2992 3082
f 2990 3003 3084
f 2990 3084 2991
f 2991 3084 3085
f 2991 3085 3086
f 2991 3086 2992
f 2992 3086 3082
f 2994 3081 3087
f 2994 3087 3088
f 2994 3088 3089
f 2994 3089 3090
f 2994 3090 2995
f 2995 3090 2997
f 2999 3076 3091
f 2999 3091 3000
f 3000 3092 3093
f 3000 3093 3003
f 3000 3003 3001
f 3000 3091 3094
f 3000 3094 3095
f 3000 3095 3096
f 3000 3096 3092
f 3001 3003 3002
f 3003 3093 3092
f 3003 3092 3097
f 3003 3097 3084
f 3004 3098 3009
f 3005 3099 3100
f 3005 3100 3006
f 3005 3009 3098
f 3005 3098 3099
f 3006 3100 3101
f 3006 3101 3007
f 3007 3102 3103
f 3007 3103 3104
f 3007 3104 3105
f 3007 3105 3008
f 3007 3101 3106
f 3007 3106 3102
f 3008 3105 3107
f 3008 3107 3010
f 3010 3107 3108
f 3010 3108 3109
f 3010 3109 3110
f 3010 3110 3012
f 3010 3012 3011
f 3012 3110 3013
f 3013 3110 3111
f 3013 3111 3112
f 3013 3112 3014
f 3014 3112 3113
f 3014 3113 3114
f 3014 3114 3015
f 3015 3114 3113
f 3015 3113 3115
f 3015 3115 3116
f 3015 3116 3016
f 3016 3116 3017
f 3017 3116 3117
f 3017 3117 3118
f 3017 3118 3018
f 3018 3118 3119
f 3018 3119 3019
f 3019 3119 3023
f 3020 3120 3121
f 3020 3121 3021
f 3020 3024 3122
f 3020 3122 3120
f 3021 3121 3123
f 3021 3123 3124
f 3021 3124 3022
f 3022 3124 3125
f 3022 3125 3025
f 3023 3126 3127
f 3023 3127 3122
f 3023 3122 3024
f 3023 3119 3126
f 3025 3128 3129
f 3025 3129 3026
f 3025 3125 3128
f 3026 3129 3130
f 3026 3130 3027
f 3027 3130 3131
f 3027 3131 3028
f 3028 3131 3132
f 3028 3132 3133
f 3028 3133 3029
f 3029 3133 3030
f 3030 3133 3134
f 3030 3134 3135
f 3030 3135 3031
f 3031 3135 3136
f 3031 3136 3137
f 3031 3137 3034
f 3031 3034 3033
f 3031 3033 3032
f 3034 3138 3039
f 3034 3137 3138
f 3035 3039 3036
f 3036 3039 3139
f 3036 3139 3140
f 3036 3140 3141
f 3036 3141 3045
f 3039 3138 3139
f 3040 3042 3143
f 3040 3143 3142
f 3041 3144 3143
f 3041 3143 3042
f 3041 3044 3145
f 3041 3145 3146
f 3041 3146 3147
f 3041 3147 3144
f 3043 3045 3141
f 3043 3141 3148
f 3043 3148 3145
f 3043 3145 3044
f 3046 3149 3150
f 3046 3150 3047
f 3047 3150 3050
f 3050 3150 3151
f 3050 3151 3152
f 3050 3152 3153
f 3050 3153 3057
f 3051 3064 3154
f 3051 3154 3052
f 3052 3155 3156
f 3052 3156 3157
f 3052 3157 3053
f 3052 3154 3158
f 3052 3158 3159
f 3052 3159 3155
f 3053 3157 3160
f 3053 3160 3054
f 3054 3160 3055
f 3055 3160 3056
f 3056 3160 3161
f 3056 3161 3065
f 3057 3162 3058
f 3057 3153 3163
f 3057 3163 3162
f 3058 3164 3059
f 3058 3162 3165
f 3058 3165 3164
f 3059 3164 3165
f 3059 3165 3060
f 3060 3166 3061
f 3060 3165 3166
f 3061 3166 3062
f 3062 3166 3167
f 3062 3167 3168
f 3062 3168 3158
f 3062 3158 3154
f 3062 3154 3063
f 3063 3154 3064
f 3065 3169 3066
f 3065 3161 3170
f 3065 3170 3169
f 3066 3171 3068
f 3066 3169 3171
f 3067 3069 3172
f 3067 3172 3070
f 3068 3171 3069
f 3069 3171 3173
f 3069 3173 3172
f 3070 3172 3174
f 3070 3174 3175
f 3070 3175 3176
f 3070 3176 3177
f 3070 3177 3071
f 3071 3176 3178
f 3071 3178 3179
f 3071 3179 3072
f 3071 3177 3176
f 3072 3179 3073
f 3073 3179 3074
f 3074 3179 3180
f 3074 3180 3096
f 3074 3096 3075
f 3075 3096 3095
f 3075 3095 3094
f 3075 3094 3076
f 3076 3094 3091
f 3077 3181 3080
f 3077 3079 3182
f 3077 3182 3181
f 3079 3083 3183
f 3079 3183 3184
f 3079 3184 3182
f 3080 3185 3186
f 3080 3186 3187
f 3080 3187 3188
f 3080 3188 3081
f 3080 3181 3185
f 3081 3188 3187
f 3081 3187 3087
f 3082 3086 3083
f 3083 3086 3189
f 3083 3189 3190
f 3083 3190 3191
f 3083 3191 3183
f 3084 3097 3085
f 3085 3192 3189
f 3085 3189 3086
f 3085 3097 3193
f 3085 3193 3192
f 3087 3194 3195
f 3087 3195 3088
f 3087 3187 3194
f 3092 3196 3097
f 3092 3096 3197
f 3092 3197 3196
f 3096 3180 3198
f 3096 3198 3197
f 3097 3196 3199
f 3097 3199 3200
f 3097 3200 3192
f 3097 3192 3193
f 3098 3201 3202
f 3098 3202 3099
f 3099 3202 3203
f 3099 3203 3100
f 3100 3203 3204
f 3100 3204 3101
f 3101 3204 3106
f 3102 3106 3103
f 3103 3106 3205
f 3103 3205 3206
f 3103 3206 3207
f 3103 3207 3208
f 3103 3208 3209
f 3103 3209 3104
f 3104 3209 3105
f 3105 3209 3210
f 3105 3210 3107
f 3106 3204 3205
f 3107 3210 3108
f 3108 3210 3211
f 3108 3211 3109
f 3109 3212 3111
f 3109 3111 3110
f 3109 3211 3212
f 3111 3212 3213
f 3111 3213 3214
f 3111 3214 3112
f 3112 3214 3115
f 3112 3115 3113
f 3115 3215 3216
f 3115 3216 3116
f 3115 3214 3217
f 3115 3217 3215
f 3116 3218 3219
f 3116 3219 3117
f 3116 3216 3218
f 3117 3219 3220
f 3117 3220 3221
f 3117 3221 3118
f 3118 3221 3126
f 3118 3126 3119
f 3120 3222 3123
f 3120 3123 3121
f 3120 3122 3222
f 3122 3127 3223
f 3122 3223 3224
f 3122 3224 3222
f 3123 3225 3226
f 3123 3226 3227
f 3123 3227 3124
f 3123 3222 3225
f 3124 3227 3128
f 3124 3128 3125
f 3126 3221 3228
f 3126 3228 3229
f 3126 3229 3230
f 3126 3230 3223
f 3126 3223 3127
f 3128 3227 3231
f 3128 3231 3232
f 3128 3232 3129
f 3129 3232 3130
f 3130 3232 3131
f 3131 3232 3233
f 3131 3233 3234
f 3131 3234 3132
f 3132 3234 3133
f 3133 3235 3134
f 3133 3234 3235
f 3134 3235 3236
f 3134 3236 3135
f 3135 3236 3237
f 3135 3237 3238
f 3135 3238 3239
f 3135 3239 3137
f 3135 3137 3136
f 3137 3239 3138
f 3138 3239 3139
f 3139 3240 3141
f 3139 3141 3140
f 3139 3239 3238
f 3139 3238 3240
f 3141 3240 3241
f 3141 3241 3242
f 3141 3242 3148
f 3142 3143 3243
f 3143 3144 3244
f 3143 3244 3243
f 3144 3147 3146
f 3144 3146 3245
f 3144 3245 3244
f 3145 3148 3246
f 3145 3246 3146
f 3146 3246 3247
f 3146 3247 3248
f 3146 3248 3245
f 3148 3242 3246
f 3149 3249 3151
f 3149 3151 3150
f 3151 3250 3153
f 3151 3153 3152
f 3151 3249 3250
f 3153 3250 3163
f 3155 3159 3251
f 3155 3251 3252
f 3155 3252 3253
f 3155 3253 3156
f 3156 3253 3157
f 3157 3253 3161
f 3157 3161 3254
f 3157 3254 3160
f 3158 3168 3159
f 3159 3168 3255
f 3159 3255 3251
f 3160 3254 3161
f 3161 3253 3170
f 3162 3256 3165
f 3162 3163 3256
f 3163 3250 3257
f 3163 3257 3258
f 3163 3258 3259
f 3163 3259 3260
f 3163 3260 3256
f 3165 3256 3260
f 3165 3260 3261
f 3165 3261 3262
f 3165 3262 3166
f 3166 3263 3167
f 3166 3262 3263
f 3167 3263 3264
f 3167 3264 3168
f 3168 3264 3265
f 3168 3265 3255
f 3169 3170 3266
f 3169 3266 3267
f 3169 3267 3173
f 3169 3173 3171
f 3170 3253 3268
f 3170 3268 3266
f 3172 3173 3174
f 3173 3269 3174
f 3173 3267 3270
f 3173 3270 3269
f 3174 3269 3271
f 3174 3271 3272
f 3174 3272 3175
f 3175 3272 3176
f 3176 3273 3178
f 3176 3272 3273
f 3178 3274 3179
f 3178 3273 3275
f 3178 3275 3198
f 3178 3198 3180
f 3178 3180 3274
f 3179 3274 3180
f 3181 3276 3185
f 3181 3182 3184
f 3181 3184 3277
f 3181 3277 3278
f 3181 3278 3279
f 3181 3279 3276
f 3183 3280 3281
f 3183 3281 3184
f 3183 3191 3282
f 3183 3282 3280
f 3184 3281 3283
f 3184 3283 3277
f 3185 3284 3285
f 3185 3285 3286
f 3185 3286 3287
f 3185 3287 3288
f 3185 3288 3186
f 3185 3276 3279
f 3185 3279 3289
f 3185 3289 3284
f 3186 3288 3187
f 3187 3288 3194
f 3189 3191 3190
f 3189 3192 3290
f 3189 3290 3191
f 3191 3290 3291
f 3191 3291 3292
f 3191 3292 3282
f 3192 3291 3290
f 3192 3200 3291
f 3194 3293 3195
f 3194 3288 3293
f 3196 3197 3294
f 3196 3294 3199
f 3197 3198 3295
f 3197 3295 3296
f 3197 3296 3294
f 3198 3275 3295
f 3199 3294 3297
f 3199 3297 3200
f 3200 3297 3298
f 3200 3298 3299
f 3200 3299 3300
f 3200 3300 3291
f 3201 3301 3302
f 3201 3302 3303
f 3201 3303 3202
f 3202 3303 3204
f 3202 3204 3203
f 3204 3303 3304
f 3204 3304 3305
f 3204 3305 3205
f 3205 3306 3206
f 3205 3305 3306
f 3206 3306 3207
f 3207 3307 3308
f 3207 3308 3208
f 3207 3306 3307
f 3208 3308 3309
f 3208 3309 3310
f 3208 3310 3209
f 3209 3310 3210
f 3210 3310 3311
f 3210 3311 3212
f 3210 3212 3211
f 3212 3311 3213
f 3213 3311 3312
f 3213 3312 3217
f 3213 3217 3214
f 3215 3313 3314
f 3215 3314 3218
f 3215 3218 3216
f 3215 3217 3315
f 3215 3315 3316
f 3215 3316 3313
f 3217 3312 3315
f 3218 3220 3219
f 3218 3314 3317
f 3218 3317 3318
f 3218 3318 3228
f 3218 3228 3220
f 3220 3228 3221
f 3222 3224 3319
f 3222 3319 3225
f 3223 3230 3224
f 3224 3320 3319
f 3224 3230 3321
f 3224 3321 3320
f 3225 3319 3322
f 3225 3322 3226
f 3226 3322 3323
f 3226 3323 3227
f 3227 3323 3324
f 3227 3324 3231
f 3228 3318 3229
f 3229 3325 3326
f 3229 3326 3327
f 3229 3327 3230
f 3229 3318 3328
f 3229 3328 3325
f 3230 3327 3321
f 3231 3324 3329
f 3231 3329 3330
f 3231 3330 3232
f 3232 3330 3331
f 3232 3331 3233
f 3233 3331 3332
f 3233 3332 3333
f 3233 3333 3334
f 3233 3334 3235
f 3233 3235 3234
f 3235 3334 3335
f 3235 3335 3336
f 3235 3336 3236
f 3236 3336 3237
f 3237 3336 3337
f 3237 3337 3338
f 3237 3338 3238
f 3238 3338 3240
f 3240 3338 3241
f 3241 3247 3242
f 3241 3338 3247
f 3242 3247 3246
f 3243 3244 3340
f 3243 3340 3341
f 3243 3341 3339
f 3244 3245 3342
f 3244 3342 3343
f 3244 3343 3340
f 3245 3248 3344
f 3245 3344 3345
f 3245 3345 3342
f 3247 3338 3346
f 3247 3346 3347
f 3247 3347 3348
f 3247 3348 3248
f 3248 3348 3347
f 3248 3347 3349
f 3248 3349 3344
f 3249 3350 3258
f 3249 3258 3351
f 3249 3351 3257
f 3249 3257 3250
f 3251 3352 3353
f 3251 3353 3252
f 3251 3255 3265
f 3251 3265 3354
f 3251 3354 3352
f 3252 3353 3355
f 3252 3355 3253
f 3253 3355 3268
f 3257 3351 3258
f 3258 3356 3259
f 3258 3350 3356
f 3259 3356 3357
f 3259 3357 3260
f 3260 3358 3359
f 3260 3359 3360
f 3260 3360 3261
f 3260 3357 3358
f 3261 3360 3361
f 3261 3361 3262
f 3262 3361 3362
f 3262 3362 3263
f 3263 3362 3363
f 3263 3363 3364
f 3263 3364 3264
f 3264 3364 3365
f 3264 3365 3265
f 3265 3365 3366
f 3265 3366 3354
f 3266 3367 3267
f 3266 3268 3367
f 3267 3368 3270
f 3267 3367 3368
f 3268 3369 3370
f 3268 3370 3367
f 3268 3355 3353
f 3268 3353 3369
f 3269 3270 3371
f 3269 3371 3372
f 3269 3372 3373
f 3269 3373 3271
f 3270 3368 3371
f 3271 3373 3374
f 3271 3374 3375
f 3271 3375 3272
f 3272 3375 3374
f 3272 3374 3376
f 3272 3376 3377
f 3272 3377 3273
f 3273 3377 3378
f 3273 3378 3275
f 3275 3378 3379
f 3275 3379 3380
f 3275 3380 3295
f 3277 3279 3278
f 3277 3283 3279
f 3279 3283 3381
f 3279 3381 3289
f 3280 3382 3381
f 3280 3381 3281
f 3280 3282 3383
f 3280 3383 3382
f 3281 3381 3283
f 3282 3292 3384
f 3282 3384 3383
f 3284 3385 3386
f 3284 3386 3285
f 3284 3289 3387
f 3284 3387 3385
f 3285 3386 3286
f 3286 3386 3388
f 3286 3388 3389
f 3286 3389 3287
f 3287 3389 3390
f 3287 3390 3288
f 3288 3390 3389
f 3288 3389 3391
f 3288 3391 3293
f 3289 3381 3382
f 3289 3382 3392
f 3289 3392 3387
f 3291 3300 3292
f 3292 3300 3299
f 3292 3299 3393
f 3292 3393 3384
f 3294 3296 3297
f 3295 3380 3394
f 3295 3394 3296
f 3296 3395 3396
f 3296 3396 3397
f 3296 3397 3297
f 3296 3394 3398
f 3296 3398 3395
f 3297 3397 3396
f 3297 3396 3298
f 3298 3396 3399
f 3298 3399 3400
f 3298 3400 3299
f 3299 3400 3401
f 3299 3401 3402
f 3299 3402 3393
f 3301 3403 3404
f 3301 3404 3302
f 3302 3404 3405
f 3302 3405 3303
f 3303 3405 3305
f 3303 3305 3304
f 3305 3405 3306
f 3306 3406 3407
f 3306 3407 3307
f 3306 3405 3408
f 3306 3408 3406
f 3307 3407 3409
f 3307 3409 3308
f 3308 3409 3410
f 3308 3410 3411
f 3308 3411 3309
f 3309 3411 3412
f 3309 3412 3413
f 3309 3413 3310
f 3310 3413 3311
f 3311 3413 3312
f 3312 3413 3412
f 3312 3412 3316
f 3312 3316 3315
f 3313 3414 3314
f 3313 3316 3415
f 3313 3415 3414
f 3314 3414 3416
f 3314 3416 3317
f 3316 3412 3417
f 3316 3417 3418
f 3316 3418 3415
f 3317 3419 3420
f 3317 3420 3318
f 3317 3416 3421
f 3317 3421 3422
f 3317 3422 3419
f 3318 3420 3328
f 3319 3423 3424
f 3319 3424 3322
f 3319 3320 3423
f 3320 3321 3425
f 3320 3425 3423
f 3321 3327 3426
f 3321 3426 3425
f 3322 3424 3427
f 3322 3427 3428
f 3322 3428 3323
f 3323 3429 3430
f 3323 3430 3324
f 3323 3428 3429
f 3324 3430 3431
f 3324 3431 3329
f 3325 3432 3327
f 3325 3327 3326
f 3325 3328 3433
f 3325 3433 3432
f 3327 3434 3426
f 3327 3432 3434
f 3328 3435 3433
f 3328 3420 3435
f 3329 3436 3330
f 3329 3431 3437
f 3329 3437 3436
f 3330 3436 3331
f 3331 3436 3332
f 3332 3438 3333
f 3332 3436 3438
f 3333 3439 3334
f 3333 3438 3440
f 3333 3440 3441
f 3333 3441 3439
f 3334 3439 3335
f 3335 3441 3442
f 3335 3442 3443
f 3335 3443 3337
f 3335 3337 3336
f 3335 3439 3441
f 3337 3443 3338
f 3338 3443 3444
f 3338 3444 3346
f 3339 3341 3446
f 3339 3446 3445
f 3340 3343 3342
f 3340 3342 3341
f 3341 3342 3447
f 3341 3447 3446
f 3342 3345 3448
f 3342 3448 3449
f 3342 3449 3447
f 3344 3349 3450
f 3344 3450 3345
f 3345 3450 3451
f 3345 3451 3448
f 3346 3444 3347
f 3347 3444 3443
f 3347 3443 3452
f 3347 3452 3349
f 3349 3452 3450
f 3350 3453 3356
f 3352 3454 3455
f 3352 3455 3353
f 3352 3354 3454
f 3353 3455 3369
f 3354 3366 3365
f 3354 3365 3456
f 3354 3456 3457
f 3354 3457 3458
f 3354 3458 3454
f 3356 3459 3357
f 3356 3453 3460
f 3356 3460 3459
f 3357 3459 3461
f 3357 3461 3358
f 3358 3461 3462
f 3358 3462 3463
f 3358 3463 3464
f 3358 3464 3359
f 3359 3464 3463
f 3359 3463 3360
f 3360 3463 3361
f 3361 3463 3362
f 3362 3465 3363
f 3362 3463 3465
f 3363 3465 3365
f 3363 3365 3364
f 3365 3466 3456
f 3365 3465 3466
f 3367 3370 3368
f 3368 3467 3468
f 3368 3468 3371
f 3368 3370 3469
f 3368 3469 3470
f 3368 3470 3467
f 3369 3455 3471
f 3369 3471 3370
f 3370 3472 3469
f 3370 3471 3472
f 3371 3468 3372
f 3372 3468 3473
f 3372 3473 3474
f 3372 3474 3374
f 3372 3374 3373
f 3374 3474 3475
f 3374 3475 3376
f 3376 3475 3476
f 3376 3476 3377
f 3377 3476 3477
f 3377 3477 3478
f 3377 3478 3479
f 3377 3479 3378
f 3378 3479 3398
f 3378 3398 3379
f 3379 3398 3394
f 3379 3394 3380
f 3382 3383 3392
f 3383 3384 3392
f 3384 3393 3480
f 3384 3480 3481
f 3384 3481 3387
f 3384 3387 3392
f 3385 3482 3388
f 3385 3388 3386
f 3385 3387 3482
f 3387 3481 3483
f 3387 3483 3484
f 3387 3484 3485
f 3387 3485 3486
f 3387 3486 3487
f 3387 3487 3488
f 3387 3488 3489
f 3387 3489 3482
f 3388 3482 3389
f 3389 3482 3490
f 3389 3490 3491
f 3389 3491 3492
f 3389 3492 3391
f 3393 3402 3480
f 3395 3398 3493
f 3395 3493 3396
f 3396 3493 3399
f 3398 3479 3493
f 3399 3494 3401
f 3399 3401 3400
f 3399 3493 3494
f 3401 3495 3402
f 3401 3494 3496
f 3401 3496 3495
f 3402 3495 3480
f 3403 3497 3404
f 3404 3497 3498
f 3404 3498 3499
f 3404 3499 3500
f 3404 3500 3501
f 3404 3501 3502
f 3404 3502 3405
f 3405 3501 3406
f 3405 3406 3408
f 3405 3502 3501
f 3406 3503 3407
f 3406 3501 3503
f 3407 3504 3409
f 3407 3503 3504
f 3409 3504 3505
f 3409 3505 3506
f 3409 3506 3410
f 3410 3506 3507
f 3410 3507 3411
f 3411 3507 3417
f 3411 3417 3412
f 3414 3415 3508
f 3414 3508 3422
f 3414 3422 3416
f 3415 3418 3508
f 3416 3422 3421
f 3417 3507 3418
f 3418 3507 3509
f 3418 3509 3510
f 3418 3510 3508
f 3419 3422 3511
f 3419 3511 3512
f 3419 3512 3435
f 3419 3435 3420
f 3422 3508 3513
f 3422 3513 3511
f 3423 3425 3427
f 3423 3427 3424
f 3425 3514 3515
f 3425 3515 3516
f 3425 3516 3427
f 3425 3426 3517
f 3425 3517 3514
f 3426 3434 3517
f 3427 3516 3518
f 3427 3518 3519
f 3427 3519 3428
f 3428 3519 3520
f 3428 3520 3429
f 3429 3520 3521
f 3429 3521 3430
f 3430 3521 3522
f 3430 3522 3431
f 3431 3522 3437
f 3432 3433 3523
f 3432 3523 3524
f 3432 3524 3434
f 3433 3435 3525
f 3433 3525 3526
f 3433 3526 3523
f 3434 3524 3517
f 3435 3512 3527
f 3435 3527 3525
f 3436 3437 3438
f 3437 3528 3529
f 3437 3529 3438
f 3437 3522 3528
f 3438 3529 3440
f 3440 3529 3530
f 3440 3530 3441
f 3441 3530 3531
f 3441 3531 3442
f 3442 3531 3452
f 3442 3452 3443
f 3445 3446 3533
f 3445 3533 3532
f 3446 3447 3534
f 3446 3534 3535
f 3446 3535 3533
f 3447 3449 3535
f 3447 3535 3534
f 3448 3536 3449
f 3448 3451 3536
f 3449 3536 3537
f 3449 3537 3535
f 3450 3452 3538
f 3450 3538 3539
f 3450 3539 3451
f 3451 3539 3540
f 3451 3540 3541
f 3451 3541 3536
f 3452 3531 3538
f 3454 3458 3471
f 3454 3471 3455
f 3456 3466 3458
f 3456 3458 3457
f 3458 3542 3543
f 3458 3543 3471
f 3458 3466 3542
f 3459 3544 3461
f 3459 3460 3545
f 3459 3545 3544
f 3461 3546 3547
f 3461 3547 3548
f 3461 3548 3462
f 3461 3544 3549
f 3461 3549 3546
f 3462 3548 3550
f 3462 3550 3551
f 3462 3551 3463
f 3463 3551 3550
f 3463 3550 3552
f 3463 3552 3553
f 3463 3553 3465
f 3465 3553 3554
f 3465 3554 3555
f 3465 3555 3556
f 3465 3556 3466
f 3466 3556 3555
f 3466 3555 3557
f 3466 3557 3558
f 3466 3558 3559
f 3466 3559 3542
f 3467 3470 3560
f 3467 3560 3468
f 3468 3560 3473
f 3469 3472 3561
f 3469 3561 3470
f 3470 3562 3560
f 3470 3561 3562
f 3471 3543 3563
f 3471 3563 3564
f 3471 3564 3472
f 3472 3564 3561
f 3473 3560 3565
f 3473 3565 3566
f 3473 3566 3567
f 3473 3567 3568
f 3473 3568 3474
f 3474 3568 3567
f 3474 3567 3475
f 3475 3567 3569
f 3475 3569 3570
f 3475 3570 3571
f 3475 3571 3476
f 3476 3571 3477
f 3477 3572 3573
f 3477 3573 3478
f 3477 3571 3572
f 3478 3573 3574
f 3478 3574 3479
f 3479 3574 3493
f 3480 3575 3484
f 3480 3484 3481
f 3480 3495 3575
f 3481 3484 3483
f 3482 3489 3576
f 3482 3576 3491
f 3482 3491 3490
f 3484 3575 3485
f 3485 3575 3577
f 3485 3577 3486
f 3486 3577 3487
f 3487 3577 3578
f 3487 3578 3579
f 3487 3579 3580
f 3487 3580 3488
f 3488 3580 3581
f 3488 3581 3576
f 3488 3576 3489
f 3491 3576 3583
f 3491 3583 3582
f 3493 3574 3584
f 3493 3584 3585
f 3493 3585 3494
f 3494 3585 3496
f 3495 3496 3586
f 3495 3586 3587
f 3495 3587 3575
f 3496 3585 3588
f 3496 3588 3586
f 3499 3589 3590
f 3499 3590 3591
f 3499 3591 3500
f 3500 3591 3501
f 3501 3591 3592
f 3501 3592 3593
f 3501 3593 3594
f 3501 3594 3503
f 3503 3594 3593
f 3503 3593 3595
f 3503 3595 3504
f 3504 3595 3596
f 3504 3596 3597
f 3504 3597 3598
f 3504 3598 3505
f 3505 3598 3506
f 3506 3598 3599
f 3506 3599 3600
f 3506 3600 3509
f 3506 3509 3601
f 3506 3601 3507
f 3507 3601 3509
f 3508 3510 3513
f 3509 3600 3602
f 3509 3602 3510
f 3510 3603 3513
f 3510 3602 3603
f 3511 3513 3603
f 3511 3603 3512
f 3512 3603 3604
f 3512 3604 3605
f 3512 3605 3527
f 3514 3517 3606
f 3514 3606 3515
f 3515 3607 3608
f 3515 3608 3609
f 3515 3609 3518
f 3515 3518 3516
f 3515 3606 3607
f 3517 3524 3610
f 3517 3610 3606
f 3518 3609 3519
f 3519 3609 3520
f 3520 3609 3611
f 3520 3611 3612
f 3520 3612 3613
f 3520 3613 3614
f 3520 3614 3521
f 3521 3614 3522
f 3522 3614 3615
f 3522 3615 3528
f 3523 3616 3617
f 3523 3617 3524
f 3523 3526 3616
f 3524 3617 3618
f 3524 3618 3610
f 3525 3527 3619
f 3525 3619 3526
f 3526 3619 3620
f 3526 3620 3621
f 3526 3621 3616
f 3527 3605 3619
f 3528 3615 3622
f 3528 3622 3623
f 3528 3623 3529
f 3529 3623 3624
f 3529 3624 3530
f 3530 3624 3540
f 3530 3540 3531
f 3531 3540 3538
f 3532 3533 3626
f 3532 3626 3625
f 3533 3535 3627
f 3533 3627 3628
f 3533 3628 3629
f 3533 3629 3626
f 3535 3537 3630
f 3535 3630 3627
f 3536 3541 3631
f 3536 3631 3537
f 3537 3631 3632
f 3537 3632 3633
f 3537 3633 3634
f 3537 3634 3630
f 3538 3540 3539
f 3540 3624 3541
f 3541 3635 3631
f 3541 3624 3636
f 3541 3636 3637
f 3541 3637 3635
f 3542 3638 3563
f 3542 3563 3543
f 3542 3559 3638
f 3544 3639 3549
f 3544 3545 3640
f 3544 3640 3641
f 3544 3641 3639
f 3546 3642 3643
f 3546 3643 3644
f 3546 3644 3547
f 3546 3549 3642
f 3547 3645 3646
f 3547 3646 3550
f 3547 3550 3548
f 3547 3644 3645
f 3549 3639 3647
f 3549 3647 3642
f 3550 3646 3648
f 3550 3648 3552
f 3552 3648 3554
f 3552 3554 3553
f 3554 3649 3555
f 3554 3648 3649
f 3555 3649 3557
f 3557 3650 3558
f 3557 3649 3651
f 3557 3651 3650
f 3558 3650 3652
f 3558 3652 3559
f 3559 3652 3653
f 3559 3653 3654
f 3559 3654 3655
f 3559 3655 3656
f 3559 3656 3638
f 3560 3562 3657
f 3560 3657 3565
f 3561 3658 3562
f 3561 3564 3563
f 3561 3563 3658
f 3562 3658 3657
f 3563 3638 3656
f 3563 3656 3655
f 3563 3655 3659
f 3563 3659 3658
f 3565 3660 3566
f 3565 3657 3660
f 3566 3660 3661
f 3566 3661 3567
f 3567 3662 3663
f 3567 3663 3664
f 3567 3664 3569
f 3567 3661 3662
f 3569 3664 3570
f 3570 3664 3571
f 3571 3664 3572
f 3572 3664 3665
f 3572 3665 3666
f 3572 3666 3667
f 3572 3667 3584
f 3572 3584 3668
f 3572 3668 3573
f 3573 3668 3574
f 3574 3668 3584
f 3575 3587 3669
f 3575 3669 3577
f 3576 3670 3583
f 3576 3581 3670
f 3577 3671 3578
f 3577 3669 3672
f 3577 3672 3673
f 3577 3673 3674
f 3577 3674 3671
f 3578 3675 3579
f 3578 3671 3675
f 3579 3675 3676
f 3579 3676 3677
f 3579 3677 3678
f 3579 3678 3679
f 3579 3679 3680
f 3579 3680 3681
f 3579 3681 3580
f 3580 3681 3581
f 3581 3681 3682
f 3581 3682 3683
f 3581 3683 3684
f 3581 3684 3670
f 3582 3583 3685
f 3583 3670 3685
f 3584 3667 3686
f 3584 3686 3585
f 3585 3687 3588
f 3585 3686 3687
f 3586 3672 3587
f 3586 3588 3687
f 3586 3687 3688
f 3586 3688 3672
f 3587 3672 3669
f 3589 3689 3590
f 3590 3690 3691
f 3590 3691 3692
f 3590 3692 3693
f 3590 3693 3593
f 3590 3593 3592
f 3590 3592 3591
f 3590 3689 3694
f 3590 3694 3690
f 3593 3693 3595
f 3595 3695 3596
f 3595 3693 3695
f 3596 3695 3696
f 3596 3696 3697
f 3596 3697 3598
f 3596 3598 3597
f 3598 3697 3698
f 3598 3698 3699
f 3598 3699 3599
f 3599 3699 3600
f 3600 3700 3602
f 3600 3699 3700
f 3602 3700 3701
f 3602 3701 3603
f 3603 3701 3702
f 3603 3702 3605
f 3603 3605 3604
f 3605 3703 3619
f 3605 3702 3704
f 3605 3704 3703
f 3606 3705 3706
f 3606 3706 3707
f 3606 3707 3607
f 3606 3610 3705
f 3607 3707 3608
f 3608 3708 3709
f 3608 3709 3611
f 3608 3611 3609
f 3608 3707 3708
f 3610 3618 3705
f 3611 3709 3710
f 3611 3710 3612
f 3612 3710 3711
f 3612 3711 3712
f 3612 3712 3713
f 3612 3713 3714
f 3612 3714 3614
f 3612 3614 3613
f 3614 3714 3713
f 3614 3713 3615
f 3615 3713 3622
f 3616 3621 3715
f 3616 3715 3617
f 3617 3715 3618
f 3618 3716 3717
f 3618 3717 3705
f 3618 3715 3716
f 3619 3703 3718
f 3619 3718 3620
f 3620 3719 3720
f 3620 3720 3621
f 3620 3718 3719
f 3621 3720 3721
f 3621 3721 3715
f 3622 3713 3623
f 3623 3722 3637
f 3623 3637 3624
f 3623 3713 3722
f 3624 3637 3636
f 3625 3626 3724
f 3625 3724 3723
f 3626 3629 3725
f 3626 3725 3724
f 3627 3630 3634
f 3627 3634 3726
f 3627 3726 3628
f 3628 3726 3629
f 3629 3726 3727
f 3629 3727 3728
f 3629 3728 3729
f 3629 3729 3730
f 3629 3730 3725
f 3631 3635 3731
f 3631 3731 3632
f 3632 3731 3633
f 3633 3732 3634
f 3633 3731 3733
f 3633 3733 3734
f 3633 3734 3732
f 3634 3732 3726
f 3635 3637 3735
f 3635 3735 3731
f 3637 3722 3735
f 3639 3736 3737
f 3639 3737 3738
f 3639 3738 3647
f 3639 3641 3736
f 3641 3739 3737
f 3641 3737 3736
f 3642 3647 3738
f 3642 3738 3643
f 3643 3738 3740
f 3643 3740 3741
f 3643 3741 3742
f 3643 3742 3743
f 3643 3743 3645
f 3643 3645 3644
f 3645 3743 3744
f 3645 3744 3646
f 3646 3744 3745
f 3646 3745 3648
f 3648 3745 3651
f 3648 3651 3649
f 3650 3746 3747
f 3650 3747 3653
f 3650 3653 3652
f 3650 3651 3748
f 3650 3748 3749
f 3650 3749 3746
f 3651 3745 3748
f 3653 3747 3750
f 3653 3750 3654
f 3654 3750 3655
f 3655 3750 3751
f 3655 3751 3659
f 3657 3658 3752
f 3657 3752 3753
f 3657 3753 3754
f 3657 3754 3755
f 3657 3755 3660
f 3658 3659 3756
f 3658 3756 3752
f 3659 3751 3756
f 3660 3755 3757
f 3660 3757 3758
f 3660 3758 3759
f 3660 3759 3662
f 3660 3662 3661
f 3662 3759 3760
f 3662 3760 3761
f 3662 3761 3663
f 3663 3761 3664
f 3664 3761 3762
f 3664 3762 3665
f 3665 3762 3666
f 3666 3686 3667
f 3666 3762 3763
f 3666 3763 3764
f 3666 3764 3765
f 3666 3765 3766
f 3666 3766 3767
f 3666 3767 3768
f 3666 3768 3687
f 3666 3687 3686
f 3670 3684 3769
f 3670 3769 3770
f 3670 3770 3685
f 3671 3771 3676
f 3671 3676 3675
f 3671 3674 3772
f 3671 3772 3771
f 3672 3688 3673
f 3673 3688 3768
f 3673 3768 3773
f 3673 3773 3774
f 3673 3774 3775
f 3673 3775 3772
f 3673 3772 3674
f 3676 3771 3677
f 3677 3776 3678
f 3677 3771 3777
f 3677 3777 3778
f 3677 3778 3776
f 3678 3779 3780
f 3678 3780 3781
f 3678 3781 3679
f 3678 3776 3779
f 3679 3781 3782
f 3679 3782 3682
f 3679 3682 3681
f 3679 3681 3680
f 3682 3782 3683
f 3683 3782 3684
f 3684 3783 3784
f 3684 3784 3785
f 3684 3785 3786
f 3684 3786 3769
f 3684 3782 3783
f 3687 3768 3688
f 3690 3694 3691
f 3691 3787 3788
f 3691 3788 3789
f 3691 3789 3692
f 3691 3694 3790
f 3691 3790 3791
f 3691 3791 3787
f 3692 3789 3792
f 3692 3792 3793
f 3692 3793 3794
f 3692 3794 3795
f 3692 3795 3693
f 3693 3795 3695
f 3694 3791 3790
f 3695 3795 3696
f 3696 3795 3794
f 3696 3794 3796
f 3696 3796 3697
f 3697 3797 3798
f 3697 3798 3799
f 3697 3799 3698
f 3697 3796 3797
f 3698 3799 3800
f 3698 3800 3699
f 3699 3800 3801
f 3699 3801 3700
f 3700 3802 3701
f 3700 3801 3802
f 3701 3803 3702
f 3701 3802 3803
f 3702 3804 3704
f 3702 3803 3804
f 3703 3805 3718
f 3703 3704 3805
f 3704 3804 3806
f 3704 3806 3805
f 3705 3717 3807
f 3705 3807 3706
f 3706 3807 3808
f 3706 3808 3707
f 3707 3808 3809
f 3707 3809 3810
f 3707 3810 3708
f 3708 3810 3811
f 3708 3811 3709
f 3709 3811 3710
f 3710 3811 3711
f 3711 3811 3812
f 3711 3812 3813
f 3711 3813 3814
f 3711 3814 3815
f 3711 3815 3712
f 3712 3815 3722
f 3712 3722 3713
f 3715 3721 3816
f 3715 3816 3717
f 3715 3717 3716
f 3717 3817 3807
f 3717 3816 3818
f 3717 3818 3817
f 3718 3805 3819
f 3718 3819 3820
f 3718 3820 3719
f 3719 3820 3821
f 3719 3821 3720
f 3720 3821 3822
f 3720 3822 3721
f 3721 3823 3824
f 3721 3824 3818
f 3721 3818 3825
f 3721 3825 3816
f 3721 3822 3823
f 3722 3815 3826
f 3722 3826 3735
f 3723 3724 3827
f 3724 3725 3730
f 3724 3730 3828
f 3724 3828 3829
f 3724 3829 3827
f 3726 3732 3727
f 3727 3732 3728
f 3728 3830 3729
f 3728 3732 3831
f 3728 3831 3832
f 3728 3832 3830
f 3729 3830 3828
f 3729 3828 3730
f 3731 3735 3833
f 3731 3833 3733
f 3732 3734 3834
f 3732 3834 3831
f 3733 3833 3835
f 3733 3835 3734
f 3734 3835 3836
f 3734 3836 3837
f 3734 3837 3834
f 3735 3826 3833
f 3737 3838 3839
f 3737 3839 3738
f 3737 3739 3840
f 3737 3840 3841
f 3737 3841 3842
f 3737 3842 3838
f 3738 3839 3843
f 3738 3843 3741
f 3738 3741 3740
f 3741 3844 3845
f 3741 3845 3846
f 3741 3846 3847
f 3741 3847 3742
f 3741 3843 3839
f 3741 3839 3844
f 3742 3847 3743
f 3743 3847 3848
f 3743 3848 3849
f 3743 3849 3850
f 3743 3850 3851
f 3743 3851 3852
f 3743 3852 3853
f 3743 3853 3744
f 3744 3853 3745
f 3745 3853 3748
f 3746 3854 3855
f 3746 3855 3747
f 3746 3749 3856
f 3746 3856 3854
f 3747 3855 3857
f 3747 3857 3750
f 3748 3853 3749
f 3749 3853 3852
f 3749 3852 3851
f 3749 3851 3856
f 3750 3857 3751
f 3751 3858 3752
f 3751 3752 3756
f 3751 3857 3858
f 3752 3858 3859
f 3752 3859 3753
f 3753 3860 3754
f 3753 3859 3860
f 3754 3860 3861
f 3754 3861 3758
f 3754 3758 3755
f 3755 3758 3757
f 3758 3861 3862
f 3758 3862 3863
f 3758 3863 3864
f 3758 3864 3759
f 3759 3864 3760
f 3760 3864 3865
f 3760 3865 3866
f 3760 3866 3761
f 3761 3866 3867
f 3761 3867 3868
f 3761 3868 3762
f 3762 3868 3763
f 3763 3868 3869
f 3763 3869 3870
f 3763 3870 3764
f 3764 3766 3765
f 3764 3870 3766
f 3766 3870 3871
f 3766 3871 3872
f 3766 3872 3774
f 3766 3774 3767
f 3767 3774 3768
f 3768 3774 3773
f 3769 3786 3873
f 3769 3873 3770
f 3771 3772 3874
f 3771 3874 3875
f 3771 3875 3777
f 3772 3775 3876
f 3772 3876 3874
f 3774 3872 3877
f 3774 3877 3876
f 3774 3876 3775
f 3776 3878 3779
f 3776 3778 3777
f 3776 3777 3879
f 3776 3879 3880
f 3776 3880 3878
f 3777 3875 3881
f 3777 3881 3879
f 3779 3878 3882
f 3779 3882 3883
f 3779 3883 3884
f 3779 3884 3782
f 3779 3782 3780
f 3780 3782 3781
f 3782 3884 3883
f 3782 3883 3885
f 3782 3885 3886
f 3782 3886 3783
f 3783 3887 3888
f 3783 3888 3784
f 3783 3886 3885
f 3783 3885 3889
f 3783 3889 3890
f 3783 3890 3887
f 3787 3891 3788
f 3787 3791 3891
f 3788 3891 3892
f 3788 3892 3792
f 3788 3792 3789
f 3791 3893 3894
f 3791 3894 3891
f 3792 3892 3895
f 3792 3895 3896
f 3792 3896 3793
f 3793 3896 3794
f 3794 3897 3898
f 3794 3898 3797
f 3794 3797 3796
f 3794 3896 3899
f 3794 3899 3897
f 3797 3900 3901
f 3797 3901 3902
f 3797 3902 3798
f 3797 3898 3900
f 3798 3902 3799
f 3799 3902 3903
f 3799 3903 3800
f 3800 3903 3802
f 3800 3802 3801
f 3802 3903 3904
f 3802 3904 3905
f 3802 3905 3804
f 3802 3804 3803
f 3804 3906 3907
f 3804 3907 3806
f 3804 3905 3904
f 3804 3904 3908
f 3804 3908 3906
f 3805 3806 3819
f 3806 3907 3819
f 3807 3817 3909
f 3807 3909 3910
f 3807 3910 3808
f 3808 3910 3911
f 3808 3911 3809
f 3809 3911 3810
f 3810 3911 3912
f 3810 3912 3913
f 3810 3913 3811
f 3811 3913 3914
f 3811 3914 3812
f 3812 3914 3913
f 3812 3913 3915
f 3812 3915 3916
f 3812 3916 3917
f 3812 3917 3836
f 3812 3836 3813
f 3813 3836 3814
f 3814 3836 3835
f 3814 3835 3833
f 3814 3833 3826
f 3814 3826 3815
f 3816 3825 3818
f 3817 3818 3909
f 3818 3824 3918
f 3818 3918 3919
f 3818 3919 3920
f 3818 3920 3909
f 3819 3907 3921
f 3819 3921 3922
f 3819 3922 3923
f 3819 3923 3924
f 3819 3924 3820
f 3820 3924 3821
f 3821 3925 3823
f 3821 3823 3822
f 3821 3924 3925
f 3823 3925 3824
f 3824 3925 3926
f 3824 3926 3918
f 3827 3829 3927
f 3828 3928 3829
f 3828 3830 3928
f 3829 3928 3927
f 3830 3832 3929
f 3830 3929 3930
f 3830 3930 3928
f 3831 3834 3832
f 3832 3834 3837
f 3832 3837 3931
f 3832 3931 3932
f 3832 3932 3933
f 3832 3933 3929
f 3836 3917 3934
f 3836 3934 3837
f 3837 3934 3931
f 3838 3935 3839
f 3838 3842 3936
f 3838 3936 3935
f 3839 3935 3937
f 3839 3937 3938
f 3839 3938 3844
f 3841 3936 3842
f 3844 3938 3845
f 3845 3938 3939
f 3845 3939 3940
f 3845 3940 3941
f 3845 3941 3846
f 3846 3941 3942
f 3846 3942 3848
f 3846 3848 3847
f 3848 3942 3849
f 3849 3943 3944
f 3849 3944 3945
f 3849 3945 3851
f 3849 3851 3850
f 3849 3942 3946
f 3849 3946 3947
f 3849 3947 3943
f 3851 3945 3856
f 3854 3948 3949
f 3854 3949 3950
f 3854 3950 3855
f 3854 3856 3948
f 3855 3950 3949
f 3855 3949 3951
f 3855 3951 3857
f 3856 3945 3948
f 3857 3951 3952
f 3857 3952 3953
f 3857 3953 3858
f 3858 3953 3859
f 3859 3953 3860
f 3860 3954 3862
f 3860 3862 3861
f 3860 3953 3955
f 3860 3955 3954
f 3862 3956 3863
f 3862 3954 3956
f 3863 3957 3958
f 3863 3958 3865
f 3863 3865 3864
f 3863 3956 3957
f 3865 3958 3959
f 3865 3959 3960
f 3865 3960 3961
f 3865 3961 3962
f 3865 3962 3866
f 3866 3962 3963
f 3866 3963 3867
f 3867 3963 3869
f 3867 3869 3868
f 3869 3963 3870
f 3870 3963 3964
f 3870 3964 3965
f 3870 3965 3871
f 3871 3965 3872
f 3872 3965 3877
f 3874 3876 3875
f 3875 3876 3966
f 3875 3966 3881
f 3876 3877 3967
f 3876 3967 3966
f 3877 3968 3967
f 3877 3965 3968
f 3878 3969 3970
f 3878 3970 3882
f 3878 3880 3971
f 3878 3971 3969
f 3879 3881 3972
f 3879 3972 3880
f 3880 3973 3974
f 3880 3974 3969
f 3880 3969 3971
f 3880 3972 3975
f 3880 3975 3973
f 3881 3966 3976
f 3881 3976 3972
f 3882 3977 3978
f 3882 3978 3885
f 3882 3885 3883
f 3882 3970 3977
f 3885 3978 3889
f 3887 3890 3980
f 3887 3980 3979
f 3889 3978 3890
f 3890 3978 3981
f 3890 3981 3980
f 3891 3982 3983
f 3891 3983 3895
f 3891 3895 3892
f 3891 3894 3982
f 3893 3984 3985
f 3893 3985 3986
f 3893 3986 3987
f 3893 3987 3894
f 3894 3987 3982
f 3895 3983 3988
f 3895 3988 3989
f 3895 3989 3990
f 3895 3990 3899
f 3895 3899 3896
f 3897 3899 3898
f 3898 3899 3900
f 3899 3990 3991
f 3899 3991 3900
f 3900 3992 3993
f 3900 3993 3994
f 3900 3994 3995
f 3900 3995 3902
f 3900 3902 3901
f 3900 3991 3992
f 3902 3994 3996
f 3902 3996 3904
f 3902 3904 3903
f 3902 3995 3994
f 3904 3996 3997
f 3904 3997 3998
f 3904 3998 3906
f 3904 3906 3908
f 3906 3998 3907
f 3907 3998 3921
f 3909 3920 3999
f 3909 3999 4000
f 3909 4000 3910
f 3910 4000 3911
f 3911 4000 3912
f 3912 4000 4001
f 3912 4001 4002
f 3912 4002 3913
f 3913 4002 3915
f 3915 4003 4004
f 3915 4004 3916
f 3915 4002 4003
f 3916 4005 3934
f 3916 3934 3917
f 3916 4004 4005
f 3918 3926 4006
f 3918 4006 3919
f 3919 4006 4007
f 3919 4007 3920
f 3920 4007 4008
f 3920 4008 4009
f 3920 4009 3999
f 3921 3998 3922
f 3922 3998 4010
f 3922 4010 4011
f 3922 4011 4012
f 3922 4012 4013
f 3922 4013 3923
f 3923 4013 4014
f 3923 4014 3924
f 3924 4014 4015
f 3924 4015 3925
f 3925 4015 4016
f 3925 4016 3926
f 3926 4016 4017
f 3926 4017 4006
f 3927 3928 4018
f 3928 3930 4019
f 3928 4019 4020
f 3928 4020 4021
f 3928 4021 4018
f 3929 4022 4023
f 3929 4023 4020
f 3929 4020 4019
f 3929 4019 3930
f 3929 3933 4022
f 3931 4024 4025
f 3931 4025 3932
f 3931 3934 4026
f 3931 4026 4024
f 3932 4025 3933
f 3933 4025 4027
f 3933 4027 4028
f 3933 4028 4022
f 3934 4005 4029
f 3934 4029 4026
f 3935 4030 4031
f 3935 4031 3937
f 3935 3936 4032
f 3935 4032 4030
f 3937 4031 3939
f 3937 3939 3938
f 3939 4033 4034
f 3939 4034 3940
f 3939 4031 4035
f 3939 4035 4033
f 3940 4034 3941
f 3941 4036 3947
f 3941 3947 3946
f 3941 3946 3942
f 3941 4034 4036
f 3943 4037 4038
f 3943 4038 3944
f 3943 3947 4037
f 3944 4038 4039
f 3944 4039 4040
f 3944 4040 3948
f 3944 3948 3945
f 3947 4036 4041
f 3947 4041 4037
f 3948 4040 4039
f 3948 4039 4042
f 3948 4042 4043
f 3948 4043 4044
f 3948 4044 3949
f 3949 4044 3951
f 3951 4044 4045
f 3951 4045 3952
f 3952 4045 4046
f 3952 4046 3953
f 3953 4046 3955
f 3954 3955 4047
f 3954 4047 3956
f 3955 4046 4048
f 3955 4048 4047
f 3956 4049 3957
f 3956 4047 4050
f 3956 4050 4049
f 3957 4049 4051
f 3957 4051 4052
f 3957 4052 3958
f 3958 4052 3959
f 3959 4053 3960
f 3959 4052 4054
f 3959 4054 4053
f 3960 4053 4055
f 3960 4055 4056
f 3960 4056 3961
f 3961 4056 3962
f 3962 4056 3963
f 3963 4056 4057
f 3963 4057 3964
f 3964 4057 3965
f 3965 4058 3968
f 3965 4057 4059
f 3965 4059 4058
f 3966 3967 3976
f 3967 3968 3976
f 3968 4060 3976
f 3968 4058 4061
f 3968 4061 4060
f 3969 3974 4062
f 3969 4062 4063
f 3969 4063 4064
f 3969 4064 4065
f 3969 4065 3977
f 3969 3977 3970
f 3972 3976 4066
f 3972 4066 3975
f 3973 3975 4067
f 3973 4067 4068
f 3973 4068 4069
f 3973 4069 4062
f 3973 4062 3974
f 3975 4066 4067
f 3976 4060 4066
f 3977 4065 3981
f 3977 3981 4070
f 3977 4070 3978
f 3978 4070 3981
f 3979 4071 4072
f 3979 3980 4073
f 3979 4073 4065
f 3979 4065 4074
f 3979 4074 4075
f 3979 4075 4071
f 3980 3981 4065
f 3980 4065 4073
f 3982 3987 3986
f 3982 3986 3983
f 3983 3986 3985
f 3983 3985 3988
f 3984 4076 3988
f 3984 3988 3985
f 3988 4077 4078
f 3988 4078 3989
f 3988 4076 4077
f 3989 4078 4079
f 3989 4079 3990
f 3990 4079 3991
f 3991 4079 4080
f 3991 4080 4081
f 3991 4081 4082
f 3991 4082 4083
f 3991 4083 4084
f 3991 4084 4085
f 3991 4085 3992
f 3992 4085 4086
f 3992 4086 4087
f 3992 4087 3993
f 3993 4087 3994
f 3994 4087 3996
f 3996 4087 3997
f 3997 4088 3998
f 3997 4087 4088
f 3998 4088 4010
f 3999 4009 4089
f 3999 4089 4001
f 3999 4001 4000
f 4001 4090 4091
f 4001 4091 4092
f 4001 4092 4002
f 4001 4089 4090
f 4002 4092 4093
f 4002 4093 4003
f 4003 4094 4004
f 4003 4093 4092
f 4003 4092 4094
f 4004 4094 4029
f 4004 4029 4005
f 4006 4095 4096
f 4006 4096 4097
f 4006 4097 4007
f 4006 4017 4095
f 4007 4097 4096
f 4007 4096 4008
f 4008 4096 4098
f 4008 4098 4099
f 4008 4099 4009
f 4009 4099 4090
f 4009 4090 4089
f 4010 4100 4101
f 4010 4101 4102
f 4010 4102 4011
f 4010 4088 4087
f 4010 4087 4100
f 4011 4102 4012
f 4012 4102 4103
f 4012 4103 4104
f 4012 4104 4013
f 4013 4105 4106
f 4013 4106 4014
f 4013 4104 4105
f 4014 4105 4107
f 4014 4107 4016
f 4014 4016 4015
f 4014 4106 4105
f 4016 4107 4017
f 4017 4107 4108
f 4017 4108 4109
f 4017 4109 4095
f 4018 4021 4020
f 4018 4020 4111
f 4018 4111 4110
f 4020 4023 4111
f 4022 4112 4113
f 4022 4113 4023
f 4022 4028 4112
f 4023 4113 4111
f 4024 4026 4114
f 4024 4114 4025
f 4025 4115 4027
f 4025 4114 4116
f 4025 4116 4115
f 4026 4029 4114
f 4027 4117 4112
f 4027 4112 4028
f 4027 4115 4117
f 4029 4094 4118
f 4029 4118 4114
f 4030 4119 4035
f 4030 4035 4031
f 4030 4032 4120
f 4030 4120 4121
f 4030 4121 4122
f 4030 4122 4119
f 4033 4035 4123
f 4033 4123 4124
f 4033 4124 4125
f 4033 4125 4034
f 4034 4125 4126
f 4034 4126 4127
f 4034 4127 4036
f 4035 4119 4128
f 4035 4128 4129
f 4035 4129 4124
f 4035 4124 4123
f 4036 4127 4041
f 4037 4130 4131
f 4037 4131 4038
f 4037 4041 4130
f 4038 4131 4132
f 4038 4132 4133
f 4038 4133 4039
f 4039 4133 4134
f 4039 4134 4135
f 4039 4135 4136
f 4039 4136 4042
f 4041 4137 4130
f 4041 4127 4138
f 4041 4138 4137
f 4042 4136 4043
f 4043 4136 4044
f 4044 4136 4139
f 4044 4139 4045
f 4045 4139 4140
f 4045 4140 4048
f 4045 4048 4046
f 4047 4141 4050
f 4047 4048 4142
f 4047 4142 4141
f 4048 4140 4142
f 4049 4143 4051
f 4049 4050 4141
f 4049 4141 4143
f 4051 4143 4144
f 4051 4144 4145
f 4051 4145 4052
f 4052 4145 4054
f 4053 4054 4146
f 4053 4146 4147
f 4053 4147 4055
f 4054 4145 4148
f 4054 4148 4146
f 4055 4147 4149
f 4055 4149 4059
f 4055 4059 4056
f 4056 4059 4057
f 4058 4059 4149
f 4058 4149 4061
f 4060 4061 4150
f 4060 4150 4151
f 4060 4151 4066
f 4061 4149 4152
f 4061 4152 4150
f 4062 4069 4153
f 4062 4153 4154
f 4062 4154 4063
f 4063 4154 4155
f 4063 4155 4065
f 4063 4065 4064
f 4065 4155 4074
f 4066 4151 4067
f 4067 4151 4156
f 4067 4156 4068
f 4068 4156 4157
f 4068 4157 4069
f 4069 4157 4158
f 4069 4158 4153
f 4071 4159 4160
f 4071 4160 4161
f 4071 4161 4072
f 4071 4075 4162
f 4071 4162 4159
f 4074 4155 4075
f 4075 4155 4162
f 4076 4163 4077
f 4077 4163 4164
f 4077 4164 4165
f 4077 4165 4078
f 4078 4166 4167
f 4078 4167 4168
f 4078 4168 4079
f 4078 4165 4169
f 4078 4169 4170
f 4078 4170 4166
f 4079 4081 4080
f 4079 4168 4081
f 4081 4171 4172
f 4081 4172 4082
f 4081 4168 4173
f 4081 4173 4171
f 4082 4172 4083
f 4083 4172 4085
f 4083 4085 4084
f 4085 4172 4174
f 4085 4174 4086
f 4086 4174 4175
f 4086 4175 4176
f 4086 4176 4177
f 4086 4177 4178
f 4086 4178 4087
f 4087 4178 4100
f 4090 4179 4091
f 4090 4099 4179
f 4091 4179 4180
f 4091 4180 4094
f 4091 4094 4092
f 4094 4181 4182
f 4094 4182 4183
f 4094 4183 4114
f 4094 4114 4118
f 4094 4180 4181
f 4095 4109 4096
f 4096 4109 4184
f 4096 4184 4185
f 4096 4185 4098
f 4098 4185 4186
f 4098 4186 4187
f 4098 4187 4099
f 4099 4187 4179
f 4100 4176 4188
f 4100 4188 4101
f 4100 4178 4177
f 4100 4177 4176
f 4101 4188 4102
f 4102 4188 4103
f 4103 4189 4190
f 4103 4190 4191
f 4103 4191 4104
f 4103 4188 4189
f 4104 4191 4105
f 4105 4192 4108
f 4105 4108 4107
f 4105 4191 4192
f 4108 4193 4194
f 4108 4194 4109
f 4108 4192 4193
f 4109 4194 4184
f 4110 4111 4196
f 4110 4196 4197
f 4110 4197 4195
f 4111 4113 4198
f 4111 4198 4196
f 4112 4199 4113
f 4112 4117 4200
f 4112 4200 4199
f 4113 4199 4198
f 4114 4183 4116
f 4115 4116 4201
f 4115 4201 4117
f 4116 4183 4202
f 4116 4202 4201
f 4117 4201 4203
f 4117 4203 4204
f 4117 4204 4205
f 4117 4205 4200
f 4119 4122 4128
f 4122 4206 4128
f 4124 4129 4207
f 4124 4207 4125
f 4125 4207 4126
f 4126 4208 4138
f 4126 4138 4127
f 4126 4207 4209
f 4126 4209 4208
f 4128 4206 4210
f 4128 4210 4211
f 4128 4211 4129
f 4129 4211 4212
f 4129 4212 4207
f 4130 4137 4131
f 4131 4137 4213
f 4131 4213 4214
f 4131 4214 4215
f 4131 4215 4216
f 4131 4216 4132
f 4132 4216 4133
f 4133 4216 4217
f 4133 4217 4134
f 4134 4218 4219
f 4134 4219 4220
f 4134 4220 4221
f 4134 4221 4222
f 4134 4222 4223
f 4134 4223 4136
f 4134 4136 4135
f 4134 4217 4218
f 4136 4223 4224
f 4136 4224 4140
f 4136 4140 4139
f 4137 4138 4225
f 4137 4225 4213
f 4138 4208 4225
f 4140 4226 4142
f 4140 4224 4226
f 4141 4142 4226
f 4141 4226 4227
f 4141 4227 4143
f 4143 4228 4229
f 4143 4229 4144
f 4143 4227 4228
f 4144 4230 4231
f 4144 4231 4145
f 4144 4229 4230
f 4145 4231 4148
f 4146 4148 4232
f 4146 4232 4233
f 4146 4233 4147
f 4147 4233 4234
f 4147 4234 4235
f 4147 4235 4152
f 4147 4152 4236
f 4147 4236 4149
f 4148 4231 4232
f 4149 4236 4152
f 4150 4152 4235
f 4150 4235 4237
f 4150 4237 4151
f 4151 4238 4156
f 4151 4237 4238
f 4153 4239 4240
f 4153 4240 4154
f 4153 4158 4241
f 4153 4241 4239
f 4154 4240 4242
f 4154 4242 4155
f 4155 4243 4162
f 4155 4242 4243
f 4156 4244 4157
f 4156 4238 4245
f 4156 4245 4244
f 4157 4244 4158
f 4158 4244 4246
f 4158 4246 4241
f 4159 4247 4160
f 4159 4162 4248
f 4159 4248 4247
f 4160 4249 4250
f 4160 4247 4251
f 4160 4251 4252
f 4160 4252 4249
f 4162 4243 4251
f 4162 4251 4248
f 4163 4169 4165
f 4163 4165 4164
f 4166 4253 4254
f 4166 4254 4167
f 4166 4170 4255
f 4166 4255 4253
f 4167 4254 4256
f 4167 4256 4257
f 4167 4257 4168
f 4168 4257 4258
f 4168 4258 4173
f 4170 4259 4260
f 4170 4260 4255
f 4171 4173 4258
f 4171 4258 4261
f 4171 4261 4262
f 4171 4262 4172
f 4172 4263 4264
f 4172 4264 4265
f 4172 4265 4174
f 4172 4262 4263
f 4174 4265 4175
f 4175 4265 4266
f 4175 4266 4176
f 4176 4267 4188
f 4176 4266 4267
f 4179 4268 4269
f 4179 4269 4180
f 4179 4187 4186
f 4179 4186 4268
f 4180 4269 4181
f 4181 4269 4182
f 4182 4269 4270
f 4182 4270 4271
f 4182 4271 4183
f 4183 4271 4202
f 4184 4272 4273
f 4184 4273 4185
f 4184 4194 4272
f 4185 4273 4274
f 4185 4274 4275
f 4185 4275 4186
f 4186 4275 4276
f 4186 4276 4268
f 4188 4267 4277
f 4188 4277 4189
f 4189 4277 4278
f 4189 4278 4279
f 4189 4279 4190
f 4190 4279 4280
f 4190 4280 4281
f 4190 4281 4191
f 4191 4281 4192
f 4192 4281 4193
f 4193 4281 4282
f 4193 4282 4283
f 4193 4283 4284
f 4193 4284 4194
f 4194 4284 4285
f 4194 4285 4272
f 4195 4197 4287
f 4195 4287 4286
f 4196 4198 4197
f 4197 4198 4288
f 4197 4288 4289
f 4197 4289 4290
f 4197 4290 4287
f 4198 4199 4288
f 4199 4291 4288
f 4199 4200 4291
f 4200 4205 4291
f 4201 4202 4292
f 4201 4292 4203
f 4202 4271 4292
f 4203 4292 4293
f 4203 4293 4204
f 4204 4294 4295
f 4204 4295 4205
f 4204 4293 4294
f 4205 4296 4291
f 4205 4295 4296
f 4206 4297 4210
f 4207 4212 4209
f 4208 4298 4225
f 4208 4209 4299
f 4208 4299 4298
f 4209 4300 4301
f 4209 4301 4299
f 4209 4212 4300
f 4210 4297 4302
f 4210 4302 4303
f 4210 4303 4211
f 4211 4303 4304
f 4211 4304 4305
f 4211 4305 4306
f 4211 4306 4212
f 4212 4306 4307
f 4212 4307 4300
f 4213 4308 4309
f 4213 4309 4310
f 4213 4310 4215
f 4213 4215 4214
f 4213 4225 4308
f 4215 4311 4312
f 4215 4312 4216
f 4215 4310 4311
f 4216 4312 4218
f 4216 4218 4217
f 4218 4313 4314
f 4218 4314 4219
f 4218 4312 4315
f 4218 4315 4313
f 4219 4314 4220
f 4220 4314 4221
f 4221 4316 4317
f 4221 4317 4318
f 4221 4318 4222
f 4221 4314 4316
f 4222 4224 4223
f 4222 4318 4224
f 4224 4318 4226
f 4225 4298 4308
f 4226 4318 4319
f 4226 4319 4227
f 4227 4319 4317
f 4227 4317 4320
f 4227 4320 4228
f 4228 4320 4321
f 4228 4321 4229
f 4229 4321 4322
f 4229 4322 4230
f 4230 4322 4323
f 4230 4323 4324
f 4230 4324 4325
f 4230 4325 4326
f 4230 4326 4232
f 4230 4232 4231
f 4232 4326 4327
f 4232 4327 4233
f 4233 4327 4328
f 4233 4328 4329
f 4233 4329 4235
f 4233 4235 4234
f 4235 4330 4237
f 4235 4329 4330
f 4237 4330 4331
f 4237 4331 4245
f 4237 4245 4238
f 4239 4241 4240
f 4240 4332 4243
f 4240 4243 4242
f 4240 4241 4333
f 4240 4333 4332
f 4241 4334 4333
f 4241 4246 4334
f 4243 4335 4251
f 4243 4332 4335
f 4244 4245 4336
f 4244 4336 4246
f 4245 4337 4336
f 4245 4331 4337
f 4246 4336 4338
f 4246 4338 4339
f 4246 4339 4340
f 4246 4340 4333
f 4246 4333 4334
f 4247 4248 4251
f 4249 4252 4341
f 4249 4341 4342
f 4249 4342 4250
f 4250 4342 4343
f 4251 4335 4252
f 4252 4335 4344
f 4252 4344 4345
f 4252 4345 4341
f 4253 4255 4254
f 4254 4346 4347
f 4254 4347 4256
f 4254 4255 4260
f 4254 4260 4346
f 4256 4347 4348
f 4256 4348 4349
f 4256 4349 4258
f 4256 4258 4257
f 4258 4349 4350
f 4258 4350 4261
f 4259 4351 4260
f 4260 4351 4352
f 4260 4352 4353
f 4260 4353 4354
f 4260 4354 4355
f 4260 4355 4347
f 4260 4347 4346
f 4261 4350 4263
f 4261 4263 4262
f 4263 4350 4356
f 4263 4356 4264
f 4264 4357 4358
f 4264 4358 4265
f 4264 4356 4357
f 4265 4358 4266
f 4266 4358 4359
f 4266 4359 4267
f 4267 4360 4277
f 4267 4359 4360
f 4268 4276 4361
f 4268 4361 4362
f 4268 4362 4363
f 4268 4363 4270
f 4268 4270 4269
f 4270 4364 4271
f 4270 4363 4364
f 4271 4364 4292
f 4272 4365 4273
f 4272 4285 4284
f 4272 4284 4365
f 4273 4366 4274
f 4273 4365 4366
f 4274 4366 4367
f 4274 4367 4368
f 4274 4368 4361
f 4274 4361 4276
f 4274 4276 4275
f 4277 4360 4278
f 4278 4369 4370
f 4278 4370 4371
f 4278 4371 4372
f 4278 4372 4279
f 4278 4360 4373
f 4278 4373 4369
f 4279 4372 4371
f 4279 4371 4280
f 4280 4374 4375
f 4280 4375 4282
f 4280 4282 4281
f 4280 4371 4374
f 4282 4375 4283
f 4283 4376 4284
f 4283 4375 4376
f 4284 4376 4377
f 4284 4377 4365
f 4286 4287 4379
f 4286 4379 4378
f 4287 4290 4379
f 4288 4291 4380
f 4288 4380 4289
f 4289 4380 4381
f 4289 4381 4290
f 4290 4381 4379
f 4291 4296 4380
f 4292 4364 4382
f 4292 4382 4293
f 4293 4382 4383
f 4293 4383 4384
f 4293 4384 4294
f 4294 4385 4295
f 4294 4384 4385
f 4295 4385 4386
f 4295 4386 4387
f 4295 4387 4296
f 4296 4387 4381
f 4296 4381 4380
f 4298 4299 4388
f 4298 4388 4389
f 4298 4389 4308
f 4299 4390 4391
f 4299 4391 4388
f 4299 4301 4390
f 4300 4392 4301
f 4300 4307 4392
f 4301 4392 4393
f 4301 4393 4394
f 4301 4394 4395
f 4301 4395 4390
f 4304 4396 4397
f 4304 4397 4398
f 4304 4398 4305
f 4305 4398 4306
f 4306 4398 4399
f 4306 4399 4307
f 4307 4399 4400
f 4307 4400 4401
f 4307 4401 4392
f 4308 4389 4309
f 4309 4402 4311
f 4309 4311 4310
f 4309 4389 4402
f 4311 4402 4403
f 4311 4403 4404
f 4311 4404 4405
f 4311 4405 4312
f 4312 4405 4315
f 4313 4406 4314
f 4313 4315 4405
f 4313 4405 4407
f 4313 4407 4408
f 4313 4408 4406
f 4314 4406 4408
f 4314 4408 4316
f 4316 4408 4409
f 4316 4409 4410
f 4316 4410 4411
f 4316 4411 4317
f 4317 4319 4318
f 4317 4411 4412
f 4317 4412 4320
f 4320 4412 4321
f 4321 4412 4413
f 4321 4413 4414
f 4321 4414 4415
f 4321 4415 4322
f 4322 4415 4323
f 4323 4415 4416
f 4323 4416 4324
f 4324 4416 4417
f 4324 4417 4418
f 4324 4418 4419
f 4324 4419 4420
f 4324 4420 4326
f 4324 4326 4325
f 4326 4420 4421
f 4326 4421 4328
f 4326 4328 4327
f 4328 4421 4422
f 4328 4422 4329
f 4329 4422 4330
f 4330 4422 4331
f 4331 4422 4423
f 4331 4423 4337
f 4332 4333 4335
f 4333 4340 4424
f 4333 4424 4425
f 4333 4425 4335
f 4335 4426 4344
f 4335 4425 4426
f 4336 4337 4427
f 4336 4427 4428
f 4336 4428 4338
f 4337 4428 4427
f 4337 4423 4429
f 4337 4429 4430
f 4337 4430 4428
f 4338 4431 4339
f 4338 4428 4432
f 4338 4432 4431
f 4339 4431 4340
f 4340 4431 4433
f 4340 4433 4424
f 4341 4345 4434
f 4341 4434 4342
f 4342 4434 4435
f 4342 4435 4436
f 4342 4436 4343
f 4343 4436 4437
f 4344 4426 4438
f 4344 4438 4434
f 4344 4434 4345
f 4347 4355 4439
f 4347 4439 4348
f 4348 4440 4349
f 4348 4439 4440
f 4349 4441 4350
f 4349 4440 4441
f 4350 4442 4356
f 4350 4441 4442
f 4352 4443 4353
f 4353 4443 4444
f 4353 4444 4354
f 4354 4444 4355
f 4355 4444 4440
f 4355 4440 4439
f 4356 4442 4445
f 4356 4445 4446
f 4356 4446 4447
f 4356 4447 4357
f 4357 4448 4449
f 4357 4449 4358
f 4357 4447 4448
f 4358 4449 4359
f 4359 4450 4451
f 4359 4451 4373
f 4359 4373 4360
f 4359 4449 4450
f 4361 4368 4452
f 4361 4452 4362
f 4362 4452 4453
f 4362 4453 4364
f 4362 4364 4363
f 4364 4453 4383
f 4364 4383 4382
f 4365 4377 4454
f 4365 4454 4455
f 4365 4455 4366
f 4366 4455 4367
f 4367 4456 4368
f 4367 4455 4456
f 4368 4456 4457
f 4368 4457 4458
f 4368 4458 4459
f 4368 4459 4452
f 4369 4373 4460
f 4369 4460 4370
f 4370 4461 4462
f 4370 4462 4371
f 4370 4460 4461
f 4371 4462 4374
f 4373 4451 4460
f 4374 4463 4375
f 4374 4462 4463
f 4375 4463 4464
f 4375 4464 4376
f 4376 4464 4465
f 4376 4465 4466
f 4376 4466 4377
f 4377 4466 4454
f 4378 4379 4468
f 4378 4468 4467
f 4379 4381 4469
f 4379 4469 4470
f 4379 4470 4468
f 4381 4387 4469
f 4383 4453 4471
f 4383 4471 4384
f 4384 4471 4472
f 4384 4472 4385
f 4385 4473 4386
f 4385 4472 4474
f 4385 4474 4473
f 4386 4473 4475
f 4386 4475 4387
f 4387 4475 4476
f 4387 4476 4469
f 4388 4477 4478
f 4388 4478 4389
f 4388 4391 4479
f 4388 4479 4477
f 4389 4478 4480
f 4389 4480 4481
f 4389 4481 4402
f 4390 4395 4479
f 4390 4479 4391
f 4392 4401 4393
f 4393 4401 4394
f 4394 4401 4482
f 4394 4482 4483
f 4394 4483 4395
f 4395 4484 4485
f 4395 4485 4486
f 4395 4486 4479
f 4395 4483 4484
f 4396 4487 4488
f 4396 4488 4489
f 4396 4489 4490
f 4396 4490 4397
f 4397 4490 4491
f 4397 4491 4399
f 4397 4399 4398
f 4399 4491 4400
f 4400 4492 4493
f 4400 4493 4401
f 4400 4491 4489
f 4400 4489 4492
f 4401 4493 4482
f 4402 4481 4494
f 4402 4494 4403
f 4403 4494 4404
f 4404 4494 4495
f 4404 4495 4496
f 4404 4496 4405
f 4405 4496 4407
f 4407 4496 4497
f 4407 4497 4498
f 4407 4498 4408
f 4408 4499 4500
f 4408 4500 4501
f 4408 4501 4410
f 4408 4410 4409
f 4408 4498 4499
f 4410 4501 4502
f 4410 4502 4412
f 4410 4412 4411
f 4412 4502 4413
f 4413 4502 4503
f 4413 4503 4504
f 4413 4504 4414
f 4414 4504 4416
f 4414 4416 4415
f 4416 4504 4505
f 4416 4505 4417
f 4417 4505 4418
f 4418 4505 4506
f 4418 4506 4507
f 4418 4507 4508
f 4418 4508 4419
f 4419 4508 4509
f 4419 4509 4420
f 4420 4509 4421
f 4421 4509 4510
f 4421 4510 4429
f 4421 4429 4422
f 4422 4429 4423
f 4424 4511 4512
f 4424 4512 4425
f 4424 4433 4511
f 4425 4512 4513
f 4425 4513 4426
f 4426 4513 4438
f 4428 4430 4514
f 4428 4514 4432
f 4429 4510 4509
f 4429 4509 4515
f 4429 4515 4514
f 4429 4514 4430
f 4431 4432 4433
f 4432 4516 4517
f 4432 4517 4518
f 4432 4518 4433
f 4432 4514 4516
f 4433 4518 4519
f 4433 4519 4511
f 4434 4438 4513
f 4434 4513 4520
f 4434 4520 4521
f 4434 4521 4435
f 4435 4521 4522
f 4435 4522 4523
f 4435 4523 4524
f 4435 4524 4525
f 4435 4525 4526
f 4435 4526 4437
f 4435 4437 4436
f 4437 4526 4527
f 4440 4444 4528
f 4440 4528 4529
f 4440 4529 4530
f 4440 4530 4531
f 4440 4531 4441
f 4441 4531 4442
f 4442 4531 4532
f 4442 4532 4445
f 4443 4533 4534
f 4443 4534 4444
f 4444 4535 4536
f 4444 4536 4528
f 4444 4534 4535
f 4445 4532 4537
f 4445 4537 4538
f 4445 4538 4447
f 4445 4447 4446
f 4447 4538 4539
f 4447 4539 4540
f 4447 4540 4541
f 4447 4541 4448
f 4448 4542 4543
f 4448 4543 4451
f 4448 4451 4449
f 4448 4541 4542
f 4449 4451 4450
f 4451 4544 4460
f 4451 4543 4544
f 4452 4459 4453
f 4453 4545 4471
f 4453 4459 4545
f 4454 4546 4547
f 4454 4547 4548
f 4454 4548 4455
f 4454 4466 4549
f 4454 4549 4546
f 4455 4548 4456
f 4456 4548 4547
f 4456 4547 4550
f 4456 4550 4457
f 4457 4550 4551
f 4457 4551 4458
f 4458 4552 4545
f 4458 4545 4459
f 4458 4551 4552
f 4460 4544 4553
f 4460 4553 4461
f 4461 4553 4554
f 4461 4554 4555
f 4461 4555 4556
f 4461 4556 4462
f 4462 4556 4557
f 4462 4557 4463
f 4463 4557 4558
f 4463 4558 4559
f 4463 4559 4464
f 4464 4559 4465
f 4465 4559 4560
f 4465 4560 4466
f 4466 4560 4549
f 4467 4468 4470
f 4467 4470 4562
f 4467 4562 4561
f 4469 4476 4470
f 4470 4476 4563
f 4470 4563 4564
f 4470 4564 4562
f 4471 4565 4472
f 4471 4545 4565
f 4472 4566 4474
f 4472 4565 4566
f 4473 4567 4568
f 4473 4568 4569
f 4473 4569 4475
f 4473 4474 4566
f 4473 4566 4570
f 4473 4570 4567
f 4475 4571 4476
f 4475 4569 4571
f 4476 4571 4572
f 4476 4572 4563
f 4477 4480 4478
f 4477 4479 4480
f 4479 4486 4573
f 4479 4573 4574
f 4479 4574 4480
f 4480 4574 4481
f 4481 4574 4575
f 4481 4575 4494
f 4482 4576 4483
f 4482 4493 4492
f 4482 4492 4577
f 4482 4577 4576
f 4483 4576 4578
f 4483 4578 4484
f 4484 4579 4485
f 4484 4578 4579
f 4485 4579 4486
f 4486 4579 4580
f 4486 4580 4573
f 4487 4581 4488
f 4488 4582 4489
f 4488 4581 4582
f 4489 4582 4492
f 4489 4491 4490
f 4492 4583 4584
f 4492 4584 4577
f 4492 4582 4585
f 4492 4585 4583
f 4494 4575 4495
f 4495 4586 4587
f 4495 4587 4588
f 4495 4588 4496
f 4495 4575 4586
f 4496 4588 4589
f 4496 4589 4497
f 4497 4589 4588
f 4497 4588 4590
f 4497 4590 4591
f 4497 4591 4500
f 4497 4500 4499
f 4497 4499 4498
f 4500 4591 4592
f 4500 4592 4593
f 4500 4593 4501
f 4501 4593 4502
f 4502 4593 4503
f 4503 4593 4594
f 4503 4594 4595
f 4503 4595 4596
f 4503 4596 4597
f 4503 4597 4504
f 4504 4597 4505
f 4505 4597 4506
f 4506 4597 4596
f 4506 4596 4598
f 4506 4598 4599
f 4506 4599 4507
f 4507 4599 4508
f 4508 4599 4600
f 4508 4600 4601
f 4508 4601 4602
f 4508 4602 4603
f 4508 4603 4514
f 4508 4514 4515
f 4508 4515 4509
f 4511 4604 4512
f 4511 4519 4604
f 4512 4604 4513
f 4513 4604 4605
f 4513 4605 4606
f 4513 4606 4520
f 4514 4607 4516
f 4514 4603 4607
f 4516 4608 4517
f 4516 4607 4609
f 4516 4609 4608
f 4517 4519 4518
f 4517 4608 4610
f 4517 4610 4519
f 4519 4610 4611
f 4519 4611 4604
f 4520 4606 4521
f 4521 4606 4612
f 4521 4612 4523
f 4521 4523 4522
f 4523 4613 4524
f 4523 4612 4613
f 4524 4613 4614
f 4524 4614 4615
f 4524 4615 4616
f 4524 4616 4525
f 4525 4616 4617
f 4525 4617 4526
f 4526 4618 4619
f 4526 4619 4527
f 4526 4617 4616
f 4526 4616 4618
f 4528 4536 4620
f 4528 4620 4621
f 4528 4621 4529
f 4529 4622 4623
f 4529 4623 4624
f 4529 4624 4625
f 4529 4625 4532
f 4529 4532 4531
f 4529 4531 4530
f 4529 4621 4622
f 4532 4625 4537
f 4533 4626 4534
f 4534 4627 4536
f 4534 4536 4535
f 4534 4626 4627
f 4536 4627 4628
f 4536 4628 4620
f 4537 4625 4629
f 4537 4629 4539
f 4537 4539 4538
f 4539 4629 4540
f 4540 4630 4631
f 4540 4631 4542
f 4540 4542 4541
f 4540 4629 4632
f 4540 4632 4630
f 4542 4631 4633
f 4542 4633 4543
f 4543 4633 4553
f 4543 4553 4544
f 4545 4552 4634
f 4545 4634 4565
f 4546 4549 4635
f 4546 4635 4636
f 4546 4636 4547
f 4547 4636 4550
f 4549 4560 4635
f 4550 4636 4637
f 4550 4637 4551
f 4551 4637 4552
f 4552 4637 4638
f 4552 4638 4639
f 4552 4639 4634
f 4553 4640 4554
f 4553 4633 4640
f 4554 4640 4555
f 4555 4641 4642
f 4555 4642 4643
f 4555 4643 4556
f 4555 4640 4641
f 4556 4644 4557
f 4556 4643 4644
f 4557 4644 4558
f 4558 4645 4646
f 4558 4646 4647
f 4558 4647 4559
f 4558 4644 4645
f 4559 4647 4560
f 4560 4647 4648
f 4560 4648 4649
f 4560 4649 4635
f 4561 4562 4650
f 4562 4564 4651
f 4562 4651 4650
f 4563 4652 4653
f 4563 4653 4564
f 4563 4572 4571
f 4563 4571 4654
f 4563 4654 4652
f 4564 4653 4651
f 4565 4634 4566
f 4566 4655 4570
f 4566 4634 4639
f 4566 4639 4655
f 4567 4656 4568
f 4567 4570 4657
f 4567 4657 4656
f 4568 4658 4571
f 4568 4571 4569
f 4568 4656 4658
f 4570 4655 4657
f 4571 4658 4654
f 4573 4580 4659
f 4573 4659 4574
f 4574 4659 4660
f 4574 4660 4661
f 4574 4661 4575
f 4575 4661 4586
f 4576 4577 4584
f 4576 4584 4662
f 4576 4662 4578
f 4578 4662 4663
f 4578 4663 4579
f 4579 4664 4580
f 4579 4663 4665
f 4579 4665 4664
f 4580 4665 4659
f 4580 4664 4665
f 4581 4666 4582
f 4582 4667 4585
f 4582 4666 4667
f 4583 4585 4668
f 4583 4668 4584
f 4584 4669 4670
f 4584 4670 4662
f 4584 4668 4669
f 4585 4667 4671
f 4585 4671 4668
f 4586 4672 4673
f 4586 4673 4674
f 4586 4674 4675
f 4586 4675 4588
f 4586 4588 4587
f 4586 4661 4660
f 4586 4660 4676
f 4586 4676 4677
f 4586 4677 4672
f 4588 4675 4590
f 4590 4675 4678
f 4590 4678 4591
f 4591 4678 4679
f 4591 4679 4592
f 4592 4679 4680
f 4592 4680 4593
f 4593 4680 4594
f 4594 4681 4682
f 4594 4682 4683
f 4594 4683 4596
f 4594 4596 4595
f 4594 4680 4681
f 4596 4683 4684
f 4596 4684 4685
f 4596 4685 4598
f 4598 4685 4686
f 4598 4686 4599
f 4599 4687 4688
f 4599 4688 4600
f 4599 4686 4687
f 4600 4688 4601
f 4601 4689 4609
f 4601 4609 4690
f 4601 4690 4603
f 4601 4603 4602
f 4601 4688 4689
f 4603 4690 4607
f 4604 4606 4605
f 4604 4611 4691
f 4604 4691 4606
f 4606 4691 4692
f 4606 4692 4693
f 4606 4693 4694
f 4606 4694 4613
f 4606 4613 4612
f 4607 4690 4609
f 4608 4695 4610
f 4608 4609 4696
f 4608 4696 4695
f 4609 4689 4696
f 4610 4697 4698
f 4610 4698 4611
f 4610 4695 4696
f 4610 4696 4697
f 4611 4698 4691
f 4613 4699 4614
f 4613 4694 4700
f 4613 4700 4699
f 4614 4701 4702
f 4614 4702 4615
f 4614 4699 4701
f 4615 4702 4618
f 4615 4618 4703
f 4615 4703 4616
f 4616 4703 4618
f 4618 4704 4705
f 4618 4705 4706
f 4618 4706 4707
f 4618 4707 4619
f 4618 4702 4701
f 4618 4701 4704
f 4620 4708 4709
f 4620 4709 4621
f 4620 4628 4710
f 4620 4710 4711
f 4620 4711 4712
f 4620 4712 4708
f 4621 4709 4713
f 4621 4713 4623
f 4621 4623 4622
f 4623 4713 4714
f 4623 4714 4715
f 4623 4715 4624
f 4624 4715 4716
f 4624 4716 4625
f 4625 4716 4629
f 4626 4711 4710
f 4626 4710 4628
f 4626 4628 4627
f 4629 4717 4718
f 4629 4718 4632
f 4629 4716 4717
f 4630 4632 4718
f 4630 4718 4719
f 4630 4719 4720
f 4630 4720 4721
f 4630 4721 4722
f 4630 4722 4631
f 4631 4722 4633
f 4633 4722 4640
f 4635 4649 4723
f 4635 4723 4724
f 4635 4724 4636
f 4636 4725 4726
f 4636 4726 4637
f 4636 4724 4725
f 4637 4726 4727
f 4637 4727 4638
f 4638 4727 4728
f 4638 4728 4639
f 4639 4728 4655
f 4640 4722 4641
f 4641 4729 4730
f 4641 4730 4642
f 4641 4722 4731
f 4641 4731 4729
f 4642 4732 4643
f 4642 4730 4732
f 4643 4732 4733
f 4643 4733 4644
f 4644 4733 4645
f 4645 4734 4646
f 4645 4733 4735
f 4645 4735 4734
f 4646 4734 4736
f 4646 4736 4737
f 4646 4737 4647
f 4647 4737 4648
f 4648 4737 4649
f 4649 4737 4738
f 4649 4738 4723
f 4650 4651 4739
f 4651 4653 4652
f 4651 4652 4740
f 4651 4740 4741
f 4651 4741 4742
f 4651 4742 4743
f 4651 4743 4739
f 4652 4654 4744
f 4652 4744 4741
f 4652 4741 4740
f 4654 4658 4744
f 4655 4745 4657
f 4655 4728 4727
f 4655 4727 4746
f 4655 4746 4745
f 4656 4657 4747
f 4656 4747 4658
f 4657 4745 4748
f 4657 4748 4747
f 4658 4747 4749
f 4658 4749 4750
f 4658 4750 4751
f 4658 4751 4744
f 4659 4665 4752
f 4659 4752 4753
f 4659 4753 4660
f 4660 4753 4676
f 4662 4754 4755
f 4662 4755 4663
f 4662 4670 4754
f 4663 4755 4754
f 4663 4754 4756
f 4663 4756 4757
f 4663 4757 4665
f 4665 4758 4759
f 4665 4759 4760
f 4665 4760 4752
f 4665 4757 4758
f 4666 4761 4762
f 4666 4762 4763
f 4666 4763 4671
f 4666 4671 4667
f 4668 4671 4764
f 4668 4764 4669
f 4669 4765 4766
f 4669 4766 4670
f 4669 4764 4767
f 4669 4767 4765
f 4670 4766 4754
f 4671 4763 4768
f 4671 4768 4769
f 4671 4769 4764
f 4672 4677 4770
f 4672 4770 4771
f 4672 4771 4772
f 4672 4772 4773
f 4672 4773 4774
f 4672 4774 4674
f 4672 4674 4673
f 4674 4774 4775
f 4674 4775 4675
f 4675 4775 4678
f 4676 4753 4770
f 4676 4770 4677
f 4678 4775 4776
f 4678 4776 4777
f 4678 4777 4680
f 4678 4680 4679
f 4680 4777 4681
f 4681 4778 4779
f 4681 4779 4682
f 4681 4777 4776
f 4681 4776 4780
f 4681 4780 4778
f 4682 4779 4781
f 4682 4781 4683
f 4683 4781 4782
f 4683 4782 4684
f 4684 4782 4685
f 4685 4782 4686
f 4686 4782 4783
f 4686 4783 4784
f 4686 4784 4687
f 4687 4784 4688
f 4688 4784 4785
f 4688 4785 4786
f 4688 4786 4696
f 4688 4696 4689
f 4691 4698 4692
f 4692 4787 4693
f 4692 4698 4788
f 4692 4788 4789
f 4692 4789 4790
f 4692 4790 4787
f 4693 4787 4791
f 4693 4791 4694
f 4694 4791 4700
f 4696 4786 4792
f 4696 4792 4697
f 4697 4792 4793
f 4697 4793 4698
f 4698 4793 4788
f 4699 4794 4795
f 4699 4795 4701
f 4699 4700 4796
f 4699 4796 4797
f 4699 4797 4798
f 4699 4798 4794
f 4700 4791 4799
f 4700 4799 4796
f 4701 4795 4800
f 4701 4800 4705
f 4701 4705 4704
f 4705 4800 4801
f 4705 4801 4802
f 4708 4803 4804
f 4708 4804 4709
f 4708 4712 4803
f 4709 4805 4713
f 4709 4804 4805
f 4712 4806 4807
f 4712 4807 4803
f 4713 4808 4714
f 4713 4805 4808
f 4714 4808 4809
f 4714 4809 4810
f 4714 4810 4811
f 4714 4811 4812
f 4714 4812 4715
f 4715 4812 4717
f 4715 4717 4716
f 4717 4812 4813
f 4717 4813 4720
f 4717 4720 4718
f 4718 4720 4719
f 4720 4814 4815
f 4720 4815 4721
f 4720 4813 4814
f 4721 4815 4816
f 4721 4816 4731
f 4721 4731 4722
f 4723 4738 4724
f 4724 4738 4817
f 4724 4817 4818
f 4724 4818 4726
f 4724 4726 4725
f 4726 4818 4819
f 4726 4819 4820
f 4726 4820 4727
f 4727 4820 4821
f 4727 4821 4746
f 4729 4822 4730
f 4729 4731 4823
f 4729 4823 4822
f 4730 4822 4732
f 4731 4816 4823
f 4732 4822 4824
f 4732 4824 4735
f 4732 4735 4733
f 4734 4825 4736
f 4734 4735 4825
f 4735 4824 4826
f 4735 4826 4825
f 4736 4827 4828
f 4736 4828 4829
f 4736 4829 4737
f 4736 4825 4827
f 4737 4829 4738
f 4738 4830 4817
f 4738 4829 4831
f 4738 4831 4830
f 4739 4743 4832
f 4741 4744 4833
f 4741 4833 4834
f 4741 4834 4742
f 4742 4835 4836
f 4742 4836 4743
f 4742 4834 4835
f 4743 4836 4832
f 4744 4751 4833
f 4745 4746 4821
f 4745 4821 4837
f 4745 4837 4838
f 4745 4838 4748
f 4747 4748 4839
f 4747 4839 4749
f 4748 4838 4839
f 4749 4840 4841
f 4749 4841 4750
f 4749 4839 4842
f 4749 4842 4843
f 4749 4843 4840
f 4750 4841 4751
f 4751 4841 4833
f 4752 4760 4753
f 4753 4844 4845
f 4753 4845 4770
f 4753 4760 4844
f 4754 4766 4846
f 4754 4846 4847
f 4754 4847 4848
f 4754 4848 4756
f 4756 4848 4758
f 4756 4758 4757
f 4758 4849 4759
f 4758 4848 4850
f 4758 4850 4849
f 4759 4851 4844
f 4759 4844 4760
f 4759 4849 4851
f 4761 4852 4762
f 4762 4853 4768
f 4762 4768 4763
f 4762 4852 4853
f 4764 4769 4767
f 4765 4854 4855
f 4765 4855 4856
f 4765 4856 4846
f 4765 4846 4766
f 4765 4767 4854
f 4767 4769 4768
f 4767 4768 4857
f 4767 4857 4858
f 4767 4858 4854
f 4768 4853 4859
f 4768 4859 4857
f 4770 4845 4771
f 4771 4860 4861
f 4771 4861 4862
f 4771 4862 4772
f 4771 4845 4860
f 4772 4862 4863
f 4772 4863 4773
f 4773 4863 4864
f 4773 4864 4865
f 4773 4865 4774
f 4774 4865 4866
f 4774 4866 4775
f 4775 4866 4776
f 4776 4866 4780
f 4778 4780 4867
f 4778 4867 4868
f 4778 4868 4869
f 4778 4869 4779
f 4779 4869 4870
f 4779 4870 4871
f 4779 4871 4781
f 4780 4866 4865
f 4780 4865 4867
f 4781 4871 4872
f 4781 4872 4873
f 4781 4873 4782
f 4782 4873 4783
f 4783 4874 4875
f 4783 4875 4784
f 4783 4873 4874
f 4784 4875 4876
f 4784 4876 4785
f 4785 4876 4786
f 4786 4876 4877
f 4786 4877 4792
f 4787 4790 4878
f 4787 4878 4791
f 4788 4793 4789
f 4789 4793 4792
f 4789 4792 4879
f 4789 4879 4880
f 4789 4880 4881
f 4789 4881 4882
f 4789 4882 4790
f 4790 4882 4878
f 4791 4878 4799
f 4792 4877 4879
f 4794 4883 4884
f 4794 4884 4885
f 4794 4885 4795
f 4794 4798 4883
f 4795 4885 4801
f 4795 4801 4800
f 4796 4799 4878
f 4796 4878 4886
f 4796 4886 4887
f 4796 4887 4888
f 4796 4888 4797
f 4797 4888 4798
f 4798 4888 4889
f 4798 4889 4890
f 4798 4890 4883
f 4801 4891 4802
f 4801 4885 4891
f 4802 4891 4892
f 4803 4893 4804
f 4803 4807 4893
f 4804 4893 4894
f 4804 4894 4895
f 4804 4895 4896
f 4804 4896 4808
f 4804 4808 4805
f 4806 4897 4898
f 4806 4898 4899
f 4806 4899 4807
f 4807 4899 4893
f 4808 4896 4809
f 4809 4896 4900
f 4809 4900 4901
f 4809 4901 4810
f 4810 4901 4902
f 4810 4902 4903
f 4810 4903 4904
f 4810 4904 4811
f 4811 4905 4906
f 4811 4906 4907
f 4811 4907 4812
f 4811 4904 4905
f 4812 4907 4908
f 4812 4908 4814
f 4812 4814 4813
f 4814 4908 4907
f 4814 4907 4909
f 4814 4909 4910
f 4814 4910 4911
f 4814 4911 4815
f 4815 4911 4823
f 4815 4823 4816
f 4817 4912 4818
f 4817 4830 4912
f 4818 4913 4819
f 4818 4912 4913
f 4819 4913 4914
f 4819 4914 4820
f 4820 4915 4837
f 4820 4837 4821
f 4820 4914 4915
f 4822 4823 4911
f 4822 4911 4916
f 4822 4916 4917
f 4822 4917 4918
f 4822 4918 4919
f 4822 4919 4920
f 4822 4920 4824
f 4824 4920 4826
f 4825 4826 4921
f 4825 4921 4827
f 4826 4922 4921
f 4826 4920 4922
f 4827 4923 4924
f 4827 4924 4831
f 4827 4831 4829
f 4827 4829 4828
f 4827 4921 4925
f 4827 4925 4923
f 4830 4926 4927
f 4830 4927 4912
f 4830 4831 4928
f 4830 4928 4926
f 4831 4924 4928
f 4832 4836 4929
f 4833 4930 4834
f 4833 4841 4931
f 4833 4931 4930
f 4834 4930 4932
f 4834 4932 4933
f 4834 4933 4836
f 4834 4836 4835
f 4836 4933 4934
f 4836 4934 4935
f 4836 4935 4929
f 4837 4915 4838
f 4838 4936 4843
f 4838 4843 4839
f 4838 4915 4937
f 4838 4937 4936
f 4839 4843 4842
f 4840 4938 4939
f 4840 4939 4940
f 4840 4940 4931
f 4840 4931 4841
f 4840 4843 4941
f 4840 4941 4942
f 4840 4942 4938
f 4843 4936 4942
f 4843 4942 4941
f 4844 4943 4845
f 4844 4851 4943
f 4845 4943 4944
f 4845 4944 4860
f 4846 4856 4855
f 4846 4855 4945
f 4846 4945 4847
f 4847 4945 4946
f 4847 4946 4848
f 4848 4946 4947
f 4848 4947 4850
f 4849 4850 4948
f 4849 4948 4949
f 4849 4949 4851
f 4850 4947 4950
f 4850 4950 4948
f 4851 4949 4951
f 4851 4951 4943
f 4852 4952 4859
f 4852 4859 4853
f 4854 4953 4855
f 4854 4858 4954
f 4854 4954 4953
f 4855 4953 4955
f 4855 4955 4945
f 4857 4859 4858
f 4858 4956 4957
f 4858 4957 4954
f 4858 4859 4956
f 4859 4952 4958
f 4859 4958 4956
f 4860 4944 4861
f 4861 4959 4863
f 4861 4863 4862
f 4861 4944 4960
f 4861 4960 4959
f 4863 4961 4962
f 4863 4962 4963
f 4863 4963 4864
f 4863 4959 4961
f 4864 4963 4865
f 4865 4963 4964
f 4865 4964 4965
f 4865 4965 4867
f 4867 4965 4868
f 4868 4965 4869
f 4869 4965 4966
f 4869 4966 4870
f 4870 4966 4967
f 4870 4967 4968
f 4870 4968 4969
f 4870 4969 4970
f 4870 4970 4871
f 4871 4970 4872
f 4872 4971 4972
f 4872 4972 4873
f 4872 4970 4971
f 4873 4972 4973
f 4873 4973 4874
f 4874 4973 4875
f 4875 4973 4974
f 4875 4974 4975
f 4875 4975 4877
f 4875 4877 4876
f 4877 4975 4879
f 4878 4882 4881
f 4878 4881 4976
f 4878 4976 4977
f 4878 4977 4886
f 4879 4978 4880
f 4879 4975 4979
f 4879 4979 4978
f 4880 4978 4881
f 4881 4978 4976
f 4883 4980 4981
f 4883 4981 4982
f 4883 4982 4884
f 4883 4890 4983
f 4883 4983 4980
f 4884 4981 4984
f 4884 4984 4985
f 4884 4985 4891
f 4884 4891 4986
f 4884 4986 4987
f 4884 4987 4885
f 4884 4982 4981
f 4885 4987 4986
f 4885 4986 4891
f 4886 4977 4887
f 4887 4988 4989
f 4887 4989 4888
f 4887 4977 4990
f 4887 4990 4988
f 4888 4989 4890
f 4888 4890 4889
f 4890 4989 4983
f 4891 4985 4991
f 4891 4991 4992
f 4891 4992 4892
f 4893 4993 4894
f 4893 4899 4993
f 4894 4993 4895
f 4895 4993 4994
f 4895 4994 4995
f 4895 4995 4996
f 4895 4996 4997
f 4895 4997 4900
f 4895 4900 4896
f 4897 4998 4898
f 4898 4998 4999
f 4898 4999 4993
f 4898 4993 4899
f 4900 5000 5001
f 4900 5001 4901
f 4900 4997 5002
f 4900 5002 5000
f 4901 5001 5000
f 4901 5000 5003
f 4901 5003 4902
f 4902 5003 4903
f 4903 5004 5005
f 4903 5005 4905
f 4903 4905 4904
f 4903 5003 5004
f 4905 5005 5006
f 4905 5006 4906
f 4906 5006 4909
f 4906 4909 4907
f 4909 5006 5007
f 4909 5007 4910
f 4910 5007 5008
f 4910 5008 4917
f 4910 4917 4911
f 4911 4917 4916
f 4912 4927 5009
f 4912 5009 5010
f 4912 5010 4913
f 4913 5010 5011
f 4913 5011 4914
f 4914 5011 5012
f 4914 5012 4915
f 4915 5012 5013
f 4915 5013 4937
f 4917 5008 5014
f 4917 5014 4918
f 4918 5015 5016
f 4918 5016 4919
f 4918 5014 5017
f 4918 5017 5015
f 4919 5016 4920
f 4920 5016 4922
f 4921 5018 4925
f 4921 4922 5018
f 4922 5016 5018
f 4923 5019 5020
f 4923 5020 4928
f 4923 4928 4924
f 4923 4925 5021
f 4923 5021 5022
f 4923 5022 5019
f 4925 5018 5021
f 4926 4928 5020
f 4926 5020 5019
f 4926 5019 5023
f 4926 5023 5024
f 4926 5024 5025
f 4926 5025 5009
f 4926 5009 4927
f 4929 4935 4934
f 4929 4934 5026
f 4930 5027 4932
f 4930 4931 5027
f 4931 4940 4939
f 4931 4939 5028
f 4931 5028 5029
f 4931 5029 5030
f 4931 5030 5027
f 4932 5031 4933
f 4932 5027 5031
f 4933 5032 4934
f 4933 5031 5032
f 4934 5032 5026
f 4936 5033 4942
f 4936 4937 5013
f 4936 5013 5034
f 4936 5034 5035
f 4936 5035 5033
f 4938 5036 4939
f 4938 4942 5037
f 4938 5037 5036
f 4939 5036 5028
f 4942 5033 5038
f 4942 5038 5037
f 4943 4951 4960
f 4943 4960 4944
f 4945 4955 4946
f 4946 4955 4947
f 4947 4955 5039
f 4947 5039 5040
f 4947 5040 4950
f 4948 4950 5040
f 4948 5040 5041
f 4948 5041 5042
f 4948 5042 4949
f 4949 5042 5043
f 4949 5043 4951
f 4951 5043 4960
f 4952 5044 4958
f 4953 5045 5046
f 4953 5046 5047
f 4953 5047 4955
f 4953 4954 5045
f 4954 4957 5048
f 4954 5048 5045
f 4955 5047 5039
f 4956 4958 5049
f 4956 5049 4957
f 4957 5050 5048
f 4957 5049 5050
f 4958 5044 5049
f 4959 4960 5051
f 4959 5051 5052
f 4959 5052 5053
f 4959 5053 4961
f 4960 5054 5051
f 4960 5043 5054
f 4961 5053 4962
f 4962 5055 5056
f 4962 5056 5057
f 4962 5057 5058
f 4962 5058 4963
f 4962 5053 5055
f 4963 5058 5057
f 4963 5057 4965
f 4963 4965 4964
f 4965 5057 5059
f 4965 5059 5060
f 4965 5060 4966
f 4966 5061 4967
f 4966 5060 5061
f 4967 5061 5062
f 4967 5062 5063
f 4967 5063 4968
f 4968 5063 5064
f 4968 5064 4969
f 4969 4971 4970
f 4969 5064 5065
f 4969 5065 4971
f 4971 5065 4973
f 4971 4973 4972
f 4973 5065 4974
f 4974 5065 5066
f 4974 5066 5067
f 4974 5067 4975
f 4975 5067 4979
f 4976 4978 5068
f 4976 5068 5069
f 4976 5069 4977
f 4977 5069 4990
f 4978 4979 5068
f 4979 5067 5066
f 4979 5066 5070
f 4979 5070 5071
f 4979 5071 5068
f 4980 5072 5073
f 4980 5073 4981
f 4980 4983 5074
f 4980 5074 5072
f 4981 5073 5075
f 4981 5075 5076
f 4981 5076 4984
f 4983 4989 4988
f 4983 4988 5077
f 4983 5077 5074
f 4984 5076 4991
f 4984 4991 4985
f 4988 4990 5078
f 4988 5078 5079
f 4988 5079 5080
f 4988 5080 5077
f 4990 5069 5081
f 4990 5081 5079
f 4990 5079 5078
f 4991 5076 4992
f 4992 5082 5083
f 4992 5076 5082
f 4993 5084 4994
f 4993 4999 5084
f 4994 5084 4995
f 4995 5085 4996
f 4995 5084 5085
f 4996 5002 4997
f 4996 5085 5086
f 4996 5086 5002
f 4999 5087 5088
f 4999 5088 5084
f 5000 5089 5090
f 5000 5090 5003
f 5000 5002 5089
f 5002 5086 5091
f 5002 5091 5092
f 5002 5092 5093
f 5002 5093 5089
f 5003 5090 5094
f 5003 5094 5095
f 5003 5095 5004
f 5004 5095 5005
f 5005 5096 5097
f 5005 5097 5006
f 5005 5095 5096
f 5006 5097 5098
f 5006 5098 5007
f 5007 5099 5100
f 5007 5100 5014
f 5007 5014 5008
f 5007 5098 5097
f 5007 5097 5099
f 5009 5025 5010
f 5010 5101 5102
f 5010 5102 5011
f 5010 5025 5101
f 5011 5102 5103
f 5011 5103 5034
f 5011 5034 5012
f 5012 5034 5013
f 5014 5100 5017
f 5015 5017 5100
f 5015 5100 5104
f 5015 5104 5016
f 5016 5104 5105
f 5016 5105 5106
f 5016 5106 5107
f 5016 5107 5018
f 5018 5107 5108
f 5018 5108 5021
f 5019 5022 5021
f 5019 5021 5109
f 5019 5109 5110
f 5019 5110 5023
f 5021 5108 5111
f 5021 5111 5109
f 5023 5112 5113
f 5023 5113 5024
f 5023 5110 5112
f 5024 5113 5114
f 5024 5114 5115
f 5024 5115 5025
f 5025 5115 5101
f 5026 5032 5117
f 5026 5117 5118
f 5026 5118 5116
f 5027 5030 5029
f 5027 5029 5119
f 5027 5119 5120
f 5027 5120 5031
f 5028 5121 5119
f 5028 5119 5029
f 5028 5036 5122
f 5028 5122 5121
f 5031 5120 5123
f 5031 5123 5124
f 5031 5124 5032
f 5032 5124 5118
f 5032 5118 5117
f 5033 5035 5034
f 5033 5034 5125
f 5033 5125 5126
f 5033 5126 5038
f 5034 5103 5127
f 5034 5127 5125
f 5036 5037 5122
f 5037 5038 5128
f 5037 5128 5129
f 5037 5129 5130
f 5037 5130 5122
f 5038 5126 5128
f 5039 5047 5131
f 5039 5131 5132
f 5039 5132 5133
f 5039 5133 5040
f 5040 5134 5135
f 5040 5135 5136
f 5040 5136 5041
f 5040 5133 5134
f 5041 5136 5137
f 5041 5137 5138
f 5041 5138 5139
f 5041 5139 5042
f 5042 5139 5043
f 5043 5139 5138
f 5043 5138 5054
f 5044 5140 5141
f 5044 5141 5049
f 5045 5142 5143
f 5045 5143 5046
f 5045 5048 5050
f 5045 5050 5144
f 5045 5144 5145
f 5045 5145 5142
f 5046 5143 5146
f 5046 5146 5147
f 5046 5147 5047
f 5047 5147 5131
f 5049 5141 5148
f 5049 5148 5050
f 5050 5148 5149
f 5050 5149 5145
f 5050 5145 5144
f 5051 5054 5150
f 5051 5150 5151
f 5051 5151 5152
f 5051 5152 5052
f 5052 5152 5055
f 5052 5055 5053
f 5054 5153 5150
f 5054 5138 5153
f 5055 5152 5154
f 5055 5154 5155
f 5055 5155 5156
f 5055 5156 5056
f 5056 5156 5157
f 5056 5157 5057
f 5057 5157 5158
f 5057 5158 5059
f 5059 5158 5060
f 5060 5158 5159
f 5060 5159 5061
f 5061 5159 5160
f 5061 5160 5062
f 5062 5160 5161
f 5062 5161 5063
f 5063 5161 5162
f 5063 5162 5064
f 5064 5162 5163
f 5064 5163 5164
f 5064 5164 5165
f 5064 5165 5065
f 5065 5165 5164
f 5065 5164 5166
f 5065 5166 5066
f 5066 5166 5164
f 5066 5164 5167
f 5066 5167 5070
f 5068 5071 5070
f 5068 5070 5167
f 5068 5167 5069
f 5069 5167 5081
f 5072 5168 5169
f 5072 5169 5073
f 5072 5074 5170
f 5072 5170 5168
f 5073 5169 5075
f 5074 5077 5171
f 5074 5171 5170
f 5075 5169 5172
f 5075 5172 5173
f 5075 5173 5082
f 5075 5082 5076
f 5077 5080 5174
f 5077 5174 5175
f 5077 5175 5171
f 5079 5081 5176
f 5079 5176 5080
f 5080 5176 5177
f 5080 5177 5174
f 5081 5167 5178
f 5081 5178 5179
f 5081 5179 5176
f 5082 5173 5083
f 5083 5173 5180
f 5084 5086 5085
f 5084 5088 5087
f 5084 5087 5181
f 5084 5181 5182
f 5084 5182 5086
f 5086 5182 5183
f 5086 5183 5091
f 5089 5093 5090
f 5090 5093 5094
f 5091 5184 5185
f 5091 5185 5186
f 5091 5186 5092
f 5091 5183 5187
f 5091 5187 5188
f 5091 5188 5184
f 5092 5186 5189
f 5092 5189 5190
f 5092 5190 5093
f 5093 5190 5191
f 5093 5191 5192
f 5093 5192 5193
f 5093 5193 5094
f 5094 5193 5194
f 5094 5194 5095
f 5095 5194 5096
f 5096 5194 5195
f 5096 5195 5196
f 5096 5196 5197
f 5096 5197 5097
f 5097 5197 5099
f 5099 5198 5199
f 5099 5199 5100
f 5099 5197 5198
f 5100 5199 5104
f 5101 5200 5102
f 5101 5115 5200
f 5102 5127 5103
f 5102 5200 5127
f 5104 5201 5202
f 5104 5202 5105
f 5104 5199 5201
f 5105 5202 5106
f 5106 5202 5107
f 5107 5202 5203
f 5107 5203 5204
f 5107 5204 5108
f 5108 5204 5111
f 5109 5111 5205
f 5109 5205 5110
f 5110 5205 5206
f 5110 5206 5112
f 5111 5204 5207
f 5111 5207 5208
f 5111 5208 5209
f 5111 5209 5205
f 5112 5206 5113
f 5113 5206 5210
f 5113 5210 5211
f 5113 5211 5114
f 5114 5211 5212
f 5114 5212 5115
f 5115 5212 5213
f 5115 5213 5200
f 5116 5118 5215
f 5116 5215 5214
f 5118 5124 5216
f 5118 5216 5215
f 5119 5121 5217
f 5119 5217 5218
f 5119 5218 5123
f 5119 5123 5120
f 5121 5122 5219
f 5121 5219 5220
f 5121 5220 5217
f 5122 5130 5219
f 5123 5218 5221
f 5123 5221 5222
f 5123 5222 5216
f 5123 5216 5124
f 5125 5127 5223
f 5125 5223 5126
f 5126 5223 5224
f 5126 5224 5128
f 5127 5200 5223
f 5128 5224 5129
f 5129 5225 5130
f 5129 5224 5226
f 5129 5226 5225
f 5130 5225 5219
f 5131 5147 5227
f 5131 5227 5228
f 5131 5228 5132
f 5132 5228 5229
f 5132 5229 5133
f 5133 5229 5230
f 5133 5230 5134
f 5134 5230 5135
f 5135 5230 5231
f 5135 5231 5232
f 5135 5232 5137
f 5135 5137 5136
f 5137 5232 5233
f 5137 5233 5234
f 5137 5234 5138
f 5138 5234 5153
f 5140 5235 5236
f 5140 5236 5237
f 5140 5237 5149
f 5140 5149 5141
f 5141 5149 5148
f 5142 5238 5239
f 5142 5239 5143
f 5142 5145 5238
f 5143 5239 5147
f 5143 5147 5146
f 5145 5149 5240
f 5145 5240 5238
f 5147 5241 5227
f 5147 5239 5241
f 5149 5237 5236
f 5149 5236 5240
f 5150 5242 5151
f 5150 5153 5243
f 5150 5243 5242
f 5151 5242 5244
f 5151 5244 5245
f 5151 5245 5155
f 5151 5155 5152
f 5152 5155 5154
f 5153 5234 5233
f 5153 5233 5243
f 5155 5246 5247
f 5155 5247 5156
f 5155 5245 5244
f 5155 5244 5248
f 5155 5248 5246
f 5156 5247 5157
f 5157 5247 5249
f 5157 5249 5250
f 5157 5250 5251
f 5157 5251 5252
f 5157 5252 5159
f 5157 5159 5158
f 5159 5253 5160
f 5159 5252 5253
f 5160 5253 5254
f 5160 5254 5255
f 5160 5255 5161
f 5161 5255 5256
f 5161 5256 5257
f 5161 5257 5258
f 5161 5258 5162
f 5162 5258 5259
f 5162 5259 5163
f 5163 5259 5258
f 5163 5258 5260
f 5163 5260 5261
f 5163 5261 5262
f 5163 5262 5164
f 5164 5262 5263
f 5164 5263 5167
f 5167 5263 5264
f 5167 5264 5178
f 5168 5265 5266
f 5168 5266 5267
f 5168 5267 5169
f 5168 5170 5268
f 5168 5268 5265
f 5169 5267 5269
f 5169 5269 5172
f 5170 5171 5270
f 5170 5270 5268
f 5171 5175 5271
f 5171 5271 5270
f 5172 5272 5273
f 5172 5180 5173
f 5172 5269 5272
f 5174 5177 5274
f 5174 5274 5175
f 5175 5274 5271
f 5176 5179 5177
f 5177 5275 5274
f 5177 5179 5276
f 5177 5276 5275
f 5178 5264 5179
f 5179 5264 5261
f 5179 5261 5277
f 5179 5277 5276
f 5181 5278 5182
f 5182 5278 5187
f 5182 5187 5183
f 5184 5279 5280
f 5184 5280 5186
f 5184 5186 5185
f 5184 5188 5187
f 5184 5187 5281
f 5184 5281 5279
f 5186 5280 5282
f 5186 5282 5189
f 5189 5191 5190
f 5189 5282 5283
f 5189 5283 5191
f 5191 5283 5284
f 5191 5284 5285
f 5191 5285 5193
f 5191 5193 5192
f 5193 5286 5287
f 5193 5287 5194
f 5193 5285 5286
f 5194 5287 5195
f 5195 5288 5289
f 5195 5289 5196
f 5195 5287 5290
f 5195 5290 5288
f 5196 5289 5198
f 5196 5198 5197
f 5198 5291 5201
f 5198 5201 5199
f 5198 5289 5291
f 5200 5213 5223
f 5201 5292 5293
f 5201 5293 5294
f 5201 5294 5202
f 5201 5291 5295
f 5201 5295 5292
f 5202 5294 5293
f 5202 5293 5203
f 5203 5207 5204
f 5203 5293 5207
f 5205 5296 5206
f 5205 5209 5208
f 5205 5208 5296
f 5206 5297 5210
f 5206 5296 5298
f 5206 5298 5297
f 5207 5293 5299
f 5207 5299 5300
f 5207 5300 5208
f 5208 5300 5301
f 5208 5301 5296
f 5210 5302 5211
f 5210 5297 5302
f 5211 5302 5303
f 5211 5303 5304
f 5211 5304 5305
f 5211 5305 5212
f 5212 5305 5213
f 5213 5305 5306
f 5213 5306 5307
f 5213 5307 5223
f 5214 5215 5308
f 5215 5216 5309
f 5215 5309 5310
f 5215 5310 5311
f 5215 5311 5312
f 5215 5312 5308
f 5216 5310 5309
f 5216 5222 5310
f 5217 5220 5218
f 5218 5220 5313
f 5218 5313 5314
f 5218 5314 5221
f 5219 5225 5315
f 5219 5315 5220
f 5220 5315 5316
f 5220 5316 5313
f 5221 5314 5222
f 5222 5314 5317
f 5222 5317 5318
f 5222 5318 5310
f 5223 5307 5224
f 5224 5319 5226
f 5224 5307 5306
f 5224 5306 5320
f 5224 5320 5321
f 5224 5321 5319
f 5225 5226 5322
f 5225 5322 5323
f 5225 5323 5315
f 5226 5319 5324
f 5226 5324 5325
f 5226 5325 5326
f 5226 5326 5322
f 5227 5327 5228
f 5227 5241 5327
f 5228 5327 5328
f 5228 5328 5329
f 5228 5329 5330
f 5228 5330 5229
f 5229 5330 5331
f 5229 5331 5230
f 5230 5331 5231
f 5231 5331 5332
f 5231 5332 5232
f 5232 5332 5333
f 5232 5333 5233
f 5233 5333 5334
f 5233 5334 5243
f 5235 5335 5336
f 5235 5336 5236
f 5236 5336 5337
f 5236 5337 5338
f 5236 5338 5240
f 5238 5339 5239
f 5238 5240 5339
f 5239 5339 5340
f 5239 5340 5341
f 5239 5341 5327
f 5239 5327 5241
f 5240 5338 5339
f 5242 5243 5342
f 5242 5342 5244
f 5243 5334 5343
f 5243 5343 5342
f 5244 5344 5248
f 5244 5342 5345
f 5244 5345 5346
f 5244 5346 5344
f 5246 5248 5344
f 5246 5344 5347
f 5246 5347 5348
f 5246 5348 5349
f 5246 5349 5350
f 5246 5350 5247
f 5247 5350 5249
f 5249 5350 5250
f 5250 5351 5352
f 5250 5352 5251
f 5250 5350 5351
f 5251 5352 5353
f 5251 5353 5254
f 5251 5254 5253
f 5251 5253 5252
f 5254 5353 5255
f 5255 5353 5354
f 5255 5354 5256
f 5256 5354 5355
f 5256 5355 5356
f 5256 5356 5257
f 5257 5356 5357
f 5257 5357 5358
f 5257 5358 5260
f 5257 5260 5258
f 5260 5358 5261
f 5261 5263 5262
f 5261 5358 5359
f 5261 5359 5277
f 5261 5264 5263
f 5265 5360 5361
f 5265 5361 5362
f 5265 5362 5363
f 5265 5363 5364
f 5265 5364 5266
f 5265 5268 5365
f 5265 5365 5360
f 5266 5364 5267
f 5267 5364 5269
f 5268 5270 5271
f 5268 5271 5366
f 5268 5366 5365
f 5269 5364 5272
f 5271 5274 5275
f 5271 5275 5367
f 5271 5367 5368
f 5271 5368 5369
f 5271 5369 5366
f 5272 5370 5371
f 5272 5371 5273
f 5272 5364 5370
f 5275 5276 5372
f 5275 5372 5367
f 5276 5277 5373
f 5276 5373 5372
f 5277 5359 5358
f 5277 5358 5374
f 5277 5374 5357
f 5277 5357 5375
f 5277 5375 5376
f 5277 5376 5373
f 5279 5377 5378
f 5279 5378 5379
f 5279 5379 5282
f 5279 5282 5280
f 5279 5281 5380
f 5279 5380 5381
f 5279 5381 5382
f 5279 5382 5383
f 5279 5383 5377
f 5282 5379 5283
f 5283 5379 5384
f 5283 5384 5284
f 5284 5384 5385
f 5284 5385 5285
f 5285 5385 5286
f 5286 5385 5386
f 5286 5386 5287
f 5287 5386 5290
f 5288 5290 5387
f 5288 5387 5388
f 5288 5388 5389
f 5288 5389 5289
f 5289 5389 5295
f 5289 5295 5291
f 5290 5386 5387
f 5292 5390 5293
f 5292 5295 5390
f 5293 5390 5391
f 5293 5391 5299
f 5295 5389 5392
f 5295 5392 5393
f 5295 5393 5394
f 5295 5394 5390
f 5296 5301 5298
f 5297 5298 5395
f 5297 5395 5396
f 5297 5396 5302
f 5298 5301 5397
f 5298 5397 5398
f 5298 5398 5399
f 5298 5399 5400
f 5298 5400 5395
f 5299 5401 5300
f 5299 5391 5401
f 5300 5401 5402
f 5300 5402 5301
f 5301 5402 5403
f 5301 5403 5397
f 5302 5396 5303
f 5303 5404 5405
f 5303 5405 5304
f 5303 5396 5406
f 5303 5406 5404
f 5304 5405 5407
f 5304 5407 5305
f 5305 5407 5306
f 5306 5407 5408
f 5306 5408 5321
f 5306 5321 5320
f 5308 5312 5409
f 5310 5318 5410
f 5310 5410 5312
f 5310 5312 5311
f 5312 5410 5411
f 5312 5411 5412
f 5312 5412 5409
f 5313 5316 5413
f 5313 5413 5414
f 5313 5414 5415
f 5313 5415 5314
f 5314 5415 5317
f 5315 5323 5316
f 5316 5323 5416
f 5316 5416 5413
f 5317 5417 5318
f 5317 5415 5417
f 5318 5418 5410
f 5318 5417 5418
f 5319 5321 5324
f 5321 5408 5407
f 5321 5407 5419
f 5321 5419 5420
f 5321 5420 5325
f 5321 5325 5324
f 5322 5416 5323
f 5322 5326 5416
f 5325 5420 5326
f 5326 5421 5422
f 5326 5422 5416
f 5326 5420 5421
f 5327 5341 5423
f 5327 5423 5424
f 5327 5424 5328
f 5328 5424 5425
f 5328 5425 5329
f 5329 5425 5426
f 5329 5426 5427
f 5329 5427 5428
f 5329 5428 5330
f 5330 5428 5331
f 5331 5429 5430
f 5331 5430 5332
f 5331 5428 5429
f 5332 5430 5431
f 5332 5431 5333
f 5333 5431 5334
f 5334 5431 5343
f 5335 5432 5433
f 5335 5433 5336
f 5336 5433 5337
f 5337 5433 5434
f 5337 5434 5338
f 5338 5434 5433
f 5338 5433 5435
f 5338 5435 5436
f 5338 5436 5437
f 5338 5437 5339
f 5339 5437 5340
f 5340 5437 5341
f 5341 5438 5423
f 5341 5437 5438
f 5342 5343 5439
f 5342 5439 5440
f 5342 5440 5345
f 5343 5431 5441
f 5343 5441 5439
f 5344 5346 5347
f 5345 5440 5346
f 5346 5442 5443
f 5346 5443 5444
f 5346 5444 5348
f 5346 5348 5347
f 5346 5440 5445
f 5346 5445 5446
f 5346 5446 5442
f 5348 5444 5447
f 5348 5447 5349
f 5349 5447 5448
f 5349 5448 5350
f 5350 5448 5351
f 5351 5448 5352
f 5352 5448 5449
f 5352 5449 5450
f 5352 5450 5451
f 5352 5451 5353
f 5353 5451 5354
f 5354 5451 5355
f 5355 5451 5452
f 5355 5452 5357
f 5355 5357 5356
f 5357 5453 5454
f 5357 5454 5375
f 5357 5374 5358
f 5357 5452 5453
f 5360 5365 5455
f 5360 5455 5361
f 5361 5455 5456
f 5361 5456 5457
f 5361 5457 5458
f 5361 5458 5363
f 5361 5363 5362
f 5363 5458 5459
f 5363 5459 5460
f 5363 5460 5461
f 5363 5461 5364
f 5364 5461 5462
f 5364 5462 5370
f 5365 5366 5455
f 5366 5463 5464
f 5366 5464 5455
f 5366 5369 5463
f 5367 5372 5465
f 5367 5465 5466
f 5367 5466 5368
f 5368 5467 5369
f 5368 5466 5468
f 5368 5468 5467
f 5369 5467 5463
f 5370 5462 5371
f 5372 5373 5376
f 5372 5376 5465
f 5375 5454 5376
f 5376 5454 5465
f 5377 5469 5470
f 5377 5470 5378
f 5377 5383 5471
f 5377 5471 5469
f 5378 5470 5472
f 5378 5472 5473
f 5378 5473 5474
f 5378 5474 5384
f 5378 5384 5379
f 5382 5475 5383
f 5383 5475 5471
f 5384 5476 5385
f 5384 5474 5476
f 5385 5477 5386
f 5385 5476 5477
f 5386 5478 5479
f 5386 5479 5388
f 5386 5388 5387
f 5386 5477 5478
f 5388 5479 5480
f 5388 5480 5481
f 5388 5481 5389
f 5389 5481 5482
f 5389 5482 5392
f 5390 5394 5393
f 5390 5393 5391
f 5391 5393 5483
f 5391 5483 5402
f 5391 5402 5401
f 5392 5482 5484
f 5392 5484 5485
f 5392 5485 5393
f 5393 5485 5486
f 5393 5486 5487
f 5393 5487 5483
f 5395 5488 5406
f 5395 5406 5396
f 5395 5400 5399
f 5395 5399 5489
f 5395 5489 5490
f 5395 5490 5488
f 5397 5403 5487
f 5397 5487 5491
f 5397 5491 5398
f 5398 5491 5492
f 5398 5492 5493
f 5398 5493 5494
f 5398 5494 5495
f 5398 5495 5496
f 5398 5496 5399
f 5399 5496 5495
f 5399 5495 5489
f 5402 5483 5487
f 5402 5487 5403
f 5404 5406 5497
f 5404 5497 5405
f 5405 5498 5419
f 5405 5419 5407
f 5405 5497 5498
f 5406 5488 5499
f 5406 5499 5500
f 5406 5500 5497
f 5410 5418 5501
f 5410 5501 5502
f 5410 5502 5411
f 5411 5502 5503
f 5411 5503 5412
f 5413 5504 5414
f 5413 5416 5505
f 5413 5505 5504
f 5414 5504 5506
f 5414 5506 5417
f 5414 5417 5415
f 5416 5422 5421
f 5416 5421 5507
f 5416 5507 5505
f 5417 5506 5508
f 5417 5508 5501
f 5417 5501 5418
f 5419 5498 5420
f 5420 5498 5509
f 5420 5509 5510
f 5420 5510 5421
f 5421 5510 5511
f 5421 5511 5512
f 5421 5512 5513
f 5421 5513 5507
f 5423 5514 5424
f 5423 5438 5515
f 5423 5515 5514
f 5424 5514 5425
f 5425 5516 5517
f 5425 5517 5426
f 5425 5514 5518
f 5425 5518 5516
f 5426 5517 5619
f 5426 5619 5519
f 5426 5519 5520
f 5426 5520 5427
f 5427 5520 5521
f 5427 5521 5522
f 5427 5522 5429
f 5427 5429 5428
f 5429 5522 5521
f 5429 5521 5523
f 5429 5523 5524
f 5429 5524 5525
f 5429 5525 5430
f 5430 5525 5431
f 5431 5525 5441
f 5432 5526 5433
f 5433 5527 5528
f 5433 5528 5435
f 5433 5526 5529
f 5433 5529 5530
f 5433 5530 5527
f 5435 5528 5436
f 5436 5531 5532
f 5436 5532 5533
f 5436 5533 5437
f 5436 5528 5534
f 5436 5534 5531
f 5437 5533 5438
f 5438 5535 5514
f 5438 5514 5515
f 5438 5533 5535
f 5439 5441 5536
f 5439 5536 5537
f 5439 5537 5440
f 5440 5538 5445
f 5440 5537 5538
f 5441 5525 5536
f 5442 5539 5540
f 5442 5540 5443
f 5442 5446 5539
f 5443 5540 5541
f 5443 5541 5444
f 5444 5541 5542
f 5444 5542 5447
f 5445 5538 5446
f 5446 5538 5543
f 5446 5543 5539
f 5447 5542 5544
f 5447 5544 5545
f 5447 5545 5448
f 5448 5545 5449
f 5449 5545 5546
f 5449 5546 5450
f 5450 5546 5547
f 5450 5547 5548
f 5450 5548 5549
f 5450 5549 5451
f 5451 5549 5452
f 5452 5549 5548
f 5452 5548 5550
f 5452 5550 5453
f 5453 5550 5454
f 5454 5550 5551
f 5454 5551 5552
f 5454 5552 5465
f 5455 5464 5553
f 5455 5553 5456
f 5456 5553 5554
f 5456 5554 5457
f 5457 5555 5458
f 5457 5554 5555
f 5458 5555 5556
f 5458 5556 5557
f 5458 5557 5459
f 5459 5557 5556
f 5459 5556 5558
f 5460 5462 5461
f 5463 5559 5560
f 5463 5560 5561
f 5463 5561 5553
f 5463 5553 5464
f 5463 5467 5468
f 5463 5468 5562
f 5463 5562 5563
f 5463 5563 5559
f 5465 5564 5466
f 5465 5552 5564
f 5466 5564 5468
f 5468 5564 5562
f 5469 5565 5566
f 5469 5566 5472
f 5469 5472 5470
f 5469 5471 5567
f 5469 5567 5568
f 5469 5568 5565
f 5472 5566 5569
f 5472 5569 5570
f 5472 5570 5571
f 5472 5571 5473
f 5473 5571 5476
f 5473 5476 5474
f 5476 5571 5572
f 5476 5572 5573
f 5476 5573 5574
f 5476 5574 5477
f 5477 5574 5478
f 5478 5575 5576
f 5478 5576 5479
f 5478 5574 5575
f 5479 5576 5480
f 5480 5576 5577
f 5480 5577 5578
f 5480 5578 5481
f 5481 5578 5482
f 5482 5578 5579
f 5482 5579 5484
f 5484 5580 5485
f 5484 5579 5581
f 5484 5581 5580
f 5485 5582 5583
f 5485 5583 5486
f 5485 5580 5582
f 5486 5583 5487
f 5487 5583 5491
f 5488 5490 5489
f 5488 5489 5584
f 5488 5584 5585
f 5488 5585 5499
f 5489 5586 5584
f 5489 5495 5586
f 5491 5583 5587
f 5491 5587 5492
f 5492 5588 5493
f 5492 5587 5589
f 5492 5589 5588
f 5493 5588 5590
f 5493 5590 5591
f 5493 5591 5494
f 5494 5591 5495
f 5495 5592 5586
f 5495 5591 5592
f 5497 5500 5499
f 5497 5499 5593
f 5497 5593 5594
f 5497 5594 5498
f 5498 5594 5509
f 5499 5595 5593
f 5499 5585 5596
f 5499 5596 5597
f 5499 5597 5595
f 5501 5598 5502
f 5501 5508 5599
f 5501 5599 5598
f 5502 5598 5600
f 5502 5600 5601
f 5502 5601 5602
f 5502 5602 5603
f 5502 5603 5503
f 5504 5505 5604
f 5504 5604 5506
f 5505 5507 5513
f 5505 5513 5605
f 5505 5605 5604
f 5506 5604 5606
f 5506 5606 5508
f 5508 5606 5607
f 5508 5607 5608
f 5508 5608 5599
f 5509 5594 5609
f 5509 5609 5510
f 5510 5609 5511
f 5511 5609 5610
f 5511 5610 5611
f 5511 5611 5612
f 5511 5612 5512
f 5512 5612 5613
f 5512 5613 5614
f 5512 5614 5605
f 5512 5605 5513
f 5514 5535 5518
f 5516 5518 5615
f 5516 5615 5517
f 5517 5615 5616
f 5517 5616 5617
f 5517 5617 5618
f 5517 5618 5619
f 5518 5620 5615
f 5518 5535 5621
f 5518 5621 5620
f 5519 5619 5520
f 5520 5619 5622
f 5520 5622 5623
f 5520 5623 5521
f 5521 5623 5624
f 5521 5624 5523
f 5523 5624 5625
f 5523 5625 5524
f 5524 5536 5626
f 5524 5626 5525
f 5524 5625 5627
f 5524 5627 5536
f 5525 5626 5536
f 5526 5628 5530
f 5526 5530 5529
f 5527 5530 5629
f 5527 5629 5534
f 5527 5534 5528
f 5530 5628 5629
f 5531 5534 5532
f 5532 5534 5630
f 5532 5630 5631
f 5532 5631 5621
f 5532 5621 5535
f 5532 5535 5533
f 5534 5629 5632
f 5534 5632 5633
f 5534 5633 5634
f 5534 5634 5635
f 5534 5635 5631
f 5534 5631 5630
f 5536 5627 5537
f 5537 5627 5636
f 5537 5636 5637
f 5537 5637 5538
f 5538 5637 5543
f 5539 5638 5540
f 5539 5543 5638
f 5540 5639 5541
f 5540 5638 5639
f 5541 5639 5640
f 5541 5640 5641
f 5541 5641 5542
f 5542 5641 5544
f 5543 5637 5642
f 5543 5642 5643
f 5543 5643 5638
f 5544 5644 5645
f 5544 5645 5646
f 5544 5646 5647
f 5544 5647 5545
f 5544 5641 5644
f 5545 5647 5546
f 5546 5648 5649
f 5546 5649 5650
f 5546 5650 5547
f 5546 5647 5646
f 5546 5646 5648
f 5547 5650 5651
f 5547 5651 5548
f 5548 5651 5550
f 5550 5651 5551
f 5551 5651 5652
f 5551 5652 5552
f 5552 5652 5653
f 5552 5653 5564
f 5553 5561 5560
f 5553 5560 5554
f 5554 5560 5654
f 5554 5654 5655
f 5554 5655 5555
f 5555 5656 5556
f 5555 5655 5656
f 5556 5656 5657
f 5556 5657 5558
f 5558 5657 5659
f 5558 5659 5658
f 5559 5654 5560
f 5559 5563 5660
f 5559 5660 5654
f 5562 5564 5653
f 5562 5653 5563
f 5563 5653 5661
f 5563 5661 5662
f 5563 5662 5660
f 5565 5663 5664
f 5565 5664 5665
f 5565 5665 5666
f 5565 5666 5570
f 5565 5570 5569
f 5565 5569 5566
f 5565 5568 5663
f 5568 5667 5668
f 5568 5668 5663
f 5570 5666 5669
f 5570 5669 5571
f 5571 5669 5573
f 5571 5573 5572
f 5573 5669 5670
f 5573 5670 5671
f 5573 5671 5672
f 5573 5672 5575
f 5573 5575 5574
f 5575 5672 5576
f 5576 5672 5673
f 5576 5673 5674
f 5576 5674 5577
f 5577 5675 5579
f 5577 5579 5578
f 5577 5674 5675
f 5579 5675 5581
f 5580 5581 5676
f 5580 5676 5582
f 5581 5675 5677
f 5581 5677 5676
f 5582 5676 5678
f 5582 5678 5587
f 5582 5587 5583
f 5584 5586 5596
f 5584 5596 5585
f 5586 5592 5596
f 5587 5678 5679
f 5587 5679 5680
f 5587 5680 5589
f 5588 5589 5680
f 5588 5680 5681
f 5588 5681 5682
f 5588 5682 5683
f 5588 5683 5590
f 5590 5683 5592
f 5590 5592 5591
f 5592 5683 5684
f 5592 5684 5685
f 5592 5685 5686
f 5592 5686 5596
f 5593 5595 5687
f 5593 5687 5609
f 5593 5609 5594
f 5595 5597 5596
f 5595 5596 5688
f 5595 5688 5689
f 5595 5689 5690
f 5595 5690 5687
f 5596 5686 5688
f 5598 5599 5600
f 5599 5608 5691
f 5599 5691 5692
f 5599 5692 5693
f 5599 5693 5600
f 5600 5693 5694
f 5600 5694 5601
f 5601 5694 5695
f 5601 5695 5696
f 5601 5696 5602
f 5602 5696 5697
f 5604 5698 5606
f 5604 5605 5614
f 5604 5614 5699
f 5604 5699 5698
f 5606 5698 5700
f 5606 5700 5607
f 5607 5700 5608
f 5608 5700 5691
f 5609 5687 5701
f 5609 5701 5610
f 5610 5701 5702
f 5610 5702 5611
f 5611 5702 5612
f 5612 5702 5703
f 5612 5703 5704
f 5612 5704 5705
f 5612 5705 5613
f 5613 5706 5699
f 5613 5699 5614
f 5613 5705 5706
f 5615 5620 5616
f 5616 5707 5708
f 5616 5708 5617
f 5616 5620 5707
f 5617 5708 5709
f 5617 5709 5618
f 5618 5709 5623
f 5618 5623 5619
f 5619 5623 5622
f 5620 5710 5707
f 5620 5621 5711
f 5620 5711 5710
f 5621 5631 5712
f 5621 5712 5713
f 5621 5713 5710
f 5621 5710 5711
f 5623 5714 5715
f 5623 5715 5716
f 5623 5716 5624
f 5623 5709 5714
f 5624 5716 5717
f 5624 5717 5625
f 5625 5717 5718
f 5625 5718 5636
f 5625 5636 5627
f 5628 5719 5629
f 5629 5720 5632
f 5629 5719 5721
f 5629 5721 5720
f 5631 5635 5722
f 5631 5722 5712
f 5632 5723 5724
f 5632 5724 5633
f 5632 5720 5723
f 5633 5724 5634
f 5634 5724 5725
f 5634 5725 5726
f 5634 5726 5635
f 5635 5726 5722
f 5636 5718 5727
f 5636 5727 5637
f 5637 5727 5642
f 5638 5643 5728
f 5638 5728 5639
f 5639 5728 5729
f 5639 5729 5640
f 5640 5730 5731
f 5640 5731 5641
f 5640 5729 5730
f 5641 5731 5644
f 5642 5727 5732
f 5642 5732 5643
f 5643 5733 5728
f 5643 5732 5734
f 5643 5734 5733
f 5644 5731 5735
f 5644 5735 5645
f 5645 5735 5646
f 5646 5735 5649
f 5646 5649 5648
f 5649 5736 5737
f 5649 5737 5738
f 5649 5738 5650
f 5649 5735 5736
f 5650 5738 5651
f 5651 5738 5739
f 5651 5739 5652
f 5652 5740 5653
f 5652 5739 5740
f 5653 5740 5661
f 5654 5660 5741
f 5654 5741 5655
f 5655 5741 5742
f 5655 5742 5743
f 5655 5743 5744
f 5655 5744 5745
f 5655 5745 5746
f 5655 5746 5656
f 5656 5746 5657
f 5657 5746 5745
f 5657 5745 5659
f 5658 5659 5748
f 5658 5748 5747
f 5659 5745 5748
f 5660 5662 5742
f 5660 5742 5741
f 5661 5740 5749
f 5661 5749 5750
f 5661 5750 5751
f 5661 5751 5662
f 5662 5751 5752
f 5662 5752 5742
f 5663 5668 5664
f 5664 5753 5754
f 5664 5754 5665
f 5664 5668 5667
f 5664 5667 5753
f 5665 5754 5666
f 5666 5755 5669
f 5666 5754 5755
f 5667 5756 5753
f 5669 5757 5670
f 5669 5755 5757
f 5670 5758 5759
f 5670 5759 5673
f 5670 5673 5672
f 5670 5672 5671
f 5670 5757 5758
f 5673 5759 5760
f 5673 5760 5674
f 5674 5760 5675
f 5675 5760 5761
f 5675 5761 5677
f 5676 5677 5762
f 5676 5762 5678
f 5677 5761 5762
f 5678 5762 5679
f 5679 5762 5763
f 5679 5763 5680
f 5680 5764 5681
f 5680 5763 5764
f 5681 5764 5682
f 5682 5765 5766
f 5682 5766 5683
f 5682 5764 5767
f 5682 5767 5768
f 5682 5768 5769
f 5682 5769 5765
f 5683 5766 5684
f 5684 5766 5685
f 5685 5766 5770
f 5685 5770 5771
f 5685 5771 5686
f 5686 5772 5689
f 5686 5689 5688
f 5686 5771 5772
f 5687 5690 5773
f 5687 5773 5702
f 5687 5702 5701
f 5689 5774 5690
f 5689 5772 5774
f 5690 5774 5773
f 5691 5775 5692
f 5691 5700 5776
f 5691 5776 5775
f 5692 5775 5777
f 5692 5777 5778
f 5692 5778 5779
f 5692 5779 5693
f 5693 5779 5694
f 5694 5779 5780
f 5694 5780 5695
f 5695 5781 5696
f 5695 5780 5781
f 5696 5781 5782
f 5696 5782 5783
f 5696 5783 5784
f 5696 5784 5697
f 5698 5785 5776
f 5698 5776 5700
f 5698 5699 5706
f 5698 5706 5786
f 5698 5786 5787
f 5698 5787 5785
f 5702 5773 5788
f 5702 5788 5703
f 5703 5788 5704
f 5704 5789 5705
f 5704 5788 5790
f 5704 5790 5789
f 5705 5789 5791
f 5705 5791 5706
f 5706 5791 5787
f 5706 5787 5786
f 5707 5710 5792
f 5707 5792 5793
f 5707 5793 5708
f 5708 5793 5709
f 5709 5793 5794
f 5709 5794 5714
f 5710 5795 5792
f 5710 5713 5795
f 5712 5722 5796
f 5712 5796 5795
f 5712 5795 5713
f 5714 5794 5797
f 5714 5797 5715
f 5715 5797 5798
f 5715 5798 5799
f 5715 5799 5800
f 5715 5800 5801
f 5715 5801 5716
f 5716 5801 5717
f 5717 5801 5802
f 5717 5802 5718
f 5718 5802 5732
f 5718 5732 5727
f 5720 5803 5723
f 5720 5721 5803
f 5721 5804 5803
f 5722 5805 5796
f 5722 5726 5806
f 5722 5806 5805
f 5723 5803 5807
f 5723 5807 5808
f 5723 5808 5724
f 5724 5808 5809
f 5724 5809 5725
f 5725 5809 5810
f 5725 5810 5806
f 5725 5806 5726
f 5728 5811 5812
f 5728 5812 5729
f 5728 5733 5811
f 5729 5812 5813
f 5729 5813 5730
f 5730 5814 5815
f 5730 5815 5731
f 5730 5813 5814
f 5731 5815 5816
f 5731 5816 5735
f 5732 5802 5734
f 5733 5817 5811
f 5733 5734 5818
f 5733 5818 5817
f 5734 5802 5819
f 5734 5819 5818
f 5735 5816 5820
f 5735 5820 5737
f 5735 5737 5736
f 5737 5821 5822
f 5737 5822 5823
f 5737 5823 5738
f 5737 5820 5821
f 5738 5823 5750
f 5738 5750 5739
f 5739 5750 5740
f 5740 5750 5749
f 5742 5824 5743
f 5742 5752 5825
f 5742 5825 5824
f 5743 5824 5826
f 5743 5826 5744
f 5744 5826 5827
f 5744 5827 5828
f 5744 5828 5829
f 5744 5829 5830
f 5744 5830 5745
f 5745 5830 5829
f 5745 5829 5748
f 5747 5748 5831
f 5748 5829 5831
f 5750 5832 5751
f 5750 5823 5822
f 5750 5822 5832
f 5751 5832 5752
f 5752 5833 5834
f 5752 5834 5825
f 5752 5832 5833
f 5753 5835 5836
f 5753 5836 5837
f 5753 5837 5838
f 5753 5838 5754
f 5753 5756 5839
f 5753 5839 5835
f 5754 5838 5840
f 5754 5840 5755
f 5755 5840 5841
f 5755 5841 5757
f 5756 5842 5839
f 5757 5841 5843
f 5757 5843 5844
f 5757 5844 5758
f 5758 5844 5845
f 5758 5845 5846
f 5758 5846 5759
f 5759 5846 5847
f 5759 5847 5848
f 5759 5848 5760
f 5760 5848 5761
f 5761 5849 5762
f 5761 5848 5849
f 5762 5850 5763
f 5762 5849 5850
f 5763 5850 5764
f 5764 5850 5767
f 5765 5851 5852
f 5765 5852 5853
f 5765 5853 5771
f 5765 5771 5770
f 5765 5770 5766
f 5765 5769 5854
f 5765 5854 5851
f 5767 5850 5855
f 5767 5855 5768
f 5768 5855 5856
f 5768 5856 5769
f 5769 5856 5857
f 5769 5857 5858
f 5769 5858 5854
f 5771 5859 5860
f 5771 5860 5772
f 5771 5853 5859
f 5772 5860 5861
f 5772 5861 5862
f 5772 5862 5863
f 5772 5863 5774
f 5773 5774 5864
f 5773 5864 5865
f 5773 5865 5866
f 5773 5866 5788
f 5774 5863 5867
f 5774 5867 5865
f 5774 5865 5864
f 5775 5776 5777
f 5776 5785 5868
f 5776 5868 5777
f 5777 5868 5869
f 5777 5869 5778
f 5778 5810 5779
f 5778 5869 5810
f 5779 5807 5780
f 5779 5810 5807
f 5780 5807 5781
f 5781 5807 5803
f 5781 5803 5782
f 5782 5803 5804
f 5782 5804 5783
f 5785 5870 5868
f 5785 5787 5870
f 5787 5791 5871
f 5787 5871 5872
f 5787 5872 5870
f 5788 5866 5873
f 5788 5873 5790
f 5789 5790 5874
f 5789 5874 5791
f 5790 5873 5875
f 5790 5875 5876
f 5790 5876 5877
f 5790 5877 5874
f 5791 5878 5871
f 5791 5874 5878
f 5792 5879 5793
f 5792 5795 5880
f 5792 5880 5879
f 5793 5879 5881
f 5793 5881 5794
f 5794 5882 5883
f 5794 5883 5797
f 5794 5881 5882
f 5795 5884 5880
f 5795 5796 5885
f 5795 5885 5886
f 5795 5886 5884
f 5796 5805 5886
f 5796 5886 5885
f 5797 5883 5798
f 5798 5883 5887
f 5798 5887 5888
f 5798 5888 5799
f 5799 5888 5889
f 5799 5889 5890
f 5799 5890 5800
f 5800 5890 5801
f 5801 5890 5819
f 5801 5819 5802
f 5805 5806 5869
f 5805 5869 5891
f 5805 5891 5886
f 5806 5810 5869
f 5807 5810 5808
f 5808 5810 5809
f 5811 5892 5893
f 5811 5893 5812
f 5811 5817 5894
f 5811 5894 5892
f 5812 5893 5895
f 5812 5895 5813
f 5813 5895 5814
f 5814 5895 5896
f 5814 5896 5897
f 5814 5897 5815
f 5815 5897 5816
f 5816 5897 5898
f 5816 5898 5899
f 5816 5899 5900
f 5816 5900 5820
f 5817 5818 5901
f 5817 5901 5894
f 5818 5819 5901
f 5819 5902 5903
f 5819 5903 5901
f 5819 5890 5902
f 5820 5900 5821
f 5821 5900 5822
f 5822 5900 5904
f 5822 5904 5832
f 5824 5825 5826
f 5825 5834 5905
f 5825 5905 5906
f 5825 5906 5826
f 5826 5907 5827
f 5826 5906 5907
f 5827 5907 5908
f 5827 5908 5828
f 5828 5909 5910
f 5828 5910 5829
f 5828 5908 5911
f 5828 5911 5909
f 5829 5910 5831
f 5831 5912 5913
f 5831 5910 5912
f 5832 5904 5914
f 5832 5914 5833
f 5833 5914 5834
f 5834 5914 5915
f 5834 5915 5905
f 5835 5839 5836
f 5836 5916 5837
f 5836 5839 5917
f 5836 5917 5916
f 5837 5916 5918
f 5837 5918 5838
f 5838 5918 5919
f 5838 5919 5840
f 5839 5842 5920
f 5839 5920 5921
f 5839 5921 5917
f 5840 5919 5922
f 5840 5922 5841
f 5841 5922 5843
f 5843 5923 5924
f 5843 5924 5925
f 5843 5925 5926
f 5843 5926 5845
f 5843 5845 5844
f 5843 5922 5919
f 5843 5919 5923
f 5845 5926 5927
f 5845 5927 5846
f 5846 5927 5847
f 5847 5927 5848
f 5848 5927 5849
f 5849 5927 5928
f 5849 5928 5850
f 5850 5928 5929
f 5850 5929 5855
f 5851 5930 5931
f 5851 5931 5852
f 5851 5854 5930
f 5852 5931 5932
f 5852 5932 5933
f 5852 5933 5859
f 5852 5859 5853
f 5854 5858 5934
f 5854 5934 5935
f 5854 5935 5930
f 5855 5929 5936
f 5855 5936 5856
f 5856 5937 5938
f 5856 5938 5858
f 5856 5858 5857
f 5856 5936 5939
f 5856 5939 5937
f 5858 5938 5934
f 5859 5933 5940
f 5859 5940 5861
f 5859 5861 5860
f 5861 5940 5941
f 5861 5941 5862
f 5862 5941 5942
f 5862 5942 5863
f 5863 5942 5943
f 5863 5943 5867
f 5865 5873 5866
f 5865 5867 5873
f 5867 5943 5944
f 5867 5944 5945
f 5867 5945 5875
f 5867 5875 5946
f 5867 5946 5873
f 5868 5870 5869
f 5869 5870 5891
f 5870 5872 5891
f 5871 5878 5872
f 5872 5878 5947
f 5872 5947 5891
f 5873 5946 5875
f 5874 5877 5948
f 5874 5948 5949
f 5874 5949 5878
f 5875 5950 5951
f 5875 5951 5876
f 5875 5945 5952
f 5875 5952 5950
f 5876 5951 5877
f 5877 5953 5954
f 5877 5954 5948
f 5877 5951 5953
f 5878 5949 5948
f 5878 5948 5947
f 5879 5955 5956
f 5879 5956 5881
f 5879 5880 5955
f 5880 5884 5957
f 5880 5957 5958
f 5880 5958 5959
f 5880 5959 5955
f 5881 5956 5882
f 5882 5956 5960
f 5882 5960 5883
f 5883 5960 5887
f 5884 5961 5957
f 5884 5886 5961
f 5886 5891 5962
f 5886 5962 5961
f 5887 5960 5963
f 5887 5963 5888
f 5888 5963 5964
f 5888 5964 5965
f 5888 5965 5889
f 5889 5965 5966
f 5889 5966 5903
f 5889 5903 5890
f 5890 5903 5902
f 5891 5947 5962
f 5892 5894 5967
f 5892 5967 5968
f 5892 5968 5969
f 5892 5969 5893
f 5893 5969 5970
f 5893 5970 5895
f 5894 5901 5967
f 5895 5970 5971
f 5895 5971 5896
f 5896 5972 5973
f 5896 5973 5974
f 5896 5974 5897
f 5896 5971 5972
f 5897 5974 5975
f 5897 5975 5898
f 5898 5975 5976
f 5898 5976 5899
f 5899 5976 5977
f 5899 5977 5900
f 5900 5977 5904
f 5901 5978 5967
f 5901 5903 5978
f 5903 5966 5978
f 5904 5979 5914
f 5904 5977 5979
f 5905 5915 5980
f 5905 5980 5981
f 5905 5981 5982
f 5905 5982 5983
f 5905 5983 5984
f 5905 5984 5906
f 5906 5984 5983
f 5906 5983 5985
f 5906 5985 5907
f 5907 5985 5908
f 5908 5985 5983
f 5908 5983 5986
f 5908 5986 5911
f 5909 5987 5988
f 5909 5988 5910
f 5909 5911 5987
f 5910 5988 5912
f 5911 5986 5989
f 5911 5989 5990
f 5911 5990 5987
f 5912 5991 5992
f 5912 5992 5913
f 5912 5988 5991
f 5914 5979 5915
f 5915 5979 5980
f 5916 5993 5994
f 5916 5994 5995
f 5916 5995 5918
f 5916 5917 5993
f 5917 5921 5996
f 5917 5996 5993
f 5918 5995 5997
f 5918 5997 5998
f 5918 5998 5919
f 5919 5998 5923
f 5923 5999 5924
f 5923 5998 5999
f 5924 5999 6000
f 5924 6000 6001
f 5924 6001 6002
f 5924 6002 5926
f 5924 5926 5925
f 5926 6002 6003
f 5926 6003 6004
f 5926 6004 5927
f 5927 6004 6003
f 5927 6003 5928
f 5928 5936 5929
f 5928 6003 5936
f 5930 6005 5931
f 5930 5935 6006
f 5930 6006 6007
f 5930 6007 6005
f 5931 6008 5933
f 5931 5933 5932
f 5931 6005 6008
f 5933 6009 6010
f 5933 6010 5941
f 5933 5941 5940
f 5933 6008 6009
f 5934 6011 5935
f 5934 5938 6012
f 5934 6012 6011
f 5935 6011 6006
f 5936 6003 6013
f 5936 6013 6014
f 5936 6014 5939
f 5937 5939 6015
f 5937 6015 6016
f 5937 6016 5938
f 5938 6016 6012
f 5939 6014 6015
f 5941 6017 5942
f 5941 6010 6017
f 5942 6017 6018
f 5942 6018 5943
f 5943 6019 5945
f 5943 5945 5944
f 5943 6018 6019
f 5945 6019 6020
f 5945 6020 5952
f 5947 5948 6021
f 5947 6021 6022
f 5947 6022 5958
f 5947 5958 5962
f 5948 5954 6023
f 5948 6023 6021
f 5950 5953 5951
f 5950 5952 6024
f 5950 6024 6025
f 5950 6025 6026
f 5950 6026 5953
f 5952 6020 6027
f 5952 6027 6028
f 5952 6028 6024
f 5953 6026 6023
f 5953 6023 5954
f 5955 5959 6029
f 5955 6029 6030
f 5955 6030 6031
f 5955 6031 5956
f 5956 6031 6030
f 5956 6030 5960
f 5957 6032 5958
f 5957 5961 5962
f 5957 5962 6032
f 5958 6022 6023
f 5958 6023 6026
f 5958 6026 5959
f 5958 6032 5962
f 5959 6026 6029
f 5960 6030 6033
f 5960 6033 6025
f 5960 6025 6034
f 5960 6034 5963
f 5963 6034 6035
f 5963 6035 5964
f 5964 6035 6036
f 5964 6036 6037
f 5964 6037 6038
f 5964 6038 6039
f 5964 6039 5965
f 5965 6039 5966
f 5966 6039 6040
f 5966 6040 6041
f 5966 6041 5978
f 5967 5978 6041
f 5967 6041 5968
f 5968 6040 6042
f 5968 6042 6043
f 5968 6043 6044
f 5968 6044 5969
f 5968 6041 6040
f 5969 6044 6043
f 5969 6043 5970
f 5970 6043 6045
f 5970 6045 5971
f 5971 6045 6046
f 5971 6046 5972
f 5972 6046 6047
f 5972 6047 5973
f 5973 6047 6048
f 5973 6048 5974
f 5974 6048 6049
f 5974 6049 6050
f 5974 6050 5975
f 5975 6050 5976
f 5976 6050 6051
f 5976 6051 5980
f 5976 5980 5979
f 5976 5979 5977
f 5980 6051 5981
f 5981 6052 6053
f 5981 6053 6054
f 5981 6054 5982
f 5981 6051 6055
f 5981 6055 6052
f 5982 6054 5983
f 5983 6054 6056
f 5983 6056 5986
f 5986 6057 5989
f 5986 6056 6057
f 5987 6058 5988
f 5987 5990 6059
f 5987 6059 6060
f 5987 6060 5991
f 5987 5991 6058
f 5988 6058 5991
f 5989 6057 5990
f 5990 6061 6062
f 5990 6062 6063
f 5990 6063 6064
f 5990 6064 6059
f 5990 6057 6061
f 5991 6060 5992
f 5992 6060 6065
f 5993 6066 5994
f 5993 5996 6066
f 5994 6066 6067
f 5994 6067 5995
f 5995 6067 6068
f 5995 6068 5998
f 5995 5998 5997
f 5996 6069 6066
f 5998 6068 6070
f 5998 6070 5999
f 5999 6070 6000
f 6000 6071 6072
f 6000 6072 6073
f 6000 6073 6002
f 6000 6002 6001
f 6000 6070 6074
f 6000 6074 6071
f 6002 6073 6075
f 6002 6075 6076
f 6002 6076 6003
f 6003 6076 6013
f 6005 6077 6008
f 6005 6007 6077
f 6006 6078 6007
f 6006 6011 6079
f 6006 6079 6078
f 6007 6078 6080
f 6007 6080 6077
f 6008 6077 6081
f 6008 6081 6009
f 6009 6082 6083
f 6009 6083 6018
f 6009 6018 6017
f 6009 6017 6010
f 6009 6081 6082
f 6011 6012 6084
f 6011 6084 6079
f 6012 6016 6084
f 6013 6076 6075
f 6013 6075 6014
f 6014 6075 6015
f 6015 6075 6085
f 6015 6085 6016
f 6016 6085 6084
f 6018 6020 6019
f 6018 6083 6086
f 6018 6086 6087
f 6018 6087 6020
f 6020 6087 6027
f 6021 6023 6022
f 6024 6028 6088
f 6024 6088 6025
f 6025 6088 6034
f 6025 6033 6030
f 6025 6030 6026
f 6026 6030 6029
f 6027 6089 6088
f 6027 6088 6028
f 6027 6087 6086
f 6027 6086 6090
f 6027 6090 6089
f 6034 6088 6089
f 6034 6089 6035
f 6035 6089 6036
f 6036 6089 6090
f 6036 6090 6037
f 6037 6090 6038
f 6038 6090 6091
f 6038 6091 6092
f 6038 6092 6093
f 6038 6093 6039
f 6039 6093 6094
f 6039 6094 6040
f 6040 6095 6096
f 6040 6096 6042
f 6040 6094 6095
f 6042 6096 6097
f 6042 6097 6043
f 6043 6097 6098
f 6043 6098 6099
f 6043 6099 6045
f 6045 6099 6046
f 6046 6099 6100
f 6046 6100 6101
f 6046 6101 6102
f 6046 6102 6047
f 6047 6102 6048
f 6048 6103 6049
f 6048 6102 6103
f 6049 6104 6105
f 6049 6105 6106
f 6049 6106 6050
f 6049 6103 6104
f 6050 6106 6055
f 6050 6055 6051
f 6052 6055 6053
f 6053 6055 6107
f 6053 6107 6108
f 6053 6108 6109
f 6053 6109 6110
f 6053 6110 6056
f 6053 6056 6111
f 6053 6111 6054
f 6054 6111 6056
f 6055 6106 6105
f 6055 6105 6107
f 6056 6110 6112
f 6056 6112 6057
f 6057 6113 6061
f 6057 6112 6114
f 6057 6114 6113
f 6059 6064 6060
f 6060 6115 6116
f 6060 6116 6117
f 6060 6117 6118
f 6060 6118 6065
f 6060 6064 6119
f 6060 6119 6115
f 6061 6120 6062
f 6061 6113 6120
f 6062 6120 6063
f 6063 6120 6064
f 6064 6120 6119
f 6066 6121 6067
f 6066 6069 6122
f 6066 6122 6121
f 6067 6121 6123
f 6067 6123 6124
f 6067 6124 6125
f 6067 6125 6068
f 6068 6125 6126
f 6068 6126 6070
f 6069 6127 6122
f 6070 6126 6074
f 6071 6074 6128
f 6071 6128 6072
f 6072 6128 6129
f 6072 6129 6085
f 6072 6085 6075
f 6072 6075 6073
f 6074 6126 6128
f 6077 6080 6130
f 6077 6130 6131
f 6077 6131 6081
f 6078 6079 6132
f 6078 6132 6133
f 6078 6133 6134
f 6078 6134 6135
f 6078 6135 6080
f 6079 6084 6133
f 6079 6133 6132
f 6080 6136 6130
f 6080 6135 6137
f 6080 6137 6136
f 6081 6131 6138
f 6081 6138 6082
f 6082 6138 6131
f 6082 6131 6139
f 6082 6139 6091
f 6082 6091 6140
f 6082 6140 6083
f 6083 6140 6086
f 6084 6141 6133
f 6084 6085 6142
f 6084 6142 6143
f 6084 6143 6144
f 6084 6144 6141
f 6085 6143 6142
f 6085 6129 6143
f 6086 6140 6091
f 6086 6091 6090
f 6091 6139 6145
f 6091 6145 6092
f 6092 6145 6146
f 6092 6146 6095
f 6092 6095 6093
f 6093 6095 6094
f 6095 6146 6147
f 6095 6147 6148
f 6095 6148 6096
f 6096 6148 6149
f 6096 6149 6097
f 6097 6149 6150
f 6097 6150 6098
f 6098 6150 6100
f 6098 6100 6099
f 6100 6102 6101
f 6100 6150 6151
f 6100 6151 6152
f 6100 6152 6153
f 6100 6153 6102
f 6102 6153 6104
f 6102 6104 6103
f 6104 6153 6154
f 6104 6154 6155
f 6104 6155 6156
f 6104 6156 6105
f 6105 6155 6108
f 6105 6108 6107
f 6105 6156 6155
f 6108 6157 6109
f 6108 6155 6157
f 6109 6157 6158
f 6109 6158 6159
f 6109 6159 6110
f 6110 6159 6160
f 6110 6160 6161
f 6110 6161 6112
f 6112 6161 6160
f 6112 6160 6113
f 6112 6113 6114
f 6113 6160 6162
f 6113 6162 6163
f 6113 6163 6164
f 6113 6164 6165
f 6113 6165 6120
f 6115 6166 6167
f 6115 6119 6168
f 6115 6168 6166
f 6119 6120 6168
f 6120 6165 6168
f 6121 6169 6123
f 6121 6122 6169
f 6122 6127 6170
f 6122 6170 6169
f 6123 6171 6124
f 6123 6169 6171
f 6124 6171 6172
f 6124 6172 6125
f 6125 6172 6126
f 6126 6173 6174
f 6126 6174 6128
f 6126 6172 6173
f 6128 6174 6129
f 6129 6174 6175
f 6129 6175 6176
f 6129 6176 6177
f 6129 6177 6143
f 6130 6136 6131
f 6131 6146 6139
f 6131 6136 6178
f 6131 6178 6146
f 6133 6141 6179
f 6133 6179 6134
f 6134 6180 6181
f 6134 6181 6182
f 6134 6182 6137
f 6134 6137 6135
f 6134 6179 6183
f 6134 6183 6180
f 6136 6137 6184
f 6136 6184 6178
f 6137 6182 6184
f 6139 6146 6145
f 6141 6144 6185
f 6141 6185 6186
f 6141 6186 6187
f 6141 6187 6179
f 6143 6177 6185
f 6143 6185 6144
f 6146 6178 6147
f 6147 6178 6184
f 6147 6184 6182
f 6147 6182 6188
f 6147 6188 6149
f 6147 6149 6148
f 6149 6188 6189
f 6149 6189 6190
f 6149 6190 6150
f 6150 6190 6191
f 6150 6191 6151
f 6151 6191 6192
f 6151 6192 6152
f 6152 6192 6153
f 6153 6192 6193
f 6153 6193 6154
f 6154 6193 6194
f 6154 6194 6195
f 6154 6195 6196
f 6154 6196 6155
f 6155 6196 6157
f 6157 6196 6158
f 6158 6196 6197
f 6158 6197 6198
f 6158 6198 6199
f 6158 6199 6200
f 6158 6200 6162
f 6158 6162 6160
f 6158 6160 6159
f 6162 6200 6199
f 6162 6199 6201
f 6162 6201 6202
f 6162 6202 6203
f 6162 6203 6164
f 6162 6164 6163
f 6164 6204 6205
f 6164 6205 6206
f 6164 6206 6165
f 6164 6203 6204
f 6165 6206 6168
f 6166 6207 6167
f 6166 6168 6208
f 6166 6208 6207
f 6167 6207 6209
f 6168 6206 6210
f 6168 6210 6208
f 6169 6211 6171
f 6169 6170 6211
f 6170 6212 6213
f 6170 6213 6211
f 6171 6214 6215
f 6171 6215 6172
f 6171 6211 6213
f 6171 6213 6214
f 6172 6216 6173
f 6172 6215 6216
f 6173 6217 6174
f 6173 6216 6217
f 6174 6217 6175
f 6175 6218 6176
f 6175 6217 6218
f 6176 6218 6219
f 6176 6219 6185
f 6176 6185 6177
f 6179 6187 6186
f 6179 6186 6220
f 6179 6220 6183
f 6180 6183 6221
f 6180 6221 6181
f 6181 6221 6222
f 6181 6222 6182
f 6182 6222 6188
f 6183 6220 6223
f 6183 6223 6224
f 6183 6224 6221
f 6185 6219 6225
f 6185 6225 6186
f 6186 6225 6226
f 6186 6226 6227
f 6186 6227 6228
f 6186 6228 6229
f 6186 6229 6230
f 6186 6230 6220
f 6188 6222 6189
f 6189 6222 6190
f 6190 6222 6221
f 6190 6221 6231
f 6190 6231 6191
f 6191 6231 6192
f 6192 6231 6193
f 6193 6232 6194
f 6193 6231 6232
f 6194 6232 6233
f 6194 6233 6234
f 6194 6234 6195
f 6195 6234 6196
f 6196 6234 6197
f 6197 6235 6198
f 6197 6234 6235
f 6198 6201 6199
f 6198 6235 6201
f 6201 6235 6236
f 6201 6236 6237
f 6201 6237 6238
f 6201 6238 6239
f 6201 6239 6204
f 6201 6204 6202
f 6202 6204 6203
f 6204 6239 6240
f 6204 6240 6205
f 6205 6240 6241
f 6205 6241 6242
f 6205 6242 6243
f 6205 6243 6210
f 6205 6210 6206
f 6207 6243 6209
f 6207 6208 6210
f 6207 6210 6243
f 6209 6243 6244
f 6212 6245 6246
f 6212 6246 6247
f 6212 6247 6213
f 6213 6248 6249
f 6213 6249 6214
f 6213 6247 6248
f 6214 6250 6215
f 6214 6249 6250
f 6215 6250 6216
f 6216 6251 6252
f 6216 6252 6217
f 6216 6250 6251
f 6217 6252 6253
f 6217 6253 6218
f 6218 6254 6219
f 6218 6253 6252
f 6218 6252 6254
f 6219 6254 6226
f 6219 6226 6225
f 6220 6230 6223
f 6221 6224 6255
f 6221 6255 6231
f 6223 6233 6255
f 6223 6255 6224
f 6223 6230 6229
f 6223 6229 6256
f 6223 6256 6257
f 6223 6257 6233
f 6226 6254 6227
f 6227 6254 6228
f 6228 6256 6229
f 6228 6254 6258
f 6228 6258 6259
f 6228 6259 6260
f 6228 6260 6256
f 6231 6255 6233
f 6231 6233 6232
f 6233 6257 6234
f 6234 6257 6261
f 6234 6261 6262
f 6234 6262 6263
f 6234 6263 6235
f 6235 6263 6264
f 6235 6264 6236
f 6236 6264 6265
f 6236 6265 6266
f 6236 6266 6267
f 6236 6267 6237
f 6237 6267 6238
f 6238 6267 6268
f 6238 6268 6239
f 6239 6269 6270
f 6239 6270 6240
f 6239 6268 6269
f 6240 6270 6271
f 6240 6271 6272
f 6240 6272 6242
f 6240 6242 6241
f 6242 6272 6271
f 6242 6271 6273
f 6242 6273 6243
f 6243 6273 6274
f 6243 6274 6244
f 6245 6275 6276
f 6245 6276 6277
f 6245 6277 6249
f 6245 6249 6246
f 6246 6249 6247
f 6247 6249 6248
f 6249 6278 6279
f 6249 6279 6250
f 6249 6277 6278
f 6250 6279 6280
f 6250 6280 6251
f 6251 6280 6281
f 6251 6281 6252
f 6252 6281 6258
f 6252 6258 6254
f 6256 6282 6262
f 6256 6262 6257
f 6256 6260 6282
f 6257 6262 6261
f 6258 6281 6259
f 6259 6283 6260
f 6259 6281 6283
f 6260 6283 6265
f 6260 6265 6282
f 6262 6282 6265
f 6262 6265 6263
f 6263 6265 6264
f 6265 6283 6266
f 6266 6283 6267
f 6267 6283 6284
f 6267 6284 6285
f 6267 6285 6268
f 6268 6285 6286
f 6268 6286 6287
f 6268 6287 6269
f 6269 6288 6270
f 6269 6287 6289
f 6269 6289 6290
f 6269 6290 6288
f 6270 6288 6271
f 6271 6291 6292
f 6271 6292 6273
f 6271 6288 6291
f 6275 6293 6276
f 6276 6293 6294
f 6276 6294 6289
f 6276 6289 6287
f 6276 6287 6277
f 6277 6287 6278
f 6278 6287 6286
f 6278 6286 6279
f 6279 6286 6295
f 6279 6295 6296
f 6279 6296 6280
f 6280 6296 6281
f 6281 6296 6297
f 6281 6297 6285
f 6281 6285 6284
f 6281 6284 6283
f 6285 6296 6286
f 6285 6297 6296
f 6286 6296 6295
f 6288 6290 6291
f 6289 6294 6290
