# ABC bottle geometry; canonical radius 1 and height 1, bottom z=0.
# https://github.com/mikedh/trimesh
v 0.0344302971653 -0.993698236466 0.276968884631
v -0.0344302971653 -0.993114496729 0.276968884631
v -0.0344302971653 -0.950899884137 0.118592554432
v 0.0344302971653 -0.950899884137 0.118592554432
v 0.103680005179 -0.988640104655 0.276968884631
v 0.0344302971653 -0.990974648325 0.652975653897
v -0.0344302971653 -0.990585603855 0.652975653897
v -0.103680005179 -0.987667528086 0.276968884631
v -0.103680005179 -0.944091156031 0.118592554432
v -0.0344302971653 -0.945452777069 0.108646635237
v 0.0344302971653 -0.945452777069 0.108646635237
v 0.103680005179 -0.944480200501 0.118592554432
v 0.172929713192 -0.979691458932 0.276968884631
v 0.172929713192 -0.977162427633 0.652975653897
v 0.103680005179 -0.985916724153 0.652975653897
v 0.103680005179 -0.976967870792 0.661320116309
v 0.0344302971653 -0.979496971303 0.662331572597
v -0.0344302971653 -0.979302483675 0.662247285398
v -0.103680005179 -0.976578895534 0.661067254711
v -0.103680005179 -0.984943939946 0.652975653897
v -0.220003955631 -0.972104434247 0.283121879864
v -0.220003955631 -0.972104434247 0.27890750011
v -0.172929713192 -0.975995294223 0.652975653897
v -0.172929713192 -0.932807758999 0.118592554432
v -0.103680005179 -0.938060447651 0.108646635237
v -0.0344302971653 -0.937087663445 0.0987850230388
v 0.0344302971653 -0.937282220286 0.0987850230388
v 0.103680005179 -0.93903302422 0.108646635237
v 0.172929713192 -0.933975030834 0.118592554432
v 0.217864245652 -0.971520902149 0.276968884631
v 0.221365645882 -0.972493478717 0.283206157165
v 0.213001155172 -0.970159142685 0.652975653897
v 0.209694311783 -0.969380846107 0.658201480042
v 0.172929713192 -0.972493478717 0.659465797927
v 0.103680005179 -0.964711966404 0.666293080855
v 0.0344302971653 -0.967240997703 0.667304547042
v -0.0344302971653 -0.967046510075 0.667220249945
v -0.103680005179 -0.964128434306 0.666040219258
v -0.172929713192 -0.971909946619 0.65921293633
v -0.208138133904 -0.96899187085 0.658032915542
v -0.311429129219 -0.942534839725 0.276968884631
v -0.211250489663 -0.969770098215 0.647749827753
v -0.245486264594 -0.960237781968 0.652975653897
v -0.311429129219 -0.940005808426 0.652975653897
v -0.288281017863 -0.903432652106 0.118592554432
v -0.242179421205 -0.916661202274 0.118592554432
v -0.210861445193 -0.969575610586 0.652975653897
v -0.172929713192 -0.926388075363 0.108646635237
v -0.103680005179 -0.92969540324 0.0987850230388
v -0.0344302971653 -0.926388075363 0.0888390444518
v 0.103680005179 -0.930667910595 0.0987850230388
v 0.0344302971653 -0.926582770629 0.0888390444518
v 0.172929713192 -0.928333574563 0.108646635237
v 0.172929713192 -0.92016301778 0.0987850230388
v 0.242179421205 -0.918022961738 0.118592554432
v 0.252489065053 -0.961794029061 0.276968884631
v 0.311429129219 -0.943507416294 0.276968884631
v 0.311429129219 -0.94097852342 0.652975653897
v 0.247431556156 -0.960821314067 0.652975653897
v 0.172929713192 -0.95984852986 0.664354485174
v 0.415692701102 -0.899736556609 0.658032915542
v 0.311429129219 -0.927360790356 0.66292159289
v 0.236538310997 -0.952261712814 0.662078711
v 0.218058733281 -0.833399179713 0.7084368784
v 0.172929713192 -0.859272678739 0.702536744764
v 0.103680005179 -0.870361242078 0.702536744764
v 0.0344302971653 -0.876002905987 0.702536744764
v -0.0344302971653 -0.875613861517 0.702536744764
v -0.172929713192 -0.959264997762 0.664185900877
v -0.103680005179 -0.869194177881 0.702536744764
v -0.235565665216 -0.951677973077 0.6619944238
v -0.311429129219 -0.926582770629 0.66292159289
v -0.415692701102 -0.899736556609 0.658032915542
v -0.172929713192 -0.857910919275 0.702536744764
v -0.216891599871 -0.83301006603 0.708352561505
v -0.422306457091 -0.903043676848 0.283121879864
v -0.422306457091 -0.903043676848 0.27890750011
v -0.322905906476 -0.891954975084 0.118592554432
v -0.380484280391 -0.91491039834 0.652975653897
v -0.30695515242 -0.89059321562 0.108393763741
v -0.273886441687 -0.898763772403 0.104937968779
v -0.247431556156 -0.908490645491 0.108393763741
v -0.227201243718 -0.905183525252 0.0987850230388
v -0.172929713192 -0.917633986481 0.0987850230388
v -0.152894026808 -0.902654632379 0.0815060284303
v -0.103680005179 -0.918995745945 0.0888390444518
v -0.105625227528 -0.906350797087 0.078555986359
v -0.0344302971653 -0.914326797029 0.0789774322534
v 0.103680005179 -0.919968322513 0.0888390444518
v 0.0344302971653 -0.914326797029 0.0789774322534
v 0.106403316468 -0.906739841557 0.0783874218594
v 0.242179421205 -0.912187017838 0.108646635237
v 0.241984933577 -0.905183525252 0.099712162432
v 0.177792803673 -0.907907113393 0.0882490340578
v 0.204053201575 -0.898958260032 0.084456119995
v 0.218836822221 -0.902459937112 0.091114818626
v 0.276998797447 -0.899541999768 0.103673640994
v 0.281472774245 -0.901098316073 0.108646635237
v 0.290226309425 -0.904016253417 0.118592554432
v 0.324656571984 -0.892344019554 0.118592554432
v 0.422306457091 -0.903043676848 0.27890750011
v 0.422306457091 -0.903043676848 0.283121879864
v 0.380484280391 -0.915299581236 0.652975653897
v 0.394295324467 -0.89059321562 0.664607346771
v 0.375037657811 -0.906156240246 0.6619944238
v 0.417054391353 -0.900514576337 0.652975653897
v 0.451679210754 -0.882422658837 0.652975653897
v 0.512953541739 -0.847794932504 0.652975653897
v 0.500893163171 -0.840597090715 0.66292159289
v 0.443120232415 -0.874641146524 0.6619944238
v 0.413163946654 -0.760058448656 0.707088263417
v 0.38631994744 -0.784181143748 0.703295319658
v 0.336716950553 -0.826784870022 0.696215175133
v 0.34819372781 -0.900514576337 0.668147419034
v 0.311429129219 -0.907128816815 0.670423173411
v 0.264160399151 -0.826590382394 0.706076817027
v 0.241401332265 -0.842347894648 0.702705309264
v 0.172929713192 -0.838262616257 0.710206899684
v 0.114184205867 -0.408918025634 0.861081639463
v 0.0795593172543 -0.417672252941 0.861081639463
v 0.123132159464 -0.828341186327 0.716697063511
v 0.1015402952 -0.841958780966 0.712988397053
v 0.077030562806 -0.831453818938 0.717708509901
v 0.0344302971653 -0.849156691968 0.712398386659
v -0.0344302971653 -0.848573090656 0.712398386659
v -0.0741127638877 -0.831064705255 0.717539915705
v -0.0997895604791 -0.841180622813 0.712904109854
v -0.120214360545 -0.827952072645 0.716528469316
v -0.172929713192 -0.837678945733 0.709954047985
v -0.240817730954 -0.841764293337 0.702621031964
v -0.262993265741 -0.826395825552 0.705992539727
v -0.34780468334 -0.900320088708 0.668063131835
v -0.374648682554 -0.905767264989 0.6619944238
v -0.290226309425 -0.835344540488 0.6994180887
v -0.443120232415 -0.874835634152 0.6619944238
v -0.501282207641 -0.840791578343 0.66292159289
v -0.513342586209 -0.847989489345 0.652975653897
v -0.451679210754 -0.882422658837 0.652975653897
v -0.417054391353 -0.900514576337 0.652975653897
v -0.393906279998 -0.89059321562 0.664607346771
v -0.336327906083 -0.826590382394 0.696130897832
v -0.386125459811 -0.783986586906 0.703295319658
v -0.412969459025 -0.760058448656 0.707088263417
v -0.240817730954 -0.815307123787 0.711976950663
v -0.0776141641173 -0.416894094788 0.861081639463
v -0.111655451419 -0.408528981164 0.861081639463
v -0.554775649227 -0.831259192884 0.282110423576
v -0.417248878982 -0.900709063965 0.647749827753
v -0.554775649227 -0.831259192884 0.281267541686
v -0.475410854208 -0.8256176674 0.118592554432
v -0.440786034808 -0.843320609642 0.118592554432
v -0.380484280391 -0.870166685237 0.118592554432
v -0.380484280391 -0.864136115283 0.108646635237
v -0.311429129219 -0.878726494128 0.0987850230388
v -0.261826132331 -0.894873120065 0.0987850230388
v -0.213584756483 -0.901487360543 0.0921262650157
v -0.198995623466 -0.897791195834 0.0855518832799
v -0.174680447913 -0.906545284716 0.0888390444518
v -0.174680447913 -0.894289380329 0.078555986359
v -0.172929713192 -0.882033614367 0.0690315130585
v -0.129940472294 -0.898374727933 0.0749316367958
v -0.0838388064238 -0.901487360543 0.0727401201248
v -0.0344302971653 -0.903821696576 0.0713915348371
v 0.157951535705 -0.903043676848 0.0812532064276
v 0.131302093333 -0.898763772403 0.0746787554011
v 0.0344302971653 -0.903821696576 0.0713915348371
v 0.0850059398337 -0.901487360543 0.0727401201248
v 0.26513297572 -0.896429436371 0.0970992592586
v 0.241984933577 -0.892927551652 0.0882490340578
v 0.177792803673 -0.895456652164 0.0783874218594
v 0.172929713192 -0.883006190935 0.0690315130585
v 0.242179421205 -0.880866342532 0.0789774322534
v 0.304620885601 -0.886507798803 0.099712162432
v 0.316097662858 -0.889620431413 0.108646635237
v 0.380484280391 -0.865497805534 0.108646635237
v 0.380484280391 -0.870555729707 0.118592554432
v 0.554581161599 -0.831064705255 0.281351838783
v 0.440396990338 -0.843320609642 0.118592554432
v 0.475021809738 -0.825228553717 0.118592554432
v 0.554581161599 -0.831064705255 0.282110423576
v 0.417248878982 -0.900709063965 0.647749827753
v 0.547578430352 -0.826590382394 0.652975653897
v 0.535518051784 -0.818614313239 0.66292159289
v 0.487860208034 -0.83262102156 0.66856885503
v 0.346054017832 -0.761225720491 0.717371351206
v 0.361810215046 -0.769007163591 0.712398386659
v 0.451484723125 -0.748191657951 0.703295319658
v 0.453429945475 -0.716287519758 0.712735515658
v 0.432616100939 -0.702864412749 0.720574264773
v 0.226423154779 -0.358338230205 0.861081639463
v 0.173707802132 -0.386157159218 0.861081639463
v 0.312790750257 -0.818419756398 0.702705309264
v 0.290615284683 -0.835539097329 0.699502375899
v 0.311429129219 -0.790406339756 0.712398386659
v 0.172929713192 -0.386546203688 0.861081639463
v 0.0344302971653 -0.422924733955 0.861081639463
v -0.0344302971653 -0.832426464719 0.7180456389
v -0.0344302971653 -0.422146575802 0.861081639463
v -0.0764470307074 -0.41708865163 0.861081639463
v -0.311429129219 -0.790017295286 0.712398386659
v -0.312401705787 -0.818030642715 0.702621031964
v -0.488054764875 -0.83262102156 0.66856885503
v -0.535907096254 -0.818808800868 0.66292159289
v -0.54796740561 -0.826784870022 0.652975653897
v -0.346054017832 -0.761225720491 0.717371351206
v -0.361615727417 -0.768812675963 0.712398386659
v -0.433005145409 -0.70305896959 0.720574264773
v -0.453624433103 -0.7164820766 0.712819832553
v -0.451679210754 -0.748386214792 0.703295319658
v -0.172929713192 -0.386546203688 0.861081639463
v -0.22700675609 -0.358532787046 0.861081639463
v -0.63180624664 -0.76842356228 0.276968884631
v -0.58823340443 -0.797798738386 0.652975653897
v -0.629666536661 -0.766672758346 0.652975653897
v -0.597959516179 -0.740993746949 0.118592554432
v -0.563334627566 -0.76842356228 0.118592554432
v -0.518983696417 -0.798187852069 0.118592554432
v -0.46899165506 -0.821532389008 0.108646635237
v -0.434366766447 -0.840207977032 0.108646635237
v -0.425029768381 -0.835733654171 0.100807925717
v -0.38670899191 -0.848378533815 0.0980263986518
v -0.311429129219 -0.865303317905 0.0888390444518
v -0.242179421205 -0.876002905987 0.0789774322534
v -0.238872577817 -0.889620431413 0.0888390444518
v -0.242179421205 -0.861996197666 0.0690315130585
v -0.105625227528 -0.893511291389 0.0692843251625
v -0.172929713192 -0.864719716594 0.059169841468
v -0.103680005179 -0.876197462829 0.059169841468
v -0.0344302971653 -0.896040184263 0.0664185999864
v 0.106403316468 -0.893511291389 0.0692843251625
v 0.0344302971653 -0.895845696634 0.0664185999864
v 0.311429129219 -0.872112046012 0.0888390444518
v 0.242179421205 -0.865497805534 0.0690315130585
v 0.103680005179 -0.875419373889 0.059169841468
v 0.172929713192 -0.864330602911 0.059169841468
v 0.380484280391 -0.856160046128 0.0987850230388
v 0.434950367758 -0.840791578343 0.108646635237
v 0.630833670071 -0.767839960969 0.276968884631
v 0.6310281577 -0.767839960969 0.283796177457
v 0.518983696417 -0.797604250757 0.118592554432
v 0.562751026255 -0.76803451781 0.118592554432
v 0.597375914868 -0.74041021485 0.118592554432
v 0.469575187159 -0.821532389008 0.108646635237
v 0.628888447721 -0.766089157035 0.652975653897
v 0.58823340443 -0.796826092605 0.652975653897
v 0.626359693273 -0.763949239419 0.658875777635
v 0.58940053784 -0.781068511137 0.662500146995
v 0.567225072266 -0.77153619489 0.670844619305
v 0.495057565334 -0.699751849351 0.70970116659
v 0.475799898678 -0.755778613423 0.695793739137
v 0.478912254438 -0.688079546275 0.716275617617
v 0.261048043392 -0.333632003014 0.861081639463
v -0.475994386307 -0.755973170264 0.695793739137
v -0.567614116736 -0.771730751732 0.670928896606
v -0.58978958231 -0.781652112449 0.662584434194
v -0.62674866853 -0.764338353101 0.659044361932
v -0.495446609804 -0.699751849351 0.709785453789
v -0.479106742066 -0.688274103116 0.716359904816
v -0.227590288188 -0.358143742576 0.861081639463
v -0.66643106604 -0.738075740393 0.276968884631
v -0.638614490257 -0.706366089829 0.118592554432
v -0.664291356062 -0.736130379618 0.652975653897
v -0.634724045558 -0.702475299066 0.108646635237
v -0.559055138397 -0.765310998882 0.110500973416
v -0.525597452406 -0.784181143748 0.107803753347
v -0.55321954056 -0.760836606808 0.103926522389
v -0.413747478752 -0.82911934448 0.0941491676939
v -0.368813015505 -0.841958780966 0.0888390444518
v -0.281667331086 -0.833982781024 0.0626256265315
v -0.242763022517 -0.843320609642 0.0592541484645
v -0.220198512472 -0.835733654171 0.0524268259419
v -0.168650224022 -0.840597090715 0.0491396053779
v -0.103680005179 -0.851880210895 0.0493082292696
v -0.0344302971653 -0.882422658837 0.059169841468
v 0.0344302971653 -0.882033614367 0.059169841468
v 0.381456926172 -0.842736939118 0.0896819263419
v 0.311429129219 -0.856549159811 0.0789774322534
v 0.243152066986 -0.844098767795 0.0590855839649
v 0.284390642376 -0.835149983647 0.0622884975323
v 0.0344302971653 -0.857521805592 0.0493082292696
v 0.103680005179 -0.850518451432 0.0493082292696
v 0.166705001673 -0.839624375721 0.0492239123744
v 0.220782044571 -0.835539097329 0.0524268259419
v 0.424251679441 -0.835539097329 0.0987850230388
v 0.665458489471 -0.737103025399 0.276968884631
v 0.637836401318 -0.705782488518 0.118592554432
v 0.663513267122 -0.735157664624 0.652975653897
v 0.55866616314 -0.7649218852 0.110753844912
v 0.633362424519 -0.701502653285 0.108646635237
v 0.552830426878 -0.760642049967 0.104095086889
v 0.525402895565 -0.784181143748 0.107888060344
v 0.700666910183 -0.700724495132 0.652975653897
v 0.697359997582 -0.697222818052 0.659550085127
v 0.656121491405 -0.725430791535 0.662500146995
v 0.613326738136 -0.753444208178 0.665450208864
v 0.541159161992 -0.68224346395 0.704475360243
v 0.518400164319 -0.670571160873 0.712735515658
v 0.298785218551 -0.299004276681 0.861081639463
v 0.554775649227 -0.623882086995 0.717624193006
v -0.613910270235 -0.753833252648 0.665618793161
v -0.541548206462 -0.682632508419 0.704559647443
v -0.656705023504 -0.726014392847 0.662668731292
v -0.697943598893 -0.698000976204 0.659718669424
v -0.26163157549 -0.334215604325 0.861081639463
v -0.518594651947 -0.671154762185 0.712819832553
v -0.703584709101 -0.70344801406 0.276968884631
v -0.701639486752 -0.701502653285 0.652975653897
v -0.673239309658 -0.67271107849 0.118592554432
v -0.669348934171 -0.669403889038 0.108646635237
v -0.697554554423 -0.629134637221 0.0987850230388
v -0.62908293535 -0.697222818052 0.101313619216
v -0.58453744736 -0.741771905102 0.107803753347
v -0.617022625994 -0.68963586258 0.0947391681892
v -0.692108001057 -0.55365405776 0.0641428258121
v -0.354612926958 -0.835733654171 0.0817588999264
v -0.701639486752 -0.494514591866 0.0520053899461
v -0.680436666958 -0.478757010398 0.0453466814165
v -0.22506153374 -0.778734105892 0.0411323214593
v -0.205803867084 -0.760253005497 0.0345578803315
v -0.188685979619 -0.825034066088 0.045852444206
v -0.142584313748 -0.831453818938 0.0440823635307
v -0.103680005179 -0.833982781024 0.0434923531367
v -0.0344302971653 -0.857910919275 0.0493082292696
v 0.416276302413 -0.831064705255 0.0934748997967
v 0.355780060368 -0.836317186269 0.0789774322534
v 0.309094862399 -0.840013420191 0.0700429594482
v 0.266883641228 -0.823088636101 0.0557140465058
v 0.700666910183 -0.492180117408 0.0520896969426
v 0.346054017832 -0.830481103944 0.0740044380106
v -0.0344302971653 -0.83690078758 0.0428180357462
v 0.0344302971653 -0.836706299952 0.0429023427427
v 0.103680005179 -0.833204622872 0.0436609176363
v 0.139472027201 -0.830675660785 0.0442509280303
v 0.185573623859 -0.824839509247 0.045852444206
v 0.243152066986 -0.809471041462 0.0492239123744
v 0.702612132533 -0.702475299066 0.276968884631
v 0.667987313132 -0.667653085104 0.108646635237
v 0.672461289931 -0.671543875867 0.118592554432
v 0.584342959731 -0.74079925932 0.107888060344
v 0.62791580194 -0.696444659899 0.101819372107
v 0.697749111265 -0.558906538775 0.0720658522276
v 0.735291729583 -0.662984136189 0.652975653897
v 0.763886463518 -0.626022073824 0.658791500334
v 0.737237021146 -0.665124123018 0.276968884631
v 0.725371130206 -0.6557862944 0.662500146995
v 0.685883289538 -0.685745071817 0.666124516356
v 0.638225445788 -0.705976976146 0.672783234784
v 0.584732073414 -0.654229978095 0.701525298375
v 0.554970206069 -0.692942982819 0.697900919116
v 0.565474406757 -0.633414472454 0.712398386659
v 0.333410037952 -0.260291271957 0.861081639463
v 0.600099226158 -0.599759461115 0.712398386659
v 0.623636312771 -0.5544321467 0.717539915705
v 0.614493871546 -0.614349770748 0.705149647938
v -0.555359250539 -0.693332027289 0.697985196416
v -0.585315605512 -0.654813579406 0.701693862874
v -0.55516476291 -0.624271200677 0.717708509901
v -0.566252495697 -0.633998073766 0.712398386659
v -0.686466821636 -0.686328742341 0.666293080855
v -0.726149288359 -0.656759009394 0.662668731292
v -0.764664552458 -0.626994719605 0.659044361932
v -0.736264375365 -0.664540452494 0.652975653897
v -0.29936875065 -0.300171479304 0.861081639463
v -0.738209597714 -0.666485882482 0.276968884631
v -0.705724488292 -0.638083352157 0.118592554432
v -0.702612132533 -0.634776231918 0.108646635237
v -0.693469622095 -0.624271200677 0.093053463801
v -0.737237021146 -0.59158883512 0.108646635237
v -0.761746684327 -0.554237659072 0.103252264391
v -0.736069887736 -0.581667474403 0.0994592810372
v -0.699110732303 -0.560657411921 0.0690315130585
v -0.757856308841 -0.478951567239 0.0659971639906
v -0.709614863779 -0.518053685646 0.0601812878577
v -0.748519241562 -0.465333972601 0.059169841468
v -0.726927308086 -0.448603745352 0.0494767937692
v -0.70611346355 -0.432651676256 0.0416380248568
v -0.687050422947 -0.408723538005 0.0350636332223
v -0.640948757077 -0.427788170499 0.0326192945485
v -0.557109916047 -0.349000470799 0.0142445960472
v -0.152699469967 -0.632636314302 0.013317397262
v -0.156200870197 -0.701502653285 0.0230947519573
v -0.159702270426 -0.769396277274 0.0331249880474
v -0.174291403443 -0.797215137075 0.0392779931795
v -0.103680005179 -0.810638244085 0.0385194182859
v -0.0344302971653 -0.813750807482 0.0378451008954
v 0.277387841917 -0.762198366272 0.0441666705271
v 0.746768506841 -0.464361257607 0.059169841468
v 0.71214368744 -0.504436021795 0.059169841468
v 0.706502577232 -0.432262562573 0.0416380248568
v 0.726538263616 -0.448409188511 0.0494767937692
v 0.0344302971653 -0.813556319854 0.0379293583985
v 0.103680005179 -0.809665529091 0.0386879827855
v 0.158924181486 -0.768618119121 0.0332093049425
v 0.172346181093 -0.796631535764 0.0394465576791
v 0.205025778144 -0.759863891814 0.0345578803315
v 0.242179421205 -0.775037871971 0.0418908963529
v 0.700861397812 -0.633025358772 0.108646635237
v 0.696581977855 -0.628161922228 0.101566490712
v 0.704557354883 -0.636916149535 0.118592554432
v 0.704946399353 -0.568049810551 0.0789774322534
v 0.756494618589 -0.477395320147 0.0669243033839
v 0.765831685868 -0.62855103591 0.652975653897
v 0.767776908218 -0.630690953527 0.283796177457
v 0.796177016099 -0.588087227252 0.652975653897
v 0.826133371073 -0.5466507036 0.652975653897
v 0.818157994045 -0.534589356054 0.66292159289
v 0.780615306514 -0.589254429874 0.662415869695
v 0.75338226283 -0.612988011284 0.665450208864
v 0.767582351377 -0.630496396685 0.276968884631
v 0.705918975921 -0.637888795316 0.672783234784
v 0.684132554816 -0.613766169436 0.685342086849
v 0.357725282717 -0.225663614837 0.861081639463
v 0.670126953898 -0.518053685646 0.712735515658
v 0.699305219932 -0.494514591866 0.70961688929
v 0.687828511887 -0.478173409087 0.71619131062
v 0.633362424519 -0.565131734782 0.712398386659
v 0.681992844838 -0.540620064433 0.704391053247
v -0.615077403644 -0.614933372059 0.705318212437
v -0.627137713 -0.626994719605 0.698743801006
v -0.600877315098 -0.601121220579 0.712398386659
v -0.684716156128 -0.614738815218 0.685594938547
v -0.75416035177 -0.613960657065 0.665703070461
v -0.827494992111 -0.548790621216 0.652975653897
v -0.79870583976 -0.588087227252 0.652975653897
v -0.766998819278 -0.629912795374 0.652975653897
v -0.782171484393 -0.589838031186 0.662584434194
v -0.819519615083 -0.53672927367 0.66292159289
v -0.30053588406 -0.299004276681 0.861081639463
v -0.768749484786 -0.631858156149 0.276968884631
v -0.740349376905 -0.596063296406 0.118592554432
v -0.75260417389 -0.541203665744 0.0888390444518
v -0.71369986532 -0.591783391961 0.0894290548458
v -0.710198465091 -0.573691474461 0.0789774322534
v -0.767193306907 -0.561435570074 0.118592554432
v -0.763691906677 -0.556961177999 0.108646635237
v -0.777891995224 -0.522917052978 0.0994592810372
v -0.757856308841 -0.548596064375 0.0966778133642
v -0.788979728011 -0.518831774586 0.108646635237
v -0.737237021146 -0.514162894883 0.0692000775581
v -0.744823353704 -0.530309520821 0.0789774322534
v -0.763691906677 -0.487900282175 0.0725715457265
v -0.777891995224 -0.453272625055 0.0692000775581
v -0.770111175038 -0.430706246268 0.059169841468
v -0.763108305366 -0.418450341881 0.0536068368312
v -0.75221512942 -0.398218506764 0.0469481382002
v -0.726538263616 -0.38032100768 0.0393622506826
v -0.764275438776 -0.352113034197 0.0436609176363
v -0.700861397812 -0.362423577809 0.0332093049425
v -0.63063911323 -0.355614711277 0.0234319403485
v -0.604378646114 -0.311260181069 0.0167731823255
v -0.569948383555 -0.311260181069 0.0128117037631
v -0.494863077706 -0.286748441507 0.00387723095793
v -0.141806294021 -0.557155734841 0.00438292445677
v -0.103680005179 -0.597619543499 0.00741726362593
v -0.103680005179 -0.640417826615 0.0123059508723
v -0.103680005179 -0.675045552948 0.0170260637203
v -0.103680005179 -0.776010586965 0.0321135416576
v -0.103680005179 -0.708895121128 0.0219990480644
v -0.103680005179 -0.743522778248 0.0271405474148
v -0.0344302971653 -0.779317707203 0.0316078481588
v 0.0344302971653 -0.778928593521 0.0316078481588
v 0.687244910576 -0.409112582475 0.0349793262258
v 0.763302862207 -0.418450341881 0.0535225892267
v 0.769916618196 -0.429733600487 0.059169841468
v 0.726732820457 -0.38071005215 0.0393622506826
v 0.75260417389 -0.398607551234 0.0468638905957
v 0.103680005179 -0.775037871971 0.0321978486541
v 0.103680005179 -0.743133664565 0.02722486431
v 0.103680005179 -0.708506007445 0.0219990480644
v 0.155811825727 -0.701113539602 0.0231790688524
v 0.152115937869 -0.63244175746 0.0134017042585
v 0.556915428418 -0.348611357116 0.0142445960472
v 0.641143313919 -0.426037366565 0.032703542153
v 0.76019057566 -0.551903184614 0.105106533278
v 0.739960263223 -0.582445563343 0.108478070738
v 0.739182174283 -0.594117866419 0.118592554432
v 0.739571218753 -0.52583519796 0.0789774322534
v 0.766220661125 -0.491207471627 0.0789774322534
v 0.776141260503 -0.452494466902 0.0697900780534
v 0.761941241169 -0.485371320089 0.0734987445117
v 0.830607347871 -0.553848614602 0.281941849177
v 0.830607347871 -0.553848614602 0.28168898758
v 0.847336190866 -0.512022977267 0.652975653897
v 0.840138902778 -0.499961698934 0.66292159289
v 0.771278239235 -0.566882607929 0.670844619305
v 0.832163525751 -0.487122124022 0.668400280631
v 0.755521972808 -0.475060845689 0.695625174637
v 0.692886020784 -0.554626772754 0.697816631916
v 0.385736415341 -0.17274934495 0.861081639463
v 0.71564508767 -0.452883580585 0.712735515658
v 0.702612132533 -0.432068005732 0.720405700273
v 0.759606974349 -0.412030658244 0.706919698917
v 0.747352108152 -0.45093821981 0.703126755158
v -0.624414470923 -0.555404930907 0.717792787201
v -0.634529557929 -0.566493494246 0.712398386659
v -0.654954357995 -0.585363708324 0.701693862874
v -0.772056328175 -0.567855322923 0.671013193703
v -0.693664109724 -0.555599418536 0.698069513311
v -0.841306036188 -0.502101547337 0.66292159289
v -0.848697811904 -0.514162894883 0.652975653897
v -0.831579993652 -0.555210304853 0.282278997974
v -0.833136102319 -0.488678440328 0.668653142229
v -0.700277865713 -0.495681863701 0.709869770685
v -0.756494618589 -0.476617161994 0.695962303637
v -0.334577240574 -0.262042145103 0.861081639463
v -0.831579993652 -0.555210304853 0.280930402788
v -0.775752285246 -0.506575939412 0.0888390444518
v -0.768944041628 -0.495681863701 0.0789774322534
v -0.795787971629 -0.518831774586 0.118592554432
v -0.821075792963 -0.467668447059 0.108646635237
v -0.816407259324 -0.459108776593 0.0987850230388
v -0.824382636352 -0.473699086225 0.118592554432
v -0.795787971629 -0.449770947975 0.0789774322534
v -0.816601816165 -0.377986602435 0.0688628891668
v -0.822631970843 -0.398996595704 0.0789774322534
v -0.795787971629 -0.380515564522 0.059169841468
v -0.772250885016 -0.377208444283 0.0498982396636
v -0.74793564025 -0.311260181069 0.0369179021101
v -0.800067460799 -0.311260181069 0.0493082292696
v -0.772834417115 -0.311260181069 0.0418065893564
v -0.757661751999 -0.266127423495 0.0350636332223
v -0.71331082085 -0.311260181069 0.0314392242671
v -0.677518798827 -0.311260181069 0.0264662894164
v -0.642893979427 -0.311260181069 0.0217461765683
v -0.617800714934 -0.265154708501 0.015256042437
v -0.5429098275 -0.242004797616 0.00573155923776
v -0.551857850309 -0.203875394202 0.00488867734765
v -0.5082850081 -0.242004797616 0.00311859667228
v -0.449733988404 -0.242004797616 0.00101144638972
v -0.103680005179 -0.518831774586 0.00177002128333
v -0.103680005179 -0.562991886379 0.00387723095793
v -0.0344302971653 -0.602677536884 0.00691157012709
v -0.0344302971653 -0.644114060536 0.0118845049779
v -0.0344302971653 -0.678741717657 0.0165203702215
v -0.0344302971653 -0.746829898487 0.026634853916
v 0.0344302971653 -0.746829898487 0.026634853916
v 0.63063911323 -0.355420154436 0.0235161978517
v 0.701055954653 -0.36300717912 0.0331249880474
v 0.795204439531 -0.380515564522 0.059169841468
v 0.772445372645 -0.377402931911 0.0498139227684
v 0.815629170384 -0.377208444283 0.0690315130585
v 0.74793564025 -0.311260181069 0.0369179021101
v 0.764275438776 -0.352502147879 0.0436609176363
v 0.0344302971653 -0.678741717657 0.0165203702215
v 0.103680005179 -0.674850996106 0.0171103707168
v 0.103680005179 -0.640223269774 0.0123902578687
v 0.103680005179 -0.597424986658 0.00741726362593
v 0.14161173718 -0.556766621158 0.00446723145326
v 0.494473964023 -0.286553884665 0.00396147856238
v 0.569364851457 -0.311260181069 0.0128117037631
v 0.603989670857 -0.311260181069 0.0168574992207
v 0.818936013772 -0.464555814448 0.108646635237
v 0.780615306514 -0.524862482966 0.108478070738
v 0.792675615869 -0.518831774586 0.118592554432
v 0.765637129027 -0.559490209298 0.118592554432
v 0.773028904743 -0.500934344715 0.0888390444518
v 0.779253616263 -0.511050262273 0.0987850230388
v 0.791703039301 -0.449770947975 0.0789774322534
v 0.809988060176 -0.443156638284 0.0896819263419
v 0.821270280592 -0.396856678088 0.0789774322534
v 0.902774924015 -0.42136841765 0.282953295567
v 0.900246100354 -0.416505050318 0.650615612321
v 0.885267922867 -0.443545751967 0.65356567419
v 0.902774924015 -0.42136841765 0.279244648906
v 0.823021015313 -0.471170054926 0.118592554432
v 0.899467942201 -0.41455962033 0.657274320851
v 0.867566503303 -0.449770947975 0.66292159289
v 0.408495413014 -0.112831790115 0.861081639463
v 0.75260417389 -0.385573557907 0.713325555748
v 0.760774107759 -0.344915192408 0.717202786706
v 0.783922149902 -0.317679864705 0.713325555748
v 0.783338617803 -0.385573557907 0.703126755158
v 0.771083751606 -0.365925254889 0.71062833568
v -0.671683200991 -0.518831774586 0.712904109854
v -0.682770933778 -0.541787267056 0.704643924743
v -0.875736437172 -0.443545751967 0.662078711
v -0.900246100354 -0.416310493477 0.658201480042
v -0.883128212889 -0.452883580585 0.652975653897
v -0.903552943742 -0.423119290796 0.283206157165
v -0.749102842873 -0.451910865591 0.703379596959
v -0.760579550918 -0.413976019019 0.707256827916
v -0.688801088456 -0.479535168551 0.716444182116
v -0.717395753178 -0.453856226366 0.712904109854
v -0.359670505067 -0.226636329831 0.861081639463
v -0.884684390769 -0.455801587141 0.276968884631
v -0.812905928307 -0.44451846696 0.0891762328431
v -0.840138902778 -0.433040720726 0.108646635237
v -0.835470369139 -0.42448105026 0.0987850230388
v -0.831968968909 -0.417866809782 0.0926320179066
v -0.843251258538 -0.439071359892 0.118592554432
v -0.827689548952 -0.409501696158 0.0860575767788
v -0.83371970363 -0.353085749191 0.0720658522276
v -0.828273081051 -0.340246243492 0.0654070942046
v -0.838971838581 -0.364368938584 0.0789774322534
v -0.823215502942 -0.314761788936 0.0582427020748
v -0.830218303401 -0.275659739742 0.0543654711168
v -0.821659394275 -0.248424481252 0.0489710408783
v -0.782365972022 -0.242588398927 0.0387722402886
v -0.826716903171 -0.189868685881 0.0455152558148
v -0.764859040087 -0.22002202014 0.033883562941
v -0.696192864172 -0.219243861987 0.0239376338474
v -0.657483112444 -0.242199285244 0.0195547093906
v -0.688022999516 -0.265349265342 0.0251176546354
v -0.627137713 -0.219049305146 0.0140760315476
v -0.59212384913 -0.242004797616 0.0111259300842
v -0.559638739708 -0.157575434006 0.004130043062
v -0.584926561042 -0.177612781494 0.0076701450207
v -0.524819363466 -0.177612781494 0.00261290317344
v -0.518983696417 -0.103688518338 0.00118001088933
v -0.449733988404 -0.17274934495 0.000168564499614
v -0.0344302971653 -0.518831774586 0.000758564994943
v -0.0344302971653 -0.568049810551 0.00345578506354
v 0.0344302971653 -0.602677536884 0.00691157012709
v 0.0344302971653 -0.644114060536 0.0118845049779
v 0.642699422586 -0.311260181069 0.0217461765683
v 0.757467195158 -0.264765664031 0.0351478907255
v 0.677324311199 -0.311260181069 0.0264662894164
v 0.71331082085 -0.311260181069 0.0314392242671
v 0.822631970843 -0.314372744466 0.0583269595779
v 0.827884036581 -0.339468085339 0.0656599755994
v 0.799483859487 -0.311260181069 0.0493082292696
v 0.829829258931 -0.274298049491 0.0545340356165
v 0.83333065916 -0.352113034197 0.0722344167272
v 0.772639929486 -0.311260181069 0.0418908963529
v 0.103680005179 -0.562797329537 0.00387723095793
v 0.103680005179 -0.518831774586 0.00177002128333
v 0.449733988404 -0.242004797616 0.00101144638972
v 0.50750691916 -0.242004797616 0.00320290366877
v 0.55127431821 -0.202513634739 0.00488867734765
v 0.542131807773 -0.242004797616 0.00581581674088
v 0.591929292289 -0.241421127092 0.0112102469794
v 0.617411601251 -0.26418206272 0.0153402900414
v 0.813878504875 -0.455801587141 0.0987850230388
v 0.833914260472 -0.421173930021 0.0987850230388
v 0.838777212527 -0.429928088115 0.108646635237
v 0.826716903171 -0.40755626617 0.0869847062733
v 0.830801904712 -0.415726892166 0.0935591572998
v 0.838193680428 -0.362229020968 0.0789774322534
v 0.942457321525 -0.311260181069 0.276968884631
v 0.939928497864 -0.311260181069 0.652975653897
v 0.911528389983 -0.387129805 0.65356567419
v 0.842084125128 -0.436542397806 0.118592554432
v 0.869706213282 -0.380515564522 0.118592554432
v 0.892659698584 -0.326628648854 0.118592554432
v 0.969301251526 -0.209127875217 0.658117192842
v 0.926312010628 -0.311260181069 0.66292159289
v 0.907054343972 -0.363785337273 0.66292159289
v 0.892465210955 -0.398412994393 0.66292159289
v 0.408689969856 -0.112248188804 0.861081639463
v 0.770111175038 -0.29880971984 0.720152848575
v 0.826522415543 -0.263209347726 0.705992539727
v 0.817768949575 -0.312038339221 0.702621031964
v 0.826327858701 -0.335771920631 0.696046580937
v -0.969301251526 -0.208738830747 0.658117192842
v -0.941290118902 -0.311260181069 0.652975653897
v -0.916196854409 -0.380515564522 0.652975653897
v -0.901218676923 -0.418255854252 0.652975653897
v -0.784894795683 -0.38674076053 0.703379596959
v -0.827300504482 -0.337328236936 0.696383739632
v -0.891103659129 -0.394911317313 0.664775911271
v -0.900829632453 -0.348805913958 0.668231696334
v -0.906665368715 -0.375263014295 0.662078711
v -0.927673631667 -0.311260181069 0.66292159289
v -0.919114653328 -0.380515564522 0.276968884631
v -0.902580367174 -0.421173930021 0.276968884631
v -0.761746684327 -0.346665996341 0.717455628506
v -0.769527573726 -0.36300717912 0.712398386659
v -0.387681568478 -0.17274934495 0.861081639463
v -0.871456948003 -0.380515564522 0.118592554432
v -0.865232236484 -0.380515564522 0.108646635237
v -0.856284213675 -0.380515564522 0.0987850230388
v -0.843445815379 -0.384017241602 0.0891762328431
v -0.843834859849 -0.314761788936 0.0688628891668
v -0.860563702844 -0.311260181069 0.0789774322534
v -0.83722110386 -0.294140840137 0.0609398627513
v -0.873596657981 -0.311260181069 0.0888390444518
v -0.845780082199 -0.248424481252 0.0582427020748
v -0.83644301492 -0.229554336387 0.0520896969426
v -0.807653793356 -0.16924766787 0.0402051325727
v -0.841111479347 -0.16924766787 0.0489710408783
v -0.831579993652 -0.143763282526 0.0440823635307
v -0.770305662666 -0.17274934495 0.0329564235477
v -0.737042464304 -0.17274934495 0.0280677462001
v -0.668376357602 -0.17274934495 0.01803751011
v -0.633751468989 -0.17274934495 0.0132331397588
v -0.599710181688 -0.103688518338 0.00733301602148
v -0.565085362287 -0.103688518338 0.00370866645832
v -0.380484280391 0.380710190576 0.00193858578295
v -0.311429129219 0.380710190576 0.000168564499614
v -0.449733988404 -0.103688518338 8.42476044519e-05
v -0.562945583096 -0.0478561726824 0.00387723095793
v -0.0344302971653 -0.449770947975 0
v 0.0344302971653 -0.518831774586 0.000758564994943
v 0.0344302971653 -0.568049810551 0.00345578506354
v 0.687633955046 -0.264376619561 0.0251176546354
v 0.726538263616 -0.241421127092 0.0295006384842
v 0.764275438776 -0.218660260676 0.033883562941
v 0.781587883082 -0.241810240774 0.0387722402886
v 0.83683205939 -0.293168125143 0.061108486643
v 0.843056701696 -0.314372744466 0.0690315130585
v 0.820881305335 -0.247451835471 0.0491396053779
v 0.835859482821 -0.228192576923 0.0523425783374
v 0.845001924046 -0.247451835471 0.0583269595779
v 0.859396569434 -0.311260181069 0.0789774322534
v 0.449733988404 -0.17274934495 0.000168564499614
v 0.518983696417 -0.103688518338 0.00118001088933
v 0.524624875838 -0.176834623341 0.00269721016993
v 0.559249695238 -0.156408231384 0.00421435995716
v 0.584732073414 -0.176834623341 0.00775445201719
v 0.62674866853 -0.218076659365 0.0140760315476
v 0.853949946855 -0.380515564522 0.0987850230388
v 0.863287014134 -0.380515564522 0.108646635237
v 0.842084125128 -0.382849969767 0.0896819263419
v 0.87223496773 -0.311260181069 0.0888390444518
v 0.972413676498 -0.22041106461 0.278654638512
v 0.972413676498 -0.22041106461 0.283206157165
v 0.905109121622 -0.292000922521 0.118592554432
v 0.96035329793 -0.246673677318 0.652975653897
v 0.889547412037 -0.31884713654 0.108646635237
v 0.902385879545 -0.284219410208 0.108646635237
v 0.951794319591 -0.236168646078 0.6619944238
v 0.970079409679 -0.212045950986 0.652975653897
v 0.976693165668 -0.17274934495 0.652975653897
v 0.985641119264 -0.103688518338 0.652975653897
v 0.972413676498 -0.17274934495 0.65938150083
v 0.959769696619 -0.17274934495 0.664354485174
v 0.858813037336 -0.17274934495 0.702536744764
v 0.833136102319 -0.217103944371 0.708352561505
v 0.900246100354 -0.347055040811 0.668063131835
v 0.835470369139 -0.289471960434 0.6994180887
v 0.417443435823 -0.0782040637823 0.861081639463
v 0.841889568287 -0.24083752578 0.702621031964
v -0.95957520899 -0.17274934495 0.664270188076
v -0.972219119657 -0.17274934495 0.659297223529
v -0.985446631635 -0.103688518338 0.652975653897
v -0.976498608826 -0.17274934495 0.652975653897
v -0.969884783625 -0.211656906516 0.652975653897
v -0.960742273187 -0.246284563636 0.652975653897
v -0.952183364061 -0.235974089236 0.6619944238
v -0.83333065916 -0.217687545682 0.7084368784
v -0.858618480495 -0.17274934495 0.702536744764
v -0.972219119657 -0.220800178293 0.283121879864
v -0.943624454935 -0.311260181069 0.276968884631
v -0.818936013772 -0.313010985002 0.702705309264
v -0.835664856767 -0.291222764368 0.699502375899
v -0.826911460013 -0.263792949037 0.706161104226
v -0.905692653721 -0.293751795667 0.118592554432
v -0.893048743054 -0.328379452787 0.118592554432
v -0.79111943799 -0.311260181069 0.712398386659
v -0.388070612948 -0.171776699169 0.861081639463
v -0.890130944135 -0.320403452846 0.108646635237
v -0.887213145217 -0.306007630842 0.099122152038
v -0.867955478561 -0.242004797616 0.0690315130585
v -0.897328232223 -0.267100069276 0.0960878128688
v -0.88254468079 -0.242004797616 0.0789774322534
v -0.900635144824 -0.279550530505 0.1027465115
v -0.865621280954 -0.17274934495 0.059169841468
v -0.810377104646 -0.103688518338 0.0385194182859
v -0.852199281347 -0.103688518338 0.0493082292696
v -0.876709013741 -0.103688518338 0.059169841468
v -0.8341087481 -0.103688518338 0.0434923531367
v -0.775752285246 -0.103688518338 0.0321135416576
v -0.743656220294 -0.103688518338 0.0271405474148
v -0.675573576478 -0.103688518338 0.0170260637203
v -0.640948757077 -0.103688518338 0.0123059508723
v -0.636669267908 -0.0344331348852 0.0128959513676
v -0.315319573918 0.454439966103 0.00261290317344
v -0.42211190025 0.380710190576 0.004130043062
v -0.415498213474 0.415532404537 0.00472011284804
v -0.380484280391 0.429733669699 0.00387723095793
v -0.242179421205 0.449965574029 0.000674257998454
v 0.311429129219 0.380710190576 0.000168564499614
v -0.492528741673 0.428760954706 0.0134860211536
v 0.0344302971653 -0.449770947975 8.42476044519e-05
v 0.449733988404 -0.103688518338 8.42476044519e-05
v 0.769138529256 -0.17274934495 0.0331249880474
v 0.806486659946 -0.166524148942 0.0403736970723
v 0.667792756291 -0.17274934495 0.0181218171065
v 0.736264375365 -0.17274934495 0.0281519938045
v 0.830607347871 -0.139094333611 0.0442509280303
v 0.825938883444 -0.185199806179 0.0456838203144
v 0.866788345151 -0.242004797616 0.0690315130585
v 0.864065033861 -0.17274934495 0.059169841468
v 0.839749858308 -0.166524148942 0.0491396053779
v 0.881572035009 -0.242004797616 0.0789774322534
v 0.896939187753 -0.265932866654 0.0965092488646
v 0.38748708085 0.387518987895 0.00252858627828
v 0.562556538626 -0.048245286365 0.00396147856238
v 0.564501760976 -0.103688518338 0.00370866645832
v 0.599126649589 -0.103688518338 0.00741726362593
v 0.633167936891 -0.17274934495 0.013317397262
v 0.886240499436 -0.305424029531 0.0993750334328
v 0.900246100354 -0.27838325867 0.103083640499
v 0.977471185395 -0.17936365464 0.27604172544
v 0.988364430554 -0.103688518338 0.276968884631
v 0.919309210169 -0.242004797616 0.118592554432
v 0.933898343186 -0.17274934495 0.118592554432
v 0.91386258759 -0.242004797616 0.108646635237
v 0.990893185002 -0.0344331348852 0.652975653897
v 0.976887653296 -0.103688518338 0.661235839008
v 0.964632717887 -0.103688518338 0.666208803555
v 0.869900770123 -0.103688518338 0.702536744764
v 0.838193680428 -0.17274934495 0.710122612485
v 0.422695501561 -0.0350167361965 0.861081639463
v 0.828273081051 -0.121780505051 0.716612746616
v 0.841695080658 -0.100770442569 0.712988397053
v 0.831385436811 -0.075675101696 0.717624193006
v -0.964438230258 -0.103688518338 0.666124516356
v -0.869706213282 -0.103688518338 0.702536744764
v -0.976693165668 -0.103688518338 0.66115154191
v -0.990893185002 -0.0344331348852 0.652975653897
v -0.988169873712 -0.103688518338 0.276968884631
v -0.842278681969 -0.241226639463 0.702705309264
v -0.823604547412 -0.17274934495 0.715011289832
v -0.8379991928 -0.17274934495 0.710038335184
v -0.409079014326 -0.113026346956 0.861081639463
v -0.417248878982 -0.0789822219349 0.861081639463
v -0.828273081051 -0.12119690374 0.716612746616
v -0.972219119657 -0.220800178293 0.278823203012
v -0.920476343579 -0.242004797616 0.118592554432
v -0.902969411644 -0.285775726513 0.108646635237
v -0.883128212889 -0.17274934495 0.0690315130585
v -0.899078966944 -0.203291792891 0.084456119995
v -0.902969411644 -0.220994665921 0.091114818626
v -0.894021388835 -0.243172000238 0.0882490340578
v -0.906276185819 -0.243172000238 0.099122152038
v -0.914835164158 -0.242004797616 0.108646635237
v -0.8341087481 -0.0507742484514 0.0434923531367
v -0.87729254584 -0.0344331348852 0.059169841468
v -0.894021388835 -0.104855720961 0.0692843251625
v -0.901218676923 -0.0826784558565 0.0727401201248
v -0.894021388835 -0.0344331348852 0.0679357497736
v -0.771278239235 -0.0344331348852 0.0328721165513
v -0.739182174283 -0.0344331348852 0.0278991817005
v -0.704557354883 -0.0344331348852 0.0225890584584
v -0.671099599679 -0.0344331348852 0.0177003811108
v -0.294894773852 0.494903774761 0.00387723095793
v -0.445649056076 0.445296694326 0.0101144836945
v -0.42969830202 0.497238249219 0.013317397262
v -0.380484280391 0.46436132682 0.00640581723621
v -0.340996439722 0.48050802197 0.0049729249521
v 0.242179421205 0.449965574029 0.000674257998454
v -0.242179421205 0.503658002068 0.00320290366877
v 0.242179421205 0.503852489697 0.00320290366877
v 0.315125017077 0.454245409261 0.00261290317344
v -0.559444182867 0.435569821238 0.0235161978517
v -0.55244145162 0.481675224592 0.024696208741
v -0.475799898678 0.474866427273 0.0155089139331
v 0.774585151836 -0.103688518338 0.0322821061572
v 0.809015414395 -0.103688518338 0.0388565472851
v 0.742878131354 -0.103688518338 0.0273091713065
v 0.67479555675 -0.103688518338 0.0171103707168
v 0.708253242741 -0.103688518338 0.0220833055676
v 0.83294161469 -0.103688518338 0.0437452345314
v 0.850059571368 -0.103688518338 0.0493082292696
v 0.882350123949 -0.17274934495 0.0690315130585
v 0.898884410103 -0.202902679209 0.0846246844947
v 0.875541811118 -0.103688518338 0.059169841468
v 0.893437856736 -0.242393842086 0.088333350953
v 0.902774924015 -0.219632906457 0.0911991256225
v 0.905692653721 -0.242393842086 0.0993750334328
v 0.369007503133 0.434013504932 0.00370866645832
v 0.415109169004 0.415143360067 0.00472011284804
v 0.42366807813 0.369037956712 0.00396147856238
v 0.636085735809 -0.0344331348852 0.0128959513676
v 0.492139697203 0.428177353394 0.0135702687581
v 0.640170668137 -0.103688518338 0.0123902578687
v 0.943235341252 -0.103688518338 0.118592554432
v 0.993616427079 -0.0344331348852 0.276968884631
v 0.928257163765 -0.17274934495 0.108646635237
v 0.937788787885 -0.103688518338 0.108646635237
v 0.91989281148 -0.17274934495 0.0987850230388
v 0.990698628161 0.0346277609392 0.652975653897
v 0.979610964586 0.0346277609392 0.662247285398
v 0.979610964586 -0.0344331348852 0.662331572597
v 0.967356029176 -0.0344331348852 0.667220249945
v 0.875930924801 -0.0344331348852 0.702536744764
v 0.422695501561 -0.0344331348852 0.861081639463
v 0.849086925587 -0.0344331348852 0.712398386659
v -0.967356029176 -0.0344331348852 0.667220249945
v -0.875736437172 -0.0344331348852 0.702536744764
v -0.841500593029 -0.100381398099 0.712904109854
v -0.831190879969 -0.0750915003847 0.717624193006
v -0.979610964586 -0.0344331348852 0.662247285398
v -0.979610964586 0.0346277609392 0.662331572597
v -0.990893185002 0.0346277609392 0.652975653897
v -0.993616427079 0.0346277609392 0.276968884631
v -0.99342193945 -0.0344331348852 0.276968884631
v -0.943040853623 -0.103688518338 0.118592554432
v -0.934092830814 -0.17274934495 0.118592554432
v -0.417443435823 -0.0776204624711 0.861081639463
v -0.895577635927 -0.177223737024 0.0784716793625
v -0.898689922474 -0.128783859211 0.0748473297993
v -0.919503697798 -0.17274934495 0.0987850230388
v -0.907248900813 -0.177223737024 0.0882490340578
v -0.902774924015 -0.157186389536 0.0815060284303
v -0.928062676136 -0.17274934495 0.108646635237
v -0.846947215609 -0.030347787281 0.0484653473795
v -0.828078593422 -0.00466884509647 0.0445881164215
v -0.809209971236 -0.030347787281 0.0398680035735
v -0.763497419048 0.48828946507 0.0731615561205
v -0.900051612725 0.0025290659054 0.0737515665145
v -0.903941988212 0.0805386074528 0.0819274644261
v -0.901024189294 -0.0344331348852 0.0729087440164
v -0.905692653721 -0.104855720961 0.0784716793625
v -0.917753101502 -0.103688518338 0.0888390444518
v -0.932342096093 -0.0344331348852 0.0987850230388
v -0.921059875677 -0.0344331348852 0.0888390444518
v -0.908999635534 -0.0344331348852 0.0789774322534
v -0.919698323852 0.0346277609392 0.0888390444518
v -0.638614490257 0.51902640064 0.0415537673537
v -0.315319573918 0.518442868542 0.00724869912632
v -0.311429129219 0.571746182898 0.0125588223684
v -0.242179421205 0.538285659188 0.0062372527366
v -0.379122659352 0.519804558793 0.0116316829751
v -0.483580788077 0.553070525662 0.0246119611365
v -0.401298124927 0.543343652574 0.0158460429323
v -0.355001971428 0.55968476614 0.0139073977573
v 0.294505729382 0.49470921792 0.00396147856238
v 0.242179421205 0.538480216029 0.0062372527366
v -0.574227872725 0.51902640064 0.0315235312636
v -0.560027784178 0.560462924292 0.0336307409382
v -0.506145298121 0.506770565466 0.0220833055676
v -0.608852692125 0.51902640064 0.0365807731109
v 0.771667283705 -0.0344331348852 0.0327878590481
v 0.833525216002 -0.0486343308349 0.0436609176363
v 0.738987686654 -0.0344331348852 0.0278148648053
v 0.670710555209 -0.0344331348852 0.0177003811108
v 0.704362867254 -0.0344331348852 0.0226733159616
v 0.878265191621 -0.0344331348852 0.059169841468
v 0.893632413577 -0.105633879113 0.0692843251625
v 0.898495434846 -0.129951061834 0.0748473297993
v 0.895383009873 -0.177029180183 0.0784716793625
v 0.902969411644 -0.156797275854 0.0814217709272
v 0.907637945283 -0.177029180183 0.088333350953
v 0.894799477775 -0.0344331348852 0.0670928678835
v 0.901607721392 -0.083845658479 0.0726558626216
v 0.340607395252 0.480118908287 0.00505724184726
v 0.38748708085 0.454245409261 0.00615300513215
v 0.42930925755 0.496849204749 0.013317397262
v 0.475410854208 0.474282756749 0.0155089139331
v 0.55205240715 0.48050802197 0.024696208741
v 0.948487476203 -0.0344331348852 0.118592554432
v 0.948876520673 0.0346277609392 0.118592554432
v 0.99342193945 0.0346277609392 0.276968884631
v 0.929813341645 -0.103688518338 0.0987850230388
v 0.943040853623 -0.0344331348852 0.108646635237
v 0.935454521066 -0.0344331348852 0.0987850230388
v 0.919503697798 -0.103688518338 0.0888390444518
v 0.985446631635 0.103883144392 0.652975653897
v 0.976693165668 0.103883144392 0.66115154191
v 0.967356029176 0.0346277609392 0.667220249945
v 0.875736437172 0.0346277609392 0.702536744764
v 0.42250094472 0.0346277609392 0.861081639463
v 0.848892437958 0.0346277609392 0.712398386659
v -0.967356029176 0.0346277609392 0.667220249945
v -0.875930924801 0.0346277609392 0.702536744764
v -0.848892437958 -0.0344331348852 0.712398386659
v -0.42250094472 -0.0344331348852 0.861081639463
v -0.976887653296 0.103883144392 0.661235839008
v -0.964632717887 0.103883144392 0.666208803555
v -0.985835606893 0.103883144392 0.652975653897
v -0.988558918182 0.103883144392 0.276968884631
v -0.944791519132 0.103883144392 0.118592554432
v -0.948682033044 0.0346277609392 0.118592554432
v -0.948098431733 -0.0344331348852 0.118592554432
v -0.936621585263 -0.103688518338 0.108646635237
v -0.928257163765 -0.103688518338 0.0987850230388
v -0.698332643363 0.496654578695 0.0524268259419
v -0.694831243134 0.557155804053 0.0631313794224
v -0.685299688226 0.542760051262 0.0565569382946
v -0.707086109331 0.519415514323 0.0595912774637
v -0.898495434846 0.206209937873 0.0939806031942
v -0.899273454573 0.275854435009 0.104010829386
v -0.831190879969 0.416894233214 0.0935591572998
v -0.835470369139 0.425064789997 0.0987850230388
v -0.768749484786 0.495876420542 0.0789774322534
v -0.744628796862 0.530504146875 0.0789774322534
v -0.905498166092 0.0291807230838 0.0787245508586
v -0.928257163765 0.103883144392 0.0987850230388
v -0.913473612332 0.179169236225 0.0978578341522
v -0.941484744956 -0.0344331348852 0.108646635237
v -0.942262764683 0.0346277609392 0.108646635237
v -0.932147608465 0.0346277609392 0.0987850230388
v -0.672850334401 0.519415514323 0.0491396053779
v -0.626943225372 0.558712120359 0.0435766700318
v -0.242179421205 0.581278499145 0.0112102469794
v -0.311429129219 0.606373840019 0.0167731823255
v -0.515287808559 0.585363777537 0.0316920957632
v -0.489805430384 0.627189414872 0.033883562941
v -0.405772101725 0.616878871259 0.025286278527
v -0.449733988404 0.641585167663 0.0321135416576
v -0.359670505067 0.631080136422 0.0234319403485
v -0.410829679834 0.689635931793 0.0348107518276
v 0.315125017077 0.518248242488 0.00724869912632
v 0.242179421205 0.581083942304 0.0112102469794
v 0.311429129219 0.571357069216 0.0126431392635
v -0.582592294223 0.582640258609 0.0402051325727
v -0.535907096254 0.60656839686 0.0368336545057
v 0.765053596928 0.00350171168662 0.0337993054378
v 0.829829258931 -0.00252892748004 0.0444195519219
v 0.810766149116 -0.0289860278171 0.03995231057
v 0.846752658767 -0.0289860278171 0.0483810304843
v 0.899662499043 0.0692554180593 0.0740044380106
v 0.901607721392 0.0346277609392 0.0729929916209
v 0.906665368715 -0.105633879113 0.0784716793625
v 0.902969411644 -0.0344331348852 0.0719815452311
v 0.912889941808 -0.0344331348852 0.0789774322534
v 0.924950320377 -0.0344331348852 0.0888390444518
v 0.354612926958 0.559490278511 0.0139917146525
v 0.378928171723 0.519610071164 0.0116316829751
v 0.400909080457 0.543149095732 0.0158460429323
v 0.456347744393 0.524862552178 0.0189647088953
v 0.483386231236 0.552681481192 0.0246119611365
v 0.505756184439 0.506576008624 0.0220833055676
v 0.574616847982 0.51902640064 0.0314392242671
v 0.609241736595 0.51902640064 0.0364964661144
v 0.560805873118 0.560852037975 0.0336307409382
v 0.943429828881 0.0346277609392 0.108646635237
v 0.939734010235 0.103883144392 0.108646635237
v 0.944207987033 0.103883144392 0.118592554432
v 0.988169873712 0.103883144392 0.276968884631
v 0.936038053164 0.0346277609392 0.0987850230388
v 0.976303982772 0.172944040217 0.652975653897
v 0.969106763897 0.208544412331 0.658032915542
v 0.972024562816 0.172944040217 0.659297223529
v 0.964438230258 0.103883144392 0.666124516356
v 0.869706213282 0.103883144392 0.702536744764
v 0.831190879969 0.0752861264387 0.717624193006
v 0.417248878982 0.0776206008964 0.861081639463
v -0.849086925587 0.0346277609392 0.712398386659
v -0.870095257752 0.103883144392 0.702536744764
v -0.422695501561 0.0346277609392 0.861081639463
v -0.972413676498 0.172944040217 0.65938150083
v -0.95996425346 0.172944040217 0.664354485174
v -0.969495739155 0.209711614953 0.658201480042
v -0.976887653296 0.172944040217 0.652975653897
v -0.972413676498 0.221383848817 0.283206157165
v -0.972413676498 0.221383848817 0.278570341414
v -0.936038053164 0.172944040217 0.118592554432
v -0.939150408924 0.103883144392 0.108646635237
v -0.628499334039 0.628745731177 0.0621199330327
v -0.656899511133 0.588087365677 0.0593384059676
v -0.638030958159 0.571746182898 0.0493082292696
v -0.700861397812 0.564742759525 0.0690315130585
v -0.671099599679 0.599370485858 0.0690315130585
v -0.906081698191 0.229748962441 0.100639301825
v -0.911333833141 0.248619176519 0.107803753347
v -0.903163899272 0.286748510719 0.110585280412
v -0.891881678856 0.310482092129 0.107803753347
v -0.866204813052 0.380710190576 0.108646635237
v -0.841111479347 0.435180707555 0.108646635237
v -0.817574392734 0.45969251633 0.0987850230388
v -0.776335817344 0.506965122307 0.0888390444518
v -0.752409686261 0.54159284864 0.0888390444518
v -0.710003977462 0.57583146129 0.0789774322534
v -0.930007898486 0.172944040217 0.108646635237
v -0.606518425306 0.606373840019 0.0493082292696
v -0.558860650768 0.627773016183 0.0434923531367
v -0.242179421205 0.615906156266 0.0158460429323
v 0.242179421205 0.615711668637 0.0157617359358
v -0.311429129219 0.641585167663 0.0217461765683
v -0.364728083177 0.701502722497 0.0331249880474
v -0.51023023045 0.650533882598 0.040542320964
v -0.484553364646 0.692164963092 0.0443352350268
v -0.449733988404 0.676212893996 0.0371707835049
v -0.449733988404 0.703253595644 0.0421437777477
v -0.353445793548 0.765116511254 0.0435766700318
v 0.311429129219 0.605984726336 0.0168574992207
v 0.637641913689 0.51902640064 0.0413851434621
v 0.695025799975 0.491791142151 0.053269707832
v 0.829245726832 0.410668967993 0.0944863560851
v 0.899662499043 0.207766254178 0.0938120386946
v 0.918142076759 0.172944040217 0.0987850230388
v 0.931175031896 0.103883144392 0.0987850230388
v 0.911528389983 0.0346277609392 0.0789774322534
v 0.925339364847 0.0346277609392 0.0888390444518
v 0.359281460597 0.630691022739 0.0235161978517
v 0.380095305133 0.588087365677 0.0196389668937
v 0.405383057255 0.616684314418 0.025286278527
v 0.449733988404 0.641001566351 0.0321135416576
v 0.489610942755 0.62699485803 0.033883562941
v 0.515287808559 0.58575289122 0.0316920957632
v 0.627721314312 0.559879392194 0.043323788637
v 0.535712608625 0.607151998171 0.0368336545057
v 0.583175826321 0.583418416762 0.0401208750696
v 0.929813341645 0.172944040217 0.108646635237
v 0.935260033437 0.172944040217 0.118592554432
v 0.972219119657 0.220216646194 0.27890750011
v 0.972219119657 0.220216646194 0.283121879864
v 0.969884783625 0.2114624881 0.647749827753
v 0.969884783625 0.211073374417 0.652975653897
v 0.95957520899 0.172944040217 0.664185900877
v 0.96035329793 0.24570110075 0.652975653897
v 0.939928497864 0.311454807123 0.652975653897
v 0.899662499043 0.415143360067 0.657695756847
v 0.926506567469 0.311454807123 0.66292159289
v 0.951794319591 0.23577967082 0.6619944238
v 0.833136102319 0.216909525955 0.708352561505
v 0.858229436025 0.172944040217 0.702536744764
v 0.8379991928 0.172944040217 0.710038335184
v 0.828273081051 0.121391529794 0.716612746616
v 0.841500593029 0.100576024153 0.712904109854
v 0.408495413014 0.112248258017 0.861081639463
v -0.831385436811 0.07586972775 0.717624193006
v -0.422695501561 0.0352113622504 0.861081639463
v -0.841695080658 0.100965068623 0.712988397053
v -0.838193680428 0.172944040217 0.710122612485
v -0.859007524964 0.172944040217 0.702536744764
v -0.952377851689 0.236557828973 0.662078711
v -0.927673631667 0.311454807123 0.66292159289
v -0.900246100354 0.41631056269 0.658117192842
v -0.941095631274 0.311454807123 0.652975653897
v -0.960742273187 0.247451904684 0.652975653897
v -0.970273897307 0.212824247563 0.652975653897
v -0.83333065916 0.218271285419 0.7084368784
v -0.943624454935 0.311454807123 0.276968884631
v -0.905692653721 0.294530023032 0.118592554432
v -0.921254432519 0.24219942367 0.118592554432
v -0.636474780279 0.63691628796 0.0690315130585
v -0.599710181688 0.67154394508 0.0690315130585
v -0.557304472888 0.695083038861 0.0629627555308
v -0.588038916802 0.657537236759 0.0592541484645
v -0.618773291503 0.618824301247 0.0555454820062
v -0.680825711428 0.610459187623 0.0789774322534
v -0.893632413577 0.329157749365 0.118592554432
v -0.872429524571 0.380710190576 0.118592554432
v -0.843834859849 0.44023870094 0.118592554432
v -0.824966237663 0.474866427273 0.118592554432
v -0.822048369532 0.469808433888 0.108646635237
v -0.778864641005 0.523111748244 0.0995435979324
v -0.757856308841 0.54898524727 0.0966778133642
v -0.71292177638 0.592172574856 0.0896819263419
v -0.687633955046 0.618046143095 0.0869004586689
v -0.571893605905 0.639445250046 0.0493082292696
v -0.531044074986 0.674072907166 0.0493082292696
v -0.311429129219 0.710062392963 0.0316920957632
v -0.311429129219 0.744690119296 0.0375079718962
v 0.242179421205 0.645475889213 0.0207347301786
v 0.311429129219 0.708895190341 0.0317764126584
v 0.311429129219 0.641390610821 0.0217461765683
v -0.496419186373 0.700919190399 0.0493082292696
v -0.445454499234 0.735546847519 0.0497296157719
v -0.399547390206 0.752860676079 0.0467795737006
v -0.311429129219 0.77036906148 0.0424809067469
v -0.378150013571 0.773092580408 0.0497296157719
v -0.313763396038 0.821337901379 0.059169841468
v -0.311429129219 0.794880801042 0.0493082292696
v 0.363366392925 0.700141032246 0.0332093049425
v 0.671683200991 0.516497438554 0.0497296157719
v 0.684716156128 0.537896614718 0.0570626317934
v 0.702028600434 0.516497438554 0.0598441588585
v 0.766026173497 0.491791142151 0.0814217709272
v 0.83527588151 0.424481188685 0.101145054716
v 0.899078966944 0.275076276856 0.104179403784
v 0.904525589523 0.223718323274 0.0987850230388
v 0.910944857884 0.248035505995 0.107972317847
v 0.409467989583 0.689052330481 0.0349793262258
v 0.456542301234 0.678741856082 0.0386879827855
v 0.483969832547 0.69197040625 0.0444195519219
v 0.515287808559 0.641974281345 0.0398680035735
v 0.559249695238 0.627967573024 0.0434080956335
v 0.606712982147 0.607151998171 0.0493082292696
v 0.638420002629 0.57271882868 0.0493082292696
v 0.920087299109 0.24219942367 0.118592554432
v 0.942457321525 0.311454807123 0.276968884631
v 0.905303678463 0.292779149886 0.118592554432
v 0.911528389983 0.387518987895 0.653818535788
v 0.902969411644 0.421757600545 0.283037582766
v 0.900440657195 0.416894233214 0.651037038418
v 0.885462479709 0.443934934862 0.653818535788
v 0.847336190866 0.512412160162 0.652975653897
v 0.840138902778 0.500350881829 0.66292159289
v 0.867760990932 0.449965574029 0.66292159289
v 0.892659698584 0.39899673413 0.66292159289
v 0.907054343972 0.364369007797 0.66292159289
v 0.900246100354 0.347444223707 0.668063131835
v 0.83527588151 0.28986114333 0.6994180887
v 0.826522415543 0.26301492931 0.705992539727
v 0.815240125914 0.240837664206 0.711976950663
v 0.386125459811 0.171971325223 0.861081639463
v 0.770111175038 0.299198902735 0.720152848575
v -0.417443435823 0.0791768479889 0.861081639463
v -0.828273081051 0.122169687946 0.716612746616
v -0.823799104253 0.172944040217 0.715095577031
v -0.842473169598 0.241615822358 0.702705309264
v -0.826911460013 0.264376688774 0.706161104226
v -0.900635144824 0.348611495542 0.668231696334
v -0.906470811873 0.37526315272 0.662078711
v -0.835859482821 0.291028345952 0.699586682896
v -0.848503324276 0.514163033309 0.652975653897
v -0.883128212889 0.452689092956 0.652975653897
v -0.901024189294 0.418061435836 0.652975653897
v -0.916002366781 0.380710190576 0.652975653897
v -0.891103659129 0.394911455738 0.664775911271
v -0.784505751213 0.386740829742 0.703295319658
v -0.760385063289 0.413781600603 0.707172550616
v -0.87534732349 0.443545821179 0.662078711
v -0.841306036188 0.502101685763 0.66292159289
v -0.903552943742 0.42292487238 0.283206157165
v -0.409273501954 0.11322097301 0.861081639463
v -0.903552943742 0.42292487238 0.278654638512
v -0.646200892028 0.646837648677 0.0789774322534
v -0.610992402104 0.681270818168 0.0789774322534
v -0.565085362287 0.701697279339 0.0690315130585
v -0.521512520078 0.712591424262 0.0595069704672
v -0.546411296942 0.686328811554 0.056388373795
v -0.514509650406 0.739243081441 0.0692843251625
v -0.478523209968 0.757724112623 0.0660814115951
v -0.79637157294 0.51902640064 0.118592554432
v -0.831579993652 0.55540500012 0.281014680088
v -0.789952373793 0.51902640064 0.108646635237
v -0.761746684327 0.554237797497 0.103252264391
v -0.692496976314 0.623493111737 0.0934748997967
v -0.734708197485 0.581667612828 0.0995435979324
v -0.624025357241 0.693332165714 0.093053463801
v 0.254823331872 0.769590903328 0.0426494712466
v 0.311429129219 0.769396346487 0.0426494712466
v 0.311429129219 0.743522847461 0.0377607938989
v -0.465879299301 0.74994260031 0.059169841468
v -0.41938858896 0.763754821003 0.0533540247271
v 0.311429129219 0.793908155261 0.0493082292696
v -0.380484280391 0.796631674189 0.059169841468
v -0.338467616061 0.828535881594 0.0655757180963
v -0.292366019404 0.834371963919 0.0624570620319
v 0.242179421205 0.835928280225 0.0620356161375
v 0.242179421205 0.82055981244 0.0570626317934
v 0.3509170391 0.763754821003 0.0438294821359
v 0.380289792762 0.726209018901 0.0393622506826
v 0.693275134467 0.555599487748 0.0636370729213
v 0.74793564025 0.534978538949 0.0888390444518
v 0.771861840546 0.500350881829 0.0888390444518
v 0.816796303794 0.448409257723 0.0981949631514
v 0.697749111265 0.561630196128 0.0690315130585
v 0.820492260865 0.46708491496 0.108646635237
v 0.839749858308 0.432457188627 0.108646635237
v 0.864065033861 0.380710190576 0.108646635237
v 0.891103659129 0.309703933976 0.107972317847
v 0.902774924015 0.285581308097 0.110753844912
v 0.437868235889 0.706171671413 0.0415537673537
v 0.397213192598 0.752277074768 0.0469481382002
v 0.451290166284 0.727765335206 0.0489710408783
v 0.499920586602 0.703253595644 0.0509939336577
v 0.521512520078 0.677574653459 0.0482967828799
v 0.572088093534 0.639639806888 0.0493082292696
v 0.618773291503 0.619018788876 0.0556297989013
v 0.656315979034 0.587309207525 0.0595912774637
v 0.902969411644 0.421757600545 0.279160361707
v 0.893048743054 0.327406876219 0.118592554432
v 0.830801904712 0.554237797497 0.282026126478
v 0.826133371073 0.547039886495 0.652975653897
v 0.818157994045 0.534783982108 0.66292159289
v 0.832358013379 0.487511306918 0.668400280631
v 0.759801461978 0.412614328768 0.707003986116
v 0.783533105432 0.385962740802 0.703211032459
v 0.826522415543 0.335966546685 0.696130897832
v 0.817963437204 0.312427522116 0.702621031964
v 0.783922149902 0.317874559972 0.713325555748
v 0.385736415341 0.172944040217 0.861081639463
v 0.760968595387 0.345304375303 0.717287064007
v -0.79111943799 0.311454807123 0.712398386659
v -0.818741526144 0.313011123428 0.702705309264
v -0.409079014326 0.113804574322 0.861081639463
v -0.827105947641 0.337328306148 0.696299462332
v -0.827300504482 0.548790690429 0.652975653897
v -0.831579993652 0.55540500012 0.282278997974
v -0.769333016885 0.362618203863 0.712398386659
v -0.700666910183 0.429150068388 0.722260028553
v -0.717201196337 0.453856364791 0.712819832553
v -0.748908286032 0.452105491645 0.703295319658
v -0.833136102319 0.488678578753 0.668653142229
v -0.761552196699 0.346666065554 0.717455628506
v -0.38709803638 0.173916685998 0.861081639463
v -0.358892416127 0.227609044824 0.861081639463
v -0.819325127455 0.536729412096 0.66292159289
v -0.618189759404 0.688079615488 0.0864790127745
v -0.576367582703 0.711035107957 0.0789774322534
v -0.530849518144 0.74566283429 0.0789774322534
v -0.488249321716 0.763754821003 0.0726558626216
v -0.453235388633 0.777761460111 0.0692843251625
v -0.4312544799 0.770563618322 0.059169841468
v -0.767193306907 0.561630196128 0.118592554432
v -0.768944041628 0.632247339044 0.276968884631
v -0.763691906677 0.556961316425 0.108646635237
v -0.695998376544 0.6273839025 0.0987850230388
v -0.735875330895 0.591588973545 0.108646635237
v -0.701250511494 0.633220054038 0.108646635237
v -0.662735178182 0.662011628833 0.0987850230388
v -0.549718140331 0.758696758404 0.0959192483692
v -0.592318336759 0.714342228196 0.0894290548458
v -0.628110358781 0.697028399636 0.0987850230388
v -0.582397737381 0.735935891989 0.0990378450415
v 0.293144108344 0.835539166542 0.0621199330327
v 0.314346928137 0.821337901379 0.0589169600732
v -0.376982949374 0.816669021677 0.0689471961633
v -0.351500571198 0.833010204456 0.0721501097307
v -0.275053575097 0.899153024511 0.10443227528
v -0.226423154779 0.90518373289 0.0987850230388
v -0.237510887566 0.888842411686 0.0894290548458
v -0.211250489663 0.900709340816 0.093053463801
v -0.313763396038 0.839624444933 0.0689471961633
v 0.242179421205 0.854603868248 0.0690315130585
v -0.172929713192 0.917244942011 0.0987850230388
v -0.103680005179 0.924831966695 0.0987850230388
v 0.172929713192 0.907323581294 0.0900191147332
v 0.376593835691 0.771730820944 0.0498982396636
v 0.628110358781 0.628162060653 0.0622041905358
v 0.66993246627 0.596257853248 0.0690315130585
v 0.678685932237 0.606762884489 0.0789774322534
v 0.705918975921 0.572135227368 0.0789774322534
v 0.755521972808 0.545678127031 0.0987850230388
v 0.779642660732 0.511050400698 0.0987850230388
v 0.76019057566 0.552097810668 0.105106533278
v 0.781976996765 0.52505710902 0.108478070738
v 0.793648261651 0.51902640064 0.118592554432
v 0.823799104253 0.473115554127 0.118592554432
v 0.843056701696 0.438487827794 0.118592554432
v 0.87106783432 0.380710190576 0.118592554432
v 0.418610569233 0.763171219691 0.0536068368312
v 0.464712165891 0.749553486627 0.059169841468
v 0.521512520078 0.712007753738 0.0595069704672
v 0.546216740101 0.686328811554 0.0564726213994
v 0.587844359961 0.657342679918 0.0593384059676
v 0.830801904712 0.554237797497 0.281604700381
v 0.767776908218 0.630691022739 0.283711880359
v 0.765831685868 0.628551105123 0.652975653897
v 0.796177016099 0.588281853306 0.652975653897
v 0.763886463518 0.626022143036 0.658791500334
v 0.780615306514 0.589449055928 0.662415869695
v 0.771278239235 0.567077233983 0.670844619305
v 0.699499776773 0.49470921792 0.70961688929
v 0.755716529649 0.475450028584 0.695709451938
v 0.74754659578 0.451327402705 0.703211032459
v 0.771278239235 0.366314437785 0.71062833568
v 0.715839575298 0.45327276348 0.712735515658
v 0.702806620161 0.432262700999 0.720489977574
v 0.357919770346 0.225858240891 0.861081639463
v -0.38748708085 0.172944040217 0.861081639463
v -0.764859040087 0.627189414872 0.659128639232
v -0.79870583976 0.588281853306 0.652975653897
v -0.767193306907 0.630301978269 0.652975653897
v -0.688801088456 0.479729863817 0.716444182116
v -0.700277865713 0.495876420542 0.709869770685
v -0.756494618589 0.476617231207 0.695962303637
v -0.334771728203 0.262236771157 0.861081639463
v -0.772056328175 0.568244505818 0.671097480903
v -0.782171484393 0.59003265724 0.662584434194
v -0.542326295402 0.753638834232 0.0888390444518
v -0.496224698744 0.768618188334 0.0789774322534
v -0.449733988404 0.794686313414 0.0789774322534
v -0.739571218753 0.596063365619 0.118592554432
v -0.738404085343 0.666875065377 0.276968884631
v -0.704946399353 0.63730533243 0.118592554432
v -0.668570845231 0.667847780371 0.108646635237
v -0.672461289931 0.671933058763 0.118592554432
v -0.507701406789 0.775621611707 0.0888390444518
v -0.555359250539 0.762782106009 0.102493630105
v -0.523652230057 0.778734175105 0.0990378450415
v -0.633945956618 0.702475437491 0.108646635237
v -0.59368002701 0.737103094611 0.108646635237
v 0.242179421205 0.877753709921 0.0789774322534
v 0.314346928137 0.842153476233 0.0688628891668
v 0.339245705001 0.82834125554 0.0654070942046
v 0.380484280391 0.795464471566 0.059169841468
v -0.396046059189 0.821921571903 0.0789774322534
v -0.361421170576 0.837289970476 0.0789774322534
v -0.311429129219 0.879310026226 0.0987850230388
v -0.307538684519 0.89020417115 0.108140941738
v -0.281861818715 0.901487360543 0.111006666915
v -0.248015088255 0.909852612593 0.108140941738
v -0.172929713192 0.9289173143 0.108646635237
v -0.103680005179 0.939422276328 0.108646635237
v -0.0344302971653 0.944480200501 0.108646635237
v 0.103680005179 0.927555554836 0.0987850230388
v 0.172929713192 0.921330289615 0.0987850230388
v 0.220198512472 0.903238164477 0.091114818626
v 0.556915428418 0.694888482019 0.0630470724259
v 0.599126649589 0.670571230086 0.0690315130585
v 0.635307646869 0.636138129807 0.0690315130585
v 0.644061112837 0.645670446054 0.0789774322534
v 0.686272264795 0.616100713107 0.0888390444518
v 0.713505308479 0.581667612828 0.0888390444518
v 0.695414844445 0.626605744348 0.101397926212
v 0.738598642184 0.582640258609 0.108478070738
v 0.738015040873 0.594118004844 0.118592554432
v 0.765637129027 0.559490278511 0.118592554432
v 0.430281834119 0.769980017011 0.059169841468
v 0.477939608656 0.757335068153 0.0661657284903
v 0.767582351377 0.630496535111 0.276968884631
v 0.739960263223 0.596452479302 0.128454226023
v 0.736847907463 0.665124192231 0.276968884631
v 0.735097241955 0.662984274614 0.652975653897
v 0.700472353342 0.700530076716 0.652975653897
v 0.697165509953 0.697222887265 0.659465797927
v 0.725176642577 0.655786363612 0.662415869695
v 0.75338226283 0.613182706551 0.665365931564
v 0.692886020784 0.554626841967 0.697816631916
v 0.681992844838 0.540814690487 0.704391053247
v 0.670126953898 0.518248242488 0.712735515658
v 0.333215550323 0.260485967224 0.861081639463
v 0.688022999516 0.478562591982 0.71619131062
v 0.357530725876 0.226441842202 0.861081639463
v -0.736653419835 0.664929635389 0.652975653897
v -0.754354839398 0.61434983996 0.665703070461
v -0.726343775987 0.656953635448 0.662753008593
v -0.698332643363 0.6983901591 0.659802946724
v -0.671877688619 0.51902640064 0.712819832553
v -0.682965421407 0.54198189311 0.704643924743
v -0.709031331681 0.51902640064 0.701862427374
v -0.300146908803 0.299977060888 0.861081639463
v -0.624608958552 0.555599487748 0.717792787201
v -0.693858666565 0.555794113802 0.698069513311
v -0.443314789256 0.812194698815 0.0896819263419
v -0.407328279605 0.826979565289 0.0869847062733
v -0.703973753571 0.703837196955 0.276968884631
v -0.637836401318 0.705977114572 0.118592554432
v -0.456736788863 0.816669021677 0.0987850230388
v -0.559055138397 0.765505624936 0.108646635237
v -0.518983696417 0.79099001028 0.108646635237
v -0.46665738824 0.821532458221 0.108646635237
v -0.597764959338 0.740604840904 0.118592554432
v 0.242763022517 0.893122316132 0.0882490340578
v 0.311429129219 0.85907819111 0.0789774322534
v 0.352667704608 0.833593805767 0.0720658522276
v 0.377566481472 0.816474464835 0.0688628891668
v -0.38281854721 0.840791647556 0.0896819263419
v -0.380484280391 0.852269393791 0.0987850230388
v -0.380484280391 0.861412665568 0.108646635237
v -0.323489438574 0.891565999826 0.118592554432
v -0.288864619174 0.904210948684 0.118592554432
v -0.242179421205 0.918217726217 0.118592554432
v -0.172929713192 0.934753327412 0.118592554432
v -0.103680005179 0.945647472336 0.118592554432
v -0.0344302971653 0.951483693086 0.118592554432
v 0.0344302971653 0.944674688129 0.108646635237
v 0.103680005179 0.940200503693 0.108646635237
v 0.172929713192 0.930278935338 0.108646635237
v 0.242763022517 0.906350797087 0.0995435979324
v 0.26630010913 0.896818411628 0.0966778133642
v 0.514120675149 0.738659410917 0.0693686420577
v 0.564501760976 0.701308165656 0.0690315130585
v 0.610019825535 0.680298172387 0.0789774322534
v 0.617411601251 0.687106969706 0.0869004586689
v 0.623247337513 0.692554007562 0.0935591572998
v 0.646200892028 0.661427958309 0.0896819263419
v 0.626943225372 0.696055684642 0.0987850230388
v 0.667403711821 0.665513305913 0.108646635237
v 0.699110732303 0.630885579581 0.108646635237
v 0.66682011051 0.652868357056 0.098363587043
v 0.703390221473 0.635749016125 0.118592554432
v 0.452846344163 0.777566972482 0.0693686420577
v 0.487860208034 0.763560264161 0.0728244271212
v 0.702223088063 0.702475437491 0.276968884631
v 0.671488713362 0.670376742458 0.118592554432
v 0.66331871028 0.735157733836 0.652975653897
v 0.626165136432 0.764143865472 0.658875777635
v 0.665264001843 0.737103094611 0.276968884631
v 0.655926934564 0.725430860748 0.662500146995
v 0.685688732696 0.685745210243 0.666040219258
v 0.705724488292 0.637888933741 0.672783234784
v 0.683938067188 0.613766307862 0.685342086849
v 0.654176269056 0.584391062543 0.701440991378
v 0.633167936891 0.565131873208 0.712398386659
v 0.623636312771 0.554626841967 0.717539915705
v 0.299174263021 0.298420813795 0.861081639463
v -0.702028600434 0.702086323809 0.652975653897
v -0.655148845624 0.585558334378 0.701778150073
v -0.684910643756 0.614933510484 0.685594938547
v -0.686661378477 0.686717925236 0.666377377953
v -0.656899511133 0.726209018901 0.662753008593
v -0.626943225372 0.764727535996 0.659044361932
v -0.66448584369 0.736714050142 0.652975653897
v -0.634529557929 0.566882677142 0.712398386659
v -0.261437087862 0.334604787221 0.861081639463
v -0.55555380738 0.624660383573 0.717792787201
v -0.601266359568 0.601315915846 0.712398386659
v -0.615271891273 0.615322554954 0.705402499637
v -0.415692701102 0.830870286839 0.0935591572998
v -0.666625622881 0.738464923288 0.276968884631
v -0.632000803481 0.768812814388 0.276968884631
v -0.42211190025 0.833788362608 0.0987850230388
v -0.563140139938 0.768618188334 0.118592554432
v -0.518983696417 0.79760431997 0.118592554432
v -0.473465631858 0.825034135301 0.118592554432
v -0.432032499627 0.838457242311 0.108646635237
v 0.311429129219 0.87211225365 0.0888390444518
v 0.363560880554 0.838651799152 0.0789774322534
v 0.398185769167 0.822310616373 0.0789774322534
v -0.380484280391 0.868221601312 0.118592554432
v -0.421917412621 0.903043676848 0.279076064609
v -0.311429129219 0.942729396567 0.276968884631
v -0.220198512472 0.972299198727 0.278823203012
v -0.103680005179 0.988251267823 0.276968884631
v 0.0344302971653 0.951483693086 0.118592554432
v -0.0344302971653 0.993503748837 0.276968884631
v 0.0344302971653 0.993698236466 0.276968884631
v 0.103680005179 0.945647472336 0.118592554432
v 0.242179421205 0.913743264931 0.108646635237
v 0.172929713192 0.935142371882 0.118592554432
v 0.242179421205 0.918995745945 0.118592554432
v 0.277971374015 0.900125739505 0.103336511995
v 0.305204417699 0.886313518812 0.0995435979324
v 0.530460473674 0.745079163766 0.0789774322534
v 0.575395006135 0.710451437433 0.0789774322534
v 0.591929292289 0.713564070043 0.0896819263419
v 0.582203249753 0.734963246208 0.0992064095411
v 0.55516476291 0.762393061539 0.1027465115
v 0.593096425699 0.736324936459 0.108646635237
v 0.632778823208 0.701697279339 0.108646635237
v 0.449733988404 0.794880801042 0.0789774322534
v 0.495835585061 0.768423700705 0.0789774322534
v 0.636863824749 0.70539351326 0.118592554432
v 0.62869389088 0.766089226248 0.652975653897
v 0.630833670071 0.768034656235 0.283796177457
v 0.58823340443 0.797020718659 0.652975653897
v 0.547772917981 0.826785008448 0.652975653897
v 0.535907096254 0.818808939293 0.66292159289
v 0.58940053784 0.781263206404 0.662415869695
v 0.567225072266 0.771730820944 0.670928896606
v 0.613326738136 0.75344427739 0.665450208864
v 0.63063911323 0.767840030181 0.276968884631
v 0.613910270235 0.683994337096 0.685342086849
v 0.614299314705 0.61434983996 0.705065370637
v 0.599710181688 0.599759599541 0.712398386659
v 0.298007129612 0.299588016418 0.861081639463
v -0.627332200629 0.6273839025 0.698828078306
v -0.614882846803 0.68496705209 0.685594938547
v -0.613910270235 0.754222435543 0.665618793161
v -0.547772917981 0.826979565289 0.652975653897
v -0.58823340443 0.797993433653 0.652975653897
v -0.62986102429 0.767061941242 0.652975653897
v -0.58978958231 0.781846738503 0.662584434194
v -0.535518051784 0.819003496134 0.66292159289
v -0.226812199249 0.35833836863 0.861081639463
v -0.479106742066 0.688663286012 0.716359904816
v -0.495446609804 0.699946475405 0.709785453789
v -0.518789139576 0.671738501921 0.712819832553
v -0.541548206462 0.682827134473 0.704643924743
v -0.566641470955 0.634581813502 0.712398386659
v -0.554775649227 0.831259331309 0.282110423576
v -0.554775649227 0.831259331309 0.281267541686
v -0.438840743245 0.841958919391 0.118592554432
v 0.380484280391 0.854798355877 0.0987850230388
v 0.383791192991 0.842931634385 0.0893447973427
v 0.409079014326 0.827563097387 0.0863104482749
v -0.421917412621 0.903043676848 0.283037582766
v -0.311429129219 0.940200503693 0.652975653897
v -0.220198512472 0.972299198727 0.283121879864
v -0.172929713192 0.976384338693 0.652975653897
v -0.103680005179 0.985527679683 0.652975653897
v -0.0344302971653 0.990974648325 0.652975653897
v 0.103680005179 0.988445755452 0.276968884631
v 0.0344302971653 0.990974648325 0.652975653897
v 0.221171089041 0.972493686355 0.278654638512
v 0.282639907655 0.901876612651 0.108646635237
v 0.290615284683 0.904599993154 0.118592554432
v 0.317264796268 0.889231663794 0.108646635237
v 0.380484280391 0.863552583184 0.108646635237
v 0.54174269409 0.75305523292 0.0888390444518
v 0.549329095861 0.758307713934 0.0961720604733
v 0.523457742428 0.778539618264 0.0992064095411
v 0.518983696417 0.79060096581 0.108646635237
v 0.558471606298 0.764922023625 0.108646635237
v 0.597181427239 0.740021239593 0.118592554432
v 0.444092878196 0.812583743285 0.0893447973427
v 0.507312431531 0.775621611707 0.0888390444518
v 0.554581161599 0.831259331309 0.282110423576
v 0.554581161599 0.831259331309 0.281351838783
v 0.513148029368 0.848184115399 0.652975653897
v 0.501282207641 0.84098627361 0.66292159289
v 0.488249321716 0.833010204456 0.66856885503
v 0.475994386307 0.756167796318 0.695793739137
v 0.494863077706 0.699946475405 0.70970116659
v 0.541159161992 0.682243533162 0.704475360243
v 0.562556538626 0.768229143864 0.118592554432
v 0.58453744736 0.65423011652 0.701440991378
v 0.565085362287 0.633414541667 0.712398386659
v 0.554581161599 0.623687737791 0.717539915705
v 0.261048043392 0.333632072227 0.861081639463
v -0.55555380738 0.693721210184 0.697985196416
v -0.567808604364 0.771925377786 0.670928896606
v -0.500893163171 0.840597159927 0.66292159289
v -0.415303656632 0.899736556609 0.657948618444
v -0.513342586209 0.847795070929 0.652975653897
v -0.487860208034 0.832621090773 0.668484557932
v -0.475799898678 0.756167796318 0.695793739137
v -0.172929713192 0.386351785272 0.861081639463
v -0.412774902184 0.760058587081 0.707003986116
v -0.453429945475 0.716482145812 0.712819832553
v -0.451484723125 0.748386353218 0.703211032459
v -0.451095678655 0.882422658837 0.652975653897
v 0.423862634971 0.834955565231 0.0987850230388
v 0.417248878982 0.831648375779 0.0929691469058
v -0.416859834512 0.900709340816 0.647834114952
v -0.380484280391 0.914716049137 0.652975653897
v -0.208527178373 0.969186566116 0.658032915542
v -0.245875378276 0.960432269597 0.652975653897
v -0.211639534133 0.969964655056 0.647749827753
v -0.211250489663 0.969964655056 0.652975653897
v -0.172929713192 0.972104641886 0.659297223529
v -0.103680005179 0.97696807843 0.66115154191
v -0.0344302971653 0.979691458932 0.662247285398
v 0.0344302971653 0.979691458932 0.662331572597
v 0.221171089041 0.972493686355 0.283206157165
v 0.103680005179 0.985722167311 0.652975653897
v 0.172929713192 0.97696807843 0.652975653897
v 0.103680005179 0.97696807843 0.661235839008
v 0.311429129219 0.943507623932 0.276968884631
v 0.325240173296 0.892149739563 0.118592554432
v 0.380484280391 0.869583222351 0.118592554432
v 0.43281065778 0.839429957305 0.108646635237
v 0.458487454371 0.816669021677 0.0987850230388
v 0.46743547718 0.821532458221 0.108646635237
v 0.4736601887 0.82483957846 0.118592554432
v 0.518983696417 0.797020718659 0.118592554432
v 0.422695501561 0.903432928956 0.283121879864
v 0.452262812065 0.882811910945 0.652975653897
v 0.422695501561 0.903432928956 0.278738925711
v 0.416081745572 0.900125739505 0.658117192842
v 0.443314789256 0.87522488626 0.6619944238
v 0.413358434282 0.760447631551 0.707088263417
v 0.451679210754 0.748386353218 0.703295319658
v 0.453429945475 0.716676702654 0.712735515658
v 0.478912254438 0.688274172329 0.716275617617
v 0.518400164319 0.670571230086 0.712735515658
v 0.22700675609 0.35833836863 0.861081639463
v -0.442925744786 0.874641354162 0.6619101465
v -0.393711792369 0.890593423258 0.664607346771
v -0.347610126499 0.900514783975 0.668063131835
v -0.374648682554 0.905767264989 0.6619101465
v -0.311429129219 0.926777258258 0.66292159289
v -0.416470790042 0.900320296346 0.652975653897
v -0.386125459811 0.78379216849 0.703211032459
v -0.366673236314 0.771341776474 0.710712622879
v -0.113406116927 0.408334562748 0.861081639463
v -0.29936875065 0.77036906148 0.720152848575
v -0.318042885208 0.78418121296 0.713325555748
v -0.34547041652 0.761225789703 0.717287064007
v -0.172929713192 0.95965424987 0.664185900877
v -0.235760222057 0.951872668344 0.6619944238
v -0.216891599871 0.833204692084 0.708352561505
v -0.172929713192 0.858494659011 0.702536744764
v -0.103680005179 0.964517686414 0.666124516356
v -0.0344302971653 0.967435762183 0.667220249945
v 0.0344302971653 0.967435762183 0.667220249945
v 0.103680005179 0.964712174042 0.666208803555
v 0.212612110702 0.970353837952 0.652975653897
v 0.247042442473 0.960821521705 0.652975653897
v 0.311429129219 0.941173080262 0.652975653897
v 0.172929713192 0.972493686355 0.65938150083
v 0.209305267313 0.969381053745 0.658201480042
v 0.439035369299 0.842542520702 0.118592554432
v 0.380484280391 0.915883113334 0.652975653897
v 0.417637923452 0.900903828445 0.652975653897
v 0.311429129219 0.927555554836 0.66292159289
v 0.375037657811 0.906545492354 0.6619944238
v 0.348388215439 0.900709340816 0.668147419034
v 0.394489881309 0.890982467728 0.664691624072
v 0.336911438181 0.826979565289 0.696299462332
v 0.38631994744 0.784570326643 0.703295319658
v 0.414914612162 0.69197040625 0.7272329931
v 0.43281065778 0.703253595644 0.720574264773
v 0.362199259516 0.769396346487 0.712398386659
v 0.346442993089 0.761614903386 0.717455628506
v 0.172929713192 0.387129943425 0.861081639463
v 0.225645065839 0.359311083624 0.861081639463
v -0.336133349241 0.826785008448 0.696130897832
v -0.312401705787 0.818030781141 0.702621031964
v -0.290031752584 0.835539166542 0.6994180887
v -0.26318775337 0.826590451606 0.705992539727
v -0.0778086517459 0.417283277684 0.861081639463
v -0.103680005179 0.869777709979 0.702536744764
v -0.240817730954 0.841958919391 0.702621031964
v -0.172929713192 0.838068128628 0.710038335184
v -0.0344302971653 0.876002905987 0.702536744764
v 0.0344302971653 0.876002905987 0.702536744764
v 0.172929713192 0.959848737498 0.664354485174
v 0.103680005179 0.869972405246 0.702536744764
v 0.236343754156 0.952261712814 0.662078711
v 0.172929713192 0.85907819111 0.702536744764
v 0.217864245652 0.833399248926 0.7084368784
v 0.264160399151 0.826979565289 0.706161104226
v 0.290809841524 0.835733723383 0.699502375899
v 0.312985307098 0.818808939293 0.702705309264
v 0.311429129219 0.79099001028 0.712398386659
v 0.171957136623 0.387518987895 0.861081639463
v -0.0344302971653 0.422730315539 0.861081639463
v -0.0752798972976 0.831259331309 0.717624193006
v -0.121381493955 0.82834125554 0.716612746616
v -0.10037316179 0.841569805709 0.712904109854
v -0.0344302971653 0.848962273552 0.712398386659
v 0.0344302971653 0.849156830393 0.712398386659
v 0.0758634293961 0.83145388815 0.717624193006
v 0.10076220626 0.841764431763 0.712988397053
v 0.172929713192 0.83826268547 0.710122612485
v 0.0793648296257 0.417477834525 0.861081639463
v 0.113600604556 0.4091127209 0.861081639463
v 0.0334577205968 0.42292487238 0.861081639463
v 0.0344302971653 0.42292487238 0.861081639463
v 0.0781976962158 0.417672391366 0.861081639463
v 0.121965026054 0.82834125554 0.716612746616
f 1 2 3
f 1 3 4
f 1 4 5
f 1 5 15
f 1 15 6
f 1 6 7
f 1 7 2
f 2 8 3
f 2 7 8
f 3 9 10
f 3 10 11
f 3 11 4
f 3 8 9
f 4 11 28
f 4 28 12
f 4 12 5
f 5 12 13
f 5 13 14
f 5 14 15
f 6 15 16
f 6 16 17
f 6 17 18
f 6 18 7
f 7 18 19
f 7 19 20
f 7 20 8
f 8 21 22
f 8 22 9
f 8 20 23
f 8 23 21
f 9 24 25
f 9 25 10
f 9 22 24
f 10 25 49
f 10 49 26
f 10 26 27
f 10 27 11
f 11 27 28
f 12 28 29
f 12 29 13
f 13 30 31
f 13 31 14
f 13 29 30
f 14 32 33
f 14 33 15
f 14 31 32
f 15 33 34
f 15 34 16
f 16 34 35
f 16 35 36
f 16 36 17
f 17 36 37
f 17 37 18
f 18 37 19
f 19 37 38
f 19 38 39
f 19 39 20
f 20 39 40
f 20 40 23
f 21 41 22
f 21 23 42
f 21 42 43
f 21 43 44
f 21 44 41
f 22 41 45
f 22 45 46
f 22 46 24
f 23 40 47
f 23 47 42
f 24 46 48
f 24 48 25
f 25 48 49
f 26 49 86
f 26 86 50
f 26 50 52
f 26 52 27
f 27 51 28
f 27 52 89
f 27 89 51
f 28 53 29
f 28 51 54
f 28 54 53
f 29 53 55
f 29 55 30
f 30 55 31
f 31 55 56
f 31 56 57
f 31 57 58
f 31 58 59
f 31 59 32
f 32 59 33
f 33 60 34
f 33 59 58
f 33 58 61
f 33 61 62
f 33 62 63
f 33 63 64
f 33 64 65
f 33 65 60
f 34 60 35
f 35 60 66
f 35 66 67
f 35 67 36
f 36 67 68
f 36 68 37
f 37 68 38
f 38 69 39
f 38 68 70
f 38 70 69
f 39 69 40
f 40 71 72
f 40 72 73
f 40 73 44
f 40 44 43
f 40 43 47
f 40 69 74
f 40 74 75
f 40 75 71
f 41 44 76
f 41 76 77
f 41 77 78
f 41 78 45
f 42 47 43
f 44 73 79
f 44 79 76
f 45 78 80
f 45 80 81
f 45 81 46
f 46 81 82
f 46 82 48
f 48 82 83
f 48 83 84
f 48 84 49
f 49 84 85
f 49 85 86
f 50 86 87
f 50 87 88
f 50 88 52
f 51 89 54
f 52 88 90
f 52 90 91
f 52 91 89
f 53 92 55
f 53 54 93
f 53 93 92
f 54 89 94
f 54 94 95
f 54 95 96
f 54 96 93
f 55 92 97
f 55 97 98
f 55 98 99
f 55 99 56
f 56 99 57
f 57 99 100
f 57 100 101
f 57 101 102
f 57 102 58
f 58 103 61
f 58 102 103
f 60 65 66
f 61 104 105
f 61 105 62
f 61 103 106
f 61 106 107
f 61 107 108
f 61 108 109
f 61 109 110
f 61 110 111
f 61 111 112
f 61 112 113
f 61 113 104
f 62 105 114
f 62 114 115
f 62 115 116
f 62 116 63
f 63 116 117
f 63 117 64
f 64 118 65
f 64 117 116
f 64 116 119
f 64 119 120
f 64 120 118
f 65 118 66
f 66 118 121
f 66 121 122
f 66 122 123
f 66 123 67
f 67 123 124
f 67 124 68
f 68 124 125
f 68 125 126
f 68 126 70
f 69 70 74
f 70 126 127
f 70 127 128
f 70 128 129
f 70 129 74
f 71 75 130
f 71 130 131
f 71 131 72
f 72 132 133
f 72 133 73
f 72 131 134
f 72 134 132
f 73 135 136
f 73 136 137
f 73 137 138
f 73 138 139
f 73 139 79
f 73 133 132
f 73 132 140
f 73 140 141
f 73 141 142
f 73 142 143
f 73 143 135
f 74 129 75
f 75 144 131
f 75 131 130
f 75 129 145
f 75 145 146
f 75 146 144
f 76 147 149
f 76 149 77
f 76 79 148
f 76 148 138
f 76 138 147
f 77 149 150
f 77 150 151
f 77 151 152
f 77 152 78
f 78 152 153
f 78 153 80
f 79 139 148
f 80 153 154
f 80 154 81
f 81 154 155
f 81 155 156
f 81 156 83
f 81 83 82
f 83 156 84
f 84 156 157
f 84 157 158
f 84 158 85
f 85 158 157
f 85 157 159
f 85 159 160
f 85 160 161
f 85 161 86
f 86 161 87
f 87 161 162
f 87 162 88
f 88 162 163
f 88 163 166
f 88 166 90
f 89 164 94
f 89 91 165
f 89 165 164
f 90 166 167
f 90 167 91
f 91 167 165
f 92 93 97
f 93 96 168
f 93 168 97
f 94 164 95
f 95 169 96
f 95 164 170
f 95 170 171
f 95 171 172
f 95 172 169
f 96 169 168
f 97 168 173
f 97 173 174
f 97 174 98
f 98 174 99
f 99 174 100
f 100 174 175
f 100 175 176
f 100 176 101
f 101 177 180
f 101 180 102
f 101 176 178
f 101 178 179
f 101 179 177
f 102 180 107
f 102 107 181
f 102 181 103
f 103 181 106
f 104 114 105
f 104 113 114
f 106 181 107
f 107 180 108
f 108 182 109
f 108 180 182
f 109 182 183
f 109 183 184
f 109 184 110
f 110 184 111
f 111 185 186
f 111 186 112
f 111 184 187
f 111 187 188
f 111 188 189
f 111 189 190
f 111 190 191
f 111 191 185
f 112 186 113
f 113 186 192
f 113 192 114
f 114 192 193
f 114 193 115
f 115 193 116
f 116 193 192
f 116 192 194
f 116 194 119
f 118 120 121
f 119 195 191
f 119 191 190
f 119 190 252
f 119 252 298
f 119 298 351
f 119 351 412
f 119 412 489
f 119 489 568
f 119 568 649
f 119 649 731
f 119 731 804
f 119 804 878
f 119 878 954
f 119 954 1030
f 119 1030 1104
f 119 1104 1181
f 119 1181 1259
f 119 1259 1337
f 119 1337 1402
f 119 1402 1400
f 119 1400 1465
f 119 1465 1525
f 119 1525 1579
f 119 1579 1626
f 119 1626 1666
f 119 1666 1665
f 119 1665 1686
f 119 1686 1697
f 119 1697 1696
f 119 1696 1700
f 119 1700 1699
f 119 1699 1698
f 119 1698 1687
f 119 1687 1671
f 119 1671 1635
f 119 1635 1587
f 119 1587 1534
f 119 1534 1474
f 119 1474 1410
f 119 1410 1345
f 119 1345 1274
f 119 1274 1273
f 119 1273 1338
f 119 1338 1263
f 119 1263 1201
f 119 1201 1183
f 119 1183 1106
f 119 1106 1033
f 119 1033 959
f 119 959 891
f 119 891 817
f 119 817 816
f 119 816 750
f 119 750 668
f 119 668 584
f 119 584 505
f 119 505 428
f 119 428 363
f 119 363 304
f 119 304 259
f 119 259 211
f 119 211 210
f 119 210 146
f 119 146 145
f 119 145 199
f 119 199 198
f 119 198 196
f 119 196 120
f 119 194 195
f 120 196 123
f 120 123 122
f 120 122 121
f 123 196 124
f 124 197 125
f 124 196 197
f 125 197 126
f 126 197 198
f 126 198 199
f 126 199 127
f 127 199 128
f 128 199 145
f 128 145 129
f 131 200 201
f 131 201 134
f 131 144 146
f 131 146 200
f 132 134 201
f 132 201 141
f 132 141 140
f 135 202 136
f 135 143 202
f 136 203 204
f 136 204 137
f 136 202 203
f 137 204 147
f 137 147 138
f 138 148 139
f 141 201 205
f 141 205 206
f 141 206 142
f 142 206 143
f 143 207 208
f 143 208 209
f 143 209 202
f 143 206 205
f 143 205 210
f 143 210 211
f 143 211 207
f 146 210 200
f 147 212 149
f 147 204 213
f 147 213 214
f 147 214 212
f 149 212 215
f 149 215 216
f 149 216 217
f 149 217 150
f 150 217 218
f 150 218 219
f 150 219 151
f 151 219 152
f 152 219 153
f 153 219 220
f 153 220 221
f 153 221 154
f 154 221 222
f 154 222 223
f 154 223 155
f 155 223 224
f 155 224 156
f 156 224 157
f 157 223 225
f 157 225 160
f 157 160 159
f 157 224 223
f 160 226 161
f 160 225 227
f 160 227 228
f 160 228 226
f 161 226 162
f 162 226 229
f 162 229 163
f 163 229 166
f 164 165 170
f 165 167 230
f 165 230 171
f 165 171 170
f 166 229 231
f 166 231 167
f 167 231 230
f 168 169 232
f 168 232 173
f 169 172 232
f 171 233 172
f 171 230 234
f 171 234 235
f 171 235 233
f 172 233 232
f 173 175 174
f 173 232 236
f 173 236 175
f 175 237 176
f 175 236 237
f 176 237 178
f 177 238 239
f 177 239 180
f 177 179 240
f 177 240 241
f 177 241 242
f 177 242 238
f 178 237 179
f 179 237 243
f 179 243 240
f 180 239 244
f 180 244 245
f 180 245 182
f 182 245 246
f 182 246 183
f 183 246 247
f 183 247 248
f 183 248 249
f 183 249 184
f 184 249 250
f 184 250 187
f 185 194 192
f 185 192 186
f 185 191 195
f 185 195 194
f 187 250 249
f 187 249 188
f 188 249 251
f 188 251 190
f 188 190 189
f 190 251 249
f 190 249 252
f 196 198 197
f 200 205 201
f 200 210 205
f 202 209 253
f 202 253 203
f 203 254 255
f 203 255 256
f 203 256 204
f 203 253 257
f 203 257 254
f 204 256 213
f 207 211 208
f 208 258 257
f 208 257 209
f 208 211 258
f 209 257 253
f 211 259 258
f 212 260 261
f 212 261 215
f 212 214 260
f 213 256 214
f 214 256 262
f 214 262 260
f 215 261 263
f 215 263 264
f 215 264 216
f 216 264 217
f 217 264 218
f 218 265 266
f 218 266 220
f 218 220 219
f 218 264 265
f 220 266 267
f 220 267 268
f 220 268 221
f 221 268 222
f 222 268 225
f 222 225 223
f 225 269 270
f 225 270 227
f 225 268 269
f 226 228 229
f 227 270 271
f 227 271 272
f 227 272 273
f 227 273 228
f 228 274 229
f 228 273 274
f 229 274 231
f 230 231 234
f 231 274 275
f 231 275 234
f 232 276 236
f 232 233 277
f 232 277 276
f 233 235 278
f 233 278 279
f 233 279 277
f 234 275 280
f 234 280 281
f 234 281 235
f 235 281 282
f 235 282 283
f 235 283 278
f 236 276 284
f 236 284 237
f 237 284 243
f 238 285 239
f 238 242 286
f 238 286 285
f 239 285 287
f 239 287 244
f 240 243 288
f 240 288 241
f 241 288 242
f 242 288 289
f 242 289 286
f 243 290 291
f 243 291 288
f 243 284 290
f 244 287 246
f 244 246 245
f 246 287 292
f 246 292 293
f 246 293 294
f 246 294 295
f 246 295 247
f 247 295 248
f 248 295 296
f 248 296 249
f 249 296 297
f 249 297 252
f 252 297 299
f 252 299 298
f 254 300 255
f 254 257 301
f 254 301 300
f 255 300 256
f 256 300 302
f 256 302 303
f 256 303 262
f 257 258 304
f 257 304 305
f 257 305 301
f 258 259 304
f 260 306 261
f 260 262 307
f 260 307 306
f 261 308 309
f 261 309 263
f 261 306 308
f 262 303 307
f 263 309 310
f 263 310 311
f 263 311 312
f 263 312 264
f 264 312 266
f 264 266 265
f 266 312 311
f 266 311 313
f 266 313 314
f 266 314 269
f 266 269 267
f 267 315 268
f 267 269 315
f 268 315 269
f 269 314 271
f 269 271 270
f 271 314 316
f 271 316 317
f 271 317 318
f 271 318 319
f 271 319 320
f 271 320 272
f 272 320 321
f 272 321 273
f 273 321 322
f 273 322 323
f 273 323 274
f 274 323 280
f 274 280 275
f 276 324 284
f 276 277 325
f 276 325 324
f 277 279 326
f 277 326 325
f 278 283 279
f 279 283 327
f 279 327 328
f 279 328 329
f 279 329 326
f 280 323 330
f 280 330 331
f 280 331 332
f 280 332 281
f 281 332 333
f 281 333 282
f 282 333 334
f 282 334 283
f 283 334 335
f 283 335 327
f 284 324 290
f 285 336 292
f 285 292 287
f 285 286 336
f 286 289 337
f 286 337 338
f 286 338 336
f 288 291 290
f 288 290 339
f 288 339 289
f 289 339 340
f 289 340 337
f 290 340 339
f 290 324 329
f 290 329 341
f 290 341 340
f 292 342 343
f 292 343 293
f 292 336 344
f 292 344 342
f 293 345 346
f 293 346 294
f 293 343 345
f 294 346 347
f 294 347 295
f 295 347 348
f 295 348 349
f 295 349 296
f 296 349 350
f 296 350 299
f 296 299 297
f 298 299 352
f 298 352 353
f 298 353 351
f 299 350 354
f 299 354 352
f 300 301 355
f 300 355 356
f 300 356 302
f 301 305 357
f 301 357 358
f 301 358 356
f 301 356 355
f 302 359 303
f 302 356 359
f 303 359 360
f 303 360 361
f 303 361 362
f 303 362 307
f 304 363 357
f 304 357 305
f 306 364 365
f 306 365 308
f 306 307 362
f 306 362 364
f 308 365 366
f 308 366 309
f 309 366 310
f 310 367 311
f 310 366 368
f 310 368 369
f 310 369 370
f 310 370 367
f 311 367 371
f 311 371 314
f 311 314 313
f 314 371 372
f 314 372 373
f 314 373 316
f 316 373 374
f 316 374 375
f 316 375 376
f 316 376 317
f 317 376 377
f 317 377 378
f 317 378 319
f 317 319 318
f 319 378 379
f 319 379 380
f 319 380 381
f 319 381 382
f 319 382 383
f 319 383 320
f 320 383 321
f 321 383 382
f 321 382 384
f 321 384 322
f 322 330 323
f 322 384 385
f 322 385 330
f 324 325 329
f 325 326 329
f 327 335 386
f 327 386 328
f 328 387 388
f 328 388 341
f 328 341 329
f 328 386 389
f 328 389 390
f 328 390 387
f 330 385 391
f 330 391 331
f 331 391 332
f 332 391 392
f 332 392 333
f 333 392 393
f 333 393 394
f 333 394 334
f 334 394 395
f 334 395 396
f 334 396 335
f 335 396 386
f 336 338 344
f 337 397 338
f 337 340 398
f 337 398 397
f 338 397 399
f 338 399 344
f 340 400 398
f 340 341 400
f 341 388 401
f 341 401 400
f 342 402 343
f 342 344 403
f 342 403 402
f 343 402 404
f 343 404 405
f 343 405 406
f 343 406 407
f 343 407 408
f 343 408 345
f 344 409 403
f 344 399 409
f 345 408 410
f 345 410 346
f 346 410 411
f 346 411 354
f 346 354 347
f 347 354 348
f 348 354 350
f 348 350 349
f 351 353 413
f 351 413 414
f 351 414 415
f 351 415 412
f 352 354 353
f 353 354 416
f 353 416 417
f 353 417 413
f 354 411 416
f 356 358 418
f 356 418 419
f 356 419 359
f 357 420 418
f 357 418 358
f 357 363 420
f 359 419 421
f 359 421 360
f 360 422 361
f 360 421 422
f 361 423 424
f 361 424 425
f 361 425 362
f 361 422 426
f 361 426 427
f 361 427 423
f 362 425 364
f 363 428 420
f 364 429 365
f 364 425 429
f 365 430 366
f 365 429 430
f 366 430 368
f 367 370 431
f 367 431 432
f 367 432 433
f 367 433 371
f 368 430 434
f 368 434 435
f 368 435 369
f 369 436 437
f 369 437 370
f 369 435 438
f 369 438 436
f 370 437 431
f 371 439 372
f 371 433 439
f 372 439 440
f 372 440 441
f 372 441 442
f 372 442 443
f 372 443 374
f 372 374 373
f 374 443 444
f 374 444 375
f 375 445 376
f 375 444 445
f 376 446 377
f 376 445 447
f 376 447 446
f 377 446 448
f 377 448 449
f 377 449 379
f 377 379 378
f 379 449 450
f 379 450 451
f 379 451 452
f 379 452 453
f 379 453 380
f 380 453 454
f 380 454 455
f 380 455 456
f 380 456 381
f 381 456 382
f 382 457 384
f 382 456 458
f 382 458 459
f 382 459 457
f 384 457 385
f 385 457 460
f 385 460 461
f 385 461 391
f 386 396 462
f 386 462 389
f 387 390 463
f 387 463 464
f 387 464 401
f 387 401 388
f 389 462 465
f 389 465 466
f 389 466 390
f 390 466 463
f 391 461 467
f 391 467 392
f 392 467 393
f 393 395 394
f 393 467 468
f 393 468 469
f 393 469 470
f 393 470 395
f 395 470 471
f 395 471 472
f 395 472 473
f 395 473 462
f 395 462 396
f 397 398 474
f 397 474 475
f 397 475 476
f 397 476 399
f 398 400 477
f 398 477 478
f 398 478 474
f 399 476 409
f 400 401 477
f 401 479 480
f 401 480 477
f 401 464 479
f 402 403 481
f 402 481 404
f 403 409 482
f 403 482 481
f 404 481 405
f 405 483 484
f 405 484 406
f 405 481 483
f 406 485 407
f 406 484 486
f 406 486 487
f 406 487 414
f 406 414 485
f 407 485 408
f 408 485 488
f 408 488 411
f 408 411 410
f 409 476 482
f 411 488 416
f 412 415 490
f 412 490 491
f 412 491 492
f 412 492 489
f 413 417 414
f 414 487 493
f 414 493 490
f 414 490 415
f 414 417 485
f 416 488 417
f 417 488 485
f 418 420 494
f 418 494 495
f 418 495 496
f 418 496 421
f 418 421 419
f 420 428 494
f 421 496 422
f 422 497 426
f 422 496 498
f 422 498 497
f 423 427 499
f 423 499 500
f 423 500 501
f 423 501 424
f 424 501 425
f 425 501 429
f 426 497 427
f 427 502 499
f 427 497 503
f 427 503 504
f 427 504 502
f 428 505 494
f 429 501 506
f 429 506 430
f 430 506 434
f 431 437 507
f 431 507 508
f 431 508 440
f 431 440 432
f 432 440 433
f 433 440 439
f 434 509 435
f 434 506 509
f 435 509 438
f 436 438 510
f 436 510 511
f 436 511 507
f 436 507 437
f 438 509 512
f 438 512 510
f 440 508 441
f 441 508 513
f 441 513 442
f 442 514 443
f 442 513 515
f 442 515 514
f 443 516 444
f 443 514 516
f 444 516 517
f 444 517 445
f 445 517 447
f 446 518 448
f 446 447 518
f 447 517 519
f 447 519 520
f 447 520 518
f 448 518 521
f 448 521 522
f 448 522 523
f 448 523 524
f 448 524 449
f 449 524 450
f 450 524 525
f 450 525 451
f 451 526 452
f 451 525 526
f 452 526 527
f 452 527 528
f 452 528 529
f 452 529 530
f 452 530 453
f 453 530 531
f 453 531 454
f 454 532 455
f 454 531 532
f 455 533 534
f 455 534 456
f 455 532 533
f 456 534 458
f 457 459 535
f 457 535 460
f 458 534 459
f 459 534 535
f 460 535 536
f 460 536 461
f 461 536 468
f 461 468 467
f 462 473 472
f 462 472 537
f 462 537 538
f 462 538 465
f 463 539 464
f 463 466 540
f 463 540 539
f 464 539 541
f 464 541 479
f 465 538 542
f 465 542 543
f 465 543 466
f 466 543 540
f 468 536 469
f 469 536 544
f 469 544 545
f 469 545 470
f 470 545 471
f 471 545 546
f 471 546 547
f 471 547 548
f 471 548 472
f 472 548 549
f 472 549 550
f 472 550 551
f 472 551 537
f 474 552 553
f 474 553 554
f 474 554 555
f 474 555 475
f 474 478 556
f 474 556 557
f 474 557 552
f 475 555 476
f 476 555 482
f 477 480 478
f 478 558 559
f 478 559 556
f 478 480 558
f 479 541 560
f 479 560 558
f 479 558 480
f 481 482 564
f 481 564 561
f 481 561 562
f 481 562 563
f 481 563 483
f 482 555 554
f 482 554 565
f 482 565 564
f 483 563 566
f 483 566 484
f 484 567 486
f 484 566 567
f 486 567 492
f 486 492 493
f 486 493 487
f 489 492 569
f 489 569 570
f 489 570 571
f 489 571 568
f 490 493 492
f 490 492 491
f 492 567 572
f 492 572 573
f 492 573 569
f 494 574 575
f 494 575 495
f 494 505 574
f 495 575 498
f 495 498 496
f 497 498 575
f 497 575 503
f 499 576 577
f 499 577 500
f 499 502 576
f 500 577 578
f 500 578 501
f 501 579 506
f 501 578 579
f 502 504 580
f 502 580 581
f 502 581 576
f 503 575 574
f 503 574 505
f 503 505 582
f 503 582 583
f 503 583 580
f 503 580 504
f 505 584 582
f 506 579 585
f 506 585 512
f 506 512 509
f 507 511 586
f 507 586 508
f 508 586 513
f 510 512 587
f 510 587 588
f 510 588 511
f 511 588 589
f 511 589 586
f 512 590 587
f 512 585 590
f 513 586 591
f 513 591 515
f 514 515 592
f 514 592 593
f 514 593 516
f 515 591 594
f 515 594 592
f 516 595 517
f 516 593 595
f 517 595 596
f 517 596 519
f 518 520 521
f 519 597 520
f 519 596 597
f 520 598 521
f 520 597 599
f 520 599 598
f 521 598 600
f 521 600 601
f 521 601 602
f 521 602 603
f 521 603 522
f 522 603 525
f 522 525 523
f 523 525 524
f 525 603 602
f 525 602 604
f 525 604 605
f 525 605 526
f 526 605 527
f 527 606 528
f 527 605 604
f 527 604 607
f 527 607 606
f 528 608 529
f 528 606 608
f 529 608 609
f 529 609 610
f 529 610 611
f 529 611 530
f 530 611 531
f 531 611 612
f 531 612 532
f 532 613 614
f 532 614 533
f 532 612 694
f 532 694 613
f 533 614 544
f 533 544 534
f 534 544 536
f 534 536 535
f 537 551 615
f 537 615 538
f 538 616 542
f 538 615 617
f 538 617 618
f 538 618 616
f 539 540 619
f 539 619 620
f 539 620 541
f 540 543 621
f 540 621 622
f 540 622 619
f 541 620 623
f 541 623 560
f 542 616 624
f 542 624 543
f 543 624 621
f 544 614 546
f 544 546 545
f 546 614 613
f 546 613 547
f 547 613 625
f 547 625 548
f 548 625 626
f 548 626 549
f 549 626 627
f 549 627 628
f 549 628 629
f 549 629 630
f 549 630 550
f 550 630 631
f 550 631 632
f 550 632 551
f 551 632 615
f 552 557 633
f 552 633 634
f 552 634 635
f 552 635 565
f 552 565 553
f 553 565 554
f 556 559 633
f 556 633 557
f 558 560 636
f 558 636 559
f 559 637 633
f 559 636 637
f 560 638 636
f 560 623 638
f 561 564 639
f 561 639 640
f 561 640 641
f 561 641 562
f 562 641 566
f 562 566 563
f 564 565 642
f 564 642 643
f 564 643 644
f 564 644 639
f 565 635 642
f 566 641 640
f 566 640 645
f 566 645 646
f 566 646 647
f 566 647 648
f 566 648 567
f 567 648 572
f 568 571 650
f 568 650 651
f 568 651 649
f 569 573 570
f 570 573 571
f 571 573 652
f 571 652 651
f 571 651 650
f 572 648 573
f 573 648 653
f 573 653 652
f 576 581 577
f 577 654 655
f 577 655 656
f 577 656 657
f 577 657 578
f 577 581 658
f 577 658 659
f 577 659 660
f 577 660 661
f 577 661 662
f 577 662 663
f 577 663 654
f 578 657 579
f 579 664 665
f 579 665 590
f 579 590 585
f 579 657 656
f 579 656 664
f 580 583 581
f 581 666 667
f 581 667 658
f 581 583 584
f 581 584 668
f 581 668 666
f 582 584 583
f 586 589 591
f 587 590 669
f 587 669 670
f 587 670 588
f 588 670 671
f 588 671 589
f 589 672 591
f 589 671 672
f 590 665 669
f 591 672 594
f 592 673 593
f 592 594 674
f 592 674 673
f 593 673 675
f 593 675 595
f 594 672 676
f 594 676 674
f 595 675 596
f 596 675 677
f 596 677 678
f 596 678 597
f 597 678 599
f 598 599 679
f 598 679 600
f 599 678 680
f 599 680 681
f 599 681 679
f 600 679 682
f 600 682 683
f 600 683 684
f 600 684 601
f 601 684 604
f 601 604 602
f 604 684 685
f 604 685 607
f 606 607 685
f 606 685 686
f 606 686 687
f 606 687 609
f 606 609 608
f 609 688 689
f 609 689 690
f 609 690 610
f 609 687 691
f 609 691 688
f 610 690 692
f 610 692 611
f 611 692 693
f 611 693 694
f 611 694 612
f 613 694 625
f 615 632 617
f 616 618 695
f 616 695 696
f 616 696 697
f 616 697 698
f 616 698 624
f 617 632 618
f 618 632 695
f 619 622 699
f 619 699 620
f 620 700 623
f 620 699 700
f 621 701 622
f 621 624 701
f 622 702 703
f 622 703 699
f 622 701 702
f 623 700 704
f 623 704 638
f 624 698 701
f 625 694 693
f 625 693 626
f 626 693 627
f 627 693 705
f 627 705 706
f 627 706 628
f 628 706 707
f 628 707 708
f 628 708 629
f 629 708 709
f 629 709 710
f 629 710 631
f 629 631 630
f 631 710 632
f 632 710 695
f 633 637 634
f 634 711 712
f 634 712 635
f 634 637 711
f 635 712 642
f 636 638 713
f 636 713 637
f 637 713 711
f 638 704 714
f 638 714 713
f 639 715 716
f 639 716 640
f 639 644 717
f 639 717 715
f 640 718 645
f 640 716 718
f 642 712 643
f 643 712 644
f 644 712 719
f 644 719 720
f 644 720 717
f 645 721 646
f 645 718 722
f 645 722 723
f 645 723 724
f 645 724 725
f 645 725 726
f 645 726 727
f 645 727 728
f 645 728 721
f 646 729 647
f 646 721 651
f 646 651 730
f 646 730 729
f 647 729 648
f 648 729 653
f 649 651 728
f 649 728 731
f 651 652 730
f 651 721 732
f 651 732 728
f 652 653 729
f 652 729 730
f 654 733 734
f 654 734 735
f 654 735 736
f 654 736 737
f 654 737 738
f 654 738 655
f 654 663 739
f 654 739 740
f 654 740 741
f 654 741 733
f 655 738 742
f 655 742 743
f 655 743 664
f 655 664 656
f 658 667 659
f 659 667 666
f 659 666 744
f 659 744 661
f 659 661 660
f 661 663 662
f 661 744 745
f 661 745 746
f 661 746 663
f 663 746 739
f 664 743 747
f 664 747 748
f 664 748 665
f 665 748 669
f 666 749 744
f 666 668 750
f 666 750 749
f 669 748 751
f 669 751 670
f 670 751 671
f 671 676 672
f 671 751 752
f 671 752 676
f 673 753 675
f 673 674 753
f 674 676 754
f 674 754 755
f 674 755 753
f 675 753 677
f 676 752 756
f 676 756 754
f 677 753 757
f 677 757 678
f 678 757 680
f 679 758 682
f 679 681 758
f 680 759 681
f 680 757 760
f 680 760 759
f 681 759 761
f 681 761 758
f 682 758 762
f 682 762 763
f 682 763 764
f 682 764 683
f 683 764 684
f 684 764 685
f 685 765 686
f 685 764 765
f 686 765 766
f 686 766 691
f 686 691 687
f 688 767 689
f 688 691 768
f 688 768 769
f 688 769 770
f 688 770 767
f 689 771 842
f 689 842 772
f 689 772 692
f 689 692 690
f 689 767 771
f 691 766 773
f 691 773 768
f 692 774 693
f 692 772 775
f 692 775 705
f 692 705 774
f 693 774 705
f 695 710 696
f 696 710 697
f 697 776 777
f 697 777 698
f 697 710 778
f 697 778 779
f 697 779 776
f 698 777 780
f 698 780 781
f 698 781 701
f 699 703 782
f 699 782 700
f 700 782 704
f 701 781 702
f 702 783 703
f 702 781 784
f 702 784 783
f 703 783 782
f 704 785 786
f 704 786 714
f 704 782 785
f 705 775 706
f 706 775 772
f 706 772 787
f 706 787 788
f 706 788 789
f 706 789 708
f 706 708 707
f 708 789 790
f 708 790 709
f 709 790 791
f 709 791 710
f 710 791 778
f 711 713 714
f 711 714 792
f 711 792 719
f 711 719 712
f 714 786 793
f 714 793 792
f 715 794 795
f 715 795 716
f 715 717 796
f 715 796 797
f 715 797 794
f 716 795 723
f 716 723 722
f 716 722 718
f 717 720 796
f 719 792 793
f 719 793 720
f 720 798 796
f 720 793 798
f 721 728 732
f 723 795 724
f 724 799 800
f 724 800 725
f 724 795 869
f 724 869 799
f 725 800 801
f 725 801 726
f 726 801 802
f 726 802 727
f 727 802 803
f 727 803 728
f 728 803 731
f 731 803 805
f 731 805 806
f 731 806 807
f 731 807 804
f 733 808 734
f 733 741 809
f 733 809 808
f 734 808 810
f 734 810 735
f 735 810 811
f 735 811 812
f 735 812 736
f 736 812 742
f 736 742 737
f 737 742 738
f 739 746 813
f 739 813 740
f 740 814 815
f 740 815 741
f 740 813 746
f 740 746 816
f 740 816 817
f 740 817 814
f 741 815 818
f 741 818 809
f 742 812 819
f 742 819 743
f 743 819 747
f 744 749 746
f 744 746 745
f 746 749 816
f 747 820 821
f 747 821 748
f 747 819 820
f 748 821 751
f 749 750 816
f 751 821 756
f 751 756 752
f 753 822 757
f 753 755 823
f 753 823 822
f 754 824 825
f 754 825 755
f 754 756 826
f 754 826 824
f 755 825 823
f 756 821 827
f 756 827 826
f 757 822 760
f 758 761 828
f 758 828 762
f 759 828 761
f 759 760 829
f 759 829 828
f 760 822 830
f 760 830 831
f 760 831 832
f 760 832 829
f 762 828 833
f 762 833 834
f 762 834 763
f 763 834 835
f 763 835 764
f 764 835 836
f 764 836 766
f 764 766 765
f 766 836 773
f 767 770 837
f 767 837 771
f 768 773 769
f 769 838 839
f 769 839 840
f 769 840 841
f 769 841 770
f 769 773 838
f 770 841 837
f 771 837 843
f 771 843 844
f 771 844 842
f 772 842 845
f 772 845 787
f 773 836 846
f 773 846 847
f 773 847 848
f 773 848 838
f 776 849 850
f 776 850 780
f 776 780 777
f 776 779 851
f 776 851 849
f 778 791 852
f 778 852 779
f 779 852 853
f 779 853 851
f 780 854 855
f 780 855 784
f 780 784 781
f 780 850 854
f 782 783 856
f 782 856 857
f 782 857 785
f 783 784 858
f 783 858 856
f 784 855 858
f 785 857 859
f 785 859 786
f 786 859 860
f 786 860 861
f 786 861 793
f 787 845 862
f 787 862 863
f 787 863 864
f 787 864 788
f 788 865 790
f 788 790 789
f 788 864 866
f 788 866 865
f 790 865 867
f 790 867 791
f 791 867 852
f 793 861 798
f 794 797 795
f 795 797 868
f 795 868 943
f 795 943 869
f 796 798 797
f 797 798 870
f 797 870 871
f 797 871 868
f 798 861 872
f 798 872 870
f 799 873 874
f 799 874 875
f 799 875 800
f 799 869 945
f 799 945 873
f 800 875 801
f 801 875 876
f 801 876 877
f 801 877 802
f 802 877 807
f 802 807 806
f 802 806 803
f 803 806 805
f 804 807 879
f 804 879 878
f 807 877 879
f 808 880 884
f 808 884 810
f 808 809 881
f 808 881 880
f 809 818 882
f 809 882 883
f 809 883 881
f 810 884 811
f 811 884 885
f 811 885 886
f 811 886 887
f 811 887 888
f 811 888 812
f 812 888 889
f 812 889 890
f 812 890 819
f 814 818 815
f 814 817 818
f 817 891 818
f 818 883 882
f 818 891 883
f 819 890 820
f 820 890 827
f 820 827 821
f 822 823 892
f 822 892 893
f 822 893 830
f 823 825 824
f 823 824 894
f 823 894 895
f 823 895 896
f 823 896 892
f 824 826 894
f 826 827 894
f 827 890 897
f 827 897 894
f 828 829 898
f 828 898 899
f 828 899 900
f 828 900 833
f 829 901 898
f 829 832 902
f 829 902 903
f 829 903 901
f 830 893 831
f 831 904 832
f 831 893 905
f 831 905 906
f 831 906 907
f 831 907 908
f 831 908 909
f 831 909 904
f 832 904 910
f 832 910 902
f 833 900 899
f 833 899 911
f 833 911 847
f 833 847 834
f 834 847 835
f 835 847 846
f 835 846 836
f 837 841 912
f 837 912 913
f 837 913 914
f 837 914 843
f 838 848 839
f 839 915 840
f 839 848 916
f 839 916 917
f 839 917 915
f 840 915 841
f 841 915 918
f 841 918 912
f 842 844 919
f 842 919 845
f 843 914 920
f 843 920 844
f 844 920 919
f 845 919 862
f 847 921 922
f 847 922 923
f 847 923 848
f 847 911 924
f 847 924 921
f 848 923 916
f 849 925 926
f 849 926 850
f 849 851 925
f 850 926 854
f 851 853 927
f 851 927 925
f 852 928 929
f 852 929 927
f 852 927 853
f 852 867 865
f 852 865 928
f 854 926 855
f 855 926 930
f 855 930 858
f 856 931 932
f 856 932 933
f 856 933 857
f 856 858 931
f 857 933 934
f 857 934 935
f 857 935 872
f 857 872 860
f 857 860 859
f 858 930 936
f 858 936 937
f 858 937 931
f 860 872 861
f 862 919 938
f 862 938 863
f 863 938 939
f 863 939 940
f 863 940 941
f 863 941 866
f 863 866 864
f 865 866 928
f 866 941 942
f 866 942 928
f 868 871 947
f 868 947 943
f 869 943 944
f 869 944 945
f 870 872 946
f 870 946 871
f 871 946 948
f 871 948 947
f 872 935 949
f 872 949 946
f 873 950 951
f 873 951 874
f 873 945 1022
f 873 1022 950
f 874 951 1027
f 874 1027 952
f 874 952 875
f 875 952 876
f 876 952 877
f 877 953 955
f 877 955 879
f 877 952 953
f 878 879 955
f 878 955 954
f 880 956 885
f 880 885 884
f 880 881 957
f 880 957 956
f 881 883 958
f 881 958 1031
f 881 1031 957
f 883 891 959
f 883 959 958
f 885 960 886
f 885 956 961
f 885 961 960
f 886 960 962
f 886 962 963
f 886 963 887
f 887 963 964
f 887 964 965
f 887 965 888
f 888 965 966
f 888 966 889
f 889 966 967
f 889 967 897
f 889 897 890
f 892 896 893
f 893 896 906
f 893 906 905
f 894 968 906
f 894 906 896
f 894 896 895
f 894 897 968
f 897 967 968
f 898 901 899
f 899 901 969
f 899 969 911
f 901 970 971
f 901 971 972
f 901 972 969
f 901 903 973
f 901 973 974
f 901 974 975
f 901 975 976
f 901 976 977
f 901 977 978
f 901 978 970
f 902 910 979
f 902 979 903
f 903 979 980
f 903 980 981
f 903 981 973
f 904 909 910
f 906 968 907
f 907 968 982
f 907 982 983
f 907 983 984
f 907 984 908
f 908 984 909
f 909 984 910
f 910 984 980
f 910 980 979
f 911 969 985
f 911 985 986
f 911 986 924
f 912 918 913
f 913 987 914
f 913 918 988
f 913 988 987
f 914 987 920
f 915 917 918
f 916 989 990
f 916 990 917
f 916 923 922
f 916 922 989
f 917 991 918
f 917 990 992
f 917 992 991
f 918 993 988
f 918 991 994
f 918 994 993
f 919 920 995
f 919 995 938
f 920 987 996
f 920 996 997
f 920 997 995
f 921 924 922
f 922 924 986
f 922 986 998
f 922 998 999
f 922 999 990
f 922 990 989
f 925 1000 1001
f 925 1001 1002
f 925 1002 926
f 925 927 942
f 925 942 1000
f 926 1001 1003
f 926 1003 930
f 926 1002 1001
f 927 929 942
f 928 942 929
f 930 1004 1005
f 930 1005 936
f 930 1003 1004
f 931 937 932
f 932 937 1006
f 932 1006 934
f 932 934 933
f 934 1006 949
f 934 949 935
f 936 1005 1007
f 936 1007 937
f 937 1007 1008
f 937 1008 1009
f 937 1009 949
f 937 949 1006
f 938 995 1010
f 938 1010 1011
f 938 1011 939
f 939 1011 940
f 940 1011 1012
f 940 1012 1013
f 940 1013 941
f 941 1013 1014
f 941 1014 1015
f 941 1015 942
f 942 1016 1017
f 942 1017 1000
f 942 1015 1018
f 942 1018 1016
f 943 947 1019
f 943 1019 944
f 944 1019 1020
f 944 1020 1021
f 944 1021 945
f 945 1021 1022
f 946 949 948
f 947 948 1023
f 947 1023 1019
f 948 949 1009
f 948 1009 1023
f 950 1024 1025
f 950 1025 1026
f 950 1026 951
f 950 1022 1024
f 951 1026 1027
f 952 1027 953
f 953 1028 1029
f 953 1029 955
f 953 1027 1028
f 954 955 1029
f 954 1029 1030
f 956 957 961
f 957 1031 1032
f 957 1032 961
f 958 959 1033
f 958 1033 1031
f 960 961 1034
f 960 1034 962
f 961 1035 1034
f 961 1032 1035
f 962 1034 1036
f 962 1036 1037
f 962 1037 963
f 963 1038 1039
f 963 1039 1040
f 963 1040 964
f 963 1037 1038
f 964 1040 1041
f 964 1041 965
f 965 1041 983
f 965 983 966
f 966 983 982
f 966 982 967
f 967 982 968
f 969 972 971
f 969 971 985
f 970 1042 1043
f 970 1043 1044
f 970 1044 971
f 970 978 1045
f 970 1045 1046
f 970 1046 1042
f 971 1044 986
f 971 986 985
f 973 981 1047
f 973 1047 974
f 974 1047 1048
f 974 1048 1049
f 974 1049 1050
f 974 1050 975
f 975 1050 976
f 976 1050 1051
f 976 1051 1052
f 976 1052 1053
f 976 1053 977
f 977 1053 1054
f 977 1054 1055
f 977 1055 978
f 978 1055 1056
f 978 1056 1045
f 980 1041 1057
f 980 1057 981
f 980 984 1041
f 981 1057 1047
f 983 1041 984
f 986 1044 1058
f 986 1058 1059
f 986 1059 998
f 987 988 1060
f 987 1060 1061
f 987 1061 996
f 988 1062 1060
f 988 993 1063
f 988 1063 1062
f 990 999 1064
f 990 1064 1065
f 990 1065 1066
f 990 1066 994
f 990 994 992
f 991 992 994
f 993 994 1063
f 994 1066 1065
f 994 1065 1067
f 994 1067 1068
f 994 1068 1063
f 995 997 1010
f 996 1061 1069
f 996 1069 997
f 997 1069 1010
f 998 1059 999
f 999 1059 1064
f 1000 1017 1001
f 1001 1017 1070
f 1001 1070 1071
f 1001 1071 1004
f 1001 1004 1003
f 1004 1071 1072
f 1004 1072 1073
f 1004 1073 1074
f 1004 1074 1075
f 1004 1075 1076
f 1004 1076 1005
f 1005 1076 1007
f 1007 1076 1008
f 1008 1076 1077
f 1008 1077 1009
f 1009 1077 1023
f 1010 1069 1078
f 1010 1078 1079
f 1010 1079 1012
f 1010 1012 1011
f 1012 1014 1013
f 1012 1079 1080
f 1012 1080 1081
f 1012 1081 1082
f 1012 1082 1014
f 1014 1083 1018
f 1014 1018 1015
f 1014 1082 1083
f 1016 1018 1017
f 1017 1018 1084
f 1017 1084 1070
f 1018 1082 1085
f 1018 1085 1086
f 1018 1086 1084
f 1018 1083 1082
f 1019 1023 1020
f 1020 1087 1088
f 1020 1088 1021
f 1020 1023 1075
f 1020 1075 1087
f 1021 1088 1022
f 1022 1088 1089
f 1022 1089 1090
f 1022 1090 1024
f 1023 1077 1075
f 1024 1091 1092
f 1024 1092 1025
f 1024 1090 1091
f 1025 1093 1026
f 1025 1092 1094
f 1025 1094 1095
f 1025 1095 1096
f 1025 1096 1097
f 1025 1097 1098
f 1025 1098 1099
f 1025 1099 1100
f 1025 1100 1093
f 1026 1093 1027
f 1027 1093 1028
f 1028 1100 1101
f 1028 1101 1102
f 1028 1102 1103
f 1028 1103 1029
f 1028 1093 1100
f 1029 1103 1102
f 1029 1102 1030
f 1030 1102 1101
f 1030 1101 1099
f 1030 1099 1104
f 1031 1105 1032
f 1031 1033 1106
f 1031 1106 1105
f 1032 1105 1107
f 1032 1107 1108
f 1032 1108 1109
f 1032 1109 1035
f 1034 1035 1036
f 1035 1109 1036
f 1036 1110 1111
f 1036 1111 1112
f 1036 1112 1113
f 1036 1113 1114
f 1036 1114 1115
f 1036 1115 1037
f 1036 1109 1116
f 1036 1116 1110
f 1037 1115 1038
f 1038 1117 1039
f 1038 1115 1114
f 1038 1114 1113
f 1038 1113 1117
f 1039 1117 1118
f 1039 1118 1119
f 1039 1119 1040
f 1040 1119 1057
f 1040 1057 1041
f 1042 1046 1120
f 1042 1120 1121
f 1042 1121 1122
f 1042 1122 1123
f 1042 1123 1124
f 1042 1124 1043
f 1043 1124 1044
f 1044 1124 1058
f 1045 1056 1125
f 1045 1125 1046
f 1046 1125 1120
f 1047 1057 1048
f 1048 1057 1119
f 1048 1119 1049
f 1049 1119 1118
f 1049 1118 1126
f 1049 1126 1051
f 1049 1051 1050
f 1051 1126 1127
f 1051 1127 1052
f 1052 1127 1128
f 1052 1128 1129
f 1052 1129 1130
f 1052 1130 1053
f 1053 1130 1131
f 1053 1131 1054
f 1054 1132 1055
f 1054 1131 1132
f 1055 1132 1133
f 1055 1133 1056
f 1056 1133 1134
f 1056 1134 1125
f 1058 1135 1059
f 1058 1124 1135
f 1059 1135 1136
f 1059 1136 1065
f 1059 1065 1064
f 1060 1062 1137
f 1060 1137 1138
f 1060 1138 1139
f 1060 1139 1061
f 1061 1139 1140
f 1061 1140 1141
f 1061 1141 1069
f 1062 1063 1137
f 1063 1068 1138
f 1063 1138 1137
f 1065 1136 1142
f 1065 1142 1143
f 1065 1143 1144
f 1065 1144 1067
f 1067 1144 1068
f 1068 1145 1138
f 1068 1144 1146
f 1068 1146 1147
f 1068 1147 1148
f 1068 1148 1145
f 1069 1141 1149
f 1069 1149 1078
f 1070 1084 1150
f 1070 1150 1071
f 1071 1151 1152
f 1071 1152 1153
f 1071 1153 1072
f 1071 1150 1151
f 1072 1153 1154
f 1072 1154 1155
f 1072 1155 1073
f 1073 1155 1156
f 1073 1156 1074
f 1074 1156 1155
f 1074 1155 1157
f 1074 1157 1087
f 1074 1087 1075
f 1075 1077 1076
f 1078 1080 1079
f 1078 1149 1158
f 1078 1158 1080
f 1080 1158 1081
f 1081 1158 1082
f 1082 1158 1159
f 1082 1159 1160
f 1082 1160 1161
f 1082 1161 1162
f 1082 1162 1085
f 1084 1162 1163
f 1084 1163 1164
f 1084 1164 1151
f 1084 1151 1150
f 1084 1086 1162
f 1085 1162 1086
f 1087 1157 1165
f 1087 1165 1088
f 1088 1165 1089
f 1089 1166 1090
f 1089 1165 1167
f 1089 1167 1166
f 1090 1166 1095
f 1090 1095 1094
f 1090 1094 1091
f 1091 1094 1092
f 1095 1168 1096
f 1095 1166 1169
f 1095 1169 1168
f 1096 1168 1170
f 1096 1170 1171
f 1096 1171 1172
f 1096 1172 1173
f 1096 1173 1174
f 1096 1174 1175
f 1096 1175 1176
f 1096 1176 1097
f 1097 1176 1177
f 1097 1177 1178
f 1097 1178 1179
f 1097 1179 1098
f 1098 1179 1099
f 1099 1101 1100
f 1099 1179 1180
f 1099 1180 1104
f 1104 1180 1179
f 1104 1179 1182
f 1104 1182 1181
f 1105 1106 1183
f 1105 1183 1107
f 1107 1183 1184
f 1107 1184 1108
f 1108 1184 1185
f 1108 1185 1116
f 1108 1116 1109
f 1110 1116 1186
f 1110 1186 1187
f 1110 1187 1111
f 1111 1188 1189
f 1111 1189 1112
f 1111 1187 1190
f 1111 1190 1188
f 1112 1191 1192
f 1112 1192 1193
f 1112 1193 1194
f 1112 1194 1113
f 1112 1189 1195
f 1112 1195 1196
f 1112 1196 1197
f 1112 1197 1198
f 1112 1198 1199
f 1112 1199 1191
f 1113 1194 1200
f 1113 1200 1117
f 1116 1187 1186
f 1116 1185 1183
f 1116 1183 1201
f 1116 1201 1187
f 1117 1200 1202
f 1117 1202 1126
f 1117 1126 1118
f 1120 1125 1203
f 1120 1203 1204
f 1120 1204 1121
f 1121 1205 1122
f 1121 1204 1205
f 1122 1206 1207
f 1122 1207 1123
f 1122 1205 1208
f 1122 1208 1209
f 1122 1209 1206
f 1123 1207 1124
f 1124 1207 1135
f 1125 1134 1203
f 1126 1202 1127
f 1127 1202 1128
f 1128 1202 1129
f 1129 1210 1130
f 1129 1202 1211
f 1129 1211 1210
f 1130 1210 1212
f 1130 1212 1131
f 1131 1212 1213
f 1131 1213 1132
f 1132 1214 1133
f 1132 1213 1215
f 1132 1215 1214
f 1133 1214 1134
f 1134 1214 1216
f 1134 1216 1203
f 1135 1207 1136
f 1136 1207 1142
f 1138 1145 1217
f 1138 1217 1218
f 1138 1218 1219
f 1138 1219 1139
f 1139 1219 1140
f 1140 1219 1149
f 1140 1149 1141
f 1142 1207 1206
f 1142 1206 1220
f 1142 1220 1221
f 1142 1221 1143
f 1143 1221 1144
f 1144 1221 1146
f 1145 1148 1222
f 1145 1222 1217
f 1146 1221 1223
f 1146 1223 1147
f 1147 1223 1224
f 1147 1224 1225
f 1147 1225 1148
f 1148 1225 1226
f 1148 1226 1227
f 1148 1227 1222
f 1149 1219 1228
f 1149 1228 1229
f 1149 1229 1158
f 1151 1230 1152
f 1151 1164 1230
f 1152 1230 1153
f 1153 1231 1232
f 1153 1232 1233
f 1153 1233 1154
f 1153 1230 1234
f 1153 1234 1231
f 1154 1235 1236
f 1154 1236 1237
f 1154 1237 1155
f 1154 1233 1235
f 1155 1237 1238
f 1155 1238 1239
f 1155 1239 1157
f 1157 1239 1165
f 1158 1229 1240
f 1158 1240 1160
f 1158 1160 1159
f 1160 1241 1242
f 1160 1242 1243
f 1160 1243 1244
f 1160 1244 1162
f 1160 1162 1161
f 1160 1240 1241
f 1162 1244 1245
f 1162 1245 1163
f 1163 1245 1246
f 1163 1246 1164
f 1164 1246 1247
f 1164 1247 1230
f 1165 1239 1167
f 1166 1248 1169
f 1166 1167 1249
f 1166 1249 1248
f 1167 1239 1249
f 1168 1169 1170
f 1169 1248 1324
f 1169 1324 1250
f 1169 1250 1170
f 1170 1250 1171
f 1171 1250 1172
f 1172 1251 1173
f 1172 1250 1251
f 1173 1252 1253
f 1173 1253 1174
f 1173 1251 1252
f 1174 1253 1254
f 1174 1254 1175
f 1175 1177 1176
f 1175 1254 1255
f 1175 1255 1256
f 1175 1256 1177
f 1177 1256 1257
f 1177 1257 1178
f 1178 1257 1179
f 1179 1257 1258
f 1179 1258 1182
f 1181 1182 1258
f 1181 1258 1260
f 1181 1260 1259
f 1183 1185 1184
f 1187 1261 1262
f 1187 1262 1190
f 1187 1201 1263
f 1187 1263 1261
f 1188 1195 1189
f 1188 1190 1262
f 1188 1262 1264
f 1188 1264 1195
f 1191 1199 1265
f 1191 1265 1266
f 1191 1266 1192
f 1192 1266 1200
f 1192 1200 1193
f 1193 1200 1194
f 1195 1264 1196
f 1196 1264 1267
f 1196 1267 1197
f 1197 1268 1269
f 1197 1269 1270
f 1197 1270 1271
f 1197 1271 1198
f 1197 1267 1272
f 1197 1272 1273
f 1197 1273 1274
f 1197 1274 1268
f 1198 1271 1199
f 1199 1271 1275
f 1199 1275 1265
f 1200 1266 1211
f 1200 1211 1202
f 1203 1216 1276
f 1203 1276 1204
f 1204 1276 1277
f 1204 1277 1205
f 1205 1277 1278
f 1205 1278 1208
f 1206 1209 1220
f 1208 1279 1209
f 1208 1278 1279
f 1209 1279 1280
f 1209 1280 1281
f 1209 1281 1220
f 1210 1282 1212
f 1210 1211 1282
f 1211 1266 1283
f 1211 1283 1282
f 1212 1282 1284
f 1212 1284 1213
f 1213 1285 1215
f 1213 1284 1286
f 1213 1286 1287
f 1213 1287 1285
f 1214 1215 1285
f 1214 1285 1288
f 1214 1288 1216
f 1216 1289 1290
f 1216 1290 1276
f 1216 1288 1291
f 1216 1291 1292
f 1216 1292 1289
f 1217 1222 1218
f 1218 1222 1228
f 1218 1228 1219
f 1220 1281 1221
f 1221 1281 1223
f 1222 1227 1293
f 1222 1293 1294
f 1222 1294 1228
f 1223 1281 1295
f 1223 1295 1224
f 1224 1295 1296
f 1224 1296 1297
f 1224 1297 1298
f 1224 1298 1299
f 1224 1299 1300
f 1224 1300 1301
f 1224 1301 1225
f 1225 1302 1226
f 1225 1301 1300
f 1225 1300 1303
f 1225 1303 1304
f 1225 1304 1305
f 1225 1305 1302
f 1226 1293 1227
f 1226 1302 1293
f 1228 1294 1306
f 1228 1306 1241
f 1228 1241 1240
f 1228 1240 1229
f 1230 1247 1307
f 1230 1307 1308
f 1230 1308 1309
f 1230 1309 1234
f 1231 1234 1310
f 1231 1310 1311
f 1231 1311 1312
f 1231 1312 1232
f 1232 1312 1235
f 1232 1235 1233
f 1234 1309 1310
f 1235 1312 1313
f 1235 1313 1314
f 1235 1314 1315
f 1235 1315 1316
f 1235 1316 1317
f 1235 1317 1236
f 1236 1317 1318
f 1236 1318 1237
f 1237 1318 1249
f 1237 1249 1238
f 1238 1249 1239
f 1241 1306 1319
f 1241 1319 1242
f 1242 1319 1243
f 1243 1319 1320
f 1243 1320 1321
f 1243 1321 1322
f 1243 1322 1244
f 1244 1322 1245
f 1245 1322 1246
f 1246 1322 1323
f 1246 1323 1307
f 1246 1307 1247
f 1248 1249 1318
f 1248 1318 1317
f 1248 1317 1324
f 1250 1324 1325
f 1250 1325 1326
f 1250 1326 1327
f 1250 1327 1251
f 1251 1327 1328
f 1251 1328 1252
f 1252 1328 1329
f 1252 1329 1330
f 1252 1330 1331
f 1252 1331 1332
f 1252 1332 1253
f 1253 1332 1333
f 1253 1333 1254
f 1254 1260 1334
f 1254 1334 1255
f 1254 1333 1335
f 1254 1335 1336
f 1254 1336 1337
f 1254 1337 1259
f 1254 1259 1260
f 1255 1334 1256
f 1256 1334 1257
f 1257 1334 1260
f 1257 1260 1258
f 1261 1272 1262
f 1261 1263 1338
f 1261 1338 1272
f 1262 1272 1264
f 1264 1272 1267
f 1265 1275 1339
f 1265 1339 1340
f 1265 1340 1266
f 1266 1340 1341
f 1266 1341 1283
f 1268 1274 1269
f 1269 1342 1343
f 1269 1343 1270
f 1269 1274 1342
f 1270 1344 1271
f 1270 1343 1344
f 1271 1344 1275
f 1272 1338 1273
f 1274 1345 1342
f 1275 1344 1343
f 1275 1343 1346
f 1275 1346 1347
f 1275 1347 1339
f 1276 1290 1277
f 1277 1290 1289
f 1277 1289 1348
f 1277 1348 1278
f 1278 1348 1349
f 1278 1349 1279
f 1279 1349 1350
f 1279 1350 1280
f 1280 1350 1295
f 1280 1295 1281
f 1282 1351 1284
f 1282 1283 1351
f 1283 1352 1353
f 1283 1353 1351
f 1283 1341 1403
f 1283 1403 1352
f 1284 1351 1286
f 1285 1287 1354
f 1285 1354 1288
f 1286 1351 1287
f 1287 1351 1353
f 1287 1353 1355
f 1287 1355 1354
f 1288 1354 1291
f 1289 1356 1348
f 1289 1292 1357
f 1289 1357 1358
f 1289 1358 1356
f 1291 1354 1359
f 1291 1359 1360
f 1291 1360 1357
f 1291 1357 1292
f 1293 1302 1361
f 1293 1361 1362
f 1293 1362 1363
f 1293 1363 1294
f 1294 1363 1364
f 1294 1364 1306
f 1295 1350 1365
f 1295 1365 1296
f 1296 1365 1366
f 1296 1366 1367
f 1296 1367 1297
f 1297 1367 1368
f 1297 1368 1369
f 1297 1369 1370
f 1297 1370 1298
f 1298 1370 1371
f 1298 1371 1303
f 1298 1303 1300
f 1298 1300 1299
f 1302 1305 1361
f 1303 1371 1372
f 1303 1372 1304
f 1304 1372 1373
f 1304 1373 1374
f 1304 1374 1305
f 1305 1374 1375
f 1305 1375 1376
f 1305 1376 1361
f 1306 1364 1319
f 1307 1377 1378
f 1307 1378 1379
f 1307 1379 1308
f 1307 1323 1377
f 1308 1379 1309
f 1309 1380 1381
f 1309 1381 1382
f 1309 1382 1310
f 1309 1379 1380
f 1310 1382 1313
f 1310 1313 1311
f 1311 1313 1312
f 1313 1382 1381
f 1313 1381 1383
f 1313 1383 1384
f 1313 1384 1385
f 1313 1385 1386
f 1313 1386 1314
f 1314 1386 1315
f 1315 1386 1324
f 1315 1324 1316
f 1316 1324 1317
f 1319 1364 1387
f 1319 1387 1320
f 1320 1387 1388
f 1320 1388 1321
f 1321 1388 1377
f 1321 1377 1322
f 1322 1377 1323
f 1324 1389 1325
f 1324 1386 1390
f 1324 1390 1389
f 1325 1389 1391
f 1325 1391 1392
f 1325 1392 1326
f 1326 1392 1328
f 1326 1328 1327
f 1328 1392 1393
f 1328 1393 1394
f 1328 1394 1395
f 1328 1395 1396
f 1328 1396 1329
f 1329 1396 1330
f 1330 1396 1397
f 1330 1397 1398
f 1330 1398 1331
f 1331 1398 1399
f 1331 1399 1400
f 1331 1400 1401
f 1331 1401 1335
f 1331 1335 1333
f 1331 1333 1332
f 1335 1401 1337
f 1335 1337 1336
f 1337 1401 1402
f 1339 1403 1341
f 1339 1341 1340
f 1339 1347 1404
f 1339 1404 1405
f 1339 1405 1406
f 1339 1406 1403
f 1342 1345 1343
f 1343 1345 1407
f 1343 1407 1408
f 1343 1408 1409
f 1343 1409 1346
f 1345 1410 1411
f 1345 1411 1407
f 1346 1404 1347
f 1346 1409 1408
f 1346 1408 1412
f 1346 1412 1404
f 1348 1356 1349
f 1349 1356 1350
f 1350 1356 1413
f 1350 1413 1414
f 1350 1414 1365
f 1352 1415 1353
f 1352 1403 1415
f 1353 1415 1355
f 1354 1355 1359
f 1355 1416 1359
f 1355 1415 1416
f 1356 1358 1417
f 1356 1417 1413
f 1357 1360 1418
f 1357 1418 1419
f 1357 1419 1358
f 1358 1419 1420
f 1358 1420 1417
f 1359 1416 1421
f 1359 1421 1360
f 1360 1421 1418
f 1361 1376 1422
f 1361 1422 1362
f 1362 1422 1423
f 1362 1423 1363
f 1363 1423 1424
f 1363 1424 1425
f 1363 1425 1364
f 1364 1425 1387
f 1365 1414 1366
f 1366 1414 1426
f 1366 1426 1427
f 1366 1427 1367
f 1367 1427 1368
f 1368 1427 1428
f 1368 1428 1429
f 1368 1429 1430
f 1368 1430 1369
f 1369 1430 1370
f 1370 1430 1431
f 1370 1431 1371
f 1371 1431 1432
f 1371 1432 1433
f 1371 1433 1372
f 1372 1433 1434
f 1372 1434 1373
f 1373 1435 1374
f 1373 1434 1435
f 1374 1435 1436
f 1374 1436 1375
f 1375 1436 1437
f 1375 1437 1438
f 1375 1438 1376
f 1376 1438 1439
f 1376 1439 1422
f 1377 1388 1440
f 1377 1440 1441
f 1377 1441 1378
f 1378 1441 1442
f 1378 1442 1379
f 1379 1442 1380
f 1380 1442 1443
f 1380 1443 1444
f 1380 1444 1445
f 1380 1445 1381
f 1381 1445 1383
f 1383 1446 1447
f 1383 1447 1448
f 1383 1448 1384
f 1383 1445 1449
f 1383 1449 1446
f 1384 1448 1385
f 1385 1448 1450
f 1385 1450 1390
f 1385 1390 1386
f 1387 1425 1451
f 1387 1451 1388
f 1388 1451 1452
f 1388 1452 1440
f 1389 1390 1450
f 1389 1450 1391
f 1391 1453 1393
f 1391 1393 1392
f 1391 1450 1454
f 1391 1454 1453
f 1393 1455 1456
f 1393 1456 1394
f 1393 1453 1457
f 1393 1457 1455
f 1394 1458 1459
f 1394 1459 1395
f 1394 1456 1458
f 1395 1459 1460
f 1395 1460 1396
f 1396 1460 1461
f 1396 1461 1397
f 1397 1461 1462
f 1397 1462 1463
f 1397 1463 1398
f 1398 1463 1464
f 1398 1464 1399
f 1399 1464 1400
f 1400 1402 1401
f 1400 1464 1465
f 1403 1406 1466
f 1403 1466 1415
f 1404 1412 1467
f 1404 1467 1468
f 1404 1468 1405
f 1405 1469 1406
f 1405 1468 1469
f 1406 1469 1470
f 1406 1470 1471
f 1406 1471 1472
f 1406 1472 1466
f 1407 1411 1408
f 1408 1411 1473
f 1408 1473 1412
f 1410 1474 1475
f 1410 1475 1476
f 1410 1476 1411
f 1411 1476 1477
f 1411 1477 1473
f 1412 1473 1467
f 1413 1417 1414
f 1414 1417 1478
f 1414 1478 1427
f 1414 1427 1426
f 1415 1479 1416
f 1415 1466 1479
f 1416 1479 1480
f 1416 1480 1421
f 1417 1420 1481
f 1417 1481 1478
f 1418 1421 1482
f 1418 1482 1483
f 1418 1483 1419
f 1419 1483 1484
f 1419 1484 1420
f 1420 1484 1542
f 1420 1542 1485
f 1420 1485 1481
f 1421 1480 1482
f 1422 1439 1423
f 1423 1439 1486
f 1423 1486 1487
f 1423 1487 1424
f 1424 1487 1488
f 1424 1488 1425
f 1425 1488 1451
f 1427 1478 1481
f 1427 1481 1428
f 1428 1481 1485
f 1428 1485 1489
f 1428 1489 1429
f 1429 1489 1490
f 1429 1490 1430
f 1430 1490 1491
f 1430 1491 1492
f 1430 1492 1431
f 1431 1492 1432
f 1432 1492 1433
f 1433 1492 1493
f 1433 1493 1434
f 1434 1494 1435
f 1434 1493 1495
f 1434 1495 1496
f 1434 1496 1494
f 1435 1494 1436
f 1436 1494 1497
f 1436 1497 1437
f 1437 1498 1438
f 1437 1497 1499
f 1437 1499 1500
f 1437 1500 1498
f 1438 1498 1501
f 1438 1501 1439
f 1439 1501 1502
f 1439 1502 1486
f 1440 1452 1503
f 1440 1503 1441
f 1441 1503 1504
f 1441 1504 1442
f 1442 1504 1443
f 1443 1504 1505
f 1443 1505 1444
f 1444 1449 1445
f 1444 1505 1506
f 1444 1506 1446
f 1444 1446 1449
f 1446 1506 1507
f 1446 1507 1508
f 1446 1508 1509
f 1446 1509 1447
f 1447 1509 1454
f 1447 1454 1450
f 1447 1450 1448
f 1451 1488 1510
f 1451 1510 1452
f 1452 1510 1511
f 1452 1511 1503
f 1453 1454 1512
f 1453 1512 1457
f 1454 1509 1512
f 1455 1513 1456
f 1455 1457 1514
f 1455 1514 1513
f 1456 1513 1515
f 1456 1515 1516
f 1456 1516 1517
f 1456 1517 1518
f 1456 1518 1519
f 1456 1519 1520
f 1456 1520 1458
f 1457 1521 1514
f 1457 1512 1521
f 1458 1520 1522
f 1458 1522 1459
f 1459 1522 1523
f 1459 1523 1461
f 1459 1461 1460
f 1461 1523 1462
f 1462 1523 1463
f 1463 1523 1464
f 1464 1523 1524
f 1464 1524 1465
f 1465 1524 1525
f 1466 1472 1479
f 1467 1473 1477
f 1467 1477 1526
f 1467 1526 1469
f 1467 1469 1468
f 1469 1526 1527
f 1469 1527 1470
f 1470 1528 1471
f 1470 1527 1528
f 1471 1529 1530
f 1471 1530 1531
f 1471 1531 1472
f 1471 1528 1532
f 1471 1532 1533
f 1471 1533 1529
f 1472 1531 1480
f 1472 1480 1479
f 1474 1534 1535
f 1474 1535 1536
f 1474 1536 1537
f 1474 1537 1475
f 1475 1537 1538
f 1475 1538 1539
f 1475 1539 1477
f 1475 1477 1476
f 1477 1539 1527
f 1477 1527 1526
f 1480 1540 1541
f 1480 1541 1482
f 1480 1531 1540
f 1482 1541 1483
f 1483 1541 1484
f 1484 1541 1490
f 1484 1490 1542
f 1485 1542 1489
f 1486 1502 1543
f 1486 1543 1544
f 1486 1544 1487
f 1487 1544 1545
f 1487 1545 1488
f 1488 1545 1510
f 1489 1542 1490
f 1490 1541 1540
f 1490 1540 1546
f 1490 1546 1491
f 1491 1546 1547
f 1491 1547 1548
f 1491 1548 1492
f 1492 1548 1493
f 1493 1548 1549
f 1493 1549 1550
f 1493 1550 1551
f 1493 1551 1495
f 1494 1496 1552
f 1494 1552 1497
f 1495 1551 1496
f 1496 1551 1553
f 1496 1553 1605
f 1496 1605 1552
f 1497 1552 1554
f 1497 1554 1499
f 1498 1555 1501
f 1498 1500 1555
f 1499 1554 1500
f 1500 1556 1555
f 1500 1554 1556
f 1501 1557 1502
f 1501 1555 1557
f 1502 1557 1558
f 1502 1558 1543
f 1503 1511 1559
f 1503 1559 1504
f 1504 1559 1560
f 1504 1560 1505
f 1505 1560 1506
f 1506 1560 1507
f 1507 1560 1561
f 1507 1561 1562
f 1507 1562 1563
f 1507 1563 1508
f 1508 1563 1564
f 1508 1564 1512
f 1508 1512 1509
f 1510 1545 1565
f 1510 1565 1566
f 1510 1566 1511
f 1511 1566 1559
f 1512 1564 1521
f 1513 1514 1567
f 1513 1567 1515
f 1514 1521 1568
f 1514 1568 1567
f 1515 1567 1516
f 1516 1569 1570
f 1516 1570 1517
f 1516 1567 1569
f 1517 1519 1518
f 1517 1570 1571
f 1517 1571 1572
f 1517 1572 1573
f 1517 1573 1519
f 1519 1573 1574
f 1519 1574 1520
f 1520 1574 1522
f 1521 1564 1575
f 1521 1575 1568
f 1522 1574 1576
f 1522 1576 1523
f 1523 1576 1577
f 1523 1577 1578
f 1523 1578 1524
f 1524 1578 1525
f 1525 1578 1579
f 1527 1539 1580
f 1527 1580 1528
f 1528 1581 1532
f 1528 1580 1538
f 1528 1538 1581
f 1529 1533 1582
f 1529 1582 1583
f 1529 1583 1584
f 1529 1584 1540
f 1529 1540 1530
f 1530 1540 1531
f 1532 1581 1533
f 1533 1585 1582
f 1533 1581 1536
f 1533 1536 1586
f 1533 1586 1585
f 1534 1587 1588
f 1534 1588 1589
f 1534 1589 1535
f 1535 1589 1536
f 1536 1538 1537
f 1536 1589 1590
f 1536 1590 1586
f 1536 1581 1538
f 1538 1580 1539
f 1540 1584 1591
f 1540 1591 1546
f 1543 1558 1592
f 1543 1592 1593
f 1543 1593 1544
f 1544 1593 1545
f 1545 1593 1565
f 1546 1591 1594
f 1546 1594 1595
f 1546 1595 1547
f 1547 1595 1583
f 1547 1583 1596
f 1547 1596 1597
f 1547 1597 1548
f 1548 1597 1598
f 1548 1598 1549
f 1549 1598 1599
f 1549 1599 1596
f 1549 1596 1550
f 1550 1596 1600
f 1550 1600 1601
f 1550 1601 1551
f 1551 1601 1602
f 1551 1602 1603
f 1551 1603 1553
f 1552 1604 1554
f 1552 1605 1606
f 1552 1606 1604
f 1553 1603 1607
f 1553 1607 1605
f 1554 1604 1608
f 1554 1608 1556
f 1555 1556 1609
f 1555 1609 1557
f 1556 1608 1609
f 1557 1609 1558
f 1558 1609 1610
f 1558 1610 1611
f 1558 1611 1592
f 1559 1566 1560
f 1560 1566 1561
f 1561 1612 1613
f 1561 1613 1562
f 1561 1566 1612
f 1562 1613 1614
f 1562 1614 1615
f 1562 1615 1563
f 1563 1615 1575
f 1563 1575 1564
f 1565 1593 1612
f 1565 1612 1566
f 1567 1568 1618
f 1567 1618 1616
f 1567 1616 1617
f 1567 1617 1569
f 1568 1575 1615
f 1568 1615 1614
f 1568 1614 1618
f 1569 1617 1619
f 1569 1619 1570
f 1570 1619 1620
f 1570 1620 1571
f 1571 1620 1621
f 1571 1621 1622
f 1571 1622 1572
f 1572 1622 1573
f 1573 1622 1623
f 1573 1623 1624
f 1573 1624 1579
f 1573 1579 1625
f 1573 1625 1574
f 1574 1625 1578
f 1574 1578 1577
f 1574 1577 1576
f 1578 1625 1579
f 1579 1624 1626
f 1582 1585 1627
f 1582 1627 1583
f 1583 1628 1629
f 1583 1629 1630
f 1583 1630 1631
f 1583 1631 1596
f 1583 1595 1632
f 1583 1632 1591
f 1583 1591 1584
f 1583 1627 1588
f 1583 1588 1633
f 1583 1633 1634
f 1583 1634 1628
f 1585 1586 1590
f 1585 1590 1588
f 1585 1588 1627
f 1587 1635 1636
f 1587 1636 1637
f 1587 1637 1638
f 1587 1638 1588
f 1588 1638 1634
f 1588 1634 1633
f 1588 1590 1589
f 1591 1632 1594
f 1592 1612 1593
f 1592 1611 1613
f 1592 1613 1612
f 1594 1632 1595
f 1596 1639 1600
f 1596 1599 1597
f 1596 1631 1640
f 1596 1640 1641
f 1596 1641 1642
f 1596 1642 1639
f 1597 1599 1598
f 1600 1639 1643
f 1600 1643 1601
f 1601 1643 1644
f 1601 1644 1602
f 1602 1644 1603
f 1603 1644 1645
f 1603 1645 1646
f 1603 1646 1607
f 1604 1606 1647
f 1604 1647 1648
f 1604 1648 1649
f 1604 1649 1608
f 1605 1607 1650
f 1605 1650 1651
f 1605 1651 1606
f 1606 1651 1647
f 1607 1646 1650
f 1608 1649 1616
f 1608 1616 1618
f 1608 1618 1609
f 1609 1618 1610
f 1610 1652 1611
f 1610 1618 1652
f 1611 1652 1614
f 1611 1614 1613
f 1614 1652 1618
f 1616 1649 1653
f 1616 1653 1654
f 1616 1654 1617
f 1617 1654 1619
f 1619 1654 1653
f 1619 1653 1649
f 1619 1649 1651
f 1619 1651 1655
f 1619 1655 1656
f 1619 1656 1657
f 1619 1657 1658
f 1619 1658 1659
f 1619 1659 1660
f 1619 1660 1621
f 1619 1621 1620
f 1621 1661 1662
f 1621 1662 1623
f 1621 1623 1622
f 1621 1660 1663
f 1621 1663 1664
f 1621 1664 1665
f 1621 1665 1666
f 1621 1666 1661
f 1623 1662 1666
f 1623 1666 1624
f 1624 1666 1626
f 1628 1634 1667
f 1628 1667 1629
f 1629 1631 1630
f 1629 1667 1668
f 1629 1668 1669
f 1629 1669 1631
f 1631 1669 1670
f 1631 1670 1640
f 1634 1638 1668
f 1634 1668 1667
f 1635 1671 1641
f 1635 1641 1670
f 1635 1670 1636
f 1636 1670 1637
f 1637 1670 1668
f 1637 1668 1638
f 1639 1642 1672
f 1639 1672 1643
f 1640 1670 1673
f 1640 1673 1641
f 1641 1674 1642
f 1641 1673 1670
f 1641 1671 1674
f 1642 1674 1672
f 1643 1672 1675
f 1643 1675 1644
f 1644 1675 1676
f 1644 1676 1645
f 1645 1676 1646
f 1646 1677 1650
f 1646 1676 1678
f 1646 1678 1677
f 1647 1651 1648
f 1648 1651 1649
f 1650 1677 1651
f 1651 1679 1655
f 1651 1677 1680
f 1651 1680 1681
f 1651 1681 1679
f 1655 1657 1656
f 1655 1679 1682
f 1655 1682 1657
f 1657 1682 1683
f 1657 1683 1684
f 1657 1684 1659
f 1657 1659 1658
f 1659 1684 1664
f 1659 1664 1663
f 1659 1663 1660
f 1661 1666 1662
f 1664 1684 1685
f 1664 1685 1686
f 1664 1686 1665
f 1668 1670 1669
f 1671 1687 1688
f 1671 1688 1689
f 1671 1689 1674
f 1672 1674 1689
f 1672 1689 1690
f 1672 1690 1688
f 1672 1688 1675
f 1675 1688 1691
f 1675 1691 1692
f 1675 1692 1676
f 1676 1692 1693
f 1676 1693 1678
f 1677 1678 1680
f 1678 1693 1694
f 1678 1694 1680
f 1679 1681 1682
f 1680 1694 1695
f 1680 1695 1681
f 1681 1695 1696
f 1681 1696 1697
f 1681 1697 1682
f 1682 1685 1684
f 1682 1684 1683
f 1682 1697 1685
f 1685 1697 1686
f 1687 1698 1691
f 1687 1691 1688
f 1688 1690 1689
f 1691 1698 1692
f 1692 1698 1699
f 1692 1699 1693
f 1693 1699 1700
f 1693 1700 1694
f 1694 1700 1701
f 1694 1701 1695
f 1695 1701 1696
f 1696 1701 1700
