# ABC bottle geometry; canonical radius 1 and height 1, bottom z=0.
# https://github.com/mikedh/trimesh
v -0.994991333199 -0.0319520591298 0.0598152914511
v -0.994406976332 -0.0319520591298 0.0658645376488
v -0.994991333199 0.0319519312058 0.0598152914511
v -0.989926821732 -0.0319520591298 0.0499159356261
v -0.989731993469 -0.0958560494653 0.0598152914511
v -0.992459077466 -0.056695376556 0.0658645376488
v 0.310691276283 -0.943168582098 0.0658838862264
v -0.994406976332 0.0319519312058 0.0658645376488
v -0.991290299769 0.071112604115 0.0658645376488
v -0.989731993469 0.0960507498051 0.0598152914511
v -0.989926821732 0.0319519312058 0.0499159356261
v -0.976291465709 -0.0319520591298 0.0400230524199
v -0.98466741804 -0.0958560494653 0.0499159356261
v -0.989147636601 -0.0958560494653 0.0658645376488
v -0.980187263441 -0.159760039801 0.0598152914511
v -0.979797606913 -0.159760039801 0.0658645376488
v -0.985641431435 -0.120599366892 0.0658645376488
v -0.560997495836 -0.821400213643 0.0658645376488
v -0.529051800925 -0.842441794057 0.0658645376488
v -0.479574952259 -0.871081740721 0.0658645376488
v -0.455420852813 -0.883940534056 0.0658645376488
v -0.440227190489 -0.891928492871 0.0658645376488
v -0.408281495578 -0.906151020091 0.0658645376488
v -0.351597344354 -0.928556270427 0.0658645376488
v -0.315171494844 -0.941609828064 0.0658645376488
v -0.280109187333 -0.954078964871 0.0658645376488
v -0.26063007075 -0.960897890142 0.0658645376488
v -0.223619800411 -0.968301428128 0.0658645376488
v -0.184661631206 -0.975510201813 0.0658645376488
v -0.159728474552 -0.979991315842 0.0658645376488
v -0.0958370847312 -0.989343008542 0.0658645376488
v -0.0317508666466 -0.994603435627 0.0658645376488
v 0.0317508666466 -0.994603435627 0.0658645376488
v 0.0958370847312 -0.989343008542 0.0658645376488
v 0.134990018238 -0.983692988892 0.0658645376488
v 0.159728474552 -0.979991315842 0.0658645376488
v 0.198686579795 -0.972977434383 0.0658645376488
v 0.223619800411 -0.968301428128 0.0658645376488
v 0.26063007075 -0.960897890142 0.0658645376488
v 0.310691276283 -0.943558174664 0.0627560872085
v 0.351792172618 -0.928556270427 0.0658838862264
v 0.310691276283 -0.694371546027 0.0658838862264
v -0.975317452314 -0.184503357227 0.0658645376488
v -0.968110213717 -0.223664094098 0.0658645376488
v -0.960708146857 -0.260681592144 0.0658645376488
v -0.936359347071 -0.330040837828 0.0658645376488
v -0.928372859381 -0.351861731297 0.0658645376488
v -0.905971958461 -0.40855701191 0.0658645376488
v -0.891947009872 -0.440509039059 0.0658645376488
v -0.870909586988 -0.479669711968 0.0658645376488
v -0.860001314961 -0.499152666272 0.0658645376488
v -0.842470225168 -0.529156346821 0.0658645376488
v -0.829808754615 -0.548834065426 0.0658645376488
v -0.821432738322 -0.561303202233 0.0658645376488
v -0.78929227911 -0.602801814308 0.0658645376488
v -0.763385109061 -0.634753777495 0.0658645376488
v -0.704363466405 -0.704502679706 0.0658645376488
v -0.634628379986 -0.763341135183 0.0658645376488
v -0.602682685076 -0.789448250456 0.0658645376488
v -0.577165107593 -0.8091259051 0.0658645376488
v -0.989147636601 0.0960507498051 0.0658645376488
v -0.98466741804 0.0960507498051 0.0499159356261
v -0.983498640343 0.135016594451 0.0658645376488
v -0.979797606913 0.159954740141 0.0658645376488
v -0.980187263441 0.159954740141 0.0598152914511
v -0.976291465709 0.0319519312058 0.0400230524199
v -0.963045638289 -0.0319520591298 0.033722264816
v -0.961097739423 -0.0820231787737 0.0343413995063
v -0.968889398849 -0.100337163495 0.0391395201586
v -0.964993601117 -0.159760039801 0.0418094259323
v -0.97512262405 -0.159760039801 0.0499159356261
v -0.96012378999 -0.258733309506 0.0537015664895
v -0.968694570585 -0.223664094098 0.0598152914511
v -0.561387024439 -0.82178987017 0.0598152914511
v -0.529441393491 -0.842831450584 0.0598152914511
v -0.479574952259 -0.871666225513 0.0598152914511
v -0.440811547356 -0.892123321135 0.0598152914511
v -0.408865852446 -0.906345784392 0.0598152914511
v -0.351597344354 -0.928945926955 0.0598152914511
v -0.293160122528 -0.949792679105 0.0598152914511
v -0.261214427617 -0.961092910292 0.0598152914511
v -0.223619800411 -0.968885912919 0.0598152914511
v -0.159728474552 -0.980380972369 0.0598152914511
v -0.0958370847312 -0.98973266507 0.0598152914511
v -0.0317508666466 -0.995187856456 0.0598152914511
v 0.0317508666466 -0.995187856456 0.0598152914511
v 0.0958370847312 -0.98973266507 0.0598152914511
v 0.159728474552 -0.980380972369 0.0598152914511
v 0.223619800411 -0.968885912919 0.0598152914511
v 0.261019663315 -0.961092910292 0.0598152914511
v 0.310691276283 -0.943753002928 0.0598217541729
v 0.351792172618 -0.928945926955 0.0598217541729
v 0.40847625988 -0.906151020091 0.0658838862264
v 0.684494821218 -0.330040837828 0.0658838862264
v -0.704363466405 0.704502551782 0.0658645376488
v -0.710207163003 0.697683498587 0.0658645376488
v -0.763190344759 0.634753649571 0.0658645376488
v -0.789487043411 0.60260685812 0.0658645376488
v -0.821432738322 0.561108246045 0.0658645376488
v -0.834288909214 0.541625291742 0.0658645376488
v -0.842275396904 0.528961390633 0.0658645376488
v -0.871104415251 0.47947475578 0.0658645376488
v -0.89175224557 0.440314082871 0.0658645376488
v -0.905971958461 0.408167227459 0.0658645376488
v -0.928372859381 0.351471946845 0.0658645376488
v -0.936554047411 0.329066568585 0.0658645376488
v -0.960708146857 0.26068146422 0.0658645376488
v -0.963824759458 0.246069280473 0.0658645376488
v -0.968110213717 0.223858730476 0.0658645376488
v -0.972785260543 0.198920584786 0.0658645376488
v -0.960902911159 -0.261266140897 0.0598152914511
v -0.949799874831 -0.293218104084 0.0598152914511
v -0.936748875674 -0.330040837828 0.0598152914511
v -0.928957216249 -0.351861731297 0.0598152914511
v -0.906361487064 -0.409141496702 0.0598152914511
v -0.892141774173 -0.44109352385 0.0598152914511
v -0.871688772119 -0.479669711968 0.0598152914511
v -0.842664925507 -0.529546003348 0.0598152914511
v -0.821627502624 -0.561692858761 0.0598152914511
v -0.789681871675 -0.603191470836 0.0598152914511
v -0.763579937325 -0.635143434022 0.0598152914511
v -0.704363466405 -0.704502679706 0.0598152914511
v -0.671443822062 -0.732752905881 0.0598152914511
v -0.635017972552 -0.763730727749 0.0598152914511
v -0.603072277641 -0.789837906984 0.0598152914511
v -0.97512262405 0.159954740141 0.0499159356261
v -0.964993601117 0.159954740141 0.0418094259323
v -0.968889398849 0.100531863834 0.0391395201586
v -0.968694570585 0.223858730476 0.0598152914511
v -0.96012378999 0.258928009846 0.0537015664895
v -0.961097739423 0.0822178791135 0.0343413995063
v -0.963045638289 0.0319519312058 0.033722264816
v -0.947657211663 -0.0319520591298 0.0288016295639
v -0.947462383399 -0.100337163495 0.0306912185832
v -0.958760247991 -0.124690824393 0.035257176098
v -0.955643571429 -0.159760039801 0.0368629892777
v -0.961097739423 -0.202817341948 0.0438731521502
v -0.957201941691 -0.245290095342 0.0471041270872
v -0.963824759458 -0.2238588584 0.0502061444966
v -0.94824156853 -0.283086970405 0.0502061444966
v -0.931489535944 -0.330040837828 0.0500126884112
v -0.923697876518 -0.351861731297 0.0499223983479
v -0.52496117493 -0.839909026628 0.0499223983479
v -0.59917647991 -0.786720654763 0.0499223983479
v -0.556712105538 -0.81867261795 0.0499223983479
v -0.479574952259 -0.865821377599 0.0499223983479
v -0.402632563282 -0.903813016963 0.0499223983479
v -0.434773022495 -0.889395725442 0.0499223983479
v -0.351597344354 -0.92368549987 0.0499223983479
v -0.258682171884 -0.960313469312 0.0537015664895
v -0.159728474552 -0.975315373549 0.0499223983479
v -0.0958370847312 -0.984667066249 0.0499223983479
v -0.0317508666466 -0.989927493334 0.0499223983479
v 0.0317508666466 -0.989927493334 0.0499223983479
v 0.0958370847312 -0.984667066249 0.0499223983479
v 0.159728474552 -0.975315373549 0.0499223983479
v 0.258487407582 -0.960313469312 0.0537015664895
v 0.351792172618 -0.92368549987 0.0499223983479
v 0.402827327584 -0.903813016963 0.0499223983479
v 0.408865852446 -0.906345784392 0.0598217541729
v 0.420942902169 -0.900695764742 0.0658838862264
v 0.936359347071 -0.330040837828 0.0658838862264
v -0.0319456949104 0.994603371665 0.0658645376488
v -0.0710986284172 0.99148599152 0.0658645376488
v -0.096031849033 0.989343008542 0.0658645376488
v -0.134990018238 0.983692988892 0.0658645376488
v -0.159923238854 0.979991123956 0.0658645376488
v -0.198881408059 0.972977370421 0.0658645376488
v -0.223814628675 0.968301428128 0.0658645376488
v -0.246020765293 0.9640150784 0.0658645376488
v -0.26063007075 0.960897890142 0.0658645376488
v -0.32900161517 0.936739057507 0.0658645376488
v -0.351597344354 0.928556206465 0.0658645376488
v -0.408281495578 0.906150764243 0.0658645376488
v -0.440227190489 0.891928300985 0.0658645376488
v -0.479380123996 0.871276313137 0.0658645376488
v -0.529051800925 0.842441602171 0.0658645376488
v -0.541518379252 0.834453579393 0.0658645376488
v -0.560997495836 0.821594977945 0.0658645376488
v -0.602487920774 0.789642886834 0.0658645376488
v -0.634628379986 0.763341007259 0.0658645376488
v -0.697545820374 0.710347399696 0.0658645376488
v -0.704363466405 0.704502551782 0.0598152914511
v -0.763579937325 0.635143306098 0.0598152914511
v -0.789681871675 0.602996514648 0.0598152914511
v -0.821627502624 0.561497838611 0.0598152914511
v -0.842664925507 0.529545875424 0.0598152914511
v -0.871493943855 0.47947475578 0.0598152914511
v -0.891947009872 0.440898567662 0.0598152914511
v -0.906361487064 0.408946540514 0.0598152914511
v -0.928957216249 0.351471946845 0.0598152914511
v -0.949799874831 0.293412804424 0.0598152914511
v -0.960902911159 0.261460777275 0.0598152914511
v -0.903634467029 -0.403101820524 0.0499223983479
v -0.889414754138 -0.435053783711 0.0499223983479
v -0.865845075521 -0.479669711968 0.0499223983479
v -0.839743077208 -0.525064953281 0.0499223983479
v -0.818510890023 -0.55701698043 0.0499223983479
v -0.786565195112 -0.59929490556 0.0499223983479
v -0.703779109538 -0.703918194915 0.0545077044403
v -0.963824759458 0.22405355874 0.0502061444966
v -0.957201941691 0.245484795682 0.0471041270872
v -0.961097739423 0.202817214024 0.0438731521502
v -0.955643571429 0.159954740141 0.0368629892777
v -0.958760247991 0.124885460771 0.035257176098
v -0.923503176178 0.351471946845 0.0499159356261
v -0.94824156853 0.283086842481 0.0502061444966
v -0.947462383399 0.100531863834 0.0306912185832
v -0.947657211663 0.0319519312058 0.0288016295639
v -0.918828193315 -0.0319520591298 0.0202501223785
v -0.910257348758 -0.0968301907843 0.0194569098714
v -0.908114685591 -0.159760039801 0.0215464176979
v -0.936748875674 -0.159760039801 0.0301494782035
v -0.924282297348 -0.223664094098 0.0301494782035
v -0.950189403434 -0.2238588584 0.0403519485487
v -0.932073892811 -0.287762848736 0.0400230524199
v -0.89934901277 -0.393165515108 0.0428284081339
v -0.517753936333 -0.835427912598 0.0431057212517
v -0.631122110858 -0.760418647264 0.0499223983479
v -0.588657736487 -0.778148147194 0.0400230524199
v -0.392893004991 -0.899331902934 0.0428284081339
v -0.414904377307 -0.882966264813 0.0397328435494
v -0.482496800558 -0.848481470235 0.0398940652014
v -0.283031035632 -0.948428945221 0.0502126072185
v -0.223814628675 -0.964015334248 0.0502126072185
v -0.245241580162 -0.957196217092 0.0471041270872
v -0.202777205791 -0.961287738555 0.0438731521502
v -0.159728474552 -0.965184239869 0.0418158886541
v -0.100512067594 -0.969080933069 0.0391459729835
v -0.0317508666466 -0.976484279169 0.0400230524199
v 0.0317508666466 -0.976484279169 0.0400230524199
v 0.10031723933 -0.969080933069 0.0391459729835
v 0.159728474552 -0.965184239869 0.0418158886541
v 0.202582441489 -0.961287738555 0.0438731521502
v 0.245241580162 -0.957196217092 0.0471041270872
v 0.223619800411 -0.964015334248 0.0502126072185
v 0.282836207368 -0.948428945221 0.0502126072185
v 0.310691276283 -0.938492639805 0.0500900827218
v 0.392893004991 -0.899526667236 0.0428284081339
v 0.434773022495 -0.889395725442 0.0499223983479
v 0.440811547356 -0.892318149399 0.0598217541729
v 0.440227190489 -0.891928492871 0.0658838862264
v 0.928372859381 -0.351861731297 0.0658838862264
v 0.928957216249 -0.351861731297 0.0598217541729
v 0.936748875674 -0.330040837828 0.0598217541729
v 0.949799874831 -0.293218104084 0.0598152914511
v 0.95642275656 -0.272955836725 0.0658645376488
v 0.960708146857 -0.26048676388 0.0658645376488
v 0.963824759458 -0.245874580133 0.0658645376488
v 0.968110213717 -0.223664094098 0.0658645376488
v 0.972785260543 -0.19892071271 0.0658645376488
v 0.979797606913 -0.159565211537 0.0658645376488
v 0.983498640343 -0.134821894111 0.0658645376488
v 0.989147636601 -0.0956612212015 0.0658645376488
v 0.994406976332 -0.031757230866 0.0658645376488
v 0.994406976332 0.0319519312058 0.0658645376488
v 0.992459077466 0.056695248632 0.0658645376488
v 0.989147636601 0.0960507498051 0.0658645376488
v 0.985641431435 0.120794067231 0.0658645376488
v 0.979797606913 0.159954740141 0.0658645376488
v 0.975317452314 0.184892885831 0.0658645376488
v 0.968110213717 0.223858730476 0.0658645376488
v 0.965188365418 0.238470914223 0.0658645376488
v 0.960708146857 0.26068146422 0.0658645376488
v 0.953890436864 0.280359246787 0.0658645376488
v 0.941423858537 0.315233697893 0.0658645376488
v 0.928372859381 0.351471946845 0.0658645376488
v 0.905971958461 0.408362055722 0.0658645376488
v 0.897401177866 0.427844946064 0.0658645376488
v 0.89175224557 0.440314082871 0.0658645376488
v 0.871104415251 0.47947475578 0.0658645376488
v 0.842470225168 0.528961390633 0.0658645376488
v 0.821432738322 0.561108246045 0.0658645376488
v 0.789487043411 0.60260685812 0.0658645376488
v 0.763190344759 0.634753649571 0.0658645376488
v 0.704363466405 0.704502551782 0.0658645376488
v 0.634628379986 0.763341007259 0.0658645376488
v 0.602682685076 0.789448122532 0.0658645376488
v 0.560997495836 0.821400213643 0.0658645376488
v 0.529051800925 0.842441602171 0.0658645376488
v 0.479574952259 0.871276313137 0.0658645376488
v 0.440421954791 0.891733472722 0.0658645376488
v 0.427955376464 0.897383492372 0.0658645376488
v 0.40847625988 0.906150764243 0.0658645376488
v 0.351597344354 0.928361442164 0.0658645376488
v 0.329975564603 0.936349400979 0.0658645376488
v 0.26063007075 0.960897890142 0.0658645376488
v 0.223619800411 0.968301428128 0.0658645376488
v 0.184466866904 0.975509945964 0.0658645376488
v 0.159728474552 0.979991123956 0.0658645376488
v 0.120575477083 0.985835907908 0.0658645376488
v 0.0958370847312 0.989343008542 0.0658645376488
v 0.0566840872624 0.992655025065 0.0658645376488
v 0.0319456949104 0.994603371665 0.0658645376488
v -0.0319456949104 0.995187856456 0.0598152914511
v -0.096031849033 0.989732601108 0.0598152914511
v -0.159923238854 0.980380716521 0.0598152914511
v -0.223814628675 0.968885848957 0.0598152914511
v -0.261214427617 0.961092654443 0.0598152914511
v -0.293354950791 0.949987443407 0.0598152914511
v -0.351597344354 0.929140691257 0.0598152914511
v -0.408865852446 0.906345592506 0.0598152914511
v -0.440811547356 0.892123129249 0.0598152914511
v -0.479380123996 0.871665969664 0.0598152914511
v -0.529441393491 0.842831386622 0.0598152914511
v -0.561387024439 0.821789806208 0.0598152914511
v -0.60287751334 0.78983777906 0.0598152914511
v -0.635017972552 0.763730599825 0.0598152914511
v -0.703779109538 0.703918066991 0.0545012417185
v -0.760268432498 0.631246740823 0.0499159356261
v -0.786370366849 0.599099949372 0.0499159356261
v -0.818510890023 0.55682196028 0.0499159356261
v -0.839548248945 0.524869933131 0.0499159356261
v -0.865650247257 0.47947475578 0.0499159356261
v -0.889219925874 0.434664063221 0.0499159356261
v -0.903634467029 0.402906864336 0.0499159356261
v -0.883181464975 -0.414986408577 0.0397328435494
v -0.848508686067 -0.482786964189 0.0398940652014
v -0.835262858647 -0.517856243558 0.0431057212517
v -0.778189178819 -0.588968943616 0.0400230524199
v -0.760268432498 -0.631246868747 0.0499223983479
v -0.723452990423 -0.675473140477 0.0506962919683
v -0.69949371924 -0.699437144848 0.0479038320071
v -0.675534448057 -0.723595977482 0.0506962919683
v -0.89934901277 0.39297055892 0.0428284081339
v -0.932073892811 0.287762720812 0.0400230524199
v -0.950189403434 0.22405355874 0.0403519485487
v -0.924282297348 0.223858730476 0.0301494782035
v -0.936748875674 0.159954740141 0.0301494782035
v -0.910257348758 0.0968300628603 0.0194569098714
v -0.908114685591 0.159954740141 0.0215464176979
v -0.918828193315 0.0319519312058 0.0202501223785
v -0.898180299035 -0.0319520591298 0.0146007533831
v -0.896621992735 -0.0761783308598 0.0149425452647
v -0.8938949727 -0.118845912517 0.0156325818527
v -0.890193939269 -0.159760039801 0.0165999414555
v -0.901686504201 -0.223664094098 0.023345686963
v -0.897206349602 -0.261460905199 0.0246290568388
v -0.907140672196 -0.284645596515 0.0301494782035
v -0.900517790467 -0.334521887895 0.0334256328116
v -0.892726131041 -0.377189533515 0.0362309885256
v -0.907919857327 -0.354199670463 0.0397328435494
v -0.506066479176 -0.828024502536 0.0365018488184
v -0.540739194121 -0.81243817747 0.0398940652014
v -0.620603431397 -0.751651375393 0.0400230524199
v -0.579502599024 -0.770744609207 0.0341737250294
v -0.376920157535 -0.892902570228 0.0362309885256
v -0.353934899748 -0.907904538427 0.0397328435494
v -0.287705954533 -0.932258135363 0.0400230524199
v -0.46340727654 -0.840298683155 0.0325162991478
v -0.223814628675 -0.950377291821 0.0403519485487
v -0.159728474552 -0.955832483207 0.0368694421025
v -0.124860867381 -0.958949735428 0.035257176098
v -0.0820069004437 -0.961287738555 0.0343413995063
v -0.0317508666466 -0.963235893269 0.033722264816
v 0.0317508666466 -0.963235893269 0.033722264816
v 0.0818121361419 -0.961287738555 0.0343413995063
v 0.124666103079 -0.958949735428 0.035257176098
v 0.159728474552 -0.955832483207 0.0368694421025
v 0.223619800411 -0.950377291821 0.0403519485487
v 0.287705954533 -0.932258135363 0.0400230524199
v 0.377114985799 -0.892902570228 0.0362309885256
v 0.414904377307 -0.883161093077 0.0397328435494
v 0.48269156486 -0.848481470235 0.0398940652014
v 0.354129664049 -0.908099366691 0.0397328435494
v 0.479574952259 -0.866016205862 0.0499223983479
v 0.517948700635 -0.835427912598 0.0431057212517
v 0.479574952259 -0.871666225513 0.0598217541729
v 0.479574952259 -0.871276568985 0.0658838862264
v 0.905971958461 -0.40855701191 0.0658838862264
v 0.906361487064 -0.409141496702 0.0598217541729
v 0.903634467029 -0.403101820524 0.0499223983479
v 0.923697876518 -0.351861731297 0.0499223983479
v 0.96012378999 -0.258733309506 0.0537015664895
v 0.960902911159 -0.261266140897 0.0598152914511
v 0.968694570585 -0.223664094098 0.0598152914511
v 0.980187263441 -0.159565211537 0.0598152914511
v 0.989731993469 -0.0956612212015 0.0598152914511
v 0.994991333199 -0.031757230866 0.0598152914511
v 0.994991333199 0.0319519312058 0.0598152914511
v 0.989731993469 0.0960507498051 0.0598152914511
v 0.980187263441 0.159954740141 0.0598152914511
v 0.968694570585 0.223858730476 0.0598152914511
v 0.960902911159 0.261460777275 0.0598152914511
v 0.949799874831 0.293607632688 0.0598152914511
v 0.928957216249 0.351471946845 0.0598152914511
v 0.906361487064 0.408946540514 0.0598152914511
v 0.892141774173 0.440703739399 0.0598152914511
v 0.871493943855 0.47947475578 0.0598152914511
v 0.842664925507 0.529545875424 0.0598152914511
v 0.821627502624 0.561497838611 0.0598152914511
v 0.789681871675 0.602996514648 0.0598152914511
v 0.763579937325 0.634948541797 0.0598152914511
v 0.732608127885 0.671381619013 0.0598152914511
v 0.704363466405 0.704502551782 0.0598152914511
v 0.635017972552 0.763730599825 0.0598152914511
v 0.603072277641 0.78983777906 0.0598152914511
v 0.561581852703 0.821789806208 0.0598152914511
v 0.529441393491 0.842831386622 0.0598152914511
v 0.479574952259 0.871665969664 0.0598152914511
v 0.440811547356 0.892123129249 0.0598152914511
v 0.408865852446 0.906345592506 0.0598152914511
v 0.351597344354 0.928945862993 0.0598152914511
v 0.329975564603 0.936739057507 0.0598152914511
v 0.293160122528 0.949987443407 0.0598152914511
v 0.261214427617 0.961092654443 0.0598152914511
v 0.223619800411 0.968885848957 0.0598152914511
v 0.159728474552 0.980380716521 0.0598152914511
v 0.0958370847312 0.989732601108 0.0598152914511
v 0.0319456949104 0.995187856456 0.0598152914511
v -0.0319456949104 0.990122257635 0.0499159356261
v -0.096031849033 0.984667066249 0.0499159356261
v -0.159923238854 0.975315117701 0.0499159356261
v -0.258682171884 0.96031340535 0.0537015664895
v -0.351597344354 0.92368549987 0.0499159356261
v -0.402827327584 0.903812953001 0.0499159356261
v -0.434773022495 0.889200705292 0.0499159356261
v -0.479380123996 0.865821121751 0.0499159356261
v -0.524766346666 0.839714006478 0.0499159356261
v -0.556712105538 0.81867261795 0.0499159356261
v -0.598981651646 0.786525698575 0.0499159356261
v -0.631122110858 0.76041851934 0.0499159356261
v -0.69949371924 0.699631845187 0.0478973692852
v -0.723647754725 0.675473012553 0.0506898391434
v -0.675339683755 0.72379061386 0.0506898391434
v -0.751502823639 0.620920778879 0.0400230524199
v -0.777994414517 0.588773923467 0.0400230524199
v -0.835262858647 0.517856115634 0.0430992585298
v -0.848313921765 0.482592008001 0.0398876024795
v -0.840132669774 -0.463498902111 0.0325162991478
v -0.828055684013 -0.506166483769 0.0365018488184
v -0.812472365161 -0.541040934874 0.0398940652014
v -0.770592347657 -0.579811951256 0.0341737250294
v -0.751308059338 -0.620920970765 0.0400230524199
v -0.719557192691 -0.658522953602 0.0400230524199
v -0.690338581778 -0.690474980751 0.0400230524199
v -0.658392822905 -0.719504519981 0.0400230524199
v -0.892726131041 0.376994577327 0.0362309885256
v -0.907919857327 0.354199542539 0.0397263808276
v -0.882986636711 0.41479145239 0.0397263808276
v -0.907140672196 0.284840296855 0.0301494782035
v -0.900323026165 0.334326931707 0.0334191799867
v -0.901686504201 0.223858730476 0.023345686963
v -0.897206349602 0.261655605539 0.0246290568388
v -0.896621992735 0.0761782029358 0.0149425452647
v -0.8938949727 0.118845784593 0.0156325818527
v -0.890193939269 0.159954740141 0.0165999414555
v -0.898180299035 0.0319519312058 0.0146007533831
v -0.867792974387 -0.0319520591298 0.00964784410973
v -0.831172360576 -0.127808076614 0.005397896868
v -0.852794076365 -0.153525535359 0.00962203281026
v -0.85162536263 -0.223664094098 0.0116212604705
v -0.883570993578 -0.223664094098 0.0183992404115
v -0.875000276945 -0.284645596515 0.0209015013991
v -0.847534736634 -0.350887589978 0.019959923405
v -0.866429432388 -0.330040837828 0.0230361295149
v -0.88960951844 -0.304128550819 0.0268475419869
v -0.886103313274 -0.330040837828 0.0285501277456
v -0.882402279844 -0.354199670463 0.0301494782035
v -0.839158720341 -0.399984504341 0.0230748266701
v -0.852599248101 -0.419077802117 0.0295948816589
v -0.54210273612 -0.783798230806 0.0305944756951
v -0.482496800558 -0.818477789686 0.0295948816589
v -0.647289786577 -0.710152763318 0.033354671532
v -0.605604597337 -0.733921939426 0.0304848370541
v -0.562555802136 -0.757496223307 0.0276020870296
v -0.334261018862 -0.900500936479 0.0334256328116
v -0.418800175039 -0.852767756 0.0295948816589
v -0.399710714983 -0.839324605798 0.0230748266701
v -0.353934899748 -0.882381780021 0.0301494782035
v -0.284784106234 -0.907319861749 0.0301494782035
v -0.223619800411 -0.924270176548 0.0301494782035
v -0.442369917619 -0.828608987327 0.0259188795394
v -0.159728474552 -0.936739121469 0.0301494782035
v -0.100512067594 -0.947649504241 0.0306976516141
v -0.0317508666466 -0.947844524391 0.0287951767391
v 0.0317508666466 -0.947844524391 0.0287951767391
v 0.10031723933 -0.947649504241 0.0306976516141
v 0.159728474552 -0.936739121469 0.0301494782035
v 0.223619800411 -0.924270176548 0.0301494782035
v 0.284784106234 -0.907319861749 0.0301494782035
v 0.334261018862 -0.900500936479 0.0334256328116
v 0.354129664049 -0.882381780021 0.0301494782035
v 0.399710714983 -0.839324605798 0.0230748266701
v 0.418995003303 -0.852767756 0.0295948816589
v 0.46340727654 -0.840298683155 0.0325162991478
v 0.506066479176 -0.828024502536 0.0365018488184
v 0.52496117493 -0.839909026628 0.0499223983479
v 0.540739194121 -0.81243817747 0.0398940652014
v 0.588657736487 -0.778148147194 0.0400230524199
v 0.556712105538 -0.81867261795 0.0499223983479
v 0.529441393491 -0.842831450584 0.0598217541729
v 0.529051800925 -0.842636622321 0.0658838862264
v 0.891947009872 -0.440509039059 0.0658838862264
v 0.892336602437 -0.44109352385 0.0598217541729
v 0.889414754138 -0.435053783711 0.0499223983479
v 0.89934901277 -0.393165515108 0.0428284081339
v 0.931489535944 -0.330040837828 0.0500126884112
v 0.957201941691 -0.245290095342 0.0471041270872
v 0.963824759458 -0.2238588584 0.0502061444966
v 0.97512262405 -0.159565211537 0.0499159356261
v 0.94824156853 -0.283086970405 0.0502061444966
v 0.98466741804 -0.0956612212015 0.0499159356261
v 0.989731993469 -0.031757230866 0.0499159356261
v 0.989731993469 0.0319519312058 0.0499159356261
v 0.98466741804 0.0960507498051 0.0499159356261
v 0.97512262405 0.159954740141 0.0499159356261
v 0.96012378999 0.258928009846 0.0537015664895
v 0.923503176178 0.351471946845 0.0499159356261
v 0.903634467029 0.402906864336 0.0499159356261
v 0.889219925874 0.434664063221 0.0499159356261
v 0.865845075521 0.47947475578 0.0499159356261
v 0.839743077208 0.524869933131 0.0499159356261
v 0.818510890023 0.55682196028 0.0499159356261
v 0.786565195112 0.599099949372 0.0499159356261
v 0.760268432498 0.631246740823 0.0499159356261
v 0.703779109538 0.703723238727 0.0545012417185
v 0.59917647991 0.786525698575 0.0499159356261
v 0.55690686984 0.8184775978 0.0499159356261
v 0.52496117493 0.839714006478 0.0499159356261
v 0.479574952259 0.865821121751 0.0499159356261
v 0.434773022495 0.889200705292 0.0499159356261
v 0.402827327584 0.903617996813 0.0499159356261
v 0.351597344354 0.92368549987 0.0499159356261
v 0.258682171884 0.96031340535 0.0537015664895
v 0.159728474552 0.975315117701 0.0499159356261
v 0.0958370847312 0.984667066249 0.0499159356261
v 0.0319456949104 0.990122257635 0.0499159356261
v -0.0319456949104 0.976484215207 0.0400230524199
v -0.100512067594 0.969080677221 0.0391395201586
v -0.159923238854 0.965184175907 0.0418094259323
v -0.202777205791 0.961287482707 0.0438731521502
v -0.245436408426 0.957390981393 0.0471041270872
v -0.224009392976 0.9640150784 0.0502061444966
v -0.283031035632 0.948428753335 0.0502061444966
v -0.392893004991 0.899526667236 0.0428284081339
v -0.517753936333 0.835427848636 0.0430992585298
v -0.588657736487 0.77814801927 0.0400230524199
v -0.620798259661 0.751651247469 0.0400230524199
v -0.690338581778 0.690474852827 0.0400230524199
v -0.719362364427 0.658522825678 0.0400230524199
v -0.658392822905 0.719504392057 0.0400230524199
v -0.770592347657 0.579422166804 0.0341737250294
v -0.812277536897 0.540845978687 0.0398876024795
v -0.828055684013 0.505971527581 0.0365018488184
v -0.818316061759 -0.482786964189 0.0295948816589
v -0.82864004088 -0.442652149961 0.0259188795394
v -0.783643346814 -0.542404732721 0.0305944756951
v -0.757541348501 -0.562861764382 0.0276020870296
v -0.696766635243 -0.631831353538 0.0267766005012
v -0.710207163003 -0.64761257083 0.033354671532
v -0.839937905472 0.463303945923 0.0325162991478
v -0.852599248101 0.419077674193 0.0295948816589
v -0.882402279844 0.354199542539 0.0301494782035
v -0.88960951844 0.304518079422 0.0268475419869
v -0.883570993578 0.223858730476 0.0183992404115
v -0.875000276945 0.284840296855 0.0209015013991
v -0.867792974387 0.0319519312058 0.00964784410973
v -0.852794076365 0.153525407435 0.00962203281026
v -0.831172360576 0.128002776954 0.005397896868
v -0.85162536263 0.223858730476 0.0116212604705
v -0.835847215515 -0.0319520591298 0.0049206352521
v -0.833120195479 -0.0958560494653 0.0051915252359
v -0.802732806869 -0.153525535359 0.00403070954777
v -0.78714955198 -0.223664094098 0.00399843552647
v -0.82649731375 -0.170475658272 0.00582997881286
v -0.81909524689 -0.223664094098 0.00666835119705
v -0.841885740376 -0.287762848736 0.0132464123308
v -0.834483737478 -0.330040837828 0.0146394208475
v -0.82649731375 -0.371734278166 0.0164774169588
v -0.817342176288 -0.419077802117 0.019959923405
v -0.519896599501 -0.773277440599 0.023771335877
v -0.478406174563 -0.785356856916 0.0203791095971
v -0.672223007193 -0.672161059992 0.0300785367178
v -0.631706531687 -0.696904377418 0.0267766005012
v -0.58885256475 -0.71482864165 0.0226878848084
v -0.545414240946 -0.737039127685 0.0199341417964
v -0.304068394554 -0.88978538197 0.0268475419869
v -0.350818223185 -0.847507392878 0.019959923405
v -0.418800175039 -0.817308948027 0.019959923405
v -0.371466053503 -0.826465812464 0.0164774169588
v -0.261409255881 -0.89738374822 0.0246290568388
v -0.223619800411 -0.901864670363 0.023345686963
v -0.456394802246 -0.772887720109 0.0142718176664
v -0.159728474552 -0.908294130992 0.0215399549761
v -0.0970057984659 -0.910437305856 0.0194504471496
v -0.0317508666466 -0.919009749463 0.0202501223785
v 0.0317508666466 -0.919009749463 0.0202501223785
v 0.0968110341641 -0.910437305856 0.0194504471496
v 0.159728474552 -0.908294130992 0.0215399549761
v 0.223619800411 -0.901864670363 0.023345686963
v 0.261214427617 -0.89738374822 0.0246290568388
v 0.310691276283 -0.892123321135 0.0282598891842
v 0.310691276283 -0.888811112727 0.0272731909008
v 0.350818223185 -0.847507392878 0.019959923405
v 0.371660817805 -0.826465812464 0.0164774169588
v 0.418995003303 -0.817308948027 0.019959923405
v 0.44256468192 -0.828608987327 0.0259188795394
v 0.48269156486 -0.818477789686 0.0295948816589
v 0.542297564383 -0.783798230806 0.0305880129732
v 0.579697363326 -0.770744609207 0.0341737250294
v 0.561581852703 -0.82178987017 0.0598217541729
v 0.59917647991 -0.786720654763 0.0499223983479
v 0.620798259661 -0.751651375393 0.0400230524199
v 0.631122110858 -0.760418647264 0.0499223983479
v 0.541518379252 -0.834453835241 0.0658838862264
v 0.871104415251 -0.479669711968 0.0658838862264
v 0.871688772119 -0.479669711968 0.0598217541729
v 0.865845075521 -0.479669711968 0.0499223983479
v 0.835262858647 -0.517856243558 0.0431057212517
v 0.848508686067 -0.482786964189 0.0398940652014
v 0.882986636711 -0.414986408577 0.0397328435494
v 0.892726131041 -0.377189533515 0.0362309885256
v 0.907919857327 -0.354199670463 0.0397328435494
v 0.916880230487 -0.330040837828 0.0398360194685
v 0.932073892811 -0.287568084434 0.0400230524199
v 0.950384231698 -0.2238588584 0.0403519485487
v 0.961097739423 -0.202817341948 0.0438731521502
v 0.964993601117 -0.159565211537 0.0418094259323
v 0.976291465709 -0.031757230866 0.0400230524199
v 0.968889398849 -0.100337163495 0.0391395201586
v 0.976291465709 0.0319519312058 0.0400230524199
v 0.968889398849 0.100531863834 0.0391395201586
v 0.964993601117 0.159954740141 0.0418094259323
v 0.961097739423 0.203012042288 0.0438731521502
v 0.957201941691 0.245484795682 0.0471041270872
v 0.963824759458 0.22405355874 0.0502061444966
v 0.94824156853 0.283281670744 0.0502061444966
v 0.89934901277 0.39297055892 0.0428284081339
v 0.848313921765 0.482592008001 0.0398876024795
v 0.835262858647 0.517661287371 0.0430992585298
v 0.777994414517 0.588773923467 0.0400230524199
v 0.751502823639 0.620725950615 0.0400230524199
v 0.699298890976 0.699437016924 0.0478973692852
v 0.723452990423 0.675473012553 0.0506898391434
v 0.675339683755 0.723595785596 0.0506898391434
v 0.631122110858 0.760223691076 0.0499159356261
v 0.58885256475 0.77814801927 0.0400230524199
v 0.517753936333 0.835233020372 0.0430992585298
v 0.48269156486 0.848481406273 0.0398876024795
v 0.414904377307 0.883161029115 0.0397263808276
v 0.393087833254 0.899331838972 0.0428284081339
v 0.283031035632 0.948428753335 0.0502061444966
v 0.223814628675 0.9640150784 0.0502061444966
v 0.245241580162 0.957390981393 0.0471041270872
v 0.202777205791 0.961287482707 0.0438731521502
v 0.159728474552 0.965184175907 0.0418094259323
v 0.10031723933 0.969080677221 0.0391395201586
v 0.0319456949104 0.976484215207 0.0400230524199
v -0.0319456949104 0.963235829307 0.033722264816
v -0.0822017287075 0.961287482707 0.0343413995063
v -0.124860867381 0.958949543542 0.035257176098
v -0.159923238854 0.955832291321 0.0368629892777
v -0.224009392976 0.950377099935 0.0403519485487
v -0.287705954533 0.932257943477 0.0400230524199
v -0.376920157535 0.892902378342 0.0362309885256
v -0.414709613006 0.883161029115 0.0397263808276
v -0.482496800558 0.848481406273 0.0398876024795
v -0.354129664049 0.908099110843 0.0397263808276
v -0.505871650912 0.82802431065 0.0365018488184
v -0.540739194121 0.812437921622 0.0398876024795
v -0.579502599024 0.770744481283 0.0341737250294
v -0.710012398701 0.647417614642 0.033354671532
v -0.647289786577 0.710152571432 0.033354671532
v -0.757346584199 0.562472043892 0.0276020870296
v -0.773124603391 0.519999226536 0.023771335877
v -0.783643346814 0.542014948269 0.0305944756951
v -0.696766635243 0.63163639735 0.0267830632231
v -0.818316061759 0.482592008001 0.0295948816589
v -0.773319431654 -0.520194182724 0.023771335877
v -0.772735010825 -0.456679848916 0.0142718176664
v -0.785396481378 -0.478695570649 0.0203791095971
v -0.736893518183 -0.545716877167 0.0199341417964
v -0.714882209828 -0.58916377188 0.0226878848084
v -0.676897990056 -0.614101853608 0.0190441567103
v -0.638719005982 -0.63904006326 0.0154068814369
v -0.65410749657 -0.654236731799 0.0219978383235
v -0.828445212616 0.442457193773 0.0259253422612
v -0.839158720341 0.399594783851 0.0230748266701
v -0.84733990837 0.35069263379 0.0199663861268
v -0.834678565742 0.329066568585 0.0146007533831
v -0.841885740376 0.287762720812 0.0132464123308
v -0.82649731375 0.371539321979 0.0164774169588
v -0.835847215515 0.0319519312058 0.0049206352521
v -0.833120195479 0.0960507498051 0.0051915252359
v -0.82649731375 0.170670358612 0.00582997881286
v -0.78714955198 0.223858730476 0.00399843552647
v -0.802732806869 0.153525407435 0.00403070954777
v -0.81909524689 0.223858730476 0.00666835119705
v -0.799226601703 -0.0319520591298 0.00292788021071
v -0.799226601703 -0.0958560494653 0.00330193621662
v -0.735140447581 -0.223664094098 0.00176057210983
v -0.735140447581 -0.287762848736 0.00252804259625
v -0.777215293348 -0.287762848736 0.00457242023658
v -0.770592347657 -0.328287383454 0.00508834931683
v -0.770202755092 -0.330040837828 0.00511413092538
v -0.809160988259 -0.287762848736 0.00829354264529
v -0.8019536857 -0.330040837828 0.00965427714065
v -0.812472365161 -0.330040837828 0.0112471945676
v -0.798447416572 -0.350108276923 0.0102991934394
v -0.783643346814 -0.415765721633 0.0124983300099
v -0.499248833145 -0.759249741643 0.0171739162686
v -0.570931754467 -0.699631973111 0.0160904652001
v -0.32900161517 -0.834843427807 0.0146007533831
v -0.284784106234 -0.874978242035 0.0208950386773
v -0.415488734175 -0.783798230806 0.0124983300099
v -0.223619800411 -0.883745513906 0.0183992404115
v -0.159728474552 -0.890369802799 0.0165999414555
v -0.528272615794 -0.716582096024 0.0131883962888
v -0.475873854867 -0.732947734145 0.010428170761
v -0.415488734175 -0.748728951436 0.0075454207365
v -0.118822406481 -0.894071475849 0.0156325818527
v -0.0761632038459 -0.896799071542 0.0149360825429
v -0.0317508666466 -0.898357825577 0.0146007533831
v 0.0317508666466 -0.898357825577 0.0146007533831
v 0.0759683755821 -0.896799071542 0.0149360825429
v 0.118822406481 -0.894071475849 0.0156325818527
v 0.159728474552 -0.890369802799 0.0165999414555
v 0.223619800411 -0.883745513906 0.0183992404115
v 0.284784106234 -0.874978242035 0.0208950386773
v 0.310691276283 -0.864262623564 0.0205274453932
v 0.304068394554 -0.88978538197 0.0268475419869
v 0.32900161517 -0.834843427807 0.0146007533831
v 0.415488734175 -0.783798230806 0.0124983300099
v 0.456589566548 -0.772887720109 0.0142718176664
v 0.478600938864 -0.785356856916 0.0203791095971
v 0.519896599501 -0.773277440599 0.023771335877
v 0.562555802136 -0.757496223307 0.0276020870296
v 0.647484550879 -0.710152763318 0.033354671532
v 0.658392822905 -0.719504519981 0.0400230524199
v 0.631706531687 -0.696904377418 0.0267895259449
v 0.560997495836 -0.821595041907 0.0658838862264
v 0.603072277641 -0.789837906984 0.0598217541729
v 0.602682685076 -0.78964307872 0.0658838862264
v 0.703779109538 -0.703918194915 0.0545012417185
v 0.635017972552 -0.763730727749 0.0598217541729
v 0.69949371924 -0.699437144848 0.0479038320071
v 0.675534448057 -0.723595977482 0.0506898391434
v 0.842470225168 -0.529156346821 0.0658838862264
v 0.842664925507 -0.529546003348 0.0598217541729
v 0.839743077208 -0.525064953281 0.0499223983479
v 0.828055684013 -0.506166483769 0.0365018488184
v 0.818510890023 -0.55701698043 0.0499223983479
v 0.778189178819 -0.588968943616 0.0400230524199
v 0.812277536897 -0.541040934874 0.0398940652014
v 0.840132669774 -0.463498902111 0.0325162991478
v 0.852599248101 -0.419077802117 0.0295948816589
v 0.839353548605 -0.399984504341 0.0230748266701
v 0.882402279844 -0.354199670463 0.0301494782035
v 0.900517790467 -0.334521887895 0.0334256328116
v 0.907335500459 -0.284645596515 0.0301494782035
v 0.924282297348 -0.223664094098 0.0301494782035
v 0.955643571429 -0.159565211537 0.0368629892777
v 0.958760247991 -0.124690824393 0.035257176098
v 0.961292567687 -0.0820231787737 0.0343413995063
v 0.963045638289 -0.031757230866 0.033722264816
v 0.963045638289 0.0319519312058 0.033722264816
v 0.961292567687 0.0822178791135 0.0343413995063
v 0.958760247991 0.124885460771 0.035257176098
v 0.955643571429 0.159954740141 0.0368629892777
v 0.950384231698 0.22405355874 0.0403519485487
v 0.932073892811 0.287762720812 0.0400230524199
v 0.907919857327 0.354004714275 0.0397263808276
v 0.892726131041 0.376994577327 0.0362309885256
v 0.882986636711 0.41479145239 0.0397263808276
v 0.840132669774 0.463303945923 0.0325162991478
v 0.827860855749 0.505971527581 0.0365018488184
v 0.812277536897 0.540845978687 0.0398876024795
v 0.770592347657 0.579616995068 0.0341737250294
v 0.719557192691 0.658522825678 0.0400230524199
v 0.690338581778 0.690474852827 0.0400230524199
v 0.658392822905 0.719504392057 0.0400230524199
v 0.620798259661 0.751456419206 0.0400230524199
v 0.579697363326 0.770744481283 0.0341737250294
v 0.540934022385 0.812437921622 0.0398876024795
v 0.506066479176 0.82802431065 0.0365018488184
v 0.377114985799 0.892902378342 0.0362309885256
v 0.46340727654 0.840103790929 0.0325162991478
v 0.354129664049 0.908099110843 0.0397263808276
v 0.287705954533 0.932257943477 0.0400230524199
v 0.223814628675 0.950377099935 0.0403519485487
v 0.159728474552 0.955832291321 0.0368629892777
v 0.124666103079 0.958949543542 0.035257176098
v 0.0820069004437 0.961287482707 0.0343413995063
v 0.0319456949104 0.963235829307 0.033722264816
v -0.0319456949104 0.947844268543 0.0288016295639
v -0.100512067594 0.947649440279 0.0306912185832
v -0.159923238854 0.936933885771 0.0301494782035
v -0.223814628675 0.924464748964 0.0301494782035
v -0.284784106234 0.907319861749 0.0301494782035
v -0.334261018862 0.900500744593 0.0334191799867
v -0.354129664049 0.882576608285 0.0301494782035
v -0.418800175039 0.852767564114 0.0295948816589
v -0.463212512239 0.840103790929 0.0325162991478
v -0.482496800558 0.8184775978 0.0295948816589
v -0.54210273612 0.783798102882 0.0305944756951
v -0.562555802136 0.757496095383 0.0276020870296
v -0.605604597337 0.733726919276 0.030491299776
v -0.672028178929 0.672160932068 0.0300849994397
v -0.631511703424 0.69670942123 0.0267830632231
v -0.65410749657 0.654236603875 0.0220043010453
v -0.714687445526 0.588968815692 0.0226943376333
v -0.736893518183 0.545327028754 0.0199341417964
v -0.759099654801 0.499347366612 0.0171739162686
v -0.785201653114 0.478500614461 0.0203855723189
v -0.638719005982 0.638845107073 0.0154068814369
v -0.759099654801 -0.499347494536 0.0171739162686
v -0.732802956149 -0.475967974956 0.010428170761
v -0.716635344392 -0.528571862029 0.0131883962888
v -0.74858097534 -0.415765721633 0.0075454207365
v -0.69949371924 -0.571239443687 0.0160904652001
v -0.656834516605 -0.596372481603 0.0127885289835
v -0.613006600235 -0.613322604515 0.00949305548868
v -0.596059803347 -0.657159155756 0.0127885289835
v -0.817147348024 0.419077674193 0.0199663861268
v -0.772735010825 0.456679720992 0.0142718176664
v -0.783838111115 0.415570765445 0.0124983300099
v -0.798447416572 0.349913256773 0.0102991934394
v -0.809160988259 0.287762720812 0.00829354264529
v -0.799226601703 0.0319519312058 0.00292788021071
v -0.799226601703 0.0960507498051 0.00330193621662
v -0.770592347657 0.328482083793 0.00508834931683
v -0.777215293348 0.287762720812 0.00457242023658
v -0.735140447581 0.287762720812 0.00252804259625
v -0.735140447581 0.223858730476 0.00176057210983
v -0.735140447581 -0.0319520591298 0.000993170902206
v -0.735140447581 -0.0958560494653 0.00111568550194
v -0.735140447581 -0.159760039801 0.00134138591773
v -0.693065665775 -0.330040837828 0.00179284613113
v -0.67124905776 -0.287762848736 0.000928692138388
v -0.671443822062 -0.351861731297 0.00141878022826
v -0.671443822062 -0.415765721633 0.00248934544098
v -0.736893518183 -0.330040837828 0.00342446071333
v -0.75072370247 -0.330040837828 0.00408869589884
v -0.768254856226 -0.330040837828 0.00499802956263
v -0.716635344392 -0.415765721633 0.00448210048238
v -0.706506193535 -0.45278328364 0.00513347950301
v -0.760658025064 -0.371149793375 0.00599120046483
v -0.287705954533 -0.842246965793 0.0132464123308
v -0.349844273752 -0.798605242816 0.0102991934394
v -0.370881632674 -0.760808367754 0.00599120046483
v -0.223619800411 -0.851598722455 0.0116147977486
v -0.546582954681 -0.673914450404 0.00968654126499
v -0.495158143187 -0.690864637279 0.00657807103074
v -0.452499004514 -0.706450962344 0.00513347950301
v -0.153495121427 -0.852962584264 0.00961557998539
v -0.127977543943 -0.83133658302 0.005397896868
v -0.0317508666466 -0.867964552462 0.00964138138789
v 0.0317508666466 -0.867964552462 0.00964138138789
v 0.127977543943 -0.83133658302 0.005397896868
v 0.153495121427 -0.852962584264 0.00961557998539
v 0.223619800411 -0.851598722455 0.0116147977486
v 0.287705954533 -0.842246965793 0.0132464123308
v 0.350039038054 -0.798605242816 0.0102991934394
v 0.370881632674 -0.760808367754 0.00599120046483
v 0.415488734175 -0.748728951436 0.0075454207365
v 0.475873854867 -0.732947734145 0.010428170761
v 0.528272615794 -0.716582096024 0.0131883962888
v 0.499248833145 -0.759249741643 0.0171739162686
v 0.545609005248 -0.737039127685 0.0199405748273
v 0.589047329052 -0.71482864165 0.0226943376333
v 0.672223007193 -0.672161059992 0.0300785367178
v 0.710207163003 -0.647417742566 0.033354671532
v 0.690533346079 -0.690474980751 0.0400230524199
v 0.638719005982 -0.638845234997 0.0154133144679
v 0.65410749657 -0.654236731799 0.0220107340762
v 0.615149327365 -0.77951194504 0.0658838862264
v 0.760463260762 -0.631246868747 0.0499223983479
v 0.763774701626 -0.635143434022 0.0598217541729
v 0.704363466405 -0.704502679706 0.0598217541729
v 0.671443822062 -0.732752905881 0.0598217541729
v 0.697740584676 -0.71034752762 0.0658838862264
v 0.634628379986 -0.763341135183 0.0658838862264
v 0.719557192691 -0.658522953602 0.0400230524199
v 0.751502823639 -0.620920970765 0.0400230524199
v 0.821432738322 -0.561303202233 0.0658838862264
v 0.821822330887 -0.561692858761 0.0598217541729
v 0.818510890023 -0.482786964189 0.0295948816589
v 0.770592347657 -0.579811951256 0.0341737250294
v 0.783643346814 -0.542404732721 0.0305880129732
v 0.786565195112 -0.59929490556 0.0499223983479
v 0.82864004088 -0.442652149961 0.0259188795394
v 0.82649731375 -0.371734278166 0.0164774169588
v 0.847534736634 -0.350887589978 0.019959923405
v 0.817342176288 -0.419077802117 0.019959923405
v 0.88590848501 -0.330040837828 0.0285501277456
v 0.898959484166 -0.330040837828 0.0324647062398
v 0.901102147334 -0.330040837828 0.0331225083943
v 0.897206349602 -0.261460905199 0.0246290568388
v 0.88960951844 -0.304128550819 0.0268475419869
v 0.901686504201 -0.223664094098 0.023345686963
v 0.908114685591 -0.159565211537 0.0215464176979
v 0.936554047411 -0.159565211537 0.0301494782035
v 0.947657211663 -0.100337163495 0.0306912185832
v 0.947851912003 -0.031757230866 0.0288016295639
v 0.947851912003 0.0319519312058 0.0288016295639
v 0.947657211663 0.100531863834 0.0306912185832
v 0.936554047411 0.159954740141 0.0301494782035
v 0.924282297348 0.223858730476 0.0301494782035
v 0.900323026165 0.334326931707 0.0334191799867
v 0.907335500459 0.285035125119 0.0301494782035
v 0.839158720341 0.399789548153 0.0230748266701
v 0.852599248101 0.418882845929 0.0295948816589
v 0.882402279844 0.354004714275 0.0301494782035
v 0.818510890023 0.482592008001 0.0295948816589
v 0.82864004088 0.442457193773 0.0259253422612
v 0.783643346814 0.542014948269 0.0305944756951
v 0.773124603391 0.519999226536 0.023771335877
v 0.757346584199 0.562666808194 0.0276020870296
v 0.733776905582 0.605724110341 0.030491299776
v 0.710012398701 0.647222722416 0.033354671532
v 0.647289786577 0.710152571432 0.033354671532
v 0.631706531687 0.696904185532 0.0267830632231
v 0.562555802136 0.757496095383 0.0276020870296
v 0.54210273612 0.783798102882 0.0305944756951
v 0.48269156486 0.8184775978 0.0295948816589
v 0.334455783164 0.900305916329 0.0334191799867
v 0.329780800301 0.903617996813 0.0340511708418
v 0.418995003303 0.85257273585 0.0295948816589
v 0.399905479285 0.83932434995 0.0230748266701
v 0.354129664049 0.882576608285 0.0301494782035
v 0.442369917619 0.828608731479 0.0259253422612
v 0.284589341933 0.907319861749 0.0301494782035
v 0.223619800411 0.924464748964 0.0301494782035
v 0.159728474552 0.936933885771 0.0301494782035
v 0.10031723933 0.947649440279 0.0306912185832
v 0.0319456949104 0.947844268543 0.0288016295639
v -0.0319456949104 0.919009493615 0.0202501223785
v -0.0968110341641 0.910437050008 0.0194569098714
v -0.159923238854 0.908293939106 0.0215464176979
v -0.223814628675 0.901864606401 0.023345686963
v -0.261604020183 0.897383492372 0.0246290568388
v -0.304263222818 0.889785126122 0.0268475419869
v -0.350818223185 0.84750713703 0.0199663861268
v -0.399710714983 0.83932434995 0.0230748266701
v -0.442369917619 0.828608731479 0.0259253422612
v -0.478406174563 0.785551493294 0.0203855723189
v -0.519896599501 0.773277312675 0.023771335877
v -0.545414240946 0.737038999761 0.0199341417964
v -0.58885256475 0.714828513726 0.0226943376333
v -0.69949371924 0.570849659235 0.0160969279219
v -0.716440516128 0.528376905842 0.0131883962888
v -0.613006600235 0.613127648327 0.00949305548868
v -0.656834516605 0.596177461453 0.0127949917053
v -0.570931754467 0.699631845187 0.0160969279219
v -0.528272615794 0.7165819681 0.0131883962888
v -0.596059803347 0.656964199568 0.0127949917053
v -0.690728110381 -0.495256037034 0.00657807103074
v -0.673781377455 -0.546885782788 0.00968654126499
v -0.629953397123 -0.565004939245 0.00619111927207
v -0.564893293568 -0.630272727428 0.00619111927207
v -0.732802956149 0.475967847032 0.010428170761
v -0.74858097534 0.415570765445 0.00755188345834
v -0.760658025064 0.370954837187 0.00599766318667
v -0.735140447581 0.0319519312058 0.000993170902206
v -0.735140447581 0.159954740141 0.00134138591773
v -0.735140447581 0.0960507498051 0.00111568550194
v -0.706506193535 0.452393499189 0.00513347950301
v -0.716635344392 0.415570765445 0.00448859289513
v -0.737672703314 0.350302977263 0.00386942851398
v -0.67124905776 0.415570765445 0.00248934544098
v -0.67124905776 0.351471946845 0.00142527264101
v -0.67124905776 0.287762720812 0.000928692138388
v -0.67124905776 -0.0319520591298 0.000380489036834
v -0.67124905776 -0.0958560494653 0.000419186192095
v -0.67124905776 -0.159760039801 0.000503013533543
v -0.67124905776 -0.223664094098 0.000670727598264
v -0.607357667939 -0.351861731297 0.000599756421697
v -0.607357667939 -0.415765721633 0.00101894261379
v -0.607357667939 -0.479669711968 0.00192828617455
v -0.737672703314 -0.350497933451 0.00386299548305
v -0.670275108327 -0.47616280322 0.00415965717844
v -0.648068971708 -0.522337293626 0.0047981107554
v -0.287705954533 -0.809320733363 0.00829354264529
v -0.223619800411 -0.819257102741 0.00666835119705
v -0.328222494001 -0.770549844906 0.00508185690408
v -0.170636746578 -0.826465812464 0.00582351609102
v -0.522234090933 -0.648391883885 0.0047981107554
v -0.415488734175 -0.716776924288 0.00448210048238
v -0.476068683131 -0.670212713392 0.00415965717844
v -0.223619800411 -0.787305139554 0.00399843552647
v -0.153495121427 -0.80289146462 0.00402421713502
v -0.0958370847312 -0.83328492962 0.0051915252359
v -0.0317508666466 -0.836012525314 0.0049206352521
v 0.0317508666466 -0.836012525314 0.0049206352521
v 0.0958370847312 -0.83328492962 0.0051915252359
v 0.153495121427 -0.80289146462 0.00402421713502
v 0.223619800411 -0.787305139554 0.00399843552647
v 0.170441918315 -0.826465812464 0.00582351609102
v 0.223619800411 -0.819257102741 0.00666835119705
v 0.287705954533 -0.809320733363 0.00829354264529
v 0.452693832778 -0.706450962344 0.00513347950301
v 0.328222494001 -0.770549844906 0.00508185690408
v 0.495158143187 -0.690864637279 0.00659095688653
v 0.546777718983 -0.673914450404 0.00969297429591
v 0.596254567649 -0.656964327492 0.0127885289835
v 0.571126582731 -0.699631973111 0.0160904652001
v 0.696766635243 -0.631831353538 0.0267895259449
v 0.733776905582 -0.605724238265 0.0304783743323
v 0.613006600235 -0.613322604515 0.00949305548868
v 0.657029344869 -0.596372481603 0.0127885289835
v 0.716635344392 -0.528571862029 0.0131883962888
v 0.69949371924 -0.571239443687 0.0160904652001
v 0.714882209828 -0.58916377188 0.0226943376333
v 0.710401991267 -0.697683626511 0.0658838862264
v 0.789681871675 -0.603191470836 0.0598217541729
v 0.789487043411 -0.602801814308 0.0658838862264
v 0.763385109061 -0.634753777495 0.0658838862264
v 0.704363466405 -0.704502679706 0.0658838862264
v 0.773319431654 -0.520194182724 0.023771335877
v 0.785396481378 -0.478695570649 0.0203791095971
v 0.757541348501 -0.562861764382 0.0276020870296
v 0.772929839089 -0.456679848916 0.0142718176664
v 0.783838111115 -0.415765721633 0.0124983300099
v 0.834678565742 -0.328871868245 0.0146007533831
v 0.835262858647 -0.330040837828 0.0148393693456
v 0.875000276945 -0.284645596515 0.0209015013991
v 0.883570993578 -0.223664094098 0.0183992404115
v 0.890388639609 -0.159565211537 0.0165999414555
v 0.8938949727 -0.118651084254 0.0156325818527
v 0.910452177022 -0.0968301907843 0.0194569098714
v 0.919022957617 -0.031757230866 0.0202501223785
v 0.919022957617 0.0319519312058 0.0202501223785
v 0.910452177022 0.0970248911241 0.0194569098714
v 0.908114685591 0.159954740141 0.0215464176979
v 0.901686504201 0.223858730476 0.023345686963
v 0.897206349602 0.261850497765 0.0246290568388
v 0.88960951844 0.304128422895 0.0268475419869
v 0.847534736634 0.35069263379 0.0199663861268
v 0.826302549449 0.371539321979 0.0164774169588
v 0.817147348024 0.418882845929 0.0199663861268
v 0.785396481378 0.478500614461 0.0203855723189
v 0.772735010825 0.456679720992 0.0142718176664
v 0.759099654801 0.499347366612 0.0171739162686
v 0.736893518183 0.545521857018 0.0199341417964
v 0.714687445526 0.588968815692 0.0226943376333
v 0.696766635243 0.63163639735 0.0267830632231
v 0.672028178929 0.672160932068 0.0300849994397
v 0.65410749657 0.654236603875 0.0220043010453
v 0.638913770284 0.638650214847 0.0154068814369
v 0.61398061363 0.676836810399 0.0190506095351
v 0.589047329052 0.714828513726 0.0226943376333
v 0.545414240946 0.736844235459 0.0199341417964
v 0.519896599501 0.773082420449 0.023771335877
v 0.478600938864 0.78535666503 0.0203855723189
v 0.329780800301 0.901085165422 0.0331225083943
v 0.350818223185 0.84750713703 0.0199663861268
v 0.418995003303 0.817308692179 0.0199663861268
v 0.371660817805 0.826465556615 0.0164774169588
v 0.329975564603 0.886083453072 0.0285501277456
v 0.456589566548 0.772887592185 0.0142718176664
v 0.304068394554 0.889785126122 0.0268475419869
v 0.261409255881 0.897383492372 0.0246290568388
v 0.223619800411 0.901864606401 0.023345686963
v 0.159728474552 0.908293939106 0.0215464176979
v 0.0968110341641 0.910437050008 0.0194569098714
v 0.0319456949104 0.919009493615 0.0202501223785
v -0.0319456949104 0.898357569729 0.0146007533831
v -0.0761632038459 0.896799071542 0.0149425452647
v -0.118822406481 0.894071475849 0.0156325818527
v -0.159923238854 0.890369546951 0.0165999414555
v -0.223814628675 0.883745449944 0.0183992404115
v -0.284784106234 0.875173006337 0.0209015013991
v -0.371466053503 0.826660576765 0.0164774169588
v -0.418800175039 0.817308692179 0.0199663861268
v -0.456589566548 0.772887592185 0.0142718176664
v -0.499248833145 0.759249613719 0.0171739162686
v -0.690728110381 0.495061080846 0.0065845238556
v -0.673781377455 0.5466908266 0.00968654126499
v -0.564893293568 0.63007777124 0.00619111927207
v -0.629953397123 0.565004811321 0.00619111927207
v -0.475873854867 0.732947606221 0.010428170761
v -0.494963378885 0.690864509355 0.0065845238556
v -0.546582954681 0.67391432248 0.00968654126499
v -0.587489022752 -0.58760514577 0.00465624757803
v -0.67124905776 0.0319519312058 0.000380489036834
v -0.67124905776 0.159954740141 0.000503013533543
v -0.67124905776 0.0960507498051 0.000419186192095
v -0.67124905776 0.223858730476 0.000670727598264
v -0.648068971708 0.522337165702 0.00480454378632
v -0.670080280063 0.476162675296 0.00415965717844
v -0.607357667939 0.47947475578 0.00192828617455
v -0.607357667939 0.415570765445 0.00102543502654
v -0.607357667939 0.351471946845 0.000606248834446
v -0.607357667939 -0.0319520591298 0.000103175919079
v -0.607357667939 -0.0958560494653 0.000129016909459
v -0.607357667939 -0.159760039801 0.000167654682897
v -0.607357667939 -0.223664094098 0.000251541406169
v -0.607357667939 -0.287762848736 0.000380489036834
v -0.607357667939 -0.330040837828 0.000522362111174
v -0.543466278118 -0.415765721633 0.000464316378282
v -0.543466278118 -0.479669711968 0.000857720961821
v -0.543466278118 -0.543573702304 0.00172836736732
v -0.60813685307 -0.543768530568 0.00381786529687
v -0.287705954533 -0.777368834139 0.00456592782383
v -0.350428630619 -0.73781844074 0.00386299548305
v -0.543466278118 -0.608451833958 0.00381786529687
v -0.415488734175 -0.671381746937 0.00248934544098
v -0.479574952259 -0.607672520903 0.00192828617455
v -0.287705954533 -0.735480565536 0.00252804259625
v -0.223619800411 -0.735480565536 0.00175414897587
v -0.0958370847312 -0.799384555872 0.00330193621662
v -0.0317508666466 -0.799384555872 0.00292788021071
v 0.0317508666466 -0.799384555872 0.00292788021071
v 0.0958370847312 -0.799384555872 0.00330193621662
v 0.223619800411 -0.735480565536 0.00175414897587
v 0.287705954533 -0.735480565536 0.00252804259625
v 0.287705954533 -0.777368834139 0.00456592782383
v 0.415488734175 -0.716776924288 0.00448210048238
v 0.476068683131 -0.670407541656 0.00415965717844
v 0.522234090933 -0.648197055621 0.0047981107554
v 0.310691276283 -0.773472268863 0.00485616638526
v 0.350428630619 -0.73781844074 0.00386299548305
v 0.564893293568 -0.630272727428 0.00619111927207
v 0.629953397123 -0.565004939245 0.00619111927207
v 0.673781377455 -0.546690954524 0.00969297429591
v 0.690922874683 -0.495256037034 0.00659095688653
v 0.732802956149 -0.475967974956 0.010428170761
v 0.759099654801 -0.499347494536 0.0171739162686
v 0.736893518183 -0.545716877167 0.0199405748273
v 0.74858097534 -0.415765721633 0.0075454207365
v 0.760658025064 -0.371149793375 0.00599120046483
v 0.798447416572 -0.350108276923 0.0102991934394
v 0.832925367216 -0.330040837828 0.014400804885
v 0.84208056864 -0.287568084434 0.0132464123308
v 0.85162536263 -0.223664094098 0.0116212604705
v 0.852988904629 -0.153330707096 0.00962203281026
v 0.896816820998 -0.075983502596 0.0149425452647
v 0.898375127299 -0.031757230866 0.0146007533831
v 0.898375127299 0.0319519312058 0.0146007533831
v 0.896816820998 0.0761782029358 0.0149425452647
v 0.8938949727 0.118845784593 0.0156325818527
v 0.890388639609 0.159954740141 0.0165999414555
v 0.883570993578 0.223858730476 0.0183992404115
v 0.875000276945 0.285035125119 0.0209015013991
v 0.834678565742 0.329066568585 0.0146007533831
v 0.783643346814 0.415570765445 0.0124983300099
v 0.732802956149 0.475772954806 0.010428170761
v 0.716440516128 0.528376905842 0.0131883962888
v 0.74858097534 0.415570765445 0.00755188345834
v 0.69949371924 0.571044487499 0.0160969279219
v 0.657029344869 0.595982633189 0.0127949917053
v 0.613201428499 0.613127648327 0.00949305548868
v 0.596254567649 0.656964199568 0.0127949917053
v 0.528467380096 0.7165819681 0.0131883962888
v 0.570931754467 0.699631845187 0.0160969279219
v 0.499248833145 0.759054721494 0.0171739162686
v 0.329975564603 0.856274600787 0.0202630478222
v 0.329780800301 0.834648599543 0.0146394208475
v 0.415488734175 0.783992867184 0.0124983300099
v 0.475873854867 0.732947606221 0.010428170761
v 0.415488734175 0.748533995249 0.00755188345834
v 0.284589341933 0.875173006337 0.0209015013991
v 0.223619800411 0.883745449944 0.0183992404115
v 0.159728474552 0.890369546951 0.0165999414555
v 0.118822406481 0.894071475849 0.0156325818527
v 0.0761632038459 0.896799071542 0.0149425452647
v 0.0319456949104 0.898357569729 0.0146007533831
v -0.0319456949104 0.867964296614 0.00964784410973
v -0.127977543943 0.831336327172 0.005397896868
v -0.153495121427 0.852962392378 0.00962203281026
v -0.223814628675 0.851598658493 0.0116212604705
v -0.287705954533 0.842051945643 0.0132464123308
v -0.32900161517 0.834843427807 0.0146007533831
v -0.415488734175 0.783992867184 0.0124983300099
v -0.415488734175 0.748728823512 0.00755188345834
v -0.522234090933 0.648196927697 0.00480454378632
v -0.587294194488 0.58741012562 0.00465624757803
v -0.452499004514 0.706645662684 0.00513347950301
v -0.607357667939 0.0319519312058 0.000103175919079
v -0.607357667939 0.0960507498051 0.000129016909459
v -0.607357667939 0.287762720812 0.000380489036834
v -0.607357667939 0.223858730476 0.000251541406169
v -0.607357667939 0.159954740141 0.000167654682897
v -0.60813685307 0.54357357438 0.00381786529687
v -0.543466278118 0.54357357438 0.00172836736732
v -0.543466278118 0.47947475578 0.000857720961821
v -0.543466278118 0.415570765445 0.000470808791032
v -0.543466278118 -0.159760039801 6.43303092581e-06
v -0.543466278118 -0.223664094098 4.51301861871e-05
v -0.543466278118 -0.287762848736 0.000116091465784
v -0.543466278118 -0.330040837828 0.000199918807232
v -0.543466278118 -0.351861731297 0.000245048993419
v -0.479574952259 -0.479669711968 0.000419186192095
v -0.479574952259 -0.543573702304 0.000857720961821
v -0.415488734175 -0.607672520903 0.00101894261379
v -0.351597344354 -0.671381746937 0.00141878022826
v -0.159728474552 -0.735480565536 0.00133495288681
v -0.287705954533 -0.671381746937 0.000922199725638
v -0.0958370847312 -0.735480565536 0.00111568550194
v -0.0317508666466 -0.735480565536 0.000993170902206
v 0.0317508666466 -0.735480565536 0.000993170902206
v 0.0958370847312 -0.735480565536 0.00111568550194
v 0.159728474552 -0.735480565536 0.00133495288681
v 0.287705954533 -0.671381746937 0.000922199725638
v 0.351792172618 -0.671381746937 0.00143170567193
v 0.415488734175 -0.671381746937 0.00248934544098
v 0.479574952259 -0.607477692639 0.00192828617455
v 0.54366104242 -0.608257069656 0.00381786529687
v 0.587489022752 -0.58760514577 0.00465624757803
v 0.648068971708 -0.522532185852 0.0047981107554
v 0.706506193535 -0.452588455376 0.00513347950301
v 0.770592347657 -0.32809255519 0.00508834931683
v 0.772735010825 -0.330040837828 0.00547527138458
v 0.809160988259 -0.287568084434 0.00829354264529
v 0.8019536857 -0.330040837828 0.00965427714065
v 0.81909524689 -0.223664094098 0.00666835119705
v 0.82649731375 -0.170475658272 0.00582997881286
v 0.831172360576 -0.127808076614 0.005397896868
v 0.867792974387 -0.031757230866 0.00964784410973
v 0.867792974387 0.0319519312058 0.00964784410973
v 0.833120195479 0.0960507498051 0.0051915252359
v 0.831172360576 0.128197605218 0.005397896868
v 0.852988904629 0.153525407435 0.00962203281026
v 0.85162536263 0.223858730476 0.0116212604705
v 0.84208056864 0.287762720812 0.0132464123308
v 0.798447416572 0.349913256773 0.0102991934394
v 0.760658025064 0.370760008923 0.00599766318667
v 0.690728110381 0.495061080846 0.0065845238556
v 0.706506193535 0.452393499189 0.00513347950301
v 0.673781377455 0.5466908266 0.00968654126499
v 0.630148225387 0.564809919096 0.00619111927207
v 0.564893293568 0.63007777124 0.00619111927207
v 0.546582954681 0.67391432248 0.00968654126499
v 0.495158143187 0.690864509355 0.0065845238556
v 0.287705954533 0.842051945643 0.0132464123308
v 0.350039038054 0.798605114892 0.0102991934394
v 0.371076460938 0.760613411566 0.00599766318667
v 0.452499004514 0.70645083442 0.00513347950301
v 0.223619800411 0.851598658493 0.0116212604705
v 0.153495121427 0.852962392378 0.00962203281026
v 0.127782779642 0.831336327172 0.005397896868
v 0.0319456949104 0.867964296614 0.00964784410973
v -0.0319456949104 0.836012269466 0.0049206352521
v -0.096031849033 0.833284673772 0.0051915252359
v -0.153495121427 0.802696572394 0.00403070954777
v -0.223814628675 0.78730501163 0.00399843552647
v -0.170636746578 0.826660576765 0.00582997881286
v -0.223814628675 0.819257038779 0.00666835119705
v -0.287705954533 0.8091259051 0.00829354264529
v -0.349844273752 0.798605114892 0.0102991934394
v -0.370881632674 0.760808175868 0.00599766318667
v -0.543466278118 0.60825687777 0.00381786529687
v -0.476068683131 0.670212585468 0.00415965717844
v -0.328417258302 0.770744481283 0.00508834931683
v -0.415488734175 0.716776796364 0.00448859289513
v -0.543466278118 0.159954740141 6.43303092581e-06
v -0.543466278118 0.351471946845 0.000251541406169
v -0.543466278118 0.287762720812 0.000116091465784
v -0.543466278118 0.223858730476 4.51301861871e-05
v -0.479380123996 0.54357357438 0.000857720961821
v -0.479380123996 0.607477564715 0.00192828617455
v -0.415488734175 0.607477564715 0.00102543502654
v -0.479380123996 0.47947475578 0.000419186192095
v -0.479380123996 0.415570765445 0.000199918807232
v -0.159728474552 -0.543573702304 0
v -0.479380123996 -0.287762848736 1.93485776307e-05
v -0.479574952259 -0.330040837828 4.51301861871e-05
v -0.479574952259 -0.351861731297 6.44787638178e-05
v -0.501196668049 -0.330040837828 7.73943105226e-05
v -0.479574952259 -0.415765721633 0.000199918807232
v -0.415488734175 -0.479669711968 0.000199918807232
v -0.351597344354 -0.543573702304 0.000245048993419
v -0.415488734175 -0.543573702304 0.000464316378282
v -0.351597344354 -0.607672520903 0.000599756421697
v -0.223619800411 -0.671381746937 0.000664235185514
v -0.159728474552 -0.671381746937 0.000503013533543
v -0.0958370847312 -0.671381746937 0.000419186192095
v -0.0317508666466 -0.671381746937 0.000380489036834
v 0.0317508666466 -0.671381746937 0.000380489036834
v 0.0958370847312 -0.671381746937 0.000419186192095
v 0.159728474552 -0.671381746937 0.000503013533543
v 0.223619800411 -0.671381746937 0.000664235185514
v 0.351792172618 -0.607477692639 0.000599756421697
v 0.415488734175 -0.607477692639 0.00101894261379
v 0.54366104242 -0.543573702304 0.00172836736732
v 0.608331681334 -0.543768530568 0.00381786529687
v 0.670275108327 -0.47616280322 0.00415965717844
v 0.716635344392 -0.415765721633 0.00448210048238
v 0.777215293348 -0.287568084434 0.00457242023658
v 0.768254856226 -0.330040837828 0.00499802956263
v 0.78714955198 -0.223664094098 0.00399843552647
v 0.802732806869 -0.153330707096 0.00403070954777
v 0.833120195479 -0.0956612212015 0.0051915252359
v 0.835847215515 -0.031757230866 0.0049206352521
v 0.835847215515 0.0319519312058 0.0049206352521
v 0.799226601703 0.0960507498051 0.00330193621662
v 0.802732806869 0.153525407435 0.00403070954777
v 0.78714955198 0.223858730476 0.00399843552647
v 0.82649731375 0.170670358612 0.00582997881286
v 0.81909524689 0.223858730476 0.00666835119705
v 0.809160988259 0.287762720812 0.00829354264529
v 0.770592347657 0.32828725553 0.00508834931683
v 0.648068971708 0.522337165702 0.00480454378632
v 0.716635344392 0.415570765445 0.00448859289513
v 0.670275108327 0.475967847032 0.00415965717844
v 0.587489022752 0.58741012562 0.00465624757803
v 0.522234090933 0.648196927697 0.00480454378632
v 0.287705954533 0.8091259051 0.00829354264529
v 0.223619800411 0.819257038779 0.00666835119705
v 0.329975564603 0.770354824756 0.00512055405934
v 0.415488734175 0.716776796364 0.00448859289513
v 0.476068683131 0.670212585468 0.00415965717844
v 0.170441918315 0.826660576765 0.00582997881286
v 0.223619800411 0.78730501163 0.00399843552647
v 0.153495121427 0.802696572394 0.00403070954777
v 0.0958370847312 0.833284673772 0.0051915252359
v 0.0319456949104 0.836012269466 0.0049206352521
v -0.0319456949104 0.799384427948 0.00292788021071
v -0.096031849033 0.799384427948 0.00330193621662
v -0.223814628675 0.735285609348 0.00176057210983
v -0.287705954533 0.735285609348 0.00252804259625
v -0.287705954533 0.777368706215 0.00457242023658
v -0.415488734175 0.671381619013 0.00248934544098
v -0.350428630619 0.737818312816 0.00386942851398
v -0.479380123996 0.287762720812 1.93485776307e-05
v -0.159923238854 0.54357357438 6.43303092581e-06
v -0.479380123996 0.351471946845 5.80457328919e-05
v -0.415488734175 0.54357357438 0.000470808791032
v -0.351597344354 0.607477564715 0.000606248834446
v -0.351597344354 0.671381619013 0.00142527264101
v -0.287705954533 0.671381619013 0.000928692138388
v -0.415488734175 0.47947475578 0.000199918807232
v -0.415488734175 0.415570765445 4.51301861871e-05
v 0.159728474552 -0.543573702304 0
v -0.0317508666466 -0.607672520903 0.000103175919079
v -0.0958370847312 -0.607672520903 0.00012252449671
v -0.159728474552 -0.607672520903 0.000161221651971
v -0.223619800411 -0.543573702304 4.51301861871e-05
v -0.287705954533 -0.479669711968 1.93485776307e-05
v -0.415488734175 -0.415765721633 4.51301861871e-05
v -0.351597344354 -0.479669711968 6.44787638178e-05
v -0.287705954533 -0.543573702304 0.00012252449671
v -0.223619800411 -0.607672520903 0.000245048993419
v -0.287705954533 -0.607672520903 0.000380489036834
v 0.0317508666466 -0.607672520903 0.000103175919079
v 0.0958370847312 -0.607672520903 0.00012252449671
v 0.159728474552 -0.607672520903 0.000161221651971
v 0.223619800411 -0.607672520903 0.000245048993419
v 0.287705954533 -0.607672520903 0.000380489036834
v 0.351792172618 -0.543573702304 0.000245048993419
v 0.415488734175 -0.543573702304 0.000477231924987
v 0.479574952259 -0.543573702304 0.000857720961821
v 0.54366104242 -0.479669711968 0.000857720961821
v 0.607357667939 -0.415765721633 0.00101894261379
v 0.607357667939 -0.479669711968 0.00192828617455
v 0.671443822062 -0.415765721633 0.00248934544098
v 0.737672703314 -0.350497933451 0.00386299548305
v 0.736893518183 -0.330040837828 0.00342446071333
v 0.735335211882 -0.287568084434 0.00252804259625
v 0.735335211882 -0.223664094098 0.00176057210983
v 0.799226601703 -0.0956612212015 0.00330193621662
v 0.799226601703 -0.031757230866 0.00292788021071
v 0.799226601703 0.0319519312058 0.00292788021071
v 0.735335211882 0.159954740141 0.00134138591773
v 0.735335211882 0.223858730476 0.00176057210983
v 0.735335211882 0.287762720812 0.00252804259625
v 0.777215293348 0.287762720812 0.00457242023658
v 0.737672703314 0.350302977263 0.00386942851398
v 0.608331681334 0.54357357438 0.00381786529687
v 0.67124905776 0.415570765445 0.00248934544098
v 0.607552496203 0.47947475578 0.00192828617455
v 0.543466278118 0.60825687777 0.00381786529687
v 0.328222494001 0.770744481283 0.00508834931683
v 0.350428630619 0.737623484552 0.00386942851398
v 0.415488734175 0.671381619013 0.00248934544098
v 0.479574952259 0.607282736451 0.00192828617455
v 0.287705954533 0.777368706215 0.00457242023658
v 0.287705954533 0.735285609348 0.00252804259625
v 0.223619800411 0.735285609348 0.00176057210983
v 0.0958370847312 0.799384427948 0.00330193621662
v 0.0319456949104 0.799384427948 0.00292788021071
v -0.0319456949104 0.735285609348 0.000993170902206
v -0.096031849033 0.735285609348 0.00111568550194
v -0.159923238854 0.735285609348 0.00134138591773
v -0.287705954533 0.47947475578 1.93485776307e-05
v 0.159728474552 0.54357357438 6.43303092581e-06
v -0.223814628675 0.54357357438 4.51301861871e-05
v -0.096031849033 0.607477564715 0.000129016909459
v -0.0319456949104 0.607477564715 0.000103175919079
v -0.351597344354 0.54357357438 0.000251541406169
v -0.287705954533 0.607477564715 0.000380489036834
v -0.223814628675 0.671381619013 0.000670727598264
v -0.351597344354 0.47947475578 5.80457328919e-05
v 0.543466278118 0.159954740141 6.43303092581e-06
v 0.543466278118 -0.159565211537 6.43303092581e-06
v 0.479574952259 -0.287568084434 1.93485776307e-05
v 0.310691276283 -0.479669711968 2.57816085564e-05
v 0.223619800411 -0.543573702304 4.51301861871e-05
v 0.287705954533 -0.543573702304 0.00012252449671
v 0.310691276283 -0.543573702304 0.000161221651971
v 0.351792172618 -0.479669711968 5.80457328919e-05
v 0.415488734175 -0.479669711968 0.000199918807232
v 0.479574952259 -0.479669711968 0.000419186192095
v 0.54366104242 -0.415765721633 0.000477231924987
v 0.607357667939 -0.351861731297 0.000599756421697
v 0.67124905776 -0.287568084434 0.000928692138388
v 0.671443822062 -0.330040837828 0.00125755857628
v 0.671443822062 -0.351861731297 0.00143170567193
v 0.735335211882 -0.159565211537 0.00134138591773
v 0.735335211882 -0.0956612212015 0.00111568550194
v 0.735335211882 -0.031757230866 0.000993170902206
v 0.735335211882 0.0319519312058 0.000993170902206
v 0.735335211882 0.0960507498051 0.00111568550194
v 0.67124905776 0.223858730476 0.000670727598264
v 0.67124905776 0.287762720812 0.000928692138388
v 0.67124905776 0.351471946845 0.00142527264101
v 0.543466278118 0.54357357438 0.00172836736732
v 0.607552496203 0.415570765445 0.00102543502654
v 0.329780800301 0.75067710615 0.00409518831159
v 0.329780800301 0.737038999761 0.00343089374425
v 0.351597344354 0.671381619013 0.00142527264101
v 0.415488734175 0.607282736451 0.00102543502654
v 0.159728474552 0.735285609348 0.00134138591773
v 0.287705954533 0.671381619013 0.000928692138388
v 0.0958370847312 0.735285609348 0.00111568550194
v 0.0319456949104 0.735285609348 0.000993170902206
v -0.0319456949104 0.671381619013 0.000380489036834
v -0.096031849033 0.671381619013 0.000419186192095
v -0.159923238854 0.671381619013 0.000503013533543
v 0.223619800411 0.54357357438 4.51301861871e-05
v 0.287705954533 0.47947475578 1.93485776307e-05
v 0.479574952259 0.287762720812 1.93485776307e-05
v 0.0319456949104 0.607477564715 0.000103175919079
v 0.0958370847312 0.607477564715 0.000129016909459
v -0.287705954533 0.54357357438 0.000116091465784
v -0.159923238854 0.607477564715 0.000167654682897
v -0.223814628675 0.607477564715 0.000251541406169
v 0.543466278118 0.223858730476 4.51301861871e-05
v 0.607552496203 0.0960507498051 0.000129016909459
v 0.607552496203 0.0319519312058 0.000103175919079
v 0.543466278118 -0.223664094098 4.51301861871e-05
v 0.479574952259 -0.351861731297 5.80457328919e-05
v 0.607552496203 -0.031757230866 0.000103175919079
v 0.607552496203 -0.0956612212015 0.000129016909459
v 0.415488734175 -0.415765721633 4.51301861871e-05
v 0.479574952259 -0.415765721633 0.000199918807232
v 0.54366104242 -0.351861731297 0.000245048993419
v 0.607357667939 -0.330040837828 0.000522362111174
v 0.67124905776 -0.223664094098 0.000670727598264
v 0.67124905776 -0.159565211537 0.000503013533543
v 0.67124905776 -0.0956612212015 0.000419186192095
v 0.67124905776 -0.031757230866 0.000380489036834
v 0.67124905776 0.0319519312058 0.000380489036834
v 0.67124905776 0.0960507498051 0.000419186192095
v 0.67124905776 0.159954740141 0.000503013533543
v 0.607552496203 0.287762720812 0.000380489036834
v 0.607552496203 0.351471946845 0.000606248834446
v 0.543466278118 0.47947475578 0.000857720961821
v 0.479574952259 0.54357357438 0.000857720961821
v 0.351597344354 0.607282736451 0.000606248834446
v 0.329975564603 0.629103629921 0.00071584788748
v 0.223619800411 0.671381619013 0.000670727598264
v 0.159728474552 0.671381619013 0.000503013533543
v 0.0958370847312 0.671381619013 0.000419186192095
v 0.0319456949104 0.671381619013 0.000380489036834
v 0.287705954533 0.54357357438 0.000116091465784
v 0.329975564603 0.50129564925 7.73943105226e-05
v 0.351597344354 0.47947475578 5.80457328919e-05
v 0.159728474552 0.607477564715 0.000167654682897
v 0.415488734175 0.415570765445 4.51301861871e-05
v 0.479574952259 0.351471946845 5.80457328919e-05
v 0.607552496203 0.159954740141 0.000167654682897
v 0.543466278118 0.287762720812 0.000116091465784
v 0.607552496203 -0.159565211537 0.000167654682897
v 0.543466278118 -0.287568084434 0.000116091465784
v 0.54366104242 -0.330040837828 0.000199918807232
v 0.607552496203 -0.287568084434 0.000380489036834
v 0.607552496203 -0.223664094098 0.000251541406169
v 0.607552496203 0.223858730476 0.000251541406169
v 0.543466278118 0.351471946845 0.000251541406169
v 0.543466278118 0.415570765445 0.000470808791032
v 0.479574952259 0.47947475578 0.000419186192095
v 0.415488734175 0.54357357438 0.000470808791032
v 0.329780800301 0.607477564715 0.000528854523924
v 0.287705954533 0.607477564715 0.000380489036834
v 0.223619800411 0.607477564715 0.000251541406169
v 0.351597344354 0.54357357438 0.000251541406169
v 0.415488734175 0.47947475578 0.000199918807232
v 0.479574952259 0.415570765445 0.000199918807232
f 1 2 8
f 1 8 3
f 1 3 11
f 1 11 4
f 1 4 13
f 1 13 5
f 1 5 6
f 1 6 2
f 2 6 7
f 2 7 42
f 2 42 8
f 3 8 9
f 3 9 10
f 3 10 62
f 3 62 11
f 4 11 66
f 4 66 12
f 4 12 13
f 5 14 6
f 5 13 71
f 5 71 15
f 5 15 16
f 5 16 17
f 5 17 14
f 6 14 7
f 7 18 19
f 7 19 20
f 7 20 21
f 7 21 22
f 7 22 23
f 7 23 24
f 7 24 25
f 7 25 26
f 7 26 27
f 7 27 28
f 7 28 29
f 7 29 30
f 7 30 31
f 7 31 32
f 7 32 33
f 7 33 34
f 7 34 35
f 7 35 36
f 7 36 37
f 7 37 38
f 7 38 39
f 7 39 40
f 7 40 41
f 7 41 93
f 7 93 161
f 7 161 242
f 7 242 369
f 7 369 493
f 7 493 606
f 7 606 732
f 7 732 734
f 7 734 867
f 7 867 873
f 7 873 872
f 7 872 1009
f 7 1009 1005
f 7 1005 1008
f 7 1008 1007
f 7 1007 876
f 7 876 739
f 7 739 607
f 7 607 494
f 7 494 370
f 7 370 243
f 7 243 162
f 7 162 94
f 7 94 42
f 7 14 17
f 7 17 16
f 7 16 43
f 7 43 44
f 7 44 45
f 7 45 46
f 7 46 47
f 7 47 48
f 7 48 49
f 7 49 50
f 7 50 51
f 7 51 52
f 7 52 53
f 7 53 54
f 7 54 55
f 7 55 56
f 7 56 57
f 7 57 58
f 7 58 59
f 7 59 60
f 7 60 18
f 8 42 9
f 9 61 10
f 9 42 61
f 10 61 63
f 10 63 64
f 10 64 65
f 10 65 126
f 10 126 62
f 11 62 66
f 12 66 132
f 12 132 67
f 12 67 68
f 12 68 69
f 12 69 13
f 13 69 70
f 13 70 71
f 15 71 72
f 15 72 73
f 15 73 16
f 16 73 43
f 18 74 75
f 18 75 19
f 18 60 74
f 19 75 20
f 20 75 76
f 20 76 21
f 21 76 77
f 21 77 22
f 22 77 78
f 22 78 23
f 23 78 24
f 24 78 79
f 24 79 25
f 25 80 26
f 25 79 80
f 26 80 81
f 26 81 27
f 27 81 82
f 27 82 28
f 28 82 29
f 29 83 30
f 29 82 83
f 30 83 84
f 30 84 31
f 31 84 85
f 31 85 32
f 32 85 86
f 32 86 33
f 33 86 34
f 34 86 87
f 34 87 35
f 35 88 36
f 35 87 88
f 36 88 89
f 36 89 37
f 37 89 38
f 38 89 39
f 39 89 90
f 39 90 91
f 39 91 40
f 40 91 41
f 41 91 92
f 41 92 93
f 42 94 95
f 42 95 96
f 42 96 97
f 42 97 98
f 42 98 99
f 42 99 100
f 42 100 101
f 42 101 102
f 42 102 103
f 42 103 104
f 42 104 105
f 42 105 106
f 42 106 107
f 42 107 108
f 42 108 109
f 42 109 110
f 42 110 64
f 42 64 63
f 42 63 61
f 43 73 44
f 44 73 45
f 45 73 111
f 45 111 112
f 45 112 46
f 46 112 113
f 46 113 114
f 46 114 47
f 47 114 115
f 47 115 48
f 48 115 49
f 49 115 116
f 49 116 117
f 49 117 50
f 50 117 51
f 51 117 118
f 51 118 52
f 52 118 53
f 53 118 119
f 53 119 54
f 54 119 120
f 54 120 55
f 55 120 56
f 56 120 121
f 56 121 57
f 57 121 122
f 57 122 123
f 57 123 124
f 57 124 58
f 58 124 125
f 58 125 59
f 59 125 60
f 60 125 74
f 62 126 127
f 62 127 128
f 62 128 66
f 64 110 129
f 64 129 65
f 65 129 130
f 65 130 126
f 66 128 131
f 66 131 132
f 67 132 209
f 67 209 133
f 67 133 68
f 68 133 134
f 68 134 135
f 68 135 69
f 69 135 70
f 70 135 136
f 70 136 137
f 70 137 71
f 71 137 138
f 71 138 139
f 71 139 72
f 72 140 141
f 72 141 142
f 72 142 114
f 72 114 113
f 72 113 112
f 72 112 111
f 72 111 73
f 72 139 138
f 72 138 140
f 74 143 75
f 74 125 144
f 74 144 145
f 74 145 143
f 75 143 76
f 76 143 146
f 76 146 77
f 77 147 78
f 77 146 148
f 77 148 147
f 78 147 79
f 79 147 149
f 79 149 150
f 79 150 80
f 80 150 81
f 81 150 82
f 82 150 83
f 83 150 151
f 83 151 152
f 83 152 84
f 84 152 85
f 85 152 153
f 85 153 154
f 85 154 86
f 86 154 155
f 86 155 87
f 87 155 156
f 87 156 88
f 88 156 157
f 88 157 89
f 89 157 90
f 90 157 91
f 91 157 92
f 92 157 158
f 92 158 159
f 92 159 160
f 92 160 93
f 93 160 161
f 94 162 294
f 94 294 163
f 94 163 164
f 94 164 165
f 94 165 166
f 94 166 167
f 94 167 168
f 94 168 169
f 94 169 170
f 94 170 171
f 94 171 172
f 94 172 173
f 94 173 174
f 94 174 175
f 94 175 176
f 94 176 177
f 94 177 178
f 94 178 179
f 94 179 180
f 94 180 181
f 94 181 182
f 94 182 95
f 95 183 96
f 95 182 183
f 96 183 184
f 96 184 97
f 97 184 98
f 98 184 185
f 98 185 186
f 98 186 99
f 99 186 100
f 100 187 101
f 100 186 187
f 101 187 102
f 102 187 188
f 102 188 189
f 102 189 103
f 103 189 190
f 103 190 104
f 104 190 105
f 105 191 106
f 105 190 191
f 106 191 192
f 106 192 107
f 107 193 108
f 107 192 193
f 108 193 129
f 108 129 109
f 109 129 110
f 114 142 194
f 114 194 115
f 115 194 195
f 115 195 116
f 116 195 196
f 116 196 117
f 117 196 197
f 117 197 118
f 118 197 119
f 119 197 198
f 119 198 199
f 119 199 120
f 120 199 121
f 121 199 200
f 121 200 122
f 122 200 123
f 123 200 124
f 124 144 125
f 124 200 144
f 126 130 201
f 126 201 202
f 126 202 203
f 126 203 127
f 127 203 204
f 127 204 205
f 127 205 128
f 128 205 131
f 129 193 130
f 130 193 192
f 130 192 191
f 130 191 206
f 130 206 207
f 130 207 202
f 130 202 201
f 131 205 208
f 131 208 209
f 131 209 132
f 133 209 332
f 133 332 210
f 133 210 211
f 133 211 134
f 134 211 212
f 134 212 213
f 134 213 135
f 135 213 214
f 135 214 136
f 136 214 215
f 136 215 137
f 137 215 138
f 138 215 216
f 138 216 217
f 138 217 141
f 138 141 140
f 141 217 142
f 142 217 194
f 143 145 218
f 143 218 146
f 144 200 219
f 144 219 220
f 144 220 145
f 145 220 218
f 146 218 148
f 147 148 221
f 147 221 149
f 148 222 221
f 148 218 223
f 148 223 222
f 149 224 150
f 149 221 224
f 150 225 151
f 150 224 226
f 150 226 225
f 151 225 226
f 151 226 227
f 151 227 228
f 151 228 152
f 152 228 229
f 152 229 230
f 152 230 153
f 153 230 231
f 153 231 154
f 154 231 155
f 155 231 232
f 155 232 233
f 155 233 156
f 156 233 234
f 156 234 235
f 156 235 236
f 156 236 157
f 157 236 235
f 157 235 237
f 157 237 238
f 157 238 158
f 158 238 239
f 158 239 159
f 159 239 240
f 159 240 241
f 159 241 160
f 160 241 161
f 161 241 242
f 162 243 244
f 162 244 245
f 162 245 246
f 162 246 247
f 162 247 248
f 162 248 249
f 162 249 250
f 162 250 251
f 162 251 252
f 162 252 253
f 162 253 254
f 162 254 255
f 162 255 256
f 162 256 257
f 162 257 258
f 162 258 259
f 162 259 260
f 162 260 261
f 162 261 262
f 162 262 263
f 162 263 264
f 162 264 265
f 162 265 266
f 162 266 267
f 162 267 268
f 162 268 269
f 162 269 270
f 162 270 271
f 162 271 272
f 162 272 273
f 162 273 274
f 162 274 275
f 162 275 276
f 162 276 277
f 162 277 278
f 162 278 279
f 162 279 280
f 162 280 281
f 162 281 282
f 162 282 283
f 162 283 284
f 162 284 285
f 162 285 286
f 162 286 287
f 162 287 288
f 162 288 289
f 162 289 290
f 162 290 291
f 162 291 292
f 162 292 293
f 162 293 294
f 163 294 410
f 163 410 295
f 163 295 164
f 164 295 296
f 164 296 165
f 165 296 166
f 166 297 167
f 166 296 297
f 167 297 298
f 167 298 168
f 168 298 169
f 169 298 170
f 170 298 299
f 170 299 171
f 171 299 300
f 171 300 172
f 172 300 301
f 172 301 173
f 173 301 174
f 174 301 302
f 174 302 303
f 174 303 175
f 175 303 176
f 176 303 304
f 176 304 305
f 176 305 177
f 177 305 178
f 178 306 179
f 178 305 306
f 179 306 307
f 179 307 180
f 180 307 308
f 180 308 181
f 181 308 182
f 182 308 183
f 183 309 184
f 183 308 309
f 184 310 311
f 184 311 185
f 184 309 310
f 185 311 186
f 186 312 313
f 186 313 187
f 186 311 312
f 187 313 188
f 188 313 314
f 188 314 189
f 189 315 316
f 189 316 190
f 189 314 315
f 190 316 191
f 191 316 206
f 194 217 195
f 195 217 317
f 195 317 318
f 195 318 319
f 195 319 196
f 196 319 197
f 197 319 198
f 198 320 199
f 198 319 320
f 199 321 200
f 199 320 321
f 200 321 322
f 200 322 323
f 200 323 324
f 200 324 219
f 202 207 325
f 202 325 326
f 202 326 327
f 202 327 203
f 203 327 204
f 204 327 328
f 204 328 205
f 205 328 329
f 205 329 208
f 206 316 325
f 206 325 207
f 208 330 209
f 208 329 331
f 208 331 330
f 209 330 332
f 210 333 334
f 210 334 211
f 210 332 448
f 210 448 333
f 211 335 212
f 211 334 335
f 212 335 336
f 212 336 337
f 212 337 213
f 213 337 214
f 214 337 338
f 214 338 339
f 214 339 216
f 214 216 215
f 216 339 340
f 216 340 341
f 216 341 342
f 216 342 217
f 217 342 341
f 217 341 317
f 218 343 223
f 218 220 344
f 218 344 343
f 219 324 323
f 219 323 345
f 219 345 220
f 220 346 344
f 220 345 346
f 221 222 347
f 221 347 348
f 221 348 349
f 221 349 224
f 222 223 350
f 222 350 347
f 223 343 350
f 224 349 226
f 226 349 351
f 226 351 227
f 227 351 352
f 227 352 228
f 228 352 353
f 228 353 229
f 229 353 354
f 229 354 230
f 230 354 355
f 230 355 356
f 230 356 231
f 231 356 357
f 231 357 232
f 232 357 358
f 232 358 233
f 233 358 359
f 233 359 234
f 234 359 360
f 234 360 235
f 235 360 361
f 235 361 239
f 235 239 237
f 237 239 238
f 239 362 363
f 239 363 364
f 239 364 240
f 239 361 365
f 239 365 362
f 240 366 241
f 240 364 367
f 240 367 366
f 241 366 368
f 241 368 369
f 241 369 242
f 243 370 371
f 243 371 244
f 244 371 372
f 244 372 373
f 244 373 374
f 244 374 245
f 245 374 246
f 246 374 375
f 246 375 247
f 247 375 248
f 248 375 249
f 249 375 376
f 249 376 250
f 250 376 251
f 251 376 377
f 251 377 252
f 252 377 253
f 253 377 378
f 253 378 254
f 254 378 379
f 254 379 255
f 255 379 380
f 255 380 256
f 256 380 257
f 257 380 381
f 257 381 258
f 258 381 259
f 259 381 260
f 260 382 261
f 260 381 382
f 261 382 383
f 261 383 262
f 262 383 263
f 263 383 264
f 264 383 384
f 264 384 385
f 264 385 265
f 265 385 266
f 266 385 267
f 267 385 386
f 267 386 387
f 267 387 268
f 268 387 269
f 269 388 270
f 269 387 388
f 270 388 271
f 271 389 390
f 271 390 272
f 271 388 389
f 272 390 273
f 273 390 391
f 273 391 392
f 273 392 274
f 274 392 393
f 274 393 275
f 275 393 276
f 276 393 394
f 276 394 395
f 276 395 396
f 276 396 277
f 277 396 397
f 277 397 278
f 278 397 398
f 278 398 279
f 279 398 280
f 280 398 399
f 280 399 281
f 281 400 401
f 281 401 282
f 281 399 400
f 282 401 283
f 283 401 284
f 284 402 403
f 284 403 285
f 284 401 402
f 285 403 286
f 286 403 404
f 286 404 405
f 286 405 287
f 287 406 407
f 287 407 288
f 287 405 406
f 288 407 289
f 289 407 290
f 290 407 408
f 290 408 291
f 291 409 292
f 291 408 409
f 292 409 410
f 292 410 293
f 293 410 294
f 295 410 528
f 295 528 411
f 295 411 412
f 295 412 296
f 296 412 413
f 296 413 297
f 297 413 414
f 297 414 298
f 298 414 299
f 299 414 300
f 300 414 301
f 301 415 416
f 301 416 302
f 301 414 415
f 302 416 303
f 303 417 418
f 303 418 304
f 303 416 417
f 304 418 419
f 304 419 305
f 305 419 420
f 305 420 306
f 306 420 421
f 306 421 307
f 307 421 422
f 307 422 308
f 308 422 309
f 309 423 424
f 309 424 310
f 309 422 425
f 309 425 423
f 310 426 427
f 310 427 311
f 310 424 423
f 310 423 426
f 311 427 312
f 312 427 428
f 312 428 313
f 313 428 314
f 314 428 315
f 315 325 316
f 315 428 429
f 315 429 325
f 317 341 430
f 317 430 431
f 317 431 318
f 318 431 319
f 319 431 432
f 319 432 320
f 320 432 433
f 320 433 434
f 320 434 323
f 320 323 321
f 321 323 322
f 323 434 435
f 323 435 436
f 323 436 437
f 323 437 345
f 325 438 439
f 325 439 326
f 325 429 440
f 325 440 438
f 326 441 328
f 326 328 327
f 326 439 438
f 326 438 442
f 326 442 441
f 328 443 329
f 328 441 444
f 328 444 443
f 329 443 331
f 330 445 332
f 330 331 446
f 330 446 445
f 331 443 447
f 331 447 446
f 332 445 448
f 333 449 334
f 333 448 558
f 333 558 449
f 334 449 450
f 334 450 451
f 334 451 335
f 335 451 452
f 335 452 336
f 336 452 453
f 336 453 337
f 337 453 338
f 338 453 454
f 338 454 455
f 338 455 456
f 338 456 457
f 338 457 340
f 338 340 339
f 340 458 459
f 340 459 341
f 340 457 458
f 341 459 460
f 341 460 461
f 341 461 430
f 343 344 346
f 343 346 462
f 343 462 463
f 343 463 350
f 345 437 346
f 346 437 464
f 346 464 465
f 346 465 466
f 346 466 462
f 347 467 349
f 347 349 348
f 347 350 468
f 347 468 469
f 347 469 470
f 347 470 467
f 349 467 471
f 349 471 472
f 349 472 351
f 350 463 473
f 350 473 468
f 351 472 352
f 352 472 353
f 353 472 474
f 353 474 475
f 353 475 354
f 354 475 476
f 354 476 355
f 355 476 477
f 355 477 356
f 356 477 357
f 357 477 478
f 357 478 358
f 358 478 479
f 358 479 480
f 358 480 359
f 359 480 360
f 360 480 361
f 361 480 481
f 361 481 482
f 361 482 362
f 361 362 365
f 362 482 483
f 362 483 484
f 362 484 485
f 362 485 486
f 362 486 363
f 363 486 364
f 364 486 487
f 364 487 367
f 366 367 488
f 366 488 368
f 367 487 489
f 367 489 490
f 367 490 491
f 367 491 488
f 368 488 492
f 368 492 369
f 369 492 493
f 370 494 495
f 370 495 371
f 371 495 372
f 372 495 496
f 372 496 497
f 372 497 373
f 373 497 498
f 373 498 374
f 374 499 500
f 374 500 501
f 374 501 377
f 374 377 376
f 374 376 375
f 374 498 502
f 374 502 499
f 377 501 503
f 377 503 378
f 378 503 379
f 379 503 504
f 379 504 505
f 379 505 380
f 380 505 506
f 380 506 381
f 381 506 507
f 381 507 382
f 382 507 508
f 382 508 383
f 383 508 384
f 384 508 385
f 385 508 386
f 386 508 509
f 386 509 510
f 386 510 387
f 387 510 388
f 388 510 511
f 388 511 512
f 388 512 389
f 389 512 513
f 389 513 390
f 390 513 391
f 391 513 514
f 391 514 515
f 391 515 392
f 392 515 393
f 393 515 516
f 393 516 517
f 393 517 394
f 394 517 395
f 395 517 396
f 396 517 518
f 396 518 397
f 397 518 398
f 398 518 519
f 398 519 520
f 398 520 399
f 399 520 400
f 400 520 521
f 400 521 401
f 401 521 522
f 401 522 523
f 401 523 402
f 402 523 403
f 403 523 524
f 403 524 525
f 403 525 404
f 404 525 405
f 405 525 406
f 406 525 407
f 407 525 408
f 408 525 526
f 408 526 527
f 408 527 409
f 409 527 528
f 409 528 410
f 411 528 649
f 411 649 529
f 411 529 412
f 412 529 530
f 412 530 531
f 412 531 413
f 413 531 532
f 413 532 533
f 413 533 534
f 413 534 414
f 414 534 533
f 414 533 535
f 414 535 415
f 415 535 536
f 415 536 416
f 416 536 417
f 417 536 537
f 417 537 418
f 418 537 419
f 419 537 420
f 420 537 538
f 420 538 421
f 421 538 422
f 422 538 539
f 422 539 423
f 422 423 425
f 423 540 541
f 423 541 426
f 423 539 542
f 423 542 540
f 426 541 543
f 426 543 427
f 427 543 544
f 427 544 428
f 428 545 429
f 428 544 545
f 429 545 440
f 430 546 431
f 430 461 547
f 430 547 546
f 431 546 548
f 431 548 433
f 431 433 432
f 433 548 549
f 433 549 550
f 433 550 551
f 433 551 435
f 433 435 434
f 435 551 436
f 436 551 464
f 436 464 437
f 438 440 552
f 438 552 553
f 438 553 554
f 438 554 442
f 440 545 552
f 441 442 555
f 441 555 444
f 442 554 555
f 443 444 556
f 443 556 447
f 444 555 557
f 444 557 556
f 445 558 448
f 445 446 559
f 445 559 560
f 445 560 558
f 446 447 561
f 446 561 559
f 447 556 561
f 449 562 563
f 449 563 450
f 449 558 684
f 449 684 562
f 450 563 564
f 450 564 565
f 450 565 566
f 450 566 451
f 451 566 452
f 452 566 567
f 452 567 568
f 452 568 453
f 453 568 454
f 454 568 569
f 454 569 455
f 455 569 570
f 455 570 460
f 455 460 459
f 455 459 458
f 455 458 456
f 456 458 457
f 460 570 571
f 460 571 547
f 460 547 461
f 462 466 572
f 462 572 463
f 463 572 573
f 463 573 473
f 464 551 574
f 464 574 575
f 464 575 465
f 465 575 466
f 466 575 576
f 466 576 577
f 466 577 572
f 467 470 578
f 467 578 471
f 468 473 469
f 469 579 470
f 469 473 580
f 469 580 581
f 469 581 579
f 470 579 578
f 471 578 582
f 471 582 472
f 472 582 583
f 472 583 474
f 473 573 584
f 473 584 580
f 474 583 585
f 474 585 475
f 475 585 586
f 475 586 476
f 476 586 587
f 476 587 588
f 476 588 477
f 477 588 589
f 477 589 478
f 478 589 590
f 478 590 479
f 479 590 591
f 479 591 480
f 480 591 592
f 480 592 481
f 481 592 593
f 481 593 482
f 482 593 483
f 483 593 594
f 483 594 595
f 483 595 484
f 484 595 596
f 484 596 597
f 484 597 598
f 484 598 485
f 485 598 486
f 486 598 599
f 486 599 487
f 487 599 600
f 487 600 601
f 487 601 489
f 488 491 602
f 488 602 492
f 489 601 490
f 490 603 491
f 490 601 604
f 490 604 605
f 490 605 603
f 491 603 602
f 492 602 493
f 493 602 606
f 494 607 495
f 495 608 609
f 495 609 496
f 495 607 608
f 496 609 610
f 496 610 611
f 496 611 497
f 497 611 612
f 497 612 613
f 497 613 614
f 497 614 615
f 497 615 616
f 497 616 499
f 497 499 498
f 498 499 502
f 499 616 617
f 499 617 618
f 499 618 501
f 499 501 500
f 501 618 619
f 501 619 503
f 503 620 504
f 503 619 621
f 503 621 620
f 504 620 622
f 504 622 505
f 505 622 506
f 506 622 623
f 506 623 624
f 506 624 507
f 507 624 625
f 507 625 626
f 507 626 627
f 507 627 508
f 508 626 628
f 508 628 509
f 508 627 626
f 509 629 510
f 509 628 629
f 510 629 511
f 511 629 630
f 511 630 631
f 511 631 512
f 512 631 513
f 513 631 514
f 514 632 515
f 514 631 632
f 515 632 516
f 516 632 633
f 516 633 634
f 516 634 635
f 516 635 517
f 517 635 634
f 517 634 636
f 517 636 637
f 517 637 518
f 518 637 638
f 518 638 519
f 519 639 520
f 519 638 639
f 520 639 521
f 521 639 522
f 522 639 640
f 522 640 641
f 522 641 642
f 522 642 523
f 523 642 524
f 524 643 525
f 524 642 643
f 525 644 526
f 525 643 645
f 525 645 644
f 526 644 645
f 526 645 646
f 526 646 647
f 526 647 527
f 527 647 648
f 527 648 649
f 527 649 528
f 529 649 785
f 529 785 650
f 529 650 651
f 529 651 530
f 530 651 652
f 530 652 531
f 531 652 653
f 531 653 532
f 532 653 654
f 532 654 533
f 533 654 655
f 533 655 536
f 533 536 535
f 536 656 657
f 536 657 658
f 536 658 537
f 536 655 659
f 536 659 656
f 537 658 660
f 537 660 661
f 537 661 538
f 538 661 662
f 538 662 539
f 539 662 542
f 540 663 541
f 540 542 664
f 540 664 663
f 541 663 543
f 542 662 664
f 543 665 666
f 543 666 667
f 543 667 545
f 543 545 544
f 543 663 668
f 543 668 665
f 545 669 552
f 545 667 669
f 546 670 548
f 546 547 670
f 547 571 671
f 547 671 672
f 547 672 670
f 548 670 549
f 549 670 673
f 549 673 674
f 549 674 550
f 550 674 675
f 550 675 676
f 550 676 677
f 550 677 574
f 550 574 551
f 552 669 678
f 552 678 553
f 553 678 679
f 553 679 554
f 554 680 555
f 554 679 680
f 555 680 557
f 556 557 681
f 556 681 682
f 556 682 561
f 557 680 683
f 557 683 681
f 558 560 685
f 558 685 684
f 559 686 560
f 559 561 686
f 560 686 687
f 560 687 688
f 560 688 685
f 561 689 686
f 561 682 689
f 562 684 820
f 562 820 690
f 562 690 691
f 562 691 563
f 563 691 564
f 564 691 565
f 565 691 692
f 565 692 693
f 565 693 694
f 565 694 566
f 566 694 695
f 566 695 567
f 567 695 696
f 567 696 697
f 567 697 568
f 568 697 698
f 568 698 699
f 568 699 569
f 569 700 701
f 569 701 570
f 569 699 700
f 570 701 671
f 570 671 571
f 572 577 702
f 572 702 573
f 573 702 584
f 574 677 575
f 575 677 676
f 575 676 576
f 576 676 703
f 576 703 577
f 577 703 702
f 578 579 582
f 579 581 704
f 579 704 705
f 579 705 582
f 580 584 581
f 581 584 706
f 581 706 704
f 582 705 707
f 582 707 583
f 583 707 708
f 583 708 585
f 584 702 709
f 584 709 710
f 584 710 711
f 584 711 706
f 585 708 712
f 585 712 586
f 586 712 713
f 586 713 587
f 587 713 714
f 587 714 715
f 587 715 588
f 588 715 716
f 588 716 589
f 589 716 717
f 589 717 590
f 590 717 718
f 590 718 591
f 591 718 719
f 591 719 592
f 592 719 720
f 592 720 721
f 592 721 595
f 592 595 722
f 592 722 593
f 593 722 594
f 594 722 595
f 595 721 723
f 595 723 596
f 596 723 724
f 596 724 725
f 596 725 597
f 597 725 598
f 598 725 726
f 598 726 599
f 599 726 727
f 599 727 600
f 600 727 728
f 600 728 601
f 601 729 730
f 601 730 604
f 601 728 731
f 601 731 729
f 602 732 606
f 602 603 733
f 602 733 734
f 602 734 732
f 603 605 735
f 603 735 736
f 603 736 733
f 604 730 737
f 604 737 605
f 605 738 735
f 605 737 738
f 607 739 608
f 608 739 740
f 608 740 741
f 608 741 609
f 609 741 610
f 610 742 611
f 610 741 743
f 610 743 744
f 610 744 745
f 610 745 742
f 611 742 746
f 611 746 612
f 612 746 613
f 613 746 747
f 613 747 748
f 613 748 749
f 613 749 750
f 613 750 616
f 613 616 615
f 613 615 614
f 616 751 752
f 616 752 617
f 616 750 751
f 617 752 753
f 617 753 618
f 618 753 619
f 619 753 754
f 619 754 621
f 620 621 755
f 620 755 756
f 620 756 757
f 620 757 622
f 621 754 755
f 622 757 758
f 622 758 623
f 623 759 624
f 623 758 759
f 624 759 760
f 624 760 625
f 625 760 761
f 625 761 626
f 626 761 762
f 626 762 629
f 626 629 628
f 629 762 763
f 629 763 764
f 629 764 765
f 629 765 630
f 630 766 767
f 630 767 631
f 630 765 766
f 631 767 768
f 631 768 632
f 632 768 769
f 632 769 633
f 633 770 634
f 633 769 770
f 634 770 771
f 634 771 772
f 634 772 773
f 634 773 637
f 634 637 636
f 637 773 638
f 638 774 775
f 638 775 639
f 638 773 774
f 639 775 776
f 639 776 640
f 640 776 641
f 641 777 642
f 641 776 778
f 641 778 777
f 642 777 779
f 642 779 780
f 642 780 645
f 642 645 643
f 645 780 781
f 645 781 646
f 646 781 782
f 646 782 647
f 647 782 783
f 647 783 648
f 648 783 784
f 648 784 649
f 649 784 785
f 650 785 927
f 650 927 786
f 650 786 651
f 651 786 787
f 651 787 652
f 652 787 788
f 652 788 789
f 652 789 653
f 653 789 654
f 654 789 655
f 655 789 790
f 655 790 791
f 655 791 656
f 655 656 659
f 656 791 792
f 656 792 793
f 656 793 794
f 656 794 657
f 657 794 660
f 657 660 658
f 660 794 795
f 660 795 796
f 660 796 662
f 660 662 661
f 662 796 797
f 662 797 798
f 662 798 664
f 663 664 799
f 663 799 668
f 664 798 800
f 664 800 801
f 664 801 799
f 665 668 802
f 665 802 803
f 665 803 666
f 666 804 805
f 666 805 669
f 666 669 667
f 666 803 804
f 668 799 801
f 668 801 806
f 668 806 802
f 669 805 678
f 670 672 807
f 670 807 673
f 671 808 809
f 671 809 807
f 671 807 672
f 671 701 810
f 671 810 808
f 673 811 674
f 673 807 811
f 674 811 675
f 675 811 676
f 676 811 809
f 676 809 812
f 676 812 813
f 676 813 814
f 676 814 709
f 676 709 703
f 678 815 679
f 678 805 816
f 678 816 815
f 679 815 683
f 679 683 680
f 681 683 817
f 681 817 818
f 681 818 682
f 682 819 689
f 682 818 819
f 683 815 816
f 683 816 817
f 684 685 821
f 684 821 820
f 685 688 821
f 686 689 822
f 686 822 823
f 686 823 687
f 687 823 824
f 687 824 825
f 687 825 821
f 687 821 688
f 689 819 822
f 690 820 955
f 690 955 826
f 690 826 827
f 690 827 828
f 690 828 691
f 691 828 692
f 692 829 693
f 692 828 830
f 692 830 831
f 692 831 829
f 693 829 832
f 693 832 833
f 693 833 834
f 693 834 694
f 694 834 835
f 694 835 695
f 695 835 696
f 696 835 836
f 696 836 837
f 696 837 838
f 696 838 697
f 697 838 698
f 698 838 700
f 698 700 699
f 700 838 701
f 701 838 810
f 702 703 709
f 704 839 705
f 704 706 840
f 704 840 839
f 705 839 707
f 706 711 841
f 706 841 840
f 707 839 842
f 707 842 708
f 708 842 712
f 709 814 843
f 709 843 844
f 709 844 710
f 710 844 711
f 711 844 845
f 711 845 841
f 712 842 846
f 712 846 713
f 713 846 847
f 713 847 848
f 713 848 714
f 714 848 849
f 714 849 715
f 715 849 716
f 716 849 850
f 716 850 851
f 716 851 717
f 717 851 852
f 717 852 718
f 718 852 719
f 719 852 853
f 719 853 720
f 720 853 723
f 720 723 721
f 723 853 854
f 723 854 724
f 724 854 855
f 724 855 856
f 724 856 725
f 725 856 857
f 725 857 858
f 725 858 859
f 725 859 726
f 726 859 727
f 727 859 860
f 727 860 728
f 728 860 861
f 728 861 731
f 729 731 862
f 729 862 863
f 729 863 864
f 729 864 730
f 730 864 737
f 731 865 866
f 731 866 862
f 731 861 865
f 733 736 867
f 733 867 734
f 735 737 868
f 735 868 869
f 735 869 870
f 735 870 871
f 735 871 736
f 735 738 737
f 736 871 872
f 736 872 873
f 736 873 867
f 737 864 874
f 737 874 875
f 737 875 868
f 739 876 877
f 739 877 740
f 740 877 741
f 741 877 743
f 742 878 746
f 742 745 879
f 742 879 880
f 742 880 878
f 743 877 881
f 743 881 744
f 744 879 745
f 744 881 868
f 744 868 875
f 744 875 879
f 746 878 882
f 746 882 747
f 747 882 748
f 748 883 884
f 748 884 749
f 748 882 885
f 748 885 883
f 749 884 886
f 749 886 887
f 749 887 750
f 750 887 888
f 750 888 751
f 751 889 752
f 751 888 887
f 751 887 890
f 751 890 889
f 752 889 891
f 752 891 892
f 752 892 893
f 752 893 754
f 752 754 753
f 754 894 755
f 754 893 894
f 755 895 756
f 755 894 895
f 756 895 896
f 756 896 757
f 757 896 758
f 758 896 897
f 758 897 759
f 759 897 898
f 759 898 899
f 759 899 760
f 760 899 761
f 761 899 762
f 762 900 764
f 762 764 763
f 762 899 901
f 762 901 900
f 764 902 903
f 764 903 766
f 764 766 765
f 764 900 904
f 764 904 902
f 766 905 767
f 766 903 906
f 766 906 905
f 767 905 907
f 767 907 769
f 767 769 768
f 769 907 908
f 769 908 909
f 769 909 910
f 769 910 911
f 769 911 770
f 770 911 771
f 771 911 912
f 771 912 772
f 772 912 774
f 772 774 773
f 774 912 913
f 774 913 914
f 774 914 915
f 774 915 776
f 774 776 775
f 776 915 916
f 776 916 778
f 777 917 918
f 777 918 780
f 777 780 779
f 777 778 919
f 777 919 920
f 777 920 921
f 777 921 917
f 778 916 922
f 778 922 919
f 780 918 923
f 780 923 924
f 780 924 781
f 781 924 782
f 782 924 783
f 783 924 925
f 783 925 926
f 783 926 784
f 784 926 927
f 784 927 785
f 786 927 1057
f 786 1057 928
f 786 928 929
f 786 929 787
f 787 929 930
f 787 930 788
f 788 930 931
f 788 931 789
f 789 931 932
f 789 932 790
f 790 932 933
f 790 933 791
f 791 933 792
f 792 933 934
f 792 934 935
f 792 935 793
f 793 935 936
f 793 936 794
f 794 936 795
f 795 937 938
f 795 938 796
f 795 936 937
f 796 938 797
f 797 939 940
f 797 940 800
f 797 800 798
f 797 938 939
f 800 806 801
f 800 940 806
f 802 941 803
f 802 806 941
f 803 941 804
f 804 941 942
f 804 942 816
f 804 816 805
f 806 943 944
f 806 944 942
f 806 942 941
f 806 940 945
f 806 945 946
f 806 946 947
f 806 947 943
f 807 809 811
f 808 948 809
f 808 810 837
f 808 837 948
f 809 948 949
f 809 949 812
f 810 838 837
f 812 949 950
f 812 950 813
f 813 951 814
f 813 950 951
f 814 951 843
f 816 942 952
f 816 952 953
f 816 953 817
f 817 953 954
f 817 954 818
f 818 954 819
f 819 954 822
f 820 821 956
f 820 956 957
f 820 957 955
f 821 825 956
f 822 954 958
f 822 958 959
f 822 959 960
f 822 960 823
f 823 960 824
f 824 960 961
f 824 961 962
f 824 962 825
f 825 962 963
f 825 963 956
f 826 964 965
f 826 965 966
f 826 966 827
f 826 955 1076
f 826 1076 964
f 827 966 967
f 827 967 828
f 828 967 830
f 829 831 832
f 830 967 968
f 830 968 969
f 830 969 831
f 831 969 970
f 831 970 832
f 832 836 971
f 832 971 833
f 832 970 972
f 832 972 836
f 833 971 834
f 834 971 835
f 835 971 836
f 836 972 837
f 837 972 973
f 837 973 948
f 839 840 974
f 839 974 975
f 839 975 842
f 840 841 974
f 841 845 976
f 841 976 974
f 842 975 977
f 842 977 846
f 843 951 844
f 844 951 978
f 844 978 845
f 845 979 976
f 845 978 980
f 845 980 979
f 846 977 847
f 847 977 981
f 847 981 982
f 847 982 983
f 847 983 848
f 848 983 984
f 848 984 985
f 848 985 849
f 849 985 986
f 849 986 850
f 850 986 987
f 850 987 988
f 850 988 989
f 850 989 851
f 851 989 852
f 852 989 990
f 852 990 853
f 853 990 991
f 853 991 854
f 854 991 855
f 855 992 856
f 855 991 993
f 855 993 992
f 856 992 857
f 857 992 994
f 857 994 858
f 858 994 995
f 858 995 996
f 858 996 865
f 858 865 997
f 858 997 859
f 859 997 860
f 860 997 861
f 861 997 865
f 862 866 998
f 862 998 863
f 863 874 864
f 863 998 999
f 863 999 879
f 863 879 874
f 865 1000 1001
f 865 1001 1002
f 865 1002 1003
f 865 1003 1004
f 865 1004 998
f 865 998 866
f 865 996 1000
f 868 881 869
f 869 1005 870
f 869 881 1006
f 869 1006 1007
f 869 1007 1008
f 869 1008 1005
f 870 872 871
f 870 1005 1009
f 870 1009 872
f 874 879 875
f 876 1007 877
f 877 1006 881
f 877 1007 1006
f 878 880 1010
f 878 1010 1011
f 878 1011 882
f 879 1012 880
f 879 999 1012
f 880 1012 1010
f 882 1011 1013
f 882 1013 885
f 883 885 1013
f 883 1013 1014
f 883 1014 1015
f 883 1015 1016
f 883 1016 884
f 884 1016 1017
f 884 1017 889
f 884 889 890
f 884 890 886
f 886 890 887
f 889 1017 1018
f 889 1018 891
f 891 1018 1019
f 891 1019 892
f 892 1019 1020
f 892 1020 1021
f 892 1021 894
f 892 894 893
f 894 1021 895
f 895 1022 1023
f 895 1023 896
f 895 1021 1022
f 896 1023 1024
f 896 1024 897
f 897 1025 898
f 897 1024 1025
f 898 1025 899
f 899 1026 1027
f 899 1027 901
f 899 1025 1026
f 900 901 1028
f 900 1028 904
f 901 1027 1028
f 902 904 1029
f 902 1029 1030
f 902 1030 1031
f 902 1031 906
f 902 906 903
f 904 1028 1029
f 905 908 907
f 905 906 1032
f 905 1032 908
f 906 1031 1033
f 906 1033 1032
f 908 1032 1034
f 908 1034 1035
f 908 1035 909
f 909 1035 1036
f 909 1036 1037
f 909 1037 910
f 910 1037 911
f 911 1037 1038
f 911 1038 912
f 912 1038 913
f 913 1038 1039
f 913 1039 1040
f 913 1040 1041
f 913 1041 1042
f 913 1042 914
f 914 1042 1043
f 914 1043 1044
f 914 1044 915
f 915 1044 916
f 916 1044 1045
f 916 1045 922
f 917 1046 918
f 917 921 1046
f 918 1046 923
f 919 922 920
f 920 1047 921
f 920 922 1048
f 920 1048 1049
f 920 1049 1047
f 921 1050 1046
f 921 1047 1050
f 922 1045 1051
f 922 1051 1048
f 923 1046 1052
f 923 1052 1053
f 923 1053 924
f 924 1053 1054
f 924 1054 925
f 925 1054 1055
f 925 1055 926
f 926 1055 1056
f 926 1056 927
f 927 1056 1057
f 928 1057 1158
f 928 1158 1058
f 928 1058 1059
f 928 1059 929
f 929 1059 1060
f 929 1060 930
f 930 1060 1061
f 930 1061 931
f 931 1061 1062
f 931 1062 932
f 932 1062 1063
f 932 1063 934
f 932 934 933
f 934 1064 935
f 934 1063 1064
f 935 1064 1065
f 935 1065 936
f 936 1065 1066
f 936 1066 937
f 937 1066 1067
f 937 1067 938
f 938 1067 939
f 939 1067 945
f 939 945 940
f 942 1068 952
f 942 944 1069
f 942 1069 1068
f 943 947 1070
f 943 1070 1071
f 943 1071 944
f 944 1071 1069
f 945 1067 946
f 946 1067 1066
f 946 1066 1072
f 946 1072 1073
f 946 1073 1074
f 946 1074 947
f 947 1074 1070
f 948 973 950
f 948 950 949
f 950 973 1075
f 950 1075 951
f 951 1075 978
f 952 1068 958
f 952 958 953
f 953 958 954
f 955 957 1077
f 955 1077 1078
f 955 1078 1076
f 956 963 1079
f 956 1079 957
f 957 1079 1077
f 958 1068 1080
f 958 1080 1081
f 958 1081 959
f 959 1081 961
f 959 961 960
f 961 1081 1082
f 961 1082 962
f 962 1082 1083
f 962 1083 963
f 963 1083 1084
f 963 1084 1079
f 964 1085 1086
f 964 1086 1087
f 964 1087 965
f 964 1076 1170
f 964 1170 1085
f 965 1087 1088
f 965 1088 966
f 966 1088 1089
f 966 1089 967
f 967 1089 1090
f 967 1090 968
f 968 1091 1092
f 968 1092 969
f 968 1090 1091
f 969 1092 1093
f 969 1093 970
f 970 1093 1094
f 970 1094 972
f 972 1094 973
f 973 1094 1075
f 974 976 975
f 975 976 977
f 976 1095 977
f 976 979 1096
f 976 1096 1095
f 977 1095 981
f 978 1075 1097
f 978 1097 980
f 979 980 1098
f 979 1098 1096
f 980 1097 1099
f 980 1099 1098
f 981 1095 1100
f 981 1100 1101
f 981 1101 1102
f 981 1102 982
f 982 1102 983
f 983 1102 984
f 984 1102 1103
f 984 1103 1104
f 984 1104 985
f 985 1104 1105
f 985 1105 986
f 986 1105 987
f 987 1105 988
f 988 1105 1106
f 988 1106 1107
f 988 1107 1108
f 988 1108 989
f 989 1108 993
f 989 993 990
f 990 993 991
f 992 993 1109
f 992 1109 1110
f 992 1110 1111
f 992 1111 994
f 993 1108 1112
f 993 1112 1113
f 993 1113 1109
f 994 1111 1114
f 994 1114 995
f 995 1114 996
f 996 1114 1000
f 998 1004 1012
f 998 1012 999
f 1000 1114 1115
f 1000 1115 1001
f 1001 1115 1116
f 1001 1116 1002
f 1002 1117 1118
f 1002 1118 1013
f 1002 1013 1119
f 1002 1119 1003
f 1002 1116 1117
f 1003 1119 1120
f 1003 1120 1004
f 1004 1120 1012
f 1010 1119 1011
f 1010 1012 1120
f 1010 1120 1119
f 1011 1119 1013
f 1013 1118 1121
f 1013 1121 1014
f 1014 1121 1122
f 1014 1122 1123
f 1014 1123 1124
f 1014 1124 1015
f 1015 1125 1017
f 1015 1017 1016
f 1015 1124 1125
f 1017 1125 1018
f 1018 1125 1126
f 1018 1126 1019
f 1019 1126 1020
f 1020 1126 1127
f 1020 1127 1128
f 1020 1128 1021
f 1021 1128 1022
f 1022 1128 1129
f 1022 1129 1130
f 1022 1130 1023
f 1023 1130 1131
f 1023 1131 1024
f 1024 1131 1132
f 1024 1132 1025
f 1025 1132 1133
f 1025 1133 1026
f 1026 1133 1134
f 1026 1134 1027
f 1027 1135 1029
f 1027 1029 1028
f 1027 1134 1135
f 1029 1135 1136
f 1029 1136 1030
f 1030 1137 1033
f 1030 1033 1031
f 1030 1136 1137
f 1032 1033 1034
f 1033 1138 1139
f 1033 1139 1034
f 1033 1137 1140
f 1033 1140 1138
f 1034 1139 1141
f 1034 1141 1035
f 1035 1141 1036
f 1036 1141 1040
f 1036 1040 1037
f 1037 1040 1039
f 1037 1039 1038
f 1040 1142 1143
f 1040 1143 1144
f 1040 1144 1145
f 1040 1145 1146
f 1040 1146 1041
f 1040 1141 1139
f 1040 1139 1142
f 1041 1146 1042
f 1042 1146 1043
f 1043 1147 1044
f 1043 1146 1147
f 1044 1147 1045
f 1045 1147 1051
f 1046 1050 1052
f 1047 1049 1148
f 1047 1148 1052
f 1047 1052 1050
f 1048 1051 1049
f 1049 1149 1148
f 1049 1051 1150
f 1049 1150 1149
f 1051 1147 1145
f 1051 1145 1151
f 1051 1151 1152
f 1051 1152 1150
f 1052 1148 1053
f 1053 1148 1153
f 1053 1153 1154
f 1053 1154 1054
f 1054 1154 1155
f 1054 1155 1055
f 1055 1155 1156
f 1055 1156 1056
f 1056 1156 1157
f 1056 1157 1057
f 1057 1157 1158
f 1058 1158 1233
f 1058 1233 1159
f 1058 1159 1059
f 1059 1159 1160
f 1059 1160 1161
f 1059 1161 1060
f 1060 1161 1162
f 1060 1162 1061
f 1061 1162 1062
f 1062 1162 1163
f 1062 1163 1164
f 1062 1164 1063
f 1063 1164 1064
f 1064 1164 1165
f 1064 1165 1066
f 1064 1066 1065
f 1066 1165 1166
f 1066 1166 1072
f 1068 1069 1071
f 1068 1071 1080
f 1070 1074 1073
f 1070 1073 1167
f 1070 1167 1168
f 1070 1168 1071
f 1071 1168 1080
f 1072 1166 1169
f 1072 1169 1073
f 1073 1169 1167
f 1075 1094 1097
f 1076 1078 1171
f 1076 1171 1170
f 1077 1079 1172
f 1077 1172 1173
f 1077 1173 1174
f 1077 1174 1078
f 1078 1174 1171
f 1079 1084 1172
f 1080 1168 1175
f 1080 1175 1081
f 1081 1175 1082
f 1082 1175 1176
f 1082 1176 1083
f 1083 1176 1177
f 1083 1177 1084
f 1084 1177 1178
f 1084 1178 1172
f 1085 1170 1247
f 1085 1247 1179
f 1085 1179 1086
f 1086 1179 1180
f 1086 1180 1087
f 1087 1180 1181
f 1087 1181 1088
f 1088 1181 1182
f 1088 1182 1089
f 1089 1182 1183
f 1089 1183 1090
f 1090 1183 1091
f 1091 1183 1261
f 1091 1261 1184
f 1091 1184 1092
f 1092 1184 1185
f 1092 1185 1093
f 1093 1185 1186
f 1093 1186 1099
f 1093 1099 1097
f 1093 1097 1094
f 1095 1096 1100
f 1096 1098 1100
f 1098 1099 1187
f 1098 1187 1100
f 1099 1186 1187
f 1100 1187 1101
f 1101 1188 1102
f 1101 1187 1189
f 1101 1189 1188
f 1102 1188 1103
f 1103 1188 1190
f 1103 1190 1191
f 1103 1191 1192
f 1103 1192 1104
f 1104 1192 1193
f 1104 1193 1194
f 1104 1194 1105
f 1105 1194 1106
f 1106 1194 1195
f 1106 1195 1196
f 1106 1196 1107
f 1107 1113 1108
f 1107 1196 1197
f 1107 1197 1113
f 1108 1113 1112
f 1109 1113 1197
f 1109 1197 1110
f 1110 1197 1198
f 1110 1198 1199
f 1110 1199 1111
f 1111 1199 1200
f 1111 1200 1114
f 1114 1200 1115
f 1115 1200 1201
f 1115 1201 1117
f 1115 1117 1116
f 1117 1201 1202
f 1117 1202 1121
f 1117 1121 1118
f 1121 1202 1122
f 1122 1202 1203
f 1122 1203 1204
f 1122 1204 1205
f 1122 1205 1206
f 1122 1206 1123
f 1123 1206 1125
f 1123 1125 1124
f 1125 1206 1205
f 1125 1205 1207
f 1125 1207 1126
f 1126 1207 1208
f 1126 1208 1127
f 1127 1208 1209
f 1127 1209 1128
f 1128 1210 1129
f 1128 1209 1210
f 1129 1210 1211
f 1129 1211 1130
f 1130 1211 1131
f 1131 1212 1213
f 1131 1213 1214
f 1131 1214 1132
f 1131 1211 1212
f 1132 1214 1215
f 1132 1215 1133
f 1133 1215 1134
f 1134 1215 1216
f 1134 1216 1135
f 1135 1216 1136
f 1136 1216 1217
f 1136 1217 1137
f 1137 1217 1218
f 1137 1218 1140
f 1138 1219 1139
f 1138 1140 1220
f 1138 1220 1219
f 1139 1219 1221
f 1139 1221 1142
f 1140 1218 1220
f 1142 1221 1222
f 1142 1222 1143
f 1143 1223 1144
f 1143 1222 1223
f 1144 1223 1224
f 1144 1224 1145
f 1145 1147 1146
f 1145 1224 1225
f 1145 1225 1151
f 1148 1149 1153
f 1149 1226 1153
f 1149 1150 1227
f 1149 1227 1226
f 1150 1152 1228
f 1150 1228 1227
f 1151 1225 1229
f 1151 1229 1152
f 1152 1229 1228
f 1153 1226 1154
f 1154 1226 1230
f 1154 1230 1155
f 1155 1230 1156
f 1156 1230 1231
f 1156 1231 1157
f 1157 1231 1232
f 1157 1232 1233
f 1157 1233 1158
f 1159 1233 1308
f 1159 1308 1234
f 1159 1234 1235
f 1159 1235 1160
f 1160 1235 1236
f 1160 1236 1237
f 1160 1237 1238
f 1160 1238 1161
f 1161 1238 1162
f 1162 1238 1239
f 1162 1239 1163
f 1163 1239 1240
f 1163 1240 1241
f 1163 1241 1164
f 1164 1241 1165
f 1165 1241 1242
f 1165 1242 1166
f 1166 1242 1169
f 1167 1243 1168
f 1167 1169 1244
f 1167 1244 1243
f 1168 1243 1175
f 1169 1242 1245
f 1169 1245 1246
f 1169 1246 1244
f 1170 1171 1247
f 1171 1174 1250
f 1171 1250 1247
f 1172 1178 1248
f 1172 1248 1249
f 1172 1249 1173
f 1173 1249 1174
f 1174 1249 1250
f 1175 1243 1176
f 1176 1251 1177
f 1176 1243 1252
f 1176 1252 1253
f 1176 1253 1251
f 1177 1251 1254
f 1177 1254 1178
f 1178 1255 1248
f 1178 1254 1255
f 1179 1256 1257
f 1179 1257 1180
f 1179 1247 1256
f 1180 1257 1258
f 1180 1258 1259
f 1180 1259 1260
f 1180 1260 1181
f 1181 1260 1182
f 1182 1260 1183
f 1183 1260 1261
f 1184 1262 1263
f 1184 1263 1264
f 1184 1264 1185
f 1184 1261 1262
f 1185 1264 1265
f 1185 1265 1186
f 1186 1265 1189
f 1186 1189 1187
f 1188 1189 1266
f 1188 1266 1190
f 1189 1265 1266
f 1190 1266 1267
f 1190 1267 1191
f 1191 1267 1268
f 1191 1268 1269
f 1191 1269 1270
f 1191 1270 1192
f 1192 1270 1271
f 1192 1271 1272
f 1192 1272 1193
f 1193 1272 1273
f 1193 1273 1194
f 1194 1273 1195
f 1195 1273 1274
f 1195 1274 1275
f 1195 1275 1196
f 1196 1275 1198
f 1196 1198 1197
f 1198 1275 1276
f 1198 1276 1199
f 1199 1276 1277
f 1199 1277 1200
f 1200 1277 1201
f 1201 1278 1202
f 1201 1277 1278
f 1202 1279 1203
f 1202 1278 1279
f 1203 1280 1208
f 1203 1208 1207
f 1203 1207 1205
f 1203 1205 1204
f 1203 1279 1281
f 1203 1281 1280
f 1208 1280 1282
f 1208 1282 1209
f 1209 1282 1283
f 1209 1283 1284
f 1209 1284 1210
f 1210 1284 1285
f 1210 1285 1286
f 1210 1286 1211
f 1211 1286 1212
f 1212 1286 1287
f 1212 1287 1288
f 1212 1288 1213
f 1213 1288 1289
f 1213 1289 1290
f 1213 1290 1214
f 1214 1290 1215
f 1215 1290 1291
f 1215 1291 1216
f 1216 1292 1217
f 1216 1291 1292
f 1217 1292 1218
f 1218 1292 1293
f 1218 1293 1220
f 1219 1294 1222
f 1219 1222 1221
f 1219 1220 1294
f 1220 1293 1295
f 1220 1295 1296
f 1220 1296 1294
f 1222 1294 1297
f 1222 1297 1223
f 1223 1298 1225
f 1223 1225 1224
f 1223 1297 1298
f 1225 1298 1229
f 1226 1227 1299
f 1226 1299 1300
f 1226 1300 1230
f 1227 1228 1299
f 1228 1229 1301
f 1228 1301 1299
f 1229 1302 1301
f 1229 1298 1303
f 1229 1303 1302
f 1230 1300 1304
f 1230 1304 1231
f 1231 1304 1232
f 1232 1304 1305
f 1232 1305 1306
f 1232 1306 1307
f 1232 1307 1233
f 1233 1307 1308
f 1234 1308 1372
f 1234 1372 1309
f 1234 1309 1310
f 1234 1310 1235
f 1235 1310 1236
f 1236 1310 1237
f 1237 1310 1311
f 1237 1311 1312
f 1237 1312 1313
f 1237 1313 1238
f 1238 1313 1245
f 1238 1245 1239
f 1239 1245 1240
f 1240 1245 1242
f 1240 1242 1241
f 1243 1244 1252
f 1244 1314 1252
f 1244 1246 1314
f 1245 1313 1315
f 1245 1315 1246
f 1246 1315 1314
f 1247 1250 1316
f 1247 1316 1376
f 1247 1376 1317
f 1247 1317 1256
f 1248 1318 1249
f 1248 1255 1318
f 1249 1318 1250
f 1250 1318 1316
f 1251 1319 1254
f 1251 1253 1320
f 1251 1320 1319
f 1252 1314 1321
f 1252 1321 1253
f 1253 1321 1322
f 1253 1322 1320
f 1254 1319 1381
f 1254 1381 1323
f 1254 1323 1255
f 1255 1324 1318
f 1255 1323 1324
f 1256 1325 1336
f 1256 1336 1326
f 1256 1326 1327
f 1256 1327 1328
f 1256 1328 1329
f 1256 1329 1332
f 1256 1332 1330
f 1256 1330 1257
f 1256 1317 1377
f 1256 1377 1325
f 1257 1330 1331
f 1257 1331 1258
f 1258 1331 1259
f 1259 1331 1261
f 1259 1261 1260
f 1261 1331 1262
f 1262 1332 1263
f 1262 1331 1332
f 1263 1332 1333
f 1263 1333 1334
f 1263 1334 1335
f 1263 1335 1265
f 1263 1265 1264
f 1265 1335 1266
f 1266 1335 1267
f 1267 1335 1334
f 1267 1334 1328
f 1267 1328 1268
f 1268 1328 1327
f 1268 1327 1269
f 1269 1327 1326
f 1269 1326 1336
f 1269 1336 1270
f 1270 1336 1337
f 1270 1337 1271
f 1271 1337 1338
f 1271 1338 1339
f 1271 1339 1272
f 1272 1339 1340
f 1272 1340 1273
f 1273 1340 1274
f 1274 1340 1341
f 1274 1341 1342
f 1274 1342 1343
f 1274 1343 1275
f 1275 1343 1276
f 1276 1343 1344
f 1276 1344 1345
f 1276 1345 1346
f 1276 1346 1277
f 1277 1346 1278
f 1278 1346 1347
f 1278 1347 1279
f 1279 1347 1348
f 1279 1348 1281
f 1280 1281 1348
f 1280 1348 1349
f 1280 1349 1350
f 1280 1350 1282
f 1282 1351 1352
f 1282 1352 1283
f 1282 1350 1351
f 1283 1352 1284
f 1284 1352 1285
f 1285 1352 1353
f 1285 1353 1354
f 1285 1354 1286
f 1286 1354 1287
f 1287 1354 1355
f 1287 1355 1356
f 1287 1356 1289
f 1287 1289 1288
f 1289 1356 1357
f 1289 1357 1358
f 1289 1358 1290
f 1290 1358 1293
f 1290 1293 1291
f 1291 1293 1292
f 1293 1358 1359
f 1293 1359 1295
f 1294 1296 1360
f 1294 1360 1297
f 1295 1361 1296
f 1295 1359 1361
f 1296 1362 1360
f 1296 1361 1362
f 1297 1360 1363
f 1297 1363 1298
f 1298 1363 1303
f 1299 1301 1364
f 1299 1364 1300
f 1300 1364 1304
f 1301 1302 1364
f 1302 1365 1364
f 1302 1303 1366
f 1302 1366 1365
f 1303 1363 1367
f 1303 1367 1366
f 1304 1364 1368
f 1304 1368 1305
f 1305 1368 1369
f 1305 1369 1370
f 1305 1370 1371
f 1305 1371 1306
f 1306 1371 1307
f 1307 1371 1308
f 1308 1371 1372
f 1309 1372 1417
f 1309 1417 1373
f 1309 1373 1374
f 1309 1374 1375
f 1309 1375 1310
f 1310 1375 1311
f 1311 1375 1322
f 1311 1322 1321
f 1311 1321 1312
f 1312 1315 1313
f 1312 1321 1314
f 1312 1314 1315
f 1316 1318 1324
f 1316 1324 1376
f 1317 1376 1384
f 1317 1384 1378
f 1317 1378 1427
f 1317 1427 1379
f 1317 1379 1380
f 1317 1380 1424
f 1317 1424 1377
f 1319 1320 1382
f 1319 1382 1381
f 1320 1322 1383
f 1320 1383 1382
f 1322 1375 1383
f 1323 1381 1384
f 1323 1384 1324
f 1324 1384 1376
f 1325 1377 1385
f 1325 1385 1386
f 1325 1386 1387
f 1325 1387 1388
f 1325 1388 1389
f 1325 1389 1338
f 1325 1338 1337
f 1325 1337 1336
f 1328 1334 1333
f 1328 1333 1329
f 1329 1333 1332
f 1330 1332 1331
f 1338 1389 1390
f 1338 1390 1339
f 1339 1390 1391
f 1339 1391 1341
f 1339 1341 1340
f 1341 1391 1392
f 1341 1392 1393
f 1341 1393 1394
f 1341 1394 1342
f 1342 1394 1343
f 1343 1394 1344
f 1344 1394 1395
f 1344 1395 1396
f 1344 1396 1345
f 1345 1396 1397
f 1345 1397 1398
f 1345 1398 1399
f 1345 1399 1346
f 1346 1399 1347
f 1347 1399 1350
f 1347 1350 1349
f 1347 1349 1348
f 1350 1399 1351
f 1351 1399 1398
f 1351 1398 1397
f 1351 1397 1400
f 1351 1400 1352
f 1352 1400 1353
f 1353 1400 1401
f 1353 1401 1402
f 1353 1402 1403
f 1353 1403 1354
f 1354 1403 1404
f 1354 1404 1355
f 1355 1405 1406
f 1355 1406 1356
f 1355 1404 1405
f 1356 1406 1407
f 1356 1407 1357
f 1357 1407 1361
f 1357 1361 1359
f 1357 1359 1358
f 1360 1408 1363
f 1360 1362 1408
f 1361 1407 1362
f 1362 1407 1409
f 1362 1409 1408
f 1363 1408 1367
f 1364 1365 1410
f 1364 1410 1368
f 1365 1366 1411
f 1365 1411 1410
f 1366 1367 1412
f 1366 1412 1369
f 1366 1369 1411
f 1367 1413 1412
f 1367 1408 1413
f 1368 1410 1411
f 1368 1411 1369
f 1369 1412 1370
f 1370 1414 1371
f 1370 1412 1415
f 1370 1415 1414
f 1371 1414 1372
f 1372 1414 1416
f 1372 1416 1417
f 1373 1417 1456
f 1373 1456 1418
f 1373 1418 1419
f 1373 1419 1420
f 1373 1420 1374
f 1374 1420 1383
f 1374 1383 1375
f 1377 1421 1459
f 1377 1459 1422
f 1377 1422 1423
f 1377 1423 1385
f 1377 1424 1425
f 1377 1425 1460
f 1377 1460 1421
f 1378 1384 1426
f 1378 1426 1427
f 1379 1427 1419
f 1379 1419 1418
f 1379 1418 1380
f 1380 1418 1456
f 1380 1456 1424
f 1381 1426 1384
f 1381 1382 1426
f 1382 1383 1420
f 1382 1420 1428
f 1382 1428 1426
f 1385 1423 1429
f 1385 1429 1463
f 1385 1463 1430
f 1385 1430 1431
f 1385 1431 1434
f 1385 1434 1386
f 1386 1432 1433
f 1386 1433 1387
f 1386 1434 1435
f 1386 1435 1432
f 1387 1433 1436
f 1387 1436 1388
f 1388 1436 1392
f 1388 1392 1389
f 1389 1392 1390
f 1390 1392 1391
f 1392 1436 1393
f 1393 1436 1437
f 1393 1437 1394
f 1394 1437 1438
f 1394 1438 1395
f 1395 1438 1396
f 1396 1438 1439
f 1396 1439 1440
f 1396 1440 1397
f 1397 1440 1400
f 1400 1440 1401
f 1401 1440 1441
f 1401 1441 1402
f 1402 1441 1442
f 1402 1442 1443
f 1402 1443 1444
f 1402 1444 1403
f 1403 1444 1445
f 1403 1445 1446
f 1403 1446 1404
f 1404 1446 1405
f 1405 1446 1447
f 1405 1447 1448
f 1405 1448 1406
f 1406 1448 1409
f 1406 1409 1407
f 1408 1409 1449
f 1408 1449 1450
f 1408 1450 1413
f 1409 1448 1449
f 1412 1413 1415
f 1413 1451 1452
f 1413 1452 1415
f 1413 1450 1451
f 1414 1415 1453
f 1414 1453 1416
f 1415 1452 1453
f 1416 1453 1454
f 1416 1454 1417
f 1417 1454 1455
f 1417 1455 1456
f 1419 1427 1428
f 1419 1428 1420
f 1421 1457 1458
f 1421 1458 1459
f 1421 1460 1457
f 1422 1459 1461
f 1422 1461 1423
f 1423 1461 1462
f 1423 1462 1429
f 1424 1456 1425
f 1425 1456 1455
f 1425 1455 1460
f 1426 1428 1427
f 1429 1462 1464
f 1429 1464 1463
f 1430 1445 1444
f 1430 1444 1431
f 1430 1463 1445
f 1431 1444 1443
f 1431 1443 1434
f 1432 1435 1465
f 1432 1465 1466
f 1432 1466 1433
f 1433 1438 1437
f 1433 1437 1436
f 1433 1466 1467
f 1433 1467 1438
f 1434 1443 1435
f 1435 1443 1442
f 1435 1442 1465
f 1438 1467 1468
f 1438 1468 1439
f 1439 1468 1440
f 1440 1468 1441
f 1441 1468 1469
f 1441 1469 1442
f 1442 1469 1465
f 1445 1463 1470
f 1445 1470 1446
f 1446 1470 1447
f 1447 1464 1471
f 1447 1471 1472
f 1447 1472 1448
f 1447 1470 1464
f 1448 1472 1449
f 1449 1473 1450
f 1449 1472 1473
f 1450 1473 1474
f 1450 1474 1451
f 1451 1475 1453
f 1451 1453 1452
f 1451 1474 1475
f 1453 1475 1476
f 1453 1476 1454
f 1454 1476 1477
f 1454 1477 1460
f 1454 1460 1455
f 1457 1478 1458
f 1457 1460 1477
f 1457 1477 1476
f 1457 1476 1478
f 1458 1478 1459
f 1459 1478 1479
f 1459 1479 1461
f 1461 1480 1462
f 1461 1479 1480
f 1462 1471 1464
f 1462 1480 1471
f 1463 1464 1470
f 1465 1469 1466
f 1466 1469 1467
f 1467 1469 1468
f 1471 1480 1472
f 1472 1480 1473
f 1473 1479 1478
f 1473 1478 1474
f 1473 1480 1479
f 1474 1478 1476
f 1474 1476 1475
