# ABC bottle geometry; canonical radius 1 and height 1, bottom z=0.
# https://github.com/mikedh/trimesh
v -0.899389515936 -0.234923916821 0.50941637668
v -0.851121752717 -0.373082686349 0.509450767069
v -0.849776290539 -0.371958798003 0.555406090438
v -0.898043904046 -0.233800028474 0.555371690147
v -0.781961373734 -0.502057519988 0.509470531888
v -0.780615986412 -0.500933556785 0.555425845355
v -0.77927059909 -0.499809743295 0.601381198431
v -0.848430903217 -0.370834909656 0.601361384101
v -0.89669859158 -0.232676214983 0.601327013516
v -0.693363056105 -0.618539257476 0.509474987884
v -0.692017668783 -0.617415443985 0.555430311253
v -0.587732522734 -0.719830237415 0.509464224177
v -0.586387135412 -0.718706498781 0.555419527742
v -0.585041673234 -0.717582760146 0.601374880818
v -0.690672206605 -0.616291555639 0.601385604916
v -0.467476095372 -0.80323294812 0.509438290279
v -0.466130633194 -0.80210913463 0.555393623551
v -0.335715419939 -0.866925319107 0.509398047681
v -0.334369957761 -0.865801206192 0.555353361149
v -0.333024570439 -0.86467761727 0.601308714225
v -0.464785171016 -0.800985246283 0.601348927115
v -0.195572292066 -0.909084755899 0.509344298464
v -0.194226904744 -0.907960867553 0.555299631736
v -0.0505790926764 -0.928943460258 0.509278518057
v -0.0492337053544 -0.927819721623 0.555233831524
v -0.0478883180324 -0.926695833276 0.6011891846
v -0.192881442566 -0.906837054062 0.601254925398
v 0.0957323212985 -0.92573310995 0.509202171987
v 0.0970777086205 -0.924609296459 0.555157505259
v 0.239765192754 -0.899814660725 0.509117310014
v 0.241110580076 -0.898690622666 0.555072613579
v 0.242456042254 -0.897567033744 0.601027976557
v 0.0984230959425 -0.923485557825 0.601112828628
v 0.377922989155 -0.851548469483 0.50902587297
v 0.379268376477 -0.850424655992 0.554981196339
v 0.506896475385 -0.782389512764 0.508930197779
v 0.508241937563 -0.781265848986 0.554885511246
v 0.509587399741 -0.780141810927 0.600840874224
v 0.380613838655 -0.849300767645 0.600936490002
v 0.623376865464 -0.693792467688 0.508832601558
v 0.624722252786 -0.692668579341 0.554787924927
v 0.724666123715 -0.588162982301 0.508735520252
v 0.726011735605 -0.587039093954 0.55469083372
v 0.727357122927 -0.585915280463 0.600646176893
v 0.626067714964 -0.691544765851 0.600743238395
v 0.808067112732 -0.467907303499 0.508641310589
v 0.809412724622 -0.466783415152 0.55459664386
v 0.871757462606 -0.336147152058 0.50855230949
v 0.873102924784 -0.335023188856 0.554507622957
v 0.87444823725 -0.333899375365 0.600462976033
v 0.810757962232 -0.465659526806 0.600551957328
v 0.91391517771 -0.196004323609 0.508470725149
v 0.915260714744 -0.194880435263 0.554426058421
v 0.933772085523 -0.0510109745077 0.508398518205
v 0.935117547701 -0.0498871610172 0.55435382177
v 0.936462860167 -0.0487632726706 0.600309174846
v 0.91660602721 -0.193756621772 0.600381361986
v 0.930560013527 0.0953008137473 0.508337540371
v 0.931905475705 0.0964246272378 0.554292863741
v 0.904639618045 0.239334284051 0.508289187861
v 0.905985080223 0.240458172398 0.554244501328
v 0.907330542401 0.241582060744 0.600199864306
v 0.933250863027 0.0975484407283 0.600248177208
v 0.856372004539 0.37749305358 0.508254787569
v 0.857717541573 0.378616867071 0.554210110939
v 0.787211700412 0.506467812362 0.508235032653
v 0.788557237446 0.507591625853 0.554190336217
v 0.789902624768 0.508715514199 0.600145689293
v 0.859062779183 0.379740755417 0.600165424406
v 0.698613532495 0.62294954985 0.508230576656
v 0.699958919817 0.624073288485 0.554185890123
v 0.592982999123 0.72424052979 0.508241350265
v 0.594328386445 0.725364268425 0.554196643928
v 0.595673848623 0.726488156771 0.600151997004
v 0.701304307139 0.625197251688 0.600141203591
v 0.472726496906 0.807643315351 0.508267244555
v 0.474072108796 0.808767053986 0.554222577826
v 0.340966046041 0.871335386914 0.508307506957
v 0.342311358507 0.87245927526 0.554262820424
v 0.343656820685 0.873583088751 0.6002181735
v 0.475417421262 0.809890867476 0.600177891293
v 0.20082306788 0.913495048274 0.508361246272
v 0.202168455202 0.914619011477 0.554316569641
v 0.0558298684903 0.933353827488 0.508427036581
v 0.0571752558123 0.934477566123 0.554382350048
v 0.0585206431343 0.935601454469 0.600337703124
v 0.20351391738 0.915742750111 0.600271883108
v -0.0904814706286 0.930143402325 0.508503362846
v -0.0891360833066 0.931267215815 0.554458696118
v -0.234514342084 0.904224803388 0.508588264429
v -0.233168954762 0.905348691734 0.554543567994
v -0.231823492584 0.906472430369 0.600498911167
v -0.0877906959846 0.932391029306 0.600413999683
v -0.372672138485 0.855958761857 0.508679681668
v -0.371326601451 0.857082500492 0.55463501494
v -0.501645624715 0.786799954851 0.508775356859
v -0.500300237393 0.787923768342 0.554730670326
v -0.498954775215 0.789047581832 0.6006860135
v -0.369981214129 0.858206388838 0.600590318504
v -0.618126014794 0.698202909775 0.508872943178
v -0.616780552616 0.699326648409 0.554828276449
v -0.719415347901 0.592573499243 0.508970044288
v -0.718069960579 0.593697312734 0.554925357755
v -0.716724573257 0.594821126224 0.600880720733
v -0.615435165294 0.700450536756 0.600783580014
v -0.802816336918 0.47231767073 0.509064224245
v -0.80147087474 0.473441559076 0.555019557516
v -0.866506686792 0.340557519289 0.50915325505
v -0.865161224614 0.341681407636 0.555108568517
v -0.863815837292 0.342805295982 0.601063921593
v -0.800125487418 0.474565447423 0.600974861081
v -0.908664401896 0.200414765696 0.509234799782
v -0.907318939718 0.201538654043 0.555190133054
v -0.928521459421 0.0554214914505 0.509307046335
v -0.927175922387 0.0565453049411 0.5552623499
v -0.925830609921 0.0576691932876 0.601217702976
v -0.905973552396 0.202662542389 0.601145456423
v -0.925309537137 -0.0908902968045 0.509368004364
v -0.923964074959 -0.0897664084579 0.555323337636
v -0.899389515936 -0.234923916821 0.50941637668
v -0.898043904046 -0.233800028474 0.555371690147
v -0.89669859158 -0.232676214983 0.601327013516
v -0.922618687637 -0.0886425949674 0.601278631299
v -0.0267059345991 -0.0192372122178 0.0494294854284
v -0.0284624312057 -0.0167834317462 0.049429326993
v -0.0221001931453 -0.0139871849642 0.0493972339175
v -0.0198758463878 -0.0148475801057 0.0493965110559
v -0.0290827630779 -0.0138302867375 0.0494284060871
v -0.0212302912887 -0.0117664312958 0.049395867412
v -0.0108261273484 -0.00903134188544 0.0493895002884
v -0.0227746459229 -0.0236451091997 0.049429376504
v -0.0252034244824 -0.021854253678 0.0494298419081
v -0.0200170248493 -0.0172284508098 0.0493975606906
v -0.0176355552971 -0.017359448852 0.0493964318382
v -0.0176735821574 -0.0266225075602 0.0494280099985
v -0.020536899937 -0.0256698149409 0.0494290893398
v -0.017034012287 -0.0196674846446 0.0493970754821
v -0.0147286713113 -0.0190561354954 0.0493956693677
v -0.0119022575516 -0.0278777682291 0.0494256037605
v -0.014919778741 -0.0278565839743 0.0494271287015
v -0.0134434682328 -0.0210652711835 0.0493958377054
v -0.0114398718904 -0.0197715345181 0.0493943127644
v -0.00602546080776 -0.0272881273269 0.0494223558343
v -0.00890187839167 -0.0282003976932 0.0494241976461
v -0.00959661715179 -0.0212851233264 0.0493939463825
v -0.00809081337003 -0.0194355058257 0.0493924214416
v -0.000618535327534 -0.0249113737042 0.0494185533842
v -0.00307224094308 -0.0266678703108 0.0494205536314
v -0.00587020941368 -0.0203055573944 0.0493916292644
v -0.00500966456008 -0.0180810609248 0.0493902627589
v 0.00378928679839 -0.020980085028 0.0494146222052
v 0.0019985061327 -0.0234088635875 0.0494165927458
v -0.00262886871205 -0.0182222393863 0.049389064591
v -0.00249787066979 -0.0158407698341 0.0493880248586
v 0.00676653544683 -0.0158790961185 0.0494108989728
v 0.0058138428275 -0.0187424138981 0.049412621958
v -0.000189909733263 -0.0152393016801 0.0493865395265
v -0.000801258882479 -0.0129339607044 0.0493859057848
v 0.00802179611577 -0.0101076966567 0.049407809482
v 0.00800053700491 -0.0131252927021 0.0494090868676
v 0.00120787680565 -0.0116487576258 0.0493842917239
v -8.60095717459e-05 -0.00964508642743 0.0493841332885
v 0.00743208035753 -0.00423097476888 0.0494055715817
v 0.00834442557984 -0.00710746720881 0.0494063340522
v 0.00142772894857 -0.00780190654483 0.0493825291298
v -0.000422038264146 -0.0062961776191 0.0493828856095
v 0.00505525187878 0.00117602556738 0.0494044922404
v 0.00681182334144 -0.00127775490419 0.0494046506758
v 0.000447938448501 -0.0040754239507 0.0493814497885
v -0.00177640830905 -0.00321495395312 0.0493822419656
v 0.00112396320258 0.00558392254933 0.0494046110669
v 0.00355274176209 0.00379306702761 0.0494041258584
v -0.00163530470354 -0.000834083249068 0.0493811329176
v -0.00401669939975 -0.00070308520681 0.0493823310855
v -0.00397710056298 0.00856117119776 0.0494059676702
v -0.00111370792727 0.00760855343446 0.0494048883289
v -0.00461824240981 0.00160495058574 0.0493816082239
v -0.00692365824152 0.000993601436528 0.049383093556
v -0.00974842516876 0.00981650672272 0.0494083739082
v -0.00673082912331 0.00979524761187 0.0494068588695
v -0.00820886132011 0.00300273712466 0.0493828559029
v -0.0102124576625 0.00170892560329 0.0493844501593
v -0.0156252219126 0.00922694067654 0.0494116218344
v -0.0127488043287 0.0101392110428 0.0494097701204
v -0.012055637545 0.00322258926758 0.0493847373235
v -0.0135613664708 0.00137289691089 0.0493863414822
v -0.0210321473928 0.00685018705381 0.0494154242846
v -0.0185783669212 0.00860668366045 0.0494134141351
v -0.0157821201392 0.00224287362353 0.0493870544416
v -0.0166425901368 1.84520099524e-05 0.049388510067
v -0.0254398946627 0.00291889837761 0.0494193554635
v -0.023649113997 0.00534767693712 0.0494173849229
v -0.0190233859848 0.000159630471495 0.049389619115
v -0.019154384027 -0.00222176422472 0.0493907380652
v -0.0284171433111 -0.00218209053192 0.049423078696
v -0.0274645255478 0.000681227247758 0.0494213557107
v -0.0214623449636 -0.00282323237875 0.0493921540818
v -0.0208509958144 -0.00512864821046 0.0493928670412
v -0.0296724039801 -0.00795348999373 0.0494261582845
v -0.0296512197252 -0.00493589394828 0.0494248808989
v -0.0228601315025 -0.00641385128906 0.0493943919821
v -0.0215662451251 -0.00841752248742 0.0493946296353
v -0.0299951083002 -0.0109538691536 0.0494276535188
v -0.0230799087894 -0.010260627514 0.0493961545762
v -0.793836233981 -0.51227656498 0.0506849871356
v -0.862859327015 -0.383557738945 0.0506652817298
v -0.858045485814 -0.381548004408 0.0414798989463
v -0.789434100913 -0.50949910706 0.0414994459167
v -0.911031124811 -0.245673092176 0.0506309804607
v -0.905929836478 -0.244485950489 0.041445726406
v -0.898405907778 -0.242641123774 0.0334954170623
v -0.850936558913 -0.378515137734 0.0335292232207
v -0.78291997998 -0.505357173532 0.0335486909734
v -0.599992741793 -0.729617363149 0.0506786893275
v -0.705413528585 -0.628527147066 0.0506894332297
v -0.701538905919 -0.62505637265 0.0415039019129
v -0.59674690973 -0.725543324034 0.0414931976197
v -0.695786594743 -0.619912715807 0.0335530677519
v -0.591902901551 -0.719528941918 0.0335425317963
v -0.348475677239 -0.876420206922 0.0506126712671
v -0.479974955436 -0.812854492328 0.0506528148425
v -0.477445046388 -0.808283933206 0.0414675211789
v -0.346730259324 -0.871470651749 0.0414275756478
v -0.473635174183 -0.801552056098 0.0335169642799
v -0.344053333045 -0.864191127969 0.0334774643484
v -0.0639052615193 -0.938315509337 0.0504933594912
v -0.208610714352 -0.918496254103 0.0505590210719
v -0.207699641682 -0.913295482114 0.0413742819323
v -0.0638572788078 -0.932996689397 0.0413089768313
v -0.206227972247 -0.905653505464 0.0334245271126
v -0.0636324113113 -0.925183816445 0.0333598755577
v 0.22586293195 -0.909244423799 0.0503324485144
v 0.0821158607939 -0.935111746359 0.0504171916614
v 0.0812927439524 -0.929811864994 0.04123329421
v 0.224182339351 -0.904098895555 0.0411490362715
v 0.080259431395 -0.922026613914 0.0332847870693
v 0.221910459018 -0.896536640571 0.0332013312101
v 0.492464084217 -0.792052302642 0.0501457026614
v 0.363746455878 -0.861074197979 0.0502412194172
v 0.361243494998 -0.856216116868 0.0410583616983
v 0.489193250242 -0.787606154231 0.0409634093687
v 0.357783574706 -0.849068713971 0.0331113794985
v 0.484624337952 -0.781053557301 0.033017308466
v 0.709801663576 -0.598211205846 0.0499514212237
v 0.608713318894 -0.703631094366 0.0500483440939
v 0.604749018711 -0.699712082077 0.0408666548362
v 0.705234398119 -0.594921133873 0.0407702567833
v 0.599178383106 -0.693921444617 0.0329213065017
v 0.698792887529 -0.590038724554 0.0328258689636
v 0.856601063972 -0.346695488701 0.0497685669408
v 0.793037071067 -0.47819416805 0.0498574294088
v 0.787973360458 -0.475619944235 0.0406768690035
v 0.851158207601 -0.344905681164 0.0405885115484
v 0.780814579444 -0.471771596034 0.0327332040454
v 0.843451630203 -0.342190353744 0.0326456981807
v 0.918492698442 -0.0621252226931 0.0496151024289
v 0.898675164897 -0.206830825238 0.0496871905465
v 0.89298124142 -0.20587528809 0.0405076203626
v 0.912680502447 -0.0620328503593 0.040435948138
v 0.884912211153 -0.204365142659 0.0325654011277
v 0.904440725589 -0.0617695817224 0.0324944517648
v 0.889417944959 0.227643943904 0.049505970129
v 0.915286914352 0.0838961990442 0.0495542533242
v 0.909493806643 0.083117396969 0.0403754951218
v 0.883779265228 0.226007591216 0.0403274891886
v 0.901281651658 0.0821225604081 0.032434434446
v 0.875790106339 0.223774112024 0.032386903819
v 0.772223128985 0.494247341852 0.0494519238452
v 0.841246147163 0.365528366104 0.0494716391532
v 0.835894764853 0.363069719991 0.0402933859637
v 0.767283379951 0.491020747787 0.0402737597757
v 0.828320532905 0.35964820084 0.0323530580517
v 0.760303879116 0.486490161782 0.0323336695168
v 0.578379786509 0.71158776574 0.0494582117511
v 0.6838005733 0.610497923938 0.0494474777511
v 0.679388334669 0.606577863665 0.0402693928993
v 0.574596488192 0.707064815049 0.0402800080727
v 0.673170793303 0.6010456292 0.0323292135205
v 0.569287174967 0.700661630744 0.0323398286939
v 0.326862871667 0.858390908938 0.0495242496159
v 0.458362000152 0.794825119488 0.0494840961383
v 0.455294475138 0.789805499077 0.0403057736334
v 0.324579762931 0.852992292476 0.0403456399468
v 0.451019372743 0.782685044348 0.0323653169926
v 0.321437756173 0.845324041363 0.0324049456528
v 0.0422925308032 0.920286211353 0.0496435613919
v 0.186998058492 0.900466806407 0.0495778998111
v 0.185549220145 0.894817272553 0.04039901288
v 0.0417069321263 0.914518255268 0.0404642288611
v 0.183612245664 0.886786418858 0.0324577541599
v 0.0410168344397 0.906316729838 0.0325224948347
v -0.247475438098 0.891214901247 0.0498044624664
v -0.103728441798 0.917082074095 0.0497197292216
v -0.103442940922 0.911333281153 0.0405400006023
v -0.246332536321 0.885620536282 0.0406241694209
v -0.102874933411 0.903159377596 0.0325975041054
v -0.244525961034 0.877669254541 0.0326810292801
v -0.514076590365 0.77402315437 0.0499912083193
v -0.385359036882 0.843044750283 0.0498956915635
v -0.383393617112 0.837737458171 0.0407149232117
v -0.511343447211 0.769127720102 0.0408097963236
v -0.38039892701 0.830201477652 0.0327709017739
v -0.507239690255 0.762186320983 0.0328650520242
v -0.731414319436 0.580181982718 0.0501854897571
v -0.630325899898 0.685601871238 0.0500885668869
v -0.626899065968 0.68123379766 0.0409066399761
v -0.727384595088 0.576442924312 0.041002948909
v -0.621793810266 0.675054358011 0.0329609648686
v -0.721408164976 0.571171787659 0.0330564915266
v -0.878213719833 0.328666265573 0.0503683539422
v -0.814649652071 0.460164944921 0.050279481572
v -0.810123407715 0.457141659818 0.0410964258087
v -0.873308254858 0.326427471603 0.0411846941439
v -0.803429931748 0.452904808851 0.033149077227
v -0.86606690765 0.323323491706 0.0332366623095
v -0.940105354302 0.044095999565 0.0505217986496
v -0.920287671045 0.18880160211 0.0504497204343
v -0.91513143839 0.187397078529 0.0412656645474
v -0.934830624561 0.0435546407984 0.0413372575543
v -0.907527563457 0.18549828062 0.0333168702425
v -0.927056227605 0.0429027196841 0.0333879186276
v -0.93689979478 -0.101925347316 0.0505826576566
v -0.931644228181 -0.101595681386 0.0413977996904
v -0.923897378242 -0.100989422446 0.0334478567287
v -0.842670807015 -0.374962919964 0.0265126827507
v -0.775340208686 -0.500525217173 0.0265319227524
v -0.889661152181 -0.240459744374 0.0264791934631
v -0.876113858643 -0.236999150378 0.0204531912593
v -0.829857925929 -0.369400443666 0.0204861260229
v -0.763579578733 -0.493000465058 0.020505108567
v -0.689086157166 -0.613924982435 0.0265362797265
v -0.586250598024 -0.712535892142 0.0265257833797
v -0.678673459638 -0.604628088804 0.020509366519
v -0.577444984479 -0.701698012398 0.0204990583143
v -0.469175925968 -0.793731922111 0.0265005426364
v -0.340901595004 -0.855738834858 0.0264613595758
v -0.462200018222 -0.781625083046 0.0204741938551
v -0.335930181872 -0.842662909704 0.0204356445361
v -0.204466609999 -0.896782916891 0.0264090362772
v -0.0633097818472 -0.916116281672 0.0263450085618
v -0.201627321003 -0.883065625322 0.0203841134147
v -0.0626764998829 -0.902096796333 0.0203210957251
v 0.0791303779828 -0.912990818095 0.0262706924461
v 0.219352329249 -0.887758124907 0.0261880683728
v 0.077537666357 -0.899020288597 0.0202478886574
v 0.215568357229 -0.874181862088 0.020166601383
v 0.353854456855 -0.840769052293 0.0260990474694
v 0.479415556368 -0.773440100797 0.0260058973427
v 0.347968527676 -0.827927201927 0.0200789370829
v 0.471567426228 -0.761650276994 0.019987301995
v 0.592813899365 -0.687187022405 0.0259108955021
v 0.691423386808 -0.584352511247 0.0258163788699
v 0.583193552853 -0.67674528074 0.0198937557797
v 0.680261904471 -0.575517703853 0.0198007145774
v 0.77261747052 -0.467278512896 0.0257246744664
v 0.834622736434 -0.339004631068 0.0256380102899
v 0.760187328286 -0.460273336444 0.0197104162884
v 0.821223582968 -0.334004024087 0.019625148324
v 0.87566487221 -0.202569870631 0.025558594534
v 0.894996440447 -0.0614130424793 0.0254882789127
v 0.861624427185 -0.199701462642 0.0195469406382
v 0.880653726796 -0.0607505666656 0.0194777934782
v 0.891869330038 0.0810273419188 0.0254289448467
v 0.866634915161 0.221249892033 0.0253818697216
v 0.877575497371 0.0794638989984 0.0194192911981
v 0.852735424029 0.21749496415 0.0193730181523
v 0.819644270571 0.355753067623 0.025348380434
v 0.752313821954 0.481315364832 0.0253291404323
v 0.806479266748 0.349896182582 0.019340004171
v 0.740200994407 0.47349627883 0.0193211008446
v 0.666059620721 0.594714905526 0.0253247834581
v 0.563224286148 0.693325964945 0.0253352699027
v 0.655294875313 0.58512382772 0.0193167735771
v 0.554066325297 0.682193676458 0.0193271510973
v 0.446149688948 0.774521920058 0.0253605106461
v 0.31787543284 0.836528907661 0.0253996937067
v 0.438821433896 0.76212067225 0.019351946241
v 0.312551672403 0.82315864862 0.0193905648755
v 0.181440522691 0.87757306455 0.0254520269074
v 0.0402836945392 0.896906279619 0.0255160447207
v 0.178248961246 0.863561364238 0.0194420068769
v 0.0392979904132 0.882592610105 0.0195051136865
v -0.102156390435 0.89378066633 0.0255903707386
v -0.242378191989 0.868547898286 0.0256729849096
v -0.100916026115 0.879515802945 0.0195782316343
v -0.238946567274 0.85467730158 0.0196596080286
v -0.376880394451 0.821558975384 0.0257620058131
v -0.502441344251 0.754229949032 0.0258551658419
v -0.371346812577 0.808422716275 0.019747193111
v -0.494945636273 0.742145866198 0.0198389074166
v -0.615839762105 0.667977095208 0.0259501577804
v -0.714449249547 0.56514258405 0.0260446744126
v -0.606571762899 0.657241094513 0.0199323744142
v -0.703640189373 0.556013517625 0.0200254948342
v -0.795643482972 0.448068735411 0.0261363887182
v -0.857648599174 0.319794853583 0.0262230429925
v -0.783565538332 0.440769150217 0.0201157139055
v -0.844601718158 0.314499912715 0.0202010610876
v -0.898690884662 0.183360093146 0.0263024587484
v -0.918022378042 0.0422032649944 0.0263727743697
v -0.885002562375 0.18019735127 0.0202791796535
v -0.904032086553 0.0412465301498 0.0203484159334
v -0.914895417346 -0.100237119404 0.0264321084357
v -0.900953931984 -0.0989679355142 0.0204068389958
v -0.809108060604 -0.36033672655 0.0155056391772
v -0.744522507537 -0.480780219116 0.0155241068062
v -0.854182765256 -0.231316904441 0.0154735163951
v -0.82539029384 -0.223803530441 0.0121254194219
v -0.781861515798 -0.34839846325 0.0121564727648
v -0.719491102198 -0.464710951268 0.0121742571411
v -0.661784668038 -0.589556951182 0.0155282360294
v -0.563141495385 -0.684147867824 0.0155181852822
v -0.639591054575 -0.569757083659 0.0121783071466
v -0.544330850221 -0.661103815071 0.0121685732703
v -0.450839643429 -0.76203368955 0.0154939842713
v -0.327794754312 -0.821512639505 0.0154564053694
v -0.435880714988 -0.736318324718 0.0121452139476
v -0.317055834232 -0.793757522872 0.0121088728224
v -0.196921946181 -0.860883539686 0.0154062011446
v -0.0615196748857 -0.879428595676 0.0153447777115
v -0.190671543021 -0.831778020377 0.0120604311917
v -0.0599131148955 -0.849687174442 0.0120010971257
v 0.075113528871 -0.876430686765 0.0152735015754
v 0.209618950141 -0.852226515349 0.015194244255
v 0.0720340268936 -0.84679189314 0.0119323064454
v 0.201926295964 -0.823418024744 0.0118557029182
v 0.338637873978 -0.807153158105 0.0151088277574
v 0.459080093991 -0.742569027303 0.0150195196897
v 0.326520330501 -0.779890369542 0.0117732867915
v 0.442831695678 -0.71752130335 0.0116869790947
v 0.567855403793 -0.659832310644 0.0149283797125
v 0.662444898171 -0.561189961407 0.0148377051393
v 0.547876405804 -0.637622228856 0.0115989979237
v 0.639221640096 -0.54236299763 0.0115114128413
v 0.740328998208 -0.448888932868 0.0147497239684
v 0.799806301331 -0.325844343175 0.0146666245889
v 0.714434428055 -0.433913536101 0.01142647165
v 0.771872129088 -0.315089104481 0.011346174597
v 0.839175479823 -0.194971759612 0.0145904270525
v 0.857718814125 -0.0595694883166 0.0145229929755
v 0.80989097976 -0.188704962983 0.0112726605606
v 0.827798337281 -0.0579465348571 0.0112074742862
v 0.854719108669 0.0770639400082 0.0144660552452
v 0.830513365277 0.211569885271 0.0144209011496
v 0.824901633714 0.0740008315001 0.0111525467054
v 0.801526118486 0.203893624562 0.0111088779418
v 0.785438585768 0.340589707379 0.0143887684653
v 0.720853107557 0.46103312509 0.0143703008363
v 0.757996966164 0.328488482516 0.0110779038166
v 0.695626702275 0.444800970533 0.0110600402226
v 0.638115342915 0.569809707444 0.0143661716131
v 0.539472020549 0.66440054923 0.0143762223602
v 0.615726579796 0.549846953212 0.0110560694348
v 0.520466525154 0.641193534912 0.0110657141912
v 0.427170468018 0.742286296099 0.0144004233711
v 0.304125504044 0.801765395767 0.0144380121753
v 0.412016464777 0.716408119415 0.0110891626338
v 0.293191658877 0.773847167857 0.0111254146391
v 0.173252695914 0.841136295948 0.0144882064978
v 0.0378504994743 0.859681426794 0.014549629931
v 0.166807292811 0.811867964786 0.0111739453897
v 0.0360490143971 0.829776969139 0.011233200238
v -0.0987826294265 0.856683293315 0.0146209159692
v -0.233287975841 0.832479121899 0.0147001534853
v -0.0958980525359 0.826881612981 0.0113020701361
v -0.225790321606 0.803507594873 0.0113785944455
v -0.362306824821 0.787405839511 0.0147855798851
v -0.482749044835 0.72282185842 0.0148748879527
v -0.350384281287 0.759980089383 0.0114610897899
v -0.466695646464 0.697611098048 0.0115473083668
v -0.591524429493 0.640085141762 0.0149660378322
v -0.686113849015 0.541443017093 0.0150567025031
v -0.571740356591 0.617712322977 0.0116353786577
v -0.663085590882 0.522453166607 0.0117228746202
v -0.763997949051 0.429141988554 0.0151446836741
v -0.82347532703 0.306097473717 0.0152277830536
v -0.738298603409 0.414003630222 0.0118079049315
v -0.795736079874 0.295179198602 0.0118881128645
v -0.862844430667 0.175224815298 0.0153039904922
v -0.881387839824 0.0398226188584 0.0153714245692
v -0.833755005403 0.16879513196 0.0119617160208
v -0.851662437779 0.0380367038343 0.0120268131753
v -0.878388284081 -0.0968108843224 0.0154283523973
v -0.848765809069 -0.0939106625228 0.0120818298761
v -0.89011096203 -0.227871131937 0.784700004061
v -0.841908473265 -0.365843135686 0.784734315232
v -0.838217247858 -0.364129756149 0.792580166121
v -0.886223913265 -0.226717825173 0.792546033189
v -0.772841664312 -0.494643779356 0.784754099856
v -0.769430774716 -0.492407305923 0.792599881429
v -0.759635714244 -0.486063482444 0.801186714988
v -0.827580955387 -0.359354690369 0.801167316551
v -0.875000674708 -0.223623202279 0.801133550001
v -0.68436296661 -0.610968094625 0.784758506341
v -0.681311311073 -0.608259354535 0.792604287914
v -0.578875258532 -0.712122237753 0.784747772341
v -0.576251929166 -0.709002687802 0.792593593523
v -0.568819474528 -0.700010158766 0.801180516202
v -0.672593952781 -0.600498656232 0.801191121473
v -0.458781343599 -0.795412140429 0.784721848345
v -0.456645551518 -0.791954540674 0.792567788353
v -0.327198675792 -0.859018352132 0.78468170477
v -0.325597056299 -0.855302424238 0.792527803214
v -0.321230105562 -0.844520686511 0.801115478461
v -0.450675708736 -0.781947413086 0.801155067512
v -0.187245008516 -0.90112082349 0.784627975357
v -0.186211695958 -0.897234074148 0.792474311454
v -0.0424477073413 -0.920952804248 0.784562343483
v -0.0420022391416 -0.916985509824 0.792408927135
v -0.0411035177157 -0.905449373087 0.800998048105
v -0.183549216891 -0.885939422945 0.801062709562
v 0.103665862162 -0.917746945302 0.784486066728
v 0.103518171226 -0.91379260097 0.792332967252
v 0.247504182811 -0.891863229272 0.784401323581
v 0.246772465175 -0.888014057654 0.792248580584
v 0.244139554237 -0.876832214479 0.800839672095
v 0.102637190678 -0.902295389365 0.800923127955
v 0.385475213431 -0.843662462195 0.784309965755
v 0.384183348166 -0.840008814512 0.792157599043
v 0.514274434837 -0.774597000651 0.784214498511
v 0.512459700243 -0.771223913347 0.792062478375
v 0.506577663578 -0.761470248256 0.800655847395
v 0.379870069199 -0.829413992278 0.800749878819
v 0.630597327842 -0.686119500645 0.784116981508
v 0.628310326592 -0.683105722256 0.791965357461
v 0.731749824136 -0.580632840551 0.784020058638
v 0.729052162738 -0.578047313477 0.791868850484
v 0.720521046234 -0.570656254221 0.80046461584
v 0.621011340245 -0.674429759346 0.800560003867
v 0.815038005125 -0.460539674178 0.783925938094
v 0.812002144209 -0.458441759246 0.791775126029
v 0.878642345427 -0.328957605219 0.783837115235
v 0.875348156372 -0.327393788019 0.79168662004
v 0.865028055747 -0.323068082951 0.80028459359
v 0.802456653722 -0.452513386701 0.800372099455
v 0.92074302024 -0.189004162511 0.783755620014
v 0.917278084594 -0.18800857739 0.791605451593
v 0.940573054741 -0.0442067864807 0.783683512092
v 0.937027648869 -0.0437991954293 0.791533650639
v 0.925953298945 -0.0429416448166 0.800133515512
v 0.906445145348 -0.185387493704 0.800204504483
v 0.937365249538 0.101907157302 0.783622603574
v 0.933832943471 0.101721664075 0.791472999579
v 0.911479961532 0.2457460768 0.783574330281
v 0.908052528754 0.244976556871 0.791424914428
v 0.897332547248 0.242302400265 0.800026096295
v 0.922797443823 0.100799512713 0.800073656628
v 0.863277622478 0.383718080548 0.783539949794
v 0.860045863348 0.382388412991 0.791390702279
v 0.79421073867 0.512518574506 0.783520244388
v 0.791259539918 0.510666037621 0.791371066188
v 0.781967811352 0.504742605574 0.799972891699
v 0.849912753071 0.378033813499 0.799992359452
v 0.705732115823 0.628842889776 0.783515758685
v 0.703140151131 0.626517936522 0.791366580485
v 0.600244557458 0.729996883191 0.783526571903
v 0.59808084408 0.727261269789 0.791377363996
v 0.591151646493 0.718688907615 0.799979100387
v 0.694926124745 0.619177704506 0.799968564432
v 0.480150642525 0.81328693558 0.783552406779
v 0.478474541288 0.81021312266 0.791403080046
v 0.348568124429 0.876893147283 0.783592639474
v 0.347426046069 0.873561155936 0.791443154306
v 0.343562352382 0.863199585073 0.800044118324
v 0.473008105269 0.800626311647 0.800004618393
v 0.208614532009 0.918995543784 0.78364628967
v 0.208040760584 0.915492880702 0.791496556946
v 0.0638173056909 0.938827599398 0.783711990859
v 0.0638313786235 0.935244316378 0.791562020482
v 0.0634358393919 0.924128346504 0.800161558582
v 0.205881613424 0.904618396362 0.800096976342
v -0.0822962638121 0.935621515884 0.783788198298
v -0.0816889568882 0.932051257812 0.79163791105
v -0.226134434749 0.909737799854 0.78387301076
v -0.224943175981 0.90627263964 0.791722357131
v -0.221807082849 0.895510888472 0.800319944494
v -0.0803047941457 0.920974362783 0.80023655795
v -0.364105465369 0.861537107633 0.783964289369
v -0.362354058972 0.858267471354 0.791813279259
v -0.492904686775 0.792471795801 0.784059845733
v -0.490630485905 0.789482570189 0.79190845934
v -0.48424519219 0.780149221674 0.800503749389
v -0.357537597811 0.84809289084 0.800409807085
v -0.609227654636 0.703994445507 0.784157283519
v -0.606480962542 0.701364453954 0.792005510939
v -0.710380150931 0.598507785414 0.784254285606
v -0.707222873544 0.596306120031 0.792102107036
v -0.69818849999 0.589335452207 0.800694990847
v -0.598678943713 0.693108807619 0.800599672136
v -0.793668406775 0.478414619041 0.78434831703
v -0.790172855015 0.476700490944 0.792195742371
v -0.857272672221 0.346832550081 0.784437219107
v -0.85351901689 0.345652669429 0.792284327577
v -0.842695659215 0.341747206081 0.800875003195
v -0.780124107478 0.471192584687 0.80078758645
v -0.899373496747 0.20687918223 0.78451863511
v -0.895448870256 0.2062674588 0.792365416807
v -0.919203606104 0.0620817313431 0.784590832152
v -0.915198584244 0.0620579271274 0.792437296978
v -0.903620902413 0.0616208428024 0.801026101077
v -0.884112673959 0.204066616834 0.800955181421
v -0.915995950613 -0.0840322872961 0.78465165155
v -0.912003953701 -0.0834628575204 0.792497868821
v -0.900465496427 -0.0821203147273 0.801086029276
v -0.805336140403 -0.349449142405 0.812133622416
v -0.851516393676 -0.21726545558 0.812100687652
v -0.739166933289 -0.472846004548 0.812152525742
v -0.713120704831 -0.456041875111 0.823472053482
v -0.777023346389 -0.33687198294 0.823453773995
v -0.821621442736 -0.209216486728 0.823422007692
v -0.654400270968 -0.584290081323 0.812156783694
v -0.55333820075 -0.681200337018 0.812146485392
v -0.533657578874 -0.657258910246 0.823466240882
v -0.631257707687 -0.563668294655 0.823476133194
v -0.438282545378 -0.760996185055 0.812121680346
v -0.312220284784 -0.821933779497 0.812083180538
v -0.300799426323 -0.793171325347 0.823405094711
v -0.422543242885 -0.734321016282 0.823442237915
v -0.178138324042 -0.862269948109 0.812031738537
v -0.0394158137952 -0.881269754446 0.811968790162
v -0.0373399813896 -0.850474734672 0.823294635514
v -0.171310481511 -0.832125576897 0.823355375695
v 0.100567870746 -0.878198411776 0.811895791041
v 0.238371598153 -0.853400632088 0.811814573082
v 0.230931433345 -0.82356025119 0.823145666607
v 0.0978483513891 -0.847508489859 0.82322408224
v 0.37055431185 -0.807222025647 0.81172707712
v 0.493949976296 -0.741054165942 0.811635560858
v 0.477754875472 -0.715062282957 0.822972793756
v 0.358586180997 -0.778963502251 0.823061171016
v 0.605392705663 -0.656288776173 0.811542173079
v 0.702301389381 -0.555227679084 0.811449300214
v 0.678968916366 -0.535601327825 0.822792939844
v 0.585380022463 -0.633200558365 0.822882604392
v 0.782095366018 -0.440172847128 0.811359190067
v 0.843031313627 -0.31411103567 0.811274011223
v 0.814877888089 -0.302744447827 0.822623651594
v 0.756029600137 -0.424487890108 0.822705869677
v 0.883365910263 -0.180029149784 0.811195961972
v 0.902363845199 -0.0413065646812 0.811126854421
v 0.872178003749 -0.039285077749 0.822481544922
v 0.853830717375 -0.173255652727 0.822548246235
v 0.899290631128 0.0986774192845 0.811068520479
v 0.874491279464 0.236481820395 0.811022287042
v 0.845260226602 0.228987384969 0.82238054234
v 0.869210112104 0.0959037041657 0.822425161716
v 0.828311175902 0.368665357508 0.810989342376
v 0.762141968789 0.492062219651 0.810970429147
v 0.736759563553 0.475812548785 0.82233049655
v 0.800662205111 0.356642881182 0.822348686917
v 0.677375381324 0.60350622157 0.810966191
v 0.576313460818 0.700416402409 0.8109764794
v 0.557296662163 0.677029434208 0.822336299248
v 0.654896865832 0.583438968329 0.822326337621
v 0.461257880302 0.780212100734 0.811001284446
v 0.335195619707 0.841149919744 0.811039794156
v 0.324438659325 0.81294199902 0.822397445419
v 0.446182475887 0.754091764812 0.822360222997
v 0.201113658966 0.881486163212 0.811091236157
v 0.0623910738628 0.900486044405 0.811154184532
v 0.0609794389595 0.870245483202 0.822507904616
v 0.194949864225 0.851896400283 0.822447085217
v -0.0775924609667 0.897414477167 0.811227173751
v -0.215396113517 0.872616622623 0.811308381807
v -0.207292050631 0.843330850008 0.822656873522
v -0.0742089686752 0.867279163533 0.822578378672
v -0.347578752358 0.826438016182 0.811395897574
v -0.470974491661 0.760270306189 0.811487394031
v -0.45411526819 0.734833031487 0.822829746374
v -0.334946648571 0.798734175925 0.822741279994
v -0.582417221027 0.675504991276 0.811580791713
v -0.679325904745 0.574443894187 0.811673664578
v -0.655329533652 0.55537215121 0.823009600286
v -0.561740340325 0.652971381751 0.822919866423
v -0.759119806526 0.459389062231 0.811763774725
v -0.820055754135 0.333327325629 0.811848953569
v -0.791238505375 0.322515346069 0.823178888535
v -0.732390067711 0.444258713494 0.823096591235
v -0.860390350771 0.199245514599 0.81192700282
v -0.879388659988 0.0605228546402 0.811996120273
v -0.848538621036 0.059055975991 0.823320995208
v -0.830191334661 0.193026625825 0.823254204775
v -0.876315445916 -0.0794612041815 0.812054454215
v -0.84557110367 -0.0761326562118 0.823377289294
v -0.748182368269 -0.32408215751 0.833102511076
v -0.791166044744 -0.20104804766 0.833071903332
v -0.686593152137 -0.43893772273 0.833120146919
v -0.654243896734 -0.41809398795 0.842405443041
v -0.713005800834 -0.308511505639 0.842388658788
v -0.754015973087 -0.191125657092 0.842359447257
v -0.607693854701 -0.542667961072 0.833124107804
v -0.513627005084 -0.632870293587 0.833114492755
v -0.489218626434 -0.603123407863 0.842400076041
v -0.578966882306 -0.517062110604 0.842409255393
v -0.406535356977 -0.70714274017 0.833091410694
v -0.289198913405 -0.763862347364 0.833055594386
v -0.275093792775 -0.72810152866 0.842343861172
v -0.387043372281 -0.673985937978 0.842378083224
v -0.164397677393 -0.801406535987 0.833007717182
v -0.0352772487882 -0.819091346548 0.832949135684
v -0.0328295316545 -0.78079507945 0.842242294164
v -0.156022111707 -0.763922232183 0.842298182259
v 0.0950170719877 -0.816232445274 0.832881147083
v 0.223282270517 -0.793151338788 0.832805583288
v 0.213859693621 -0.756045956178 0.842105346545
v 0.0914830442317 -0.778067400786 0.842177474271
v 0.346315482095 -0.750169009722 0.832724127676
v 0.46116999933 -0.688581066143 0.832638948832
v 0.440826227935 -0.656276424929 0.8419463665
v 0.331244643897 -0.715036831909 0.842027653774
v 0.564898740552 -0.609682966403 0.832552047002
v 0.655099725658 -0.515617015058 0.832465590772
v 0.625852953031 -0.49125302603 0.841780940114
v 0.539793003181 -0.581000458486 0.841863435458
v 0.729370525409 -0.408526115511 0.832381689313
v 0.786088560626 -0.291190121076 0.832302441895
v 0.750828004731 -0.277129464924 0.84162527731
v 0.696713836314 -0.389078595294 0.841700930225
v 0.823631102417 -0.166389184488 0.832229769547
v 0.841314191289 -0.0372685313145 0.832165454667
v 0.803518336712 -0.0348652038032 0.841494627499
v 0.786646986566 -0.158057933568 0.841555971715
v 0.838453643182 0.0930260888855 0.83211117073
v 0.81537096472 0.221291886263 0.832068096099
v 0.778766294056 0.211824919745 0.841401715026
v 0.800789160928 0.0894476715071 0.841442819116
v 0.772387288246 0.344325921257 0.832037488356
v 0.710798296682 0.45918141162 0.832019852513
v 0.678994292558 0.438793026035 0.841355719242
v 0.737755897234 0.329210543725 0.841372513397
v 0.631899074101 0.562911425395 0.832015891627
v 0.537832224484 0.653113907621 0.832025506677
v 0.513969022258 0.623822296236 0.841361086242
v 0.603717203274 0.537760924121 0.841351916792
v 0.430740651233 0.727386204493 0.832048578836
v 0.313404207662 0.784105886542 0.832084405046
v 0.299844338311 0.748800716457 0.841417301111
v 0.411793917817 0.694684826352 0.841383088961
v 0.188603196218 0.821650224878 0.83213228225
v 0.0594827676127 0.839334885727 0.832190853846
v 0.0575801520469 0.801494117535 0.841518878021
v 0.1807727321 0.784621270268 0.841462980024
v -0.0708114783072 0.836475909596 0.832258852349
v -0.19907660198 0.813394653398 0.832334406242
v -0.189108998373 0.776744769695 0.841655815738
v -0.0667323489833 0.798766513728 0.841583697914
v -0.322109888414 0.770412474045 0.832415871756
v -0.436964330793 0.708824755033 0.8325010506
v -0.416075382975 0.676975463015 0.841814795783
v -0.306493873792 0.735735869994 0.841733498607
v -0.540693072015 0.629926580437 0.83258795243
v -0.630894131977 0.535860703948 0.83267440866
v -0.601101883503 0.511952213828 0.841980222169
v -0.515042083364 0.601699496571 0.841897726825
v -0.705164856872 0.428769804402 0.832758310119
v -0.761882892089 0.311433809966 0.832837557537
v -0.726077159771 0.297828503009 0.842135884973
v -0.67196306621 0.409777708235 0.84206024196
v -0.799425508736 0.186632873378 0.832910229885
v -0.817108672465 0.057512444773 0.832974544765
v -0.778767566608 0.0555643916006 0.842266534784
v -0.761896291317 0.178757121366 0.842205190568
v -0.814248348926 -0.0727821754269 0.833028838604
v -0.776038615392 -0.0687484088537 0.842318343167
v -0.665685640025 -0.287591642283 0.852621190795
v -0.704037525149 -0.17781490859 0.852593821076
v -0.610732859569 -0.390071111318 0.852636856098
v -0.557146276411 -0.355572290325 0.862920107245
v -0.607402140775 -0.261852024099 0.862905768839
v -0.642476005745 -0.161458118753 0.862880765749
v -0.540335335076 -0.482623997847 0.852640420895
v -0.456404664832 -0.563106799618 0.852631845578
v -0.416008835969 -0.513818075085 0.862915502715
v -0.49276582885 -0.440214467078 0.86292339478
v -0.360852372272 -0.629375939524 0.852611288581
v -0.256159260891 -0.679983776913 0.852579284626
v -0.232878962525 -0.62070529139 0.862867417564
v -0.328623709923 -0.574423159068 0.862896718215
v -0.144805984473 -0.713482521424 0.852536606084
v -0.0295987456523 -0.729261722178 0.852484282785
v -0.0256831018852 -0.665771237888 0.862780565246
v -0.131043255297 -0.651340867833 0.862828432548
v 0.0866558038025 -0.726710928299 0.852423661431
v 0.201099885457 -0.706116763503 0.852356187745
v 0.185297179911 -0.64460457422 0.862663441859
v 0.0806348343561 -0.663438499608 0.862725152456
v 0.310875795734 -0.66776600122 0.852283594615
v 0.413354366497 -0.612814568173 0.852207506003
v 0.379409779506 -0.559277240278 0.862527464657
v 0.285690411553 -0.609531906946 0.86259702771
v 0.505906130185 -0.542417941952 0.852130021179
v 0.586387659404 -0.458487945412 0.852052813617
v 0.537653468299 -0.418141222101 0.862386001628
v 0.464050908275 -0.494897466422 0.862456584609
v 0.652655377045 -0.362936401412 0.851978051901
v 0.703261717314 -0.258243888879 0.851907260974
v 0.644537840075 -0.235012546353 0.862252846557
v 0.598257055161 -0.330756844615 0.862317607037
v 0.736758889848 -0.146890612462 0.851842470788
v 0.752536518626 -0.0316833736408 0.851785057751
v 0.6896010169 -0.0278166857134 0.862141109975
v 0.675171994253 -0.133176988838 0.862193631318
v 0.749984302483 0.0845714752381 0.851736665632
v 0.729388790279 0.199016155741 0.851698185628
v 0.668431808127 0.183164419499 0.862061664512
v 0.687266931211 0.078501549952 0.862096837176
v 0.691036980011 0.308792814578 0.851670914931
v 0.636084424124 0.411272133901 0.851655170411
v 0.583102453072 0.377278366503 0.862022323016
v 0.633358167724 0.283558175134 0.86203674064
v 0.56568689963 0.503824870718 0.851651684832
v 0.481756079675 0.584307672489 0.851660171029
v 0.441964937774 0.535524001552 0.862026917644
v 0.518722005511 0.461920318688 0.862019114699
v 0.386203936826 0.650576887251 0.851680807243
v 0.281510975157 0.701184799496 0.851712731981
v 0.258835288898 0.642411517281 0.862075002795
v 0.354579886585 0.596129085534 0.862045791263
v 0.170157623883 0.734683544007 0.85175548974
v 0.0549505347746 0.750462669905 0.851807733821
v 0.0516395031145 0.687477463779 0.862161865015
v 0.156999656527 0.673046944011 0.862114067029
v -0.0613040146802 0.747911876026 0.851868434393
v -0.175748021479 0.727317636375 0.851935818959
v -0.159340703826 0.666310650398 0.8622789785
v -0.0546784331268 0.685144575786 0.862217357022
v -0.285524006612 0.688966948947 0.852008501209
v -0.388002427662 0.634015366188 0.852084510603
v -0.353453153709 0.580983091888 0.862414965604
v -0.259733860612 0.631237758556 0.862345491671
v -0.480554041639 0.563618964535 0.852162074645
v -0.561035570857 0.479689117708 0.85223920299
v -0.511696543077 0.439847447991 0.862556428633
v -0.438094132766 0.516603617456 0.862485924869
v -0.627303288499 0.384137648564 0.852314043923
v -0.67790977848 0.279445061175 0.852384755633
v -0.618581363989 0.256718772243 0.862689573801
v -0.572300429363 0.352463070506 0.862624912344
v -0.711406951014 0.168091859613 0.852449625036
v -0.727184729504 0.0528846207921 0.852506958855
v -0.663644765382 0.0495229864597 0.862801320286
v -0.649215593024 0.154883214728 0.862748868259
v -0.724632737929 -0.0633702280867 0.852555440095
v -0.661310829405 -0.0567952492057 0.862845672302
v -0.539335258593 -0.2318215089 0.872347886323
v -0.570576569983 -0.14239760418 0.872325645951
v -0.494570981873 -0.315301096742 0.87236070969
v -0.437225428605 -0.390694212863 0.872363591235
v -0.368855753806 -0.456255139924 0.872356620076
v -0.291019187344 -0.510237861163 0.872339825921
v -0.205736392737 -0.551462795349 0.872313793001
v -0.115028258067 -0.57875066068 0.872278966914
v -0.0211808114568 -0.591604338299 0.872236427003
v 0.0735198441169 -0.589526559636 0.872187014956
v 0.166745686303 -0.572750576065 0.872132047766
v 0.25616906703 -0.541510237803 0.872072872135
v 0.339647831456 -0.49674693421 0.872010963494
v 0.415040049305 -0.439402054647 0.871947787369
v 0.480599928382 -0.371032978696 0.871884967723
v 0.534581377068 -0.293196936227 0.871823979988
v 0.575805113558 -0.207914740468 0.871766368907
v 0.603091856048 -0.117206680654 0.8717135604
v 0.615944186259 -0.0233592340435 0.871666802145
v 0.613865284756 0.0713416460982 0.871627391334
v 0.597088178344 0.164568012276 0.871596050827
v 0.56584694181 0.253991617572 0.871573810454
v 0.521082665089 0.337471130557 0.871560996989
v 0.463737036966 0.412864246679 0.871558105543
v 0.39536728731 0.47842517374 0.871565086604
v 0.317530870561 0.53240804469 0.871581870856
v 0.232248225665 0.573633128589 0.871607913679
v 0.141540240708 0.60092099392 0.871642729863
v 0.0476927940973 0.613774671539 0.871685279677
v -0.0470077866203 0.611696743164 0.87173467192
v -0.140233628806 0.594920759593 0.871789649012
v -0.229656710109 0.563680421331 0.871848824642
v -0.313135324823 0.518917042882 0.871910723382
v -0.388527617528 0.461572238175 0.871973909409
v -0.454087571461 0.393203311936 0.872036729054
v -0.508069169859 0.315367344323 0.872097706888
v -0.549293056061 0.230085073708 0.872155327871
v -0.57657964884 0.139377163606 0.872208136378
v -0.589432203618 0.0455296421395 0.87225488473
v -0.587353376971 -0.0491713128583 0.872294315346
v -0.749558970554 -0.334211749554 0.0110237684129
v -0.68980791895 -0.445639507716 0.011040849732
v -0.791259764486 -0.214849552257 0.0109940419666
v -0.761150650461 -0.206921251315 0.011754333954
v -0.721059710184 -0.321675162054 0.0117829018412
v -0.663615421821 -0.42880109422 0.0117992900053
v -0.613263367466 -0.546273925467 0.011044691791
v -0.522003993034 -0.633784360498 0.0110353936121
v -0.590026111314 -0.52555025975 0.0118030033356
v -0.502289985371 -0.609681993274 0.0117940814408
v -0.41810847259 -0.705840095638 0.0110129948041
v -0.304273868684 -0.760866983557 0.0109782182287
v -0.402405624981 -0.678956003702 0.011772524321
v -0.292965818252 -0.7318584028 0.0117391043489
v -0.183197468434 -0.797290727211 0.0109317867475
v -0.0579305530959 -0.81444765309 0.0108749282349
v -0.17656380243 -0.76687597604 0.0116944651684
v -0.0561331102441 -0.783370575817 0.0116398247518
v 0.0684750720815 -0.811674087683 0.01080897949
v 0.192912283248 -0.78928165662 0.0107356634979
v 0.0653924261511 -0.780704054525 0.0115764406803
v 0.185025377688 -0.75917621054 0.0115059270147
v 0.312273657129 -0.747582284952 0.0106566438305
v 0.423700367306 -0.687832431045 0.0105739999529
v 0.299778614722 -0.719086617671 0.0114299572293
v 0.406903349192 -0.661643527005 0.0113505018645
v 0.52433343765 -0.611288927545 0.0104897024055
v 0.611842375559 -0.520030451386 0.0104058009467
v 0.503651391882 -0.58805511477 0.0112694522433
v 0.587781852854 -0.500319961955 0.0111887987106
v 0.683896538723 -0.41613552979 0.0103244245524
v 0.73892177981 -0.30230137502 0.010247533861
v 0.657054066736 -0.400436050701 0.011110551416
v 0.70995504357 -0.290996693109 0.0110366313888
v 0.775344026344 -0.181225049626 0.0101770598043
v 0.792499380246 -0.0559582091437 0.0101146857586
v 0.744971194546 -0.174594826999 0.0109688804409
v 0.761464222346 -0.0541641348129 0.0109089126332
v 0.789724168007 0.0704477154579 0.0100620059804
v 0.767330314678 0.19488537576 0.0100202087353
v 0.758796129077 0.0673616261503 0.0108582628089
v 0.737266787972 0.186995176535 0.0108180796246
v 0.725629595602 0.314247498202 0.0099904723868
v 0.665878543999 0.425675256363 0.00997341087216
v 0.697175922551 0.301749012418 0.0107895117374
v 0.639731858756 0.408874794872 0.0107731235733
v 0.589334142226 0.526309599259 0.00996956881314
v 0.498074767795 0.613820034289 0.00997885708983
v 0.566142398537 0.505624035258 0.0107694003408
v 0.478406272594 0.589755768782 0.0107783321378
v 0.394179247351 0.685875619718 0.0100012658
v 0.280344718301 0.740902432781 0.0100360423754
v 0.378521912204 0.659029629498 0.0107998892576
v 0.269082330044 0.711931953739 0.0108332993275
v 0.159268243195 0.777326401003 0.0100824738566
v 0.0340014027126 0.794483326882 0.010139322467
v 0.152680314221 0.746949601836 0.010877938508
v 0.0322496220355 0.763444201613 0.0109325789246
v -0.0924042224648 0.791709611763 0.0102052712119
v -0.216841358775 0.769317105843 0.0102785971062
v -0.0892758395037 0.760777455753 0.0109959728983
v -0.20890879104 0.739249536912 0.0110664865639
v -0.336202582944 0.727617809032 0.0103575969691
v -0.447629218266 0.667868179693 0.010440250749
v -0.323661953219 0.699160093755 0.0111424563493
v -0.430786687688 0.641717227657 0.0112219018119
v -0.548262363465 0.591324676192 0.0105245482964
v -0.635771451087 0.500066274889 0.0106084497552
v -0.527534730378 0.56812903999 0.0113029514331
v -0.611665116494 0.480393887175 0.0113836049658
v -0.707825464539 0.396171353294 0.0106898261495
v -0.762850780481 0.282337198524 0.0107667069386
v -0.680937629801 0.380509975921 0.0114618522604
v -0.733838456922 0.271070618329 0.0115357722876
v -0.799273027015 0.161260947985 0.0108371809954
v -0.816428380917 0.0359940326474 0.0108995748455
v -0.768854533042 0.154668752219 0.0116035232355
v -0.785347635699 0.0342380600329 0.0116635009454
v -0.813653468102 -0.0904119668102 0.0109522546237
v -0.782679692142 -0.0872877009303 0.0117141408675
v -0.705223319427 -0.314686828207 0.0141090309211
v -0.649056299404 -0.419430542261 0.0141251022144
v -0.744422724457 -0.202484534764 0.0140811066778
v -0.735522193473 -0.200102316651 0.0166096073042
v -0.697146279566 -0.309947393894 0.0166369374147
v -0.642507220708 -0.415362042492 0.0169931101485
v -0.577103266729 -0.514028420513 0.014128696718
v -0.491318113343 -0.596289427138 0.0141199728675
v -0.570156627688 -0.507837078756 0.0166565636028
v -0.486525156973 -0.59025191451 0.0169879907038
v -0.39365473119 -0.6640230503 0.014098891054
v -0.286648568662 -0.715749311547 0.0140662434546
v -0.388021890229 -0.656543211799 0.0166268767654
v -0.283004277983 -0.707239079874 0.0165947935922
v -0.172834774731 -0.749988157568 0.0140225647889
v -0.055082056809 -0.766115887971 0.013969162149
v -0.170803556516 -0.740927883829 0.0165517189615
v -0.0547465521088 -0.756885915625 0.0164990688899
v 0.0637411771144 -0.763508727506 0.013907144583
v 0.180714044977 -0.742459363227 0.0138382350761
v 0.061839759245 -0.754389991212 0.0164382891006
v 0.178993179838 -0.735005125487 0.016709055239
v 0.292915515004 -0.70326123075 0.0137639882759
v 0.397658255929 -0.647095558136 0.0136862657986
v 0.289283949849 -0.694768964523 0.0162962517437
v 0.393522086315 -0.640702778817 0.0165587198267
v 0.492255011341 -0.575143423733 0.0136070084781
v 0.574514745414 -0.489359018907 0.0135281571484
v 0.486992033996 -0.567502495068 0.016140480016
v 0.56752371675 -0.48352032388 0.0160633219648
v 0.642246871456 -0.391696235602 0.0134516724478
v 0.693971336157 -0.284690447355 0.0133793961881
v 0.633832754917 -0.387909119628 0.0159884315207
v 0.687020804603 -0.281740072019 0.0162548307827
v 0.728208685058 -0.170876877991 0.0133131206702
v 0.744335068052 -0.0531240852134 0.0132544797591
v 0.719284424715 -0.168857711596 0.0158508798667
v 0.736823715165 -0.0527518262053 0.0161312313481
v 0.741726485323 0.0656993732781 0.0132049587871
v 0.720675848492 0.182672690277 0.0131656866066
v 0.732531919877 0.0658983405903 0.0157436289873
v 0.711923757005 0.180414284028 0.0157052083972
v 0.681476443463 0.294874834008 0.013137752461
v 0.625309498296 0.399618548062 0.0131217009722
v 0.673547768241 0.290259286415 0.0156778386778
v 0.618928770797 0.395690403338 0.0159998091645
v 0.55335646562 0.494216426314 0.0131180866641
v 0.467571312235 0.576477432939 0.0131268204168
v 0.546558266075 0.488148821565 0.0156582124898
v 0.462946632207 0.570580350213 0.0160047701737
v 0.369908004937 0.644210981245 0.0131478923281
v 0.26290184241 0.69593709278 0.0131805498297
v 0.36442345376 0.636854954608 0.0156878993272
v 0.259406066082 0.687550972394 0.0157199924026
v 0.149088198191 0.730176163369 0.0132242185933
v 0.0313354054125 0.746303893772 0.0132776212331
v 0.147205269759 0.721239926062 0.0157630571311
v 0.0311483402082 0.737198032714 0.0158157072027
v -0.0874878285109 0.743696508738 0.0133396586035
v -0.204460546661 0.722647069604 0.0134085681105
v -0.0854379711456 0.734701659165 0.015876486992
v -0.202571554892 0.715333261765 0.0162838838784
v -0.316662016689 0.683449161695 0.0134827951063
v -0.421404682758 0.627283638793 0.0135605274858
v -0.312882012037 0.675080707331 0.0160185243489
v -0.417100386513 0.621031439088 0.0164340410508
v -0.516001513026 0.555331728957 0.0136397749041
v -0.598261321954 0.469547473844 0.013718636136
v -0.510590096184 0.547814612156 0.0161742960766
v -0.591121778939 0.463832590681 0.01625146403
v -0.66599337314 0.371884615683 0.0137951208366
v -0.717717837842 0.264878677724 0.0138673970962
v -0.657430966818 0.368221386429 0.0163263445719
v -0.710598955089 0.262068882001 0.0167380984325
v -0.751955186743 0.15106510836 0.013933662712
v -0.768081569737 0.0333123155823 0.0139923234275
v -0.742882711472 0.149169903541 0.0164638863237
v -0.760402015363 0.0330805613315 0.0168615394317
v -0.765473136719 -0.0855112177652 0.0140418443994
v -0.756130356345 -0.0855862983574 0.0165711471052
v -0.276148738723 -0.68927415807 0.0195370483265
v -0.37914688515 -0.640200195471 0.0194878442253
v -0.384984008201 -0.610842037081 0.0224124433122
v -0.271671150783 -0.664137505161 0.0227013106976
v -0.433287253175 -0.611461320968 0.0191537732332
v -0.452304201542 -0.590804576537 0.0202029821171
v -0.472302961521 -0.569526976241 0.021176656913
v -0.445654591205 -0.565766883292 0.0234813476996
v -0.421022842179 -0.538888630125 0.0272490113803
v -0.350579805222 -0.580919314556 0.0269850183563
v -0.25337334424 -0.627538448699 0.0270361731936
v -0.053386268438 -0.737725692828 0.0194436605467
v -0.166613116284 -0.721989160008 0.0195219771568
v -0.161253125531 -0.697703470381 0.0227671802249
v -0.0468737943371 -0.713031888158 0.0226070812297
v -0.152508744214 -0.657968919635 0.0270245578966
v -0.0481182757386 -0.67218220722 0.0269501526609
v 0.552938619293 -0.471453158507 0.0189920304705
v 0.474316289147 -0.554042783078 0.0190137559279
v 0.444719040615 -0.550553893504 0.0219615757064
v 0.533588636475 -0.455482101763 0.0220914828513
v 0.430239190728 -0.596648586342 0.0187050445056
v 0.404762766325 -0.608362730705 0.0197714337308
v 0.378389117617 -0.620818024563 0.0207628235874
v 0.383148538489 -0.594337256884 0.0230689204885
v 0.365362073447 -0.562646285357 0.0268562796727
v 0.427092018904 -0.508636765662 0.0265556781637
v 0.502258770409 -0.429650710094 0.0265373590679
v 0.693681568488 0.175667663537 0.0186430269397
v 0.71428389259 0.0635158230537 0.018626519949
v 0.694158326506 0.041581959994 0.0215803602736
v 0.669486155227 0.169358797822 0.0217544411949
v 0.722834022524 0.00281806731309 0.0182986180361
v 0.717369981898 -0.0246926444016 0.0193614820731
v 0.711975632229 -0.0533636993467 0.0203490595773
v 0.693423764341 -0.0339795821815 0.0226701880392
v 0.65745162708 -0.029793034463 0.0264785795258
v 0.650032721383 0.0518974944017 0.0262015749927
v 0.630314596638 0.159135635748 0.0262198049686
v 0.252723369382 0.669730522718 0.0186845370206
v 0.355716650167 0.620652517893 0.0185717904125
v 0.36172564265 0.591437858501 0.0215153720435
v 0.248431723806 0.644749196059 0.0218747629967
v 0.409836582498 0.591896576217 0.0182068740238
v 0.428914837948 0.571291108162 0.0192542311937
v 0.448970638218 0.550061041441 0.0202255690671
v 0.42245805673 0.546414579937 0.0225606101396
v 0.398048330671 0.51972159543 0.0263763787756
v 0.327590921358 0.561740302897 0.026148598148
v 0.230389251162 0.608363329553 0.0262594732377
v 0.0299609739532 0.718182207188 0.0187779248003
v 0.143189393776 0.702446722352 0.0187536841806
v 0.138020211028 0.678320700625 0.022025009289
v 0.0236345919283 0.693643728768 0.0219689924647
v 0.129526297968 0.638795372466 0.0263250952095
v 0.0251343323721 0.653007387499 0.0263454937703
v -0.576365261187 0.451908624882 0.0191754590817
v -0.497746149849 0.53449547978 0.0190458787099
v -0.467977031886 0.531150089205 0.021966229747
v -0.55683412679 0.436088927019 0.0222685740456
v -0.453689636837 0.577084141015 0.0186556027514
v -0.428151680782 0.58884963661 0.0196857696779
v -0.401721141496 0.601352389187 0.0206394122949
v -0.406344773539 0.574985178097 0.0229729680352
v -0.388336210674 0.543479624942 0.0267690213633
v -0.4500806782 0.489458053427 0.0265779482429
v -0.525244061183 0.410474767532 0.0267042410796
v -0.717108809229 -0.195212571442 0.0195244725148
v -0.737714052716 -0.0830632760635 0.0194331146888
v -0.717416617201 -0.0609858391495 0.022347455082
v -0.692731944966 -0.18875227199 0.0226056057998
v -0.746284693201 -0.0223825874964 0.0190620292209
v -0.740759120923 0.00517947545086 0.0200957213355
v -0.735307730964 0.0338982136833 0.0210531763049
v -0.716619999392 0.0146275033947 0.0233717004845
v -0.680425988876 0.010626299192 0.0271467215101
v -0.673021680103 -0.0710762814926 0.0269320514138
v -0.653300411405 -0.178311802878 0.02702184469
v -0.583999527665 -0.356155867889 0.0272542199448
v -0.617732272107 -0.281383008784 0.026993752109
v -0.564231997945 -0.252504976932 0.0317344865505
v -0.534179624786 -0.324846961509 0.0321179200792
v -0.595489627948 -0.163034736334 0.0317122065691
v -0.524833850171 -0.144383384789 0.0362502822997
v -0.497349936913 -0.223051975959 0.0362698391723
v -0.471019405275 -0.286686707807 0.0370903861316
v -0.315787099478 -0.531065876177 0.0317264261483
v -0.230460289529 -0.572312294043 0.031700353619
v -0.384235298247 -0.49296842668 0.0321131769187
v -0.339120695334 -0.434575487922 0.0370863757349
v -0.278899398187 -0.467982758371 0.0362627491871
v -0.2038739 -0.504249603799 0.0362398255618
v -0.139705145276 -0.599614382019 0.0316655770435
v -0.0458090422496 -0.612474646967 0.0316229381103
v -0.124075432002 -0.528255481607 0.0362092178185
v -0.0415153007045 -0.539563232615 0.0361717874497
v 0.141212820458 -0.661177173974 0.0270132297638
v 0.0596656408796 -0.670149342173 0.0268130961176
v 0.0489407188759 -0.610395745465 0.0315735359648
v 0.127044147063 -0.604174012162 0.03189867516
v 0.0417955616589 -0.537735323361 0.0361283266327
v 0.11048696765 -0.532367248157 0.0368976296348
v 0.390637733993 -0.460193165643 0.0313341796492
v 0.456231747417 -0.391788682792 0.031271320395
v 0.333270322766 -0.513522169222 0.0317543999027
v 0.291894403979 -0.452625446169 0.0367708218829
v 0.342240170428 -0.405666390821 0.0359178649773
v 0.399915015345 -0.345520174266 0.0358625710146
v 0.605415087614 -0.269049805101 0.0266076053736
v 0.564734506435 -0.340293427236 0.0264131655004
v 0.510241341968 -0.31391221807 0.0312103029526
v 0.551126804085 -0.247072974684 0.0315285799135
v 0.447404126201 -0.277045701033 0.0358089703305
v 0.483462048465 -0.218328710547 0.0365721339599
v 0.589566345613 0.0508151511486 0.031013575668
v 0.572780630758 0.144089799462 0.0309822945741
v 0.599002845729 -0.0269476821291 0.0314100405103
v 0.525576871067 -0.0246951146504 0.0364679626691
v 0.517152424397 0.0436488096767 0.0356359984571
v 0.502393211828 0.125662491998 0.0356084306935
v 0.561025091014 0.336988982906 0.0263710117756
v 0.594743313387 0.262204221693 0.026139943613
v 0.541523000755 0.233559890349 0.0309600145927
v 0.511492335843 0.305919765515 0.031312236343
v 0.47490929857 0.204331083168 0.0355888738209
v 0.448626001083 0.268005189284 0.0363818629188
v 0.293078252001 0.512120714738 0.0309680749949
v 0.207751442051 0.553367057748 0.0309941475242
v 0.361547784736 0.474041230686 0.0313173161788
v 0.316727365998 0.415893894544 0.0363864278394
v 0.256458759843 0.449261715868 0.0355959737083
v 0.181433336513 0.485528561296 0.0356188973336
v 0.116996372654 0.580669220579 0.0310289240996
v 0.0231001947719 0.593529560384 0.0310715531307
v 0.101634943371 0.50953451396 0.0356494951747
v 0.0190747372174 0.520842264967 0.0356869255435
v -0.164187107397 0.642010064423 0.0266120019566
v -0.0826543001756 0.650970330514 0.0263206095066
v -0.0716494914975 0.591450509169 0.0311209552761
v -0.14973136115 0.5852465916 0.0315314317511
v -0.064235975434 0.519014131146 0.0357303962627
v -0.132880147274 0.513685430211 0.0365746095134
v -0.413346431758 0.441248303627 0.0313603016896
v -0.478940445182 0.37284374592 0.031423170846
v -0.355957312285 0.494595272652 0.031676103097
v -0.314287583603 0.433944152215 0.0367019816915
v -0.364680509347 0.386945647741 0.0359408579181
v -0.422355503976 0.326799506043 0.0359961518808
v -0.628389224841 0.249883144686 0.0270176263468
v -0.587723090875 0.321114789857 0.0267205401238
v -0.532950039733 0.29496743091 0.0314841981906
v -0.573814018172 0.228146078114 0.0319015170954
v -0.46984446512 0.258324883097 0.036049752565
v -0.505855228089 0.199647491449 0.0369001051882
v -0.612275267947 -0.0697601628761 0.031680915573
v -0.621690059816 0.00802071070342 0.0320204723917
v -0.547969975835 0.00601374583999 0.0370048409052
v -0.539592987884 -0.062369702468 0.0362227244383
v -0.423549532418 -0.190564461479 0.0402260013978
v -0.401482650203 -0.244729906272 0.0411841000111
v -0.446867633076 -0.123819761251 0.0402094151894
v -0.373890120854 -0.104586104695 0.0430745514814
v -0.353409961783 -0.16124410538 0.043094662878
v -0.338508522768 -0.20738356212 0.0440259066871
v -0.238209684572 -0.398370997563 0.0402199907539
v -0.174555864438 -0.429140790857 0.0402005626101
v -0.289508143641 -0.370278729397 0.0411806540406
v -0.24522549058 -0.311974420172 0.0440229063162
v -0.20108513882 -0.332033439251 0.0430897315754
v -0.147542945284 -0.35907300715 0.0430642135701
v -0.106852557966 -0.4495081419 0.0401745990051
v -0.0368060333693 -0.459101839666 0.0401427831917
v -0.0909091979506 -0.376522320659 0.0430395273507
v -0.0321440750414 -0.384172531471 0.0430158610593
v 0.0338772165685 -0.457551047414 0.0401059271514
v 0.0922512916075 -0.453313298175 0.0410204263167
v 0.0277922452216 -0.381815240414 0.0429937791222
v 0.0763179622995 -0.381911580118 0.0438880876733
v 0.288783163047 -0.345499888283 0.0399273902338
v 0.337716246608 -0.294470162342 0.0398804735441
v 0.246255659184 -0.385616953313 0.0409127298377
v 0.204614151223 -0.325515500661 0.0437982547883
v 0.237291051444 -0.289724065843 0.0428470184092
v 0.279453033341 -0.246690984392 0.0428006562435
v 0.37800742675 -0.236374402 0.0398349530665
v 0.40891982077 -0.186670600814 0.0407440951341
v 0.313252324789 -0.19681973028 0.0427683651238
v 0.34188183464 -0.157630655382 0.0436560688981
v 0.437183808656 0.0357121997165 0.0396882022557
v 0.424661743224 0.105294991243 0.039664842933
v 0.44467262988 -0.0222868466416 0.0406555891457
v 0.371665923808 -0.0206873979736 0.0435822181864
v 0.36188755623 0.0267991677772 0.0426477264512
v 0.351854603313 0.0862036359886 0.0426210894956
v 0.401343642566 0.172039616615 0.0396482567246
v 0.379332153809 0.226251172719 0.0405825504156
v 0.331374818523 0.142861861242 0.0426137222485
v 0.316527200989 0.189046306453 0.0435206858289
v 0.216003719865 0.379846077843 0.0396542673685
v 0.152349974587 0.410615871137 0.0396736955123
v 0.267357647247 0.351800145556 0.0405863033547
v 0.223244243657 0.293637239361 0.0435237654175
v 0.179050070416 0.313651195113 0.0426186436488
v 0.125507278032 0.34069023902 0.0426248523369
v 0.0846466681143 0.43098322218 0.0396996591173
v 0.0146002183739 0.440576994803 0.0397314749307
v 0.068873455842 0.358139402817 0.0426432803571
v 0.0101084826449 0.365789838197 0.0426732939676
v -0.0560829567079 0.439025903126 0.0397683408733
v -0.114401638289 0.43483441491 0.0407462142078
v -0.0498272387699 0.363432771708 0.042714596102
v -0.0982991343665 0.363574174738 0.0436585147449
v -0.310988903186 0.326975193132 0.0399468678886
v -0.359922061604 0.275945392334 0.0399937845783
v -0.268405856154 0.36713859404 0.0408542275576
v -0.22659532329 0.307178394705 0.0437484169454
v -0.259325970136 0.271341971417 0.042861356815
v -0.301488251458 0.228308515686 0.0428949748314
v -0.400213166889 0.217849631993 0.0400392951537
v -0.431070242308 0.168192091829 0.0410225453904
v -0.335287318337 0.178437710711 0.0429400101005
v -0.363862931851 0.139293549427 0.0438905335201
v -0.459389698507 -0.0542369697244 0.0401860558667
v -0.466822901705 0.00380826280051 0.0411113682496
v -0.393647021019 0.00235021716216 0.0439644535473
v -0.383922549778 -0.0451813370591 0.0430606487731
v -0.112912078265 -0.272594612125 0.0446591136606
v -0.150958026818 -0.253123212835 0.0446811064777
v -0.145712715494 -0.231188601216 0.0448842008859
v -0.106310300927 -0.251122910158 0.0448671690779
v -0.167608851117 -0.239455925091 0.044716199924
v -0.169772938775 -0.224874645291 0.0448236983587
v -0.178063018882 -0.212759197782 0.0448670106425
v -0.173549649762 -0.206291263016 0.0449306323672
v -0.167751152419 -0.200484756079 0.0454348630039
v -0.137130472325 -0.223119196668 0.0454181480668
v -0.10135498184 -0.240634682903 0.0454059782458
v -0.0276534621528 -0.291138620131 0.0446232973527
v -0.0710579043387 -0.285430174585 0.0446394379614
v -0.0663072416222 -0.263611739515 0.0448502263899
v -0.0247307086899 -0.268866707266 0.0448329569287
v -0.0637800273909 -0.252052172842 0.0453911447293
v -0.0248573650828 -0.257273155958 0.0453739247792
v 0.207500898938 -0.187780416228 0.0444622675494
v 0.177804391318 -0.217682777915 0.044497519431
v 0.158573654147 -0.205918105735 0.0447174872118
v 0.190112967369 -0.173552681431 0.0446838691954
v 0.159662285306 -0.229295567221 0.0445441984676
v 0.145130934474 -0.226848823216 0.0446631933727
v 0.131048644931 -0.230989783615 0.0447164870882
v 0.126294987974 -0.224699257626 0.0447848717778
v 0.122586620537 -0.217395705062 0.0452933504643
v 0.153574768854 -0.195268189468 0.0452572866011
v 0.181389096603 -0.166393451281 0.045229837664
v 0.261956261113 0.0625980133416 0.0443272508621
v 0.26869285415 0.0209964784973 0.0443487980797
v 0.247878612644 0.0123507574203 0.0445783313991
v 0.240232444057 0.0568907654925 0.0445595865081
v 0.267425391949 -0.00050711213559 0.044391070631
v 0.256908345125 -0.0108266887686 0.0445135115066
v 0.251982669024 -0.0246540186932 0.044566201187
v 0.244101527377 -0.0248032816053 0.0446389923618
v 0.236029502869 -0.0235173299665 0.0451522736221
v 0.23634165249 0.0145590849886 0.0451251118492
v 0.229330113276 0.0540338104749 0.0451109714877
v 0.0909731249952 0.254292538789 0.0443292115005
v 0.129019597541 0.234821588636 0.0443288451186
v 0.123786862029 0.212897531715 0.0445560514177
v 0.0843842977497 0.23283161609 0.0445623492258
v 0.145672368097 0.221155947723 0.0443585814671
v 0.147842968229 0.206580207269 0.0444763286932
v 0.156135743152 0.194466930585 0.0445215620065
v 0.151626341401 0.188002214628 0.0445952839894
v 0.145857636756 0.182220784459 0.0451104169637
v 0.11523643267 0.204854701056 0.0451057134121
v 0.0794608673294 0.222370187291 0.0451151799286
v 0.00571443402743 0.272836471939 0.0443648693729
v 0.0491187265013 0.267127876681 0.0443414308325
v 0.044381088733 0.24532037059 0.0445756974102
v 0.00280470551278 0.250575488054 0.044596561375
v 0.0418859128801 0.233787602374 0.0451291222459
v 0.00296325057192 0.23900858549 0.0451473126129
v -0.229439627639 0.169478717172 0.0445332664234
v -0.199742670883 0.199381378283 0.044512422263
v -0.1804993579 0.187627260803 0.0447227650918
v -0.212038820834 0.155261686786 0.0447491742965
v -0.18159869347 0.210995739565 0.0445305730212
v -0.167060680452 0.208554609762 0.0446368336792
v -0.152975995517 0.212697666131 0.044672095463
v -0.148218146622 0.206410433806 0.0447410445788
v -0.144479986488 0.199131883154 0.0452519196011
v -0.175468733653 0.177003843568 0.04526658478
v -0.203282986545 0.148129030525 0.0452923404385
v -0.283894989814 -0.0808997872536 0.0446682831107
v -0.290631208571 -0.0392978781292 0.0446611436144
v -0.269804316397 -0.0306416772088 0.0448619209045
v -0.262158372378 -0.075181834993 0.0448734569838
v -0.289361725258 -0.0177926406638 0.04468371076
v -0.278838091103 -0.00746767439701 0.0447865254475
v -0.273909795041 0.0063619012083 0.0448223813642
v -0.266024686025 0.00651453264153 0.0448869239948
v -0.257922719108 0.00525350805874 0.0453929964433
v -0.258235617289 -0.0328235057446 0.0453987595318
v -0.251224152931 -0.0722982312308 0.045411216517
v -0.218916367765 -0.143117269996 0.0454364671626
v -0.23791527583 -0.110117440887 0.0454214356018
v -0.232671461626 -0.10658154173 0.046766958336
v -0.214706839247 -0.140083280482 0.0467720876829
v -0.245209171966 -0.0706943660574 0.0467580265391
v -0.237849103104 -0.0687252783422 0.0487930107243
v -0.22570214121 -0.103494404438 0.0488016949659
v -0.208297217323 -0.135952201077 0.0488066262685
v -0.196250487645 -0.174402372161 0.0454288127512
v -0.191693028327 -0.170339860874 0.0467732561441
v -0.164255076667 -0.196650630522 0.0467704538176
v -0.186000452258 -0.165266119557 0.0488077848275
v -0.159417506107 -0.190757140885 0.0488050617187
v -0.133018032071 -0.218314862183 0.0467637203121
v -0.0987927349897 -0.23485916636 0.0467532536719
v -0.129153589824 -0.21174632092 0.0487985757685
v -0.0959946916631 -0.227775166514 0.0487883962926
v -0.0623901007345 -0.245810228412 0.0467393212569
v -0.0247275647369 -0.250968557036 0.0467222102312
v -0.0607262758858 -0.238384959953 0.0487748896728
v -0.0242371829227 -0.243382572693 0.0487583034644
v 0.0522169424848 -0.248328684489 0.0453425941743
v 0.0149611741224 -0.256199795428 0.0453544075155
v 0.0132774375712 -0.250134660927 0.0467023760966
v 0.0506904784403 -0.243402259828 0.0466803436706
v 0.0125835222273 -0.242574801337 0.0487391624848
v 0.0488309799445 -0.236052146816 0.0487177638005
v 0.0889741697263 -0.236439975878 0.045309213811
v 0.0865774295452 -0.230864998623 0.0466565882593
v 0.120078794016 -0.212900600812 0.0466317337023
v 0.0835997317606 -0.22390540949 0.0486947609574
v 0.116057303831 -0.206500785027 0.0486706490665
v 0.150335000129 -0.189887089316 0.0466063840346
v 0.176645395496 -0.162449437081 0.0465811729978
v 0.145370773175 -0.184204244531 0.0486461212825
v 0.170861420222 -0.157621522947 0.0486216430096
v 0.219693223583 -0.0986299605652 0.0451927439705
v 0.204162544829 -0.133396990693 0.0452049137915
v 0.198309178021 -0.131212542196 0.0465567046272
v 0.214853033062 -0.0969873948273 0.0465335730554
v 0.191850151121 -0.127357906089 0.0485980064249
v 0.20787854758 -0.0941990827839 0.0485755680081
v 0.231679619306 -0.0619044722779 0.0451614133656
v 0.225803571122 -0.0605848354282 0.0465123922197
v 0.23096145061 -0.0229222994305 0.0464936374265
v 0.218487966738 -0.0589307418626 0.0485550506208
v 0.223485055486 -0.0224417237555 0.0485368602537
v 0.230127030509 0.0150827028776 0.0464778037864
v 0.223394329985 0.0524959683148 0.0464652378769
v 0.222676834994 0.0143791311066 0.0485215613332
v 0.216153656481 0.0506265888237 0.0485093420012
v 0.197023001814 0.124853373233 0.0451087236851
v 0.216021311031 0.091853020131 0.0451024258771
v 0.210856544789 0.0883831439877 0.0464562961777
v 0.192891772697 0.121884807883 0.0464511668308
v 0.204006619731 0.0853956400639 0.0485007171728
v 0.186601695844 0.117853511559 0.0484957165548
v 0.17435644799 0.156137951405 0.0450974648679
v 0.169877961777 0.152141388276 0.0464500082718
v 0.142440084974 0.178452157923 0.0464528105984
v 0.164304855923 0.147167355183 0.0484946372134
v 0.137721834916 0.172658451366 0.0484972712023
v 0.111203040377 0.200116389584 0.0464595441039
v 0.0769777432964 0.216660693761 0.0464700008418
v 0.107458068345 0.193647631401 0.0485038462724
v 0.0742992450403 0.20967640214 0.0485139465306
v 0.0405751090412 0.227611755814 0.046483943159
v 0.0029126478996 0.232770084438 0.0465010442825
v 0.039030754407 0.220286270435 0.0485275323682
v 0.00254166144392 0.225283958031 0.0485440393588
v -0.0741103832914 0.230064712869 0.0452025966734
v -0.0368551389212 0.23793522496 0.0451694638655
v -0.0350923544085 0.231936188329 0.0465208784171
v -0.0725053952776 0.225203787229 0.0465429108431
v -0.0342791185622 0.224476036962 0.0485632694583
v -0.0705264265672 0.217953382442 0.048584588925
v -0.110868059669 0.218175555122 0.045217063808
v -0.108392346382 0.212666526024 0.0465666662544
v -0.141893710854 0.194702203069 0.0465915208114
v -0.105295253239 0.205806719972 0.0486076610835
v -0.137752750454 0.188402170365 0.048631703659
v -0.172149916966 0.171688766429 0.0466168704792
v -0.198460312334 0.144251114194 0.0466420815159
v -0.167066294654 0.166105704724 0.0486563007584
v -0.192556866845 0.139522908285 0.0486806998136
v -0.241586514678 0.0803661386575 0.0453524468772
v -0.226056509628 0.115132719649 0.0453189476874
v -0.220124020002 0.113014219309 0.0466665498866
v -0.236667949899 0.0787890719407 0.0466896814584
v -0.2135456726 0.109259366282 0.048704415616
v -0.229573994203 0.0761005429774 0.0487267748151
v -0.253573584105 0.043640201234 0.0453648642535
v -0.247618413104 0.0423864376855 0.0467108721962
v -0.252776292592 0.00472390168789 0.0467296269894
v -0.240183488217 0.0408321272001 0.0487473714202
v -0.245180576965 0.00434310909305 0.0487654825695
v -0.251942022202 -0.0332811754762 0.0467454507273
v -0.244372281616 -0.0324778206251 0.04878087061
v -0.211530024438 -0.097234419707 0.0514032343225
v -0.195266954344 -0.127562787027 0.0514078091454
v -0.222880143955 -0.0647463812347 0.051395064996
v -0.198566832456 -0.0583108591266 0.0539913660814
v -0.188513593557 -0.0870866376494 0.0539985352843
v -0.174108899118 -0.113949545331 0.0540026248987
v -0.174433025703 -0.154953504535 0.0514089280955
v -0.14959392549 -0.178772242282 0.0514063238133
v -0.155655466901 -0.138210382758 0.0540035854134
v -0.133654757412 -0.159307430323 0.0540013376109
v -0.121315640103 -0.198384445753 0.0514002735605
v -0.0903321328604 -0.213361639065 0.0513907377285
v -0.108607707164 -0.176678594143 0.053995931002
v -0.081164590439 -0.189944503887 0.0539875636313
v -0.0573775916455 -0.223275496047 0.0513782015256
v -0.0232823943347 -0.227945239401 0.0513626550497
v -0.0519755318069 -0.198725414943 0.0539763444228
v -0.0217762911289 -0.202861659414 0.0539626397587
v 0.0111227817721 -0.227190316398 0.0513447914558
v 0.0449920636021 -0.221095613768 0.0513247493747
v 0.00869752144575 -0.202193045406 0.0539467368031
v 0.0386966719712 -0.196794728368 0.0539290712534
v 0.0774799523624 -0.209745793674 0.0513033209837
v 0.107808095114 -0.193483023004 0.0512807241315
v 0.067472225926 -0.186741714037 0.0539100391982
v 0.0943348341836 -0.172337319023 0.0538900763349
v 0.135198438342 -0.172649318931 0.0512578896261
v 0.159016726953 -0.147810443286 0.0512349660008
v 0.118595521898 -0.15388418623 0.0538697668941
v 0.139692120328 -0.131883626453 0.0538495267687
v 0.178628556144 -0.119532382468 0.0512128939659
v 0.193605375176 -0.0885489500812 0.0511919012723
v 0.157062909867 -0.106836725917 0.0538299401895
v 0.170328445331 -0.0793936840478 0.0538113933428
v 0.203518708165 -0.0555944088663 0.0511727800972
v 0.208188002384 -0.0214992864115 0.0511557185825
v 0.179108982107 -0.0502047002716 0.0537944011437
v 0.183244852297 -0.0200054595936 0.0537793794851
v 0.2074327051 0.0129059645514 0.0511414494922
v 0.20133762819 0.0467754709494 0.0511299926307
v 0.182575789153 0.010468278125 0.0537666848468
v 0.177177172692 0.0404677280746 0.0537565746864
v 0.189987433816 0.0792633597097 0.0511219817396
v 0.173724363722 0.109591876741 0.0511172583835
v 0.167123858937 0.0692434317414 0.0537494054835
v 0.152719089642 0.0961062645671 0.0537453158691
v 0.152890285369 0.136982594249 0.0511162978688
v 0.128051334868 0.160801182285 0.0511187338134
v 0.134265807137 0.120367176849 0.0537443652565
v 0.112265022792 0.141464149559 0.0537466031569
v 0.099773049482 0.180413385756 0.0511249524038
v 0.0687895422389 0.195390653923 0.0511343198982
v 0.0872179725438 0.158835313379 0.0537520097657
v 0.0597747809629 0.172101223122 0.0537603870387
v 0.035834851312 0.205304510906 0.0511470145365
v 0.00173972885722 0.209974329116 0.0511624025769
v 0.0305857971867 0.180882283891 0.0537716062471
v 0.0003865565087 0.185018378649 0.053785301009
v -0.0326653723936 0.209219331256 0.0511804345086
v -0.0665347290796 0.203124628626 0.051200308252
v -0.0300871812099 0.184349689786 0.0538012138669
v -0.0600863317354 0.178951372748 0.0538188794166
v -0.0990225429839 0.191774808533 0.0512219049806
v -0.129350685735 0.175512037863 0.0512443433974
v -0.0888619605461 0.168898582985 0.0538379114718
v -0.115724568804 0.154494038259 0.0538578644329
v -0.156741028963 0.154678408646 0.0512673363382
v -0.180559317575 0.129839682713 0.0512901015281
v -0.139985106806 0.136040980322 0.0538781837759
v -0.161081780092 0.114040420545 0.053898413999
v -0.200171146766 0.101561472183 0.0513123319984
v -0.215147965797 0.0705781146519 0.0513331761588
v -0.178452569631 0.0889935200086 0.0539180104804
v -0.191718030239 0.0615505529957 0.0539365573272
v -0.225061298787 0.037623498581 0.0513524359649
v -0.229730593005 0.0035283012702 0.0513693489464
v -0.200498716727 0.0323615692196 0.0539535396241
v -0.204634437205 0.00216232854155 0.0539685711849
v -0.228975220866 -0.0308768748366 0.0513837665699
v -0.203965448918 -0.0283115588891 0.0539812658232
v -0.155011255957 -0.072336108379 0.0560146854586
v -0.143315675888 -0.094146982991 0.0560180027003
v -0.163173781399 -0.0489723455461 0.0560088629568
v -0.13156642405 -0.0406492539331 0.0568206464567
v -0.125093923066 -0.0591755959176 0.0568252509862
v -0.115819935379 -0.0764704814487 0.0568279344862
v -0.128332868375 -0.113845046321 0.056018775073
v -0.110469825621 -0.130974275471 0.0560169629678
v -0.103939386074 -0.0920900891595 0.0568284989124
v -0.0897748297606 -0.105672789597 0.0568270531892
v -0.0901333901163 -0.145078497829 0.0560125564826
v -0.0678515214003 -0.155849381432 0.0560057437594
v -0.0736490456146 -0.116856728741 0.0568236072187
v -0.0559805536669 -0.125397501672 0.0568181907077
v -0.0441521041551 -0.162978968596 0.0559966931358
v -0.0196324894533 -0.166337234407 0.0559855531451
v -0.0371880985166 -0.13105092804 0.0568109917981
v -0.0177452942285 -0.133713856243 0.0568021788277
v 0.00511004648846 -0.16579437852 0.0559726505604
v 0.0294672984739 -0.161411258882 0.0559583022523
v 0.00187431998864 -0.133283359248 0.056791920134
v 0.0211885216272 -0.129807794047 0.0567805424902
v 0.0528309115948 -0.153249032865 0.0559428448964
v 0.0746414867827 -0.141553602508 0.0559266646788
v 0.0397147138996 -0.123335517631 0.0567682736471
v 0.0570094497188 -0.114061604799 0.0567554601823
v 0.0943394004011 -0.126571019563 0.0559101477859
v 0.111468404983 -0.10870812652 0.0558937200129
v 0.0726288328615 -0.102181205207 0.056742349651
v 0.0862113087311 -0.0880167237495 0.0567293678485
v 0.125572253061 -0.088371840728 0.0558777774485
v 0.136342912095 -0.0660900468681 0.0558627458877
v 0.0973950233068 -0.0718910144595 0.0567167128191
v 0.10593557167 -0.0542227470798 0.056704770749
v 0.143472050123 -0.0423906296229 0.0558489322992
v 0.14683001651 -0.017871014921 0.0558367525761
v 0.111588623758 -0.0354302919295 0.0566938387048
v 0.114251402249 -0.0159874127854 0.056684174144
v 0.146286861199 0.0068715210207 0.0558264146647
v 0.141903516993 0.0312288478622 0.055818235436
v 0.113820680686 0.00363227628774 0.0566760048175
v 0.110344890916 0.0229464030703 0.0566695188674
v 0.133741066408 0.0545926855512 0.0558124327386
v 0.122045411483 0.0764034853071 0.0558091055947
v 0.103872389932 0.0414728199108 0.0566649044357
v 0.0945984022447 0.058767630586 0.0566622308379
v 0.107062529113 0.0961015486376 0.0558083431242
v 0.089199486359 0.113230852643 0.0558101552294
v 0.0827177032281 0.0743872382967 0.0566616565095
v 0.0685532217707 0.0879699387344 0.0566631121349
v 0.0688631257107 0.127335000145 0.0558145518124
v 0.0465812569947 0.138105883748 0.0558213645356
v 0.0524274376247 0.0991538030222 0.0566665581054
v 0.034758945677 0.107694650809 0.0566719647142
v 0.0228817648935 0.145235470912 0.0558304250613
v -0.00163784980836 0.148593736723 0.0558415551498
v 0.0159664905267 0.113348002321 0.0566791636238
v -0.00347631376143 0.11601100538 0.0566879864964
v -0.0263803108941 0.14805080598 0.0558544676368
v -0.0507375628795 0.143667761198 0.0558687961404
v -0.0230959279786 0.115580508385 0.05669824519
v -0.0424100547611 0.112104943184 0.0567096228339
v -0.0741012508565 0.135505535181 0.0558842733008
v -0.0959118260444 0.12381017968 0.0559004535184
v -0.0609363218896 0.105632741624 0.0567218817748
v -0.0782309828527 0.0963588287926 0.0567347051418
v -0.115609589951 0.108827596735 0.0559169704113
v -0.132738594532 0.0909647785485 0.0559333981843
v -0.0938504408514 0.084478354344 0.0567478057709
v -0.107432841865 0.0703140225987 0.0567607875734
v -0.14684244261 0.0706284179001 0.0559493407487
v -0.157613101645 0.0483466240402 0.0559643525051
v -0.118616556441 0.0541883133087 0.0567734426028
v -0.127157104804 0.036519971073 0.0567853846728
v -0.164742314529 0.024647206795 0.0559781759958
v -0.168100280916 0.00012759209316 0.0559903656211
v -0.132810306604 0.0177274410667 0.0567963266193
v -0.135472935382 -0.00171536322136 0.0568059812779
v -0.167557050749 -0.0246150187046 0.0560006936303
v -0.13504221382 -0.0213349774385 0.0568141506044
v -0.0441431962882 -0.0304424104725 0.0497908469222
v -0.047081070668 -0.0249637729211 0.049790005234
v -0.036275004734 -0.0202167781498 0.0495176745459
v -0.0342130955489 -0.0240617578301 0.0495182389721
v -0.0491313023134 -0.0190949857719 0.0497885496086
v -0.0377138872302 -0.0160979002771 0.0495165853023
v -0.0358927150187 -0.0396931179367 0.049790559758
v -0.0403796599621 -0.0353903936687 0.0497910449665
v -0.0315718755928 -0.0275343287903 0.0495183974075
v -0.0284227575129 -0.0305540956605 0.0495180310256
v -0.0251873304372 -0.0459414999844 0.0497877574314
v -0.0307843153628 -0.0432359038475 0.0497894804167
v -0.0248376030924 -0.0330405133586 0.0495173180662
v -0.0209096080813 -0.0349393112671 0.0495160703872
v -0.0130751765939 -0.0485759080422 0.0497826676935
v -0.0192342554048 -0.0477323555061 0.0497854799222
v -0.0167315939495 -0.0361961439126 0.0495145058374
v -0.0124090328351 -0.0367881802076 0.0495125055902
v -0.000741823199306 -0.047338537963 0.0497758153614
v -0.00686010547701 -0.0484395203662 0.0497794296695
v -0.00804717230795 -0.0366924393527 0.0495102577876
v -0.00375328105078 -0.0359197754714 0.0495076931142
v 0.0106055266453 -0.0423505067939 0.049767883688
v 0.00512696394992 -0.0452882314616 0.0497719733024
v 0.000365521965914 -0.0344808181192 0.0495050195164
v 0.00421050164627 -0.0324190586461 0.0495021280699
v 0.0198560095414 -0.0341000255244 0.0497596252416
v 0.0155534349854 -0.0385870453239 0.0497637544648
v 0.0076830726065 -0.0297778386901 0.0494992366235
v 0.0107026897646 -0.0266287206102 0.0494963154704
v 0.026104316733 -0.023394790655 0.0497518123948
v 0.0233988703083 -0.0289917755805 0.0497556247472
v 0.0131891074627 -0.0230436410457 0.0494935527527
v 0.0150878305152 -0.0191155711785 0.0494908296438
v 0.0287385750788 -0.0112826368117 0.0497452769336
v 0.0278950973987 -0.0174417156226 0.0497483664243
v 0.0163446631607 -0.0149376319028 0.0494884630147
v 0.0169366994556 -0.0106150707883 0.049486254821
v 0.0275010552876 0.00105071658295 0.0497406426975
v 0.0286021874028 -0.00506756569476 0.0497427221624
v 0.0168408837447 -0.00625321026123 0.0494845021291
v 0.0160681450075 -0.00195924414804 0.0494830068948
v 0.0225129492625 0.0123982161396 0.0497383453838
v 0.0254506739302 0.0069195785882 0.0497391969742
v 0.0146291127992 0.00215963372468 0.0494820166734
v 0.0125673533261 0.00600461340504 0.0494813730295
v 0.0142623182809 0.0216488487477 0.049738632548
v 0.0187494129364 0.0173461993357 0.0497381473395
v 0.00992605851407 0.00947718436526 0.0494812938118
v 0.00677694043419 0.0124968015234 0.0494815710738
v 0.00355700855546 0.0278972307954 0.0497414348746
v 0.00915406833703 0.0251917095146 0.0497397118893
v 0.00319186086967 0.0149832192215 0.0494823731531
v -0.000736283853519 0.016882091986 0.0494835317121
v -0.0085550704318 0.0305316388533 0.0497465345148
v -0.00239599162093 0.0296881611732 0.049743722286
v -0.00491414827326 0.0181389994875 0.0494851754797
v -0.00923678424371 0.0187309609265 0.0494871064114
v -0.0208884238264 0.0292943436301 0.0497533769446
v -0.0147701415487 0.0303953260333 0.0497497725387
v -0.0135985699148 0.0186352949276 0.0494894334317
v -0.017892536028 0.0178626310463 0.0494919089851
v -0.032235773671 0.024306237605 0.049761308618
v -0.0267572109757 0.0272440371287 0.0497572190036
v -0.0220112641887 0.0164236736941 0.0494946717028
v -0.0258563935811 0.014361914221 0.0494974839316
v -0.0414863314231 0.0160558311915 0.0497695670644
v -0.0371836820112 0.020542850991 0.0497654378412
v -0.0293288896853 0.011720619409 0.0495004446936
v -0.0323485068434 0.00857157618512 0.0495032965312
v -0.0477345637588 0.00535059632206 0.0497773799112
v -0.045029117334 0.0109475812476 0.0497735774611
v -0.0348348496854 0.0049864966206 0.0495061285644
v -0.036733647594 0.00105842675344 0.0495087724555
v -0.0503688221046 -0.00676155752122 0.0497839153724
v -0.0495254192805 -0.000602478710355 0.0497808258817
v -0.0379904053834 -0.00311951252233 0.0495112183024
v -0.0385824416784 -0.00744207363675 0.0495133472784
v -0.0502324344286 -0.0129766286382 0.0497864701436
v -0.0384867008235 -0.0118039341639 0.0495151890902
v -0.112832730879 -0.0537975648627 0.0558040158567
v -0.104554253456 -0.0692356467149 0.0558063824859
v -0.118610268535 -0.0372601474398 0.0557998866335
v -0.112008715765 -0.0355547026417 0.0540032289337
v -0.106587268216 -0.0510729552957 0.054006991775
v -0.0988190094542 -0.065559617081 0.0540093088931
v -0.0939492508033 -0.0831783297726 0.0558069073032
v -0.0813053946205 -0.0953027600039 0.0558056200154
v -0.0888674998919 -0.0786431026936 0.0540097247861
v -0.0770028949205 -0.0900202452358 0.0540085959337
v -0.0669108806009 -0.105285933664 0.0558024909158
v -0.0511393151611 -0.112909870012 0.055797688342
v -0.0634954247871 -0.0993882520898 0.0540055955629
v -0.0486959396769 -0.106542242318 0.0540011791754
v -0.0343644544297 -0.11795628888 0.0557912320985
v -0.0170089355189 -0.120333341927 0.0557833796429
v -0.032954840639 -0.111277709261 0.053995049705
v -0.0166689394573 -0.113508269069 0.0539877616755
v 0.000504305034685 -0.119949105955 0.0557742498016
v 0.0177448450923 -0.116846698034 0.0557640703256
v -0.000235047915824 -0.113147612744 0.0539791071405
v 0.0159429857351 -0.110236387109 0.0539696505262
v 0.0342821128031 -0.111069235234 0.0557531283792
v 0.0497200449433 -0.102791057236 0.0557416715177
v 0.0314610886771 -0.104815014416 0.053959273006
v 0.0459476756063 -0.0970469802226 0.0539486182238
v 0.063662653145 -0.0921859797264 0.0557300166119
v 0.0757867839522 -0.0795423481117 0.0557184013149
v 0.0590309366509 -0.0870955455163 0.0539375574508
v 0.070407929481 -0.0752310154009 0.0539267343309
v 0.0857698827567 -0.0651479089482 0.0557070929866
v 0.09339351968 -0.0493764183644 0.0556964382043
v 0.079775711767 -0.0617237698356 0.0539160894509
v 0.0869295522828 -0.0469242847254 0.053906187237
v 0.0984397139798 -0.032601482777 0.0556867142302
v 0.100816542459 -0.0152461135783 0.0556780596952
v 0.0916647198023 -0.0311831856874 0.0538969286669
v 0.0938950550418 -0.0148972845057 0.053888878167
v 0.100432007063 0.0022672766874 0.0556707518613
v 0.0973294494297 0.0195078167451 0.055664949164
v 0.0935343238614 0.00153668189172 0.0538819862261
v 0.0906228736582 0.0177147155426 0.0538766192261
v 0.0915518369179 0.0360451593119 0.0556608199407
v 0.0832734343513 0.0514833160201 0.0556584533116
v 0.0852013512533 0.0332328933407 0.0538726880472
v 0.0774331673473 0.047719629982 0.0538705293645
v 0.0726682819862 0.0654260739339 0.0556579383965
v 0.0600245006594 0.0775504293091 0.0556592256843
v 0.067481657785 0.0608030407386 0.0538699649383
v 0.0556170528136 0.0721802581368 0.0538712522262
v 0.0456299866399 0.0875336778256 0.0556623448817
v 0.0298584212001 0.095157464461 0.0556671573577
v 0.0421096575362 0.0815481901348 0.0538740941616
v 0.027310022714 0.0887022552186 0.0538786689844
v 0.0130834856126 0.100204033041 0.055673603699
v -0.00427188358607 0.102581011232 0.0556814561546
v 0.0115689985321 0.0934376473062 0.0538846301172
v -0.00471690264963 0.0956682071138 0.0538920864843
v -0.0217851989957 0.102196700404 0.0556905958981
v -0.0390257390534 0.099094367339 0.0557007654718
v -0.0211508690471 0.0953076256455 0.0539005726817
v -0.037328827842 0.0923964000103 0.0539101976336
v -0.0555630067642 0.0933169045393 0.0557117074183
v -0.0710009389043 0.0850386516848 0.0557231642798
v -0.05284700564 0.0869751021735 0.0539204167184
v -0.0673334428572 0.0792069931235 0.0539312299361
v -0.0849434722501 0.0744337238877 0.0557348191856
v -0.0970676779132 0.061790092273 0.0557464443848
v -0.0804167039018 0.0692556332733 0.0539421223714
v -0.0917937715879 0.0573911031579 0.0539531039267
v -0.107050701862 0.0473955782534 0.0557577428109
v -0.114674338785 0.0316240876697 0.0557683975931
v -0.101161553874 0.0438837827365 0.0539636002735
v -0.108315319534 0.0290842976264 0.0539736510207
v -0.119720533085 0.0148492269382 0.0557781413717
v -0.12209743642 -0.00250629197251 0.0557867959067
v -0.113050561909 0.0133431985884 0.0539827511553
v -0.115280897149 -0.00294262773727 0.0539909204818
v -0.121712901024 -0.0200195325261 0.0557940839361
v -0.114920091112 -0.0193766689908 0.0539976935961
v -0.094717273611 -0.0458726324421 0.0524906657523
v -0.0879142084244 -0.0585594559828 0.0524926659995
v -0.0994652415107 -0.0322824464021 0.0524873386084
v -0.0831773192163 -0.0280207432353 0.0512708714286
v -0.0793028462624 -0.0391108129248 0.0512736341463
v -0.0737513737996 -0.0494636256326 0.0512752284027
v -0.079199095813 -0.0700174430311 0.0524930719903
v -0.0688085556691 -0.0799810792692 0.0524920322578
v -0.0666395275134 -0.0588137418968 0.0512755947847
v -0.0581605856581 -0.0669443038157 0.0512747134876
v -0.0569793575971 -0.0881851498038 0.0524894675844
v -0.044018486152 -0.0944502996009 0.0524855364055
v -0.0485075270641 -0.0736391271914 0.0512726340227
v -0.0379310445562 -0.0787517187847 0.0512693860965
v -0.0302330756009 -0.0985973981947 0.0524801991121
v -0.015970607608 -0.100550915857 0.0524737527708
v -0.0266817561033 -0.0821358847804 0.0512650885356
v -0.0150431414688 -0.0837299438146 0.0512598106556
v -0.00157841412518 -0.100235098291 0.0524662270882
v 0.0125895855653 -0.0976855021085 0.0524578993263
v -0.00329868041613 -0.0834722893795 0.0512536811852
v 0.00826290736955 -0.0813917410443 0.051246868462
v 0.0261796218933 -0.092937758777 0.0524488685072
v 0.038866445434 -0.0861347684464 0.0524395010128
v 0.0193528273471 -0.0775174178025 0.0512395408236
v 0.0297056400548 -0.0719660201956 0.0512318369012
v 0.0503242079142 -0.077419805547 0.0524298463542
v 0.0602876944403 -0.0670293402591 0.052420350131
v 0.039055456895 -0.0648542487654 0.0512240240544
v 0.0471860188138 -0.0563753069102 0.0512162112076
v 0.0684916152628 -0.0552001421871 0.0524110519521
v 0.0747565404918 -0.0422394204541 0.0524023281016
v 0.0538806176214 -0.0467223231722 0.0512086360139
v 0.0589931343587 -0.0361459903764 0.0512015064198
v 0.0789034893736 -0.0284540847591 0.0523942676994
v 0.0808567076117 -0.0141916167661 0.0523872173231
v 0.0623771506424 -0.0248967019235 0.0511949907631
v 0.0639710599645 -0.0132580124329 0.0511891682613
v 0.0805408151898 0.000200651572729 0.0523811670704
v 0.0779911441513 0.0143687261192 0.0523764338121
v 0.0637131809613 -0.00151355138026 0.0511842864698
v 0.0616325577702 0.0100479615494 0.0511803948997
v 0.0732431762516 0.0279588373033 0.0523730274505
v 0.066440036209 0.0406457357 0.052371106421
v 0.0577580848163 0.021138031239 0.051177632182
v 0.0522065374974 0.0314908439467 0.0511760280233
v 0.0577249235976 0.0521036478922 0.0523706311147
v 0.0473343834537 0.0620672841304 0.0523717500649
v 0.0450947660672 0.040840960211 0.0511756715436
v 0.0366157493559 0.0489715969858 0.0511765528407
v 0.0355051853817 0.070271354665 0.0523742355206
v 0.0225443887926 0.0765365793181 0.0523782360151
v 0.026962765618 0.0556663455055 0.0511786323056
v 0.0163862831101 0.0607789370988 0.0511818802318
v 0.00875897824157 0.0806836779119 0.0523834940907
v -0.00550348975138 0.0826371207181 0.0523900295519
v 0.00513699465715 0.0641631030945 0.0511861678904
v -0.00650161997737 0.0657572369847 0.0511914556727
v -0.0198956832342 0.0823213031522 0.0523974760168
v -0.0340636829247 0.0797717818257 0.0524058829964
v -0.01824608103 0.0654995076936 0.0511975950453
v -0.0298076688157 0.0634189593584 0.0512043978663
v -0.0476537941087 0.0750240384941 0.0524148246956
v -0.0603405427934 0.0682211230196 0.0524242714077
v -0.0408975887932 0.0595446361166 0.0512117255046
v -0.0512503266449 0.0539932385098 0.0512194294271
v -0.0717983052735 0.0595060852642 0.0524338567508
v -0.0817617917997 0.0491156948323 0.0524434321917
v -0.0606002183411 0.0468815419356 0.0512272323717
v -0.06873078026 0.0384026000804 0.0512350452185
v -0.0899657126222 0.0372864967603 0.0524526412507
v -0.0962307127072 0.0243257001713 0.0524614542211
v -0.0754253790676 0.0287496911984 0.0512426204122
v -0.0805378209488 0.0181732086905 0.0512497500062
v -0.100377586733 0.0105402896202 0.0524694255034
v -0.102330804971 -0.00372217837274 0.0524765550974
v -0.0839218372325 0.0069239202376 0.0512562854674
v -0.0855158214107 -0.00471469439692 0.0512620881648
v -0.102014912549 -0.0181143718555 0.0524825360346
v -0.0852579424075 -0.0164592303056 0.0512669798585
v -0.0624239356574 -0.0317014139426 0.0503743942927
v -0.0582418044443 -0.0395005133865 0.0503755528517
v -0.065342572039 -0.0233471073676 0.0503723049256
v -0.05288428394 -0.0465440909787 0.0503758400159
v -0.0464968942555 -0.0526691102986 0.050375196372
v -0.0392250806457 -0.0577123852135 0.0503736318222
v -0.0312576300035 -0.061563802512 0.0503711958776
v -0.0227832543657 -0.0641131741264 0.0503679479514
v -0.0140155928253 -0.0653140893218 0.0503639771636
v -0.00516820961922 -0.0651199127951 0.0503593231231
v 0.00354136364641 -0.0635526522176 0.0503542036785
v 0.0118956702214 -0.060634015836 0.0503486782431
v 0.0196945450973 -0.056452034335 0.0503429052523
v 0.0267380478335 -0.0510945886867 0.0503370233373
v 0.0328629922973 -0.0447072738582 0.0503311315199
v 0.0379061923562 -0.0374354602484 0.0503254377469
v 0.0417575347986 -0.0294680096061 0.050320070747
v 0.044306756701 -0.0209936339684 0.0503150998356
v 0.0455074473283 -0.012226047284 0.0503107329592
v 0.0453132708017 -0.00337866407793 0.0503070394334
v 0.0437458605121 0.00533098404373 0.0503041281825
v 0.0408271492745 0.0136853654748 0.0503020289131
v 0.0366450929174 0.0214843152067 0.0503008802563
v 0.0312876472691 0.0285278927989 0.0503005930921
v 0.0249001827286 0.0346529121187 0.050301236736
v 0.0176283691188 0.0396961870337 0.0503028012858
v 0.00966084362051 0.0435476791881 0.0503052471327
v 0.00118654283877 0.0460970508025 0.0503084950588
v -0.00758111870161 0.0472978911419 0.0503124559444
v -0.0164284270517 0.0471037146153 0.050317109985
v -0.0251380751733 0.0455364540377 0.0503222294296
v -0.0334923068923 0.0426178925122 0.050327754865
v -0.0412913314802 0.0384358361551 0.0503335278557
v -0.0483347593604 0.0330783905068 0.050339419673
v -0.0544597038243 0.0266911505343 0.0503453015881
v -0.0595029038831 0.0194193369245 0.0503509953611
v -0.0633542463256 0.0114518862823 0.0503563623611
v -0.0659034682279 0.00297758550054 0.0503613332725
v -0.0671042337113 -0.00579015089586 0.0503657001489
v -0.0669099823286 -0.0146375341019 0.0503693936747
v -0.325448467091 -0.0350218774618 0.0443361430502
v -0.318200307985 -0.0899242798128 0.0443303700595
v -0.3438402928 0.00258533993401 0.0451879314945
v -0.316629454318 0.00969696165216 0.0454877804353
v -0.302390565973 -0.00801412337329 0.0445647554638
v -0.286298541894 0.144985302079 0.0442390617446
v -0.318637467166 0.118465160132 0.0451254287201
v -0.256902431499 0.191915912138 0.0441783611731
v -0.252846208118 0.134433447203 0.0445674389638
v -0.260622925611 0.114345533699 0.044612434624
v -0.276537615769 0.110854922437 0.0445006089218
v -0.296834527292 0.100712455157 0.0454386654541
v -0.216746141913 0.230051163929 0.0441670231381
v -0.197138504659 0.267064099349 0.044999630994
v -0.175393203924 0.249240730287 0.0453128974346
v -0.18134508126 0.227279769347 0.0444020521863
v -0.0481054753584 0.304181758347 0.0440489095301
v -0.0885758608218 0.314785638159 0.0449235819908
v 0.00603129957765 0.309537332594 0.0439805149383
v -0.036981570746 0.270927493611 0.0443984378782
v -0.0578042709832 0.265413000024 0.0444438692358
v -0.0699819238476 0.276232465186 0.0443240029359
v -0.0901249313856 0.286722713554 0.0452531573779
v 0.0571567663743 0.304127637441 0.0439438569422
v 0.105911168606 0.287813141258 0.0439386483777
v 0.152934600135 0.260454761553 0.0439646119827
v 0.194192545829 0.253282431599 0.0448050326854
v 0.1839606256 0.227108049627 0.0451383015982
v 0.16123807947 0.225941193923 0.0442271196746
v 0.275551986499 0.12297403789 0.0439606411949
v 0.273127624445 0.164778956552 0.044802468012
v 0.296240544741 0.0716049147352 0.0439464612245
v 0.247361956365 0.102134045912 0.0443250030595
v 0.235682320629 0.120235205679 0.0443556504117
v 0.242209391655 0.135154759852 0.0442244361746
v 0.24595863048 0.157594724491 0.0451362518399
v 0.303490275823 0.0167037849365 0.0439918133644
v 0.321932255069 -0.0208613633737 0.0448569103843
v 0.294740130593 -0.0279575647509 0.0451906546034
v 0.280447046486 -0.010291617908 0.0442671444234
v 0.26434027577 -0.163303394604 0.04408889467
v 0.296729504291 -0.136741258428 0.0449194131588
v 0.234942668255 -0.21023520236 0.0440984701109
v 0.230907853697 -0.152734846835 0.0444425126325
v 0.238686517446 -0.132645361354 0.0444623467671
v 0.254594096282 -0.129160663718 0.0443312117477
v 0.274945128711 -0.118973058256 0.0452397794868
v 0.194787875789 -0.248369106742 0.0441609332765
v 0.175230541784 -0.285340122788 0.045045220787
v 0.153503805343 -0.267501333386 0.0453655475062
v 0.159401561774 -0.245585510628 0.0444298477009
v 0.0261471343789 -0.322499925728 0.0442790468846
v 0.0666678230905 -0.333062035879 0.045121259888
v -0.0279918113819 -0.327857371376 0.0442707488293
v 0.0150432163248 -0.289229042955 0.0446115137181
v 0.0358677879627 -0.283712977391 0.044630902253
v 0.0480384043608 -0.294538431036 0.0445078276358
v 0.0682353830922 -0.304983541221 0.0454252776608
v -0.0791180267388 -0.322448275071 0.0442818492111
v -0.127871755266 -0.306133254896 0.0443126153899
v -0.174893015971 -0.27877300379 0.044363344432
v -0.216100733272 -0.271558529895 0.0452398190957
v -0.205850173894 -0.245368727582 0.0455401928537
v -0.183181748669 -0.244247084916 0.0446047802126
v -0.297510327478 -0.141292130416 0.0443673053175
v -0.295035811888 -0.183055054848 0.0452423837691
v -0.269300310786 -0.1204355204 0.0446849485368
v -0.25761880365 -0.13853510819 0.0447191210771
v -0.264153060854 -0.153460501133 0.0446073844949
v -0.267848178774 -0.175855327589 0.0455422030032
v -0.7487481301 -0.0880167986055 0.0179379496973
v -0.728894815375 -0.198337136746 0.017974964173
v -0.755333513968 -0.00121584897222 0.0181226160853
v -0.735944231738 0.147703024892 0.0178305304803
v -0.751331710917 0.0675704744577 0.0180911171427
v -0.716656828556 0.227000780945 0.018005136219
v -0.714600832996 0.214513822988 0.0188661139178
v -0.73127680892 0.146723908096 0.0186672972661
v -0.744260511452 0.0781426901722 0.0189358651129
v -0.649688458528 0.367446701435 0.0176923054757
v -0.691727826258 0.291235184402 0.017964873817
v -0.585808722913 0.459554718613 0.0176201084338
v -0.641689568356 0.358446013092 0.0191949268344
v -0.674693215122 0.306786298851 0.0188845023291
v -0.508227714918 0.540459783216 0.0175457824159
v -0.441877056802 0.596814542147 0.0177061289664
v -0.310001028236 0.668651622842 0.0173893670442
v -0.383875764763 0.634007955442 0.0176604995645
v -0.234512620396 0.69966439879 0.0175558430652
v -0.243412851955 0.690690434047 0.0184209400851
v -0.308056119016 0.664328462879 0.0182289856676
v -0.371172772321 0.63453007621 0.018506604138
v -0.0815243484911 0.728028768604 0.0172468939899
v -0.167892780017 0.717251597095 0.0175142141578
v 0.0315778640748 0.730262322653 0.0171879560124
v -0.0841158640471 0.716317917906 0.0187561201252
v -0.145306022715 0.712642412265 0.0184396057584
v 0.145745053296 0.7143750298 0.0171363159667
v 0.256197287751 0.681406490508 0.0170938057622
v 0.358154486306 0.63239690409 0.0170625939838
v 0.43225446461 0.586717138194 0.0172625989012
v 0.541329872213 0.48348341986 0.0170324615467
v 0.485551504667 0.543047481115 0.0172539839751
v 0.594152175365 0.421282405442 0.0172504587869
v 0.582864485771 0.427012259811 0.018110475971
v 0.537816729287 0.480335349764 0.0178743675815
v 0.489971079189 0.531165584402 0.0181096639895
v 0.668406656503 0.284536393657 0.0170525036278
v 0.631466106858 0.363357466548 0.0172561525599
v 0.705376624565 0.178716025408 0.0170787742014
v 0.656463527562 0.283449708755 0.0185619674162
v 0.634059643526 0.340493741956 0.0181995859944
v 0.725229864433 0.068395911836 0.0171158876993
v 0.731828123538 -0.0183943333859 0.0173680970887
v 0.712426415207 -0.167323836805 0.017223297014
v 0.727826470199 -0.0871805071037 0.0173995762268
v 0.693151662693 -0.246610888447 0.0174855670528
v 0.691145895526 -0.234082085973 0.0183378803145
v 0.707807948229 -0.166303698908 0.0180639949787
v 0.720805124846 -0.0977111028688 0.018260524219
v 0.626170492285 -0.387067438493 0.0173615319208
v 0.668222585539 -0.310845291904 0.017525839357
v 0.562290981238 -0.47917545567 0.0174336398428
v 0.618259557941 -0.377993241534 0.0188646285857
v 0.651242769014 -0.326350594466 0.0184761449279
v 0.484709823531 -0.560080520273 0.0175080450785
v 0.418371965795 -0.61642464965 0.0177845743054
v 0.286483061993 -0.688272809035 0.0176644505479
v 0.360370673757 -0.6536181378 0.0178302136095
v 0.211007379677 -0.719275030284 0.0179348602065
v 0.219957839629 -0.710259071312 0.0187830541472
v 0.284587258326 -0.683908553115 0.0185023065772
v 0.347717610283 -0.654098638619 0.0186897752917
v 0.0580063073924 -0.74765010451 0.0178069335045
v 0.144387539298 -0.736862153734 0.017976489114
v -0.0550959051735 -0.749883359134 0.017865782362
v 0.0606857787767 -0.73586567034 0.0193034253927
v 0.121855576606 -0.732207231872 0.0189210414986
v -0.169263169251 -0.733996141137 0.0179175115277
v -0.279715403706 -0.701027676702 0.0179599425145
v -0.381672677116 -0.652018015428 0.0179912335106
v -0.455759929896 -0.60632754512 0.0182281043706
v -0.564848063023 -0.503104755765 0.0180213659476
v -0.509056895098 -0.562657962897 0.0182367192967
v -0.617657640651 -0.44089296208 0.0182402345827
v -0.606319722666 -0.446580971931 0.0190935182613
v -0.561285889402 -0.499915589713 0.0188569345655
v -0.513426615507 -0.550734446234 0.0190867154403
v -0.691924997025 -0.304157654707 0.0180013238666
v -0.654971572144 -0.382968098042 0.0182345606141
v -0.679893912256 -0.302997311476 0.0194975781017
v -0.657510314203 -0.360058561564 0.0191610810671
v -0.620291824141 -0.403599241714 0.0211822714683
v -0.639152622841 -0.381306818298 0.0202090719787
v -0.651387016572 -0.312146289604 0.0224210978472
v -0.613515108275 -0.377558702313 0.0234868038195
v -0.23228655195 -0.151962706946 0.0448688128455
v -0.243378792464 -0.142346252948 0.0448261343033
v -0.246910574539 -0.117723486645 0.044887488421
v -0.225346425383 -0.148215638945 0.0449323157435
v -0.19149189019 -0.206738452904 0.0448283028882
v -0.204412489094 -0.181681222237 0.0448978263323
v -0.206276254383 -0.211685612684 0.0458233367595
v -0.217665299033 -0.19350285985 0.0458670055231
v -0.234432374738 -0.180116357052 0.0458242180566
v -0.227834864194 -0.165989902455 0.0448294713494
v 0.174853791414 -0.710287741169 0.0209061779388
v 0.147782035425 -0.721325860778 0.0199514064694
v 0.0783233551865 -0.711613441357 0.0222182014833
v 0.152282828733 -0.69582091623 0.0232306236423
v 0.0564728817377 -0.263771856551 0.044768731169
v 0.043897593673 -0.271348933027 0.0447341526379
v 0.0193917524796 -0.267099506248 0.044814964606
v 0.0550567554729 -0.256014152488 0.0448347888383
v 0.121171317689 -0.241900273703 0.0446831463338
v 0.0933511511703 -0.246446130337 0.0447730188277
v 0.121350672723 -0.257500793128 0.0456750907144
v 0.100540548298 -0.262714066073 0.0457335830923
v 0.0826263788786 -0.274523202731 0.0457021831718
v 0.0711871806924 -0.263872388191 0.0447181704646
v 0.664724862955 -0.270617439959 0.0204670543588
v 0.657711751764 -0.298993861593 0.019509440954
v 0.609099426266 -0.349508652945 0.0217913071375
v 0.639828123603 -0.280405688533 0.0228030757504
v 0.234669967759 -0.104256289052 0.0446091866978
v 0.233407071775 -0.118883081315 0.0445718058401
v 0.215567533812 -0.136211951481 0.0446584700166
v 0.227563735674 -0.100843004063 0.0446799776254
v 0.255002361038 -0.0390576651477 0.0445278103035
v 0.242330284134 -0.0642375848385 0.0446187225298
v 0.267760148089 -0.0480958563593 0.0455105060163
v 0.259747559264 -0.0679964052351 0.0455687211321
v 0.258770313869 -0.0894300803414 0.0455327364866
v 0.24339862931 -0.0924106975109 0.0445565762351
v 0.59695965055 0.38413338177 0.0202215685727
v 0.615763259248 0.361793275068 0.0192481314299
v 0.628128651021 0.29274218588 0.0215067175085
v 0.590318648656 0.358206324102 0.0225551144108
v 0.21035927622 0.133670589461 0.0445198390213
v 0.221448896774 0.124051889782 0.044473962064
v 0.224984870786 0.0994325668561 0.0445527737849
v 0.203423191879 0.129926889981 0.044593600613
v 0.169561994499 0.188444089739 0.0444742096194
v 0.182487084765 0.16339045216 0.0445519717056
v 0.184404072687 0.193439456798 0.0454498450536
v 0.195795961866 0.175258874789 0.0454973657784
v 0.212560267898 0.161870201166 0.0454488845389
v 0.205905118215 0.147695614145 0.0444730411581
v -0.198185890149 0.690821656657 0.0204976621021
v -0.171171099594 0.701812242691 0.0195057969392
v -0.101581571025 0.692209262777 0.0217096138724
v -0.17547913864 0.676468238595 0.0228112549792
v -0.0784000826112 0.245479514498 0.0446199206977
v -0.0658274145074 0.253054345293 0.0445659635339
v -0.0413174562327 0.248808436748 0.0446252876977
v -0.0769799141211 0.237725178956 0.0446911275183
v -0.143100988811 0.223606060249 0.0446193661737
v -0.115276630355 0.228155360261 0.0446767792102
v -0.143222704706 0.239254637242 0.0455980910987
v -0.12240996032 0.244470155868 0.045630778307
v -0.104498485718 0.256277046845 0.0455709293258
v -0.0931169266708 0.245577875313 0.0445843519452
v -0.68805696169 0.25115187944 0.0209367856821
v -0.68110089079 0.279480767498 0.0199477624546
v -0.632357567249 0.330104923501 0.0221365082181
v -0.663024508366 0.261053759458 0.0232387929688
v -0.256597093776 0.0859642464234 0.0447794651689
v -0.255336817754 0.100588867861 0.0447283004294
v -0.237493162709 0.117921181404 0.044781782287
v -0.249486819466 0.0825542550993 0.0448459387312
v -0.276931957304 0.0207633768381 0.0447746923018
v -0.264255688463 0.0459470393301 0.0448310755081
v -0.289632180073 0.0298497753293 0.0457626757969
v -0.281616821575 0.0497527195978 0.0457956501693
v -0.280642420709 0.0711840741674 0.0457403562066
v -0.265328300433 0.0741165589134 0.0447459263703
v -0.489329637918 -0.569227177864 0.0197859404742
v -0.503073054239 -0.550297811046 0.0207399395709
v -0.491484518285 -0.549067103153 0.0220016103574
v -0.523357389951 -0.536112519613 0.0200262077936
v -0.532493642554 -0.522515895955 0.0211114706385
v -0.516694829522 -0.532823420768 0.0216639745683
v -0.507684634463 -0.531895655205 0.0227354535314
v -0.518738848117 -0.520483330332 0.0234360846797
v -0.515302282904 -0.516545903461 0.024619577487
v -0.501443288881 -0.526946773737 0.0240881949796
v -0.531187704357 -0.508624713842 0.0237899402953
v -0.528233436508 -0.504490939621 0.0251374236679
v -0.513103986043 -0.488888548795 0.028539250054
v -0.500280250834 -0.500017843042 0.027986825342
v -0.485290032575 -0.508574410594 0.0274475408678
v -0.534480171723 -0.513668437893 0.0223983326573
v -0.55376428124 -0.493172858482 0.022382350484
v -0.549192075285 -0.489137669644 0.0239104205325
v -0.557734420193 -0.496684653998 0.0209400732172
v -0.580512659205 -0.468676524003 0.0211361964667
v -0.571925325826 -0.471684613334 0.0224158892826
v -0.566500360044 -0.469031640982 0.0237951884687
v -0.621940827497 -0.420541181091 0.0197932681125
v -0.604718851733 -0.436330861689 0.0207554959491
v -0.592957772643 -0.458075488719 0.0200437545167
v -0.60215383521 -0.424982613572 0.0220082250364
v -0.586942417399 -0.443030400994 0.0227428603874
v -0.588924080926 -0.451839083636 0.0216856604168
v -0.576860882923 -0.455315846533 0.023441976497
v -0.572546630827 -0.452362102676 0.0246214589076
v -0.562042459238 -0.466583399856 0.0251385525203
v -0.581302090835 -0.43740759074 0.0240907497508
v -0.561203772344 -0.423456823232 0.0274498183771
v -0.55440968988 -0.439325776359 0.0279884195984
v -0.544812698448 -0.453335904694 0.0285402006666
v -0.509823121361 -0.405116723035 0.0355023383732
v -0.501071778434 -0.418284571387 0.0360942729189
v -0.515848956449 -0.38966419397 0.0345401204388
v -0.45529462485 -0.344115126693 0.0421589729748
v -0.449582960496 -0.358561740505 0.0436033792177
v -0.441749127857 -0.37056033776 0.0442389825269
v -0.461205930221 -0.459631446037 0.0355015065872
v -0.446544404764 -0.46737597544 0.0345390807064
v -0.473286494822 -0.449439049789 0.0360935401551
v -0.419102111455 -0.395954046256 0.0442384973184
v -0.408080535027 -0.40510100327 0.04360321088
v -0.394384577425 -0.412417505927 0.0421586858106
v -0.384484493952 -0.308487551712 0.0487319833797
v -0.377774100523 -0.319293542789 0.0494124635226
v -0.389597684393 -0.294895119991 0.0471032375219
v -0.333056833385 -0.252851186044 0.0499576002052
v -0.328984291392 -0.26603984437 0.0516285294944
v -0.323452281495 -0.275880941297 0.0523495988123
v -0.350905578639 -0.346140880418 0.0487316269
v -0.337989171673 -0.352765413987 0.0471027127046
v -0.360872059406 -0.338245441271 0.049412067434
v -0.311640150597 -0.289209804957 0.052347549054
v -0.302465421997 -0.295841749272 0.0516265292472
v -0.28978323953 -0.301388655518 0.0499561049709
v -0.297538548199 -0.242364081629 0.0530337526766
v -0.293089106124 -0.251718988678 0.0537852316935
v -0.299970844992 -0.228830337031 0.051306529301
v -0.280953222921 -0.217644601342 0.0518071852385
v -0.281096347639 -0.230925557147 0.053502563094
v -0.277022458237 -0.238824065391 0.0541662886909
v -0.275544650608 -0.267294581047 0.053027662815
v -0.262192357013 -0.271255961845 0.0513039646276
v -0.284449897521 -0.261743482864 0.0537782605349
v -0.269997220371 -0.247213629153 0.054155881464
v -0.262451882849 -0.252258401188 0.0534934629594
v -0.248948380085 -0.253635976601 0.0518040660412
v -0.249403504712 -0.174554853882 0.0457260574096
v -0.25818965569 -0.195052454406 0.0488389173882
v -0.27499258743 -0.198268942908 0.0485478814179
v -0.245143373521 -0.198970718134 0.0490104831471
v -0.25663901315 -0.217140296308 0.0523836921349
v -0.266617246313 -0.214105707945 0.0521166096202
v -0.265590296517 -0.229212402178 0.0539397161334
v -0.262028272608 -0.232852800344 0.0540527102969
v -0.274088476371 -0.243494557305 0.0543821272485
v -0.24980944893 -0.222125108668 0.0524717624258
v -0.245675300429 -0.22952320439 0.0523815730612
v -0.258977739912 -0.23698724827 0.0539323884951
v -0.202456576039 -0.227192636934 0.0457245324687
v -0.223816592817 -0.233592228151 0.0488378380469
v -0.226222764858 -0.220184840522 0.0490098395032
v -0.228926789018 -0.249918925866 0.0485463960858
v -0.243783464131 -0.239797642841 0.0521140944578
v 0.37278180256 -0.636903461312 0.0193732161966
v 0.35057381674 -0.644135002381 0.0203427320626
v 0.353039424464 -0.632747155427 0.0216046801111
v 0.330783755356 -0.659034944275 0.0196412592261
v 0.315076640953 -0.663534315319 0.0207375729418
v 0.329785849698 -0.651700176749 0.0212811450746
v 0.331734426863 -0.642855937496 0.022352822082
v 0.317495388805 -0.649850035256 0.0230629494534
v 0.314864124701 -0.64537783695 0.0242493337073
v 0.329015506354 -0.635405517413 0.0237090887184
v 0.302385700331 -0.658029029023 0.0234267468919
v 0.299425893136 -0.653956487029 0.0247773494619
v 0.289410905666 -0.634783388996 0.028190513883
v 0.303933947479 -0.626020443385 0.0276286721655
v 0.316680431271 -0.614402264445 0.0270819412265
v 0.306104547611 -0.662703712875 0.0220314556303
v 0.280652451416 -0.674709945444 0.0220325349716
v 0.278294262087 -0.669131524812 0.0235634073467
v 0.282702683062 -0.679555301031 0.0205877722491
v 0.249035437641 -0.692565652308 0.0208069676572
v 0.25460562411 -0.685342270546 0.0220837789288
v 0.253818962152 -0.679377892254 0.02346489022
v 0.190395997996 -0.717076433999 0.0195040343452
v 0.210776598555 -0.705587231989 0.0204528248774
v 0.2350600425 -0.701113686274 0.0197235565263
v 0.200831227187 -0.699654817219 0.0217143372284
v 0.222727961658 -0.690773075098 0.0224340301386
v 0.2304468903 -0.695368186996 0.0213700075426
v 0.237557763458 -0.684989249536 0.0231229667722
v 0.236133253319 -0.679986172306 0.0243044989412
v 0.2529267532 -0.674396598127 0.024809937648
v 0.219182181506 -0.683685931299 0.0237860091164
v 0.212271548213 -0.660297016842 0.0271547720101
v 0.229486562366 -0.658745251462 0.0276806785932
v 0.245800309989 -0.653953492788 0.0282210027998
v 0.211057608069 -0.605851984799 0.0352188775965
v 0.226310870398 -0.601604579133 0.0358000286313
v 0.194457760722 -0.60679711696 0.0342690770385
v 0.170183224644 -0.535214247324 0.0419202603031
v 0.185750283426 -0.534262378121 0.0433530809555
v 0.199609951153 -0.530526837948 0.0439788315619
v 0.277926943577 -0.576460590333 0.035172802595
v 0.289781218417 -0.564899376828 0.0342034946755
v 0.264526218134 -0.584806662746 0.0357734609912
v 0.230758815353 -0.516835521419 0.0439572843444
v 0.242836161145 -0.509173034219 0.0433143038857
v 0.253964033127 -0.498392643901 0.0418633225728
v 0.158468256865 -0.456932212663 0.0485173528922
v 0.170848395274 -0.453897100307 0.0491889705537
v 0.143890420442 -0.457576947599 0.0468995390787
v 0.121501881892 -0.390842278079 0.0497837866437
v 0.135375996831 -0.391062878782 0.0514441106617
v 0.146476097228 -0.388850733556 0.0521571987952
v 0.204654573476 -0.436632756034 0.0484857054164
v 0.214875489869 -0.426377855006 0.0468509885237
v 0.194095532422 -0.443678878731 0.0491728695538
v 0.162802420663 -0.381735668461 0.0521440585573
v 0.171913521642 -0.375051624353 0.0514173845863
v 0.181035252176 -0.364686086121 0.049742009203
v 0.122638271194 -0.353855467411 0.0528662369231
v 0.13294272691 -0.352522880469 0.0536101011375
v 0.108940442191 -0.351967523626 0.0511497871564
v 0.104201082734 -0.330429574078 0.051658176723
v 0.11686125753 -0.334688507572 0.0533431770582
v 0.125660732881 -0.33326197632 0.0540004563138
v 0.153144346715 -0.340642106596 0.0528394415322
v 0.160962983581 -0.329148637793 0.0511120003079
v 0.145145755967 -0.347404225538 0.0535948319236
v 0.135810086915 -0.329173190569 0.0539830779283
v 0.142910704798 -0.323548808338 0.0533163816673
v 0.148320250239 -0.311113501039 0.0516251627416
v 0.0727064585585 -0.287041824785 0.0456091914806
v 0.0896206263509 -0.301766304159 0.0487064257655
v 0.0874744292825 -0.318737661954 0.0484137856365
v 0.09738611544 -0.290571286324 0.0488741791721
v 0.111260305236 -0.307156012754 0.0522337627135
v 0.105279159194 -0.315705094704 0.0519696508629
v 0.120042788269 -0.319416680949 0.0537808648172
v 0.124610502862 -0.317155355316 0.0538906803699
v 0.13101855281 -0.331917187846 0.0542124033013
v 0.118115320503 -0.302202115932 0.0523175057369
v 0.126424713464 -0.300555507969 0.0522213453372
v 0.129480036945 -0.315530380744 0.0537669522066
v 0.13727442046 -0.258659040389 0.045563948265
v 0.136895349553 -0.280985298728 0.0486732830554
v 0.123408315115 -0.279132387562 0.0488559491962
v 0.150830621865 -0.290887553026 0.0483694336202
v 0.136769067441 -0.301928292596 0.0519457667228
v 0.72164852767 -0.06733602539 0.0189507679449
v 0.714475973148 -0.0895663931614 0.0199189965231
v 0.706752628001 -0.0808952958922 0.0211872819885
v 0.714875255181 -0.114325322572 0.0192113546073
v 0.70931771938 -0.129692066634 0.0203071534079
v 0.70840702099 -0.110843619177 0.0208557756698
v 0.702431713719 -0.104083147068 0.0219324136863
v 0.699743035043 -0.119723564754 0.0226402932553
v 0.694615996237 -0.119239620558 0.0238296778799
v 0.694849322465 -0.101922053651 0.0232933244611
v 0.697489943573 -0.136759822722 0.0230013675849
v 0.69249876845 -0.136778985864 0.0243547031659
v 0.671209490615 -0.133657938793 0.0277804830076
v 0.672638866396 -0.116750133763 0.0272218496074
v 0.670714617439 -0.0996015917587 0.026680238113
v 0.703413300763 -0.136480010903 0.0216027590816
v 0.698165968327 -0.164128233134 0.0216001547993
v 0.692315595759 -0.162777905315 0.023134710798
v 0.703244799853 -0.165298008224 0.020152253075
v 0.693987879339 -0.200185406838 0.0203683292857
v 0.691458793707 -0.191450607092 0.0216487053543
v 0.686215503495 -0.188600089693 0.0230333814426
v 0.679307789587 -0.262014761096 0.0190587911969
v 0.682022967295 -0.238786337955 0.0200117010501
v 0.692654169557 -0.216501474998 0.0192817593485
v 0.671417740074 -0.243362436423 0.0212779862683
v 0.677126110763 -0.220436955611 0.0220000061988
v 0.685346799335 -0.216878749359 0.0209322603704
v 0.681185702665 -0.205049027295 0.0226903390446
v 0.676338625389 -0.203276885779 0.0238750003132
v 0.681703856064 -0.186412197819 0.0243814688503
v 0.669351339527 -0.219158115295 0.0233565798038
v 0.64647511398 -0.211047015942 0.0267400969963
v 0.655355284124 -0.196214968461 0.0272645578562
v 0.661085213349 -0.180207756258 0.0278055158045
v 0.601972533919 -0.180136568179 0.0348364441914
v 0.607520712717 -0.165307814363 0.0354180408258
v 0.592949538481 -0.19410874451 0.0338883270098
v 0.521014321539 -0.171775599417 0.041584991143
v 0.529440115617 -0.158641511132 0.0430162571479
v 0.534584595877 -0.145241758818 0.0436423147229
v 0.6174985716 -0.108761948002 0.034798706854
v 0.615082443709 -0.0923630890796 0.0338346074991
v 0.616392948123 -0.124517269684 0.0353962361507
v 0.541816660938 -0.111994156268 0.0436246887821
v 0.542696144365 -0.0977107285887 0.0429845997699
v 0.540469402215 -0.08235184441 0.0415385200529
v 0.451008294052 -0.135329548668 0.0482298421101
v 0.455851254246 -0.123538976305 0.0489016182069
v 0.442909695655 -0.147480178508 0.0466136324552
v 0.375853294943 -0.12640596203 0.0495402713981
v 0.384239789609 -0.115334007498 0.0511986347778
v 0.388997339079 -0.105063311849 0.051911524867
v 0.461732766919 -0.0860319911252 0.0482039577228
v 0.459392243612 -0.0717131565461 0.0465739245772
v 0.461248598155 -0.098725476852 0.0488883987513
v 0.392837303406 -0.0876726854625 0.0519003749741
v 0.392762147958 -0.0763631379101 0.0511764241119
v 0.389684741949 -0.0628680190207 0.0495059305201
v 0.346696948394 -0.103788289189 0.0526443976239
v 0.351699501631 -0.0946786853306 0.0533876875099
v 0.337063576934 -0.113736879367 0.0509309086191
v 0.316869891868 -0.104918166018 0.0514526463701
v 0.327810474077 -0.0972022316166 0.0531333986556
v 0.331849630284 -0.0892539441166 0.0537903511382
v 0.353937771609 -0.0713414215302 0.0526213650743
v 0.349180222139 -0.0582369013747 0.050899617623
v 0.354730946041 -0.0817973858392 0.0533737947038
v 0.334506794573 -0.0786393598924 0.0537740421918
v 0.334109309085 -0.0695798347139 0.0531097620709
v 0.327174871576 -0.0578710799847 0.0514251578242
v 0.26306413027 -0.104812469312 0.045433664836
v 0.285016931904 -0.099825785551 0.0485198779568
v 0.297475818851 -0.111533642008 0.0482174940493
v 0.280529912105 -0.0869654457463 0.0486932360165
v 0.302209040114 -0.0855351716929 0.0520410557277
v 0.30560129056 -0.0953954317618 0.0517726463163
v 0.317339613419 -0.0856577858605 0.0535796518296
v 0.318198436584 -0.0806347220721 0.0536902694617
v 0.333917677663 -0.0841318458082 0.0540024169522
v 0.302233368322 -0.077078686645 0.0521268683138
v 0.305782516995 -0.0693870804517 0.0520305098698
v 0.319742117514 -0.0757384643886 0.0535668779736
v 0.278053525114 -0.0358926027347 0.0453965117293
v 0.29599164846 -0.0493647408247 0.0484926765751
v 0.286571017821 -0.05918929457 0.0486782539668
v 0.312183904756 -0.0439071378161 0.0481810836086
v 0.312964653088 -0.0618215318031 0.051752732964
v 0.465915347268 0.549692824658 0.018817711896
v 0.479714755896 0.530810167999 0.019773760751
v 0.468200477118 0.529641590606 0.0210482846113
v 0.499956947666 0.516589694236 0.019051483363
v 0.509156977602 0.503046293211 0.0201388355751
v 0.493390652084 0.51338099076 0.0206987562631
v 0.484443560654 0.512505923838 0.0217801275379
v 0.495538795409 0.501127883024 0.0224791545276
v 0.492171621731 0.497248394716 0.0236695887869
v 0.478281562458 0.507623439663 0.0231434841595
v 0.508008311911 0.48928648342 0.0228304454698
v 0.505133017168 0.485218657356 0.0241844742059
v 0.490203582 0.469783420032 0.0276149774036
v 0.477347583844 0.480885616398 0.0270661967063
v 0.462326075767 0.489416134054 0.0265349924387
v 0.511218961643 0.494262013633 0.0214312725403
v 0.530502172888 0.473765461093 0.0214130425645
v 0.526019794162 0.469805277991 0.0229490838952
v 0.534387649677 0.477206442811 0.0199638337479
v 0.557177416517 0.449208044099 0.0201604323037
v 0.548665163731 0.452278787921 0.0214462149812
v 0.543321341879 0.449693560271 0.0228333369163
v 0.598526836272 0.401006902742 0.0188164642171
v 0.58136130195 0.416843742634 0.0197826133303
v 0.569558378343 0.438553337046 0.0190644651655
v 0.578870093467 0.405557175881 0.0210477300873
v 0.563701792726 0.423640744483 0.0217823654383
v 0.565621176041 0.432397477044 0.0207156593423
v 0.553661129639 0.435960548937 0.0224812736014
v 0.549416119365 0.433064818499 0.0236676578552
v 0.53894218961 0.447311267303 0.0241833453535
v 0.558140514124 0.418084256667 0.0231408006596
v 0.538239815536 0.404298621547 0.0265321901122
v 0.531476948034 0.420193774283 0.0270642261657
v 0.521912294405 0.434230850787 0.0276138485512
v 0.487332628906 0.386354135439 0.0346527482204
v 0.478615869462 0.399550953072 0.0352423557458
v 0.493302321975 0.370854596791 0.0336976202712
v 0.433197126522 0.325680707906 0.0414170693988
v 0.42756975005 0.340197761237 0.0428549500826
v 0.419773045999 0.352227423742 0.0434882659804
v 0.438715437766 0.440868633873 0.0346550653384
v 0.423997845146 0.448566228548 0.0337011454594
v 0.45083058585 0.430705206906 0.0352434350871
v 0.397126029598 0.377621207094 0.043489266104
v 0.386067324582 0.386737024002 0.042857514756
v 0.372287079097 0.393983161996 0.0414208421423
v 0.362774824684 0.290377109797 0.0480928548823
v 0.35610425466 0.301216411806 0.0487709287872
v 0.367792873119 0.276705180979 0.0464706048768
v 0.31142187043 0.234803174054 0.0494187514285
v 0.307446865836 0.248073425446 0.0510824322971
v 0.301956999881 0.25794977956 0.0518007785061
v 0.329195909372 0.32803051336 0.0480946669874
v 0.316184360398 0.334575624687 0.0464734468122
v 0.339202138688 0.320168235432 0.0487716417466
v 0.290144794126 0.271278568364 0.0517993723917
v 0.280928071297 0.277875330348 0.0510821253284
v 0.268148276574 0.283340793239 0.0494200387163
v 0.276085111103 0.224467877655 0.0525400976043
v 0.271679534658 0.233859389301 0.053288091042
v 0.278416576831 0.210849845174 0.05082209319
v 0.259429046882 0.199689335966 0.051351792321
v 0.25967120612 0.213052932821 0.0530356043906
v 0.255636017282 0.220983778868 0.0536966761941
v 0.254090839232 0.24939807765 0.052535176204
v 0.24063793914 0.253275320277 0.0508218852435
v 0.263039951775 0.243883509207 0.0532813575365
v 0.248610180568 0.22937296835 0.0536862293584
v 0.241026142481 0.234385402583 0.0530272667264
v 0.227424129189 0.235680561513 0.0513505941531
v 0.227525334534 0.156303682642 0.0453401483274
v 0.236493011371 0.176952941472 0.0484263317416
v 0.253278351946 0.180154758192 0.0481153725168
v 0.223457134189 0.180879813642 0.0486078195189
v 0.235149345737 0.199213775645 0.0519535795696
v 0.245111784279 0.196166012622 0.0516789317634
v 0.244191204894 0.211361635812 0.0534900268911
v 0.240635768315 0.215007573324 0.0536034864586
v 0.252714611228 0.225664750626 0.0539114354104
v 0.22832502144 0.20420300451 0.0520443333605
v 0.22418555816 0.211596608871 0.0519520645309
v 0.237578199153 0.219136107624 0.0534827784705
v 0.180578405861 0.208941390839 0.0453416633662
v 0.202119948498 0.215492790072 0.0484274110829
v 0.20453645067 0.202094010886 0.0486084631628
v 0.207212403821 0.231804666294 0.04811681824
v 0.222277852385 0.221857797806 0.0516777732044
v -0.396195868642 0.61736940753 0.0192304262714
v -0.373931815659 0.624647583902 0.0201709286505
v -0.376323091351 0.613321792593 0.0214450564222
v -0.354183748505 0.639512418321 0.0194364418327
v -0.338413156193 0.644065011998 0.0205127233696
v -0.353089578 0.632258046165 0.0210815461479
v -0.35497535096 0.623466430697 0.0221627094763
v -0.340695216945 0.63049473766 0.022852161025
v -0.33799448645 0.626080552772 0.0240397137401
v -0.352176858497 0.616082333051 0.023522461692
v -0.325564868209 0.6386907986 0.0231935596555
v -0.322526013052 0.634684429332 0.0245444889986
v -0.312310935429 0.615678335089 0.0279636640635
v -0.326866315044 0.606888516165 0.0274242607628
v -0.339644088654 0.595244137617 0.0269004732535
v -0.329365458267 0.643297288614 0.0217981099585
v -0.3039143352 0.655302847479 0.0217628184679
v -0.301466543211 0.649799058304 0.0232960178633
v -0.306049154153 0.660077389268 0.0203161347159
v -0.272370530616 0.67309724726 0.0204896116022
v -0.277865636493 0.66593651999 0.0217782362151
v -0.276997980317 0.660039961255 0.023163546045
v -0.213809914365 0.697541931081 0.0191057078866
v -0.234133998626 0.686100262646 0.020085145771
v -0.258459212233 0.681591759168 0.0193846730582
v -0.224114894074 0.680229080104 0.0213415683841
v -0.245968436619 0.671383493443 0.0220911560782
v -0.253749645474 0.675926730116 0.0210312131944
v -0.260757441886 0.665633802228 0.0228002437173
v -0.25926376478 0.660688663561 0.0239845386039
v -0.276026947972 0.655124241006 0.0245119206169
v -0.242343608506 0.66436252237 0.0234454917829
v -0.235235280453 0.641138740302 0.0268271176526
v -0.252418855076 0.639613099674 0.0273719374643
v -0.268700414609 0.634848214313 0.0279330167114
v -0.233547950813 0.587089172634 0.0349361693881
v -0.248766554802 0.582870736249 0.0355365505224
v -0.217004095772 0.587987370068 0.0339685844539
v -0.192280498404 0.516779828537 0.0416557424617
v -0.207763269303 0.515898249141 0.0431052384425
v -0.221585733586 0.512193849074 0.0437483773366
v -0.300417061752 0.557698077593 0.0349837693306
v -0.312327403754 0.546089854504 0.0340364938372
v -0.286981827682 0.566072969574 0.0355635241532
v -0.252734448074 0.498502757113 0.0437704988826
v -0.264848922454 0.490809204663 0.0431464316525
v -0.276061157175 0.479958449683 0.0417162053801
v -0.180177701564 0.438821845604 0.0483074853697
v -0.192518091425 0.435819969324 0.0489944118539
v -0.165695007148 0.439387008587 0.0466742934179
v -0.143136695135 0.372794191232 0.0495925550878
v -0.156913122963 0.373096459858 0.0512668610319
v -0.167971079418 0.37091957182 0.051993168621
v -0.226363943319 0.418522388976 0.0483405785687
v -0.236680001719 0.408188065706 0.0467251709932
v -0.21576507886 0.42560189746 0.0490108396268
v -0.184297477709 0.363804431868 0.0520028628885
v -0.193450647774 0.357085280285 0.0512912600871
v -0.202669990564 0.346638223843 0.0496341344842
v -0.144091558579 0.33595903887 0.05270762326
v -0.154352148665 0.33466313138 0.053463221598
v -0.13049456064 0.333986882057 0.0509788254325
v -0.125725183918 0.312473934422 0.0515008008366
v -0.138286324194 0.316815583822 0.053195020133
v -0.147047024124 0.315421540084 0.0538625085712
v -0.174597858668 0.322745603199 0.0527234569001
v -0.182517176887 0.311167996224 0.0510138792699
v -0.166555552001 0.32954425188 0.0534648257566
v -0.157196977006 0.311332305197 0.0538590626008
v -0.164336295454 0.305675585164 0.0532044371385
v -0.169844351422 0.293157936238 0.0515295271593
v -0.0945845538802 0.26879057869 0.0454570241587
v -0.111317195814 0.283666641513 0.0485588233643
v -0.109188664767 0.300623252671 0.0482494782004
v -0.119072354772 0.27248023212 0.048744123494
v -0.13274974808 0.289229267523 0.0521035188933
v -0.126784546372 0.297765174813 0.0518259004229
v -0.141441805036 0.301565615159 0.0536489673273
v -0.146002857443 0.299309754015 0.0537655163856
v -0.15239226824 0.31408730631 0.0540811494553
v -0.139599523426 0.28427971235 0.0521985900495
v -0.14791430602 0.282628762738 0.0521122823527
v -0.150879427992 0.297679015529 0.0536482048568
v -0.159152515781 0.240407944006 0.0455022475699
v -0.158591919016 0.262885785793 0.0485919561722
v -0.145094554446 0.26104148307 0.0487623534699
v -0.17254485735 0.272773293454 0.0482938203144
v -0.158274529474 0.283988372704 0.051846130646
v -0.745062593751 0.0478020464645 0.0196528745231
v -0.737834271491 0.070079124395 0.0205947037989
v -0.730036594312 0.0614699330577 0.021862464447
v -0.738275547754 0.0948030211867 0.0198663464515
v -0.732654459188 0.110222838169 0.0209431627079
v -0.731711123572 0.0914015634494 0.0215069551616
v -0.725672787528 0.0846937899815 0.022583167383
v -0.722943162608 0.100368342014 0.0232748469298
v -0.717746582555 0.0999425609486 0.0244593992741
v -0.718010899176 0.0825990190018 0.023938216047
v -0.720669410874 0.117421891723 0.0236190181802
v -0.715598963222 0.117507077879 0.0249671848056
v -0.694109744946 0.114553109454 0.0283736850367
v -0.695571383674 0.0976184311109 0.0278310833209
v -0.693678499391 0.0804436894985 0.027302176367
v -0.726674361131 0.117073811211 0.0222268560183
v -0.721428001823 0.144721210026 0.0221952481513
v -0.715487951739 0.143445813086 0.0237247936297
v -0.726591495512 0.145820246172 0.0207516340856
v -0.717323122027 0.18071737607 0.0209282895826
v -0.714719030658 0.172045305672 0.0222133989095
v -0.709394521661 0.169262458119 0.0235951340402
v -0.702721705956 0.242480931882 0.0195509510349
v -0.705380367366 0.219299668036 0.020526348816
v -0.716053264433 0.19697977246 0.0198264801381
v -0.694701481817 0.223937373012 0.0217778797354
v -0.700366810293 0.201047897948 0.0225252295291
v -0.708649779077 0.19743766676 0.0214690494866
v -0.704385605661 0.185694178835 0.0232329110537
v -0.699469136851 0.18397982617 0.024414086743
v -0.704804200548 0.167140289834 0.0249404191213
v -0.692512991095 0.199835155501 0.0238749210954
v -0.669438995932 0.191889113682 0.0272417926663
v -0.678287951114 0.17708326581 0.0277880482991
v -0.683985392824 0.161102926918 0.0283485334133
v -0.624462801807 0.161374130294 0.035318592891
v -0.629976322265 0.146574270904 0.0359185482301
v -0.61549587353 0.175299446754 0.0343493245804
v -0.543111745011 0.153341405199 0.041991021524
v -0.551453026638 0.140277831288 0.0434420820546
v -0.556560303454 0.126909069368 0.0440848941756
v -0.639988839487 0.0899995849731 0.0353578650716
v -0.637628853614 0.0735538661799 0.0344053810136
v -0.638848482815 0.105783801081 0.0359407390915
v -0.563792368515 0.0936613919624 0.0441030746404
v -0.564709055387 0.0793470487447 0.0434761258661
v -0.562566750831 0.0639177250473 0.0420410079
v -0.472717813607 0.117219331322 0.0485949961519
v -0.477520950396 0.105461995033 0.0492817642006
v -0.464714207505 0.129290389208 0.0469602000414
v -0.39748803333 0.108358174607 0.0498360406267
v -0.405776840884 0.09736766343 0.0515123468181
v -0.410492321269 0.0871322249681 0.0522388524514
v -0.483442211618 0.067921773779 0.0486223262624
v -0.481196905174 0.0535235169582 0.0470022250374
v -0.482918219449 0.0806484955805 0.0492953104293
v -0.414332360452 0.0697415985821 0.0522465464717
v -0.414299348946 0.0583967938423 0.0515322205615
v -0.411319480336 0.0448200818866 0.049870213167
v -0.368150310634 0.085891935504 0.0529294229504
v -0.373108923386 0.0768190859532 0.0536856154212
v -0.358617770239 0.0957563875102 0.0511976643608
v -0.338393843339 0.0869629006415 0.0517062618739
v -0.349235540741 0.0793296072911 0.0534047292201
v -0.353235921527 0.0714135827374 0.0540725840403
v -0.375391358418 0.0534449181329 0.0529415630647
v -0.370734565156 0.0402562598063 0.051226321368
v -0.376140742076 0.0639374121817 0.0536858332699
v -0.355893834376 0.0607984745211 0.0540680587285
v -0.355534824885 0.0517066863962 0.0534111359526
v -0.348699047615 0.0399155900404 0.0517295815878
v -0.284942225592 0.086561372928 0.0456325508033
v -0.306713426511 0.0817262726162 0.048745371173
v -0.319190054336 0.0934194572924 0.0484457202765
v -0.302216226292 0.0688746161104 0.0489250666496
v -0.323698632671 0.06760865103 0.0522961961724
v -0.327106677738 0.0774556615826 0.0520228158496
v -0.33873855533 0.0678068697819 0.0538501010971
v -0.339590791165 0.0627893453393 0.0539659272938
v -0.35529146795 0.0663019642725 0.0542911358044
v -0.323717571245 0.0591565076314 0.0523892175703
v -0.327272034695 0.0514604100767 0.0523031277222
v -0.341141583417 0.0578871740299 0.053848288992
v -0.299931620435 0.017641506351 0.0456696841056
v -0.317688217924 0.0312652278899 0.0487725725547
v -0.308257182297 0.041098464934 0.0489400486993
v -0.333898065385 0.0257929531006 0.0484822099349
v -0.334470115121 0.0438816119118 0.0520392040137
v -0.545542469828 -0.485898275199 0.025310474759
v -0.529496033067 -0.471592315856 0.0287237084956
v 0.276402201221 -0.664674671991 0.0249658282023
v 0.267904021368 -0.645030355285 0.0283894394591
v 0.68764255874 -0.161707988162 0.0245399636868
v 0.666863873845 -0.157082933854 0.0279762002664
v 0.522452230907 0.46663452652 0.0243556240718
v 0.506606408291 0.452496169816 0.0277974752068
v -0.29949229043 0.645410998168 0.0247001914108
v -0.29079334672 0.625933984677 0.0281317442432
v -0.710732722805 0.142444613763 0.0251261252418
v -0.689753573477 0.137987162094 0.0285449735337
v -0.487734006907 -0.434357731748 0.0362912774655
v -0.430956910287 -0.383732527761 0.0444505631325
v 0.245727325366 -0.593888794444 0.0359837642112
v 0.215481374529 -0.524335645902 0.0441795692432
v 0.612697156499 -0.145067044857 0.0356037073374
v 0.53891149864 -0.128765199343 0.0438445773451
v 0.465289625763 0.415633620148 0.0354392711725
v 0.40899325453 0.365409943874 0.0436996485417
v -0.268171407086 0.575164607987 0.0357467349158
v -0.237444730862 0.506013211728 0.0439706622354
v -0.635141387931 0.126343082969 0.036126811594
v -0.560874780118 0.110442840024 0.0443056541335
v -0.36986578614 -0.329254633923 0.0496390756889
v -0.318153373258 -0.283080219419 0.052588955128
v 0.182775505026 -0.449456566099 0.0494074133935
v 0.154970833704 -0.386038467585 0.0523906236847
v 0.459276441343 -0.111282724615 0.0491210215615
v 0.391722846919 -0.0965411780674 0.0521454250628
v 0.348209114937 0.311188581631 0.0489971448649
v 0.29667208972 0.265160735223 0.0520393327425
v -0.204431801948 0.431390513807 0.0492287972582
v -0.176451742962 0.368119058244 0.0522376443813
v -0.480932813121 0.093216747179 0.0495151890902
v -0.413203756176 0.0786217687267 0.0524828529055
v -0.375576177942 0.0706148689598 0.0539358344656
v -0.160823526808 0.333020865066 0.0537135099579
v 0.2681169119 0.239517606454 0.0535337748724
v 0.3541812034 -0.0884624165172 0.0536300441965
v 0.139428627123 -0.350868562335 0.0538523786064
v -0.28951211101 -0.257365154012 0.0540321136918
v -0.559578124067 -0.498353868481 0.0197974270424
v -0.592555795794 -0.415892771704 0.0238778917596
v -0.568111935388 -0.399623563415 0.0273057015552
v -0.481350884016 -0.540577831166 0.0238742378427
v -0.462398611254 -0.518152463452 0.0273024140201
v -0.521009905034 -0.366737141182 0.0332325330862
v -0.459720562134 -0.323598887018 0.0395205973823
v -0.424354234677 -0.47511339352 0.0332301664571
v -0.374507009349 -0.419148110482 0.0395190031259
v -0.392714614383 -0.276574632073 0.0440319272331
v -0.33397778705 -0.235609148866 0.046868406518
v -0.32014566634 -0.357944253162 0.0440303131723
v -0.272747430698 -0.304262827421 0.0468666043151
v -0.297496254546 -0.210647584197 0.0481324439336
v -0.233909729977 -0.207996183822 0.0490674208774
v -0.243789078332 -0.270865063687 0.0481307209484
v 0.28367064631 -0.681812060447 0.0194439279065
v 0.195233942837 -0.687737887887 0.0235906087284
v 0.18746426181 -0.659500548745 0.0270297268523
v 0.348178873104 -0.620506548646 0.0234834865779
v 0.332857342081 -0.595589448456 0.0269280509194
v 0.1710015507 -0.604606081133 0.0329797988795
v 0.149189104111 -0.533054725883 0.0392983124835
v 0.303940160529 -0.546172121275 0.032887490441
v 0.266392902808 -0.48153888492 0.0392173915911
v 0.125370216651 -0.454846274694 0.0438428048488
v 0.104685251499 -0.386356306263 0.0467081886962
v 0.225181068426 -0.410974431493 0.0437736576888
v 0.188898877513 -0.349338430346 0.0466493695453
v 0.092274571831 -0.343960474147 0.0479898025416
v 0.109443624386 -0.282677194585 0.0489234921976
v 0.166140325636 -0.311490625688 0.0479380832782
v 0.705603138894 -0.165825743194 0.0190069729113
v 0.658546695858 -0.240911575336 0.0231620310063
v 0.631245206731 -0.230646493889 0.0266188641909
v 0.69405300408 -0.0776581471279 0.0230739706176
v 0.664998910859 -0.0754543109209 0.0265353192118
v 0.577348644776 -0.21177963185 0.0326035147493
v 0.506843627032 -0.187454942235 0.0389671824489
v 0.608212831516 -0.0698827021876 0.0325277826169
v 0.534056112346 -0.062354282127 0.0389008772243
v 0.429716995103 -0.160816452914 0.0435610274486
v 0.362241400656 -0.137332097026 0.0464696740687
v 0.452890473923 -0.0542800119383 0.0435043372737
v 0.381792147331 -0.0474428872607 0.0464213611668
v 0.320689195932 -0.122470181992 0.0477780238918
v 0.281232435891 -0.0725713808629 0.0487455692172
v 0.337836989375 -0.0436259037334 0.0477354740784
v 0.536164282554 0.478819664987 0.0188178703314
v 0.569381867838 0.396559257211 0.0229348544137
v 0.545139819274 0.380458699545 0.0264014214747
v 0.45817695606 0.521244316673 0.0229385479395
v 0.439426495139 0.498987449869 0.0264051050983
v 0.49838721684 0.347863991238 0.0324044604444
v 0.437468860396 0.30503571587 0.0387919726752
v 0.401731396771 0.456240168719 0.0324084312321
v 0.352255232755 0.400584939333 0.0387958939519
v 0.370730298363 0.2582348313 0.0434119397153
v 0.312162495933 0.217410451699 0.0463435495696
v 0.29816135032 0.33960445239 0.0434150787171
v 0.250931989869 0.28606420511 0.0463456785456
v 0.275756642869 0.192512140371 0.0476662377985
v 0.212226859167 0.189908273571 0.0486685993082
v 0.222049391799 0.252729694717 0.0476679607837
v -0.307084263255 0.662278081521 0.0191713694674
v -0.218407496512 0.668404148826 0.0232221275428
v -0.210436003645 0.640335310595 0.0266773070577
v -0.371352426779 0.601173258722 0.0233292694977
v -0.355829083916 0.576424734298 0.0267793196658
v -0.193624089182 0.585732781477 0.0326571946511
v -0.171440581281 0.514491405023 0.039014257574
v -0.326562624154 0.527299121042 0.0327511072482
v -0.288644230266 0.46297593834 0.039097515389
v -0.147354382959 0.436506249353 0.0436010521974
v -0.12650046776 0.368157384529 0.0465037673914
v -0.247165159877 0.392634780433 0.0436717242984
v -0.210714093775 0.331139882891 0.0465629133153
v -0.114014183508 0.325824880608 0.0478088692883
v -0.131126495196 0.264589059766 0.0488125081836
v -0.1878797876 0.293355331574 0.047860598454
v -0.729016905551 0.146292063693 0.0196083244625
v -0.681720474101 0.221578435123 0.0236507052649
v -0.654217098277 0.211481929442 0.0270881895235
v -0.717226782323 0.0583249320591 0.0237387755558
v -0.687970877262 0.0562896716186 0.0271720414712
v -0.599971108402 0.19290678133 0.0330334886836
v -0.529095029346 0.168892070511 0.0393453975109
v -0.630835295142 0.0510097768113 0.0331108150723
v -0.556307364948 0.0437913355467 0.0394140297558
v -0.451701161411 0.142476801854 0.0438827899888
v -0.384056616918 0.119133549572 0.0467422820189
v -0.474874565375 0.0359403608781 0.0439410546157
v -0.403607288736 0.029244339806 0.0467909216938
v -0.342428657897 0.104334813022 0.0480206578403
v -0.302915231846 0.0544833957559 0.0489904509683
v -0.359576526196 0.025490534763 0.0480632076537
v -0.482602102459 -0.583317177577 0.0188874630911
v -0.52305729215 -0.523098275823 0.0224724210221
v -0.635167662396 -0.412257987739 0.0188924736114
v -0.579979085464 -0.459276853051 0.0224905321714
v -0.244338147269 -0.159138031141 0.0447470552227
v -0.270606548407 -0.225189489728 0.0535900293499
v -0.186564791824 -0.223914691637 0.044745173802
v -0.255495811949 -0.242492684278 0.0535823749385
v 0.388221905525 -0.634849412009 0.0184633710719
v 0.318605803068 -0.654754676814 0.0220974835929
v 0.178391861396 -0.727086181548 0.018610369438
v 0.240319875893 -0.689168311652 0.0221686012936
v 0.0595673549199 -0.277449549283 0.0446420026348
v 0.114651507698 -0.32294045343 0.053434574493
v 0.139025302864 -0.242521354135 0.0445863422902
v 0.135776551416 -0.313916410007 0.0534125321647
v 0.729033448732 -0.053625171439 0.0180400316209
v 0.704332682452 -0.121694973006 0.0216718270239
v 0.680321489866 -0.277597764211 0.01816087824
v 0.686159810614 -0.205257950459 0.0217331712394
v 0.247550069554 -0.109790694342 0.0444739224552
v 0.317010396625 -0.0920859720782 0.0532320346088
v 0.26599616588 -0.0249771721494 0.0444282138356
v 0.322126207027 -0.0696909210537 0.0532125668562
v 0.459135038313 0.563738734173 0.0179141150683
v 0.499800648288 0.503695444652 0.0215089257022
v 0.611700673106 0.392679544335 0.0179091837658
v 0.556723339874 0.439874845296 0.0215233037168
v 0.222403161369 0.140839476038 0.0443795741606
v 0.24918702109 0.207321656188 0.0531387260467
v 0.164629731068 0.205615986822 0.0443814555813
v 0.234075835495 0.224624326746 0.0531316360615
v -0.411688595391 0.615271342885 0.0183381971853
v -0.341862297218 0.635352219923 0.0218837740114
v -0.201858700974 0.70750743872 0.0181912879391
v -0.263575396915 0.669766303897 0.021845155377
v -0.081502265964 0.259150769612 0.0444846267485
v -0.136071035015 0.30507224561 0.0532941809036
v -0.160960288764 0.224222799032 0.0445402672887
v -0.15719652787 0.296047827907 0.053301558053
v -0.752500363166 0.0340471023153 0.0187615366363
v -0.727589476026 0.102292441259 0.0223095097981
v -0.703788179732 0.258019695087 0.0186407791371
v -0.709415481348 0.18585639184 0.0222806745511
v -0.269484905742 0.0914922889507 0.0446527069281
v -0.338429849087 0.0742179139701 0.0534966415701
v -0.287931002068 0.00667861704647 0.0446984155477
v -0.343546183481 0.0518224886655 0.0535016124815
v -0.90746198958 -0.241667022332 0.23368437705
v -0.859194301217 -0.379825866717 0.233718777342
v -0.857848913895 -0.37870197837 0.279674120515
v -0.906116452546 -0.240543208841 0.279639720224
v -0.79003399709 -0.508800625499 0.233738561965
v -0.788688609768 -0.507676737152 0.279693895237
v -0.787343072734 -0.506552998518 0.325649228508
v -0.856503376861 -0.377578090024 0.325629453787
v -0.904771065224 -0.239419395351 0.325595053496
v -0.701435604605 -0.625282437843 0.233742998157
v -0.700090292139 -0.624158624352 0.279698341331
v -0.595805071234 -0.726573492639 0.233732254255
v -0.594459683912 -0.725449679148 0.279687577624
v -0.59311429659 -0.724325790802 0.325642910896
v -0.698744680249 -0.62303466115 0.3256536647
v -0.475548569016 -0.809976053632 0.233706310454
v -0.474203181694 -0.808852314997 0.27966166353
v -0.343787968439 -0.873668424618 0.233666077759
v -0.342442431405 -0.87254438656 0.27962141103
v -0.341097044083 -0.871420722781 0.325576744302
v -0.472857719516 -0.807728426651 0.325616996802
v -0.203644915422 -0.915827936267 0.233612318639
v -0.202299453244 -0.91470404792 0.279567671715
v -0.0586516411765 -0.935686715481 0.233546548134
v -0.0573061789985 -0.934562827134 0.279501881406
v -0.0559607916765 -0.933438938788 0.325457214677
v -0.200954065922 -0.913580234429 0.325522995085
v 0.0876597727983 -0.932476365173 0.233470202065
v 0.0890051601203 -0.931352476827 0.279425535336
v 0.23169271911 -0.906557841092 0.233385349993
v 0.233038106432 -0.90543387789 0.27934066346
v 0.234383493754 -0.904310064399 0.325295976928
v 0.0903506222984 -0.93022858848 0.325380868608
v 0.369850440655 -0.858291724706 0.233293873341
v 0.371195827977 -0.857167836359 0.279249226417
v 0.498824001741 -0.789132767988 0.233198237758
v 0.500169389063 -0.788009029353 0.279153551226
v 0.501514851241 -0.786884991295 0.325108884497
v 0.372541365011 -0.856043948013 0.325204549786
v 0.615304316964 -0.700535573199 0.233100621733
v 0.616649779142 -0.699411834565 0.279055964907
v 0.716593650071 -0.594906087812 0.233003540428
v 0.717939112249 -0.593782349177 0.278958863797
v 0.719284574427 -0.592658535687 0.324914197069
v 0.617995166464 -0.698287871362 0.325011298179
v 0.799994639088 -0.47465040901 0.232909340666
v 0.801340176122 -0.473526670376 0.278864673938
v 0.863684988962 -0.342890332426 0.232820339567
v 0.865030301428 -0.341766369223 0.278775672839
v 0.866375763606 -0.340642630589 0.324730996208
v 0.802685488588 -0.472402707173 0.324820007209
v 0.905842704065 -0.202747503977 0.232738745324
v 0.907188166243 -0.20162361563 0.2786940984
v 0.925699611879 -0.057754154875 0.232666548282
v 0.927044924345 -0.0566302665285 0.278621881554
v 0.928390386523 -0.0555063781819 0.324577204923
v 0.908533553565 -0.200499727284 0.324649431672
v 0.922487465027 0.0885575585239 0.232605560547
v 0.923832852349 0.0896814468705 0.278560893818
v 0.896567144401 0.23259117854 0.23255722784
v 0.897912531723 0.233714992031 0.278512541307
v 0.899257993901 0.234838880377 0.324467864677
v 0.925178239671 0.0908053352171 0.32451622709
v 0.848299530894 0.370749798357 0.232522807745
v 0.849644918216 0.371873761559 0.278478141016
v 0.779139077056 0.499724631995 0.232503052828
v 0.780484688946 0.500848445486 0.278458386099
v 0.781830151124 0.501972258976 0.324413719371
v 0.850990305538 0.37299757505 0.324433474288
v 0.690540983995 0.616206369483 0.232498596832
v 0.691886371317 0.617330182974 0.278453920201
v 0.584910450623 0.717497349423 0.23250937044
v 0.586255912801 0.718621162913 0.278464703712
v 0.587601374979 0.719744976404 0.324420027081
v 0.693231833495 0.61845407132 0.324409253472
v 0.464654023262 0.800900060128 0.23253526473
v 0.465999560296 0.802023948474 0.278490617806
v 0.332893497541 0.864592281402 0.232575537034
v 0.334238884863 0.865716020037 0.278530870305
v 0.335584347041 0.866839983239 0.324486203577
v 0.467344872762 0.803147761965 0.324445951077
v 0.19275051938 0.906751867907 0.232629266447
v 0.194095906702 0.907875905965 0.278584609621
v 0.0477572451341 0.926610572265 0.232695066659
v 0.0491026324561 0.927734385755 0.27865039993
v 0.0504481694902 0.928858348958 0.324605733202
v 0.195441294024 0.908999569744 0.324539942892
v -0.0985540939847 0.923400221957 0.232771373119
v -0.0972085569507 0.924524035448 0.278726726195
v -0.242586815729 0.89748162302 0.232856284604
v -0.241241428407 0.898605436511 0.278811598071
v -0.239896041084 0.899729399713 0.324766931343
v -0.0958631696287 0.925647923794 0.324682059467
v -0.380744612129 0.849215506634 0.232947711745
v -0.379399224807 0.850339394981 0.278903045017
v -0.509718173215 0.780056699628 0.233043377034
v -0.508372785893 0.78118066283 0.278998710306
v -0.507027323715 0.782304476321 0.324954043577
v -0.378053762629 0.851463208471 0.324858358484
v -0.626198488438 0.691459729407 0.233140963353
v -0.62485302626 0.692583468042 0.279096316429
v -0.727487971258 0.58583024402 0.233238084267
v -0.726142583936 0.586954132367 0.279193397734
v -0.724797121758 0.588077945857 0.325148721104
v -0.623507713794 0.693707356388 0.325051639798
v -0.810888810562 0.465574565219 0.233332234518
v -0.80954342324 0.466698378709 0.279287587594
v -0.874579235292 0.333814413778 0.233421285128
v -0.87323384797 0.334938302124 0.279376608497
v -0.871888310936 0.336062115615 0.325331941769
v -0.808198035918 0.467822267056 0.325242920865
v -0.91673687554 0.193671585329 0.23350282986
v -0.915391488218 0.194795473675 0.279458163131
v -0.936594007922 0.0486783110832 0.233575076413
v -0.935248470887 0.0498021245738 0.279530409684
v -0.933903083565 0.0509260129203 0.325485733054
v -0.91404602604 0.195919362022 0.325413496403
v -0.933382010781 -0.0976334771718 0.233636014637
v -0.932036623459 -0.0965095888252 0.279591367713
v -0.90746198958 -0.241667022332 0.23368437705
v -0.906116452546 -0.240543208841 0.279639720224
v -0.904771065224 -0.239419395351 0.325595053496
v -0.930691161281 -0.0953857004786 0.325546700985
v -0.921273225459 -0.0875187066208 0.647233974472
v -0.924485072887 0.0587930067781 0.647173036248
v -0.89535297969 -0.231552326637 0.647282366592
v -0.894176018422 -0.230568943048 0.6874932077
v -0.920096039623 -0.0865353230316 0.687444894798
v -0.923307887052 0.0597764652234 0.687383916965
v -0.904628090218 0.20378635588 0.647100799597
v -0.862470375114 0.343929184329 0.647019244963
v -0.903450829526 0.204769739469 0.687311719923
v -0.861293264134 0.344912493062 0.687230115778
v -0.798780100096 0.475689335769 0.646930204255
v -0.715379111079 0.595945089427 0.646836054005
v -0.797602839404 0.476672644503 0.687141114679
v -0.714201925244 0.596928323304 0.687046914917
v -0.61408962826 0.701574350246 0.64673893309
v -0.497609462749 0.790171545035 0.646641346772
v -0.612912517281 0.702557808691 0.686949833612
v -0.496432127201 0.791154853768 0.686852217586
v -0.368635826807 0.859330277185 0.64654567158
v -0.230478105262 0.907596393571 0.646454244439
v -0.367458566115 0.860313585918 0.686756582004
v -0.229300844571 0.90857977716 0.686665115254
v -0.0864452338065 0.933514917652 0.646369342857
v 0.0598661053123 0.93672526796 0.646293036396
v -0.0852679731147 0.934498376098 0.686580263182
v 0.0610433660041 0.937708801261 0.686503917113
v 0.204859304702 0.91686678817 0.646227236184
v 0.345002208007 0.874706977097 0.646173506771
v 0.206036490538 0.917849947191 0.686438146608
v 0.346179468699 0.875690435543 0.686384377586
v 0.47676288344 0.811014830679 0.646133234467
v 0.597019235946 0.727612045118 0.646107330275
v 0.477940069276 0.811998139412 0.686344154793
v 0.598196496637 0.728595353851 0.686318210992
v 0.702649769317 0.626321065178 0.646096556667
v 0.791248086946 0.509839402546 0.646101022565
v 0.703827030009 0.627304448767 0.68630746709
v 0.792425272782 0.510822786135 0.68631189338
v 0.860408316217 0.380864643764 0.646120777482
v 0.908676004579 0.242705949091 0.646155197578
v 0.861585502052 0.381847952497 0.686331687906
v 0.909853190415 0.24368933268 0.68636605849
v 0.934596250349 0.0986723290749 0.646203530284
v 0.937808322345 -0.0476393843241 0.646264508117
v 0.935773436185 0.0996557875201 0.68641445061
v 0.938985583037 -0.0466560755909 0.686475388834
v 0.917951564244 -0.192632733426 0.646336705159
v 0.875793774284 -0.332775487019 0.646418309305
v 0.919128750079 -0.191649349837 0.686547625485
v 0.876971034976 -0.331792178285 0.686629180119
v 0.812103499266 -0.464535713315 0.646507310404
v 0.728702585105 -0.584791317261 0.646601510165
v 0.813280610246 -0.463552329726 0.686718220827
v 0.729879696085 -0.583808008528 0.686812371078
v 0.627413102286 -0.690420802648 0.64669859147
v 0.510932787063 -0.779018147149 0.646796197593
v 0.628590362978 -0.689437493915 0.686909491992
v 0.512109972898 -0.778034613848 0.68700707831
v 0.381959225977 -0.848176954155 0.646891843078
v 0.243801429576 -0.896442920829 0.646983309828
v 0.383136561525 -0.847193570566 0.687102753502
v 0.244978690268 -0.895459612096 0.687194180643
v 0.0997685581205 -0.922361594622 0.6470681619
v -0.0465428558543 -0.92557194493 0.647144507969
v 0.100945818812 -0.921378211033 0.687279082226
v -0.0453655951626 -0.924588561341 0.687355388686
v -0.191536055244 -0.90571309086 0.647210278474
v -0.331679183117 -0.863553429499 0.647264047496
v -0.190358869408 -0.904729782126 0.687421188898
v -0.330501847569 -0.862570345334 0.687474918311
v -0.463439783694 -0.799861432793 0.647304270289
v -0.583696285912 -0.716458796944 0.64733021409
v -0.462262597858 -0.798877974347 0.687515190615
v -0.582519100076 -0.715475338498 0.687541094807
v -0.689326819283 -0.615167742148 0.647340957992
v -0.777925136912 -0.498685854948 0.647336531702
v -0.688149483735 -0.614184208847 0.687551868416
v -0.77674787622 -0.497702546215 0.687547402517
v -0.847085441039 -0.369711096166 0.647316737177
v -0.89535297969 -0.231552326637 0.647282366592
v -0.845908180347 -0.368727712577 0.6875276476
v -0.894176018422 -0.230568943048 0.6874932077
v -0.90998471245 -0.243774294268 0.147518153159
v -0.861716874375 -0.381933138652 0.147552523744
v -0.860539763395 -0.380949680207 0.187763463874
v -0.908807302046 -0.242790910678 0.18772900417
v -0.792556570248 -0.510907897435 0.147572328172
v -0.791379384412 -0.509924438989 0.187783179182
v -0.703958177763 -0.627389634923 0.147576724755
v -0.702781141639 -0.626406401046 0.18778768469
v -0.598327719248 -0.728680764574 0.147565990755
v -0.597150533412 -0.727697380985 0.18777686157
v -0.478071291886 -0.812083400423 0.147540066759
v -0.476894031194 -0.811100016834 0.187750996987
v -0.346310541597 -0.87577577141 0.147499843966
v -0.345133355761 -0.874792163253 0.187710694976
v -0.206167563436 -0.917935208202 0.147446074944
v -0.204990302744 -0.916951749757 0.187657005172
v -0.0611742891903 -0.937793987417 0.147380284635
v -0.0599970284985 -0.936810603827 0.187591165352
v 0.0851370499285 -0.934583637109 0.147303958369
v 0.0863143854763 -0.93360025352 0.187514888598
v 0.22916999624 -0.908665113028 0.147219096396
v 0.230347256932 -0.907681654583 0.187429957308
v 0.367327867497 -0.860398921786 0.147127639548
v 0.368504978477 -0.859415538196 0.187338569776
v 0.496301278871 -0.791239965068 0.147031994063
v 0.497478539562 -0.79025673119 0.187242854976
v 0.61278166895 -0.702642919991 0.146934348331
v 0.613958854786 -0.701659461546 0.187145308266
v 0.714071002057 -0.597013434604 0.146837276928
v 0.715248262749 -0.596029976158 0.187048147743
v 0.797471916218 -0.476757680946 0.146743087069
v 0.798649326622 -0.475774372213 0.186954027199
v 0.861162266092 -0.344997529505 0.146654105774
v 0.862339526784 -0.344014145916 0.186864946882
v 0.903320056052 -0.204854701056 0.146572481825
v 0.904497316743 -0.203871392323 0.186783431857
v 0.923176889009 -0.0598613519548 0.146500284783
v 0.924354149701 -0.0588780432216 0.1867111655
v 0.919964817013 0.0864503614442 0.146439306949
v 0.921142002849 0.0874336701774 0.186650256982
v 0.894044421531 0.230483831748 0.146390994047
v 0.895221682223 0.231467290193 0.186601835156
v 0.845776808025 0.368642601277 0.146356573952
v 0.846954068716 0.369625984866 0.18656750418
v 0.776616503898 0.497617434915 0.146336819035
v 0.77779376459 0.498600743649 0.186547670045
v 0.688018335981 0.614099097547 0.146332333332
v 0.689195521817 0.615082406281 0.186543283364
v 0.58238780261 0.715390077487 0.146343106941
v 0.583565063301 0.71637338622 0.186553987658
v 0.462131375248 0.798792788192 0.146369030937
v 0.463308710796 0.799776171781 0.186579971067
v 0.330370849527 0.862484934611 0.146409293339
v 0.331548035363 0.8634683182 0.186620154251
v 0.19022779651 0.904644595971 0.146463022752
v 0.191405057202 0.905628129272 0.186673962882
v 0.0452346719763 0.924503375185 0.146528813061
v 0.0464118578121 0.925486609062 0.186739683876
v -0.101076667143 0.921292950022 0.146605139326
v -0.0998994813068 0.922276258755 0.186816079457
v -0.245109538598 0.895374351084 0.146690031007
v -0.243932277907 0.896357659818 0.186900882017
v -0.383267334999 0.847108309554 0.14678146805
v -0.382089999451 0.848091618287 0.186992398278
v -0.512240821229 0.777949427692 0.146877143241
v -0.511063635393 0.778932886137 0.187087994252
v -0.628721211308 0.689352457471 0.146974699853
v -0.627543875761 0.690335691349 0.187185649886
v -0.730010544415 0.58372304694 0.147071820768
v -0.728833433436 0.584706430529 0.187282691583
v -0.813411533432 0.463467368139 0.147165971018
v -0.81223427274 0.464450602016 0.187376930953
v -0.877101883306 0.331707141842 0.147255041432
v -0.87592469747 0.332690525431 0.187465892443
v -0.919259523554 0.191564313393 0.147336576262
v -0.918082337718 0.192547771838 0.187547536197
v -0.939116655935 0.0465710391474 0.147408812913
v -0.937939395244 0.0475544227367 0.18761969363
v -0.935904733651 -0.0997407491075 0.147469751138
v -0.934727472959 -0.0987572906623 0.187680711072
v -0.90998471245 -0.243774294268 0.147518153159
v -0.908807302046 -0.242790910678 0.18772900417
v -0.919255181904 -0.085832948957 0.716166949624
v -0.922466954476 0.060478914154 0.716106011399
v -0.893334936135 -0.229866494117 0.716215331841
v -0.892729650323 -0.229360766818 0.736895204583
v -0.918649671525 -0.0853271468018 0.736846871876
v -0.921861593809 0.0609845665971 0.736785894043
v -0.902610046663 0.205472113544 0.716033774749
v -0.860452331559 0.345614941993 0.715952220114
v -0.902004536283 0.205977915699 0.736713697001
v -0.85984682118 0.346120669292 0.736632092856
v -0.796761981685 0.477375093433 0.715863179407
v -0.713360992668 0.597630847091 0.715769019254
v -0.796156546162 0.477880820732 0.736543091757
v -0.712755557145 0.598136424678 0.736448901897
v -0.612071509849 0.703260182766 0.715671908242
v -0.495591269482 0.791857377555 0.715574321923
v -0.611466149182 0.703765910065 0.736351830494
v -0.494985759102 0.792363104854 0.736254204567
v -0.36661763354 0.861016109705 0.71547863683
v -0.228459986851 0.909282151235 0.715387209689
v -0.366012272873 0.861521762148 0.736158559082
v -0.227854476472 0.90978795339 0.736067092332
v -0.0844271153955 0.935200750172 0.715302318008
v 0.0618842237233 0.93841110048 0.715226011548
v -0.0838216798722 0.935706552327 0.73598224026
v 0.0624896592467 0.938916902635 0.735905894191
v 0.206877423113 0.918552545834 0.715160201434
v 0.347020326418 0.876392809617 0.715106481923
v 0.207482858636 0.919058123421 0.735840123686
v 0.347625836797 0.876898611772 0.735786354664
v 0.478781076707 0.812700588343 0.715066209619
v 0.599037354357 0.729297877638 0.715040305427
v 0.479386362518 0.813206315642 0.735746131871
v 0.599642864736 0.729803530081 0.73572018807
v 0.704667812872 0.628006822842 0.715029531818
v 0.793266130501 0.51152516021 0.715033997717
v 0.705273323251 0.628512699853 0.73570945407
v 0.793871566024 0.512030887509 0.735713870458
v 0.862426434628 0.382550401428 0.715053752634
v 0.910694048134 0.244391706755 0.715088162827
v 0.863031795295 0.383056203583 0.735733674886
v 0.911299483658 0.244897434054 0.73576804547
v 0.93661436876 0.100358161595 0.715136505436
v 0.939826440756 -0.0459536266603 0.715197483269
v 0.937219804283 0.100863888894 0.735816427688
v 0.94043187628 -0.0454478245051 0.735877365912
v 0.919969607799 -0.190946975762 0.715269680311
v 0.877811892695 -0.331089654499 0.715351284456
v 0.920575043322 -0.190441173607 0.735949602563
v 0.878417328218 -0.330584002056 0.736031157197
v 0.814121617677 -0.462849880796 0.715440285555
v 0.73072062866 -0.583105559597 0.715534475414
v 0.814726903488 -0.462344153496 0.736120207807
v 0.731325989328 -0.582599832298 0.736214348156
v 0.629431220697 -0.688735044984 0.71563155672
v 0.512950905474 -0.777332314629 0.715729182647
v 0.630036731077 -0.688229317685 0.73631146907
v 0.513556340997 -0.776826437618 0.736409055388
v 0.383977344388 -0.846491046779 0.715824808328
v 0.245819547987 -0.894757163165 0.715916275078
v 0.384582854767 -0.845985394336 0.73650473058
v 0.246424983511 -0.894251435866 0.736596157721
v 0.101786751388 -0.920675836958 0.716001146954
v -0.0445246625873 -0.92388611241 0.716077493023
v 0.102392112055 -0.920170034803 0.736681059304
v -0.04391930192 -0.923380310255 0.736757365764
v -0.189517936833 -0.90402725834 0.716143263528
v -0.32966098985 -0.861867671835 0.716197022648
v -0.188912576166 -0.903521680753 0.736823175878
v -0.329055554327 -0.861362169104 0.736876905291
v -0.461421665283 -0.798175525417 0.716237245441
v -0.581678092645 -0.71477303928 0.716263189241
v -0.46081622976 -0.797669872974 0.736917167693
v -0.581072657121 -0.714267162269 0.736943071885
v -0.687308775728 -0.613481984484 0.716273923241
v -0.775907018501 -0.497000097284 0.716269506854
v -0.686703190493 -0.612976107473 0.736953845494
v -0.775301582978 -0.496494369985 0.736949379595
v -0.845067397484 -0.368025263646 0.716249702426
v -0.893334936135 -0.229866494117 0.716215331841
v -0.844461887104 -0.367519536347 0.736929624678
v -0.892729650323 -0.229360766818 0.736895204583
v -0.902080365436 -0.237171618658 0.417505710136
v -0.853812527361 -0.375330388187 0.417540100525
v -0.852467065183 -0.374206574696 0.463495433797
v -0.900734753546 -0.236047730311 0.463461033506
v -0.784652223234 -0.504305221825 0.417559865345
v -0.783306761056 -0.503181258622 0.463515198616
v -0.696053830749 -0.620786959313 0.417564321341
v -0.694708443427 -0.619663145822 0.463519654612
v -0.590423372234 -0.722077939252 0.417553557634
v -0.589077910056 -0.720954275474 0.463508890906
v -0.470166944872 -0.805480649957 0.417527633638
v -0.46882155755 -0.804356836467 0.46348296691
v -0.338406194583 -0.869172946088 0.417487391041
v -0.337060807261 -0.868048908029 0.463442724312
v -0.198263216422 -0.911332457736 0.417433641823
v -0.1969178291 -0.91020856939 0.463388965193
v -0.0532699421764 -0.931191236951 0.417367851514
v -0.0519245548544 -0.93006742346 0.463323184785
v 0.0930414717984 -0.927980886643 0.417291515346
v 0.0943868591204 -0.926857073152 0.463246848618
v 0.237074343254 -0.902062362562 0.417206643471
v 0.238419805432 -0.900938399359 0.463161976742
v 0.375232214511 -0.85379617132 0.417115206427
v 0.376577601833 -0.852672432685 0.463070539698
v 0.504205625885 -0.784637214602 0.417019531236
v 0.505551088063 -0.783513550823 0.462974864507
v 0.620686015964 -0.696040094669 0.416921944917
v 0.622031478142 -0.694916356034 0.462877278189
v 0.721975349071 -0.590410684138 0.416824853709
v 0.723320811249 -0.589286870647 0.462780177079
v 0.805376263232 -0.470155005336 0.41673066385
v 0.806721875122 -0.46903111699 0.46268598722
v 0.869066613106 -0.338394853895 0.416641642947
v 0.870412075284 -0.337270890693 0.462596976218
v 0.911224403066 -0.198252025446 0.416560068508
v 0.912569865244 -0.197128211956 0.46251540178
v 0.931081236023 -0.0532587512008 0.416487851662
v 0.932426698201 -0.0521348628543 0.462443184933
v 0.927869164027 0.0930530370541 0.416426883731
v 0.929214626205 0.0941769254007 0.462382217002
v 0.901948768545 0.237086582214 0.416378521318
v 0.903294230723 0.238210470561 0.462333854589
v 0.853681155039 0.375245276887 0.416344130929
v 0.855026692073 0.376369165234 0.4622994642
v 0.784520850912 0.504220110525 0.41632436611
v 0.785866462802 0.505343998872 0.462279689479
v 0.695922682995 0.620701773157 0.416319910113
v 0.697268145173 0.621825586648 0.462275243385
v 0.590292149623 0.721992753097 0.41633067382
v 0.591637536945 0.723116641443 0.462286007091
v 0.470035722262 0.805395538658 0.416356597816
v 0.47138118444 0.806519352149 0.462311931087
v 0.338275196541 0.869087685077 0.416396840413
v 0.339620509007 0.870211498567 0.462352173685
v 0.198132143524 0.911247346437 0.416450599533
v 0.199477530846 0.912371309639 0.462405932805
v 0.0531390189902 0.931106050795 0.41651637994
v 0.0544844063122 0.932229864286 0.462471713212
v -0.0931723201286 0.927895625632 0.416592716108
v -0.0918269328066 0.929019513978 0.462548029575
v -0.237205191584 0.901977026694 0.416677587983
v -0.235859804262 0.903100915041 0.462632921255
v -0.375362913129 0.853710985164 0.416769025027
v -0.374017525807 0.854834798655 0.462724358299
v -0.504336399359 0.784552178158 0.416864700218
v -0.502991086893 0.785676066505 0.46282003349
v -0.620816864294 0.695955133081 0.416962296439
v -0.619471402116 0.697078946572 0.462917609906
v -0.722106197402 0.59032572255 0.417059377745
v -0.720760735223 0.591449610897 0.463014711016
v -0.805507186418 0.470069968893 0.417153567604
v -0.80416172424 0.471193857239 0.463108900875
v -0.869197536292 0.338309817452 0.417242588507
v -0.867852074114 0.339433705799 0.463197911877
v -0.91135517654 0.198166989003 0.417324153044
v -0.910009714362 0.19929087735 0.463279486315
v -0.931212308921 0.0531737896134 0.417396379792
v -0.929866771887 0.054297603104 0.463351713064
v -0.928000386637 -0.0931380734976 0.417457347723
v -0.926654924459 -0.092014185151 0.463412680995
v -0.902080365436 -0.237171618658 0.417505710136
v -0.900734753546 -0.236047730311 0.463461033506
v -0.929345773959 -0.0942618869881 0.371502014452
v -0.932557621387 0.0520499012669 0.371441056423
v -0.903425677902 -0.238295507004 0.371550386767
v -0.912700638718 0.197043175513 0.371368829674
v -0.870542923614 0.337185929105 0.371287255236
v -0.806852648596 0.468946080546 0.371198254137
v -0.723451734436 0.589201834204 0.371104054375
v -0.62216217676 0.694831169879 0.371006953265
v -0.505682011249 0.783428289812 0.370909376849
v -0.376708375307 0.852587096818 0.370813691756
v -0.238550578906 0.900853138348 0.370722264614
v -0.0945177823067 0.926771737285 0.370637382836
v 0.0517935568122 0.929982162449 0.370561056571
v 0.196786756202 0.910123532946 0.370495266261
v 0.336929659507 0.86796379673 0.370441507142
v 0.46869033494 0.804271575455 0.370401264544
v 0.588946762301 0.72086886475 0.37037535045
v 0.694577220817 0.619577809955 0.370364576842
v 0.783175538446 0.503096222179 0.370369052642
v 0.852335767717 0.374121463397 0.370388797657
v 0.900603381223 0.235962693868 0.370423197948
v 0.926523626993 0.0919292235636 0.370471560361
v 0.929735773845 -0.0543825646914 0.370532528293
v 0.909879015744 -0.199375988649 0.370604745139
v 0.867721150928 -0.339518667386 0.37068632948
v 0.804030950766 -0.471278893683 0.370775340481
v 0.720629961749 -0.591534572484 0.37086953034
v 0.619340628642 -0.697164057871 0.370966621548
v 0.502860238563 -0.78576125266 0.371064207866
v 0.373886752333 -0.854920059666 0.371159873155
v 0.235728955932 -0.903186101196 0.371251310199
v 0.0916960096204 -0.929104849846 0.371336191977
v -0.0546154043545 -0.932315200153 0.371412528144
v -0.1996086786 -0.912456271227 0.37147829865
v -0.339751656761 -0.870296684723 0.371532067671
v -0.471512332194 -0.806604538304 0.371572300367
v -0.591768834412 -0.723201977311 0.371598224363
v -0.697399367783 -0.621910847659 0.371608997972
v -0.785997685412 -0.505429110171 0.371604541975
v -0.855157989539 -0.376454201677 0.371584767254
v -0.903425677902 -0.238295507004 0.371550386767
v -0.911414163087 -0.244968397565 0.0986906332195
v -0.863146474724 -0.383127167094 0.0987250038042
v -0.86255780695 -0.382635437871 0.118830449114
v -0.910825345601 -0.244476743198 0.118796068627
v -0.793986170597 -0.512102000732 0.0987448082321
v -0.793397502824 -0.511610271509 0.11885024364
v -0.705387703256 -0.62858373822 0.0987492147173
v -0.704799185194 -0.628092158709 0.118854689734
v -0.599757244741 -0.729874793016 0.0987384708152
v -0.599168651823 -0.729383213505 0.118843906223
v -0.479500742523 -0.813277503721 0.098712546819
v -0.478912149605 -0.812785774498 0.118817992129
v -0.34774006709 -0.876969799851 0.0986723240259
v -0.347151474172 -0.876477846061 0.118777759433
v -0.207597088929 -0.9191293115 0.0986185649064
v -0.207008421155 -0.918637507421 0.118724000314
v -0.0626038146835 -0.938988090714 0.0985527745969
v -0.0620151469096 -0.938496361491 0.118658210004
v 0.0837075992914 -0.93577766555 0.0984764483317
v 0.0842962670653 -0.935286011184 0.118581883739
v 0.227740470747 -0.909859141469 0.0983915863581
v 0.228329138521 -0.90936733739 0.118497021766
v 0.365898267148 -0.861593025083 0.0983001196079
v 0.366486860066 -0.86110129586 0.118405545113
v 0.494871828234 -0.792434068365 0.0982044840255
v 0.495460421151 -0.79194256371 0.118309919433
v 0.611352218313 -0.703836948432 0.0981068382937
v 0.611940736375 -0.703345219209 0.11821231331
v 0.712641476564 -0.598207463045 0.0980097569881
v 0.713230219194 -0.597715733822 0.118115192396
v 0.796042465581 -0.477951784243 0.097915567129
v 0.796631283067 -0.477460129877 0.118021042145
v 0.859732815455 -0.346191632803 0.0978265858344
v 0.860321408373 -0.34569990358 0.117932021242
v 0.901890530558 -0.206048804354 0.0977449618847
v 0.902479273188 -0.205557149987 0.117850446803
v 0.921747438372 -0.061055530108 0.0976727648428
v 0.92233603129 -0.0605638008854 0.117778210152
v 0.91853529152 0.085256258147 0.0976117870093
v 0.919123959294 0.0857479125136 0.117717271928
v 0.892614970894 0.229289803307 0.0975634741074
v 0.893203638668 0.229781457674 0.117668899613
v 0.844347357388 0.36744849798 0.0975290540117
v 0.844935950305 0.367940227202 0.117634489419
v 0.775186978405 0.496423256762 0.0975092990949
v 0.775775721035 0.496914985985 0.117614734502
v 0.686588810488 0.612905069106 0.0975048133919
v 0.687177403406 0.613396648617 0.11761029831
v 0.580958277116 0.714195899334 0.0975155870007
v 0.58154694489 0.714687703412 0.11762103231
v 0.460701849755 0.797598684895 0.0975415109968
v 0.461290592385 0.798090414117 0.117646946404
v 0.328941324034 0.861290906169 0.097581783301
v 0.329529842096 0.861782635392 0.117687218708
v 0.188798271017 0.903450492674 0.0976355028117
v 0.189386938791 0.903942371608 0.117740938219
v 0.0438050716272 0.923309271888 0.0977012931212
v 0.0443937394011 0.923800851399 0.117806728529
v -0.102506192636 0.920098771868 0.0977776193864
v -0.101917599718 0.920590575947 0.117883054794
v -0.246539064091 0.894180322643 0.0978625110666
v -0.245950471174 0.89467197701 0.117967956376
v -0.384696785636 0.845914131401 0.0979539481102
v -0.384108192718 0.846405860624 0.118059383518
v -0.513670346722 0.776755324395 0.0980496233015
v -0.513081753804 0.777247128474 0.118155058709
v -0.630150661945 0.688158279318 0.0981471898155
v -0.629561994172 0.688650008541 0.118252664832
v -0.731440144765 0.582528943643 0.09824431073
v -0.730851476991 0.58302059801 0.118349746137
v -0.814840984069 0.462273189986 0.0983384609803
v -0.814252466007 0.462764844352 0.118443935997
v -0.878531408799 0.330513038545 0.0984275214926
v -0.877942741025 0.331004767767 0.1185329569
v -0.920689049047 0.190370284952 0.0985090563223
v -0.920100381273 0.190861939318 0.118614541241
v -0.940546181428 0.0453769358502 0.0985812929731
v -0.939957438799 0.0458686650729 0.118686738283
v -0.937334184288 -0.100934777549 0.0986422311977
v -0.936745516514 -0.100443123182 0.118747716116
v -0.911414163087 -0.244968397565 0.0986906332195
v -0.910825345601 -0.244476743198 0.118796068627
v -0.918178827133 -0.084933853251 0.752931216241
v -0.921390599705 0.061377935004 0.752870258212
v -0.892258656219 -0.228967398411 0.752979578654
v -0.891888717748 -0.228658392743 0.765617328724
v -0.91780873895 -0.0846246978712 0.765568976213
v -0.92102073609 0.0616870155277 0.765507988477
v -0.901533617035 0.20637120925 0.752798041366
v -0.859376051644 0.346514037699 0.752716457025
v -0.901163603708 0.206680364629 0.765435751827
v -0.85900596346 0.346823118222 0.765354177388
v -0.795685626914 0.478274189139 0.752627436122
v -0.712284712753 0.598529942797 0.752533266067
v -0.79531553873 0.478583269663 0.765265196093
v -0.711914699426 0.598838873609 0.765171006234
v -0.610995155078 0.704159278472 0.752436164957
v -0.494514989566 0.792756398405 0.752338558834
v -0.610625291463 0.704468358996 0.76507388532
v -0.494144901383 0.793065404072 0.764976318806
v -0.365541353625 0.861915205411 0.752242913349
v -0.22738363208 0.910181246941 0.752151466404
v -0.365171340297 0.862224211078 0.764880643615
v -0.227013543897 0.910490252609 0.764789216473
v -0.0833507606243 0.936099845878 0.752066574723
v 0.0629605784946 0.939310196186 0.751990248458
v -0.0829808221529 0.936408851546 0.764704314891
v 0.0633305169659 0.939619351565 0.764627988626
v 0.207953703028 0.91945164154 0.751924458149
v 0.348096681189 0.877291905323 0.751870718833
v 0.208323791212 0.919760497495 0.764562198316
v 0.348466769373 0.877600985847 0.764508439196
v 0.479857356622 0.813599684049 0.751830476236
v 0.600113709128 0.730196973344 0.75180455224
v 0.480227295093 0.813908689716 0.764468206501
v 0.600483722455 0.730505904155 0.764442292407
v 0.705744242499 0.628905918548 0.751793798436
v 0.794342560128 0.512424255916 0.751798234627
v 0.706114255827 0.629215073928 0.764431508896
v 0.794712423744 0.51273333644 0.764435994599
v 0.863502789399 0.383449497134 0.751818019251
v 0.911770402906 0.245290802461 0.75185240964
v 0.86387272787 0.383758502801 0.764455749516
v 0.912140416233 0.245599882985 0.764490130003
v 0.937690648675 0.101257182445 0.751900772053
v 0.940902795528 -0.0450545309542 0.751961730082
v 0.938060736859 0.101566337824 0.764538482514
v 0.941272883711 -0.0447454504305 0.764599460347
v 0.921046037426 -0.190047880056 0.752033946928
v 0.87888817261 -0.330190558793 0.752115521367
v 0.921415975897 -0.189738799532 0.7646717069
v 0.87925833565 -0.329881553125 0.764753281339
v 0.815197972448 -0.461950859946 0.75220454227
v 0.731796983432 -0.582206463891 0.752298722227
v 0.81556791092 -0.461641704566 0.764842262633
v 0.732166921903 -0.581897383367 0.764936452492
v 0.630507650325 -0.687835949278 0.752395813435
v 0.514027260245 -0.776433218923 0.752493419558
v 0.63087751394 -0.687526943611 0.765033573407
v 0.514397198716 -0.776123988687 0.765131139921
v 0.385053774015 -0.845591951073 0.752589084847
v 0.246895977615 -0.893858067459 0.752680531793
v 0.385423712487 -0.845282945405 0.76522680521
v 0.247265916086 -0.893549136648 0.765318242254
v 0.102863031303 -0.919776741252 0.752765403669
v -0.0434483826721 -0.92298709156 0.752841729934
v 0.10323304463 -0.919467735585 0.765403143836
v -0.0430783693447 -0.922678011036 0.765479470101
v -0.188441656918 -0.903128162634 0.752907520243
v -0.328584635079 -0.860968576129 0.752961259558
v -0.18807164359 -0.902819231822 0.765545260411
v -0.328214696607 -0.86065979503 0.76559901953
v -0.460345385368 -0.797276429711 0.753001512058
v -0.580601812729 -0.713873943574 0.753027436054
v -0.459975297184 -0.796967424043 0.765639252226
v -0.580231874258 -0.713564788194 0.76566516632
v -0.686232346101 -0.612582888778 0.753038199761
v -0.77483066373 -0.496101001578 0.753033743765
v -0.685862332774 -0.612273658542 0.765675949831
v -0.774460650403 -0.495791921054 0.765671464128
v -0.843990967857 -0.36712616794 0.753013978946
v -0.892258656219 -0.228967398411 0.752979578654
v -0.843621029385 -0.366817087416 0.765651709211
v -0.891888717748 -0.228658392743 0.765617328724
v -0.917506021188 -0.0843719090777 0.775908927437
v -0.920717868616 0.0619398791773 0.775847939701
v -0.891585850274 -0.228405529094 0.775957279948
v -0.89011096203 -0.227871131937 0.784700004061
v -0.915995950613 -0.0840322872961 0.78465165155
v -0.919203606104 0.0620817313431 0.784590832152
v -0.900860885946 0.206933153423 0.775775703051
v -0.858703170843 0.347075981872 0.775694128612
v -0.899373496747 0.20687918223 0.78451863511
v -0.857272672221 0.346832550081 0.784437219107
v -0.795012820969 0.478836058457 0.775605147317
v -0.711611981664 0.59909188697 0.775510957458
v -0.793668406775 0.478414619041 0.78434831703
v -0.710380150931 0.598507785414 0.784254285606
v -0.610322498845 0.704721147789 0.775413836544
v -0.493842258477 0.793318417434 0.77531627003
v -0.609227654636 0.703994445507 0.784157283519
v -0.492904686775 0.792471795801 0.784059845733
v -0.364868622536 0.862477074728 0.775220584936
v -0.226710900991 0.910743191114 0.775129157795
v -0.364105465369 0.861537107633 0.783964289369
v -0.226134434749 0.909737799854 0.78387301076
v -0.0826780295353 0.936661790051 0.775044266115
v 0.0636333095836 0.939872140359 0.774967939849
v -0.0822962638121 0.935621515884 0.783788198298
v 0.0638173056909 0.938827599398 0.783711990859
v 0.208626434117 0.920013585713 0.77490214954
v 0.348769412278 0.87785377464 0.774848380518
v 0.208614532009 0.918995543784 0.78364628967
v 0.348568124429 0.876893147283 0.783592639474
v 0.480530087711 0.814161628222 0.774808157725
v 0.600786440217 0.730758842661 0.774782233729
v 0.480150642525 0.81328693558 0.783552406779
v 0.600244557458 0.729996883191 0.783526571903
v 0.706416973588 0.629467937577 0.77477146012
v 0.795015291217 0.512986200089 0.774775945823
v 0.705732115823 0.628842889776 0.783515758685
v 0.79421073867 0.512518574506 0.783520244388
v 0.864175520488 0.384011516163 0.77479570074
v 0.912443133995 0.245852671778 0.774830081227
v 0.863277622478 0.383718080548 0.783539949794
v 0.911479961532 0.2457460768 0.783574330281
v 0.938363529476 0.101819201474 0.774878433738
v 0.941575601473 -0.0444925119249 0.774939411571
v 0.937365249538 0.101907157302 0.783622603574
v 0.940573054741 -0.0442067864807 0.783683512092
v 0.921718768515 -0.189485861027 0.775011658124
v 0.879560978555 -0.329628689476 0.775093232563
v 0.92074302024 -0.189004162511 0.783755620014
v 0.878642345427 -0.328957605219 0.783837115235
v 0.815870778393 -0.461388915772 0.775182213857
v 0.732469714521 -0.581644519718 0.775276403716
v 0.815038005125 -0.460539674178 0.783925938094
v 0.731749824136 -0.580632840551 0.784020058638
v 0.631180306558 -0.687274079961 0.775373524631
v 0.514699916478 -0.77587127475 0.775471081243
v 0.630597327842 -0.686119500645 0.784116981508
v 0.514274434837 -0.774597000651 0.784214498511
v 0.385726430248 -0.845030081756 0.775566756434
v 0.247568633848 -0.893296123286 0.775658193478
v 0.385475213431 -0.843662462195 0.784309965755
v 0.247504182811 -0.891863229272 0.784401323581
v 0.103535762392 -0.919214722223 0.77574309506
v -0.0427756515831 -0.922425072531 0.775819411423
v 0.103665862162 -0.917746945302 0.784486066728
v -0.0424477073413 -0.920952804248 0.784562343483
v -0.187768925829 -0.902566293316 0.775885211635
v -0.32791190399 -0.860406706812 0.775938970754
v -0.187245008516 -0.90112082349 0.784627975357
v -0.327198675792 -0.859018352132 0.78468170477
v -0.459672654279 -0.796714560394 0.775979193547
v -0.57992908164 -0.713311924545 0.776005117543
v -0.458781343599 -0.795412140429 0.784721848345
v -0.578875258532 -0.712122237753 0.784747772341
v -0.685559615012 -0.612020869749 0.776015891152
v -0.774157932641 -0.495539057405 0.776011415351
v -0.68436296661 -0.610968094625 0.784758506341
v -0.772841664312 -0.494643779356 0.784754099856
v -0.843318236768 -0.366564223767 0.775991650532
v -0.891585850274 -0.228405529094 0.775957279948
v -0.841908473265 -0.365843135686 0.784734315232
v -0.89011096203 -0.227871131937 0.784700004061
v -0.912170957491 -0.245600631545 0.0728407848665
v -0.863903269128 -0.383759326218 0.0728751257445
v -0.863566941012 -0.383478466415 0.0843639912446
v -0.911834479662 -0.24531962203 0.0843295810511
v -0.794742965002 -0.512734159856 0.0728949499768
v -0.794406562029 -0.512453150341 0.0843837065526
v -0.706144572516 -0.629215897344 0.072899356462
v -0.7058082444 -0.628935037541 0.0843882318643
v -0.600514039145 -0.73050695214 0.072888662071
v -0.600177711028 -0.730226092337 0.0843774186467
v -0.480257536927 -0.813909662845 0.0728626588571
v -0.479921208811 -0.81362865333 0.0843515243572
v -0.34849693635 -0.877601958975 0.0728225152818
v -0.348160608234 -0.877320799748 0.0843112718575
v -0.208353883333 -0.919761470624 0.0727686670423
v -0.208017480361 -0.919480386253 0.0842575325424
v -0.0633606090876 -0.939620249838 0.0727029559505
v -0.0630242061151 -0.939339240323 0.0841917125262
v 0.0829508048872 -0.936409824674 0.0726265504676
v 0.0832872078598 -0.936128890015 0.0841154159677
v 0.226983751199 -0.910491375449 0.0725417281029
v 0.227320079316 -0.910210216222 0.0840304846786
v 0.365141472744 -0.862225184207 0.072450231646
v 0.36547780086 -0.861944249548 0.083939097146
v 0.494115033829 -0.793066227489 0.0723546257702
v 0.494451361946 -0.792785442542 0.083843382346
v 0.610595349053 -0.704469107556 0.0722569800384
v 0.61093167717 -0.704188098041 0.0837458653429
v 0.71188468216 -0.598839622169 0.0721599482439
v 0.712221085133 -0.59855868751 0.0836486949174
v 0.795285596321 -0.478583943367 0.0720656692648
v 0.795622149005 -0.478303008709 0.0835545446671
v 0.858976021051 -0.346823866783 0.071976767188
v 0.859312349167 -0.346542782412 0.0834655138615
v 0.901133661298 -0.206680963478 0.0718951135317
v 0.901470064271 -0.206400028819 0.0833839790318
v 0.920990643968 -0.0616876892319 0.0718229560986
v 0.921326972085 -0.0614066797173 0.0833117126743
v 0.917778497116 0.084624099023 0.0717618891452
v 0.918114825232 0.0849050336817 0.0832507645475
v 0.89185817649 0.228657644183 0.0717136158521
v 0.892194504607 0.228938578842 0.0832023625257
v 0.843590488127 0.366816264 0.0716791660498
v 0.8439268911 0.367097273515 0.0831680315499
v 0.774430109145 0.495791097638 0.0716594903507
v 0.774766586973 0.496072107153 0.0831482469264
v 0.685831941228 0.612272835126 0.0716549155278
v 0.6861683442 0.612553694929 0.0831437909301
v 0.580201482712 0.71356374021 0.0716657782565
v 0.580537885685 0.713844749724 0.0831545348323
v 0.45994505535 0.796966525771 0.0716916131327
v 0.460281458323 0.797247535286 0.083180488535
v 0.328184454774 0.860658672189 0.0717319250457
v 0.32852078289 0.860939681704 0.0832206816215
v 0.188041551469 0.90281833355 0.0717856049476
v 0.188377879585 0.903099492776 0.0832744902521
v 0.043048277223 0.922677112764 0.071851484377
v 0.0433846801955 0.922957972567 0.0833402409528
v -0.103263061896 0.919466612744 0.0719277215223
v -0.102926658923 0.919747622259 0.0834165969245
v -0.247295858496 0.893548013807 0.0720127023224
v -0.246959530379 0.893829023322 0.0835014588981
v -0.38545358004 0.845281972277 0.0721040601483
v -0.385117251924 0.845562981792 0.0835929256484
v -0.514427141126 0.776123165271 0.0721998145573
v -0.514090887866 0.776404249642 0.083688571133
v -0.63090745635 0.687526120194 0.0722972919514
v -0.630571053377 0.687807054853 0.0837861673537
v -0.732196939169 0.581896784519 0.0723944920836
v -0.731860536196 0.582177719178 0.0838832387571
v -0.815597853329 0.461641030862 0.072488602725
v -0.815261525213 0.46192196552 0.0839774781273
v -0.879288203203 0.329880879421 0.0725776731395
v -0.878951875087 0.330161814079 0.0840664198131
v -0.921445918307 0.189738125828 0.0726591584582
v -0.921109515334 0.190019060487 0.0841480437627
v -0.941302975833 0.0447447767263 0.0727314842289
v -0.94096657286 0.0450257862409 0.0842202408046
v -0.938090978692 -0.101566936673 0.0727923828447
v -0.937754725432 -0.10128607687 0.0842812483448
v -0.912170957491 -0.245600631545 0.0728407848665
v -0.911834479662 -0.24531962203 0.0843295810511
v -0.911031124811 -0.245673092176 0.0506309804607
v -0.862859327015 -0.383557738945 0.0506652817298
v -0.864239597245 -0.384040335732 0.0613863295599
v -0.912507135895 -0.245881566203 0.0613519094642
v -0.793836233981 -0.51227656498 0.0506849871356
v -0.795079293118 -0.513015094514 0.0614060448679
v -0.705413528585 -0.628527147066 0.0506894332297
v -0.706480975489 -0.629496981715 0.0614105701797
v -0.599992741793 -0.729617363149 0.0506786893275
v -0.600850367261 -0.73078803651 0.0613997470598
v -0.479974955436 -0.812854492328 0.0506528148425
v -0.4805939399 -0.814190672359 0.0613738725748
v -0.348475677239 -0.876420206922 0.0506126712671
v -0.348833264467 -0.877882818778 0.0613336002706
v -0.208610714352 -0.918496254103 0.0505590210719
v -0.20869021145 -0.920042405282 0.0612798708577
v -0.0639052615193 -0.938315509337 0.0504933594912
v -0.0636969372041 -0.939901184496 0.0612140508416
v 0.0821158607939 -0.935111746359 0.0504171916614
v 0.0826144767708 -0.936690834189 0.0611377641853
v 0.22586293195 -0.909244423799 0.0503324485144
v 0.226647423083 -0.910772235252 0.0610528130917
v 0.363746455878 -0.861074197979 0.0502412194172
v 0.364805144627 -0.862506193721 0.0609614354614
v 0.492464084217 -0.792052302642 0.0501457026614
v 0.493778705713 -0.793347386715 0.0608657206613
v 0.608713318894 -0.703631094366 0.0500483440939
v 0.610259020937 -0.704750191927 0.0607681937561
v 0.709801663576 -0.598211205846 0.0499514212237
v 0.7115484289 -0.599120631683 0.0606710332328
v 0.793037071067 -0.47819416805 0.0498574294088
v 0.794949492772 -0.478864952882 0.0605768829825
v 0.856601063972 -0.346695488701 0.0497685669408
v 0.858639618078 -0.347104726585 0.0604878521768
v 0.898675164897 -0.206830825238 0.0496871905465
v 0.900797408038 -0.206961972992 0.0604063173471
v 0.918492698442 -0.0621252226931 0.0496151024289
v 0.920654166139 -0.0619686238906 0.0603340410875
v 0.915286914352 0.0838961990442 0.0495542533242
v 0.917442168999 0.0843430895084 0.0602731028628
v 0.889417944959 0.227643943904 0.049505970129
v 0.891521848374 0.228376634668 0.060224700841
v 0.841246147163 0.365528366104 0.0494716391532
v 0.843254160011 0.366535404197 0.0601903698652
v 0.772223128985 0.494247341852 0.0494519238452
v 0.77409393074 0.49551016298 0.0601705753395
v 0.6838005733 0.610497923938 0.0494474777511
v 0.685495613111 0.611991825612 0.0601661193432
v 0.578379786509 0.71158776574 0.0494582117511
v 0.579865154596 0.713282730695 0.0601768731476
v 0.458362000152 0.794825119488 0.0494840961383
v 0.45960880209 0.796685591112 0.0602028367526
v 0.326862871667 0.858390908938 0.0495242496159
v 0.327848051801 0.860377662675 0.0602430199368
v 0.186998058492 0.900466806407 0.0495778998111
v 0.187705148496 0.902537473747 0.0602968186652
v 0.0422925308032 0.920286211353 0.0496435613919
v 0.0427119491065 0.922396028393 0.0603625693659
v -0.103728441798 0.917082074095 0.0497197292216
v -0.103599390012 0.919185678086 0.0604389352399
v -0.247475438098 0.891214901247 0.0498044624664
v -0.247632261468 0.893267079149 0.0605237972135
v -0.385359036882 0.843044750283 0.0498956915635
v -0.385789908157 0.845000962762 0.0606152639638
v -0.514076590365 0.77402315437 0.0499912083193
v -0.514763544098 0.775842305468 0.0607108995461
v -0.630325899898 0.685601871238 0.0500885668869
v -0.631243784466 0.687245035824 0.0608084957669
v -0.731414319436 0.580181982718 0.0501854897571
v -0.732533267285 0.58161584986 0.0609055770725
v -0.814649652071 0.460164944921 0.050279481572
v -0.815934256302 0.461360021347 0.0609998164427
v -0.878213719833 0.328666265573 0.0503683539422
v -0.87962453132 0.329599869906 0.0610887581284
v -0.920287671045 0.18880160211 0.0504497204343
v -0.921782246423 0.189457116313 0.0611703721758
v -0.940105354302 0.044095999565 0.0505217986496
v -0.941639229093 0.0444637672116 0.06124257912
v -0.93689979478 -0.101925347316 0.0505826576566
v -0.938427306809 -0.101847946187 0.0613035965623
v -0.911031124811 -0.245673092176 0.0506309804607
v -0.912507135895 -0.245881566203 0.0613519094642
v -0.570576569983 -0.14239760418 0.872325645951
v -0.539335258593 -0.2318215089 0.872347886323
v -0.494570981873 -0.315301096742 0.87236070969
v -0.437225428605 -0.390694212863 0.872363591235
v -0.368855753806 -0.456255139924 0.872356620076
v -0.368855753806 -0.456255139924 0.872356620076
v -0.291019187344 -0.510237861163 0.872339825921
v -0.291019187344 -0.510237861163 0.872339825921
v -0.205736392737 -0.551462795349 0.872313793001
v -0.115028258067 -0.57875066068 0.872278966914
v -0.115028258067 -0.57875066068 0.872278966914
v -0.0211808114568 -0.591604338299 0.872236427003
v 0.0735198441169 -0.589526559636 0.872187014956
v 0.166745686303 -0.572750576065 0.872132047766
v 0.166745686303 -0.572750576065 0.872132047766
v 0.25616906703 -0.541510237803 0.872072872135
v 0.25616906703 -0.541510237803 0.872072872135
v 0.339647831456 -0.49674693421 0.872010963494
v 0.415040049305 -0.439402054647 0.871947787369
v 0.480599928382 -0.371032978696 0.871884967723
v 0.534581377068 -0.293196936227 0.871823979988
v 0.575805113558 -0.207914740468 0.871766368907
v 0.603091856048 -0.117206680654 0.8717135604
v 0.615944186259 -0.0233592340435 0.871666802145
v 0.613865284756 0.0713416460982 0.871627391334
v 0.597088178344 0.164568012276 0.871596050827
v 0.56584694181 0.253991617572 0.871573810454
v 0.521082665089 0.337471130557 0.871560996989
v 0.463737036966 0.412864246679 0.871558105543
v 0.39536728731 0.47842517374 0.871565086604
v 0.317530870561 0.53240804469 0.871581870856
v 0.232248225665 0.573633128589 0.871607913679
v 0.141540240708 0.60092099392 0.871642729863
v 0.141540240708 0.60092099392 0.871642729863
v 0.0476927940973 0.613774671539 0.871685279677
v -0.0470077866203 0.611696743164 0.87173467192
v -0.0470077866203 0.611696743164 0.87173467192
v -0.140233628806 0.594920759593 0.871789649012
v -0.229656710109 0.563680421331 0.871848824642
v -0.313135324823 0.518917042882 0.871910723382
v -0.388527617528 0.461572238175 0.871973909409
v -0.454087571461 0.393203311936 0.872036729054
v -0.508069169859 0.315367344323 0.872097706888
v -0.549293056061 0.230085073708 0.872155327871
v -0.57657964884 0.139377163606 0.872208136378
v -0.589432203618 0.0455296421395 0.87225488473
v -0.587353376971 -0.0491713128583 0.872294315346
vn -0.966564060759 -0.254059125115 0.0347545305635
vn -0.914851449368 -0.402158858724 0.0362640033531
vn -0.914851449368 -0.402158858724 0.0362640033531
vn -0.966564060759 -0.254059125115 0.0347545305635
vn -0.840610690759 -0.540321209137 0.0377711204319
vn -0.840610690759 -0.540321209137 0.0377711204319
vn -0.840610690759 -0.540321209137 0.0377711204319
vn -0.914851449368 -0.402158858724 0.0362640033531
vn -0.966539514306 -0.254152617208 0.0347536250001
vn -0.745772286316 -0.665129353218 0.0377708942315
vn -0.745772286316 -0.665129353218 0.0377708942315
vn -0.63252474478 -0.77361872532 0.0377692345129
vn -0.63252474478 -0.77361872532 0.0377692345129
vn -0.63252474478 -0.77361872532 0.0377692345129
vn -0.745772286316 -0.665129353218 0.0377708942315
vn -0.503801804555 -0.863089144729 0.0355087310003
vn -0.503801804555 -0.863089144729 0.0355087310003
vn -0.36258834377 -0.931356339009 0.0332424841116
vn -0.36258834377 -0.931356339009 0.0332424841116
vn -0.36258834377 -0.931356339009 0.0332424841116
vn -0.503801804555 -0.863089144729 0.0355087310003
vn -0.212415580607 -0.976711832365 0.0302261084935
vn -0.212415580607 -0.976711832365 0.0302261084935
vn -0.0569785897157 -0.998025010695 0.0264484090434
vn -0.0569785897157 -0.998025010695 0.0264484090434
vn -0.0569785897157 -0.998025010695 0.0264484090434
vn -0.212415580607 -0.976711832365 0.0302261084935
vn 0.099778401815 -0.994784618227 0.0211620856965
vn 0.099778401815 -0.994784618227 0.0211620856965
vn 0.254274200889 -0.9670018953 0.0158734132733
vn 0.254274200889 -0.9670018953 0.0158734132733
vn 0.254274200889 -0.9670018953 0.0158734132733
vn 0.099778401815 -0.994784618227 0.0211620856965
vn 0.402364191308 -0.915418522276 0.0105823733811
vn 0.402364191308 -0.915418522276 0.0105823733811
vn 0.540701487312 -0.841202311363 0.0045357441775
vn 0.540701487312 -0.841202311363 0.0045357441775
vn 0.540701487312 -0.841202311363 0.0045357441775
vn 0.402364191308 -0.915418522276 0.0105823733811
vn 0.665603549735 -0.74630397877 -0.00151190309803
vn 0.665603549735 -0.74630397877 -0.00151190309803
vn 0.77414899069 -0.632958293721 -0.00755900945911
vn 0.77414899069 -0.632958293721 -0.00755900945911
vn 0.77414899069 -0.632958293721 -0.00755900945911
vn 0.665603549735 -0.74630397877 -0.00151190309803
vn 0.863587893646 -0.504034561489 -0.0128495436708
vn 0.863587893646 -0.504034561489 -0.0128495436708
vn 0.931718047178 -0.362729162918 -0.0181393200481
vn 0.931718047178 -0.362729162918 -0.0181393200481
vn 0.931718047178 -0.362729162918 -0.0181393200481
vn 0.863587893646 -0.504034561489 -0.0128495436708
vn 0.976890070671 -0.212454345388 -0.023429488892
vn 0.976890070671 -0.212454345388 -0.023429488892
vn 0.997978291136 -0.0570758805543 -0.0279584384388
vn 0.997978291136 -0.0570758805543 -0.0279584384388
vn 0.997978291136 -0.0570758805543 -0.0279584384388
vn 0.976890070671 -0.212454345388 -0.023429488892
vn 0.994506299879 0.099750484533 -0.0317342139599
vn 0.994506299879 0.099750484533 -0.0317342139599
vn 0.966564060759 0.254059125115 -0.0347545305635
vn 0.966564060759 0.254059125115 -0.0347545305635
vn 0.966564060759 0.254059125115 -0.0347545305635
vn 0.994506299879 0.099750484533 -0.0317342139599
vn 0.914851449368 0.402158858724 -0.0362640033531
vn 0.914851449368 0.402158858724 -0.0362640033531
vn 0.840610690759 0.540321209137 -0.0377711204319
vn 0.840610690759 0.540321209137 -0.0377711204319
vn 0.840610690759 0.540321209137 -0.0377711204319
vn 0.914851449368 0.402158858724 -0.0362640033531
vn 0.745772286316 0.665129353218 -0.0377708942315
vn 0.745772286316 0.665129353218 -0.0377708942315
vn 0.63252474478 0.77361872532 -0.0377692345129
vn 0.63252474478 0.77361872532 -0.0377692345129
vn 0.63252474478 0.77361872532 -0.0377692345129
vn 0.745772286316 0.665129353218 -0.0377708942315
vn 0.503801804555 0.863089144729 -0.0355087310003
vn 0.503801804555 0.863089144729 -0.0355087310003
vn 0.36258834377 0.931356339009 -0.0332424841116
vn 0.36258834377 0.931356339009 -0.0332424841116
vn 0.36258834377 0.931356339009 -0.0332424841116
vn 0.503801804555 0.863089144729 -0.0355087310003
vn 0.212415580607 0.976711832365 -0.0302261084935
vn 0.212415580607 0.976711832365 -0.0302261084935
vn 0.0569785897157 0.998025010695 -0.0264484090434
vn 0.0569785897157 0.998025010695 -0.0264484090434
vn 0.0569785897157 0.998025010695 -0.0264484090434
vn 0.212415580607 0.976711832365 -0.0302261084935
vn -0.099778401815 0.994784618227 -0.0211620856965
vn -0.099778401815 0.994784618227 -0.0211620856965
vn -0.254274200889 0.9670018953 -0.0158734132733
vn -0.254274200889 0.9670018953 -0.0158734132733
vn -0.254274200889 0.9670018953 -0.0158734132733
vn -0.099778401815 0.994784618227 -0.0211620856965
vn -0.402364191308 0.915418522276 -0.0105823733811
vn -0.402364191308 0.915418522276 -0.0105823733811
vn -0.540701487312 0.841202311363 -0.0045357441775
vn -0.540701487312 0.841202311363 -0.0045357441775
vn -0.540701487312 0.841202311363 -0.0045357441775
vn -0.402364191308 0.915418522276 -0.0105823733811
vn -0.665603549735 0.74630397877 0.00151190309803
vn -0.665603549735 0.74630397877 0.00151190309803
vn -0.77414899069 0.632958293721 0.00755900945911
vn -0.77414899069 0.632958293721 0.00755900945911
vn -0.77414899069 0.632958293721 0.00755900945911
vn -0.665603549735 0.74630397877 0.00151190309803
vn -0.863587893646 0.504034561489 0.0128495436708
vn -0.863587893646 0.504034561489 0.0128495436708
vn -0.931718047178 0.362729162918 0.0181393200481
vn -0.931718047178 0.362729162918 0.0181393200481
vn -0.931718047178 0.362729162918 0.0181393200481
vn -0.863587893646 0.504034561489 0.0128495436708
vn -0.976890070671 0.212454345388 0.023429488892
vn -0.976890070671 0.212454345388 0.023429488892
vn -0.997978291136 0.0570758805543 0.0279584384388
vn -0.997978291136 0.0570758805543 0.0279584384388
vn -0.997978291136 0.0570758805543 0.0279584384388
vn -0.976890070671 0.212454345388 0.023429488892
vn -0.994506299879 -0.099750484533 0.0317342139599
vn -0.994506299879 -0.099750484533 0.0317342139599
vn -0.966539514306 -0.254152617208 0.0347536250001
vn -0.966539514306 -0.254152617208 0.0347536250001
vn -0.966539514306 -0.254152617208 0.0347536250001
vn -0.994506299879 -0.099750484533 0.0317342139599
vn -0.00626685634343 -0.00419998622842 -0.999971542909
vn -0.00720897080939 -0.00328644282821 -0.999968614524
vn -0.00267291507987 -0.00138938704925 -0.999995462554
vn -0.00136265413132 -0.000965764732636 -0.999998605235
vn -0.00715455387555 -0.0022258607052 -0.999971928557
vn -0.00149495114368 -0.000687942166045 -0.999998645927
vn -0.000515905331314 -0.000423307074191 -0.999999777326
vn -0.00482269719855 -0.00578988731635 -0.999971608995
vn -0.0060030565039 -0.00520794968219 -0.999968419788
vn -0.00231564367297 -0.00203776759662 -0.999995242637
vn -0.00115097925844 -0.0012171275221 -0.999998596923
vn -0.00295456587681 -0.00684982372557 -0.999972174841
vn -0.00426707465128 -0.00667889933895 -0.999968591696
vn -0.00170696046283 -0.00246119914536 -0.999995514382
vn -0.000873157525999 -0.00136265422538 -0.999998690384
vn -0.000847863548999 -0.00729957157815 -0.999972998327
vn -0.0021333253485 -0.00752626514263 -0.99996940166
vn -0.00101888338085 -0.00277877466118 -0.999995620134
vn -0.000568875168365 -0.00142880253309 -0.999998817451
vn 0.00128504361496 -0.00707436563487 -0.999974150673
vn 0.000132505333854 -0.00768527888793 -0.999970459029
vn -0.000277849122833 -0.00283142060436 -0.99999595292
vn -0.000251363480129 -0.00140234411337 -0.999998985123
vn 0.00325865511397 -0.00619939304355 -0.999975474046
vn 0.00233185432534 -0.00712805515074 -0.999971876247
vn 0.000463082848932 -0.00265942027226 -0.999996356512
vn 2.64565676792e-05 -0.00126992054018 -0.999999193301
vn 0.0048477652986 -0.00474180332414 -0.999977006972
vn 0.0042790609478 -0.00592179492705 -0.999973310635
vn 0.0010981686362 -0.00222279985268 -0.999996926589
vn 0.000264566500093 -0.00105826732325 -0.999999405037
vn 0.00590680404497 -0.00286069368237 -0.999978462817
vn 0.00573575930277 -0.00417266570573 -0.999974844647
vn 0.0015610967828 -0.00164047431623 -0.999997435907
vn 0.000423307431091 -0.00079370027579 -0.999999595425
vn 0.00635710422443 -0.000768150568346 -0.999979498375
vn 0.00658354871997 -0.0020532194357 -0.999976220305
vn 0.00183892056054 -0.000926074578943 -0.999997880376
vn 0.00048944877497 -0.00048944877497 -0.99999976044
vn 0.00613134797952 0.00136399351082 -0.999980272852
vn 0.00674183926406 0.000185433182889 -0.99997725635
vn 0.00187860935083 -0.000198445068986 -0.999998215722
vn 0.000462992579376 -0.000158739897178 -0.99999988022
vn 0.00525733422923 0.00332390716825 -0.999980655852
vn 0.00618554290135 0.00242388561045 -0.999977931675
vn 0.00169339446277 0.000542415620568 -0.999998419099
vn 0.000330708476733 0.000119055527846 -0.999999938229
vn 0.0038006426249 0.00493951100361 -0.999980577985
vn 0.00497972538327 0.00434401598531 -0.999978165692
vn 0.00128327603159 0.00117743892858 -0.999998483419
vn 0.000132283965318 0.000343936986988 -0.999999932104
vn 0.00192018443532 0.00599892064537 -0.999980162725
vn 0.00323184589616 0.00581467418874 -0.999977872123
vn 0.000714400615595 0.00166693609268 -0.999998355477
vn -0.000145511658053 0.000515905691012 -0.999999856334
vn -0.00017217118458 0.0064365670652 -0.999979270266
vn 0.00111260208525 0.00666236723282 -0.99997718723
vn 1.32297698024e-05 0.00195798740908 -0.999998083053
vn -0.000462991363841 0.000582047004093 -0.99999972343
vn -0.00231792311109 0.00621203383175 -0.999978018692
vn -0.00115245134625 0.00682198662907 -0.999976065891
vn -0.000754089952637 0.00198444606004 -0.999997746659
vn -0.000767243559394 0.000555589981235 -0.999999551328
vn -0.00427821720094 0.00532459258877 -0.999976672514
vn -0.00336462565858 0.00626562081157 -0.999974710325
vn -0.00146848955624 0.00174631219078 -0.999997396963
vn -0.00105826659874 0.000423306639496 -0.999999350441
vn -0.0058682278922 0.00386799677729 -0.999975300946
vn -0.00529914509341 0.00504743552925 -0.999973220869
vn -0.00209049013147 0.00133632558492 -0.999996922038
vn -0.00129637721518 0.000211653206903 -0.999999137304
vn -0.00695513155704 0.00202692466695 -0.999973758516
vn -0.00675707660074 0.00331229216557 -0.999971684917
vn -0.0026064954945 0.000793856905482 -0.999996287979
vn -0.00145526164176 -6.6148316576e-05 -0.999998938918
vn -0.00737979564241 -9.27438855859e-05 -0.999972764637
vn -0.0076057752572 0.00120579379993 -0.999970348682
vn -0.00281818963977 7.93851391291e-05 -0.999996025745
vn -0.001521409488 -0.00037042976809 -0.999998774047
vn -0.00776477302985 -0.00107328835921 -0.999969277704
vn -0.00287111296322 -0.000661546716939 -0.999995659524
vn -0.837345082565 -0.538122628257 0.096318480383
vn -0.911263112631 -0.400581471659 0.0955720886112
vn -0.736000168019 -0.322661178804 -0.595141593547
vn -0.676977076215 -0.43519955015 -0.593551505624
vn -0.96292662701 -0.253103037854 0.0933336125121
vn -0.776524422891 -0.203427295683 -0.596344829796
vn -0.646817956515 -0.169866604137 -0.743486293034
vn -0.613122716308 -0.269633186878 -0.742548637654
vn -0.563860572231 -0.362447922772 -0.742086759322
vn -0.630022305832 -0.770580290297 0.0963219100756
vn -0.742736697977 -0.66251078328 0.0970652333029
vn -0.600566017331 -0.534410866214 -0.59474825338
vn -0.509330381008 -0.622739445836 -0.593951298998
vn -0.500431424148 -0.446349042074 -0.741849662913
vn -0.424365883203 -0.518872652965 -0.742081375038
vn -0.361202630592 -0.927953160987 0.0918454716765
vn -0.501773668633 -0.85978520291 0.0948292693391
vn -0.405843001577 -0.693274769882 -0.595534677005
vn -0.291426009486 -0.747963851738 -0.596339632666
vn -0.337669698918 -0.578166315081 -0.742767047289
vn -0.242805617496 -0.623101944185 -0.743498082893
vn -0.056797339912 -0.994750635855 0.0851189441048
vn -0.211672109231 -0.973293242942 0.088854833389
vn -0.171357963198 -0.782419342449 -0.598712302371
vn -0.0458914585394 -0.798479231031 -0.60027068198
vn -0.14220995197 -0.652397439211 -0.744415146858
vn -0.0383995606199 -0.665322935602 -0.745567478573
vn 0.253582673645 -0.964372011403 0.075382035325
vn 0.0995843832961 -0.991756789122 0.0806313948371
vn 0.0784076693387 -0.793857619605 -0.603027625556
vn 0.202068941418 -0.770182756762 -0.604968316609
vn 0.065917197813 -0.661322201662 -0.747200019153
vn 0.168142712085 -0.641396065361 -0.748558024279
vn 0.539620170763 -0.839520049525 0.0633731627059
vn 0.401453727881 -0.913247367258 0.069384080066
vn 0.318198022615 -0.727013475045 -0.608441801249
vn 0.427743826833 -0.666369798633 -0.610726215318
vn 0.265666719101 -0.605556966811 -0.750147954946
vn 0.35601357683 -0.554821162722 -0.751949340387
vn 0.773168977687 -0.632057147202 0.0520912143506
vn 0.664479549629 -0.745043701338 0.0581103366052
vn 0.524156335978 -0.589586661516 -0.614530474441
vn 0.609114103821 -0.498560326092 -0.61678003354
vn 0.437054410465 -0.490763912558 -0.753746790656
vn 0.506674473466 -0.41491922378 -0.75572681286
vn 0.931129676889 -0.362400179727 0.040787676456
vn 0.862742489839 -0.503541149809 0.0460619873074
vn 0.676922089922 -0.396514491903 -0.620123166707
vn 0.729289632755 -0.284286003335 -0.622348857044
vn 0.563828156706 -0.329654130261 -0.757248944607
vn 0.606837758783 -0.236724724716 -0.758755124677
vn 0.997895097541 -0.0569711729673 0.0309783755843
vn 0.976546686609 -0.21235793321 0.0355060146344
vn 0.762322040977 -0.166998277572 -0.625281281608
vn 0.777638117317 -0.0447296619572 -0.627118980606
vn 0.634904127561 -0.138488670216 -0.760077388842
vn 0.64726210583 -0.0373332130223 -0.761352741876
vn 0.966840883686 0.254231864232 0.0241839790251
vn 0.994618451693 0.0997617269409 0.027959495513
vn 0.77340963864 0.0765202637811 -0.629271149894
vn 0.751126615354 0.197290824529 -0.629988204861
vn 0.643893362611 0.0643107465033 -0.762407676686
vn 0.624901479618 0.164072607635 -0.763268183665
vn 0.841022580122 0.540585959366 0.0211622366917
vn 0.915234470403 0.402283288244 0.0226720132537
vn 0.709992461478 0.311065108364 -0.631782559908
vn 0.652330798376 0.419210667232 -0.631448292395
vn 0.590825756484 0.25958447151 -0.763898440649
vn 0.542682239853 0.348750553986 -0.764113236139
vn 0.632824343097 0.773985152374 0.021916539135
vn 0.746137705057 0.665455251106 0.0211620856178
vn 0.578811116734 0.515139552341 -0.632146290631
vn 0.490787151605 0.600362231864 -0.631421540946
vn 0.481246174516 0.429224849741 -0.764308934841
vn 0.408239730202 0.499460283376 -0.764120244474
vn 0.362669092297 0.931563734874 0.0256931383765
vn 0.50398134269 0.863396714443 0.0234290356121
vn 0.391518512119 0.669325065264 -0.63144058444
vn 0.281664712795 0.724046299292 -0.629620477786
vn 0.325408453716 0.557861741083 -0.763478628441
vn 0.2342544108 0.602415216667 -0.763033929619
vn 0.0570666455911 0.997816784386 0.0332424842348
vn 0.2124250466 0.976755336445 0.0287160635091
vn 0.165898905065 0.759881126074 -0.628536576131
vn 0.0442289312799 0.77855461462 -0.626016384524
vn 0.137305786454 0.632851864914 -0.762001074855
vn 0.0366247309779 0.647561993058 -0.761132113518
vn -0.25397700889 0.966251649295 0.0430514714058
vn -0.0997295317129 0.994297430387 0.0377708939504
vn -0.0774323130401 0.777150277515 -0.624533172102
vn -0.199585330082 0.757762386938 -0.621258288442
vn -0.0653453760746 0.647070554282 -0.759624696548
vn -0.166203096068 0.630318638015 -0.758336960347
vn -0.539837134701 0.840012946691 0.0543517928827
vn -0.401916638523 0.91440030473 0.048322855752
vn -0.315610963584 0.719185546483 -0.619000702258
vn -0.42637738208 0.662699150614 -0.615655881013
vn -0.263607954061 0.59839336017 -0.756595157968
vn -0.355019809238 0.551537963241 -0.754828993979
vn -0.772423640084 0.631629203791 0.0663797345362
vn -0.664390440946 0.744943789115 0.0603663237047
vn -0.525343454803 0.589731171523 -0.613377045405
vn -0.61395880922 0.50144617575 -0.609595204547
vn -0.438325560486 0.490695713481 -0.753052733742
vn -0.511247995885 0.417407957687 -0.751262992276
vn -0.929099965011 0.361748732324 0.0768837413114
vn -0.861415108475 0.502824636121 0.0716337643922
vn -0.685922066694 0.400933025418 -0.607259110718
vn -0.742701969643 0.288703965587 -0.604188550489
vn -0.571806072572 0.333179924617 -0.74968590303
vn -0.618530081878 0.240327015783 -0.748106585519
vn -0.994616338264 0.0568893077439 0.0866137767495
vn -0.973836912924 0.211890011503 0.0821236266406
vn -0.779961179314 0.170240443502 -0.602228154572
vn -0.799373506362 0.0453796316411 -0.599118257408
vn -0.650278709284 0.140993499159 -0.746497443697
vn -0.665884724097 0.0376865018068 -0.745102182118
vn -0.990936681499 -0.0994024323832 0.09035291747
vn -0.79762514655 -0.0793356321766 -0.597913022988
vn -0.664852244205 -0.0670053292946 -0.743963560413
vn -0.445131770391 -0.196019955194 -0.873747036707
vn -0.409266763273 -0.263142926001 -0.873645532797
vn -0.469972467043 -0.123950430163 -0.873934878056
vn -0.265899115449 -0.0711975278674 -0.961368073336
vn -0.251865416215 -0.110895966931 -0.961387485166
vn -0.231592699473 -0.14894601334 -0.961342762318
vn -0.363133202196 -0.324063493121 -0.873565755904
vn -0.307950441748 -0.376489413797 -0.873740377187
vn -0.205510319778 -0.183248724794 -0.961345626362
vn -0.174325330872 -0.213017122963 -0.961371096061
vn -0.245213279909 -0.420037103797 -0.873750123771
vn -0.176446059599 -0.452498761559 -0.874134805874
vn -0.138877757217 -0.237504608937 -0.961407577089
vn -0.100016720411 -0.256069456002 -0.961470274809
vn -0.103266423467 -0.473898647839 -0.874503354688
vn -0.0280186376624 -0.483184667989 -0.875070015807
vn -0.0587416063048 -0.268256359141 -0.961554964352
vn -0.0161166204135 -0.273831354632 -0.96164267988
vn 0.0478820894335 -0.480609009646 -0.875626795706
vn 0.122010171213 -0.466136336096 -0.876259341914
vn 0.0268160495642 -0.272569456351 -0.961762336001
vn 0.0689444536306 -0.264588668475 -0.961893704537
vn 0.193098429006 -0.440357399692 -0.876811471898
vn 0.258763225921 -0.403660762247 -0.877553178977
vn 0.10925345227 -0.250096452729 -0.962037134158
vn 0.146764465732 -0.229513043917 -0.962176675185
vn 0.317978694287 -0.357147843541 -0.878256777847
vn 0.368799640761 -0.302293983191 -0.878979620185
vn 0.180501246944 -0.203349126396 -0.962324494464
vn 0.209699342143 -0.172286219593 -0.962467477083
vn 0.410763551934 -0.240236666152 -0.879522398032
vn 0.442199382819 -0.172686019062 -0.880135923965
vn 0.233661086837 -0.137065605037 -0.962608703687
vn 0.251781381298 -0.0986323067816 -0.962744932
vn 0.462825670371 -0.100985470169 -0.880678337227
vn 0.471965517622 -0.0273645555461 -0.881192221525
vn 0.263697927465 -0.057879813102 -0.962867244373
vn 0.269142743399 -0.0158038624502 -0.962970623439
vn 0.469609860354 0.0469123711994 -0.881626796602
vn 0.455859208783 0.119584753139 -0.881981784724
vn 0.268018974277 0.0265158832269 -0.963048668222
vn 0.260260181091 0.0681385735632 -0.963131233494
vn 0.431019613495 0.18946236893 -0.882227920405
vn 0.395845944493 0.254299267822 -0.882404595757
vn 0.246224260508 0.108041120581 -0.963172222295
vn 0.226131831697 0.14523237386 -0.963209194452
vn 0.351007342156 0.313293808543 -0.882406275636
vn 0.297830709231 0.364408626151 -0.882328295945
vn 0.20055341366 0.178900902441 -0.963209632103
vn 0.170073894586 0.208182107467 -0.963190054201
vn 0.237197812697 0.407075516467 -0.882058230246
vn 0.170708726791 0.439298226732 -0.881972561131
vn 0.135355549883 0.232356888902 -0.963166211666
vn 0.097331961082 0.25087767441 -0.963113119958
vn 0.0998678799636 0.461590996472 -0.881453435258
vn 0.0265453933257 0.472167030807 -0.881109321885
vn 0.0568572928766 0.263337474272 -0.963026802789
vn 0.0149156228802 0.269346342887 -0.96292786426
vn -0.0479376139526 0.471614345119 -0.880500933927
vn -0.121255309853 0.459156703283 -0.880041062487
vn -0.027509937482 0.268767012022 -0.962812285229
vn -0.0693563590292 0.261574267867 -0.962688214248
vn -0.192364879079 0.435775340244 -0.879258554768
vn -0.258568016228 0.401239781594 -0.878720216366
vn -0.109656941452 0.247948695383 -0.962547037629
vn -0.147378578679 0.228162318354 -0.962404026919
vn -0.31927560174 0.356869319236 -0.877899412872
vn -0.372068716256 0.30350373986 -0.87718319083
vn -0.181608322767 0.20266827873 -0.962259832841
vn -0.211459089191 0.172073779148 -0.962120402095
vn -0.415941013697 0.241922856047 -0.87662215626
vn -0.449671081599 0.174511068747 -0.875980482236
vn -0.2362147632 0.137166678637 -0.961970835274
vn -0.255166080261 0.0987233552804 -0.961844046926
vn -0.472767545868 0.10220253443 -0.87524024675
vn -0.483749260271 0.0272485694426 -0.874782355018
vn -0.267883312701 0.0577337328351 -0.961719994005
vn -0.274039627368 0.0152160206257 -0.961598021706
vn -0.482727338749 -0.0489311330261 -0.874402687922
vn -0.273338649851 -0.0277940724152 -0.961516235971
vn -0.140004773072 -0.0620095921754 -0.988207201955
vn -0.128770418728 -0.0828672683007 -0.988206048911
vn -0.14787352517 -0.0394087871041 -0.98822080936
vn -0.065846753729 -0.0176462763009 -0.997673701145
vn -0.0623629933854 -0.0276161993351 -0.997671390083
vn -0.0573630318825 -0.0369643160588 -0.997668843811
vn -0.114150870636 -0.10210955434 -0.988202012569
vn -0.0970208580004 -0.118462487605 -0.988207261734
vn -0.0509447925578 -0.0454031167916 -0.997668875478
vn -0.043293431955 -0.0527425138116 -0.997669236765
vn -0.0771583435396 -0.132213933597 -0.988213572961
vn -0.0557956815751 -0.142436939527 -0.9882300138
vn -0.0345685526539 -0.0587828810678 -0.997672084435
vn -0.0250286201756 -0.0633959363334 -0.997674557874
vn -0.0326420934941 -0.14931293709 -0.988251051378
vn -0.00918585313254 -0.152400743619 -0.988276091711
vn -0.0148637135933 -0.0664189721075 -0.997681106448
vn -0.00436509076571 -0.0678667792919 -0.99768484315
vn 0.0149257358664 -0.151788504832 -0.988300294551
vn 0.0381344207931 -0.14741964235 -0.988338613533
vn 0.0062330920417 -0.0675993612722 -0.997693076512
vn 0.0166457762257 -0.0656929569573 -0.997701034148
vn 0.0608296723505 -0.139388798825 -0.988367600503
vn 0.0815357468941 -0.128084664089 -0.988405908928
vn 0.0266363675399 -0.0621712979244 -0.997709994757
vn 0.035953188618 -0.0571544493785 -0.997717764272
vn 0.100603178152 -0.113436341769 -0.988438767406
vn 0.116759653393 -0.0962997135714 -0.988480423936
vn 0.0443499160537 -0.0507216046672 -0.997727620028
vn 0.0516735139522 -0.0430810147845 -0.997734370522
vn 0.130344003958 -0.0765236427041 -0.988511291154
vn 0.140433911634 -0.0552988475389 -0.988544563449
vn 0.0576417524518 -0.0343659147997 -0.997745665124
vn 0.0622477623761 -0.0248546959926 -0.997751201536
vn 0.147235674667 -0.032308831706 -0.988573616631
vn 0.150258959598 -0.00903348536711 -0.988605402172
vn 0.0652537257488 -0.0147375769648 -0.997759868456
vn 0.0666744510408 -0.00426053785376 -0.99776568662
vn 0.149674701888 0.0148897334005 -0.988623173638
vn 0.14540341769 0.037929593834 -0.988645129476
vn 0.0664158590651 0.00628517967924 -0.997772233619
vn 0.0645454590996 0.0166797892108 -0.997775359658
vn 0.137494933739 0.0604913973701 -0.988653596585
vn 0.126363047005 0.0811224479783 -0.988661483414
vn 0.0610422977405 0.0266404021763 -0.997779598337
vn 0.0560749363877 0.0359394074411 -0.997779514974
vn 0.111886965376 0.100138735465 -0.988662500876
vn 0.094941659116 0.116327428942 -0.988662738572
vn 0.0496681186973 0.044316970142 -0.997782082492
vn 0.0420599053593 0.0516398065151 -0.997779682467
vn 0.0753301516192 0.129985344424 -0.988650180039
vn 0.0542329004962 0.14018467555 -0.988638988329
vn 0.0333855188039 0.0576484209569 -0.997778565963
vn 0.0238985072994 0.062260343144 -0.997773777477
vn 0.0313586633925 0.147164435366 -0.98861482044
vn 0.00811853958967 0.150402424072 -0.988591523405
vn 0.0137845490237 0.0652991256175 -0.99777051991
vn 0.00332890820489 0.066770504462 -0.997762806535
vn -0.015829806327 0.149973933964 -0.988563218192
vn -0.0389684509661 0.14586704567 -0.98853642564
vn -0.0072364138326 0.066533577917 -0.997757945257
vn -0.017632622596 0.0647121684847 -0.997748177583
vn -0.0616618170942 0.138119270065 -0.988494252664
vn -0.0824362123952 0.12705581394 -0.988464005936
vn -0.0276202115516 0.0612383777555 -0.997740940828
vn -0.0369517863742 0.0562722076321 -0.997731428858
vn -0.101649424779 0.112625559482 -0.988424442127
vn -0.118019867375 0.0956706570689 -0.988391843492
vn -0.0453823745331 0.0498731844484 -0.997723962604
vn -0.0527271711637 0.0422736683733 -0.997713777786
vn -0.131846345852 0.0759741500991 -0.988354425094
vn -0.142202583999 0.0547288206055 -0.988323419382
vn -0.0587665971642 0.0335809122415 -0.997706775256
vn -0.0634222123286 0.0240689820701 -0.997696500488
vn -0.149281118431 0.0316888300061 -0.988286884327
vn -0.15252631375 0.0082636854278 -0.988264860813
vn -0.0664787863258 0.0139221030261 -0.99769070659
vn -0.0679409213916 0.00342971015255 -0.997683450945
vn -0.152093095682 -0.015873207811 -0.988238701691
vn -0.0677182787878 -0.00717279083423 -0.997678698675
vn -0.967116834742 -0.254304425809 0.00377981108181
vn -0.915453045916 -0.402379362147 0.00604728379719
vn -0.6391863911 -0.278258908361 0.716946816264
vn -0.673764985157 -0.176947668867 0.7174470484
vn -0.841191494541 -0.540694536686 0.00680349252006
vn -0.587535318706 -0.374717283502 0.717209318622
vn -0.386303012783 -0.244815995552 0.889289104081
vn -0.417782399096 -0.1834453979 0.889834621149
vn -0.441802605892 -0.115886515669 0.889595848076
vn -0.746283507357 -0.665585293039 0.0075593873692
vn -0.521437564824 -0.461890900447 0.717467533812
vn -0.632961731019 -0.774153191344 0.00680319016892
vn -0.442869294047 -0.538026056425 0.717213183787
vn -0.291612726442 -0.352343734448 0.88927830884
vn -0.340289947467 -0.303510754174 0.889990996445
vn -0.504069127248 -0.863647101766 0.0052913672469
vn -0.353457641284 -0.601201744229 0.716675769475
vn -0.362787921978 -0.931868971937 0.00226777586959
vn -0.255283014881 -0.649868968382 0.715891686114
vn -0.168624228111 -0.426149954279 0.888798113275
vn -0.229931595278 -0.394296387443 0.889753797599
vn -0.212491850495 -0.97716254636 -0.000755952189426
vn -0.150718237728 -0.683138352755 0.714567004424
vn -0.0570976128378 -0.998358298253 -0.00453551736967
vn -0.0420105975006 -0.699681541128 0.713218655605
vn -0.028657661202 -0.458807287837 0.888073539231
vn -0.0969178824519 -0.447306028081 0.889114301597
vn 0.09979663537 -0.994966504979 -0.00907113767602
vn 0.0681193380968 -0.699268744049 0.71160591578
vn 0.254186487896 -0.967048578472 -0.0143623203401
vn 0.177246375188 -0.681837096219 0.70970549998
vn 0.115146156941 -0.447150115035 0.887016424406
vn 0.0463261391758 -0.457049819923 0.888233837982
vn 0.402302931771 -0.915279167844 -0.0204057834969
vn 0.282468153675 -0.647453493583 0.707824636337
vn 0.54051788767 -0.840916668186 -0.0264493908388
vn 0.381508431231 -0.597134307451 0.705607494125
vn 0.248917398974 -0.391511371679 0.885866228239
vn 0.186265057805 -0.422299229052 0.887112557336
vn 0.665269073955 -0.745928950301 -0.0317342140561
vn 0.471683230537 -0.531754743296 0.703385970156
vn 0.773578599792 -0.632573642053 -0.0377721765776
vn 0.550544791598 -0.45265418747 0.701430409243
vn 0.359680277195 -0.297064457742 0.884524056283
vn 0.309253681644 -0.345858830047 0.885857680482
vn 0.862804783269 -0.503635820035 -0.0438048712699
vn 0.616444285235 -0.362109654287 0.69919456625
vn 0.930735141718 -0.362385395318 -0.0490807623344
vn 0.667292445136 -0.261944090017 0.69721308534
vn 0.435914265523 -0.17225955884 0.883348967001
vn 0.403031195598 -0.234568676092 0.884614826674
vn 0.97571394564 -0.212198557987 -0.0543513410271
vn 0.701944094052 -0.154795848329 0.695206972178
vn 0.996636958308 -0.057004882547 -0.0588660912574
vn 0.719196405668 -0.0432157017921 0.693461558555
vn 0.469728175082 -0.0293367947489 0.882323520036
vn 0.457795033024 -0.0991092681034 0.883516304725
vn 0.993101233924 0.0996095497445 -0.061869837385
vn 0.718499219929 0.0699288804512 0.692003484558
vn 0.965063229299 0.253664636332 -0.0656293816099
vn 0.699553216245 0.181608470922 0.691117689638
vn 0.457263271693 0.117440263437 0.881543013632
vn 0.467627062443 0.0472663646771 0.882661215439
vn 0.913388426642 0.401515735889 -0.0671319291316
vn 0.663318215429 0.289030248379 0.69026839751
vn 0.839272689314 0.539361403171 -0.0686340275722
vn 0.610443748212 0.389519168491 0.68966169072
vn 0.399223675512 0.253197107776 0.881199002226
vn 0.431247211951 0.189729358182 0.882059302331
vn 0.744545185998 0.664034941064 -0.068629899117
vn 0.542052057587 0.480161635587 0.689655254875
vn 0.631565234138 0.772345423018 -0.0678815333619
vn 0.460141058952 0.558779190037 0.689953638043
vn 0.301594001159 0.364064958017 0.881191105725
vn 0.351870432995 0.313793629391 0.881884775091
vn 0.503007852961 0.861728983324 -0.0663796592265
vn 0.366855954327 0.62333434592 0.690558471073
vn 0.361955547069 0.929987250507 -0.064124065999
vn 0.264556665664 0.672278325511 0.691412773747
vn 0.174186012259 0.438600672369 0.881639769594
vn 0.237607050805 0.406654013887 0.882142506853
vn 0.2121250784 0.975376069436 -0.0603694814116
vn 0.155965874914 0.70428225389 0.692575737893
vn 0.0569128104084 0.996772931703 -0.0566096690938
vn 0.0438370305052 0.718593418795 0.694047414245
vn 0.0301415865167 0.469375216932 0.882484215435
vn 0.100216883714 0.459012681371 0.882759273278
vn -0.0996652537526 0.993656599002 -0.052090310568
vn -0.0688665630976 0.714952206035 0.695773482947
vn -0.254027376415 0.966063193575 -0.0468187788266
vn -0.179335249975 0.693506679543 0.697773139025
vn -0.115766001367 0.453843268944 0.883529580807
vn -0.0462182515741 0.465800869164 0.883681743337
vn -0.402076138192 0.914663261032 -0.0415439287376
vn -0.284717227699 0.654907226578 0.70002330306
vn -0.540366082044 0.840680493234 -0.0355078255026
vn -0.382658791243 0.600633531996 0.702005420012
vn -0.249026482887 0.393887536996 0.88478156571
vn -0.186941315807 0.426670017439 0.884876059492
vn -0.665315222819 0.74598069623 -0.0294695629051
vn -0.470443528869 0.531737239768 0.70422893578
vn -0.773958632068 0.632802655717 -0.0234272227302
vn -0.546139684606 0.450190433957 0.70644180091
vn -0.356740278675 0.296103997767 0.886035437258
vn -0.308058283618 0.346254831847 0.886119453187
vn -0.863528690625 0.50400001454 -0.0173834925241
vn -0.607935860296 0.358099204405 0.708645856244
vn -0.931794431266 0.362758902387 -0.0128497704478
vn -0.654684600888 0.257912506643 0.710541492298
vn -0.428597250036 0.170486991921 0.88726466336
vn -0.397962950196 0.232906340285 0.887344424069
vn -0.977134907389 0.212485844558 -0.00755900941454
vn -0.685383296657 0.151866655618 0.712170102978
vn -0.998369697989 0.0569982741159 -0.00302372043476
vn -0.699091107582 0.0426861099596 0.713757325228
vn -0.458429540404 0.029446082707 0.888242807288
vn -0.448334149063 0.0979665053965 0.888481319221
vn -0.995007158005 -0.0998007217155 0.000755952186875
vn -0.695804694816 -0.0671538978638 0.715084736709
vn -0.455106678258 -0.0453359336228 0.889282050042
vn -0.341003028154 -0.14935297435 0.928122095331
vn -0.360228854963 -0.0944194076851 0.928073352438
vn -0.313196676415 -0.200831393956 0.928210425003
vn -0.267575549554 -0.172159423563 0.948031886679
vn -0.29151744926 -0.127966580321 0.947967368161
vn -0.308201855528 -0.0807399160665 0.947888538913
vn -0.277858145868 -0.247415990492 0.928213433658
vn -0.235662685856 -0.287888513692 0.928215116328
vn -0.201175591087 -0.246603442566 0.948005866894
vn -0.23750382196 -0.211848072872 0.948004392698
vn -0.18781917921 -0.321566822478 0.928072591235
vn -0.135230094984 -0.347336498026 0.927938671761
vn -0.115111153739 -0.297179254171 0.947857538439
vn -0.160339999067 -0.275127694839 0.947942949883
vn -0.0792769951112 -0.364682032368 0.927751137598
vn -0.0212033200016 -0.373162727182 0.927523583669
vn -0.0175392743127 -0.319036334773 0.947580176529
vn -0.0674326276611 -0.311863051599 0.947731121033
vn 0.0375609820067 -0.372653819365 0.92720995656
vn 0.0955886816143 -0.362739707075 0.926975031411
vn 0.0822713297934 -0.309877204516 0.9472104024
vn 0.0324904755953 -0.318509795268 0.947362591257
vn 0.151566160326 -0.344148532163 0.926601039744
vn 0.204005768506 -0.316866768083 0.926270531595
vn 0.174773557888 -0.270311830704 0.946776487691
vn 0.129855216703 -0.293924610896 0.946966707865
vn 0.25167342208 -0.281737611373 0.925896542253
vn 0.293260488665 -0.239423116026 0.925567316461
vn 0.250716199144 -0.20392785668 0.946337580759
vn 0.215276982935 -0.240408207328 0.946498660574
vn 0.327916975239 -0.191095482183 0.925177266279
vn 0.354418071523 -0.137764894475 0.92488305446
vn 0.302735067638 -0.117017207035 0.945863865511
vn 0.280131932877 -0.162799548784 0.946056238867
vn 0.372390276787 -0.080841304933 0.924548627802
vn 0.381037688164 -0.0216808341685 0.924305264309
vn 0.325104548646 -0.0179276622511 0.945508133955
vn 0.317888342004 -0.0686440893951 0.94563999017
vn 0.380320689435 0.0381645007549 0.924066904542
vn 0.37003197915 0.0971971537101 0.923920476944
vn 0.315502304989 0.0834536434384 0.945248001819
vn 0.324387285261 0.0328962007559 0.945352172017
vn 0.350639878492 0.15395514692 0.92376917482
vn 0.322479301175 0.206969131778 0.923672495425
vn 0.274675546007 0.176901966161 0.945123821938
vn 0.299097254615 0.131668573242 0.945094820165
vn 0.286201373594 0.254790009209 0.923672466278
vn 0.242819368789 0.296256518883 0.923726598708
vn 0.206707437325 0.252988354315 0.945129053588
vn 0.243975902945 0.217586884296 0.945056456813
vn 0.193454879939 0.330368208384 0.92381386454
vn 0.139330416097 0.356195998176 0.92396506754
vn 0.118442870974 0.303968428419 0.945290685895
vn 0.164827385006 0.281986672519 0.945153664582
vn 0.081901563856 0.373129404715 0.924157227518
vn 0.0225501164358 0.380748498821 0.92440363094
vn 0.0187903869975 0.324874968467 0.945570291528
vn 0.069651334564 0.318441011412 0.945380354061
vn -0.0371485590146 0.378883309218 0.924698557671
vn -0.0957066633881 0.367620545231 0.925038036681
vn -0.082102673621 0.313707296107 0.945963468297
vn -0.031929146019 0.323365304529 0.945735380253
vn -0.15168919428 0.347395337242 0.925368503895
vn -0.203721024546 0.318701745469 0.925703484704
vn -0.174280092104 0.271933758457 0.946402916578
vn -0.129706332157 0.296620368225 0.946146196183
vn -0.250515175056 0.282300800552 0.926039094787
vn -0.290872895219 0.239041607588 0.926418948785
vn -0.248749373864 0.203879915522 0.946866795832
vn -0.21409734813 0.241002165654 0.946615170845
vn -0.323937234132 0.190119037824 0.926779056626
vn -0.34905134119 0.136796254794 0.927065232811
vn -0.298403827695 0.116506485821 0.947302166354
vn -0.27699384504 0.162363817715 0.947054592147
vn -0.365494844355 0.0803371932369 0.927339988425
vn -0.372882296445 0.0220568306721 0.927616455879
vn -0.318734441311 0.0184182082495 0.947665091436
vn -0.31247287137 0.0684726152707 0.947455648363
vn -0.371264040156 -0.0365647742118 0.927807108064
vn -0.317409913001 -0.0314976473544 0.947765184705
vn -0.238632921458 -0.104505263199 0.965470340694
vn -0.252089298247 -0.0659895324236 0.965451380091
vn -0.219116004421 -0.140510277649 0.965528372696
vn -0.178186666187 -0.114112865117 0.977357542565
vn -0.19381899604 -0.0849926666959 0.977348680555
vn -0.204854755734 -0.0535644204891 0.977325627368
vn -0.194422981815 -0.173194218505 0.965506844522
vn -0.164904903695 -0.201598784203 0.965486562799
vn -0.134073396499 -0.163760014083 0.977346909822
vn -0.157850299175 -0.140818235171 0.977370711498
vn -0.131284888999 -0.22499764059 0.965474152761
vn -0.0944872470564 -0.243070910681 0.965395614515
vn -0.0768136873868 -0.197457092988 0.9772974746
vn -0.106494700351 -0.182906010298 0.97734552242
vn -0.055275110002 -0.255131537835 0.965325106177
vn -0.0146271189134 -0.260845443212 0.965269756155
vn -0.011880450206 -0.211959140796 0.977206312677
vn -0.0446730966817 -0.207249396265 0.977267620553
vn 0.0264722164729 -0.260382935211 0.965142450007
vn 0.0670648185481 -0.253446697477 0.965021803718
vn 0.0544499160871 -0.205843600218 0.977068891577
vn 0.0217385157827 -0.211390887993 0.977159827973
vn 0.106088600956 -0.240268927891 0.964891730215
vn 0.142623545214 -0.221040181573 0.96477964452
vn 0.115822723411 -0.179489017651 0.976918005405
vn 0.0863610916115 -0.194910804322 0.977011535354
vn 0.17577341923 -0.196387193904 0.964642822584
vn 0.20475494292 -0.166801514572 0.964496069503
vn 0.166172811862 -0.135365773316 0.976761334212
vn 0.142865848989 -0.159209080033 0.976853017617
vn 0.228682299938 -0.132974630655 0.96437656198
vn 0.247107562448 -0.0957607964373 0.964244638277
vn 0.200481848543 -0.0777143093913 0.976610216269
vn 0.185695075288 -0.107679092072 0.976689588428
vn 0.259435150204 -0.0560980653803 0.964129871905
vn 0.26536859916 -0.0148868186635 0.964032099678
vn 0.215246078305 -0.0121130884311 0.97648471512
vn 0.210442639359 -0.0452365070552 0.976559037626
vn 0.264765561652 0.0267362468878 0.963942099125
vn 0.257578151387 0.0678272402029 0.963873934399
vn 0.208892167821 0.054941158122 0.976394147549
vn 0.214674513899 0.0219050490824 0.97643997353
vn 0.244004355408 0.107257908235 0.963824473472
vn 0.224342674393 0.144074631695 0.963801258013
vn 0.181960962495 0.116715895436 0.976354243029
vn 0.197764495847 0.0871372270257 0.976368940436
vn 0.199103904077 0.177322759675 0.963801989146
vn 0.168988526476 0.206226292246 0.963801636389
vn 0.137138153979 0.167104074884 0.976355137683
vn 0.161337902143 0.143861938556 0.976357426339
vn 0.134678450295 0.229948903175 0.963838791995
vn 0.097020351219 0.247878586338 0.963920773655
vn 0.0788716115616 0.200990529208 0.976412861477
vn 0.109096988615 0.186476808704 0.976383247957
vn 0.0570897838158 0.259869158414 0.963954758839
vn 0.0157940251319 0.265168737171 0.964072657841
vn 0.0130406414463 0.215107788406 0.976503241693
vn 0.0462326457548 0.210674042717 0.976462487857
vn -0.0257853944879 0.264035387786 0.964168256804
vn -0.0666021363246 0.256297719086 0.964300593502
vn -0.0538036028989 0.2080188723 0.976643907001
vn -0.0209287667683 0.214105813442 0.976586241646
vn -0.105677478183 0.242353681539 0.964415348099
vn -0.141987049002 0.22241902072 0.964556611681
vn -0.115031797954 0.180664204843 0.976794825205
vn -0.0857358109665 0.196611446992 0.976725810875
vn -0.174705554025 0.197125467562 0.964686228486
vn -0.20303192571 0.167054914854 0.964816403553
vn -0.164693060537 0.135821868881 0.976948624926
vn -0.141815434388 0.159976403148 0.976880715853
vn -0.226256827688 0.132958353312 0.964950736675
vn -0.243898260353 0.0957463885476 0.965062830948
vn -0.197965032756 0.0779462424518 0.977105024597
vn -0.183666953286 0.107917727951 0.977046679675
vn -0.25541634977 0.0562579535389 0.965193001909
vn -0.260732369821 0.0155253212645 0.965286276566
vn -0.211807741433 0.0127954249439 0.977227587499
vn -0.207473972313 0.0456577022103 0.97717445988
vn -0.259590422118 -0.0255001542913 0.965382077146
vn -0.210897354681 -0.0208017876892 0.977286852167
vn -0.160761264772 -0.0703712998849 0.984481435021
vn -0.169884893033 -0.044378629375 0.984464148852
vn -0.147690243378 -0.0947236578997 0.984487186633
vn -0.119597418863 -0.0767750111435 0.989849511322
vn -0.130205730703 -0.0570338584095 0.989845243807
vn -0.137627586496 -0.0359003260781 0.989833225358
vn -0.130974833148 -0.116708516635 0.984492110292
vn -0.111046240567 -0.135847004039 0.984486832796
vn -0.0898574686026 -0.110109216924 0.989849279277
vn -0.106051151219 -0.0946112296292 0.98984941711
vn -0.0883715303885 -0.151672036683 0.98447248103
vn -0.0635174601939 -0.163746041801 0.984455568345
vn -0.0513009650547 -0.13262092079 0.98983832132
vn -0.0714812154193 -0.122917537095 0.989839236905
vn -0.0370628072693 -0.171858531418 0.98442419388
vn -0.0096547770781 -0.175712547384 0.984394172053
vn -0.00764611066501 -0.142353141556 0.989786401241
vn -0.0298705096741 -0.139253835885 0.989806103155
vn 0.0180322732015 -0.175283332607 0.984352879019
vn 0.0453542249157 -0.170560838385 0.984302796243
vn 0.036873571349 -0.137980397952 0.989748326352
vn 0.0147737711565 -0.141870803246 0.989774929402
vn 0.0715978943998 -0.161545217605 0.984264641337
vn 0.0961415808483 -0.148584441469 0.984215149337
vn 0.0780573959032 -0.120221202997 0.989673635748
vn 0.0581320937351 -0.130690566424 0.98971745237
vn 0.118420866654 -0.131925772798 0.984160601128
vn 0.137843286565 -0.11199216605 0.984102120256
vn 0.111735118682 -0.0905198348161 0.989606701047
vn 0.0959773097015 -0.106619875699 0.989656788047
vn 0.153843342445 -0.0891855050306 0.984062077146
vn 0.166173400278 -0.0641792908643 0.984005802658
vn 0.134504128042 -0.0517458341789 0.989561017919
vn 0.124566099547 -0.07198924622 0.98959629914
vn 0.17436699667 -0.0374921046749 0.983966713136
vn 0.178308553771 -0.0098335990421 0.983925484974
vn 0.144269689235 -0.00779836147491 0.989507676739
vn 0.141067968105 -0.0301537166826 0.989540591257
vn 0.177848524811 0.0181320141862 0.983890813192
vn 0.172979269674 0.0456617475443 0.983866442702
vn 0.139985839108 0.0370900988079 0.989458583984
vn 0.143945148274 0.0148101359062 0.989474837559
vn 0.163829155157 0.0720998771258 0.983850403079
vn 0.15064449095 0.0968065195485 0.983836742107
vn 0.121883555835 0.0784304383933 0.989440784055
vn 0.132489716499 0.0584375673863 0.989460219382
vn 0.133709608604 0.119098955811 0.98383798427
vn 0.113501783709 0.138446500426 0.98384445499
vn 0.0918472169663 0.112118832107 0.989440981677
vn 0.108123250615 0.0964089219774 0.989451707988
vn 0.0904901363544 0.154424106471 0.983851986105
vn 0.0652636015381 0.166487425143 0.983881395079
vn 0.0528164388225 0.134812689629 0.989462461393
vn 0.0731336002686 0.124861769412 0.989475120986
vn 0.038462928112 0.174475803372 0.983909953806
vn 0.0107582443295 0.178162697482 0.983942230725
vn 0.0087316496375 0.144150168934 0.989517300046
vn 0.0311243618572 0.141171210063 0.9894958128
vn -0.0171727826529 0.177444739117 0.98398092466
vn -0.0445883912743 0.172333473268 0.984028988066
vn -0.0360599343368 0.139547274789 0.989558608287
vn -0.0138476692986 0.143560013592 0.989544725898
vn -0.0708495922428 0.163002526617 0.984078508858
vn -0.0953367613193 0.149730004663 0.984119823825
vn -0.0771387684863 0.121248615219 0.989620323005
vn -0.0573311777616 0.131995942332 0.989590929255
vn -0.117352164682 0.132719186387 0.984181937961
vn -0.136457234188 0.112539333266 0.984232859493
vn -0.110397302219 0.0911345159429 0.989700427234
vn -0.0949074827475 0.10740910224 0.989674620506
vn -0.152168211443 0.0896333294572 0.984281820251
vn -0.164099764358 0.0646008556836 0.984326163821
vn -0.132903325191 0.0523552694342 0.989745235864
vn -0.12315148478 0.0725959870615 0.989729020722
vn -0.171963655975 0.0380243169179 0.984369164667
vn -0.175618651326 0.0105725797445 0.984401498304
vn -0.142095799175 0.0085872521312 0.989815661099
vn -0.139119533895 0.0307885911823 0.989796856906
vn -0.174887534901 -0.0170819375111 0.984440225482
vn -0.141552221572 -0.0138227033129 0.989834279787
vn -0.115336099324 -0.050502735428 0.992041862981
vn -0.121897764126 -0.0317614529492 0.992034346788
vn -0.105919836494 -0.0679887163564 0.992047641338
vn -0.0939186179218 -0.0837903178752 0.992047617727
vn -0.0795717037766 -0.0975189781837 0.992047575902
vn -0.0632960766211 -0.108876527884 0.992038057919
vn -0.0454107130055 -0.11754752286 0.992028450708
vn -0.0264092282484 -0.123328003362 0.992014493972
vn -0.00671968097299 -0.126071406997 0.991998410395
vn 0.0131550326034 -0.125719838247 0.99197856196
vn 0.0327638298966 -0.122267244619 0.991956275419
vn 0.0515961157079 -0.1157993464 0.991931626785
vn 0.0691940668042 -0.106438366195 0.991908793852
vn 0.0851281639928 -0.094465036323 0.991881823912
vn 0.098990009384 -0.0801025547686 0.991859142601
vn 0.110470398791 -0.0637533327616 0.991832548141
vn 0.119226255403 -0.045790059248 0.991810652542
vn 0.125077944487 -0.0266754776029 0.991788246904
vn 0.127840338137 -0.00685579107357 0.991771065354
vn 0.127487621778 0.0131687693242 0.991752736224
vn 0.123962817317 0.0328757395386 0.991742106433
vn 0.117408259865 0.0518042387818 0.99173162769
vn 0.107935602172 0.0694671406832 0.991727897232
vn 0.0958353776025 0.0854460214332 0.991723024751
vn 0.0813417298878 0.0992912369109 0.991728175082
vn 0.0648701042512 0.110710421902 0.991733367421
vn 0.0468122509997 0.119360235601 0.991746816135
vn 0.0276360407035 0.125104887823 0.991758547378
vn 0.00778962044819 0.127749779383 0.991775839432
vn -0.012216872191 0.127223970148 0.991798774678
vn -0.0318669155953 0.123587254017 0.991821904545
vn -0.0507108568215 0.116953283673 0.991841891855
vn -0.0682544342141 0.107408423032 0.991869327518
vn -0.0841006169199 0.0952799347937 0.99189153654
vn -0.0978131166522 0.0808021411922 0.991919154059
vn -0.109092679556 0.0644049914262 0.991942934017
vn -0.117677574246 0.0464257717004 0.991966045912
vn -0.123336309019 0.0273594937134 0.99198770808
vn -0.125964476756 0.0076463473117 0.992005284244
vn -0.125477348197 -0.0122110667145 0.992021332905
vn -0.0053362671092 -0.0025423404012 -0.999982530227
vn -0.00495226592347 -0.00328385622925 -0.999982345519
vn -0.00561433590291 -0.00177434261915 -0.99998266532
vn 0.0595779082779 0.0153824618397 -0.998105131092
vn 0.0563816534023 0.0245859546377 -0.998106527378
vn 0.0517443919084 0.0331612664922 -0.99810963742
vn -0.00443585386882 -0.00393268235752 -0.999982428451
vn -0.00385323471192 -0.00451530197215 -0.99998238216
vn 0.0458657016428 0.0409426758598 -0.998108227952
vn 0.0388119101512 0.0476665598961 -0.99810897937
vn -0.00316468468995 -0.00497874982312 -0.999982598259
vn -0.00242316844759 -0.00534950978056 -0.999982755351
vn 0.0308231897793 0.0532559449775 -0.998105072273
vn 0.0220272780388 0.0574865334149 -0.998103249919
vn -0.00162868741241 -0.00557461506933 -0.99998313538
vn -0.000807642041748 -0.00569321879896 -0.99998346735
vn 0.0127062982657 0.0603257714432 -0.998097866586
vn 0.00303151787851 0.0616360016074 -0.998094090357
vn 1.32402658949e-05 -0.00566674112118 -0.999983943806
vn 0.000834123649352 -0.00553434349862 -0.999984337517
vn -0.00672106757784 0.0614664218203 -0.998086522421
vn -0.0163323563021 0.0597297609404 -0.998080963547
vn 0.00160204741155 -0.00524306570031 -0.99998497174
vn 0.00234325809408 -0.00487185829969 -0.999985386962
vn -0.0255595339645 0.056560680068 -0.998071941141
vn -0.034163435468 0.0519383448482 -0.99806576337
vn 0.00299195806135 -0.00435554931531 -0.999986038591
vn 0.00357446419211 -0.00377304641867 -0.999986493572
vn -0.0419745365446 0.0460624913903 -0.998056303607
vn -0.048735506009 0.0390088512269 -0.998049678112
vn 0.00403742006169 -0.00308432359668 -0.99998709301
vn 0.00440806968866 -0.00234302829508 -0.999987539492
vn -0.0543466147687 0.0310009450462 -0.998040774152
vn -0.0586024203043 0.0221841586969 -0.998034878868
vn 0.00463310927087 -0.00154878215877 -0.999988067715
vn 0.00475224738601 -0.000728060103368 -0.99998844297
vn -0.061457485155 0.0128353165889 -0.998027170054
vn -0.0627721959571 0.00312910521184 -0.998022975745
vn 0.00472530264651 9.26524999392e-05 -0.999988831403
vn 0.00459294194136 0.00091329379338 -0.999989035329
vn -0.0626024950619 -0.00665517155232 -0.99801635072
vn -0.0608538627995 -0.016295962617 -0.998013651703
vn 0.00430174789423 0.00169422685889 -0.999989312223
vn 0.00393113524098 0.00242221467017 -0.999989339469
vn -0.0576627799025 -0.0255466159631 -0.998009205482
vn -0.0530099684429 -0.0341645811836 -0.998009381037
vn 0.00341492688461 0.00307078629907 -0.999989454217
vn 0.00283253597241 0.00365317602316 -0.999989315465
vn -0.047103963132 -0.0419823764446 -0.998007363062
vn -0.0400171975864 -0.0487375803309 -0.998009655344
vn 0.00214425595526 0.0041164407626 -0.999989228483
vn 0.00140303076623 0.00448705193586 -0.999988948874
vn -0.0319809757135 -0.0543354722653 -0.998010457684
vn -0.0231394978585 -0.058565453825 -0.998015356223
vn 0.00060886295345 0.00471206555489 -0.999988712798
vn -0.000211799848381 0.00484490912196 -0.999988240929
vn -0.0137769008343 -0.0613964236923 -0.998018374661
vn -0.00406447322721 -0.0626776843049 -0.998025544737
vn -0.00103252106028 0.00480519518339 -0.999987921927
vn -0.00185324205837 0.00467281832674 -0.999987365052
vn 0.00571533491118 -0.06248863445 -0.998029310948
vn 0.0153285018111 -0.060714896494 -0.998037443374
vn -0.00263425060555 0.00439482949077 -0.999986873013
vn -0.00336264418379 0.0040113434254 -0.99998630078
vn 0.0245702166192 -0.0574814497026 -0.998044181084
vn 0.0331597892336 -0.0528278797011 -0.998052926204
vn -0.00401134091504 0.00349502959018 -0.999985846856
vn -0.00459384319984 0.00291252258545 -0.999985206799
vn 0.0409436500925 -0.0468990913002 -0.998060164896
vn 0.0476666715742 -0.039817063584 -0.99806938129
vn -0.00505770270704 0.00222432948726 -0.999984735884
vn -0.0054284214157 0.00148288597931 -0.99998416652
vn 0.053243312665 -0.031800114998 -0.998075098548
vn 0.0574487055178 -0.0229940633559 -0.998083623393
vn -0.00566673961298 0.000688481788922 -0.999983706895
vn -0.00578647695417 -0.000132413108832 -0.999983249435
vn 0.0602644225908 -0.0136447751463 -0.998089184132
vn 0.0615419129163 -0.00397843747288 -0.998096570974
vn -0.00574675152401 -0.000953378273357 -0.999983032814
vn 0.061339148043 0.0057842377117 -0.998100221176
vn 0.159889813266 0.0704857774486 -0.984615154663
vn 0.144364326483 0.0923673317693 -0.985204150043
vn 0.164790355687 0.0436279194986 -0.985363254497
vn 0.226763270182 0.0589023269679 -0.972167133354
vn 0.241171515622 0.102784376821 -0.965024182046
vn 0.237929155746 0.152383684219 -0.959254361277
vn 0.13320138516 0.119547080297 -0.983852573602
vn 0.108537096349 0.132630133712 -0.985205027569
vn 0.220463933965 0.198630392858 -0.954956344999
vn 0.17944357599 0.218830603691 -0.959121040288
vn 0.087452414001 0.151667098359 -0.984555314119
vn 0.0615489786394 0.158881751574 -0.985377243621
vn 0.128325188442 0.228681316824 -0.96500647736
vn 0.0837726311552 0.216112179958 -0.972768046321
vn 0.0353451877361 0.166934080662 -0.985334324185
vn 0.00923498738477 0.170439217886 -0.985324914946
vn 0.0486764266741 0.225948571336 -0.972922324031
vn 0.0127976002306 0.231896765699 -0.972656214439
vn -0.0184144141605 0.17440176548 -0.98450237864
vn -0.0441259704808 0.166628481621 -0.985031901941
vn -0.0238618755948 0.261197108385 -0.964990508484
vn -0.072550711753 0.275125751946 -0.95866689462
vn -0.0736521171566 0.164627603135 -0.983602113623
vn -0.0938753040994 0.145207950342 -0.984937601291
vn -0.122471895682 0.273351553726 -0.95408572091
vn -0.154694215463 0.240534645623 -0.958234200996
vn -0.118732692716 0.131119897292 -0.984230725092
vn -0.133825895799 0.108590403296 -0.98503743783
vn -0.180970310804 0.195593279021 -0.963842837712
vn -0.184059885441 0.149659952801 -0.971454505934
vn -0.153423239199 0.0883925329829 -0.984199202289
vn -0.162213837469 0.0628296097351 -0.984753324988
vn -0.228829850684 0.136128814828 -0.963901366951
vn -0.268247138313 0.10423623037 -0.957694252392
vn -0.178055475571 0.0376242857772 -0.983300900406
vn -0.174139013054 0.00970824986184 -0.984673221946
vn -0.296533164956 0.062424578693 -0.952980196046
vn -0.288650378693 0.0166025262491 -0.957290611571
vn -0.177347966746 -0.0188564687873 -0.983967546353
vn -0.167824947024 -0.0444089305002 -0.984816040714
vn -0.267137693795 -0.0314279655515 -0.963145749892
vn -0.231258273629 -0.0610860677128 -0.970972761312
vn -0.162917004356 -0.0722334533044 -0.983992061917
vn -0.147231159179 -0.0943962819948 -0.984587389576
vn -0.246642816537 -0.105517391263 -0.96334490251
vn -0.243835403668 -0.156360679405 -0.957128849139
vn -0.136000097497 -0.122005364947 -0.983167668511
vn -0.110947083519 -0.135173148491 -0.984590759953
vn -0.226206912261 -0.203767451459 -0.952527825615
vn -0.184133631031 -0.22413790969 -0.957004181476
vn -0.0895563110755 -0.154392958821 -0.9839423161
vn -0.0632624022756 -0.161518718157 -0.984839871321
vn -0.131653842511 -0.233645489336 -0.963367557615
vn -0.086038472195 -0.220222964152 -0.971647686851
vn -0.0366960429697 -0.169469787275 -0.984851964323
vn -0.0103120072443 -0.172791111256 -0.984904510284
vn -0.0503552651159 -0.229843094998 -0.971924122016
vn -0.0139403424508 -0.235427946446 -0.971791823841
vn 0.0175384228682 -0.176550514837 -0.984135315612
vn 0.0433717829299 -0.168424195709 -0.984759959962
vn 0.0231211722315 -0.264920265798 -0.963993083048
vn 0.0721945175083 -0.278406197658 -0.957746282033
vn 0.072889847467 -0.166044235325 -0.983420755349
vn 0.0930050591816 -0.14628401372 -0.984860927388
vn 0.122200046847 -0.275751046597 -0.953429865722
vn 0.154135189684 -0.242024244872 -0.957949167856
vn 0.11770671512 -0.131912318363 -0.98424807314
vn 0.13249641785 -0.109174288018 -0.98515261462
vn 0.17980441151 -0.196211969722 -0.963935286489
vn 0.182457472047 -0.149999672448 -0.971704363044
vn 0.151729709364 -0.0888280642029 -0.984422505993
vn 0.160246077308 -0.0632948243527 -0.985045663874
vn 0.226418684241 -0.136091768441 -0.964475821361
vn 0.264666190424 -0.104029380976 -0.958712519758
vn 0.175614170815 -0.0381625239345 -0.983719108677
vn 0.171532430644 -0.0104606087376 -0.985122936949
vn 0.29161574357 -0.0624035028909 -0.954497805618
vn 0.283377921193 -0.0171649967297 -0.958854690069
vn 0.174417630786 0.0178217873329 -0.98451047428
vn 0.261886405882 0.0301072727887 -0.964628976622
vn 0.0453259399314 0.117840158332 -0.991997608996
vn 0.0581956141941 0.112200560879 -0.99197999205
vn 0.0541374865428 0.101379033566 -0.993373758514
vn 0.0427007116076 0.106228914575 -0.993424414305
vn 0.0658870713354 0.111773700024 -0.991547040646
vn 0.0671796829264 0.110504777601 -0.991602533442
vn 0.0734476342718 0.111593984767 -0.991035936575
vn 0.0586128906964 0.101034278164 -0.993154873965
vn 0.0432589664044 0.0850705452989 -0.995435414353
vn 0.0417772284981 0.082364040885 -0.99572628164
vn 0.0332179471724 0.0846697451832 -0.995855211482
vn 0.00678340051584 0.126441143368 -0.991950917506
vn 0.026924760859 0.12493455317 -0.991799583927
vn 0.0239432270716 0.112299318031 -0.993385919493
vn 0.00441007132377 0.114435253718 -0.993420919841
vn 0.0186698756804 0.0883345413335 -0.995915882266
vn 0.00424530190274 0.0910737360432 -0.995835102823
vn -0.0967767466753 0.0782896748471 -0.992222247339
vn -0.0890976472709 0.0895165447281 -0.991992135791
vn -0.0809444575196 0.0831179328007 -0.993246899841
vn -0.0893564156233 0.0722147865453 -0.993378304369
vn -0.0871134309968 0.0978844252691 -0.991377773318
vn -0.0854904834493 0.0987055089525 -0.991437642891
vn -0.0845877819828 0.105010710457 -0.990867124204
vn -0.0790526743901 0.0875263858022 -0.993020546847
vn -0.0685592600611 0.0678736681623 -0.995335517818
vn -0.0668285793933 0.0656649368792 -0.995601354479
vn -0.0726235624899 0.0585184526913 -0.995641204886
vn -0.121184795129 -0.0321429191994 -0.992109408369
vn -0.125797126554 -0.0193027854088 -0.991868179461
vn -0.115776103297 -0.0164439700824 -0.993139209655
vn -0.111853531916 -0.0296968679748 -0.99328086835
vn -0.131477911591 -0.0127494861611 -0.991237110568
vn -0.131169665931 -0.0109617715779 -0.991299328308
vn -0.135775987663 -0.00649519453309 -0.99071827157
vn -0.118253190796 -0.0123125047115 -0.992907138203
vn -0.0960254232688 -0.0153686499881 -0.995260228625
vn -0.093202276353 -0.0152663085353 -0.995530147965
vn -0.0908294158583 -0.0241877402338 -0.995572684658
vn -0.0468509068442 -0.119689284159 -0.991705333144
vn -0.0597289149058 -0.114017902696 -0.991681589316
vn -0.0555939272709 -0.10305730807 -0.993120590112
vn -0.0440633355296 -0.107884045727 -0.993186515786
vn -0.06754414749 -0.113690935722 -0.991217513604
vn -0.0688277256699 -0.112388871833 -0.991277703606
vn -0.075172830188 -0.113515132883 -0.990688326472
vn -0.0601236248072 -0.102717101073 -0.992891910979
vn -0.0445618985191 -0.0865044338679 -0.995254349461
vn -0.0430673760639 -0.083754712136 -0.995555296964
vn -0.0344302779888 -0.086027384513 -0.995697667503
vn -0.00783684238778 -0.128124108313 -0.991727178598
vn -0.0281632386882 -0.126734574097 -0.991536776784
vn -0.025123540975 -0.113916808698 -0.993172577342
vn -0.00545262955572 -0.115960413898 -0.993238869175
vn -0.0197996016105 -0.0896843254562 -0.995773416769
vn -0.00527896123891 -0.0923335332044 -0.995714141315
vn 0.0955801600261 -0.0790030608264 -0.992281688529
vn 0.088036851784 -0.0903119413607 -0.992014750886
vn 0.0798865760867 -0.0839334611344 -0.993263967464
vn 0.0881961296306 -0.0729478374782 -0.99342843513
vn 0.0861004679219 -0.0987421287611 -0.991381208936
vn 0.0844492681755 -0.0995294942389 -0.991444502169
vn 0.0835837317157 -0.105871472822 -0.990860732411
vn 0.0780260937768 -0.0883507392592 -0.993028738538
vn 0.0674981890171 -0.0686726372349 -0.995353235477
vn 0.0657550964487 -0.0664657873517 -0.995619689642
vn 0.0715215925695 -0.059303117878 -0.995674546228
vn 0.119146399602 0.0310284578592 -0.99239174234
vn 0.123790148828 0.0182983097722 -0.992139693245
vn 0.113896294673 0.0154678295647 -0.993372226463
vn 0.109953840325 0.0286133639954 -0.993524749767
vn 0.129407841703 0.0118163814182 -0.991521045483
vn 0.129123284571 0.0100275612076 -0.991577846363
vn 0.133697654255 0.00558244351942 -0.991006444768
vn 0.11637418911 0.0113788874403 -0.993140256474
vn 0.094411792524 0.0144285423161 -0.995428666756
vn 0.0916211431033 0.0143198303473 -0.99569097043
vn 0.0892389981504 0.0231860611979 -0.9957403315
vn 0.0920450838666 0.0323968546894 -0.995227685679
vn 0.0864146885989 0.0321221483244 -0.995741266184
vn 0.067285860486 0.0231782403015 -0.997464476638
vn 0.0821937762209 0.0128442394948 -0.996533596354
vn 0.0680413662664 0.0176270646797 -0.997526771103
vn 0.0539407277336 0.0138901318207 -0.998447525977
vn 0.0551296716026 0.0154305501875 -0.998359963856
vn 0.0751031011862 -0.00817758982921 -0.997142242219
vn 0.0301281349338 0.0647574841792 -0.997446120714
vn 0.0251195443169 0.0652480893071 -0.997552853404
vn 0.0247877028234 0.0780727290047 -0.996639462782
vn 0.00311856256497 0.0741945342603 -0.997238911021
vn 0.0207641194438 0.0532413299884 -0.99836577071
vn 0.0199105930607 0.0520484975539 -0.998446053719
vn 0.0144116291734 0.0684141712442 -0.997552908931
vn 0.00345250131774 0.0700962350257 -0.997534259096
vn 0.0114556985796 0.0545973692693 -0.998442734582
vn 0.00269602949136 0.0558135525015 -0.998437568795
vn -0.00313368962596 0.0978662854472 -0.995194639335
vn -0.0048070717559 0.0920578419911 -0.995742057859
vn -0.00202532105222 0.071366299149 -0.997448118661
vn 0.0124276729198 0.0823625670956 -0.99652494223
vn 0.00159843388855 0.0573996142362 -0.998350003403
vn 0.030215764009 0.069045070642 -0.997155848313
vn -0.0532742257559 0.0490002473939 -0.997376976186
vn -0.0554956438924 0.044507446947 -0.997466450902
vn -0.067557004854 0.0480592241731 -0.996557254786
vn -0.0705788374063 0.0261689991288 -0.997162880975
vn -0.0450876029054 0.0364768219347 -0.99831685828
vn -0.0441963058259 0.0353024464427 -0.998398930201
vn -0.0818423408013 0.0554065394416 -0.995103987852
vn -0.0782609721373 0.0509899214821 -0.995628067175
vn -0.0596452091516 0.0406658202055 -0.997390966518
vn -0.0600367432909 0.0588641511066 -0.996459031355
vn -0.0461408818881 0.0353342777234 -0.998309825573
vn -0.0387298680804 0.0654023231505 -0.997107082236
vn -0.0716576208605 -0.0140842205359 -0.997329845189
vn -0.06933579258 -0.0185506289375 -0.9974208851
vn -0.0793080308385 -0.0262331363351 -0.996504921615
vn -0.0632980110331 -0.041534567553 -0.997130002305
vn -0.0566595771666 -0.0148222154664 -0.998283523977
vn -0.0551696213467 -0.0147924806804 -0.998367415031
vn -0.0937080476938 -0.0334801244787 -0.99503662398
vn -0.0880030716663 -0.0331751191567 -0.995567612393
vn -0.0686484041552 -0.0241535093844 -0.997348487035
vn -0.08366068933 -0.0137762723517 -0.996399068336
vn -0.0563742714555 -0.0163443482827 -0.998275915665
vn -0.0764313522868 0.00735621232854 -0.997047709254
vn -0.0313014864873 -0.0659351643068 -0.997332828624
vn -0.026262898074 -0.0665126660553 -0.997439885627
vn -0.0259462605857 -0.0793209771759 -0.996511401912
vn -0.00414819549767 -0.0753209041649 -0.99715071773
vn -0.021869801292 -0.0542989320437 -0.998285198613
vn -0.0210208945362 -0.0530917888238 -0.998368360853
vn -0.0155038367398 -0.0695123638142 -0.997460606903
vn -0.00448520959164 -0.0712233363687 -0.997450309164
vn -0.0125149002124 -0.0556409574385 -0.998372406033
vn -0.00373928927301 -0.0568228063334 -0.998377276582
vn 0.00212600779731 -0.0991642189826 -0.995068810568
vn 0.00379391971217 -0.0932981328472 -0.995630988158
vn 0.0010235753312 -0.0724480191541 -0.997371664333
vn -0.0135051397744 -0.0836002587156 -0.996407852208
vn -0.00262871993792 -0.0584240121069 -0.998288397529
vn -0.0313961178026 -0.0702595027225 -0.997034546074
vn 0.0522159342492 -0.0498247099584 -0.997392096664
vn 0.0544218707986 -0.0453166154739 -0.997489180062
vn 0.0664451467165 -0.048842548209 -0.996593923302
vn 0.0693660641886 -0.0269437180175 -0.997227348802
vn 0.0440258288559 -0.037295856732 -0.998333984929
vn 0.0431393608157 -0.0361193452665 -0.998415939599
vn 0.0806647999033 -0.0561532151771 -0.995158282125
vn 0.077087199416 -0.0517405921273 -0.995680910138
vn 0.0585443613943 -0.0414676714792 -0.997423174972
vn 0.0589863776556 -0.0596739014096 -0.996473598617
vn 0.0450923209114 -0.0361690005435 -0.998327844946
vn 0.037743862051 -0.0663146091228 -0.997084637077
vn 0.0703173823621 0.0131629329346 -0.997437819082
vn 0.0778285660375 0.0252291171856 -0.996647483293
vn 0.0619372072234 0.0404595915381 -0.99725964714
vn 0.0554142042568 0.0139003165571 -0.998366689732
vn 0.0445753023699 0.00874737978926 -0.998967730092
vn 0.0670835190018 -0.0234852263179 -0.997470924701
vn 0.0424971667003 0.0108470822406 -0.999037702807
vn 0.0296660487564 0.00746401111652 -0.999531997531
vn 0.0324441311207 0.00190607526259 -0.999471733083
vn 0.0592069402846 -0.0366760734853 -0.997571753738
vn 0.013196416119 0.0436432317816 -0.998960020682
vn 0.0156959943505 0.0410714153506 -0.999032919679
vn -0.0139960017507 0.0682193158723 -0.997572171262
vn -0.028821485826 0.0622234768271 -0.997646009808
vn 0.00510401269401 0.0319170911344 -0.999477487664
vn 0.0112163756893 0.028828528895 -0.999521439909
vn 0.00900072275204 0.0432062532857 -0.999025628634
vn 0.00200635018059 0.0441118533832 -0.999024583757
vn 0.00627673126953 0.0305956649282 -0.99951213496
vn 0.000977895769225 0.0310346144462 -0.99951783197
vn 0.00468255948499 0.0453299747191 -0.998961093851
vn 0.0422577680695 0.0566580425029 -0.997498945993
vn 0.00739284993705 0.0316544658262 -0.999471530642
vn 0.0523252794412 0.0450864278873 -0.997611787797
vn -0.0382487649169 0.0262601378069 -0.998923138757
vn -0.0349873958662 0.0277890321033 -0.999001327239
vn -0.0701823813055 0.00797765102074 -0.997502275906
vn -0.0690392603252 -0.0080090905855 -0.99758179364
vn -0.0295740442582 0.0148687937812 -0.999451997285
vn -0.0246771386796 0.0193639442907 -0.999507917171
vn -0.0345053645709 0.0307118742644 -0.998932510531
vn -0.021589027084 0.0678255272553 -0.997463589191
vn -0.0217921350646 0.0248858269597 -0.999452749491
vn -0.00629253190875 0.0691433000121 -0.997586892509
vn -0.0443357392902 -0.0152973731992 -0.998899560814
vn -0.0436583459507 -0.0117455748937 -0.998977472368
vn -0.0483074979208 -0.0518874952613 -0.997483871288
vn -0.034657934091 -0.060349265293 -0.997575457689
vn -0.0299935907158 -0.0149626966995 -0.999438093242
vn -0.0307489238297 -0.00835021584841 -0.999492259889
vn -0.0457376875093 -0.0096297252021 -0.998907068918
vn -0.0682922123919 0.0227089645911 -0.997406876181
vn -0.0335194076269 -0.00276941029108 -0.999434229792
vn -0.0603433148051 0.0358741536279 -0.997532821244
vn -0.0142583096464 -0.044625563945 -0.998902027052
vn -0.016776908293 -0.042047040205 -0.998974765326
vn 0.0130144646685 -0.0692459250122 -0.997514724492
vn 0.0278352484463 -0.0631617390895 -0.997615052843
vn -0.00613596970609 -0.0328206220046 -0.999442422877
vn -0.0122607748937 -0.02974700801 -0.99948226043
vn -0.0100448353869 -0.0441888947242 -0.998972693753
vn -0.00303067141158 -0.0450690139149 -0.998979278572
vn -0.00730894071565 -0.0315087472911 -0.999476752221
vn -0.00199976343219 -0.0319418108087 -0.999487729624
vn -0.00571716757424 -0.0462978508458 -0.998911318888
vn -0.0435024192487 -0.0578126227395 -0.997379185752
vn -0.00843100641504 -0.0325780612656 -0.999433633642
vn -0.0536161769981 -0.0461898648908 -0.997492757841
vn 0.0371915561486 -0.0270891089261 -0.998940923343
vn 0.0339479395787 -0.028622226468 -0.999013666348
vn 0.0688974519984 -0.00881350537133 -0.997584815056
vn 0.0677183006083 0.00712824279459 -0.997679016476
vn 0.0285259365577 -0.0157130938271 -0.999469544121
vn 0.0236348776437 -0.0202118947835 -0.99951631896
vn 0.0334556465541 -0.0315526903834 -0.998942014054
vn 0.020613058705 -0.0688253815118 -0.997415745149
vn 0.0207563744207 -0.0257308172536 -0.999453399596
vn 0.00527940607621 -0.0702026386861 -0.997518780471
vn 0.0431729581661 0.014381668589 -0.998964095096
vn 0.0470435147326 0.0507688483915 -0.997601840292
vn 0.0334805464103 0.0591959806573 -0.997684764285
vn 0.0289003692966 0.0140692006724 -0.999483279624
vn 0.00307653322417 0.00883177206612 -0.999956266416
vn 0.00412414622876 0.0083809021812 -0.999956374997
vn 0.0131836647288 0.021761798486 -0.99967625515
vn 0.00877955459813 0.0226009691195 -0.999706014594
vn 0.00470762778765 0.00804938079196 -0.99995652191
vn 0.0047062399049 0.00730461305954 -0.999962246254
vn 0.00542157499989 0.00677365501346 -0.999962361353
vn 0.0216139315766 0.0259667366822 -0.999429120322
vn 0.0676358023301 0.0817646200311 -0.994354034112
vn 0.0488411672723 0.0823462081449 -0.995406270014
vn 0.0336774918261 0.0862060064868 -0.995707964711
vn 6.63112149371e-05 0.00952228038586 -0.999954659862
vn 0.00160456965287 0.00930915786666 -0.999955381473
vn 0.0046774453696 0.0235350800564 -0.999712069304
vn 0.000618528878523 0.0243512207684 -0.999703273711
vn 0.0189668533372 0.0898877865662 -0.995771281119
vn 0.00441301101784 0.0925927044864 -0.99569428863
vn -0.00821174394322 0.00586363585149 -0.999949091222
vn -0.00749537490721 0.00669940557354 -0.999949467383
vn -0.0174143375316 0.0194226472958 -0.999659692906
vn -0.0199512986218 0.0154683148238 -0.999681287671
vn -0.00696403494448 0.00714974234844 -0.99995019046
vn -0.00621937237747 0.00694872407514 -0.999956516375
vn -0.0055292529663 0.00743863568627 -0.999957046108
vn -0.0187830361329 0.0287961031704 -0.999408816249
vn -0.0578085491193 0.0900958714659 -0.994253944218
vn -0.0644650788378 0.0723944618427 -0.995290558332
vn -0.0738431088047 0.0594509228691 -0.995496249642
vn -0.0101383353266 -0.0029592263088 -0.999944227013
vn -0.0103904669178 -0.00191089026936 -0.999944191791
vn -0.0265201508353 -0.00244158099834 -0.999645297234
vn -0.0248151424154 -0.00681675498036 -0.999668815438
vn -0.0104425047238 -0.00119418728163 -0.99994476248
vn -0.00982924964655 -0.000716300986845 -0.999951435203
vn -0.00982826742395 0.000132635125256 -0.999951692617
vn -0.0349412648643 0.00196929305715 -0.999387427325
vn -0.107790873387 0.00643172093226 -0.99415278533
vn -0.0972986359563 -0.00939536922574 -0.99521088342
vn -0.0922808709316 -0.024611485711 -0.995428809926
vn -0.00410045352712 -0.00970042623773 -0.999944542468
vn -0.00512224664971 -0.0092757770734 -0.999943859699
vn -0.014234170059 -0.0226532428231 -0.99964204543
vn -0.00983050823415 -0.0234989548636 -0.999675527473
vn -0.00573266946055 -0.00891748523775 -0.9999438059
vn -0.00575693608264 -0.00813134209673 -0.99995036825
vn -0.00644670537338 -0.00764054029136 -0.999950029818
vn -0.0226811133577 -0.0268808134251 -0.99938130309
vn -0.0691939309947 -0.0832643866097 -0.994122347519
vn -0.0501887966755 -0.0837572668047 -0.995221485372
vn -0.034919734685 -0.0875908730309 -0.995544298909
vn -0.0011013067163 -0.0103894366241 -0.999945421876
vn -0.00262721179951 -0.0101771303862 -0.999944760362
vn -0.00570692472045 -0.0244294058607 -0.999685268042
vn -0.00164258014444 -0.0252445635378 -0.999679955757
vn -0.0200883919113 -0.0912374704317 -0.995626526615
vn -0.00545366461154 -0.0938936476998 -0.995567295799
vn 0.00718954721874 -0.0067252771973 -0.999951539354
vn 0.00643344430466 -0.00757421981801 -0.999950619775
vn 0.0163899723459 -0.0202718080788 -0.999660153554
vn 0.0189225007219 -0.016311572754 -0.999687887073
vn 0.00594264386431 -0.00801195748305 -0.999950245523
vn 0.00519827917394 -0.00779741942396 -0.999956088108
vn 0.00450870982988 -0.00828806852611 -0.999955488737
vn 0.0177793889931 -0.0296687574269 -0.999401650069
vn 0.056855259477 -0.0910465092718 -0.99422231549
vn 0.0634275240586 -0.0732359048766 -0.995295660308
vn 0.07272491206 -0.0602313955182 -0.995531650004
vn 0.00911025246667 0.00209522503541 -0.999956305711
vn 0.00934894327599 0.00103435064616 -0.999955762711
vn 0.0254541626143 0.00157573322839 -0.999674748441
vn 0.0237508968799 0.00594444911308 -0.999700234281
vn 0.00941524690565 0.000331522367455 -0.999955620625
vn 0.00880264702257 -0.000145826756201 -0.999961245319
vn 0.00880264241567 -0.000994274790524 -0.999960761682
vn 0.0338366329784 -0.00281175683381 -0.999423421925
vn 0.106139712728 -0.00725756015233 -0.994324740315
vn 0.0956974218435 0.00847601122183 -0.995374382173
vn 0.0906780928212 0.0236150970345 -0.995600226333
vn 0.0891167271445 0.0574232706481 -0.994364509087
vn 0.0870419163135 0.0395423169893 -0.995419564792
vn 0.219904017231 0.0964190344377 -0.970744865041
vn 0.20471853435 0.131200221319 -0.969988053338
vn 0.228389243883 0.0595295580846 -0.971748210697
vn 0.188580517387 0.0506616738532 -0.980750112549
vn 0.178467000515 0.0782651432871 -0.980828270939
vn 0.163947033344 0.105264108152 -0.980836804873
vn 0.075511717114 0.0677030232183 -0.994843847659
vn 0.184004144484 0.163574660213 -0.96921917302
vn 0.154120629126 0.187835376964 -0.970033351405
vn 0.145384777108 0.129701667083 -0.980836757132
vn 0.123262391659 0.15093497368 -0.98082873965
vn 0.120524132341 0.205904427051 -0.971121671288
vn 0.0846540210325 0.218177711508 -0.972230519437
vn 0.0980648161062 0.168452312003 -0.980819611561
vn 0.0704703605807 0.181892243324 -0.980790059135
vn 0.0494323241868 0.228081542881 -0.972386371317
vn 0.0128479911612 0.234395549905 -0.972056405415
vn 0.0410967955923 0.190878552778 -0.980752992084
vn 0.0106741627131 0.195161213899 -0.980713088951
vn -0.0278872891243 0.102930679264 -0.994297528093
vn -0.0115930309907 0.0950726170397 -0.995402832587
vn -0.0246042824162 0.239414405821 -0.970605672543
vn -0.06255550367 0.236600161296 -0.969591239974
vn -0.0200751720594 0.194670470895 -0.980663242519
vn -0.050415611515 0.189416978202 -0.980601588049
vn -0.0419146151249 0.0931750570004 -0.99476709525
vn -0.100067071339 0.227176273039 -0.968698881078
vn -0.13272473701 0.206368415792 -0.969430874869
vn -0.0795716379606 0.179447927336 -0.980544132514
vn -0.106851469506 0.165059136577 -0.98047857952
vn -0.161135123687 0.180414377533 -0.970302078888
vn -0.185457240772 0.150753538497 -0.971019558236
vn -0.131579296917 0.146529346652 -0.980416258123
vn -0.153127597648 0.124371906677 -0.980348696979
vn -0.10056945961 0.0383040828983 -0.994192426559
vn -0.0847054444655 0.0471348765666 -0.995290556114
vn -0.210715821424 0.122348456418 -0.969860658968
vn -0.230606153685 0.089423260194 -0.968929451724
vn -0.170962571532 0.0990703763459 -0.980284070903
vn -0.184600979284 0.0712569727591 -0.980226974879
vn -0.100919617456 0.0211635315824 -0.994669460546
vn -0.24512518424 0.0532268623164 -0.96802920678
vn -0.24743906355 0.0142581594063 -0.968798541865
vn -0.193744284039 0.0416096683289 -0.980169264925
vn -0.19812978316 0.010879480628 -0.980115414595
vn -0.242886538553 -0.0242665937166 -0.969751133961
vn -0.232987699701 -0.0615712257448 -0.970528575544
vn -0.197579560273 -0.0201848996773 -0.980079020889
vn -0.192175442006 -0.0508085469944 -0.980044433198
vn -0.0908443509448 -0.0587295530512 -0.994131854182
vn -0.0886749500011 -0.0406672635731 -0.995230087425
vn -0.224630077755 -0.0988848639746 -0.969413798047
vn -0.209396827525 -0.134392350037 -0.968551322788
vn -0.181986675724 -0.0801918853995 -0.980025566695
vn -0.167326326194 -0.107648343958 -0.980007007427
vn -0.0771121480782 -0.0690594039072 -0.994627827557
vn -0.188361584969 -0.167388550226 -0.967729810723
vn -0.157857737629 -0.192001986063 -0.968615595589
vn -0.148494497049 -0.132417290377 -0.980007676274
vn -0.126006924208 -0.153929317892 -0.980014295888
vn -0.123553813202 -0.210165447869 -0.96982727316
vn -0.0869318935146 -0.222303852912 -0.971094147274
vn -0.100441760193 -0.17163647344 -0.980026720959
vn -0.0723914969432 -0.185071670241 -0.980055073985
vn -0.0511064617112 -0.232031986475 -0.97136465183
vn -0.0140033640733 -0.238030080106 -0.971156829127
vn -0.0425845136295 -0.193906540698 -0.980095307954
vn -0.0117998324501 -0.197967081805 -0.980137642618
vn 0.0269623920556 -0.104128858595 -0.994198275105
vn 0.0106093978111 -0.0963019403542 -0.995295622899
vn 0.0238568005502 -0.24261760175 -0.969828620112
vn 0.0620700248019 -0.239285658089 -0.968963201496
vn 0.0192233136534 -0.197133672112 -0.980188134764
vn 0.0497114271197 -0.191419738621 -0.980248569333
vn 0.0409841478077 -0.0942218028029 -0.994707269253
vn 0.0995892089623 -0.229164678492 -0.968279680459
vn 0.132017388356 -0.207654082266 -0.969252903679
vn 0.0788843542394 -0.181039474441 -0.980307078089
vn 0.106043518588 -0.166191478096 -0.980375012316
vn 0.160054368587 -0.181128560011 -0.970347898356
vn 0.183878000374 -0.151121858052 -0.971262613816
vn 0.130497976844 -0.147302214047 -0.980444968255
vn 0.151718123101 -0.12487785911 -0.980503509135
vn 0.0991639627274 -0.0390189368717 -0.994305803594
vn 0.0834636875009 -0.0478636040623 -0.995360682504
vn 0.208483650549 -0.122445820248 -0.970330659393
vn 0.227640516205 -0.0894874138991 -0.969624565559
vn 0.169132183941 -0.0994189610249 -0.980566251991
vn 0.18235087893 -0.0715916921967 -0.980623672242
vn 0.0994332435556 -0.0219132500029 -0.994802914929
vn 0.241422219516 -0.0534760792978 -0.968945623277
vn 0.243209567601 -0.014897688018 -0.969859353267
vn 0.191035759456 -0.0420846678011 -0.980680487899
vn 0.19502369143 -0.0115851014322 -0.980730108239
vn 0.238387191228 0.0230995349502 -0.970895441612
vn 0.194234259684 0.0191234504633 -0.980768752565
vn 0.11752473821 0.051931243093 -0.991711188754
vn 0.10806026668 0.0693480022238 -0.991722659493
vn 0.124297606277 0.0328423411775 -0.991701308711
vn 0.0746147700529 0.0194175611603 -0.997023367032
vn 0.0705960791776 0.0308380542774 -0.997028188174
vn 0.0648304215916 0.0415708857704 -0.997030028581
vn 0.095567669858 0.0858364760472 -0.99171514048
vn 0.0811985056217 0.0995016722586 -0.991718820988
vn 0.0574540054251 0.0512687649526 -0.997030867627
vn 0.0486627718622 0.05970582978 -0.997029161321
vn 0.0642248842862 0.111332928753 -0.991705673682
vn 0.0463430378841 0.119907786893 -0.991702800985
vn 0.03864745053 0.0666630331822 -0.99702678729
vn 0.0276826038214 0.0719717140703 -0.997022439978
vn 0.02653803066 0.125945378302 -0.991682154026
vn 0.00687527799946 0.128608126695 -0.991671659523
vn 0.0160008597598 0.0755265014015 -0.997015406136
vn 0.00392850581501 0.0771943611643 -0.99700832366
vn -0.0138537420468 0.12825290444 -0.991644727881
vn -0.0334106548101 0.1247331108 -0.991627641413
vn -0.00827254823006 0.0769454012465 -0.99700098805
vn -0.0202853469173 0.0748232500859 -0.996990464321
vn -0.0530398215505 0.117999324297 -0.991596156102
vn -0.0705800313253 0.108588919249 -0.991577987752
vn -0.0318345928118 0.0708319687384 -0.996980135662
vn -0.0426133788524 0.0650914377143 -0.996969008886
vn -0.0871972512004 0.0961088605518 -0.991544112133
vn -0.100979445566 0.0817250464241 -0.991526181379
vn -0.0523602904949 0.0577219352612 -0.996958664223
vn -0.0608440204238 0.048905105055 -0.996948492089
vn -0.112938720481 0.0646921556044 -0.991493706697
vn -0.121634270058 0.0467198362816 -0.991474841459
vn -0.0678402887092 0.0388797673796 -0.996938342585
vn -0.0732087460804 0.0278693263965 -0.996927168926
vn -0.127747071165 0.0268113427825 -0.991444319015
vn -0.130428268247 0.00699714459524 -0.99143305715
vn -0.0767473724874 0.0161565347476 -0.996919659351
vn -0.0784555085896 0.00402178477662 -0.996909503626
vn -0.130072470194 -0.0138556265549 -0.991407673014
vn -0.126477586625 -0.0335322159194 -0.991402547191
vn -0.0781969731693 -0.00822964416801 -0.996903960442
vn -0.0760493132327 -0.0202869828174 -0.996897657879
vn -0.119634834301 -0.0532657655941 -0.991388049473
vn -0.110126997425 -0.0708727089939 -0.99138746389
vn -0.0720268403369 -0.0318583202698 -0.996893766507
vn -0.0662356829634 -0.0426568858633 -0.996891781685
vn -0.0975137112615 -0.08752133686 -0.991378379687
vn -0.0829822046752 -0.10129091852 -0.991389985592
vn -0.0588232023789 -0.0524323814387 -0.996890503635
vn -0.0499686274466 -0.060905505573 -0.996891997993
vn -0.0658224796239 -0.113187978242 -0.99139088293
vn -0.0477537859614 -0.121774007022 -0.991408425998
vn -0.0398874415542 -0.0678869832387 -0.996895355347
vn -0.0288377126277 -0.0731998818695 -0.996900277673
vn -0.0277592334318 -0.127759143405 -0.991416676396
vn -0.00793902154113 -0.130318403117 -0.991440409579
vn -0.0171022000605 -0.0767142668046 -0.996906432932
vn -0.00495702260806 -0.078345517031 -0.996913942067
vn 0.0129118389533 -0.129802820821 -0.991455753991
vn 0.0325304997172 -0.126092653898 -0.991484951586
vn 0.00727191527272 -0.0780580243765 -0.996922295908
vn 0.0193238451139 -0.07585376089 -0.996931690724
vn 0.0521681755136 -0.119170288735 -0.991502356904
vn 0.0696513386892 -0.109570745345 -0.991535648771
vn 0.0308581227408 -0.0717876740222 -0.996942478842
vn 0.0416310842241 -0.0659784493973 -0.99695220399
vn 0.086140852272 -0.0969315151158 -0.99155637003
vn 0.0997878219234 -0.0824286110559 -0.991588581356
vn 0.0513375605476 -0.0585511617903 -0.996963497993
vn 0.0597645931628 -0.0497068727862 -0.996974132163
vn 0.111558145346 -0.0653288340188 -0.991608251102
vn 0.120045098897 -0.0473445807604 -0.991638878273
vn 0.0666997506062 -0.0396464911846 -0.996985104706
vn 0.0719850095727 -0.0286502177955 -0.996994144124
vn 0.125973976759 -0.0274976053358 -0.991652378044
vn 0.128499155021 -0.00779339793529 -0.991678995496
vn 0.0754689208384 -0.0169560435112 -0.997003979218
vn 0.0770939922398 -0.00486040622953 -0.997011982281
vn 0.12802321369 0.0128997126562 -0.991687276398
vn 0.076816837103 0.00733480831478 -0.997018241621
vn 0.0376724615739 0.0163173512136 -0.999156909443
vn 0.0345584986919 0.0221163314579 -0.999157934488
vn 0.0398217658655 0.0101457609929 -0.99915528848
vn -0.0122253367604 -0.00337525518958 -0.999919571162
vn -0.011600770801 -0.00530206991448 -0.999918651777
vn -0.0106705846702 -0.0069631214578 -0.999918823486
vn 0.0306247419811 0.0272896488515 -0.999158345931
vn 0.0258808064898 0.0318458475704 -0.999157658154
vn -0.00954106667875 -0.00849128417958 -0.999918429743
vn -0.00815907715875 -0.00978026182778 -0.999918884679
vn 0.0205247001908 0.0355687664393 -0.999156443975
vn 0.0146165220881 0.0384375779364 -0.999154097166
vn -0.00661762290301 -0.0108831993517 -0.999918878229
vn -0.00489013449569 -0.0116938013253 -0.999919667571
vn 0.00837578534523 0.0403145238298 -0.999151933085
vn 0.00186916657716 0.0412185725177 -0.999148405141
vn -0.00308260290511 -0.0122639749644 -0.999920043042
vn -0.00120912615018 -0.0124898702257 -0.999921267478
vn -0.00463925866031 0.0410747492316 -0.999145305876
vn -0.0111226490945 0.0399334935179 -0.999140431958
vn 0.00069085947068 -0.0124753383528 -0.999921941277
vn 0.00256415788331 -0.0121166399963 -0.999923303124
vn -0.0172762034674 0.0377942935543 -0.999136189
vn -0.0230882594482 0.034701680954 -0.999130985214
vn 0.00435730558875 -0.0115043489771 -0.999924329058
vn 0.00601726953893 -0.0105866740551 -0.999925854651
vn -0.0282771490877 0.0307583302646 -0.999126782725
vn -0.0328477038469 0.0260119422977 -0.999121818003
vn 0.0075448387536 -0.00945761561749 -0.999926811779
vn 0.00883243340773 -0.00807536681429 -0.999928385721
vn -0.0365712071622 0.0206640497267 -0.999117382421
vn -0.0394500876024 0.0147313619755 -0.999112945348
vn 0.00993383945431 -0.00653402223133 -0.999929310195
vn 0.0107428880325 -0.004807076589 -0.999930738787
vn -0.0413450999008 0.00849100750156 -0.999108845675
vn -0.0422556272782 0.00195666493545 -0.999104916125
vn 0.011313903122 -0.00300110578888 -0.999931492133
vn 0.0115385067095 -0.00111534521269 -0.999932807177
vn -0.0421073067285 -0.00456601999901 -0.999102660482
vn -0.0409457102876 -0.0110622812632 -0.99910013249
vn 0.0115252346646 0.000783397427845 -0.999933275401
vn 0.0111656194409 0.0026420432694 -0.999934172108
vn -0.0387983386374 -0.0172267398506 -0.999098557878
vn -0.0356926143623 -0.0230454068912 -0.999097065605
vn 0.0105681745759 0.00443438493625 -0.999934322801
vn 0.00963881882661 0.00609396366166 -0.999934976275
vn -0.0317360318159 -0.0282375713096 -0.999097324514
vn -0.0269881219553 -0.0328050058307 -0.999097329025
vn 0.00851030511584 0.00762077144963 -0.999934747146
vn 0.00712953855911 0.00892188038796 -0.999934782738
vn -0.0216132545122 -0.0365218195571 -0.999099106158
vn -0.0156842987686 -0.0393911861155 -0.999100764302
vn 0.00558944753489 0.0100238316071 -0.999934138269
vn 0.00386387675723 0.0108215117056 -0.999933980491
vn -0.00942349395635 -0.0412746273284 -0.999103399504
vn -0.00290000436842 -0.0421679978244 -0.99910632564
vn 0.00205807646792 0.0113924516976 -0.999932985937
vn 0.000172612582747 0.011631446186 -0.999932337543
vn 0.00363466440527 -0.0420067298574 -0.999110716518
vn 0.0101111642698 -0.0408330125795 -0.999114822951
vn -0.00172629908014 0.0116060426316 -0.999931157463
vn -0.00358574717658 0.01124862311 -0.999930303019
vn 0.0162660649788 -0.038675237685 -0.999119432861
vn 0.0220695163624 -0.0355579825714 -0.999123899385
vn -0.00537861295736 0.0106509823247 -0.999928811015
vn -0.00703937829361 0.00973559412873 -0.999927830076
vn 0.0272486144255 -0.0316006311088 -0.99912907731
vn 0.0318019956769 -0.0268550182944 -0.999133344986
vn -0.00856763750452 0.0086074878524 -0.999926250651
vn -0.0098693779199 0.00721274903182 -0.999925283024
vn 0.0355047092585 -0.0214856827954 -0.999138519453
vn 0.0383781795048 -0.0155673315634 -0.999142018697
vn -0.0109729633773 0.00567246415257 -0.999923705702
vn -0.0117712041566 0.00395916404761 -0.999922878913
vn 0.04023967272 -0.00931909858606 -0.999146597422
vn 0.0411355494476 -0.00281067504278 -0.999149621767
vn -0.0123437159074 0.00215250960347 -0.999921496609
vn -0.0125695897564 0.000265742301958 -0.999920964274
vn 0.0409748118789 0.00370988103243 -0.99915329233
vn -0.0125575497142 -0.00163447489344 -0.999919815004
vn -0.0251216545053 -0.0162551874916 -0.999552235431
vn -0.0273015934143 -0.0122003149484 -0.999552787657
vn -0.0160508778468 -0.00721822509201 -0.99984512128
vn -0.0147581525113 -0.00962082072137 -0.999844806329
vn -0.0288063372728 -0.00786243498541 -0.999554089106
vn -0.0168914627386 -0.00476323270295 -0.99984598319
vn -0.0190344376139 -0.0230745113233 -0.999552528441
vn -0.0223559616942 -0.0199020934345 -0.999551958456
vn -0.0132102760294 -0.0116890917829 -0.999844414767
vn -0.0112075960805 -0.0135691966213 -0.999845121353
vn -0.0111282770742 -0.0276919255606 -0.999554560146
vn -0.0152639601149 -0.0256884579019 -0.999553457626
vn -0.00909950063367 -0.0150635426461 -0.999845132394
vn -0.00663116823501 -0.0162376890097 -0.9998461707
vn -0.00218184168508 -0.0296378140585 -0.999558322233
vn -0.00672237428075 -0.0290173455265 -0.999556303238
vn -0.00416240864601 -0.0169965021936 -0.999846884912
vn -0.00144083610323 -0.0173433986258 -0.99984855379
vn 0.00692288595951 -0.0287076234201 -0.999563877903
vn 0.00241198177968 -0.029526454332 -0.999561089098
vn 0.00113387809262 -0.0173016502232 -0.999849672311
vn 0.00382812797899 -0.0168064131427 -0.999851433921
vn 0.015290774333 -0.0250151102047 -0.999570125845
vn 0.0112570380012 -0.027187576233 -0.999566963637
vn 0.00626843628301 -0.0159645064143 -0.999852909803
vn 0.0086815922271 -0.0146560224051 -0.999854904956
vn 0.0221101141043 -0.0189283153958 -0.999576341122
vn 0.0189437370762 -0.0222341794281 -0.999573297008
vn 0.0107475706949 -0.0131077691693 -0.999856327735
vn 0.012626481703 -0.0111198370014 -0.999858450574
vn 0.0267190526107 -0.0110314228597 -0.999582112654
vn 0.0247317948311 -0.015161252888 -0.99957914881
vn 0.0141050587436 -0.00901230667796 -0.99985990301
vn 0.0152900769066 -0.00654527276237 -0.99986167691
vn 0.0286459832612 -0.00208383618343 -0.999587447535
vn 0.0280263437623 -0.00663105161275 -0.999585190571
vn 0.0160349919177 -0.00406539703426 -0.999863166429
vn 0.0163932534179 -0.00135944089143 -0.999864697428
vn 0.0277202800517 0.00699433193007 -0.999591249159
vn 0.028548395337 0.00248952816627 -0.999589311354
vn 0.0163532826288 0.00122616293443 -0.999865524294
vn 0.0158585701588 0.00391799978038 -0.999866568613
vn 0.0240515827021 0.0153535126827 -0.999592812608
vn 0.0262159383231 0.0113223628439 -0.999592181181
vn 0.0150190057855 0.00635675795159 -0.999867001703
vn 0.0137130141865 0.00875554007416 -0.99986763812
vn 0.0179642865228 0.0221712846114 -0.999592776359
vn 0.0212784832646 0.0190058932897 -0.999592918227
vn 0.0121538078887 0.0108211527785 -0.999867585036
vn 0.0101681526723 0.0127001961319 -0.999867648086
vn 0.0100788633049 0.0267867765168 -0.999590358656
vn 0.0142051258296 0.0247980913887 -0.999591551117
vn 0.00806255187509 0.0141927570581 -0.999866771577
vn 0.00559714171698 0.0153521609757 -0.999866482666
vn 0.00115016837808 0.0287271485133 -0.999586628588
vn 0.00569614459207 0.0281154103533 -0.999588454134
vn 0.00313204527985 0.0161267011431 -0.999865050796
vn 0.000413205213029 0.0164881975727 -0.99986397505
vn -0.00793178896534 0.027828938722 -0.999581230763
vn -0.00342413392799 0.0286382139869 -0.999583977466
vn -0.00215954226202 0.0164365138837 -0.999862579252
vn -0.00485229683681 0.0159432621779 -0.99986112416
vn -0.0163151581518 0.024154558341 -0.999575096191
vn -0.0122656171617 0.0263182780448 -0.999578362549
vn -0.00729323337374 0.0151064584336 -0.999859291931
vn -0.0096931850637 0.0137997901141 -0.999857793867
vn -0.0231484200062 0.0180825871502 -0.999568492247
vn -0.0199613249316 0.0213832652775 -0.99957205917
vn -0.0117755022246 0.0122555902941 -0.999855558595
vn -0.0136424954451 0.0102552097244 -0.999854345888
vn -0.0277620973271 0.010175370903 -0.999562768304
vn -0.0257678120662 0.0143064190013 -0.999565578757
vn -0.0151375954793 0.00814896090143 -0.999852212899
vn -0.0163128810144 0.00568216448847 -0.999850790328
vn -0.0297221451857 0.00123333977982 -0.999557438549
vn -0.0290957873007 0.00578663235701 -0.99955987817
vn -0.017074862792 0.00322821580472 -0.999849002442
vn -0.0174367735245 0.000506961150524 -0.999847839383
vn -0.0296167039988 -0.00334797583575 -0.99955572226
vn -0.0173984821842 -0.00208141359877 -0.999846468482
vn -0.111461354182 -0.049885052221 -0.992515918305
vn -0.102661247802 -0.0660861612639 -0.992518658509
vn -0.117762372892 -0.031905179302 -0.992529134617
vn -0.155699019673 -0.0431620278515 -0.986861112125
vn -0.147479815752 -0.0650280190935 -0.986925053223
vn -0.135614683543 -0.0872697916163 -0.986910655064
vn -0.0907625484053 -0.081759820778 -0.992510700957
vn -0.0773532387795 -0.0944193527847 -0.992522776701
vn -0.120364211168 -0.107333919253 -0.986910272744
vn -0.102151847149 -0.124743918046 -0.986916387053
vn -0.0611915298706 -0.105655343643 -0.992518284482
vn -0.044529988473 -0.113520111131 -0.992537286199
vn -0.0814229804231 -0.139057838892 -0.986931211231
vn -0.0587161247631 -0.149983211797 -0.986943490212
vn -0.0256931890941 -0.119166948327 -0.992541736382
vn -0.00742970634974 -0.121489134968 -0.992564954826
vn -0.034582498287 -0.157144193472 -0.986969986003
vn -0.00965138458331 -0.160469785918 -0.986993565624
vn 0.0122244896157 -0.121009911264 -0.992576023904
vn 0.0302915573497 -0.117554134052 -0.992604375933
vn 0.0154801580739 -0.159809870279 -0.987026428252
vn 0.0401950845126 -0.155218361215 -0.987062113305
vn 0.0487976838974 -0.111037074258 -0.992617526637
vn 0.0648787161503 -0.102166567139 -0.992649356394
vn 0.0638423232416 -0.14681668357 -0.987101321643
vn 0.0858918859018 -0.134834365789 -0.987138428863
vn 0.0804443037372 -0.090243265653 -0.992665536322
vn 0.0929954349711 -0.0768750378185 -0.992694352575
vn 0.105740588882 -0.119535530751 -0.987182954042
vn 0.122969018613 -0.101375263108 -0.987219163353
vn 0.104099726263 -0.0607664316954 -0.992708762816
vn 0.111893251247 -0.0441838535655 -0.992737471545
vn 0.137082425579 -0.0807263164163 -0.987264741817
vn 0.147858885721 -0.0581851152928 -0.987295417933
vn 0.117474551809 -0.0254388747269 -0.992750015528
vn 0.119781648149 -0.0072939959383 -0.992773465797
vn 0.154940932635 -0.0342395004261 -0.987330220344
vn 0.158192201663 -0.00948783497928 -0.987362754169
vn 0.119323173368 0.0122186639886 -0.992780280096
vn 0.115936529907 0.0301840285156 -0.992797887516
vn 0.157563234024 0.0154340947294 -0.987388280265
vn 0.153104479355 0.039968845443 -0.987401392442
vn 0.109501526371 0.0486001910448 -0.992797782609
vn 0.100733844243 0.0646445084445 -0.992811049572
vn 0.144811660513 0.0634537989814 -0.987422502465
vn 0.133019385228 0.0854055410622 -0.987426826003
vn 0.0889406601524 0.0801958953636 -0.992803191644
vn 0.075661488932 0.0927377437288 -0.992811689083
vn 0.117947953578 0.105234509924 -0.987427961002
vn 0.0999797299051 0.122477730801 -0.987422533197
vn 0.0596649005467 0.103915776116 -0.992794848454
vn 0.0431663322541 0.111791555068 -0.992793692554
vn 0.0795240972439 0.136690373274 -0.987416659679
vn 0.057109929098 0.147607516686 -0.987395805651
vn 0.0244971226104 0.117486567956 -0.992772278689
vn 0.00637057814541 0.119902095884 -0.992765280989
vn 0.033259036338 0.154859824022 -0.987376458807
vn 0.00856628102892 0.158322145725 -0.9873503517
vn -0.0131785907446 0.119568996632 -0.992738424657
vn -0.0311915871968 0.116251456286 -0.992729914831
vn -0.0163848356362 0.157907052198 -0.987318033881
vn -0.0410031296128 0.153602289332 -0.987281661976
vn -0.0496921134573 0.109903906385 -0.992699262225
vn -0.06582729839 0.101220622953 -0.992683812841
vn -0.0646392501518 0.145484642869 -0.987246669293
vn -0.0867719703884 0.133785476909 -0.987204169016
vn -0.0814938555879 0.089439685509 -0.992652655342
vn -0.0941729081821 0.0761493001278 -0.992639283655
vn -0.106779180136 0.118744389451 -0.987166640777
vn -0.124241207017 0.10074336786 -0.987124559674
vn -0.105448512779 0.0601004660066 -0.99260694393
vn -0.113399746216 0.0435176000372 -0.99259594803
vn -0.138676435897 0.0802091279334 -0.987084262828
vn -0.149724807921 0.0576723901328 -0.987044263095
vn -0.119161942638 0.0247418582799 -0.992566507533
vn -0.121593143307 0.00650048719726 -0.992558739404
vn -0.157084203444 0.033640199575 -0.987012102257
vn -0.160576683654 0.00872068849201 -0.98698484196
vn -0.121243195369 -0.0131708166115 -0.992535448821
vn -0.160135421269 -0.016436369224 -0.986958202064
vn -0.0850760176498 -0.0376359785007 -0.995663399118
vn -0.0782227708973 -0.050374755649 -0.995662383595
vn -0.0898275726574 -0.0239561687056 -0.99566917657
vn -0.0588289222391 -0.0157468417302 -0.998143874842
vn -0.0557088317401 -0.0246916206743 -0.998141698325
vn -0.0512500993225 -0.0330275190822 -0.99813957456
vn -0.0694429293573 -0.0619599944901 -0.995659901093
vn -0.0589856254252 -0.0719340828729 -0.995663690065
vn -0.0455200963565 -0.0405608775718 -0.998139637545
vn -0.03868481887 -0.047119855821 -0.99813987195
vn -0.0470473773899 -0.0802288381333 -0.995665545157
vn -0.0340158659326 -0.0865066998979 -0.995670383077
vn -0.0309009181495 -0.0524952067371 -0.998142968981
vn -0.0223916502644 -0.0566188880943 -0.998144736754
vn -0.0200960313022 -0.0906497020075 -0.995680059583
vn -0.00578269681861 -0.0925553741421 -0.995690746736
vn -0.0133158070617 -0.0593251160784 -0.998149898505
vn -0.00395318492832 -0.0606058019093 -0.998153950603
vn 0.00874340978114 -0.0922164078346 -0.99570060104
vn 0.0229345059275 -0.0895974701239 -0.995713965848
vn 0.00550651733015 -0.0603682871552 -0.998160983095
vn 0.0148019509511 -0.0586848714749 -0.998166813768
vn 0.0366134164818 -0.0847771120719 -0.995727020323
vn 0.0492925364831 -0.0779098613377 -0.995741080479
vn 0.0237106314521 -0.0555522824457 -0.998174208178
vn 0.0320345689057 -0.0510782270638 -0.998180745714
vn 0.0607910770537 -0.0690990294092 -0.995755878258
vn 0.0707365965734 -0.0586741118926 -0.995767885854
vn 0.0395406252502 -0.0453302438219 -0.998189214503
vn 0.0460554354695 -0.0384979920993 -0.998196774924
vn 0.0789294792143 -0.0467444875283 -0.995783656321
vn 0.0851494177756 -0.0337741710482 -0.995795602532
vn 0.0514003845047 -0.0307242348188 -0.99820540064
vn 0.0555063180811 -0.0222373183338 -0.99821067432
vn 0.0892786209523 -0.0199180971245 -0.995807510138
vn 0.0911867430613 -0.00565909257068 -0.995817730592
vn 0.0582128138113 -0.0132018603914 -0.998216899872
vn 0.0594688434774 -0.00385352245567 -0.998222724155
vn 0.0908338272293 0.00878209913977 -0.995827339736
vn 0.0882648086438 0.0229113597561 -0.995833516783
vn 0.0592388695331 0.00557627541396 -0.998228261215
vn 0.0575670888278 0.0148443437784 -0.998231273674
vn 0.0834864373949 0.0365373302748 -0.995838861597
vn 0.0766697029975 0.0491858479594 -0.995842612566
vn 0.0544416539247 0.0237313489805 -0.99823490692
vn 0.0499965911261 0.0320279352616 -0.998235719777
vn 0.0679408802615 0.060669508575 -0.995842983366
vn 0.057585172946 0.0706239288545 -0.995839449173
vn 0.0442869592023 0.039538308359 -0.998236138104
vn 0.0374865875658 0.0460437795831 -0.998235806868
vn 0.0457211461369 0.0788665759372 -0.995836151179
vn 0.0328007439885 0.085134515314 -0.995829415862
vn 0.029757904309 0.0514210799473 -0.998233609767
vn 0.0212744483517 0.0555394879318 -0.998229814786
vn 0.0189606754338 0.0893059024017 -0.995823753775
vn 0.0047298292573 0.0912776891312 -0.995814245822
vn 0.0122546297492 0.0582746760643 -0.998225368431
vn 0.00291218596198 0.0595621582694 -0.998220350662
vn -0.00971964515102 0.090989350857 -0.995804431868
vn -0.0238962711376 0.0885076820024 -0.995788812175
vn -0.00650672637437 0.0593575725294 -0.998215578468
vn -0.0158026547209 0.0577159360426 -0.998207967725
vn -0.0375713886189 0.0837809873212 -0.995775645876
vn -0.0502636001466 0.0769937479463 -0.995763793918
vn -0.0247096104394 0.0546105598384 -0.998201944451
vn -0.0330328923217 0.0501804007541 -0.998193746427
vn -0.0618341367697 0.0682795457089 -0.995748182608
vn -0.0718337301517 0.057891520775 -0.995735149041
vn -0.0405751605325 0.044493362599 -0.998185352043
vn -0.0471207159528 0.0376704437037 -0.998178629204
vn -0.0801471324117 0.0460029412658 -0.995720928052
vn -0.0864475360298 0.0330335831398 -0.995708594871
vn -0.0525232847711 0.0299282516835 -0.998171129771
vn -0.056657294742 0.0214280784625 -0.998163708219
vn -0.0906762851614 0.0191499289512 -0.995696284783
vn -0.0926741309071 0.00483349075357 -0.995684760769
vn -0.0593866829943 0.0123800958958 -0.998158281591
vn -0.0606850573766 0.00300881558744 -0.99815242866
vn -0.0923850125512 -0.00968656560823 -0.995676242512
vn -0.0604879622778 -0.00643983829386 -0.998148152782
vn -0.038875763517 -0.0172719471678 -0.999094767703
vn -0.0357656672616 -0.02307551894 -0.999093758098
vn -0.0410374528989 -0.0110645639768 -0.999096343144
vn -0.031794778545 -0.0283098488417 -0.999093411306
vn -0.0270325248586 -0.0328638862003 -0.999094193549
vn -0.0216454767614 -0.0366126512766 -0.999095084115
vn -0.0157153038589 -0.0394687356204 -0.999097216558
vn -0.00942445472518 -0.0413482354083 -0.999100346853
vn -0.00290060346029 -0.0422461056507 -0.999103024246
vn 0.00364929026098 -0.0420847883551 -0.999107378248
vn 0.0101271253577 -0.0409108121505 -0.999111478655
vn 0.0163231844135 -0.0387484931544 -0.999115662938
vn 0.0221156717788 -0.0356207901754 -0.999120641549
vn 0.0273235351594 -0.0316625844617 -0.999125069834
vn 0.0318606672677 -0.0268993270507 -0.99913028384
vn 0.0355951490004 -0.0215178139965 -0.999134610074
vn 0.0384415233514 -0.0155982543656 -0.999139101298
vn 0.0403310560047 -0.00932101714606 -0.999142894966
vn 0.0412089690515 -0.0028109610411 -0.999146595534
vn 0.0410663155805 0.00372449084134 -0.999149481255
vn 0.0398991877166 0.0101893833916 -0.999151755884
vn 0.037735597012 0.0163760872116 -0.999153566018
vn 0.0346312042707 0.0221600945126 -0.999154447471
vn 0.0306725721858 0.0273644744377 -0.999154832273
vn 0.0259249624223 0.031904452559 -0.999154643802
vn 0.0205566163272 0.0356453098581 -0.999153060052
vn 0.0146472309816 0.0385008958944 -0.999151209597
vn 0.00837663257812 0.0404016774864 -0.999148405635
vn 0.00186955214767 0.0412824962577 -0.99914576528
vn -0.00466791885079 0.0411524786074 -0.999141973915
vn -0.0111387982118 0.0400110060432 -0.999137151031
vn -0.0173213432921 0.0378575268129 -0.999133013532
vn -0.0231183375232 0.0347606647652 -0.999128239344
vn -0.0283523003971 0.0308062647517 -0.999123176147
vn -0.0329065176813 0.026056192372 -0.999118729648
vn -0.0366619762704 0.0206821823688 -0.999113680633
vn -0.0395276036441 0.0147621516 -0.999109427155
vn -0.041423037191 0.00847888673754 -0.999105720367
vn -0.0423293243474 0.00197074279988 -0.999101768827
vn -0.0421992696005 -0.00459472312827 -0.999098648865
vn 0.0128595140447 0.011632257811 -0.999849650436
vn 0.0162648106036 0.00398621249268 -0.999859773191
vn 0.0124898683251 0.0637292185695 -0.997889066926
vn -0.0187617790905 0.0700931658414 -0.99736399762
vn -0.00604332837573 0.0186781624898 -0.999807283644
vn 0.00664912358933 -0.0169699532749 -0.999833891125
vn -0.0150268982516 -0.0646880646754 -0.99779238653
vn 0.0129249299385 -0.0114176883626 -0.99985128023
vn 0.0078785326706 -0.00580942403159 -0.99995208851
vn 0.00815707082506 -0.00533193912714 -0.999952515183
vn -0.0128812075352 -0.0139902742104 -0.999819157008
vn -0.0485554849812 -0.0580293553595 -0.997133370615
vn 0.0171049243078 -0.00416282044277 -0.999845034238
vn 0.058995947464 0.0267481627335 -0.99789980157
vn 0.0457488036604 0.0557013861042 -0.997398818201
vn 0.011680917963 0.0152760751558 -0.999815081744
vn -0.00964274829267 -0.0159065280174 -0.999826984919
vn -0.0610652331679 -0.0264601227491 -0.997782992039
vn -0.00106760115988 -0.0177622253743 -0.999841669254
vn -1.32684728036e-05 -0.0104027108957 -0.999945890251
vn 0.000623569366807 -0.0103220698543 -0.999946531588
vn -0.0187435198284 0.00160315194418 -0.999823039527
vn -0.0753056544708 0.004573648594 -0.997150008847
vn -0.00424456086578 -0.0174587577224 -0.999838574712
vn -0.00720774296713 -0.0164710264435 -0.999838363801
vn 0.00136200402882 -0.0182802253205 -0.999831975037
vn 0.0438277384915 -0.0487351485284 -0.997849695413
vn 0.067254881687 -0.0271157463816 -0.997367293021
vn 0.0181968595372 -0.00717980400975 -0.99980864405
vn -0.0181084273689 0.0034988264275 -0.99982990707
vn -0.0438908362088 0.0489937348377 -0.997834259005
vn -0.0173119314491 -0.00484520499391 -0.999838397451
vn -0.00981984856121 -0.00402082928848 -0.999943700168
vn -0.00958098748877 -0.00456490257109 -0.999943681586
vn -0.00420493697273 0.0175272478374 -0.999837543848
vn -0.0187976037463 0.0720246645123 -0.997225700529
vn -0.0139045657361 -0.0125020876277 -0.999825165145
vn -0.0135566900204 -0.0648151515749 -0.997805197562
vn 0.0177795047807 -0.0711180176137 -0.997309438831
vn 0.00503018945153 -0.0195454953089 -0.99979631466
vn -0.00767415508717 0.0161090530525 -0.999840790203
vn 0.0139523644228 0.0635803970365 -0.997879183388
vn -0.0139547409273 0.0105661129771 -0.999846799496
vn -0.00887593204021 0.00501510080502 -0.999948031947
vn -0.00919434774703 0.00447113304287 -0.999947735104
vn 0.0118358665978 0.0131168635022 -0.999843917896
vn 0.0472756949049 0.0568639188841 -0.997262003387
vn -0.0181484883989 0.00331186577261 -0.999829817476
vn -0.0603078335334 -0.027730966643 -0.997794547341
vn -0.0470224603093 -0.0568622619834 -0.997274070348
vn -0.0127289704938 -0.0161554866339 -0.999788464407
vn 0.00860413967746 0.0150205610787 -0.999850164537
vn 0.0597490435097 0.0254974372534 -0.997887735416
vn 4.00031066446e-05 0.0168947702673 -0.999857272383
vn -0.00102119054311 0.00953553609098 -0.999954014303
vn -0.0016445152305 0.00946922252748 -0.999953813631
vn 0.0177106037455 -0.00246907452383 -0.99984010631
vn 0.0739727639006 -0.0054026745595 -0.99724562737
vn 0.00322694166969 0.0165747455458 -0.999857422165
vn 0.00617324699173 0.0156131151029 -0.999859050896
vn -0.00238828576992 0.0174118080423 -0.999845550589
vn -0.0448543924271 0.047890871326 -0.997844951846
vn -0.0684542197678 0.026325063346 -0.997306878967
vn -0.0192397162791 0.00632850259009 -0.999794870647
vn 0.0170666160705 -0.00435005203657 -0.999844891802
vn 0.0428537975369 -0.0498437140094 -0.997837239338
vn 0.008765470503 0.00319588276538 -0.999956475483
vn 0.00854003570239 0.00371305848215 -0.999956639553
vn 0.00319230768013 -0.0184058580728 -0.999825501555
vn 0.0178247208788 -0.0730449193202 -0.997169353263
vn 0.156694861072 0.0220977297976 -0.987399823198
vn 0.146856963038 0.0383218342057 -0.98841513011
vn 0.179027668198 0.0114579490404 -0.98377731699
vn 0.213425719436 -0.0470049262014 -0.975827853259
vn 0.189987905321 -0.0284263092176 -0.981374821756
vn 0.204901091849 -0.0554754048125 -0.977209303077
vn 0.185285365861 -0.0492735897113 -0.981448646927
vn 0.205381336267 -0.0450752782675 -0.977643455459
vn 0.187264405063 -0.0319164078235 -0.981790907224
vn 0.134340826435 -0.0862058124677 -0.987178352806
vn 0.145975870504 -0.0730924430234 -0.98658427922
vn 0.118096227766 -0.0970758640754 -0.988245696981
vn 0.105073335871 -0.0691702509796 -0.992055981519
vn 0.113160227526 -0.065647379691 -0.991405660891
vn 0.110598307 -0.114864773418 -0.987205195649
vn 0.115239777987 -0.139415176763 -0.983505567883
vn 0.0881958149816 -0.202313529064 -0.975341342391
vn 0.089385020497 -0.172073746316 -0.981020358575
vn 0.0762293880931 -0.200308608048 -0.976762786931
vn 0.0696332216998 -0.180608254955 -0.981087087204
vn 0.0849681342427 -0.194596418402 -0.97719632117
vn 0.0849089009111 -0.171901737641 -0.981448048112
vn 0.00926628162186 -0.160760670718 -0.986949919082
vn 0.0269399791967 -0.162522457691 -0.986337005423
vn -0.00978629314449 -0.153972367567 -0.98802668916
vn 0.00622008496917 -0.128126407373 -0.991738339622
vn 0.0135814427959 -0.131293491498 -0.991250504919
vn -0.0330382428496 -0.15086722794 -0.988001798603
vn -0.0554632059208 -0.144171960764 -0.987997104509
vn -0.0752798198298 -0.142289637184 -0.986958260453
vn -0.0975434825736 -0.154432635891 -0.983176398201
vn -0.166102331587 -0.14802369219 -0.974935383496
vn -0.136746336411 -0.139726223527 -0.98070231056
vn -0.167812911382 -0.1359060636 -0.976405842184
vn -0.150890352371 -0.123400396604 -0.980818252114
vn -0.159642415149 -0.142518229186 -0.976833073578
vn -0.137937522859 -0.135376658346 -0.981145453112
vn -0.150261807207 -0.0595478896401 -0.986851274577
vn -0.146603035686 -0.0768211705093 -0.986207918083
vn -0.14933581429 -0.0397931975756 -0.987985483697
vn -0.118864837036 -0.0456736443807 -0.991859399676
vn -0.120862847614 -0.0543817562265 -0.991178488798
vn -0.159306191114 -0.0231725640417 -0.986957227922
vn -0.18196930979 -0.0124329638926 -0.9832256057
vn -0.216566772004 0.0466305575533 -0.975153538868
vn -0.192809419484 0.0278551922471 -0.980840769964
vn -0.207730719345 0.0551173496761 -0.976631980843
vn -0.187857346704 0.0488204961316 -0.980982250832
vn -0.208347962102 0.0446602334135 -0.977034590094
vn -0.189974989674 0.0313722301768 -0.981287565636
vn -0.13584442955 0.0856712017953 -0.987019116402
vn -0.147679959239 0.07260091249 -0.986366938388
vn -0.119348570818 0.096430259049 -0.988158450747
vn -0.106358035858 0.0685175424041 -0.991964371634
vn -0.114569575478 0.0650355193554 -0.991284113459
vn -0.111746916719 0.114160946839 -0.987157487345
vn -0.116264256383 0.138590200182 -0.983501590798
vn -0.0887983100837 0.200578811802 -0.975644915111
vn -0.090112468546 0.17071125783 -0.981191831123
vn -0.0768395534771 0.19847313431 -0.977089605911
vn -0.0703361902178 0.178925801397 -0.981345187964
vn -0.0856008849454 0.192880401523 -0.977481273071
vn -0.0856532327312 0.170498634899 -0.981628106372
vn -0.0102106797511 0.158800770482 -0.987257847431
vn -0.0277776341117 0.160671678612 -0.986616954413
vn 0.00868806533265 0.151950852418 -0.988349865164
vn -0.00718746509337 0.12652857844 -0.991936922986
vn -0.0145271233767 0.129744797913 -0.991440996782
vn 0.0317190994219 0.148670751777 -0.988377916739
vn 0.0539149732603 0.14190998197 -0.98841020466
vn 0.0734604395627 0.139909027731 -0.987435581584
vn 0.0953166236741 0.151643104135 -0.983828801276
vn 0.162440664867 0.144852836864 -0.976028014992
vn 0.133815196068 0.136914804568 -0.981502842376
vn 0.164198061439 0.132938754227 -0.977428403641
vn 0.147790377796 0.120845936242 -0.981607999114
vn 0.15618070273 0.139491889945 -0.977829024285
vn 0.135011489844 0.132669853342 -0.98192189487
vn 0.147577760427 0.0580327365456 -0.987346446855
vn 0.143880512781 0.0750852992822 -0.986742416172
vn 0.116802433652 0.0444374816594 -0.992160522152
vn 0.118713109207 0.0530219877323 -0.991511909419
vn 0.120974868434 0.0603932755896 -0.990816700238
vn 0.117932631206 0.0549022218474 -0.991502718369
vn 0.106708520327 0.0421286706351 -0.993397436478
vn 0.106699932869 0.0470259657322 -0.99317857552
vn 0.00698437053126 0.0044265270263 -0.999965811629
vn 0.00768830491051 0.00379112870288 -0.99996325798
vn 0.0230791897823 0.010597037922 -0.999677474882
vn 0.0282182069328 0.0185437831456 -0.99942976787
vn -0.0247832499653 -0.00631703512265 -0.999672889294
vn -0.000621731991946 -0.000529133159831 -0.999999666734
vn -0.0880427443979 -0.0323389328265 -0.995591617373
vn -0.0674047646877 -0.0601212170972 -0.995912665324
vn -0.0425669557738 -0.084501488555 -0.995513712968
vn -0.00883223080158 -0.0237096920711 -0.999679869859
vn -0.0208552290227 0.134209530453 -0.990733496637
vn -0.0165672801049 0.129576497891 -0.991431014456
vn -0.00814383382594 0.11493990188 -0.993339064432
vn -0.0125285500134 0.116399376899 -0.993123466892
vn -0.0028102062647 0.00819201433695 -0.999962496118
vn -0.00198874782154 0.00868419616918 -0.999960314022
vn -0.00375864664401 0.0254483253004 -0.999669072901
vn -0.00968227484117 0.0328022910054 -0.999414960494
vn -0.00241049663027 -0.0253304098565 -0.999676227507
vn -0.000449763790557 -0.000568819339569 -0.999999737079
vn 0.00279397225146 -0.0934285181026 -0.995622069725
vn 0.0355033329718 -0.0822886926202 -0.995975945701
vn 0.0662148645701 -0.066166390677 -0.995609160492
vn 0.0190456501003 -0.0155216674916 -0.999698124961
vn -0.121970394514 0.0625591298395 -0.990560234481
vn -0.115623694622 0.0632686011768 -0.991276069189
vn -0.0984836384901 0.0616509332417 -0.993227131818
vn -0.102475079917 0.058736361985 -0.992999948528
vn -0.00884415351874 0.00278451667688 -0.999957012784
vn -0.00881937585652 0.00377973213101 -0.999953965058
vn -0.0233249509629 0.0121882989062 -0.999653636032
vn -0.0328115470643 0.0116891133597 -0.999393199401
vn 0.0185015862295 -0.0165908762728 -0.999691169378
vn -0.000370393376046 -0.000462991389346 -0.999999824224
vn 0.0764273665529 -0.0522610564938 -0.995704594554
vn 0.0866282151631 -0.0193495634706 -0.996052783105
vn 0.0916648640559 0.0148745900068 -0.995678813308
vn 0.0231744860326 0.0065195042599 -0.999710177632
vn -0.123203721808 -0.0618491049849 -0.990452185189
vn -0.120056950286 -0.0562988407732 -0.991169394814
vn -0.108600772617 -0.0433171983966 -0.993141224857
vn -0.108601743051 -0.0482694093012 -0.992912748197
vn -0.00801037993502 -0.00527836261234 -0.999953985292
vn -0.00872826448504 -0.00465595958554 -0.999951068523
vn -0.0241484162318 -0.0114671242876 -0.999642615665
vn -0.0293158060545 -0.0194526723134 -0.999380896883
vn 0.0237192590059 0.00544574782952 -0.999703826432
vn -0.000396850708496 -0.000330708482798 -0.999999866571
vn 0.0864553943573 0.0312762268515 -0.995764662167
vn 0.0659462000011 0.0588850691827 -0.996084156752
vn 0.0412779924461 0.083119891994 -0.995684292783
vn 0.00778307373357 0.0228115283501 -0.99970948677
vn 0.01994129049 -0.135775329079 -0.990538946709
vn 0.0156322734957 -0.131125000142 -0.991242587041
vn 0.00714963791433 -0.116379230833 -0.993179116428
vn 0.011581183367 -0.117792130011 -0.992970739901
vn 0.00179004635797 -0.00905631011386 -0.999957388583
vn 0.000968142062426 -0.00954879684333 -0.999953940529
vn 0.00273780020282 -0.0263395199042 -0.999649305577
vn 0.00866683666748 -0.0336830984061 -0.99939498439
vn 0.00138524413526 0.0244502399886 -0.999700088458
vn -0.000568818667295 -0.000277795747613 -0.999999799637
vn -0.00379511245611 0.092176197149 -0.995735479834
vn -0.0364702610371 0.0812906684482 -0.996022965239
vn -0.0672810477832 0.0653730525397 -0.995590088646
vn -0.0200758962207 0.0146667077749 -0.999690875258
vn 0.120458941328 -0.0631380125523 -0.990708450971
vn 0.114194800759 -0.063877948026 -0.991402620148
vn 0.0972021308486 -0.0623234111208 -0.99331140041
vn 0.101164915425 -0.0594062082354 -0.99309443776
vn 0.00782085734229 -0.00364531530105 -0.99996277224
vn 0.00776936436151 -0.00461388780128 -0.999959173675
vn 0.0222846557594 -0.0130420477655 -0.999666593974
vn 0.0317442815787 -0.0125338704946 -0.999417431646
vn -0.0195300684823 0.0157344251957 -0.999685452674
vn -0.000661417769858 -0.000396850397344 -0.999999702518
vn -0.0775894920432 0.0515058732813 -0.995654064292
vn -0.0880069968116 0.0185680886606 -0.995946783014
vn -0.0932356149908 -0.0158067684262 -0.995518591574
vn -0.0242372234335 -0.00739235321454 -0.999678903506
vn 0.0979517551125 0.115624701901 -0.988451507147
vn 0.11587555386 0.139845956115 -0.983369698829
vn 0.083722423129 0.121394556032 -0.989067195711
vn 0.20712911341 0.208729552957 -0.955787373897
vn 0.221200484794 0.223332946754 -0.949311719311
vn 0.128138044497 0.159150497663 -0.978903345916
vn 0.0951502852735 0.141812382223 -0.985309936751
vn 0.121672870726 0.170401084635 -0.977833923979
vn 0.0814259182183 0.148142226422 -0.985608289633
vn 0.0681988385512 0.132100595111 -0.988887431001
vn 0.164534791806 0.175133240536 -0.970699052407
vn 0.10803161304 0.135831633198 -0.984824318347
vn 0.0837407496177 0.114388434556 -0.989900385338
vn 0.0561098498883 0.135256751023 -0.98922054975
vn 0.0392512783313 0.133481099515 -0.990273766805
vn 0.171582276169 0.173706024477 -0.969734881071
vn 0.186819967583 0.166953286556 -0.968103765007
vn 0.184937773802 0.165282551465 -0.968751618322
vn 0.232973504447 0.206643502306 -0.950274596725
vn 0.248877598407 0.19690439297 -0.948308283756
vn 0.191501220093 0.150459346965 -0.969891368976
vn 0.191047438514 0.141488598542 -0.971329940195
vn 0.127786492147 0.0830491729398 -0.988318494868
vn 0.151792462274 0.100285456553 -0.98331168792
vn 0.2339488917 0.185997643291 -0.954291775487
vn 0.129287890896 0.0686394032455 -0.989228625541
vn 0.149967851079 0.0775438319834 -0.985645269742
vn 0.172007168056 0.108197279789 -0.979135783629
vn 0.18047074263 0.097364960092 -0.978749393666
vn 0.151705382473 0.0663144555652 -0.986198696973
vn 0.144358542785 0.0934198911895 -0.985105748159
vn 0.138296623971 0.0539337044239 -0.988921230091
vn 0.137634426328 0.026629019287 -0.990125072918
vn 0.141073823765 0.0401972927815 -0.989182669633
vn 0.123309482973 0.0705812498872 -0.989855069479
vn 0.133689940058 0.0168428266351 -0.990880073025
vn 0.10863831278 0.053595616203 -0.992635495497
vn 0.144827316953 -0.0134026903327 -0.989366168896
vn 0.143827533141 -0.0620716471972 -0.987654165852
vn 0.11400952308 -0.0136643896423 -0.99338568195
vn 0.0842909042155 0.0281287513359 -0.996044083771
vn 0.0324289867362 0.131127543652 -0.990834965125
vn 0.000608206312649 0.146185210305 -0.989257051718
vn 0.0656367810381 0.101813833096 -0.992635762183
vn 0.0377497160277 0.0806196530185 -0.996029834135
vn -0.000349161562447 0.114926517456 -0.993373934464
vn -0.0469324603249 0.15005713802 -0.987562757245
vn 0.0963805520027 -0.0403531610753 -0.994526224685
vn 0.0649933182306 0.00350280998307 -0.997879551302
vn 0.135656716299 -0.0988043363528 -0.985816899044
vn 0.135728028746 -0.123274679624 -0.983046924402
vn 0.0925798489536 -0.0582536432758 -0.993999740751
vn 0.0612767866258 -0.0131088184757 -0.998034725999
vn -0.0291045150329 0.10042065719 -0.994519290318
vn -0.0840203899579 0.146512952881 -0.985634074446
vn 0.0110112426503 0.0642126210436 -0.997875489144
vn -0.00593138527448 0.0622649348281 -0.998042031459
vn -0.0471187756516 0.0985801378998 -0.994012966411
vn -0.107333571558 0.149213252952 -0.982962313398
vn 0.0903160250424 -0.0738693711363 -0.993169840273
vn 0.0596844831526 -0.0278507916322 -0.997828690646
vn 0.131196257633 -0.145750107567 -0.980583728259
vn 0.0981443397799 -0.166554321112 -0.981135743253
vn 0.0732673221976 -0.0882696798521 -0.993398390937
vn 0.0381537926678 -0.0413117434713 -0.998417561923
vn -0.0621993140908 0.0963688179159 -0.993400370576
vn -0.130874219195 0.147021344654 -0.98043697552
vn -0.0211741453956 0.0614624063665 -0.997884777001
vn -0.0364763336179 0.0437831077247 -0.998374937868
vn -0.0775918289391 0.0805084259683 -0.993729289812
vn -0.155607421117 0.114633592636 -0.981144979059
vn -0.00538763750769 -0.0938387411509 -0.995572832103
vn 0.0057856656805 -0.157153426254 -0.98755725236
vn 0.0675728835093 -0.153841570229 -0.985782266367
vn -0.0636203894139 -0.133984501267 -0.988939128294
vn -0.049559710288 -0.129293657851 -0.99036709616
vn 0.0213748928598 -0.161218828339 -0.986687186166
vn -0.0103919912619 -0.0690709091636 -0.997557625416
vn -0.0423342443485 -0.0362844473021 -0.998444415398
vn 0.00116421015423 0.00100545416397 -0.999998816838
vn -0.0978680197835 -0.086917621706 -0.991396579448
vn -0.133252391187 -0.0326111705376 -0.990545461753
vn -0.0706314065301 -0.000583730719065 -0.997502312614
vn -0.0885933389795 0.00381183179394 -0.996060585621
vn -0.157063870104 0.0231895353963 -0.987316153092
vn -0.141255176771 -0.04734278731 -0.988840551113
vn -0.1459820883 0.0838076861225 -0.985730947897
vn -0.156865892004 0.0387854088259 -0.98685803639
vn -0.0808188998183 0.129684270571 -0.988256189153
vn -0.09849926445 0.154489266379 -0.983072205627
vn -0.0907867041335 0.117911758351 -0.988865305082
vn -0.136320410165 0.263830340926 -0.954887583425
vn -0.145991023832 0.281978452388 -0.948248265672
vn -0.113227495365 0.17231223752 -0.978513171651
vn -0.106835496516 0.135294711304 -0.985028688809
vn -0.126094084817 0.169769683711 -0.977383515447
vn -0.117213846016 0.124195976346 -0.985310242391
vn -0.105893444763 0.106450986786 -0.988663120465
vn -0.117275717684 0.212298133706 -0.970142210434
vn -0.097090363084 0.145733747784 -0.984548188843
vn -0.0840692112306 0.115738191094 -0.989715635345
vn -0.112696314558 0.0958886431607 -0.98899186488
vn -0.116245141142 0.0792266005154 -0.990055661532
vn -0.113707901898 0.218555809139 -0.969176904047
vn -0.102472568042 0.230945635802 -0.967555417588
vn -0.101440361964 0.228620164347 -0.96821623278
vn -0.126221318052 0.287882085443 -0.949311373444
vn -0.111946347629 0.299944699807 -0.947365395352
vn -0.0851331889916 0.230122621126 -0.969430719226
vn -0.0766756616764 0.226820841545 -0.970913563994
vn -0.0403905149856 0.147863528617 -0.988182666921
vn -0.0494194309769 0.176234943397 -0.983106792046
vn -0.106067201702 0.282159670518 -0.95348606128
vn -0.0261611371967 0.144722859007 -0.989126326099
vn -0.0282427833782 0.167274299842 -0.985505785777
vn -0.0507304744326 0.198081199522 -0.978871931031
vn -0.0377276476523 0.202658316082 -0.978522473695
vn -0.0169894598019 0.165372537676 -0.986084824971
vn -0.0451477306615 0.166970813875 -0.984927626646
vn -0.00931790847676 0.148670191724 -0.988842935291
vn 0.0164533136666 0.139401988112 -0.990099173911
vn 0.00462593995965 0.146986807226 -0.989127635435
vn -0.0298549330785 0.139645915577 -0.989751333029
vn 0.0245601913873 0.13257989975 -0.990867986758
vn -0.0181869638556 0.120309629037 -0.992569809891
vn 0.0566842319901 0.133657511654 -0.989405158376
vn 0.102403304658 0.117430319449 -0.987787266201
vn 0.04742490083 0.104299913174 -0.993414519168
vn -0.00146360959903 0.089137050625 -0.996018295039
vn -0.11608999403 0.0719670882681 -0.990628008635
vn -0.140483853571 0.0462421899988 -0.989002500882
vn -0.0776298417355 0.0944762523458 -0.992495765943
vn -0.0659929382369 0.0612062154761 -0.995941128426
vn -0.110733878007 0.0355660855403 -0.993213502637
vn -0.159040812949 0.00193450247794 -0.987270113756
vn 0.0672674013941 0.0792219527319 -0.99458482741
vn 0.015983411819 0.0630947359083 -0.997879544257
vn 0.134497604228 0.0982183682399 -0.986034252243
vn 0.15757473305 0.090668623042 -0.98333585529
vn 0.083027904071 0.0700483991064 -0.994082284787
vn 0.0306224830731 0.0543669541014 -0.998051350298
vn -0.105715838789 0.00354467965661 -0.994390062639
vn -0.167179442836 -0.0346688455191 -0.98531675366
vn -0.0585870232761 0.0305851120841 -0.997813665783
vn -0.0619866160595 0.0138301503858 -0.997981155318
vn -0.109561387763 -0.0142189384464 -0.993878324596
vn -0.17701960611 -0.0561729531598 -0.982603001413
vn 0.0970575990865 0.063035784745 -0.993280580854
vn 0.0441081110238 0.0482920468717 -0.997858884187
vn 0.177224378324 0.0793866183327 -0.980963447106
vn 0.186583022685 0.0417402377527 -0.981552101622
vn 0.105419241795 0.0424248167775 -0.993522480058
vn 0.0502014261104 0.0236536976623 -0.998458972319
vn -0.112136060153 -0.0293130675859 -0.993260413025
vn -0.182232337802 -0.079381060726 -0.980045928647
vn -0.0659387363247 -0.000944301002832 -0.997823226502
vn -0.0537734764665 -0.0210135966606 -0.99833202993
vn -0.101662483464 -0.0489171665299 -0.993615544501
vn -0.15872700778 -0.112988537888 -0.980836034874
vn 0.0864653480081 -0.0337901299138 -0.995681661333
vn 0.149457522178 -0.0425774250322 -0.987851006955
vn 0.165300381256 0.0168152201188 -0.986099909912
vn 0.106406798964 -0.101136604224 -0.989165800268
vn 0.106315019126 -0.0864283479619 -0.990569158301
vn 0.158063890916 -0.0291153983583 -0.986999544056
vn 0.0615261528881 -0.0309491593346 -0.997625521951
vn 0.0206296991435 -0.0512234998677 -0.998474120133
vn -0.00136265295645 0.00160078611032 -0.999997790328
vn 0.0514821691892 -0.119343352266 -0.991517397994
vn -0.0109166537022 -0.136477132291 -0.990583070234
vn -0.0220369682812 -0.06718880139 -0.997496885708
vn -0.0317802079334 -0.0829304504713 -0.996048472098
vn -0.0714444156354 -0.142229979882 -0.987251907214
vn 0.000633394096912 -0.148550761251 -0.988904580909
vn -0.126073201245 -0.113224295572 -0.985538333511
vn -0.0862927834434 -0.137318985697 -0.986760888814
vn -0.153719363532 0.0111546070274 -0.988051583682
vn -0.184486885236 0.0114117928334 -0.982768721603
vn -0.149992802308 -0.00392099064017 -0.988679313573
vn -0.29688666329 0.0454468237561 -0.953830642919
vn -0.317608280838 0.0483429375825 -0.946988880784
vn -0.20787688205 0.00997358047329 -0.978104150692
vn -0.173714012548 -0.00671222000444 -0.984773267279
vn -0.213350315492 -0.00202050377001 -0.976973674386
vn -0.170744919588 -0.0216966297389 -0.985076356783
vn -0.149579879829 -0.0229799822858 -0.98848256432
vn -0.243093439811 0.0303624849012 -0.969527564864
vn -0.176457855284 0.0073725251681 -0.984280585596
vn -0.144243304569 0.00025322966178 -0.989542219899
vn -0.144945541076 -0.0347044319707 -0.988830820982
vn -0.133419330414 -0.047404555133 -0.989925295376
vn -0.246185935422 0.0370132833669 -0.968515617868
vn -0.249631125716 0.053541336886 -0.966859672506
vn -0.247162831427 0.0529857263838 -0.967524184484
vn -0.31072956851 0.0679720941801 -0.948064834105
vn -0.312155243573 0.0868699511774 -0.946051116744
vn -0.238717311778 0.0671601799741 -0.968763931659
vn -0.230959026624 0.0720925231245 -0.970288924048
vn -0.144663666371 0.0547551163915 -0.987964726527
vn -0.17322141478 0.0642238490202 -0.982786669974
vn -0.294001731396 0.0810402089095 -0.952363095923
vn -0.133687078214 0.0644792343162 -0.98892375513
vn -0.153353487117 0.0761495702879 -0.985232942473
vn -0.191884863955 0.0761447876705 -0.97845907952
vn -0.18796326268 0.0894596308458 -0.978093444581
vn -0.145134310971 0.0841693993943 -0.985825311089
vn -0.163119943361 0.062207312364 -0.984643150774
vn -0.126935558256 0.0804728813358 -0.988641228869
vn -0.104124368572 0.0959278772433 -0.989927248962
vn -0.117310328869 0.0908260052418 -0.988933225002
vn -0.131701292665 0.0584430561855 -0.989565146261
vn -0.0937780529421 0.0984424054956 -0.990714272425
vn -0.109012820288 0.0564745720071 -0.992434797722
vn -0.0756552219275 0.125169651199 -0.989246605157
vn -0.035492813272 0.152578299912 -0.987653847561
vn -0.0572435209882 0.100215512832 -0.993317688503
vn -0.0737474253048 0.0516008590755 -0.995941096955
vn -0.127419939153 -0.0515376621263 -0.990508974461
vn -0.120837764438 -0.0864512651983 -0.988900608469
vn -0.123063214 -0.0070589374132 -0.992373728372
vn -0.089078246655 -0.0172110239597 -0.995875919293
vn -0.0945946161421 -0.0685723045387 -0.993151397143
vn -0.0957088242259 -0.127440060076 -0.98721773285
vn -0.0251692816281 0.101433214966 -0.994523911308
vn -0.0422933400285 0.050359747771 -0.997835241507
vn -0.000932949112272 0.167167432626 -0.985928080072
vn 0.0187441494164 0.181327807554 -0.983244060786
vn -0.00844048512067 0.108769497995 -0.994031163755
vn -0.0265914184757 0.0570735506906 -0.998015784582
vn -0.0656420837513 -0.0832818105152 -0.994361733414
vn -0.0707553575132 -0.155386840829 -0.985316501983
vn -0.0598300855636 -0.0292275955115 -0.997780591374
vn -0.0482275866497 -0.0418197258043 -0.997960525482
vn -0.0534616333439 -0.0967875459782 -0.993868212946
vn -0.0591357859238 -0.175911971472 -0.982628076698
vn 0.0055227573193 0.115960369016 -0.993238486955
vn -0.0137173733255 0.0643831570411 -0.997830969032
vn 0.0394550723645 0.190539699703 -0.980886293156
vn 0.0753680738768 0.1757201685 -0.981550852387
vn 0.0271019188343 0.110511163197 -0.993505293798
vn 0.00981808534323 0.054794951714 -0.998449356987
vn -0.0427462990951 -0.107706656963 -0.993263323575
vn -0.0433993878303 -0.193626210672 -0.980114984926
vn -0.0385751519574 -0.0536922425619 -0.997812157042
vn -0.0151732576301 -0.055606457254 -0.998337465071
vn -0.0207331199225 -0.110657406297 -0.993642328089
vn -0.00242818007695 -0.194090901316 -0.980980543114
vn 0.0774737943508 0.0502389239317 -0.995727805031
vn 0.121414860301 0.0958964746268 -0.987958651894
vn 0.0829556057298 0.143726392763 -0.986134418577
vn 0.143230198896 0.0267736479759 -0.989327186475
vn 0.131374774309 0.0353229080058 -0.990703265789
vn 0.115656568055 0.110779858146 -0.987092387416
vn 0.0605542472316 0.0317783450886 -0.997658919634
vn 0.0528975952318 -0.0131458097234 -0.998513411079
vn -0.00265942059944 7.93858475174e-05 -0.999996460584
vn 0.125702503721 -0.0281300021538 -0.991669089736
vn 0.102983219529 -0.0884168871419 -0.990745633633
vn 0.0407543327265 -0.056963442809 -0.997544109575
vn 0.0477431215627 -0.0740398817211 -0.996111786025
vn 0.0722205655784 -0.140606593432 -0.987427959798
vn 0.11939829983 -0.0861511325466 -0.989101626911
vn 0.016887478241 -0.167851291903 -0.98566767061
vn 0.0595843972584 -0.149717980625 -0.986931723009
vn -0.100089934031 -0.11778024767 -0.98798270145
vn -0.118423078626 -0.142578580099 -0.982673558689
vn -0.0856132448163 -0.123528536702 -0.98864102329
vn -0.212577169947 -0.2140486301 -0.953411836915
vn -0.227240951346 -0.229249174077 -0.946470478259
vn -0.13106508598 -0.162394994304 -0.977982519814
vn -0.0973536283009 -0.144420933156 -0.984715626525
vn -0.124526219573 -0.173846996722 -0.976867668812
vn -0.0834065508026 -0.150762581364 -0.985045172235
vn -0.0699004145098 -0.134319229582 -0.988469663984
vn -0.168459079363 -0.179079625492 -0.969304919163
vn -0.110413890259 -0.138412954519 -0.984200501351
vn -0.0856381340981 -0.116426524253 -0.989500366063
vn -0.0576886458204 -0.137429466541 -0.988830198704
vn -0.040612194379 -0.135483206297 -0.989946943265
vn -0.175678347832 -0.177671819595 -0.968281902457
vn -0.191245370629 -0.170842807641 -0.966559849823
vn -0.189362578016 -0.169175274682 -0.967223624858
vn -0.239211526474 -0.212117370648 -0.947514678868
vn -0.255598514631 -0.202286269606 -0.94538334259
vn -0.195920006676 -0.154001194502 -0.96845184861
vn -0.195409231843 -0.144810726894 -0.969971693137
vn -0.130268808905 -0.0848554847042 -0.987840869848
vn -0.154872171561 -0.10250760538 -0.982602056437
vn -0.240048377948 -0.190885038272 -0.951808635393
vn -0.131694822421 -0.0702332682855 -0.988799151382
vn -0.152831300443 -0.0793634353903 -0.985060423897
vn -0.175633682413 -0.110688357684 -0.978213114344
vn -0.18419143183 -0.0996647197719 -0.977824350317
vn -0.154554123364 -0.0679654165405 -0.985643812493
vn -0.147230933689 -0.0954663022613 -0.98448424939
vn -0.140778318795 -0.0553436139731 -0.988493069955
vn -0.139915201664 -0.0277274512614 -0.989775189015
vn -0.143527440527 -0.0414418614818 -0.988778259233
vn -0.125616564779 -0.0721602146389 -0.989451050874
vn -0.135832503566 -0.0178392724848 -0.990571194479
vn -0.110632783461 -0.0549198593995 -0.992342781637
vn -0.146985868544 0.0126596359198 -0.989057575709
vn -0.145609727699 0.061537077077 -0.9874264506
vn -0.115707018535 0.0128855937905 -0.993199802323
vn -0.0858428612845 -0.0291526702154 -0.995882083876
vn -0.0337399004971 -0.13304299559 -0.990535804723
vn -0.00164000534419 -0.14807470827 -0.98897481826
vn -0.0672395906047 -0.103553656435 -0.99234846586
vn -0.0390013345069 -0.0819539951107 -0.995872702002
vn -0.000684655771353 -0.116426697957 -0.993199051172
vn 0.0461383757463 -0.151576985568 -0.987368050795
vn -0.0977403149454 0.0396390334104 -0.994422233191
vn -0.0662690540775 -0.00437360932049 -0.997792204827
vn -0.137082606507 0.0982603021432 -0.985674019144
vn -0.137009332188 0.122684502629 -0.982943007355
vn -0.0938550042075 0.057551139978 -0.993921075575
vn -0.0624824913757 0.0122971635411 -0.997970299177
vn 0.0281872783142 -0.101588841083 -0.994427063544
vn 0.0831995569201 -0.147667989054 -0.985531328136
vn -0.0120717528581 -0.0653086244216 -0.997792090748
vn 0.00492205680689 -0.0632982289663 -0.997982518668
vn 0.0462032945481 -0.0996360248698 -0.993950661814
vn 0.106425079415 -0.150216676707 -0.98290826251
vn -0.0914717963348 0.073149276365 -0.993117361565
vn -0.0608354149268 0.0270543884342 -0.997781094408
vn -0.132297704384 0.145026328166 -0.980543054411
vn -0.0989274623772 0.165351513419 -0.981260533293
vn -0.0742963767273 0.0874321298889 -0.99339602932
vn -0.0391669612125 0.0404447688058 -0.99841382694
vn 0.0612586283493 -0.097336256891 -0.993364501856
vn 0.129793484408 -0.147793524951 -0.980464545707
vn 0.0201793134878 -0.0624394224318 -0.997844734332
vn 0.0354589329675 -0.0446365383689 -0.998373799494
vn 0.0765247713607 -0.0813021808746 -0.993747409935
vn 0.154083239234 -0.115080992218 -0.981333134373
vn 0.0043480744147 0.0925495744421 -0.995698584171
vn -0.00675920730748 0.155177586393 -0.987863467185
vn -0.0683595885089 0.152468376803 -0.985941357655
vn 0.0619797889628 0.131831893779 -0.989332531327
vn 0.0480987307443 0.127293499095 -0.990698176636
vn -0.0222330852551 0.159361280027 -0.986969945008
vn 0.00934050850453 0.0679566650844 -0.997644549212
vn 0.0411457599792 0.0352779925624 -0.99853016463
vn -0.0021831042691 -0.00186556238327 -0.999995876858
vn 0.0959196018983 0.0852394387561 -0.991732659567
vn 0.131039107174 0.0314719463274 -0.990877524715
vn 0.0693290379336 -0.000268312705892 -0.997593811382
vn 0.0871569370596 -0.00464710573493 -0.9961837545
vn 0.154865700661 -0.0238490320954 -0.987647628675
vn 0.138809417014 0.0460408448938 -0.989248293579
vn 0.14437368125 -0.0842833572493 -0.985927256877
vn 0.154783998477 -0.039361304792 -0.987163918253
vn 0.0799232001817 -0.130741304816 -0.988189755709
vn 0.0976869715383 -0.15560139107 -0.982977854628
vn 0.0898152490786 -0.118815405601 -0.988845852712
vn 0.13600509779 -0.265946071001 -0.95434548288
vn 0.145770501645 -0.284231890045 -0.947609198737
vn 0.112448193387 -0.1735019497 -0.978392803149
vn 0.105870299774 -0.136202345644 -0.985007817566
vn 0.125214874942 -0.170765599971 -0.97732305046
vn 0.116112777404 -0.124935544591 -0.985347112758
vn 0.104805652087 -0.107212917838 -0.98869670048
vn 0.116680024921 -0.213839961174 -0.969875374875
vn 0.0962248279514 -0.146774003264 -0.984478630774
vn 0.0831198334498 -0.116674396211 -0.989685898938
vn 0.111475477245 -0.0965700200221 -0.989063925743
vn 0.114901663511 -0.079846593893 -0.990162678132
vn 0.113165053274 -0.220224376914 -0.968862680946
vn 0.101999639473 -0.232979359271 -0.967117723807
vn 0.100959308765 -0.230675351766 -0.967778952066
vn 0.126085598965 -0.290565808762 -0.948511429827
vn 0.111848710841 -0.303114164801 -0.946367618307
vn 0.0846701338164 -0.232341532177 -0.968941887249
vn 0.0761898535789 -0.229143856734 -0.970406203161
vn 0.039576403657 -0.149438882869 -0.987978607339
vn 0.0486804352043 -0.17805839888 -0.982815049649
vn 0.105878412263 -0.285019288611 -0.952656164068
vn 0.0252764388327 -0.146373736067 -0.988906381327
vn 0.0274087205728 -0.169189096018 -0.985202421752
vn 0.0500308087426 -0.200171953636 -0.978482553321
vn 0.0369868124291 -0.205046251236 -0.978053173688
vn 0.0160871844015 -0.167383328989 -0.985760632037
vn 0.0443690870152 -0.168702674275 -0.984667858625
vn 0.00836157891226 -0.150508426407 -0.988573364793
vn -0.0175857003012 -0.141324032932 -0.989807183678
vn -0.00567085738298 -0.148909577802 -0.988834555937
vn 0.0289725860228 -0.141182947588 -0.989559480056
vn -0.0257754230642 -0.134468104445 -0.990582634843
vn 0.0172485843726 -0.121729314847 -0.992413452269
vn -0.0582612024105 -0.135804650781 -0.989021096398
vn -0.104600961148 -0.119658563166 -0.987289454612
vn -0.048812846211 -0.105972020769 -0.993170296001
vn 0.000447340745177 -0.0903789586997 -0.995907346951
vn 0.114700331874 -0.072586309421 -0.990744700492
vn 0.138673067512 -0.0468264567195 -0.989230541026
vn 0.0766174406541 -0.0953321935135 -0.992492589729
vn 0.0649180735386 -0.0620165281777 -0.995961642816
vn 0.109204214581 -0.0362442012793 -0.993358342891
vn 0.156617401042 -0.00275375747875 -0.987655510039
vn -0.0688017524725 -0.0806798553792 -0.994362650039
vn -0.0170678263579 -0.064207538588 -0.997790599922
vn -0.13721320868 -0.100286019718 -0.985451799741
vn -0.160682994337 -0.0927217672755 -0.982641159938
vn -0.0847278306834 -0.0714692223817 -0.993837685419
vn -0.0317857520137 -0.055474717074 -0.997954017846
vn 0.104092957517 -0.00437985783563 -0.994557928449
vn 0.164314119094 0.0334576261463 -0.985840482796
vn 0.0574616071504 -0.031382877332 -0.997854337423
vn 0.0607827688746 -0.0146369462229 -0.99804369384
vn 0.107793275618 0.0132694894076 -0.99408477022
vn 0.173813843394 0.0546246497196 -0.983262373676
vn -0.0989293795235 -0.0644339176421 -0.993006167214
vn -0.0453423759717 -0.0493836648754 -0.997750130336
vn -0.180718270128 -0.0813480880651 -0.980164983771
vn -0.189999745603 -0.0431168561433 -0.98083690458
vn -0.107293398861 -0.0436109316749 -0.993270463267
vn -0.0514405708468 -0.0246126447558 -0.998372718672
vn 0.11026452292 0.0282355067657 -0.993501127902
vn 0.17871066888 0.0774428498914 -0.980849173843
vn 0.0646802276359 8.820050285e-05 -0.997906037848
vn 0.0525425039908 0.0200695143678 -0.998416996984
vn 0.0998364908919 0.0476671992593 -0.993861415491
vn 0.155495982491 0.110580564469 -0.981627698362
vn -0.0877839890209 0.033050372176 -0.995591102898
vn -0.151465527743 0.0419795155631 -0.987570713508
vn -0.168029511489 -0.0178209874812 -0.98562086812
vn -0.107549665951 0.100421693913 -0.989115035143
vn -0.107529826114 0.0857427377585 -0.99049761202
vn -0.160294734159 0.0284824667054 -0.986658171451
vn -0.062684661265 0.0301638236836 -0.997577454127
vn -0.0216328888438 0.0503003983491 -0.998499818751
vn 0.000330774433792 -0.00247418763127 -0.999996884487
vn -0.0523737303697 0.118172373133 -0.991610953245
vn 0.00982334738365 0.134666414829 -0.990842297524
vn 0.0209261066659 0.0660424338561 -0.997597361158
vn 0.0305870335772 0.0816022874951 -0.996195512965
vn 0.0696883361957 0.139885942998 -0.987712234788
vn -0.00163147936838 0.1466759754 -0.989183247187
vn 0.123519939354 0.110996888728 -0.986114859068
vn 0.0843205673862 0.134941729169 -0.987259222112
vn 0.151473229326 -0.0118861496273 -0.988389892828
vn 0.181671561017 -0.0121278475249 -0.983284475232
vn 0.147684584328 0.00305867256335 -0.989029781187
vn 0.291730041322 -0.0456079131334 -0.955412738689
vn 0.312022738847 -0.0484190797795 -0.94884003033
vn 0.204576670199 -0.0107110749672 -0.978791938505
vn 0.170981698243 0.00580692663952 -0.985257092575
vn 0.209844632021 0.00115854624233 -0.977734058005
vn 0.167925852303 0.0206329647262 -0.985583679296
vn 0.147155213594 0.0219108328425 -0.988870698583
vn 0.239190744911 -0.0308174935194 -0.970483420591
vn 0.173775396391 -0.00814979595234 -0.984751589202
vn 0.142070726368 -0.00110132369986 -0.98985589648
vn 0.142522068971 0.0335195877194 -0.989223886234
vn 0.131114190949 0.0461048307056 -0.990294609456
vn 0.242249070191 -0.0374010222697 -0.969492935263
vn 0.245858004654 -0.0537629075805 -0.96781371726
vn 0.243443194346 -0.0532391889213 -0.968452889866
vn 0.30554281186 -0.0678609282396 -0.949757066064
vn 0.307205826383 -0.0865484433459 -0.947699291543
vn 0.235301016907 -0.0673078063552 -0.969589134967
vn 0.227767379744 -0.0722420826804 -0.971031977957
vn 0.142865762706 -0.0553015761539 -0.98819588621
vn 0.171048117322 -0.0646451031944 -0.983139640231
vn 0.289429271565 -0.0808641898994 -0.953777583902
vn 0.132082971259 -0.0650172815242 -0.989104060151
vn 0.151578405461 -0.0766027588602 -0.985472477715
vn 0.189543216344 -0.0764318389728 -0.978893019246
vn 0.185800671562 -0.0897338326352 -0.978481450886
vn 0.143511485924 -0.0846637364545 -0.986020539917
vn 0.16106968949 -0.0626574515588 -0.98495207949
vn 0.125497015321 -0.0810567742708 -0.988777173326
vn 0.102975163381 -0.0966391180848 -0.989978280864
vn 0.116031932459 -0.0914442126629 -0.989027070722
vn 0.130074462467 -0.05902082757 -0.989746015969
vn 0.0926937949961 -0.0992231215005 -0.990738427906
vn 0.107635445583 -0.0571225552036 -0.992548046465
vn 0.0747837331958 -0.126231952913 -0.989177884565
vn 0.0346542896716 -0.154242344333 -0.987425125983
vn 0.0563162553865 -0.101229125888 -0.993267911216
vn 0.0726063193765 -0.0523759495529 -0.995984478943
vn 0.125187592947 0.0502179803351 -0.990861353078
vn 0.118535149802 0.0846763570126 -0.989332771531
vn 0.121169998882 0.00616754936164 -0.992612609584
vn 0.0875470878361 0.016268967679 -0.996027523767
vn 0.0927684036451 0.0671446618253 -0.993421168324
vn 0.09362371488 0.125157551803 -0.987709566238
vn 0.0242285502598 -0.102646773114 -0.994422755835
vn 0.0412610615066 -0.0512150346808 -0.997834928746
vn -6.41176100894e-05 -0.169356162449 -0.985554912792
vn -0.0199443114855 -0.183930876357 -0.982736819887
vn 0.00745007859129 -0.110137565099 -0.993888430903
vn 0.0255980527704 -0.0579910136826 -0.997988868689
vn 0.0641152362204 0.0818039336461 -0.994584009988
vn 0.068964896189 0.152818732837 -0.985844956364
vn 0.0585277972452 0.0282339985857 -0.997886435559
vn 0.0469816404296 0.0407641256514 -0.998063630999
vn 0.0520519895369 0.0952041609013 -0.994095950164
vn 0.0574511905723 0.173047911125 -0.98323638112
vn -0.00656115660578 -0.117501143888 -0.993051072407
vn 0.0127154737121 -0.0653959773677 -0.997778373624
vn -0.0409206871945 -0.193557220905 -0.980235226665
vn -0.077338981664 -0.178811284788 -0.980839031823
vn -0.0283062745066 -0.112139763601 -0.993289196681
vn -0.0108703821873 -0.0558185512523 -0.998381752701
vn 0.0414143123362 0.106039415027 -0.993499117863
vn 0.0418957359952 0.190569368466 -0.980779314172
vn 0.0373618543342 0.0525828065954 -0.997917401537
vn 0.0141004459959 0.0545638465205 -0.998410719131
vn 0.0195869442029 0.109112520674 -0.993836409802
vn 0.00141125444717 0.191490930707 -0.981493368199
vn -0.0790486700452 -0.0514464295292 -0.995542351009
vn -0.123844184463 -0.09784612503 -0.987465824113
vn -0.0849322988936 -0.146266359156 -0.985592540954
vn -0.14563151602 -0.0278805754489 -0.988945971757
vn -0.133601298002 -0.0365077741807 -0.990362497067
vn -0.118063812031 -0.112940603934 -0.986562393502
vn -0.0618933624569 -0.0328066193201 -0.997543451391
vn -0.0540581119677 0.012318489061 -0.998461804656
vn 0.00162724648375 -0.000939304321561 -0.999998234887
vn -0.127455700424 0.0274440307987 -0.991464507485
vn -0.104175557787 0.0877138555825 -0.99068346746
vn -0.0417563508262 0.0560932959183 -0.997551978254
vn -0.0487175640699 0.0731238593975 -0.996132270403
vn -0.0730590955604 0.139389064759 -0.987538888946
vn -0.120734837271 0.0855394367466 -0.988992469046
vn -0.017785930601 0.16585380889 -0.985989946576
vn -0.0603803560871 0.148326553318 -0.987093433359
vn 0.127927230119 0.118523697474 -0.984675965448
vn 0.105391401601 0.0938588016157 -0.989991503917
vn -0.0742768992314 0.15924914842 -0.984440272931
vn -0.0576717128465 0.129915972302 -0.989846358622
vn -0.174051885562 0.0339436371459 -0.984151294583
vn -0.140217369014 0.0300784794244 -0.989663768409
vn -0.130634022881 -0.120909242592 -0.984030338517
vn -0.1075186521 -0.0957083344752 -0.989585597188
vn 0.0735177593261 -0.160619846643 -0.984274557188
vn 0.0568280323311 -0.131138630548 -0.98973392097
vn 0.171632193217 -0.0344966306772 -0.984556942347
vn 0.138299175477 -0.030731006747 -0.989913603951
vn 0.0885398776285 0.0789125142655 -0.992941843796
vn 0.0625067547527 0.0555754364153 -0.996495999228
vn -0.0485898877564 0.109109775977 -0.992841417143
vn -0.0343770150262 0.0769844863528 -0.996439466149
vn -0.117862938637 0.0251659567441 -0.992710935931
vn -0.0832713545171 0.0177306632986 -0.996369161052
vn -0.0903503826382 -0.080476121959 -0.992653213439
vn -0.0639277941387 -0.0567793194535 -0.996337967769
vn 0.0476965798299 -0.110236050936 -0.992760318177
vn 0.0334022907845 -0.0779804777192 -0.996395168628
vn 0.116203490852 -0.0258643629206 -0.992888605758
vn 0.0819374901541 -0.0185226871846 -0.996465331944
vn 0.0396777483217 0.0350667041642 -0.998597017093
vn 0.0297274724293 0.025975326959 -0.999220476057
vn -0.0218755303996 0.0488244745103 -0.998567790317
vn -0.016296058412 0.0365280271948 -0.999199750655
vn -0.0530098034949 0.0112644048821 -0.99853045718
vn -0.0397435068651 0.00853227048229 -0.999173485448
vn -0.0408520610568 -0.036065268514 -0.998514098806
vn -0.0308398150231 -0.0269104711222 -0.999162015067
vn 0.0208737259911 -0.0497373958806 -0.998544179801
vn 0.0152866207577 -0.0374149041165 -0.999182888252
vn 0.0518556138243 -0.0120915732137 -0.998581388357
vn 0.03863499242 -0.00937233252269 -0.999209435876
vn 0.0274792325059 -0.00697799384696 -0.999598018897
vn 0.0106534962903 -0.0269518569743 -0.999579961995
vn -0.0223131329865 -0.0192648904347 -0.999565399608
vn -0.028544256274 0.00613403587329 -0.999573708657
vn -0.0116752565246 0.0260968370754 -0.999591238197
vn 0.0212364975363 0.0183572013558 -0.999605934522
vn 0.265009750555 0.234065722917 -0.935405296899
vn 0.115953545633 0.0509371266517 -0.9919476722
vn 0.113920601775 0.029560447851 -0.993049986866
vn 0.0637922007254 0.109592664524 -0.991927418216
vn 0.040358974466 0.10647048641 -0.993496446246
vn 0.116160924622 -0.00832229057915 -0.993195539192
vn 0.117876531401 -0.0523793489685 -0.991645867811
vn 0.00471105890961 0.117688266437 -0.993039414055
vn -0.0392299489098 0.124650893392 -0.991424816053
vn 0.114821265589 -0.0838208763781 -0.989843491493
vn 0.113536666423 -0.105448624228 -0.987922068296
vn -0.0712409100859 0.124113962509 -0.989707258254
vn -0.0934806418419 0.124295535116 -0.987831964228
vn 0.104621141399 -0.128493571789 -0.98617636292
vn -0.111032695612 -0.0991427058248 -0.988859173182
vn -0.115713796013 0.118602951489 -0.986176281052
vn -0.142681324191 0.327467811754 -0.934027233003
vn -0.0133932006839 0.126458851905 -0.991881434926
vn 0.0063384610278 0.117800025465 -0.99301710857
vn -0.0856722522867 0.0951873158584 -0.991765920007
vn -0.0899495522944 0.071816393493 -0.993353654882
vn 0.04302331813 0.108032041321 -0.993216024914
vn 0.0852763252897 0.0958647557524 -0.99173479164
vn -0.111797577305 0.0412501848145 -0.992874475431
vn -0.132165476501 0.00139631043752 -0.991226683024
vn 0.113981313149 0.0831615052894 -0.989996173877
vn 0.133960814581 0.075200408062 -0.988129241944
vn -0.141621376974 -0.0293776577052 -0.98948488559
vn -0.148680525021 -0.0505816124929 -0.987590806942
vn 0.152881557225 0.0596263232353 -0.986444084091
vn 0.0590001489383 -0.135508872226 -0.98901786029
vn -0.150143144107 -0.0736083131214 -0.985920307386
vn -0.353294212711 0.0781360483099 -0.93224350747
vn -0.111205959779 0.0640076536644 -0.991733963713
vn -0.0924774163347 0.0748964276058 -0.992893978529
vn -0.128398070814 -0.0131765821487 -0.991635171368
vn -0.111855544373 -0.0304168595719 -0.993258854401
vn -0.0628784972649 0.0988593638957 -0.993112843916
vn -0.0280532240265 0.125880795958 -0.991648648378
vn -0.0998538093888 -0.0661189333303 -0.992802852235
vn -0.0794535699286 -0.105975368199 -0.99118936211
vn -0.000829409671022 0.141616791483 -0.989921207193
vn 0.0173734348054 0.153047842688 -0.988066051239
vn -0.0600232659031 -0.131594719776 -0.989484733221
vn -0.0469987521388 -0.149693681002 -0.987614762529
vn 0.0411032809001 0.159083755564 -0.986409082995
vn 0.143054287073 -0.0315257621487 -0.989212614796
vn -0.029203105493 -0.164270118781 -0.985983015424
vn -0.272710246506 -0.240791626489 -0.931476523624
vn -0.118053278464 -0.0522533914642 -0.991631487259
vn -0.115862672573 -0.0306501841302 -0.992792227668
vn -0.0654031407587 -0.111435757189 -0.991617114212
vn -0.0416951184703 -0.108127004028 -0.99326233599
vn -0.117927673175 0.00750962887239 -0.992993791206
vn -0.119424516703 0.0517573996499 -0.991493296191
vn -0.00575044412639 -0.119250723838 -0.992847519641
vn 0.0383767034883 -0.125983374867 -0.991289774933
vn -0.116159261065 0.0831951466481 -0.989740164711
vn -0.114720867838 0.104753084546 -0.987859258073
vn 0.0703625990588 -0.125199179081 -0.989633401928
vn 0.0925202534697 -0.125203154602 -0.987807761042
vn -0.10561696537 0.127630164361 -0.986182334952
vn 0.108798494663 0.0972150124165 -0.989298806691
vn 0.114595294936 -0.119335862368 -0.98621846988
vn 0.142746339712 -0.330600521114 -0.932913060225
vn 0.0124369673558 -0.127988693569 -0.991697643519
vn -0.00740685932514 -0.119362323832 -0.992823133335
vn 0.0846112635113 -0.0959917263051 -0.99177947275
vn 0.0887875791768 -0.0725334001141 -0.993406096041
vn -0.0443798654364 -0.109711979717 -0.992972159252
vn -0.0871096904808 -0.0976325114145 -0.991402942571
vn 0.110310613521 -0.0419205057365 -0.993012708752
vn 0.130178003085 -0.00223616372164 -0.99148811747
vn -0.116235330438 -0.0849097725204 -0.989585609479
vn -0.13650481045 -0.0769127390252 -0.987649162051
vn 0.139269633152 0.0282713297693 -0.989850847954
vn 0.146082661911 0.0492129602102 -0.988047539563
vn -0.155680821482 -0.0611694117032 -0.985911651668
vn -0.059844302104 0.134251176853 -0.989138656114
vn 0.147362690027 0.0719000831276 -0.986465719442
vn 0.346877548652 -0.0777613933706 -0.934681299664
vn 0.109822186892 -0.064642173436 -0.991847002657
vn 0.0912943938087 -0.0756186504334 -0.992948716383
vn 0.12635684489 0.0122322037125 -0.991909431824
vn 0.109986243223 0.0293308237354 -0.993500241108
vn 0.0619217264823 -0.0998078153935 -0.993078093493
vn 0.0271629178743 -0.127296153956 -0.991492745854
vn 0.0979801618373 0.0646975645797 -0.993083135001
vn 0.0777005567845 0.104117638754 -0.991525158922
vn -0.000174762485014 -0.143421046962 -0.989661746632
vn -0.018537370039 -0.155184275585 -0.987711600885
vn 0.0584473097257 0.12951150891 -0.989853868531
vn 0.0455346364893 0.147401198122 -0.988028078382
vn -0.0425353620683 -0.16153688496 -0.985949581759
vn -0.145059449875 0.0308906422204 -0.988940607026
vn 0.0279267364202 0.161916320716 -0.986409246955
vn 0.104375448356 0.134853163346 -0.98535292668
vn 0.133057741906 0.168489689348 -0.976681556037
vn 0.112482282115 0.0682695922142 -0.991305704104
vn 0.180511058858 0.111601756601 -0.977220960455
vn 0.000605264499072 -0.0245468395124 -0.999698497711
vn 0.0288019967303 -0.103833409853 -0.994177583726
vn -0.026097164598 0.00169847310345 -0.999657968102
vn -0.0976251674822 0.0401599037727 -0.994412645134
vn -0.0972693564125 0.141900602351 -0.985090296042
vn -0.120688524673 0.179998459265 -0.976235030448
vn -0.0310151387676 0.128624346104 -0.991208272139
vn -0.0513138842724 0.207252183622 -0.976940846553
vn 0.0227463937297 -0.00681182684843 -0.999718060549
vn 0.106399475763 -0.00448478727228 -0.994313350127
vn -0.0104490511621 -0.0241069717807 -0.999654776031
vn -0.0692581516149 -0.0804124667547 -0.994352625393
vn -0.173456212715 0.00496891174651 -0.984829047189
vn -0.218587084656 0.00845799464155 -0.97578078929
vn -0.123372364621 0.0509841825718 -0.9910498841
vn -0.199777842885 0.081112618877 -0.97647813931
vn 0.0183206430226 0.0146269645714 -0.999725165206
vn 0.0655559724884 0.0836147227303 -0.994339475538
vn 0.0127860727212 -0.0223789944477 -0.999667793295
vn 0.0237454816148 -0.10284087135 -0.99441435392
vn -0.106669281467 -0.137372825167 -0.984759042252
vn -0.136162660163 -0.171972168389 -0.975646095301
vn -0.114616609697 -0.0698017035204 -0.990954466647
vn -0.184363170919 -0.114217325287 -0.976199069767
vn -0.00162570244027 0.0236734554064 -0.999718422657
vn -0.0297250992532 0.102648190968 -0.994273487208
vn 0.0250375912975 -0.00255760399834 -0.999683238673
vn 0.0962486120695 -0.0408724670301 -0.994517795775
vn 0.0963768319878 -0.142922953289 -0.985030220693
vn 0.119898613453 -0.181187427639 -0.97611241082
vn 0.0301228269889 -0.130033320486 -0.991051941554
vn 0.0506639562398 -0.209541701437 -0.97648627174
vn -0.0237936350413 0.00597194655396 -0.999699054109
vn -0.108063280266 0.00366056519565 -0.994137278106
vn 0.00942181966372 0.023204596342 -0.99968633882
vn 0.0677033364378 0.0789397081044 -0.994577689635
vn 0.170809655228 -0.00576028527533 -0.985287207262
vn 0.215037364223 -0.00918791391447 -0.976562601284
vn 0.121808372689 -0.0515916195824 -0.99121189719
vn 0.197357576471 -0.0813485528503 -0.976950561676
vn -0.0193762196968 -0.0155144317748 -0.999691884791
vn -0.0670898298798 -0.0851190504089 -0.994109502009
vn -0.0138058916844 0.0215102542425 -0.999673299792
vn -0.0246713466817 0.101626452635 -0.994516660885
vn -0.966539514306 -0.254152617208 0.0347536250001
vn -0.914851449368 -0.402158858724 0.0362640033531
vn -0.914851449368 -0.402158858724 0.0362640033531
vn -0.966564060759 -0.254059125115 0.0347545305635
vn -0.840610690759 -0.540321209137 0.0377711204319
vn -0.840610690759 -0.540321209137 0.0377711204319
vn -0.840610690759 -0.540321209137 0.0377711204319
vn -0.914851449368 -0.402158858724 0.0362640033531
vn -0.966564060759 -0.254059125115 0.0347545305635
vn -0.745772286316 -0.665129353218 0.0377708942315
vn -0.745772286316 -0.665129353218 0.0377708942315
vn -0.63252474478 -0.77361872532 0.0377692345129
vn -0.63252474478 -0.77361872532 0.0377692345129
vn -0.63252474478 -0.77361872532 0.0377692345129
vn -0.745772286316 -0.665129353218 0.0377708942315
vn -0.503801804555 -0.863089144729 0.0355087310003
vn -0.503801804555 -0.863089144729 0.0355087310003
vn -0.36258834377 -0.931356339009 0.0332424841116
vn -0.36258834377 -0.931356339009 0.0332424841116
vn -0.36258834377 -0.931356339009 0.0332424841116
vn -0.503801804555 -0.863089144729 0.0355087310003
vn -0.212415580607 -0.976711832365 0.0302261084935
vn -0.212415580607 -0.976711832365 0.0302261084935
vn -0.0569785897157 -0.998025010695 0.0264484090434
vn -0.0569785897157 -0.998025010695 0.0264484090434
vn -0.0569785897157 -0.998025010695 0.0264484090434
vn -0.212415580607 -0.976711832365 0.0302261084935
vn 0.099778401815 -0.994784618227 0.0211620856965
vn 0.099778401815 -0.994784618227 0.0211620856965
vn 0.254274200889 -0.9670018953 0.0158734132733
vn 0.254274200889 -0.9670018953 0.0158734132733
vn 0.254274200889 -0.9670018953 0.0158734132733
vn 0.099778401815 -0.994784618227 0.0211620856965
vn 0.402364191308 -0.915418522276 0.0105823733811
vn 0.402364191308 -0.915418522276 0.0105823733811
vn 0.540701487312 -0.841202311363 0.0045357441775
vn 0.540701487312 -0.841202311363 0.0045357441775
vn 0.540701487312 -0.841202311363 0.0045357441775
vn 0.402364191308 -0.915418522276 0.0105823733811
vn 0.665603549735 -0.74630397877 -0.00151190309803
vn 0.665603549735 -0.74630397877 -0.00151190309803
vn 0.77414899069 -0.632958293721 -0.00755900945911
vn 0.77414899069 -0.632958293721 -0.00755900945911
vn 0.77414899069 -0.632958293721 -0.00755900945911
vn 0.665603549735 -0.74630397877 -0.00151190309803
vn 0.863587893646 -0.504034561489 -0.0128495436708
vn 0.863587893646 -0.504034561489 -0.0128495436708
vn 0.931718047178 -0.362729162918 -0.0181393200481
vn 0.931718047178 -0.362729162918 -0.0181393200481
vn 0.931718047178 -0.362729162918 -0.0181393200481
vn 0.863587893646 -0.504034561489 -0.0128495436708
vn 0.976890070671 -0.212454345388 -0.023429488892
vn 0.976890070671 -0.212454345388 -0.023429488892
vn 0.997978291136 -0.0570758805543 -0.0279584384388
vn 0.997978291136 -0.0570758805543 -0.0279584384388
vn 0.997978291136 -0.0570758805543 -0.0279584384388
vn 0.976890070671 -0.212454345388 -0.023429488892
vn 0.994506299879 0.099750484533 -0.0317342139599
vn 0.994506299879 0.099750484533 -0.0317342139599
vn 0.966564060759 0.254059125115 -0.0347545305635
vn 0.966564060759 0.254059125115 -0.0347545305635
vn 0.966564060759 0.254059125115 -0.0347545305635
vn 0.994506299879 0.099750484533 -0.0317342139599
vn 0.914851449368 0.402158858724 -0.0362640033531
vn 0.914851449368 0.402158858724 -0.0362640033531
vn 0.840610690759 0.540321209137 -0.0377711204319
vn 0.840610690759 0.540321209137 -0.0377711204319
vn 0.840610690759 0.540321209137 -0.0377711204319
vn 0.914851449368 0.402158858724 -0.0362640033531
vn 0.745772286316 0.665129353218 -0.0377708942315
vn 0.745772286316 0.665129353218 -0.0377708942315
vn 0.63252474478 0.77361872532 -0.0377692345129
vn 0.63252474478 0.77361872532 -0.0377692345129
vn 0.63252474478 0.77361872532 -0.0377692345129
vn 0.745772286316 0.665129353218 -0.0377708942315
vn 0.503801804555 0.863089144729 -0.0355087310003
vn 0.503801804555 0.863089144729 -0.0355087310003
vn 0.36258834377 0.931356339009 -0.0332424841116
vn 0.36258834377 0.931356339009 -0.0332424841116
vn 0.36258834377 0.931356339009 -0.0332424841116
vn 0.503801804555 0.863089144729 -0.0355087310003
vn 0.212415580607 0.976711832365 -0.0302261084935
vn 0.212415580607 0.976711832365 -0.0302261084935
vn 0.0569785897157 0.998025010695 -0.0264484090434
vn 0.0569785897157 0.998025010695 -0.0264484090434
vn 0.0569785897157 0.998025010695 -0.0264484090434
vn 0.212415580607 0.976711832365 -0.0302261084935
vn -0.099778401815 0.994784618227 -0.0211620856965
vn -0.099778401815 0.994784618227 -0.0211620856965
vn -0.254274200889 0.9670018953 -0.0158734132733
vn -0.254274200889 0.9670018953 -0.0158734132733
vn -0.254274200889 0.9670018953 -0.0158734132733
vn -0.099778401815 0.994784618227 -0.0211620856965
vn -0.402364191308 0.915418522276 -0.0105823733811
vn -0.402364191308 0.915418522276 -0.0105823733811
vn -0.540701487312 0.841202311363 -0.0045357441775
vn -0.540701487312 0.841202311363 -0.0045357441775
vn -0.540701487312 0.841202311363 -0.0045357441775
vn -0.402364191308 0.915418522276 -0.0105823733811
vn -0.665603549735 0.74630397877 0.00151190309803
vn -0.665603549735 0.74630397877 0.00151190309803
vn -0.77414899069 0.632958293721 0.00755900945911
vn -0.77414899069 0.632958293721 0.00755900945911
vn -0.77414899069 0.632958293721 0.00755900945911
vn -0.665603549735 0.74630397877 0.00151190309803
vn -0.863587893646 0.504034561489 0.0128495436708
vn -0.863587893646 0.504034561489 0.0128495436708
vn -0.931718047178 0.362729162918 0.0181393200481
vn -0.931718047178 0.362729162918 0.0181393200481
vn -0.931718047178 0.362729162918 0.0181393200481
vn -0.863587893646 0.504034561489 0.0128495436708
vn -0.976890070671 0.212454345388 0.023429488892
vn -0.976890070671 0.212454345388 0.023429488892
vn -0.997978291136 0.0570758805543 0.0279584384388
vn -0.997978291136 0.0570758805543 0.0279584384388
vn -0.997978291136 0.0570758805543 0.0279584384388
vn -0.976890070671 0.212454345388 0.023429488892
vn -0.994506299879 -0.099750484533 0.0317342139599
vn -0.994506299879 -0.099750484533 0.0317342139599
vn -0.966539514306 -0.254152617208 0.0347536250001
vn -0.966539514306 -0.254152617208 0.0347536250001
vn -0.966564060759 -0.254059125115 0.0347545305635
vn -0.994506299879 -0.099750484533 0.0317342139599
vn -0.994506299879 -0.099750484533 0.0317342139599
vn -0.997978291136 0.0570758805543 0.0279584384388
vn -0.966539514306 -0.254152617208 0.0347536250001
vn -0.966539514306 -0.254152617208 0.0347536250001
vn -0.994506299879 -0.099750484533 0.0317342139599
vn -0.997978291136 0.0570758805543 0.0279584384388
vn -0.976890070671 0.212454345388 0.023429488892
vn -0.931718047178 0.362729162918 0.0181393200481
vn -0.976890070671 0.212454345388 0.023429488892
vn -0.931718047178 0.362729162918 0.0181393200481
vn -0.863587893646 0.504034561489 0.0128495436708
vn -0.77414899069 0.632958293721 0.00755900945911
vn -0.863587893646 0.504034561489 0.0128495436708
vn -0.77414899069 0.632958293721 0.00755900945911
vn -0.665603549735 0.74630397877 0.00151190309803
vn -0.540701487312 0.841202311363 -0.0045357441775
vn -0.665603549735 0.74630397877 0.00151190309803
vn -0.540701487312 0.841202311363 -0.0045357441775
vn -0.402364191308 0.915418522276 -0.0105823733811
vn -0.254274200889 0.9670018953 -0.0158734132733
vn -0.402364191308 0.915418522276 -0.0105823733811
vn -0.254274200889 0.9670018953 -0.0158734132733
vn -0.099778401815 0.994784618227 -0.0211620856965
vn 0.0569785897157 0.998025010695 -0.0264484090434
vn -0.099778401815 0.994784618227 -0.0211620856965
vn 0.0569785897157 0.998025010695 -0.0264484090434
vn 0.212415580607 0.976711832365 -0.0302261084935
vn 0.36258834377 0.931356339009 -0.0332424841116
vn 0.212415580607 0.976711832365 -0.0302261084935
vn 0.36258834377 0.931356339009 -0.0332424841116
vn 0.503801804555 0.863089144729 -0.0355087310003
vn 0.63252474478 0.77361872532 -0.0377692345129
vn 0.503801804555 0.863089144729 -0.0355087310003
vn 0.63252474478 0.77361872532 -0.0377692345129
vn 0.745772286316 0.665129353218 -0.0377708942315
vn 0.840610690759 0.540321209137 -0.0377711204319
vn 0.745772286316 0.665129353218 -0.0377708942315
vn 0.840610690759 0.540321209137 -0.0377711204319
vn 0.914851449368 0.402158858724 -0.0362640033531
vn 0.966564060759 0.254059125115 -0.0347545305635
vn 0.914851449368 0.402158858724 -0.0362640033531
vn 0.966564060759 0.254059125115 -0.0347545305635
vn 0.994506299879 0.099750484533 -0.0317342139599
vn 0.997978291136 -0.0570758805543 -0.0279584384388
vn 0.994506299879 0.099750484533 -0.0317342139599
vn 0.997978291136 -0.0570758805543 -0.0279584384388
vn 0.976890070671 -0.212454345388 -0.023429488892
vn 0.931718047178 -0.362729162918 -0.0181393200481
vn 0.976890070671 -0.212454345388 -0.023429488892
vn 0.931718047178 -0.362729162918 -0.0181393200481
vn 0.863587893646 -0.504034561489 -0.0128495436708
vn 0.77414899069 -0.632958293721 -0.00755900945911
vn 0.863587893646 -0.504034561489 -0.0128495436708
vn 0.77414899069 -0.632958293721 -0.00755900945911
vn 0.665603549735 -0.74630397877 -0.00151190309803
vn 0.540701487312 -0.841202311363 0.0045357441775
vn 0.665603549735 -0.74630397877 -0.00151190309803
vn 0.540701487312 -0.841202311363 0.0045357441775
vn 0.402364191308 -0.915418522276 0.0105823733811
vn 0.254274200889 -0.9670018953 0.0158734132733
vn 0.402364191308 -0.915418522276 0.0105823733811
vn 0.254274200889 -0.9670018953 0.0158734132733
vn 0.099778401815 -0.994784618227 0.0211620856965
vn -0.0569785897157 -0.998025010695 0.0264484090434
vn 0.099778401815 -0.994784618227 0.0211620856965
vn -0.0569785897157 -0.998025010695 0.0264484090434
vn -0.212415580607 -0.976711832365 0.0302261084935
vn -0.36258834377 -0.931356339009 0.0332424841116
vn -0.212415580607 -0.976711832365 0.0302261084935
vn -0.36258834377 -0.931356339009 0.0332424841116
vn -0.503801804555 -0.863089144729 0.0355087310003
vn -0.63252474478 -0.77361872532 0.0377692345129
vn -0.503801804555 -0.863089144729 0.0355087310003
vn -0.63252474478 -0.77361872532 0.0377692345129
vn -0.745772286316 -0.665129353218 0.0377708942315
vn -0.840610690759 -0.540321209137 0.0377711204319
vn -0.745772286316 -0.665129353218 0.0377708942315
vn -0.840610690759 -0.540321209137 0.0377711204319
vn -0.914851449368 -0.402158858724 0.0362640033531
vn -0.966564060759 -0.254059125115 0.0347545305635
vn -0.914851449368 -0.402158858724 0.0362640033531
vn -0.966564060759 -0.254059125115 0.0347545305635
vn -0.966564060759 -0.254059125115 0.0347545305635
vn -0.914851449368 -0.402158858724 0.0362640033531
vn -0.914851449368 -0.402158858724 0.0362640033531
vn -0.966564060759 -0.254059125115 0.0347545305635
vn -0.840610690759 -0.540321209137 0.0377711204319
vn -0.840610690759 -0.540321209137 0.0377711204319
vn -0.745772286316 -0.665129353218 0.0377708942315
vn -0.745772286316 -0.665129353218 0.0377708942315
vn -0.63252474478 -0.77361872532 0.0377692345129
vn -0.63252474478 -0.77361872532 0.0377692345129
vn -0.503801804555 -0.863089144729 0.0355087310003
vn -0.503801804555 -0.863089144729 0.0355087310003
vn -0.36258834377 -0.931356339009 0.0332424841116
vn -0.36258834377 -0.931356339009 0.0332424841116
vn -0.212415580607 -0.976711832365 0.0302261084935
vn -0.212415580607 -0.976711832365 0.0302261084935
vn -0.0569785897157 -0.998025010695 0.0264484090434
vn -0.0569785897157 -0.998025010695 0.0264484090434
vn 0.099778401815 -0.994784618227 0.0211620856965
vn 0.099778401815 -0.994784618227 0.0211620856965
vn 0.254274200889 -0.9670018953 0.0158734132733
vn 0.254274200889 -0.9670018953 0.0158734132733
vn 0.402364191308 -0.915418522276 0.0105823733811
vn 0.402364191308 -0.915418522276 0.0105823733811
vn 0.540701487312 -0.841202311363 0.0045357441775
vn 0.540701487312 -0.841202311363 0.0045357441775
vn 0.665603549735 -0.74630397877 -0.00151190309803
vn 0.665603549735 -0.74630397877 -0.00151190309803
vn 0.77414899069 -0.632958293721 -0.00755900945911
vn 0.77414899069 -0.632958293721 -0.00755900945911
vn 0.863587893646 -0.504034561489 -0.0128495436708
vn 0.863587893646 -0.504034561489 -0.0128495436708
vn 0.931718047178 -0.362729162918 -0.0181393200481
vn 0.931718047178 -0.362729162918 -0.0181393200481
vn 0.976890070671 -0.212454345388 -0.023429488892
vn 0.976890070671 -0.212454345388 -0.023429488892
vn 0.997978291136 -0.0570758805543 -0.0279584384388
vn 0.997978291136 -0.0570758805543 -0.0279584384388
vn 0.994506299879 0.099750484533 -0.0317342139599
vn 0.994506299879 0.099750484533 -0.0317342139599
vn 0.966564060759 0.254059125115 -0.0347545305635
vn 0.966564060759 0.254059125115 -0.0347545305635
vn 0.914851449368 0.402158858724 -0.0362640033531
vn 0.914851449368 0.402158858724 -0.0362640033531
vn 0.840610690759 0.540321209137 -0.0377711204319
vn 0.840610690759 0.540321209137 -0.0377711204319
vn 0.745772286316 0.665129353218 -0.0377708942315
vn 0.745772286316 0.665129353218 -0.0377708942315
vn 0.63252474478 0.77361872532 -0.0377692345129
vn 0.63252474478 0.77361872532 -0.0377692345129
vn 0.503801804555 0.863089144729 -0.0355087310003
vn 0.503801804555 0.863089144729 -0.0355087310003
vn 0.36258834377 0.931356339009 -0.0332424841116
vn 0.36258834377 0.931356339009 -0.0332424841116
vn 0.212415580607 0.976711832365 -0.0302261084935
vn 0.212415580607 0.976711832365 -0.0302261084935
vn 0.0569785897157 0.998025010695 -0.0264484090434
vn 0.0569785897157 0.998025010695 -0.0264484090434
vn -0.099778401815 0.994784618227 -0.0211620856965
vn -0.099778401815 0.994784618227 -0.0211620856965
vn -0.254274200889 0.9670018953 -0.0158734132733
vn -0.254274200889 0.9670018953 -0.0158734132733
vn -0.402364191308 0.915418522276 -0.0105823733811
vn -0.402364191308 0.915418522276 -0.0105823733811
vn -0.540701487312 0.841202311363 -0.0045357441775
vn -0.540701487312 0.841202311363 -0.0045357441775
vn -0.665603549735 0.74630397877 0.00151190309803
vn -0.665603549735 0.74630397877 0.00151190309803
vn -0.77414899069 0.632958293721 0.00755900945911
vn -0.77414899069 0.632958293721 0.00755900945911
vn -0.863587893646 0.504034561489 0.0128495436708
vn -0.863587893646 0.504034561489 0.0128495436708
vn -0.931718047178 0.362729162918 0.0181393200481
vn -0.931718047178 0.362729162918 0.0181393200481
vn -0.976890070671 0.212454345388 0.023429488892
vn -0.976890070671 0.212454345388 0.023429488892
vn -0.997978291136 0.0570758805543 0.0279584384388
vn -0.997978291136 0.0570758805543 0.0279584384388
vn -0.994506299879 -0.099750484533 0.0317342139599
vn -0.994506299879 -0.099750484533 0.0317342139599
vn -0.966539514306 -0.254152617208 0.0347536250001
vn -0.966539514306 -0.254152617208 0.0347536250001
vn -0.994506299879 -0.099750484533 0.0317342139599
vn -0.997978291136 0.0570758805543 0.0279584384388
vn -0.966539514306 -0.254152617208 0.0347536250001
vn -0.966539514306 -0.254152617208 0.0347536250001
vn -0.994506299879 -0.099750484533 0.0317342139599
vn -0.997978291136 0.0570758805543 0.0279584384388
vn -0.976890070671 0.212454345388 0.023429488892
vn -0.931718047178 0.362729162918 0.0181393200481
vn -0.976890070671 0.212454345388 0.023429488892
vn -0.931718047178 0.362729162918 0.0181393200481
vn -0.863587893646 0.504034561489 0.0128495436708
vn -0.77414899069 0.632958293721 0.00755900945911
vn -0.863587893646 0.504034561489 0.0128495436708
vn -0.77414899069 0.632958293721 0.00755900945911
vn -0.665603549735 0.74630397877 0.00151190309803
vn -0.540701487312 0.841202311363 -0.0045357441775
vn -0.665603549735 0.74630397877 0.00151190309803
vn -0.540701487312 0.841202311363 -0.0045357441775
vn -0.402364191308 0.915418522276 -0.0105823733811
vn -0.254274200889 0.9670018953 -0.0158734132733
vn -0.402364191308 0.915418522276 -0.0105823733811
vn -0.254274200889 0.9670018953 -0.0158734132733
vn -0.099778401815 0.994784618227 -0.0211620856965
vn 0.0569785897157 0.998025010695 -0.0264484090434
vn -0.099778401815 0.994784618227 -0.0211620856965
vn 0.0569785897157 0.998025010695 -0.0264484090434
vn 0.212415580607 0.976711832365 -0.0302261084935
vn 0.36258834377 0.931356339009 -0.0332424841116
vn 0.212415580607 0.976711832365 -0.0302261084935
vn 0.36258834377 0.931356339009 -0.0332424841116
vn 0.503801804555 0.863089144729 -0.0355087310003
vn 0.63252474478 0.77361872532 -0.0377692345129
vn 0.503801804555 0.863089144729 -0.0355087310003
vn 0.63252474478 0.77361872532 -0.0377692345129
vn 0.745772286316 0.665129353218 -0.0377708942315
vn 0.840610690759 0.540321209137 -0.0377711204319
vn 0.745772286316 0.665129353218 -0.0377708942315
vn 0.840610690759 0.540321209137 -0.0377711204319
vn 0.914851449368 0.402158858724 -0.0362640033531
vn 0.966564060759 0.254059125115 -0.0347545305635
vn 0.914851449368 0.402158858724 -0.0362640033531
vn 0.966564060759 0.254059125115 -0.0347545305635
vn 0.994506299879 0.099750484533 -0.0317342139599
vn 0.997978291136 -0.0570758805543 -0.0279584384388
vn 0.994506299879 0.099750484533 -0.0317342139599
vn 0.997978291136 -0.0570758805543 -0.0279584384388
vn 0.976890070671 -0.212454345388 -0.023429488892
vn 0.931718047178 -0.362729162918 -0.0181393200481
vn 0.976890070671 -0.212454345388 -0.023429488892
vn 0.931718047178 -0.362729162918 -0.0181393200481
vn 0.863587893646 -0.504034561489 -0.0128495436708
vn 0.77414899069 -0.632958293721 -0.00755900945911
vn 0.863587893646 -0.504034561489 -0.0128495436708
vn 0.77414899069 -0.632958293721 -0.00755900945911
vn 0.665603549735 -0.74630397877 -0.00151190309803
vn 0.540701487312 -0.841202311363 0.0045357441775
vn 0.665603549735 -0.74630397877 -0.00151190309803
vn 0.540701487312 -0.841202311363 0.0045357441775
vn 0.402364191308 -0.915418522276 0.0105823733811
vn 0.254274200889 -0.9670018953 0.0158734132733
vn 0.402364191308 -0.915418522276 0.0105823733811
vn 0.254274200889 -0.9670018953 0.0158734132733
vn 0.099778401815 -0.994784618227 0.0211620856965
vn -0.0569785897157 -0.998025010695 0.0264484090434
vn 0.099778401815 -0.994784618227 0.0211620856965
vn -0.0569785897157 -0.998025010695 0.0264484090434
vn -0.212415580607 -0.976711832365 0.0302261084935
vn -0.36258834377 -0.931356339009 0.0332424841116
vn -0.212415580607 -0.976711832365 0.0302261084935
vn -0.36258834377 -0.931356339009 0.0332424841116
vn -0.503801804555 -0.863089144729 0.0355087310003
vn -0.63252474478 -0.77361872532 0.0377692345129
vn -0.503801804555 -0.863089144729 0.0355087310003
vn -0.63252474478 -0.77361872532 0.0377692345129
vn -0.745772286316 -0.665129353218 0.0377708942315
vn -0.840610690759 -0.540321209137 0.0377711204319
vn -0.745772286316 -0.665129353218 0.0377708942315
vn -0.840610690759 -0.540321209137 0.0377711204319
vn -0.914851449368 -0.402158858724 0.0362640033531
vn -0.966564060759 -0.254059125115 0.0347545305635
vn -0.914851449368 -0.402158858724 0.0362640033531
vn -0.966564060759 -0.254059125115 0.0347545305635
vn -0.966564060759 -0.254059125115 0.0347545305635
vn -0.914851449368 -0.402158858724 0.0362640033531
vn -0.914851449368 -0.402158858724 0.0362640033531
vn -0.966564060759 -0.254059125115 0.0347545305635
vn -0.840610690759 -0.540321209137 0.0377711204319
vn -0.840610690759 -0.540321209137 0.0377711204319
vn -0.745772286316 -0.665129353218 0.0377708942315
vn -0.745772286316 -0.665129353218 0.0377708942315
vn -0.63252474478 -0.77361872532 0.0377692345129
vn -0.63252474478 -0.77361872532 0.0377692345129
vn -0.503801804555 -0.863089144729 0.0355087310003
vn -0.503801804555 -0.863089144729 0.0355087310003
vn -0.36258834377 -0.931356339009 0.0332424841116
vn -0.36258834377 -0.931356339009 0.0332424841116
vn -0.212415580607 -0.976711832365 0.0302261084935
vn -0.212415580607 -0.976711832365 0.0302261084935
vn -0.0569785897157 -0.998025010695 0.0264484090434
vn -0.0569785897157 -0.998025010695 0.0264484090434
vn 0.099778401815 -0.994784618227 0.0211620856965
vn 0.099778401815 -0.994784618227 0.0211620856965
vn 0.254274200889 -0.9670018953 0.0158734132733
vn 0.254274200889 -0.9670018953 0.0158734132733
vn 0.402364191308 -0.915418522276 0.0105823733811
vn 0.402364191308 -0.915418522276 0.0105823733811
vn 0.540701487312 -0.841202311363 0.0045357441775
vn 0.540701487312 -0.841202311363 0.0045357441775
vn 0.665603549735 -0.74630397877 -0.00151190309803
vn 0.665603549735 -0.74630397877 -0.00151190309803
vn 0.77414899069 -0.632958293721 -0.00755900945911
vn 0.77414899069 -0.632958293721 -0.00755900945911
vn 0.863587893646 -0.504034561489 -0.0128495436708
vn 0.863587893646 -0.504034561489 -0.0128495436708
vn 0.931718047178 -0.362729162918 -0.0181393200481
vn 0.931718047178 -0.362729162918 -0.0181393200481
vn 0.976890070671 -0.212454345388 -0.023429488892
vn 0.976890070671 -0.212454345388 -0.023429488892
vn 0.997978291136 -0.0570758805543 -0.0279584384388
vn 0.997978291136 -0.0570758805543 -0.0279584384388
vn 0.994506299879 0.099750484533 -0.0317342139599
vn 0.994506299879 0.099750484533 -0.0317342139599
vn 0.966564060759 0.254059125115 -0.0347545305635
vn 0.966564060759 0.254059125115 -0.0347545305635
vn 0.914851449368 0.402158858724 -0.0362640033531
vn 0.914851449368 0.402158858724 -0.0362640033531
vn 0.840610690759 0.540321209137 -0.0377711204319
vn 0.840610690759 0.540321209137 -0.0377711204319
vn 0.745772286316 0.665129353218 -0.0377708942315
vn 0.745772286316 0.665129353218 -0.0377708942315
vn 0.63252474478 0.77361872532 -0.0377692345129
vn 0.63252474478 0.77361872532 -0.0377692345129
vn 0.503801804555 0.863089144729 -0.0355087310003
vn 0.503801804555 0.863089144729 -0.0355087310003
vn 0.36258834377 0.931356339009 -0.0332424841116
vn 0.36258834377 0.931356339009 -0.0332424841116
vn 0.212415580607 0.976711832365 -0.0302261084935
vn 0.212415580607 0.976711832365 -0.0302261084935
vn 0.0569785897157 0.998025010695 -0.0264484090434
vn 0.0569785897157 0.998025010695 -0.0264484090434
vn -0.099778401815 0.994784618227 -0.0211620856965
vn -0.099778401815 0.994784618227 -0.0211620856965
vn -0.254274200889 0.9670018953 -0.0158734132733
vn -0.254274200889 0.9670018953 -0.0158734132733
vn -0.402364191308 0.915418522276 -0.0105823733811
vn -0.402364191308 0.915418522276 -0.0105823733811
vn -0.540701487312 0.841202311363 -0.0045357441775
vn -0.540701487312 0.841202311363 -0.0045357441775
vn -0.665603549735 0.74630397877 0.00151190309803
vn -0.665603549735 0.74630397877 0.00151190309803
vn -0.77414899069 0.632958293721 0.00755900945911
vn -0.77414899069 0.632958293721 0.00755900945911
vn -0.863587893646 0.504034561489 0.0128495436708
vn -0.863587893646 0.504034561489 0.0128495436708
vn -0.931718047178 0.362729162918 0.0181393200481
vn -0.931718047178 0.362729162918 0.0181393200481
vn -0.976890070671 0.212454345388 0.023429488892
vn -0.976890070671 0.212454345388 0.023429488892
vn -0.997978291136 0.0570758805543 0.0279584384388
vn -0.997978291136 0.0570758805543 0.0279584384388
vn -0.994506299879 -0.099750484533 0.0317342139599
vn -0.994506299879 -0.099750484533 0.0317342139599
vn -0.966539514306 -0.254152617208 0.0347536250001
vn -0.966539514306 -0.254152617208 0.0347536250001
vn -0.994506299879 -0.099750484533 0.0317342139599
vn -0.997978291136 0.0570758805543 0.0279584384388
vn -0.966539514306 -0.254152617208 0.0347536250001
vn -0.976890070671 0.212454345388 0.023429488892
vn -0.931718047178 0.362729162918 0.0181393200481
vn -0.863587893646 0.504034561489 0.0128495436708
vn -0.77414899069 0.632958293721 0.00755900945911
vn -0.665603549735 0.74630397877 0.00151190309803
vn -0.540701487312 0.841202311363 -0.0045357441775
vn -0.402364191308 0.915418522276 -0.0105823733811
vn -0.254274200889 0.9670018953 -0.0158734132733
vn -0.099778401815 0.994784618227 -0.0211620856965
vn 0.0569785897157 0.998025010695 -0.0264484090434
vn 0.212415580607 0.976711832365 -0.0302261084935
vn 0.36258834377 0.931356339009 -0.0332424841116
vn 0.503801804555 0.863089144729 -0.0355087310003
vn 0.63252474478 0.77361872532 -0.0377692345129
vn 0.745772286316 0.665129353218 -0.0377708942315
vn 0.840610690759 0.540321209137 -0.0377711204319
vn 0.914851449368 0.402158858724 -0.0362640033531
vn 0.966564060759 0.254059125115 -0.0347545305635
vn 0.994506299879 0.099750484533 -0.0317342139599
vn 0.997978291136 -0.0570758805543 -0.0279584384388
vn 0.976890070671 -0.212454345388 -0.023429488892
vn 0.931718047178 -0.362729162918 -0.0181393200481
vn 0.863587893646 -0.504034561489 -0.0128495436708
vn 0.77414899069 -0.632958293721 -0.00755900945911
vn 0.665603549735 -0.74630397877 -0.00151190309803
vn 0.540701487312 -0.841202311363 0.0045357441775
vn 0.402364191308 -0.915418522276 0.0105823733811
vn 0.254274200889 -0.9670018953 0.0158734132733
vn 0.099778401815 -0.994784618227 0.0211620856965
vn -0.0569785897157 -0.998025010695 0.0264484090434
vn -0.212415580607 -0.976711832365 0.0302261084935
vn -0.36258834377 -0.931356339009 0.0332424841116
vn -0.503801804555 -0.863089144729 0.0355087310003
vn -0.63252474478 -0.77361872532 0.0377692345129
vn -0.745772286316 -0.665129353218 0.0377708942315
vn -0.840610690759 -0.540321209137 0.0377711204319
vn -0.914851449368 -0.402158858724 0.0362640033531
vn -0.966539514306 -0.254152617208 0.0347536250001
vn -0.966564060759 -0.254059125115 0.0347545305635
vn -0.914851449368 -0.402158858724 0.0362640033531
vn -0.914851449368 -0.402158858724 0.0362640033531
vn -0.966564060759 -0.254059125115 0.0347545305635
vn -0.840610690759 -0.540321209137 0.0377711204319
vn -0.840610690759 -0.540321209137 0.0377711204319
vn -0.745772286316 -0.665129353218 0.0377708942315
vn -0.745772286316 -0.665129353218 0.0377708942315
vn -0.63252474478 -0.77361872532 0.0377692345129
vn -0.63252474478 -0.77361872532 0.0377692345129
vn -0.503801804555 -0.863089144729 0.0355087310003
vn -0.503801804555 -0.863089144729 0.0355087310003
vn -0.36258834377 -0.931356339009 0.0332424841116
vn -0.36258834377 -0.931356339009 0.0332424841116
vn -0.212415580607 -0.976711832365 0.0302261084935
vn -0.212415580607 -0.976711832365 0.0302261084935
vn -0.0569785897157 -0.998025010695 0.0264484090434
vn -0.0569785897157 -0.998025010695 0.0264484090434
vn 0.099778401815 -0.994784618227 0.0211620856965
vn 0.099778401815 -0.994784618227 0.0211620856965
vn 0.254274200889 -0.9670018953 0.0158734132733
vn 0.254274200889 -0.9670018953 0.0158734132733
vn 0.402364191308 -0.915418522276 0.0105823733811
vn 0.402364191308 -0.915418522276 0.0105823733811
vn 0.540701487312 -0.841202311363 0.0045357441775
vn 0.540701487312 -0.841202311363 0.0045357441775
vn 0.665603549735 -0.74630397877 -0.00151190309803
vn 0.665603549735 -0.74630397877 -0.00151190309803
vn 0.77414899069 -0.632958293721 -0.00755900945911
vn 0.77414899069 -0.632958293721 -0.00755900945911
vn 0.863587893646 -0.504034561489 -0.0128495436708
vn 0.863587893646 -0.504034561489 -0.0128495436708
vn 0.931718047178 -0.362729162918 -0.0181393200481
vn 0.931718047178 -0.362729162918 -0.0181393200481
vn 0.976890070671 -0.212454345388 -0.023429488892
vn 0.976890070671 -0.212454345388 -0.023429488892
vn 0.997978291136 -0.0570758805543 -0.0279584384388
vn 0.997978291136 -0.0570758805543 -0.0279584384388
vn 0.994506299879 0.099750484533 -0.0317342139599
vn 0.994506299879 0.099750484533 -0.0317342139599
vn 0.966564060759 0.254059125115 -0.0347545305635
vn 0.966564060759 0.254059125115 -0.0347545305635
vn 0.914851449368 0.402158858724 -0.0362640033531
vn 0.914851449368 0.402158858724 -0.0362640033531
vn 0.840610690759 0.540321209137 -0.0377711204319
vn 0.840610690759 0.540321209137 -0.0377711204319
vn 0.745772286316 0.665129353218 -0.0377708942315
vn 0.745772286316 0.665129353218 -0.0377708942315
vn 0.63252474478 0.77361872532 -0.0377692345129
vn 0.63252474478 0.77361872532 -0.0377692345129
vn 0.503801804555 0.863089144729 -0.0355087310003
vn 0.503801804555 0.863089144729 -0.0355087310003
vn 0.36258834377 0.931356339009 -0.0332424841116
vn 0.36258834377 0.931356339009 -0.0332424841116
vn 0.212415580607 0.976711832365 -0.0302261084935
vn 0.212415580607 0.976711832365 -0.0302261084935
vn 0.0569785897157 0.998025010695 -0.0264484090434
vn 0.0569785897157 0.998025010695 -0.0264484090434
vn -0.099778401815 0.994784618227 -0.0211620856965
vn -0.099778401815 0.994784618227 -0.0211620856965
vn -0.254274200889 0.9670018953 -0.0158734132733
vn -0.254274200889 0.9670018953 -0.0158734132733
vn -0.402364191308 0.915418522276 -0.0105823733811
vn -0.402364191308 0.915418522276 -0.0105823733811
vn -0.540701487312 0.841202311363 -0.0045357441775
vn -0.540701487312 0.841202311363 -0.0045357441775
vn -0.665603549735 0.74630397877 0.00151190309803
vn -0.665603549735 0.74630397877 0.00151190309803
vn -0.77414899069 0.632958293721 0.00755900945911
vn -0.77414899069 0.632958293721 0.00755900945911
vn -0.863587893646 0.504034561489 0.0128495436708
vn -0.863587893646 0.504034561489 0.0128495436708
vn -0.931718047178 0.362729162918 0.0181393200481
vn -0.931718047178 0.362729162918 0.0181393200481
vn -0.976890070671 0.212454345388 0.023429488892
vn -0.976890070671 0.212454345388 0.023429488892
vn -0.997978291136 0.0570758805543 0.0279584384388
vn -0.997978291136 0.0570758805543 0.0279584384388
vn -0.994506299879 -0.099750484533 0.0317342139599
vn -0.994506299879 -0.099750484533 0.0317342139599
vn -0.966539514306 -0.254152617208 0.0347536250001
vn -0.966539514306 -0.254152617208 0.0347536250001
vn -0.994506299879 -0.099750484533 0.0317342139599
vn -0.997978291136 0.0570758805543 0.0279584384388
vn -0.966539514306 -0.254152617208 0.0347536250001
vn -0.966539514306 -0.254152617208 0.0347536250001
vn -0.994506299879 -0.099750484533 0.0317342139599
vn -0.997978291136 0.0570758805543 0.0279584384388
vn -0.976890070671 0.212454345388 0.023429488892
vn -0.931718047178 0.362729162918 0.0181393200481
vn -0.976890070671 0.212454345388 0.023429488892
vn -0.931718047178 0.362729162918 0.0181393200481
vn -0.863587893646 0.504034561489 0.0128495436708
vn -0.77414899069 0.632958293721 0.00755900945911
vn -0.863587893646 0.504034561489 0.0128495436708
vn -0.77414899069 0.632958293721 0.00755900945911
vn -0.665603549735 0.74630397877 0.00151190309803
vn -0.540701487312 0.841202311363 -0.0045357441775
vn -0.665603549735 0.74630397877 0.00151190309803
vn -0.540701487312 0.841202311363 -0.0045357441775
vn -0.402364191308 0.915418522276 -0.0105823733811
vn -0.254274200889 0.9670018953 -0.0158734132733
vn -0.402364191308 0.915418522276 -0.0105823733811
vn -0.254274200889 0.9670018953 -0.0158734132733
vn -0.099778401815 0.994784618227 -0.0211620856965
vn 0.0569785897157 0.998025010695 -0.0264484090434
vn -0.099778401815 0.994784618227 -0.0211620856965
vn 0.0569785897157 0.998025010695 -0.0264484090434
vn 0.212415580607 0.976711832365 -0.0302261084935
vn 0.36258834377 0.931356339009 -0.0332424841116
vn 0.212415580607 0.976711832365 -0.0302261084935
vn 0.36258834377 0.931356339009 -0.0332424841116
vn 0.503801804555 0.863089144729 -0.0355087310003
vn 0.63252474478 0.77361872532 -0.0377692345129
vn 0.503801804555 0.863089144729 -0.0355087310003
vn 0.63252474478 0.77361872532 -0.0377692345129
vn 0.745772286316 0.665129353218 -0.0377708942315
vn 0.840610690759 0.540321209137 -0.0377711204319
vn 0.745772286316 0.665129353218 -0.0377708942315
vn 0.840610690759 0.540321209137 -0.0377711204319
vn 0.914851449368 0.402158858724 -0.0362640033531
vn 0.966564060759 0.254059125115 -0.0347545305635
vn 0.914851449368 0.402158858724 -0.0362640033531
vn 0.966564060759 0.254059125115 -0.0347545305635
vn 0.994506299879 0.099750484533 -0.0317342139599
vn 0.997978291136 -0.0570758805543 -0.0279584384388
vn 0.994506299879 0.099750484533 -0.0317342139599
vn 0.997978291136 -0.0570758805543 -0.0279584384388
vn 0.976890070671 -0.212454345388 -0.023429488892
vn 0.931718047178 -0.362729162918 -0.0181393200481
vn 0.976890070671 -0.212454345388 -0.023429488892
vn 0.931718047178 -0.362729162918 -0.0181393200481
vn 0.863587893646 -0.504034561489 -0.0128495436708
vn 0.77414899069 -0.632958293721 -0.00755900945911
vn 0.863587893646 -0.504034561489 -0.0128495436708
vn 0.77414899069 -0.632958293721 -0.00755900945911
vn 0.665603549735 -0.74630397877 -0.00151190309803
vn 0.540701487312 -0.841202311363 0.0045357441775
vn 0.665603549735 -0.74630397877 -0.00151190309803
vn 0.540701487312 -0.841202311363 0.0045357441775
vn 0.402364191308 -0.915418522276 0.0105823733811
vn 0.254274200889 -0.9670018953 0.0158734132733
vn 0.402364191308 -0.915418522276 0.0105823733811
vn 0.254274200889 -0.9670018953 0.0158734132733
vn 0.099778401815 -0.994784618227 0.0211620856965
vn -0.0569785897157 -0.998025010695 0.0264484090434
vn 0.099778401815 -0.994784618227 0.0211620856965
vn -0.0569785897157 -0.998025010695 0.0264484090434
vn -0.212415580607 -0.976711832365 0.0302261084935
vn -0.36258834377 -0.931356339009 0.0332424841116
vn -0.212415580607 -0.976711832365 0.0302261084935
vn -0.36258834377 -0.931356339009 0.0332424841116
vn -0.503801804555 -0.863089144729 0.0355087310003
vn -0.63252474478 -0.77361872532 0.0377692345129
vn -0.503801804555 -0.863089144729 0.0355087310003
vn -0.63252474478 -0.77361872532 0.0377692345129
vn -0.745772286316 -0.665129353218 0.0377708942315
vn -0.840610690759 -0.540321209137 0.0377711204319
vn -0.745772286316 -0.665129353218 0.0377708942315
vn -0.840610690759 -0.540321209137 0.0377711204319
vn -0.914851449368 -0.402158858724 0.0362640033531
vn -0.966564060759 -0.254059125115 0.0347545305635
vn -0.914851449368 -0.402158858724 0.0362640033531
vn -0.966564060759 -0.254059125115 0.0347545305635
vn -0.9911329824 -0.100119469774 0.0873584739516
vn -0.994995699533 0.0569110023799 0.0821260964573
vn -0.9634514696 -0.252716743301 0.0888567013806
vn -0.81428080976 -0.213750824365 0.539682636315
vn -0.839417158516 -0.0839840497392 0.536959508136
vn -0.843689693567 0.0484216304339 0.534642915108
vn -0.974222530602 0.211254357396 0.0791331621295
vn -0.929311190342 0.361830971455 0.073885449178
vn -0.82712866974 0.180172528622 0.53234953144
vn -0.790649106634 0.308136883638 0.52908000446
vn -0.861933693085 0.502353993453 0.0686350784
vn -0.772647884336 0.631812573647 0.0618717917353
vn -0.734477790163 0.429028567112 0.525810673493
vn -0.660103494528 0.540131351901 0.522035917544
vn -0.665062866414 0.744638771094 0.0566081646163
vn -0.539964536138 0.840211193993 0.0498342171783
vn -0.56900504229 0.638500533141 0.518218420193
vn -0.463342118961 0.721595554894 0.514406391828
vn -0.40258609176 0.914260024967 0.0453105447852
vn -0.254023968453 0.966430288526 0.038526885043
vn -0.345581679188 0.787043297191 0.511014824986
vn -0.218803874094 0.833633235581 0.507129661148
vn -0.100445601574 0.994361462999 0.0339994415538
vn 0.057074659711 0.997956924263 0.0287134208062
vn -0.0859229065302 0.859315682524 0.504176369837
vn 0.0496588100606 0.864167473406 0.500748020955
vn 0.211736818662 0.977008478995 0.0249389573664
vn 0.362707613593 0.931662700952 0.0211612545934
vn 0.184512535496 0.847175128465 0.498246350669
vn 0.31508057556 0.808988312669 0.496248063845
vn 0.503400696221 0.863829602333 0.0196508823472
vn 0.632888865592 0.7740640755 0.0166280133822
vn 0.438308843567 0.750739016727 0.494243145035
vn 0.5507070619 0.673357796295 0.493265658792
vn 0.745712005363 0.666021411653 0.0181406801582
vn 0.841094652008 0.54063228528 0.0166288446844
vn 0.64920341146 0.578979181252 0.493272782774
vn 0.731770870087 0.470343133209 0.493243074697
vn 0.914999720942 0.403011789352 0.0188946637759
vn 0.966922344356 0.254253288383 0.0204069922165
vn 0.796024350892 0.350048390473 0.493772576309
vn 0.840167797918 0.221018840928 0.495246144151
vn 0.994645682531 0.100474309007 0.0241842811001
vn 0.9980047807 -0.0569774353108 0.0272034844371
vn 0.863239318335 0.0868372957173 0.497269708863
vn 0.8647794495 -0.0491677677161 0.499738966202
vn 0.976796508199 -0.211690884478 0.0324892443696
vn 0.931292274898 -0.362463464425 0.0362620417621
vn 0.844755037447 -0.183465219602 0.502722030454
vn 0.804061109592 -0.312728889448 0.50565440149
vn 0.863266679535 -0.502972733144 0.0422973961197
vn 0.773343536992 -0.632199847825 0.0475723260238
vn 0.743286771931 -0.433440100318 0.509563003081
vn 0.664773229159 -0.543099062006 0.512952203077
vn 0.665146427543 -0.744732324576 0.0543506638211
vn 0.539745377194 -0.839714832598 0.0596148279707
vn 0.570082895263 -0.638702392789 0.516783074388
vn 0.461937588506 -0.718046139196 0.520599084047
vn 0.402231509901 -0.913128382873 0.066380485348
vn 0.25366657937 -0.964691105487 0.0708825613587
vn 0.342913554749 -0.779372283185 0.524394067637
vn 0.216312355048 -0.821441468412 0.527676869899
vn 0.100304937745 -0.991981973647 0.0768809691948
vn -0.0568186257216 -0.995123371158 0.0806295228005
vn 0.084859320136 -0.84315130361 0.530937637588
vn -0.0480315009237 -0.844285218306 0.533737243471
vn -0.211034121982 -0.973766017031 0.0851137088538
vn -0.361325012622 -0.928267563566 0.0881110985313
vn -0.179113459826 -0.824684098876 0.536483462532
vn -0.305574423339 -0.785376161946 0.538338700121
vn -0.501338613585 -0.860362389677 0.0918485326912
vn -0.630290051969 -0.770907770875 0.0918458447283
vn -0.424303622224 -0.727112101906 0.539698459725
vn -0.532443413866 -0.651327062515 0.540626551943
vn -0.742579116986 -0.663223311878 0.093333239516
vn -0.837700914498 -0.538351299722 0.0918425606015
vn -0.627624024903 -0.559763660128 0.541066288143
vn -0.70771348039 -0.454838044383 0.540614449544
vn -0.91131556381 -0.401333372556 0.0918447996867
vn -0.96319415798 -0.253697569064 0.088851322358
vn -0.770444791332 -0.338600430218 0.54015236014
vn -0.814208213639 -0.214007412832 0.539690478048
vn -0.966564060759 -0.254059125115 0.0347545305635
vn -0.914851449368 -0.402158858724 0.0362640033531
vn -0.914851449368 -0.402158858724 0.0362640033531
vn -0.966564060759 -0.254059125115 0.0347545305635
vn -0.840610690759 -0.540321209137 0.0377711204319
vn -0.840610690759 -0.540321209137 0.0377711204319
vn -0.745772286316 -0.665129353218 0.0377708942315
vn -0.745772286316 -0.665129353218 0.0377708942315
vn -0.63252474478 -0.77361872532 0.0377692345129
vn -0.63252474478 -0.77361872532 0.0377692345129
vn -0.503801804555 -0.863089144729 0.0355087310003
vn -0.503801804555 -0.863089144729 0.0355087310003
vn -0.36258834377 -0.931356339009 0.0332424841116
vn -0.36258834377 -0.931356339009 0.0332424841116
vn -0.212415580607 -0.976711832365 0.0302261084935
vn -0.212415580607 -0.976711832365 0.0302261084935
vn -0.0569785897157 -0.998025010695 0.0264484090434
vn -0.0569785897157 -0.998025010695 0.0264484090434
vn 0.099778401815 -0.994784618227 0.0211620856965
vn 0.099778401815 -0.994784618227 0.0211620856965
vn 0.254274200889 -0.9670018953 0.0158734132733
vn 0.254274200889 -0.9670018953 0.0158734132733
vn 0.402364191308 -0.915418522276 0.0105823733811
vn 0.402364191308 -0.915418522276 0.0105823733811
vn 0.540701487312 -0.841202311363 0.0045357441775
vn 0.540701487312 -0.841202311363 0.0045357441775
vn 0.665603549735 -0.74630397877 -0.00151190309803
vn 0.665603549735 -0.74630397877 -0.00151190309803
vn 0.77414899069 -0.632958293721 -0.00755900945911
vn 0.77414899069 -0.632958293721 -0.00755900945911
vn 0.863587893646 -0.504034561489 -0.0128495436708
vn 0.863587893646 -0.504034561489 -0.0128495436708
vn 0.931718047178 -0.362729162918 -0.0181393200481
vn 0.931718047178 -0.362729162918 -0.0181393200481
vn 0.976890070671 -0.212454345388 -0.023429488892
vn 0.976890070671 -0.212454345388 -0.023429488892
vn 0.997978291136 -0.0570758805543 -0.0279584384388
vn 0.997978291136 -0.0570758805543 -0.0279584384388
vn 0.994506299879 0.099750484533 -0.0317342139599
vn 0.994506299879 0.099750484533 -0.0317342139599
vn 0.966564060759 0.254059125115 -0.0347545305635
vn 0.966564060759 0.254059125115 -0.0347545305635
vn 0.914851449368 0.402158858724 -0.0362640033531
vn 0.914851449368 0.402158858724 -0.0362640033531
vn 0.840610690759 0.540321209137 -0.0377711204319
vn 0.840610690759 0.540321209137 -0.0377711204319
vn 0.745772286316 0.665129353218 -0.0377708942315
vn 0.745772286316 0.665129353218 -0.0377708942315
vn 0.63252474478 0.77361872532 -0.0377692345129
vn 0.63252474478 0.77361872532 -0.0377692345129
vn 0.503801804555 0.863089144729 -0.0355087310003
vn 0.503801804555 0.863089144729 -0.0355087310003
vn 0.36258834377 0.931356339009 -0.0332424841116
vn 0.36258834377 0.931356339009 -0.0332424841116
vn 0.212415580607 0.976711832365 -0.0302261084935
vn 0.212415580607 0.976711832365 -0.0302261084935
vn 0.0569785897157 0.998025010695 -0.0264484090434
vn 0.0569785897157 0.998025010695 -0.0264484090434
vn -0.099778401815 0.994784618227 -0.0211620856965
vn -0.099778401815 0.994784618227 -0.0211620856965
vn -0.254274200889 0.9670018953 -0.0158734132733
vn -0.254274200889 0.9670018953 -0.0158734132733
vn -0.402364191308 0.915418522276 -0.0105823733811
vn -0.402364191308 0.915418522276 -0.0105823733811
vn -0.540701487312 0.841202311363 -0.0045357441775
vn -0.540701487312 0.841202311363 -0.0045357441775
vn -0.665603549735 0.74630397877 0.00151190309803
vn -0.665603549735 0.74630397877 0.00151190309803
vn -0.77414899069 0.632958293721 0.00755900945911
vn -0.77414899069 0.632958293721 0.00755900945911
vn -0.863587893646 0.504034561489 0.0128495436708
vn -0.863587893646 0.504034561489 0.0128495436708
vn -0.931718047178 0.362729162918 0.0181393200481
vn -0.931718047178 0.362729162918 0.0181393200481
vn -0.976890070671 0.212454345388 0.023429488892
vn -0.976890070671 0.212454345388 0.023429488892
vn -0.997978291136 0.0570758805543 0.0279584384388
vn -0.997978291136 0.0570758805543 0.0279584384388
vn -0.994506299879 -0.099750484533 0.0317342139599
vn -0.994506299879 -0.099750484533 0.0317342139599
vn -0.966539514306 -0.254152617208 0.0347536250001
vn -0.966539514306 -0.254152617208 0.0347536250001
vn -0.78795716423 -0.207546671721 -0.579696374316
vn -0.746962931197 -0.328486656142 -0.578050945985
vn -0.9146646094 -0.401832990883 -0.0438052479589
vn -0.966097735257 -0.254562260491 -0.0430490588191
vn -0.68689006449 -0.441578046016 -0.577226877909
vn -0.840705649645 -0.539954044281 -0.0407877520727
vn -0.609666313142 -0.543703224363 -0.576796142876
vn -0.745943886045 -0.664804381188 -0.0400356544271
vn -0.516955619065 -0.632108043782 -0.577231590355
vn -0.632716205484 -0.773308709118 -0.0407902405064
vn -0.411432116178 -0.704679953592 -0.578056897531
vn -0.503935657886 -0.862705070181 -0.0422943801809
vn -0.295776276653 -0.759246403827 -0.579707937193
vn -0.362744001548 -0.930786523664 -0.0453126550339
vn -0.1731737475 -0.79501379289 -0.581346645549
vn -0.212645876517 -0.975933704911 -0.0483232327042
vn -0.0466644051323 -0.810834759536 -0.583411883682
vn -0.0572185643179 -0.996881128317 -0.0543511904521
vn 0.0805967814634 -0.806374892357 -0.585887098163
vn 0.0993441650114 -0.993441650114 -0.0566076381549
vn 0.205131746532 -0.781871914027 -0.588725128239
vn 0.253421036003 -0.965375436976 -0.0618711903374
vn 0.324098311129 -0.738273434622 -0.591534124506
vn 0.401171033184 -0.913484705532 -0.0678785304364
vn 0.434169329224 -0.676244764797 -0.595138649094
vn 0.538856078012 -0.83915140387 -0.0738853745472
vn 0.533217770048 -0.59846042534 -0.597933047261
vn 0.66325148239 -0.744201462477 -0.0791306157807
vn 0.618425013658 -0.506225047296 -0.601071296912
vn 0.771095567014 -0.631005069566 -0.0851130349157
vn 0.687998693325 -0.402019956279 -0.604183542259
vn 0.859862184613 -0.50233319655 -0.0910954615531
vn 0.740520305529 -0.288619186244 -0.606900850577
vn 0.927411654786 -0.361428756924 -0.0963165418555
vn 0.774847871863 -0.168822942066 -0.609187647365
vn 0.971946759372 -0.211798835591 -0.102277808875
vn 0.78995612814 -0.0454153224885 -0.611479160804
vn 0.992727121608 -0.0570795700057 -0.105994267353
vn 0.785855070513 0.0786013849272 -0.613395166623
vn 0.989028953776 0.0989128320888 -0.109717729837
vn 0.762740687286 0.200337353184 -0.614891526107
vn 0.961142701071 0.252335989036 -0.111943096326
vn 0.72118414375 0.316918737575 -0.615999955014
vn 0.909437213503 0.399437141798 -0.115645684957
vn 0.662211120996 0.425514964031 -0.616776658617
vn 0.83570314702 0.536705587514 -0.11639313722
vn 0.58742194227 0.52395536281 -0.616770816043
vn 0.741424505053 0.660865117148 -0.116391581499
vn 0.49835063599 0.609658178664 -0.616411833757
vn 0.629151297289 0.768852287208 -0.114170073022
vn 0.397127349014 0.680653935576 -0.615629830865
vn 0.500940813388 0.857818910955 -0.114913086683
vn 0.285979695477 0.735251734061 -0.614508341143
vn 0.360895302445 0.926042827373 -0.110450271814
vn 0.167663340158 0.772077353537 -0.613013510881
vn 0.211569837245 0.971352120306 -0.108227826111
vn 0.0448926828676 0.790556958428 -0.610740814508
vn 0.0569894761421 0.99288986736 -0.104507946603
vn -0.0795277703571 0.789614224592 -0.608428064823
vn -0.0991053428833 0.989958882822 -0.100794550116
vn -0.202636203494 0.769441805813 -0.60572095597
vn -0.252880827693 0.96283877079 -0.0948303139812
vn -0.321403750494 0.730113240767 -0.603020965494
vn -0.400571247855 0.912019342343 -0.0881101275883
vn -0.432875371871 0.67287035967 -0.599886982277
vn -0.538556219306 0.838429574256 -0.08362444415
vn -0.53441600675 0.598597531983 -0.596724833096
vn -0.663434906045 0.744195688524 -0.0776331283853
vn -0.623291648424 0.509113158161 -0.593558180125
vn -0.772004750006 0.631567703556 -0.0716303133702
vn -0.697313258136 0.406516033377 -0.590337983392
vn -0.861659668039 0.503225215679 -0.0656277287394
vn -0.753962149967 0.293117212506 -0.587897419751
vn -0.930127883177 0.362487316714 -0.0588648125655
vn -0.792522108057 0.172060721364 -0.58506736057
vn -0.975651881221 0.212484622308 -0.054347879004
vn -0.811439789288 0.0461277257097 -0.582612822791
vn -0.99707288466 0.0573294445971 -0.0505865343556
vn -0.810145746389 -0.08153798441 -0.580530297836
vn -0.993946003626 -0.0993946043583 -0.0468193816813
vn -0.788055066985 -0.207141691988 -0.579708142809
vn -0.966387356151 -0.253460638689 -0.043048606325
vn 0.000515905331314 0.000423307074191 0.999999777326
vn 0.000515905331314 0.000423307074191 0.999999777326
vn 0.000515905331314 0.000423307074191 0.999999777326
vn 0.000515905331314 0.000423307074191 0.999999777326
vn 0.000515905331314 0.000423307074191 0.999999777326
vn 0.000515905498631 0.000436535727192 0.999999771639
vn 0.000515905498631 0.000436535727192 0.999999771639
vn 0.000515905331314 0.000423307074191 0.999999777326
vn 0.000515905331314 0.000423307074191 0.999999777326
vn 0.000515905331314 0.000423307074191 0.999999777326
vn 0.000515905498631 0.000436535727192 0.999999771639
vn 0.000515905498631 0.000436535727192 0.999999771639
vn 0.000515905498631 0.000436535727192 0.999999771639
vn 0.000515905498631 0.000436535727192 0.999999771639
vn 0.000515905331314 0.000423307074191 0.999999777326
vn 0.000515905498631 0.000436535727192 0.999999771639
vn 0.000515905331314 0.000423307074191 0.999999777326
vn 0.000515905331314 0.000423307074191 0.999999777326
vn 0.000515905331314 0.000423307074191 0.999999777326
vn 0.000515905331314 0.000423307074191 0.999999777326
vn 0.000515905331314 0.000423307074191 0.999999777326
vn 0.000515905331314 0.000423307074191 0.999999777326
vn 0.000515905331314 0.000423307074191 0.999999777326
vn 0.000515905331314 0.000423307074191 0.999999777326
vn 0.000515905331314 0.000423307074191 0.999999777326
vn 0.000515905331314 0.000423307074191 0.999999777326
vn 0.000515905331314 0.000423307074191 0.999999777326
vn 0.000515905331314 0.000423307074191 0.999999777326
vn 0.000515905331314 0.000423307074191 0.999999777326
vn 0.000515905331314 0.000423307074191 0.999999777326
vn 0.000515905331314 0.000423307074191 0.999999777326
vn 0.000515905331314 0.000423307074191 0.999999777326
vn 0.000515905498631 0.000436535727192 0.999999771639
vn 0.000515905331314 0.000423307074191 0.999999777326
vn 0.000515905498631 0.000436535727192 0.999999771639
vn 0.000515905498631 0.000436535727192 0.999999771639
vn 0.000515905331314 0.000423307074191 0.999999777326
vn 0.000515905331314 0.000423307074191 0.999999777326
vn 0.000515905331314 0.000423307074191 0.999999777326
vn 0.000515905331314 0.000423307074191 0.999999777326
vn 0.000515905331314 0.000423307074191 0.999999777326
vn 0.000515905331314 0.000423307074191 0.999999777326
vn 0.000515905331314 0.000423307074191 0.999999777326
vn 0.000515905331314 0.000423307074191 0.999999777326
vn 0.000515905331314 0.000423307074191 0.999999777326
vn 0.000515905331314 0.000423307074191 0.999999777326
vn 0.000515905331314 0.000423307074191 0.999999777326
vt 0.00377700 0.34520400
vt 0.02858800 0.34520400
vt 0.02858800 0.28816400
vt 0.00377700 0.28816400
vt 0.05340000 0.34520400
vt 0.05340000 0.28816400
vt 0.05340000 0.23112500
vt 0.02858800 0.23112500
vt 0.00377700 0.23112500
vt 0.07821100 0.34520400
vt 0.07821100 0.28816400
vt 0.10302200 0.34520400
vt 0.10302200 0.28816400
vt 0.10302200 0.23112500
vt 0.07821100 0.23112500
vt 0.12783300 0.34520400
vt 0.12783300 0.28816400
vt 0.15264400 0.34520400
vt 0.15264400 0.28816400
vt 0.15264400 0.23112500
vt 0.12783300 0.23112500
vt 0.17745500 0.34520400
vt 0.17745500 0.28816400
vt 0.20226600 0.34520400
vt 0.20226600 0.28816400
vt 0.20226600 0.23112500
vt 0.17745500 0.23112500
vt 0.22707700 0.34520400
vt 0.22707700 0.28816400
vt 0.25188900 0.34520400
vt 0.25188900 0.28816400
vt 0.25188900 0.23112500
vt 0.22707700 0.23112500
vt 0.27670000 0.34520400
vt 0.27670000 0.28816400
vt 0.30151100 0.34520400
vt 0.30151100 0.28816400
vt 0.30151100 0.23112500
vt 0.27670000 0.23112500
vt 0.32632200 0.34520400
vt 0.32632200 0.28816400
vt 0.35113300 0.34520400
vt 0.35113300 0.28816400
vt 0.35113300 0.23112500
vt 0.32632200 0.23112500
vt 0.37594400 0.34520400
vt 0.37594400 0.28816400
vt 0.40075500 0.34520400
vt 0.40075500 0.28816400
vt 0.40075500 0.23112500
vt 0.37594400 0.23112500
vt 0.42556600 0.34520400
vt 0.42556600 0.28816400
vt 0.45037800 0.34520400
vt 0.45037800 0.28816400
vt 0.45037800 0.23112500
vt 0.42556600 0.23112500
vt 0.47518900 0.34520400
vt 0.47518900 0.28816400
vt 0.50000000 0.34520400
vt 0.50000000 0.28816400
vt 0.50000000 0.23112500
vt 0.47518900 0.23112500
vt 0.52481100 0.34520400
vt 0.52481100 0.28816400
vt 0.54962200 0.34520400
vt 0.54962200 0.28816400
vt 0.54962200 0.23112500
vt 0.52481100 0.23112500
vt 0.57443300 0.34520400
vt 0.57443300 0.28816400
vt 0.59924400 0.34520400
vt 0.59924400 0.28816400
vt 0.59924400 0.23112500
vt 0.57443300 0.23112500
vt 0.62405600 0.34520400
vt 0.62405600 0.28816400
vt 0.64886700 0.34520400
vt 0.64886700 0.28816400
vt 0.64886700 0.23112500
vt 0.62405600 0.23112500
vt 0.67367800 0.34520400
vt 0.67367800 0.28816400
vt 0.69848900 0.34520400
vt 0.69848900 0.28816400
vt 0.69848900 0.23112500
vt 0.67367800 0.23112500
vt 0.72330000 0.34520400
vt 0.72330000 0.28816400
vt 0.74811100 0.34520400
vt 0.74811100 0.28816400
vt 0.74811100 0.23112500
vt 0.72330000 0.23112500
vt 0.77292200 0.34520400
vt 0.77292200 0.28816400
vt 0.79773300 0.34520400
vt 0.79773300 0.28816400
vt 0.79773300 0.23112500
vt 0.77292200 0.23112500
vt 0.82254500 0.34520400
vt 0.82254500 0.28816400
vt 0.84735600 0.34520400
vt 0.84735600 0.28816400
vt 0.84735600 0.23112500
vt 0.82254500 0.23112500
vt 0.87216700 0.34520400
vt 0.87216700 0.28816400
vt 0.89697800 0.34520400
vt 0.89697800 0.28816400
vt 0.89697800 0.23112500
vt 0.87216700 0.23112500
vt 0.92178900 0.34520400
vt 0.92178900 0.28816400
vt 0.94660000 0.34520400
vt 0.94660000 0.28816400
vt 0.94660000 0.23112500
vt 0.92178900 0.23112500
vt 0.97141100 0.34520400
vt 0.97141100 0.28816400
vt 0.99622200 0.34520400
vt 0.99622200 0.28816400
vt 0.99622200 0.23112500
vt 0.97141100 0.23112500
vt 0.04427900 0.95964800
vt 0.04426800 0.95954600
vt 0.04404300 0.95961900
vt 0.04400600 0.95969100
vt 0.04421700 0.95945700
vt 0.04397100 0.95958200
vt 0.04364400 0.95974900
vt 0.04427900 0.95984900
vt 0.04430100 0.95974900
vt 0.04406400 0.95974900
vt 0.04400600 0.95980600
vt 0.04421700 0.96004000
vt 0.04426800 0.95995100
vt 0.04404300 0.95987800
vt 0.04397100 0.95991500
vt 0.04409900 0.96020300
vt 0.04417500 0.96013400
vt 0.04398400 0.95999500
vt 0.04390400 0.96000700
vt 0.04393600 0.96032100
vt 0.04403000 0.96027900
vt 0.04389100 0.96008800
vt 0.04381100 0.96007500
vt 0.04374500 0.96038300
vt 0.04384700 0.96037200
vt 0.04377400 0.96014700
vt 0.04370200 0.96011000
vt 0.04354400 0.96038300
vt 0.04364500 0.96040500
vt 0.04364400 0.96016800
vt 0.04358700 0.96011000
vt 0.04335300 0.96032100
vt 0.04344200 0.96037200
vt 0.04351500 0.96014700
vt 0.04347800 0.96007500
vt 0.04319000 0.96020300
vt 0.04325900 0.96027900
vt 0.04339800 0.96008800
vt 0.04338500 0.96000700
vt 0.04307200 0.96004000
vt 0.04311400 0.96013400
vt 0.04330500 0.95999500
vt 0.04331800 0.95991500
vt 0.04301000 0.95984900
vt 0.04302100 0.95995100
vt 0.04324600 0.95987800
vt 0.04328300 0.95980600
vt 0.04301000 0.95964800
vt 0.04298800 0.95974900
vt 0.04322500 0.95974900
vt 0.04328300 0.95969100
vt 0.04307200 0.95945700
vt 0.04302100 0.95954600
vt 0.04324600 0.95961900
vt 0.04331800 0.95958200
vt 0.04319000 0.95929400
vt 0.04311400 0.95936300
vt 0.04330500 0.95950200
vt 0.04338500 0.95948900
vt 0.04335300 0.95917600
vt 0.04325900 0.95921800
vt 0.04339800 0.95940900
vt 0.04347800 0.95942200
vt 0.04354400 0.95911400
vt 0.04344200 0.95912500
vt 0.04351500 0.95935000
vt 0.04358700 0.95938700
vt 0.04374500 0.95911400
vt 0.04364400 0.95909200
vt 0.04364400 0.95932900
vt 0.04370200 0.95938700
vt 0.04393600 0.95917600
vt 0.04384700 0.95912500
vt 0.04377400 0.95935000
vt 0.04381100 0.95942200
vt 0.04409900 0.95929400
vt 0.04403000 0.95921800
vt 0.04389100 0.95940900
vt 0.04390400 0.95948900
vt 0.04417500 0.95936300
vt 0.04398400 0.95950200
vt 0.07540100 0.95471900
vt 0.07384700 0.94993500
vt 0.07360700 0.95001300
vt 0.07476300 0.95482000
vt 0.07229200 0.94515200
vt 0.07171700 0.94544500
vt 0.07147400 0.94556900
vt 0.07334700 0.95009800
vt 0.07449300 0.95486200
vt 0.07540100 0.96477800
vt 0.07540100 0.95974900
vt 0.07514900 0.95974900
vt 0.07476300 0.96467700
vt 0.07487600 0.95974900
vt 0.07449300 0.96463400
vt 0.07229200 0.97434500
vt 0.07384700 0.96956200
vt 0.07360700 0.96948400
vt 0.07171700 0.97405200
vt 0.07334700 0.96939900
vt 0.07147400 0.97392800
vt 0.06637900 0.98248300
vt 0.06933600 0.97841400
vt 0.06913200 0.97826600
vt 0.06592300 0.98202700
vt 0.06891100 0.97810600
vt 0.06573000 0.98183400
vt 0.05824100 0.98839600
vt 0.06231000 0.98544000
vt 0.06216200 0.98523600
vt 0.05794800 0.98782100
vt 0.06200200 0.98501500
vt 0.05782400 0.98757800
vt 0.04867400 0.99150500
vt 0.05345800 0.98995100
vt 0.05338000 0.98971100
vt 0.04857300 0.99086700
vt 0.05329500 0.98945100
vt 0.04853100 0.99059700
vt 0.03861500 0.99150500
vt 0.04364400 0.99150500
vt 0.04364400 0.99125300
vt 0.03871600 0.99086700
vt 0.04364400 0.99098000
vt 0.03875900 0.99059700
vt 0.02904800 0.98839600
vt 0.03383100 0.98995100
vt 0.03390900 0.98971100
vt 0.02934100 0.98782100
vt 0.03399400 0.98945100
vt 0.02946500 0.98757800
vt 0.02091000 0.98248400
vt 0.02497900 0.98544000
vt 0.02512700 0.98523600
vt 0.02136600 0.98202700
vt 0.02528700 0.98501500
vt 0.02155900 0.98183400
vt 0.01499700 0.97434500
vt 0.01795300 0.97841400
vt 0.01815700 0.97826600
vt 0.01557200 0.97405200
vt 0.01837800 0.97810600
vt 0.01581500 0.97392800
vt 0.01188800 0.96477800
vt 0.01344200 0.96956200
vt 0.01368200 0.96948400
vt 0.01252600 0.96467700
vt 0.01394200 0.96939900
vt 0.01279600 0.96463400
vt 0.01188800 0.95471900
vt 0.01188800 0.95974900
vt 0.01214000 0.95974900
vt 0.01252600 0.95482000
vt 0.01241300 0.95974900
vt 0.01279600 0.95486200
vt 0.01499700 0.94515200
vt 0.01344200 0.94993500
vt 0.01368200 0.95001300
vt 0.01557200 0.94544500
vt 0.01394200 0.95009800
vt 0.01581500 0.94556900
vt 0.02091000 0.93701400
vt 0.01795300 0.94108300
vt 0.01815700 0.94123100
vt 0.02136600 0.93747000
vt 0.01837800 0.94139100
vt 0.02155900 0.93766300
vt 0.02904800 0.93110100
vt 0.02497900 0.93405700
vt 0.02512700 0.93426100
vt 0.02934100 0.93167600
vt 0.02528700 0.93448200
vt 0.02946500 0.93191900
vt 0.03861500 0.92799200
vt 0.03383100 0.92954600
vt 0.03390900 0.92978600
vt 0.03871600 0.92863000
vt 0.03399400 0.93004600
vt 0.03875900 0.92890000
vt 0.04867400 0.92799200
vt 0.04364400 0.92799200
vt 0.04364500 0.92824400
vt 0.04857300 0.92863000
vt 0.04364500 0.92851700
vt 0.04853100 0.92890000
vt 0.05824100 0.93110100
vt 0.05345800 0.92954600
vt 0.05338000 0.92978600
vt 0.05794800 0.93167600
vt 0.05329500 0.93004600
vt 0.05782400 0.93191900
vt 0.06637900 0.93701400
vt 0.06231000 0.93405700
vt 0.06216200 0.93426100
vt 0.06592300 0.93747000
vt 0.06200200 0.93448200
vt 0.06573000 0.93766300
vt 0.06933600 0.94108300
vt 0.06913200 0.94123100
vt 0.06891100 0.94139100
vt 0.07304700 0.95019500
vt 0.07418200 0.95491200
vt 0.07119300 0.94571200
vt 0.07076300 0.94593100
vt 0.07258800 0.95034400
vt 0.07370500 0.95498700
vt 0.07456100 0.95974900
vt 0.07418200 0.96458500
vt 0.07407700 0.95974900
vt 0.07370500 0.96451000
vt 0.07304700 0.96930200
vt 0.07119300 0.97378500
vt 0.07258800 0.96915300
vt 0.07076300 0.97356600
vt 0.06865600 0.97792000
vt 0.06550700 0.98161100
vt 0.06826500 0.97763600
vt 0.06516500 0.98126900
vt 0.06181600 0.98476000
vt 0.05768100 0.98729700
vt 0.06153300 0.98436900
vt 0.05746200 0.98686600
vt 0.05319800 0.98915100
vt 0.04848100 0.99028600
vt 0.05304900 0.98869200
vt 0.04840600 0.98980900
vt 0.04364500 0.99066500
vt 0.03880800 0.99028600
vt 0.04364400 0.99018100
vt 0.03888300 0.98980900
vt 0.03409100 0.98915100
vt 0.02960800 0.98729700
vt 0.03424000 0.98869200
vt 0.02982700 0.98686600
vt 0.02547300 0.98476000
vt 0.02178200 0.98161100
vt 0.02575600 0.98436900
vt 0.02212400 0.98126900
vt 0.01863300 0.97792000
vt 0.01609600 0.97378500
vt 0.01902400 0.97763700
vt 0.01652700 0.97356600
vt 0.01424200 0.96930200
vt 0.01310700 0.96458500
vt 0.01470100 0.96915300
vt 0.01358400 0.96451000
vt 0.01272800 0.95974900
vt 0.01310700 0.95491200
vt 0.01321200 0.95974900
vt 0.01358400 0.95498700
vt 0.01424200 0.95019500
vt 0.01609600 0.94571200
vt 0.01470100 0.95034400
vt 0.01652700 0.94593100
vt 0.01863300 0.94157600
vt 0.02178200 0.93788600
vt 0.01902400 0.94186000
vt 0.02212400 0.93822800
vt 0.02547300 0.93473700
vt 0.02960800 0.93220000
vt 0.02575700 0.93512800
vt 0.02982700 0.93263100
vt 0.03409100 0.93034600
vt 0.03880800 0.92921100
vt 0.03424000 0.93080500
vt 0.03888300 0.92968800
vt 0.04364500 0.92883200
vt 0.04848100 0.92921100
vt 0.04364500 0.92931600
vt 0.04840600 0.92968800
vt 0.05319800 0.93034600
vt 0.05768100 0.93220000
vt 0.05304900 0.93080500
vt 0.05746200 0.93263100
vt 0.06181600 0.93473700
vt 0.06550700 0.93788600
vt 0.06153300 0.93512800
vt 0.06516500 0.93822800
vt 0.06865600 0.94157600
vt 0.06826500 0.94186000
vt 0.07184900 0.95058400
vt 0.07293700 0.95510900
vt 0.07007000 0.94628400
vt 0.06916400 0.94674600
vt 0.07088100 0.95089900
vt 0.07193300 0.95526800
vt 0.07330000 0.95974900
vt 0.07293700 0.96438800
vt 0.07228300 0.95974900
vt 0.07193300 0.96422900
vt 0.07184900 0.96891300
vt 0.07007000 0.97321300
vt 0.07088100 0.96859800
vt 0.06916400 0.97275100
vt 0.06763600 0.97718000
vt 0.06461600 0.98072000
vt 0.06681400 0.97658200
vt 0.06389700 0.98000100
vt 0.06107600 0.98374000
vt 0.05710900 0.98617400
vt 0.06047800 0.98291800
vt 0.05664700 0.98526800
vt 0.05280900 0.98795300
vt 0.04828400 0.98904100
vt 0.05249400 0.98698500
vt 0.04812500 0.98803700
vt 0.04364400 0.98940400
vt 0.03900500 0.98904100
vt 0.04364400 0.98838700
vt 0.03916400 0.98803700
vt 0.03448000 0.98795300
vt 0.03018000 0.98617400
vt 0.03479500 0.98698500
vt 0.03064200 0.98526800
vt 0.02621300 0.98374000
vt 0.02267300 0.98072000
vt 0.02681100 0.98291800
vt 0.02339200 0.98000100
vt 0.01965300 0.97718000
vt 0.01721900 0.97321300
vt 0.02047500 0.97658200
vt 0.01812500 0.97275100
vt 0.01544000 0.96891300
vt 0.01435200 0.96438800
vt 0.01640800 0.96859800
vt 0.01535600 0.96422900
vt 0.01398900 0.95974900
vt 0.01435200 0.95510900
vt 0.01500600 0.95974900
vt 0.01535600 0.95526800
vt 0.01544000 0.95058400
vt 0.01721900 0.94628400
vt 0.01640800 0.95089900
vt 0.01812500 0.94674600
vt 0.01965300 0.94231700
vt 0.02267300 0.93877700
vt 0.02047500 0.94291500
vt 0.02339200 0.93949600
vt 0.02621300 0.93575700
vt 0.03018000 0.93332300
vt 0.02681100 0.93657900
vt 0.03064200 0.93422900
vt 0.03448000 0.93154400
vt 0.03900500 0.93045600
vt 0.03479500 0.93251200
vt 0.03916400 0.93146000
vt 0.04364500 0.93009300
vt 0.04828400 0.93045600
vt 0.04364400 0.93111000
vt 0.04812500 0.93146000
vt 0.05280900 0.93154400
vt 0.05710900 0.93332300
vt 0.05249400 0.93251200
vt 0.05664700 0.93422900
vt 0.06107600 0.93575700
vt 0.06461600 0.93877700
vt 0.06047800 0.93657900
vt 0.06389700 0.93949600
vt 0.06763600 0.94231700
vt 0.06681400 0.94291500
vt 0.07229200 0.94515200
vt 0.07384700 0.94993500
vt 0.07368300 0.94998800
vt 0.07178900 0.94540800
vt 0.07540100 0.95471900
vt 0.07484300 0.95480700
vt 0.07446100 0.95486800
vt 0.07331600 0.95010800
vt 0.07144500 0.94558400
vt 0.07540100 0.95974900
vt 0.07522900 0.95974900
vt 0.07540100 0.96477800
vt 0.07484300 0.96469000
vt 0.07446100 0.96462900
vt 0.07484300 0.95974900
vt 0.07384700 0.96956200
vt 0.07368300 0.96950900
vt 0.07229200 0.97434500
vt 0.07178900 0.97408900
vt 0.07144500 0.97391300
vt 0.07331600 0.96938900
vt 0.06933600 0.97841400
vt 0.06919700 0.97831300
vt 0.06637900 0.98248300
vt 0.06598000 0.98208400
vt 0.06570700 0.98181100
vt 0.06888400 0.97808600
vt 0.06231000 0.98544000
vt 0.06220900 0.98530100
vt 0.05824100 0.98839600
vt 0.05798500 0.98789300
vt 0.05780900 0.98754900
vt 0.06198200 0.98498800
vt 0.05345800 0.98995000
vt 0.05340500 0.98978700
vt 0.04867400 0.99150500
vt 0.04858600 0.99094700
vt 0.04852500 0.99056500
vt 0.05328500 0.98942000
vt 0.04364400 0.99150500
vt 0.04364400 0.99133300
vt 0.03861500 0.99150500
vt 0.03870300 0.99094700
vt 0.03876400 0.99056500
vt 0.04364400 0.99094700
vt 0.03383100 0.98995000
vt 0.03388400 0.98978700
vt 0.02904800 0.98839600
vt 0.02930400 0.98789300
vt 0.02948000 0.98754900
vt 0.03400400 0.98942000
vt 0.02497900 0.98544000
vt 0.02508000 0.98530100
vt 0.02091000 0.98248300
vt 0.02130900 0.98208400
vt 0.02158200 0.98181100
vt 0.02530700 0.98498800
vt 0.01795300 0.97841400
vt 0.01809200 0.97831300
vt 0.01499700 0.97434500
vt 0.01550000 0.97408900
vt 0.01584400 0.97391300
vt 0.01840400 0.97808600
vt 0.01344200 0.96956200
vt 0.01360600 0.96950900
vt 0.01188800 0.96477800
vt 0.01244600 0.96469000
vt 0.01282800 0.96462900
vt 0.01397300 0.96938900
vt 0.01188800 0.95974900
vt 0.01206000 0.95974900
vt 0.01188800 0.95471900
vt 0.01244600 0.95480700
vt 0.01282800 0.95486800
vt 0.01244600 0.95974900
vt 0.01344200 0.94993500
vt 0.01360600 0.94998800
vt 0.01499700 0.94515200
vt 0.01550000 0.94540800
vt 0.01584400 0.94558400
vt 0.01397300 0.95010800
vt 0.01795300 0.94108300
vt 0.01809200 0.94118300
vt 0.02091000 0.93701300
vt 0.02130900 0.93741300
vt 0.02158200 0.93768600
vt 0.01840500 0.94141100
vt 0.02497900 0.93405700
vt 0.02508000 0.93419600
vt 0.02904800 0.93110100
vt 0.02930400 0.93160400
vt 0.02948000 0.93194800
vt 0.02530700 0.93450800
vt 0.03383100 0.92954600
vt 0.03388400 0.92971000
vt 0.03861500 0.92799200
vt 0.03870300 0.92855000
vt 0.03876400 0.92893200
vt 0.03400400 0.93007700
vt 0.04364400 0.92799200
vt 0.04364400 0.92816400
vt 0.04867400 0.92799200
vt 0.04858600 0.92855000
vt 0.04852500 0.92893200
vt 0.04364400 0.92855000
vt 0.05345800 0.92954600
vt 0.05340500 0.92971000
vt 0.05824100 0.93110100
vt 0.05798500 0.93160400
vt 0.05780900 0.93194800
vt 0.05328500 0.93007700
vt 0.06231000 0.93405700
vt 0.06220900 0.93419600
vt 0.06637900 0.93701400
vt 0.06598000 0.93741300
vt 0.06570700 0.93768600
vt 0.06198200 0.93450900
vt 0.06933600 0.94108300
vt 0.06919700 0.94118400
vt 0.06888400 0.94141100
vt 0.07254000 0.95036000
vt 0.07071800 0.94595400
vt 0.07365600 0.95499500
vt 0.07262800 0.95515800
vt 0.07155000 0.95068100
vt 0.06979000 0.94642600
vt 0.07402700 0.95974900
vt 0.07365600 0.96450200
vt 0.07262800 0.96433900
vt 0.07298700 0.95974900
vt 0.07254000 0.96913700
vt 0.07071800 0.97354300
vt 0.06979000 0.97307100
vt 0.07155000 0.96881600
vt 0.06822500 0.97760700
vt 0.06513000 0.98123400
vt 0.06439400 0.98049800
vt 0.06738300 0.97699500
vt 0.06150300 0.98432900
vt 0.05743900 0.98682200
vt 0.05696700 0.98589500
vt 0.06089100 0.98348700
vt 0.05303300 0.98864400
vt 0.04839800 0.98976000
vt 0.04823500 0.98873200
vt 0.05271200 0.98765400
vt 0.04364500 0.99013100
vt 0.03889100 0.98976000
vt 0.03905400 0.98873200
vt 0.04364400 0.98909100
vt 0.03425600 0.98864400
vt 0.02985000 0.98682200
vt 0.03032200 0.98589400
vt 0.03457700 0.98765400
vt 0.02578600 0.98432900
vt 0.02215900 0.98123400
vt 0.02289500 0.98049800
vt 0.02639800 0.98348700
vt 0.01906400 0.97760700
vt 0.01657100 0.97354300
vt 0.01749800 0.97307100
vt 0.01990600 0.97699500
vt 0.01474900 0.96913700
vt 0.01363300 0.96450200
vt 0.01466100 0.96433900
vt 0.01573900 0.96881600
vt 0.01326200 0.95974900
vt 0.01363300 0.95499500
vt 0.01466100 0.95515800
vt 0.01430200 0.95974900
vt 0.01474900 0.95036000
vt 0.01657100 0.94595400
vt 0.01749900 0.94642600
vt 0.01573900 0.95068100
vt 0.01906400 0.94189000
vt 0.02215900 0.93826300
vt 0.02289500 0.93899900
vt 0.01990600 0.94250200
vt 0.02578600 0.93516800
vt 0.02985000 0.93267500
vt 0.03032200 0.93360200
vt 0.02639800 0.93601000
vt 0.03425600 0.93085300
vt 0.03889100 0.92973700
vt 0.03905400 0.93076500
vt 0.03457700 0.93184300
vt 0.04364500 0.92936600
vt 0.04839800 0.92973700
vt 0.04823500 0.93076500
vt 0.04364500 0.93040600
vt 0.05303300 0.93085300
vt 0.05743900 0.93267500
vt 0.05696700 0.93360200
vt 0.05271200 0.93184300
vt 0.06150300 0.93516800
vt 0.06513000 0.93826300
vt 0.06439400 0.93899900
vt 0.06089100 0.93601000
vt 0.06822500 0.94189000
vt 0.06738300 0.94250200
vt 0.07054000 0.95101000
vt 0.06884400 0.94690900
vt 0.07157800 0.95532400
vt 0.07029600 0.95552700
vt 0.06930500 0.95141100
vt 0.06768700 0.94749800
vt 0.07192400 0.95974900
vt 0.07157800 0.96417300
vt 0.07029600 0.96397000
vt 0.07062600 0.95974900
vt 0.07054000 0.96848700
vt 0.06884400 0.97258800
vt 0.06768700 0.97199900
vt 0.06930500 0.96808600
vt 0.06652300 0.97637100
vt 0.06364300 0.97974700
vt 0.06272500 0.97882900
vt 0.06547300 0.97560800
vt 0.06026700 0.98262700
vt 0.05648400 0.98494800
vt 0.05589500 0.98379100
vt 0.05950400 0.98157700
vt 0.05238300 0.98664400
vt 0.04806900 0.98768200
vt 0.04786600 0.98640000
vt 0.05198200 0.98540900
vt 0.04364400 0.98802800
vt 0.03922000 0.98768200
vt 0.03942300 0.98640000
vt 0.04364400 0.98673000
vt 0.03490600 0.98664400
vt 0.03080500 0.98494800
vt 0.03139400 0.98379100
vt 0.03530700 0.98540900
vt 0.02702200 0.98262700
vt 0.02364600 0.97974700
vt 0.02456400 0.97882900
vt 0.02778500 0.98157700
vt 0.02076600 0.97637100
vt 0.01844500 0.97258800
vt 0.01960200 0.97199900
vt 0.02181600 0.97560800
vt 0.01674900 0.96848700
vt 0.01571100 0.96417300
vt 0.01699300 0.96397000
vt 0.01798400 0.96808600
vt 0.01536500 0.95974900
vt 0.01571100 0.95532400
vt 0.01699300 0.95552700
vt 0.01666300 0.95974900
vt 0.01674900 0.95101000
vt 0.01844500 0.94690900
vt 0.01960200 0.94749800
vt 0.01798400 0.95141100
vt 0.02076600 0.94312600
vt 0.02364600 0.93975000
vt 0.02456400 0.94066800
vt 0.02181600 0.94388900
vt 0.02702200 0.93687000
vt 0.03080500 0.93454900
vt 0.03139400 0.93570600
vt 0.02778500 0.93792000
vt 0.03490600 0.93285300
vt 0.03922000 0.93181500
vt 0.03942300 0.93309700
vt 0.03530700 0.93408800
vt 0.04364400 0.93146900
vt 0.04806900 0.93181500
vt 0.04786600 0.93309700
vt 0.04364400 0.93276700
vt 0.05238300 0.93285300
vt 0.05648400 0.93454900
vt 0.05589500 0.93570600
vt 0.05198200 0.93408800
vt 0.06026700 0.93687000
vt 0.06364300 0.93975000
vt 0.06272500 0.94066800
vt 0.05950400 0.93792000
vt 0.06652300 0.94312600
vt 0.06547300 0.94388900
vt 0.06764200 0.95195100
vt 0.06612900 0.94829200
vt 0.06856800 0.95580100
vt 0.06643800 0.95613800
vt 0.06559100 0.95261800
vt 0.06420700 0.94927100
vt 0.06887700 0.95974900
vt 0.06856800 0.96369600
vt 0.06643800 0.96335900
vt 0.06672000 0.95974900
vt 0.06764200 0.96754600
vt 0.06612900 0.97120500
vt 0.06420700 0.97022600
vt 0.06559100 0.96687900
vt 0.06405800 0.97458000
vt 0.06148800 0.97759200
vt 0.05996300 0.97606700
vt 0.06231300 0.97331200
vt 0.05847600 0.98016200
vt 0.05510100 0.98223300
vt 0.05412200 0.98031100
vt 0.05720800 0.97841700
vt 0.05144200 0.98374600
vt 0.04759200 0.98467200
vt 0.04725500 0.98254200
vt 0.05077500 0.98169500
vt 0.04364400 0.98498100
vt 0.03969700 0.98467200
vt 0.04003400 0.98254200
vt 0.04364400 0.98282400
vt 0.03584700 0.98374600
vt 0.03218800 0.98223300
vt 0.03316700 0.98031100
vt 0.03651400 0.98169500
vt 0.02881300 0.98016200
vt 0.02580100 0.97759200
vt 0.02732600 0.97606700
vt 0.03008100 0.97841700
vt 0.02323100 0.97458000
vt 0.02116000 0.97120500
vt 0.02308200 0.97022600
vt 0.02497600 0.97331200
vt 0.01964700 0.96754600
vt 0.01872100 0.96369600
vt 0.02085100 0.96335900
vt 0.02169800 0.96687900
vt 0.01841200 0.95974900
vt 0.01872100 0.95580100
vt 0.02085100 0.95613800
vt 0.02056900 0.95974900
vt 0.01964700 0.95195100
vt 0.02116000 0.94829200
vt 0.02308200 0.94927100
vt 0.02169800 0.95261800
vt 0.02323100 0.94491700
vt 0.02580100 0.94190500
vt 0.02732600 0.94343000
vt 0.02497600 0.94618500
vt 0.02881300 0.93933500
vt 0.03218800 0.93726400
vt 0.03316700 0.93918600
vt 0.03008100 0.94108000
vt 0.03584700 0.93575100
vt 0.03969700 0.93482500
vt 0.04003400 0.93695500
vt 0.03651400 0.93780200
vt 0.04364400 0.93451600
vt 0.04759200 0.93482500
vt 0.04725500 0.93695500
vt 0.04364400 0.93667300
vt 0.05144200 0.93575100
vt 0.05510100 0.93726400
vt 0.05412200 0.93918600
vt 0.05077500 0.93780200
vt 0.05847600 0.93933500
vt 0.06148800 0.94190500
vt 0.05996300 0.94343000
vt 0.05720800 0.94108000
vt 0.06405800 0.94491700
vt 0.06231300 0.94618500
vt 0.06319300 0.95339700
vt 0.06196000 0.95041600
vt 0.06394700 0.95653300
vt 0.06419900 0.95974900
vt 0.06394700 0.96296400
vt 0.06319300 0.96610000
vt 0.06196000 0.96908100
vt 0.06027300 0.97183000
vt 0.05818000 0.97428400
vt 0.05572600 0.97637700
vt 0.05297700 0.97806400
vt 0.04999600 0.97929700
vt 0.04686000 0.98005100
vt 0.04364400 0.98030300
vt 0.04042900 0.98005100
vt 0.03729300 0.97929700
vt 0.03431200 0.97806400
vt 0.03156300 0.97637700
vt 0.02910900 0.97428400
vt 0.02701600 0.97183000
vt 0.02532900 0.96908100
vt 0.02409600 0.96610000
vt 0.02334200 0.96296400
vt 0.02309000 0.95974900
vt 0.02334200 0.95653300
vt 0.02409600 0.95339700
vt 0.02532900 0.95041600
vt 0.02701600 0.94766700
vt 0.02910900 0.94521300
vt 0.03156300 0.94312000
vt 0.03431200 0.94143300
vt 0.03729300 0.94020000
vt 0.04042900 0.93944600
vt 0.04364400 0.93919400
vt 0.04686000 0.93944600
vt 0.04999600 0.94020000
vt 0.05297700 0.94143300
vt 0.05572600 0.94312000
vt 0.05818000 0.94521300
vt 0.06027300 0.94766700
vt 0.06973800 0.95127000
vt 0.07074500 0.95545600
vt 0.06809200 0.94729200
vt 0.06714800 0.94777300
vt 0.06873000 0.95159800
vt 0.06969800 0.95562200
vt 0.07108000 0.95974900
vt 0.07074500 0.96404100
vt 0.07002100 0.95974900
vt 0.06969800 0.96387500
vt 0.06973800 0.96822700
vt 0.06809200 0.97220500
vt 0.06873000 0.96789900
vt 0.06714800 0.97172400
vt 0.06584100 0.97587500
vt 0.06304600 0.97915000
vt 0.06498400 0.97525200
vt 0.06229700 0.97840100
vt 0.05977100 0.98194500
vt 0.05610100 0.98419600
vt 0.05914800 0.98108800
vt 0.05562000 0.98325200
vt 0.05212300 0.98584200
vt 0.04793700 0.98684900
vt 0.05179500 0.98483400
vt 0.04777100 0.98580200
vt 0.04364400 0.98718400
vt 0.03935200 0.98684900
vt 0.04364400 0.98612500
vt 0.03951800 0.98580200
vt 0.03516600 0.98584200
vt 0.03118800 0.98419600
vt 0.03549400 0.98483400
vt 0.03166900 0.98325200
vt 0.02751800 0.98194500
vt 0.02424300 0.97915000
vt 0.02814100 0.98108800
vt 0.02499200 0.97840100
vt 0.02144800 0.97587500
vt 0.01919700 0.97220500
vt 0.02230500 0.97525200
vt 0.02014100 0.97172400
vt 0.01755100 0.96822700
vt 0.01654400 0.96404100
vt 0.01855900 0.96789900
vt 0.01759100 0.96387500
vt 0.01620900 0.95974900
vt 0.01654400 0.95545600
vt 0.01726800 0.95974900
vt 0.01759100 0.95562200
vt 0.01755100 0.95127000
vt 0.01919700 0.94729200
vt 0.01855900 0.95159800
vt 0.02014100 0.94777300
vt 0.02144800 0.94362200
vt 0.02424300 0.94034700
vt 0.02230500 0.94424500
vt 0.02499200 0.94109600
vt 0.02751800 0.93755200
vt 0.03118800 0.93530100
vt 0.02814100 0.93840900
vt 0.03166900 0.93624500
vt 0.03516600 0.93365600
vt 0.03935200 0.93264800
vt 0.03549400 0.93466300
vt 0.03951800 0.93369500
vt 0.04364500 0.93231300
vt 0.04793700 0.93264800
vt 0.04364500 0.93337200
vt 0.04777100 0.93369500
vt 0.05212300 0.93365600
vt 0.05610100 0.93530100
vt 0.05179500 0.93466300
vt 0.05562000 0.93624500
vt 0.05977100 0.93755200
vt 0.06304600 0.94034700
vt 0.05914800 0.93840900
vt 0.06229700 0.94109600
vt 0.06584100 0.94362200
vt 0.06498400 0.94424500
vt 0.06817200 0.95177900
vt 0.06911900 0.95571400
vt 0.06662500 0.94803900
vt 0.06634900 0.94818000
vt 0.06786300 0.95184100
vt 0.06886400 0.95575900
vt 0.06943500 0.95974900
vt 0.06911900 0.96378300
vt 0.06912100 0.95974900
vt 0.06886400 0.96373800
vt 0.06817200 0.96771800
vt 0.06662500 0.97145800
vt 0.06786300 0.96765600
vt 0.06634300 0.97132400
vt 0.06450900 0.97490800
vt 0.06188200 0.97798600
vt 0.06425500 0.97472300
vt 0.06166800 0.97775900
vt 0.05880400 0.98061300
vt 0.05535400 0.98272900
vt 0.05864800 0.98033800
vt 0.05523200 0.98250100
vt 0.05161400 0.98427600
vt 0.04767900 0.98522300
vt 0.05151700 0.98397800
vt 0.04764300 0.98496700
vt 0.04364400 0.98553900
vt 0.03961000 0.98522300
vt 0.04360800 0.98522500
vt 0.03965800 0.98491600
vt 0.03567500 0.98427600
vt 0.03193500 0.98272900
vt 0.03580600 0.98398900
vt 0.03204900 0.98249700
vt 0.02848500 0.98061300
vt 0.02540700 0.97798600
vt 0.02867000 0.98035900
vt 0.02559300 0.97780600
vt 0.02278000 0.97490800
vt 0.02066400 0.97145800
vt 0.02301200 0.97469400
vt 0.02094000 0.97131700
vt 0.01911700 0.96771800
vt 0.01817000 0.96378300
vt 0.01942600 0.96765600
vt 0.01842500 0.96373800
vt 0.01785400 0.95974900
vt 0.01817000 0.95571400
vt 0.01816800 0.95974900
vt 0.01842500 0.95575900
vt 0.01911700 0.95177900
vt 0.02066400 0.94803900
vt 0.01942600 0.95184100
vt 0.02094600 0.94817300
vt 0.02278000 0.94458900
vt 0.02540700 0.94151100
vt 0.02303400 0.94477400
vt 0.02562100 0.94173800
vt 0.02848500 0.93888400
vt 0.03193500 0.93676800
vt 0.02864100 0.93915900
vt 0.03205700 0.93699600
vt 0.03567500 0.93522100
vt 0.03961000 0.93427400
vt 0.03577200 0.93551900
vt 0.03964600 0.93453000
vt 0.04364500 0.93395800
vt 0.04767900 0.93427400
vt 0.04368100 0.93427200
vt 0.04763100 0.93458100
vt 0.05161400 0.93522100
vt 0.05535400 0.93676800
vt 0.05148300 0.93550800
vt 0.05524000 0.93700000
vt 0.05880400 0.93888400
vt 0.06188200 0.94151100
vt 0.05861900 0.93913800
vt 0.06169600 0.94169100
vt 0.06450900 0.94458900
vt 0.06427700 0.94480300
vt 0.06576600 0.97102300
vt 0.06727100 0.96744100
vt 0.06675700 0.96656300
vt 0.06508600 0.97048500
vt 0.06799500 0.96548400
vt 0.06801100 0.96452800
vt 0.06803800 0.96353400
vt 0.06727900 0.96404200
vt 0.06604900 0.96391700
vt 0.06521100 0.96658200
vt 0.06379700 0.96997000
vt 0.06120300 0.97730300
vt 0.06372400 0.97433700
vt 0.06304100 0.97384100
vt 0.06048200 0.97682300
vt 0.06192400 0.97302900
vt 0.05959300 0.97575600
vt 0.03975900 0.98427900
vt 0.04362900 0.98459600
vt 0.04430600 0.98383600
vt 0.03989300 0.98343400
vt 0.04571400 0.98467900
vt 0.04662900 0.98439900
vt 0.04758300 0.98411800
vt 0.04686400 0.98355300
vt 0.04660300 0.98234400
vt 0.04381000 0.98237100
vt 0.04011000 0.98206700
vt 0.02151500 0.97102400
vt 0.02353400 0.97434100
vt 0.02454600 0.97444200
vt 0.02227700 0.97063600
vt 0.02469200 0.97607700
vt 0.02545600 0.97665200
vt 0.02624400 0.97725900
vt 0.02627900 0.97634500
vt 0.02710300 0.97542400
vt 0.02544000 0.97317900
vt 0.02351000 0.97000700
vt 0.02152300 0.94847400
vt 0.02001800 0.95205600
vt 0.02053200 0.95293400
vt 0.02220300 0.94901200
vt 0.01929400 0.95401300
vt 0.01927800 0.95496900
vt 0.01925100 0.95596300
vt 0.02001000 0.95545500
vt 0.02124000 0.95558000
vt 0.02207800 0.95291500
vt 0.02349200 0.94952700
vt 0.02608600 0.94219400
vt 0.02356500 0.94516000
vt 0.02424800 0.94565600
vt 0.02680700 0.94267400
vt 0.02536500 0.94646800
vt 0.02769600 0.94374100
vt 0.04753000 0.93521800
vt 0.04366000 0.93490100
vt 0.04298300 0.93566100
vt 0.04739600 0.93606300
vt 0.04157500 0.93481800
vt 0.04066000 0.93509800
vt 0.03970600 0.93537900
vt 0.04042500 0.93594400
vt 0.04068600 0.93715300
vt 0.04347900 0.93712600
vt 0.04717900 0.93743000
vt 0.06577400 0.94847300
vt 0.06375500 0.94515600
vt 0.06274300 0.94505500
vt 0.06501200 0.94886100
vt 0.06259700 0.94342000
vt 0.06183300 0.94284500
vt 0.06104500 0.94223800
vt 0.06101000 0.94315200
vt 0.06018600 0.94407300
vt 0.06184900 0.94631700
vt 0.06377900 0.94949000
vt 0.06604900 0.95558000
vt 0.06521100 0.95291500
vt 0.06320300 0.95339400
vt 0.06407900 0.95591300
vt 0.06197000 0.95041100
vt 0.05975700 0.95153900
vt 0.06084200 0.95416100
vt 0.06161600 0.95637500
vt 0.06320300 0.96610300
vt 0.06196900 0.96908600
vt 0.06407900 0.96358400
vt 0.06161600 0.96312200
vt 0.06084200 0.96533600
vt 0.05975700 0.96795800
vt 0.06028200 0.97183600
vt 0.05818700 0.97429100
vt 0.05827300 0.97037700
vt 0.05643200 0.97253600
vt 0.05453300 0.97976800
vt 0.05680800 0.97814800
vt 0.05573200 0.97638600
vt 0.05360700 0.97799800
vt 0.05427300 0.97437700
vt 0.05240700 0.97579800
vt 0.04364400 0.98031400
vt 0.04042700 0.98006200
vt 0.04631200 0.98036800
vt 0.04598900 0.97788300
vt 0.04364400 0.97783100
vt 0.04081600 0.97761000
vt 0.03384800 0.98032400
vt 0.03649600 0.98121300
vt 0.03729000 0.97930700
vt 0.03473600 0.97853500
vt 0.03805700 0.97694600
vt 0.03581100 0.97627100
vt 0.02700700 0.97183600
vt 0.02532000 0.96908600
vt 0.02853000 0.97402600
vt 0.03035200 0.97230500
vt 0.02901600 0.97037700
vt 0.02753200 0.96795800
vt 0.02124000 0.96391700
vt 0.02207800 0.96658200
vt 0.02408600 0.96610300
vt 0.02321000 0.96358400
vt 0.02644700 0.96533600
vt 0.02567300 0.96312200
vt 0.02408600 0.95339400
vt 0.02532000 0.95041100
vt 0.02321000 0.95591300
vt 0.02567300 0.95637500
vt 0.02644700 0.95416100
vt 0.02753200 0.95153900
vt 0.02700700 0.94766100
vt 0.02910200 0.94520600
vt 0.02901600 0.94912000
vt 0.03085700 0.94696100
vt 0.03275600 0.93972900
vt 0.03048100 0.94134900
vt 0.03155700 0.94311100
vt 0.03368200 0.94149900
vt 0.03301600 0.94512000
vt 0.03488200 0.94369900
vt 0.04364500 0.93918300
vt 0.04686200 0.93943500
vt 0.04097700 0.93912900
vt 0.04130000 0.94161400
vt 0.04364500 0.94166600
vt 0.04647300 0.94188800
vt 0.05344100 0.93917300
vt 0.05079300 0.93828400
vt 0.04999900 0.94019000
vt 0.05255300 0.94096200
vt 0.04923200 0.94255100
vt 0.05147800 0.94322600
vt 0.06028200 0.94766100
vt 0.05875900 0.94547100
vt 0.05693700 0.94719200
vt 0.05827300 0.94912000
vt 0.05823500 0.95500800
vt 0.05890300 0.95688400
vt 0.05731500 0.95278300
vt 0.05502800 0.95394800
vt 0.05579200 0.95585200
vt 0.05646000 0.95736200
vt 0.05823500 0.96448900
vt 0.05731500 0.96671400
vt 0.05890300 0.96261300
vt 0.05646000 0.96213500
vt 0.05579200 0.96364500
vt 0.05504400 0.96554500
vt 0.05605600 0.96876600
vt 0.05449300 0.97059700
vt 0.05400000 0.96727300
vt 0.05268000 0.96879900
vt 0.05266200 0.97216000
vt 0.05108400 0.97337500
vt 0.05110400 0.97009700
vt 0.04987400 0.97120000
vt 0.04364500 0.97509000
vt 0.04124400 0.97490200
vt 0.04563600 0.97514600
vt 0.04533500 0.97267400
vt 0.04369300 0.97250500
vt 0.04164600 0.97236700
vt 0.03890400 0.97433900
vt 0.03699300 0.97377700
vt 0.03965700 0.97186600
vt 0.03804200 0.97151900
vt 0.03123300 0.96876600
vt 0.02997400 0.96671400
vt 0.03235800 0.97041000
vt 0.03418100 0.96871400
vt 0.03335200 0.96728600
vt 0.03226100 0.96554900
vt 0.02905400 0.96448900
vt 0.02838600 0.96261300
vt 0.03149700 0.96364500
vt 0.03082900 0.96213500
vt 0.02905400 0.95500800
vt 0.02997400 0.95278300
vt 0.02838600 0.95688400
vt 0.03082900 0.95736200
vt 0.03149700 0.95585200
vt 0.03224500 0.95395200
vt 0.03123300 0.95073100
vt 0.03279600 0.94890000
vt 0.03328900 0.95222400
vt 0.03460900 0.95069800
vt 0.03462700 0.94733700
vt 0.03620500 0.94612200
vt 0.03618500 0.94940000
vt 0.03741500 0.94829700
vt 0.04364500 0.94440700
vt 0.04604500 0.94459500
vt 0.04165300 0.94435100
vt 0.04195400 0.94682300
vt 0.04359600 0.94699200
vt 0.04564300 0.94713000
vt 0.04838500 0.94515800
vt 0.05029600 0.94572000
vt 0.04763200 0.94763100
vt 0.04924700 0.94797800
vt 0.05605600 0.95073100
vt 0.05493100 0.94908700
vt 0.05310800 0.95078300
vt 0.05393700 0.95221100
vt 0.05220600 0.96413300
vt 0.05273200 0.96277600
vt 0.05210200 0.96233700
vt 0.05155200 0.96373700
vt 0.05284500 0.96205100
vt 0.05257000 0.96163100
vt 0.05250600 0.96113600
vt 0.05224500 0.96107300
vt 0.05196600 0.96105700
vt 0.05170100 0.96232600
vt 0.05118900 0.96358200
vt 0.05046000 0.96653600
vt 0.05143300 0.96540700
vt 0.05081900 0.96496100
vt 0.04988100 0.96603700
vt 0.05049300 0.96472400
vt 0.04962200 0.96573900
vt 0.04214100 0.96924000
vt 0.04357400 0.96932600
vt 0.04379600 0.96859200
vt 0.04226100 0.96848400
vt 0.04429800 0.96921000
vt 0.04461200 0.96881900
vt 0.04506400 0.96860500
vt 0.04504200 0.96833700
vt 0.04497100 0.96806800
vt 0.04368200 0.96820800
vt 0.04232100 0.96810400
vt 0.03508300 0.96411100
vt 0.03585400 0.96532100
vt 0.03657900 0.96506900
vt 0.03576400 0.96376400
vt 0.03637400 0.96583900
vt 0.03687500 0.96586300
vt 0.03731400 0.96610200
vt 0.03751800 0.96592700
vt 0.03769400 0.96571200
vt 0.03682300 0.96475100
vt 0.03610700 0.96358900
vt 0.03508300 0.95536400
vt 0.03455700 0.95672100
vt 0.03518700 0.95716000
vt 0.03573700 0.95576000
vt 0.03444400 0.95744600
vt 0.03471900 0.95786600
vt 0.03478300 0.95836200
vt 0.03504400 0.95842400
vt 0.03532300 0.95844000
vt 0.03558800 0.95717000
vt 0.03610000 0.95591500
vt 0.03682900 0.95296100
vt 0.03585600 0.95408900
vt 0.03647100 0.95453600
vt 0.03740800 0.95346000
vt 0.03679600 0.95477300
vt 0.03766700 0.95375800
vt 0.04514800 0.95025700
vt 0.04371500 0.95017100
vt 0.04349300 0.95090600
vt 0.04502800 0.95101300
vt 0.04299100 0.95028700
vt 0.04267700 0.95067800
vt 0.04222500 0.95089200
vt 0.04224700 0.95116000
vt 0.04231800 0.95142900
vt 0.04360700 0.95128900
vt 0.04496800 0.95139300
vt 0.05220600 0.95538600
vt 0.05143500 0.95417600
vt 0.05071000 0.95442800
vt 0.05152500 0.95573300
vt 0.05091500 0.95365800
vt 0.05041400 0.95363400
vt 0.04997500 0.95339500
vt 0.04977100 0.95357000
vt 0.04959500 0.95378500
vt 0.05046600 0.95474600
vt 0.05118200 0.95590800
vt 0.05196600 0.95844000
vt 0.05170100 0.95717100
vt 0.05149000 0.95719900
vt 0.05179200 0.95845800
vt 0.05099500 0.95600300
vt 0.05076600 0.95612000
vt 0.05124500 0.95727900
vt 0.05153900 0.95849800
vt 0.05209900 0.95974900
vt 0.05189300 0.95974900
vt 0.05179200 0.96103900
vt 0.05163600 0.95974900
vt 0.05153900 0.96099900
vt 0.05149000 0.96229800
vt 0.05099500 0.96349400
vt 0.05124500 0.96221800
vt 0.05076600 0.96337700
vt 0.05031800 0.96459700
vt 0.04947800 0.96558200
vt 0.05011000 0.96444600
vt 0.04929600 0.96540000
vt 0.04746100 0.96725900
vt 0.04858600 0.96661400
vt 0.04849300 0.96642200
vt 0.04739000 0.96709900
vt 0.04834200 0.96621400
vt 0.04727300 0.96687000
vt 0.04625700 0.96779000
vt 0.04619400 0.96759400
vt 0.04493500 0.96789600
vt 0.04611400 0.96734900
vt 0.04489500 0.96764200
vt 0.04364500 0.96799700
vt 0.04235400 0.96789600
vt 0.04364500 0.96774000
vt 0.04239400 0.96764200
vt 0.03981200 0.96725000
vt 0.04099400 0.96778200
vt 0.04109500 0.96759400
vt 0.03989900 0.96709900
vt 0.04117500 0.96734900
vt 0.04001600 0.96687000
vt 0.03867500 0.96658900
vt 0.03879600 0.96642200
vt 0.03781100 0.96558200
vt 0.03894700 0.96621400
vt 0.03799300 0.96540000
vt 0.03697100 0.96459700
vt 0.03629400 0.96349400
vt 0.03717900 0.96444600
vt 0.03652300 0.96337700
vt 0.03532300 0.96105700
vt 0.03558800 0.96232600
vt 0.03579900 0.96229800
vt 0.03549700 0.96103900
vt 0.03604400 0.96221800
vt 0.03575000 0.96099900
vt 0.03519000 0.95974900
vt 0.03539600 0.95974900
vt 0.03549700 0.95845800
vt 0.03565300 0.95974900
vt 0.03575000 0.95849800
vt 0.03579900 0.95719900
vt 0.03629400 0.95600300
vt 0.03604400 0.95727900
vt 0.03652300 0.95612000
vt 0.03697100 0.95490000
vt 0.03781100 0.95391500
vt 0.03717900 0.95505100
vt 0.03799300 0.95409700
vt 0.03982800 0.95223800
vt 0.03870300 0.95288300
vt 0.03879600 0.95307500
vt 0.03989900 0.95239800
vt 0.03894700 0.95328300
vt 0.04001600 0.95262700
vt 0.04103200 0.95170700
vt 0.04109500 0.95190300
vt 0.04235400 0.95160100
vt 0.04117500 0.95214800
vt 0.04239400 0.95185500
vt 0.04364500 0.95150000
vt 0.04493500 0.95160100
vt 0.04364500 0.95175700
vt 0.04489500 0.95185500
vt 0.04747700 0.95224700
vt 0.04629500 0.95171500
vt 0.04619400 0.95190300
vt 0.04739000 0.95239800
vt 0.04611400 0.95214800
vt 0.04727300 0.95262700
vt 0.04861400 0.95290800
vt 0.04849300 0.95307500
vt 0.04947800 0.95391500
vt 0.04834200 0.95328300
vt 0.04929600 0.95409700
vt 0.05031800 0.95490000
vt 0.05011000 0.95505100
vt 0.05074700 0.95744100
vt 0.05102100 0.95858000
vt 0.05029900 0.95635800
vt 0.04953800 0.95674600
vt 0.04993500 0.95770500
vt 0.05017800 0.95871400
vt 0.05111200 0.95974900
vt 0.05102100 0.96091700
vt 0.05025900 0.95974900
vt 0.05017800 0.96078300
vt 0.05074700 0.96205600
vt 0.05029900 0.96313900
vt 0.04993500 0.96179200
vt 0.04953800 0.96275200
vt 0.04968600 0.96413800
vt 0.04892500 0.96502900
vt 0.04899600 0.96363600
vt 0.04832200 0.96442600
vt 0.04803400 0.96579000
vt 0.04703500 0.96640300
vt 0.04753200 0.96510000
vt 0.04664800 0.96564200
vt 0.04595200 0.96685100
vt 0.04481300 0.96712500
vt 0.04568800 0.96603900
vt 0.04467900 0.96628200
vt 0.04364500 0.96721600
vt 0.04247600 0.96712500
vt 0.04364500 0.96636300
vt 0.04261000 0.96628200
vt 0.04133700 0.96685100
vt 0.04025400 0.96640300
vt 0.04160100 0.96603900
vt 0.04064100 0.96564200
vt 0.03925500 0.96579000
vt 0.03836400 0.96502900
vt 0.03975700 0.96510000
vt 0.03896700 0.96442600
vt 0.03760300 0.96413800
vt 0.03699000 0.96313900
vt 0.03829400 0.96363600
vt 0.03775100 0.96275200
vt 0.03654200 0.96205600
vt 0.03626800 0.96091700
vt 0.03735400 0.96179200
vt 0.03711100 0.96078300
vt 0.03617700 0.95974900
vt 0.03626800 0.95858000
vt 0.03703000 0.95974900
vt 0.03711100 0.95871400
vt 0.03654200 0.95744100
vt 0.03699000 0.95635800
vt 0.03735400 0.95770500
vt 0.03775100 0.95674600
vt 0.03760300 0.95535900
vt 0.03836400 0.95446800
vt 0.03829400 0.95586100
vt 0.03896700 0.95507100
vt 0.03925500 0.95370700
vt 0.04025400 0.95309400
vt 0.03975700 0.95439700
vt 0.04064100 0.95385500
vt 0.04133700 0.95264600
vt 0.04247600 0.95237200
vt 0.04160100 0.95345800
vt 0.04261000 0.95321500
vt 0.04364500 0.95228100
vt 0.04481300 0.95237200
vt 0.04364500 0.95313400
vt 0.04467900 0.95321500
vt 0.04595200 0.95264600
vt 0.04703500 0.95309400
vt 0.04568800 0.95345800
vt 0.04664800 0.95385500
vt 0.04803400 0.95370700
vt 0.04892500 0.95446800
vt 0.04753200 0.95439700
vt 0.04832200 0.95507100
vt 0.04968600 0.95535900
vt 0.04899600 0.95586100
vt 0.04875200 0.95808900
vt 0.04894900 0.95890800
vt 0.04843000 0.95731000
vt 0.04743900 0.95781500
vt 0.04769400 0.95843300
vt 0.04785100 0.95908200
vt 0.04901500 0.95974900
vt 0.04894900 0.96058900
vt 0.04790300 0.95974900
vt 0.04785100 0.96041500
vt 0.04875200 0.96140800
vt 0.04843000 0.96218700
vt 0.04769400 0.96106400
vt 0.04743900 0.96168200
vt 0.04798900 0.96290500
vt 0.04744200 0.96354600
vt 0.04709000 0.96225100
vt 0.04665600 0.96276000
vt 0.04680100 0.96409300
vt 0.04608300 0.96453400
vt 0.04614800 0.96319400
vt 0.04557800 0.96354300
vt 0.04530400 0.96485600
vt 0.04448500 0.96505300
vt 0.04496000 0.96379800
vt 0.04431100 0.96395500
vt 0.04364500 0.96511900
vt 0.04280400 0.96505300
vt 0.04364500 0.96400700
vt 0.04297800 0.96395500
vt 0.04198500 0.96485600
vt 0.04120600 0.96453400
vt 0.04232900 0.96379800
vt 0.04171100 0.96354300
vt 0.04048800 0.96409300
vt 0.03984700 0.96354600
vt 0.04114200 0.96319400
vt 0.04063300 0.96276000
vt 0.03930000 0.96290500
vt 0.03885900 0.96218700
vt 0.04019900 0.96225100
vt 0.03985000 0.96168200
vt 0.03853700 0.96140800
vt 0.03834000 0.96058900
vt 0.03959500 0.96106400
vt 0.03943800 0.96041500
vt 0.03827400 0.95974900
vt 0.03834000 0.95890800
vt 0.03938600 0.95974900
vt 0.03943800 0.95908200
vt 0.03853700 0.95808900
vt 0.03885900 0.95731000
vt 0.03959500 0.95843300
vt 0.03985000 0.95781500
vt 0.03930000 0.95659200
vt 0.03984700 0.95595100
vt 0.04019900 0.95724500
vt 0.04063300 0.95673700
vt 0.04048800 0.95540400
vt 0.04120600 0.95496300
vt 0.04114200 0.95630300
vt 0.04171100 0.95595400
vt 0.04198500 0.95464100
vt 0.04280400 0.95444400
vt 0.04232900 0.95569900
vt 0.04297800 0.95554200
vt 0.04364500 0.95437800
vt 0.04448500 0.95444400
vt 0.04364500 0.95549000
vt 0.04431100 0.95554200
vt 0.04530400 0.95464100
vt 0.04608300 0.95496300
vt 0.04496000 0.95569900
vt 0.04557800 0.95595400
vt 0.04680100 0.95540400
vt 0.04744200 0.95595100
vt 0.04614800 0.95630300
vt 0.04665600 0.95673700
vt 0.04798900 0.95659200
vt 0.04709000 0.95724500
vt 0.04497700 0.95953700
vt 0.04492700 0.95933200
vt 0.04454500 0.95945600
vt 0.04458000 0.95960000
vt 0.04484700 0.95913600
vt 0.04448800 0.95931900
vt 0.04497700 0.95996000
vt 0.04499300 0.95974900
vt 0.04459100 0.95974900
vt 0.04458000 0.95989700
vt 0.04484700 0.96036100
vt 0.04492700 0.96016500
vt 0.04454500 0.96004100
vt 0.04448800 0.96017800
vt 0.04459800 0.96070200
vt 0.04473600 0.96054100
vt 0.04441000 0.96030500
vt 0.04431400 0.96041800
vt 0.04425700 0.96095100
vt 0.04443700 0.96084000
vt 0.04420100 0.96051400
vt 0.04407400 0.96059200
vt 0.04385600 0.96108100
vt 0.04406100 0.96103100
vt 0.04393700 0.96064900
vt 0.04379300 0.96068400
vt 0.04343300 0.96108100
vt 0.04364500 0.96109700
vt 0.04364500 0.96069500
vt 0.04349600 0.96068400
vt 0.04303200 0.96095100
vt 0.04322800 0.96103100
vt 0.04335200 0.96064900
vt 0.04321500 0.96059200
vt 0.04269100 0.96070200
vt 0.04285200 0.96084000
vt 0.04308800 0.96051400
vt 0.04297500 0.96041800
vt 0.04244200 0.96036100
vt 0.04255300 0.96054100
vt 0.04287900 0.96030500
vt 0.04280100 0.96017800
vt 0.04231200 0.95996000
vt 0.04236200 0.96016500
vt 0.04274400 0.96004100
vt 0.04270900 0.95989700
vt 0.04231200 0.95953700
vt 0.04229600 0.95974900
vt 0.04269800 0.95974900
vt 0.04270900 0.95960000
vt 0.04244200 0.95913600
vt 0.04236200 0.95933200
vt 0.04274400 0.95945600
vt 0.04280100 0.95931900
vt 0.04269100 0.95879500
vt 0.04255300 0.95895600
vt 0.04287900 0.95919200
vt 0.04297500 0.95907900
vt 0.04303200 0.95854600
vt 0.04285200 0.95865700
vt 0.04308800 0.95898300
vt 0.04321500 0.95890500
vt 0.04343300 0.95841600
vt 0.04322800 0.95846600
vt 0.04335200 0.95884800
vt 0.04349600 0.95881300
vt 0.04385600 0.95841600
vt 0.04364500 0.95840000
vt 0.04364500 0.95880200
vt 0.04379300 0.95881300
vt 0.04425700 0.95854600
vt 0.04406100 0.95846600
vt 0.04393700 0.95884800
vt 0.04407400 0.95890500
vt 0.04459800 0.95879500
vt 0.04443700 0.95865700
vt 0.04420100 0.95898300
vt 0.04431400 0.95907900
vt 0.04473600 0.95895600
vt 0.04441000 0.95919200
vt 0.04726000 0.95857400
vt 0.04739900 0.95915400
vt 0.04703200 0.95802300
vt 0.04682300 0.95812900
vt 0.04703700 0.95864600
vt 0.04716800 0.95919000
vt 0.04744600 0.95974900
vt 0.04739900 0.96034300
vt 0.04721100 0.95974900
vt 0.04716800 0.96030700
vt 0.04726000 0.96092300
vt 0.04703200 0.96147400
vt 0.04703700 0.96085100
vt 0.04682300 0.96136800
vt 0.04672000 0.96198300
vt 0.04633300 0.96243700
vt 0.04653000 0.96184500
vt 0.04616700 0.96227100
vt 0.04587900 0.96282400
vt 0.04537000 0.96313600
vt 0.04574100 0.96263400
vt 0.04526400 0.96292700
vt 0.04481900 0.96336400
vt 0.04423900 0.96350300
vt 0.04474700 0.96314100
vt 0.04420300 0.96327200
vt 0.04364500 0.96355000
vt 0.04305000 0.96350300
vt 0.04364500 0.96331500
vt 0.04308600 0.96327200
vt 0.04247000 0.96336400
vt 0.04191900 0.96313600
vt 0.04254200 0.96314100
vt 0.04202500 0.96292700
vt 0.04141000 0.96282400
vt 0.04095600 0.96243700
vt 0.04154800 0.96263400
vt 0.04112200 0.96227100
vt 0.04056900 0.96198300
vt 0.04025700 0.96147400
vt 0.04075900 0.96184500
vt 0.04046600 0.96136800
vt 0.04002900 0.96092300
vt 0.03989000 0.96034300
vt 0.04025200 0.96085100
vt 0.04012100 0.96030700
vt 0.03984300 0.95974900
vt 0.03989000 0.95915400
vt 0.04007800 0.95974900
vt 0.04012100 0.95919000
vt 0.04002900 0.95857400
vt 0.04025700 0.95802300
vt 0.04025200 0.95864600
vt 0.04046600 0.95812900
vt 0.04056900 0.95751400
vt 0.04095600 0.95706000
vt 0.04075900 0.95765200
vt 0.04112200 0.95722600
vt 0.04141000 0.95667300
vt 0.04191900 0.95636100
vt 0.04154800 0.95686300
vt 0.04202500 0.95657000
vt 0.04247000 0.95613300
vt 0.04305000 0.95599400
vt 0.04254200 0.95635600
vt 0.04308600 0.95622500
vt 0.04364500 0.95594700
vt 0.04423900 0.95599400
vt 0.04364500 0.95618200
vt 0.04420300 0.95622500
vt 0.04481900 0.95613300
vt 0.04537000 0.95636100
vt 0.04474700 0.95635600
vt 0.04526400 0.95657000
vt 0.04587900 0.95667300
vt 0.04633300 0.95706000
vt 0.04574100 0.95686300
vt 0.04616700 0.95722600
vt 0.04672000 0.95751400
vt 0.04653000 0.95765200
vt 0.04661500 0.95878300
vt 0.04673000 0.95926000
vt 0.04642800 0.95833000
vt 0.04591600 0.95859100
vt 0.04606900 0.95896100
vt 0.04616200 0.95935000
vt 0.04676800 0.95974900
vt 0.04673000 0.96023700
vt 0.04619400 0.95974900
vt 0.04616200 0.96014700
vt 0.04661500 0.96071400
vt 0.04642800 0.96116700
vt 0.04606900 0.96053600
vt 0.04591600 0.96090600
vt 0.04617200 0.96158500
vt 0.04585400 0.96195800
vt 0.04570700 0.96124700
vt 0.04544700 0.96155100
vt 0.04548100 0.96227600
vt 0.04506300 0.96253200
vt 0.04514300 0.96181100
vt 0.04480200 0.96202000
vt 0.04461000 0.96271900
vt 0.04413300 0.96283400
vt 0.04443200 0.96217300
vt 0.04404300 0.96226600
vt 0.04364500 0.96287200
vt 0.04315600 0.96283400
vt 0.04364500 0.96229800
vt 0.04324600 0.96226600
vt 0.04267900 0.96271900
vt 0.04222600 0.96253200
vt 0.04285700 0.96217300
vt 0.04248700 0.96202000
vt 0.04180800 0.96227600
vt 0.04143600 0.96195800
vt 0.04214600 0.96181100
vt 0.04184200 0.96155100
vt 0.04111700 0.96158500
vt 0.04086100 0.96116700
vt 0.04158200 0.96124700
vt 0.04137300 0.96090600
vt 0.04067400 0.96071400
vt 0.04055900 0.96023700
vt 0.04122000 0.96053600
vt 0.04112700 0.96014700
vt 0.04052100 0.95974900
vt 0.04055900 0.95926000
vt 0.04109500 0.95974900
vt 0.04112700 0.95935000
vt 0.04067400 0.95878300
vt 0.04086100 0.95833000
vt 0.04122000 0.95896100
vt 0.04137300 0.95859100
vt 0.04111700 0.95791200
vt 0.04143600 0.95753900
vt 0.04158200 0.95825000
vt 0.04184200 0.95794600
vt 0.04180800 0.95722100
vt 0.04222600 0.95696500
vt 0.04214600 0.95768600
vt 0.04248700 0.95747700
vt 0.04267900 0.95677800
vt 0.04315600 0.95666300
vt 0.04285700 0.95732400
vt 0.04324600 0.95723100
vt 0.04364500 0.95662500
vt 0.04413300 0.95666300
vt 0.04364500 0.95719900
vt 0.04404300 0.95723100
vt 0.04461000 0.95677800
vt 0.04506300 0.95696500
vt 0.04443200 0.95732400
vt 0.04480200 0.95747700
vt 0.04548100 0.95722100
vt 0.04585400 0.95753900
vt 0.04514300 0.95768600
vt 0.04544700 0.95794600
vt 0.04617200 0.95791200
vt 0.04570700 0.95825000
vt 0.04547100 0.95915500
vt 0.04554100 0.95944800
vt 0.04535600 0.95887700
vt 0.04556500 0.95974900
vt 0.04554100 0.96004900
vt 0.04547100 0.96034200
vt 0.04535600 0.96062000
vt 0.04519800 0.96087700
vt 0.04500200 0.96110600
vt 0.04477300 0.96130200
vt 0.04451600 0.96146000
vt 0.04423800 0.96157500
vt 0.04394500 0.96164500
vt 0.04364500 0.96166900
vt 0.04334400 0.96164500
vt 0.04305100 0.96157500
vt 0.04277300 0.96146000
vt 0.04251600 0.96130200
vt 0.04228700 0.96110600
vt 0.04209100 0.96087700
vt 0.04193300 0.96062000
vt 0.04181800 0.96034200
vt 0.04174800 0.96004900
vt 0.04172400 0.95974900
vt 0.04174800 0.95944800
vt 0.04181800 0.95915500
vt 0.04193300 0.95887700
vt 0.04209100 0.95862000
vt 0.04228700 0.95839100
vt 0.04251600 0.95819500
vt 0.04277300 0.95803700
vt 0.04305100 0.95792200
vt 0.04334400 0.95785200
vt 0.04364500 0.95782800
vt 0.04394500 0.95785200
vt 0.04423800 0.95792200
vt 0.04451600 0.95803700
vt 0.04477300 0.95819500
vt 0.04500200 0.95839100
vt 0.04519800 0.95862000
vt 0.05222200 0.95327800
vt 0.05328200 0.95483800
vt 0.05183800 0.95190600
vt 0.05098600 0.95234200
vt 0.05102400 0.95311500
vt 0.04714700 0.94959100
vt 0.04857100 0.94953200
vt 0.04533700 0.94906500
vt 0.04653700 0.95061800
vt 0.04719000 0.95095200
vt 0.04767300 0.95068000
vt 0.04842000 0.95047700
vt 0.04345200 0.94900600
vt 0.04211600 0.94851000
vt 0.04196800 0.94945500
vt 0.04261500 0.94987900
vt 0.03748600 0.95094400
vt 0.03827500 0.94975800
vt 0.03598900 0.95203500
vt 0.03795800 0.95204200
vt 0.03861200 0.95171000
vt 0.03867600 0.95115900
vt 0.03895100 0.95043600
vt 0.03481200 0.95333100
vt 0.03394300 0.95485100
vt 0.03336800 0.95661200
vt 0.03248300 0.95772900
vt 0.03333700 0.95816300
vt 0.03394000 0.95767700
vt 0.03336800 0.96288500
vt 0.03248300 0.96176800
vt 0.03400700 0.96465900
vt 0.03455700 0.96277600
vt 0.03444400 0.96205100
vt 0.03394000 0.96182000
vt 0.03333700 0.96133400
vt 0.03506700 0.96621900
vt 0.03545100 0.96759100
vt 0.03630300 0.96715500
vt 0.03626500 0.96638200
vt 0.04014200 0.96990600
vt 0.03871800 0.96996500
vt 0.04195200 0.97043200
vt 0.04075200 0.96887900
vt 0.04009900 0.96854500
vt 0.03961600 0.96881700
vt 0.03886900 0.96902000
vt 0.04383700 0.97049100
vt 0.04517300 0.97098700
vt 0.04532100 0.97004200
vt 0.04467400 0.96961800
vt 0.04980300 0.96855300
vt 0.04901400 0.96973900
vt 0.05130000 0.96746200
vt 0.04933200 0.96745600
vt 0.04867700 0.96778700
vt 0.04861300 0.96833800
vt 0.04833800 0.96906100
vt 0.05247700 0.96616600
vt 0.05334600 0.96464600
vt 0.05392100 0.96288500
vt 0.05480600 0.96176800
vt 0.05395200 0.96133400
vt 0.05334900 0.96182000
vt 0.05392100 0.95661200
vt 0.05480600 0.95772900
vt 0.05273200 0.95672100
vt 0.05284500 0.95744600
vt 0.05334900 0.95767700
vt 0.05395200 0.95816300
vt 0.06414600 0.94503200
vt 0.06614200 0.94828600
vt 0.06234600 0.94267700
vt 0.05847800 0.93933200
vt 0.06068500 0.94102000
vt 0.05619100 0.93775400
vt 0.05642300 0.93811800
vt 0.05838300 0.93946300
vt 0.06026700 0.94091100
vt 0.05130500 0.93570300
vt 0.05410100 0.93668700
vt 0.04759400 0.93481000
vt 0.05130800 0.93611300
vt 0.05331700 0.93667800
vt 0.04378900 0.93451200
vt 0.04082600 0.93458400
vt 0.03584600 0.93574800
vt 0.03850900 0.93495400
vt 0.03322500 0.93667000
vt 0.03365600 0.93669700
vt 0.03589600 0.93590100
vt 0.03817500 0.93522800
vt 0.02869400 0.93941700
vt 0.03113400 0.93773300
vt 0.02576900 0.94192400
vt 0.02902700 0.93965600
vt 0.03066500 0.93836200
vt 0.02322800 0.94491500
vt 0.02116800 0.94825600
vt 0.01968800 0.95181300
vt 0.01884100 0.95465300
vt 0.01840800 0.95974900
vt 0.01847600 0.95697100
vt 0.01847600 0.96252600
vt 0.01863400 0.96212500
vt 0.01857000 0.95974900
vt 0.01863400 0.95737300
vt 0.01968800 0.96768400
vt 0.01884100 0.96484400
vt 0.02114700 0.97121100
vt 0.02001800 0.96744100
vt 0.01929400 0.96548400
vt 0.02314300 0.97446500
vt 0.02494300 0.97682000
vt 0.02881100 0.98016500
vt 0.02660400 0.97847700
vt 0.03109800 0.98174300
vt 0.03086600 0.98137900
vt 0.02890600 0.98003400
vt 0.02702200 0.97858600
vt 0.03598400 0.98379400
vt 0.03318800 0.98281000
vt 0.03969500 0.98468700
vt 0.03598100 0.98338400
vt 0.03397200 0.98281900
vt 0.04350000 0.98498500
vt 0.04646300 0.98491300
vt 0.05144300 0.98375000
vt 0.04878000 0.98454400
vt 0.05406400 0.98282700
vt 0.05363300 0.98280000
vt 0.05139300 0.98359600
vt 0.04911400 0.98426900
vt 0.05859500 0.98008000
vt 0.05615600 0.98176400
vt 0.06152000 0.97757300
vt 0.05826200 0.97984100
vt 0.05662400 0.98113500
vt 0.06406100 0.97458200
vt 0.06612100 0.97124100
vt 0.06760100 0.96768400
vt 0.06844800 0.96484400
vt 0.06888100 0.95974900
vt 0.06881300 0.96252600
vt 0.06881300 0.95697100
vt 0.06865500 0.95737200
vt 0.06871900 0.95974800
vt 0.06865500 0.96212400
vt 0.06760100 0.95181300
vt 0.06844800 0.95465300
vt 0.06727100 0.95205600
vt 0.06799500 0.95401300
vt 0.06803800 0.95596300
vt 0.06801100 0.95496900
vt 0.06675700 0.95293400
vt 0.06727900 0.95545500
vt 0.05250600 0.95836200
vt 0.05257000 0.95786600
vt 0.05210200 0.95716000
vt 0.05224500 0.95842400
vt 0.05271100 0.96067800
vt 0.05247100 0.95974900
vt 0.05320000 0.96046900
vt 0.05307700 0.95974900
vt 0.05320000 0.95902800
vt 0.05271100 0.95881900
vt 0.05478300 0.98177900
vt 0.05572000 0.98144600
vt 0.05726800 0.97962500
vt 0.05503100 0.98089900
vt 0.04770200 0.96774800
vt 0.04819300 0.96765500
vt 0.04872000 0.96699200
vt 0.04756200 0.96751800
vt 0.04556200 0.96865800
vt 0.04637200 0.96814300
vt 0.04591200 0.96905900
vt 0.04655900 0.96871900
vt 0.04728200 0.96861400
vt 0.04733000 0.96808400
vt 0.03236900 0.98170900
vt 0.03318900 0.98227100
vt 0.03557200 0.98245300
vt 0.03322600 0.98139300
vt 0.03955800 0.96773300
vt 0.03992200 0.96807600
vt 0.04076800 0.96811200
vt 0.03966100 0.96748500
vt 0.03756300 0.96653700
vt 0.03845600 0.96688900
vt 0.03744500 0.96705600
vt 0.03810000 0.96738000
vt 0.03861100 0.96790200
vt 0.03906800 0.96763000
vt 0.01925100 0.96353400
vt 0.01927800 0.96452800
vt 0.02053200 0.96656300
vt 0.02001000 0.96404200
vt 0.03478300 0.96113500
vt 0.03471900 0.96163100
vt 0.03518700 0.96233700
vt 0.03504400 0.96107300
vt 0.03457800 0.95881900
vt 0.03481800 0.95974900
vt 0.03408900 0.95902800
vt 0.03421200 0.95974900
vt 0.03408900 0.96046900
vt 0.03457800 0.96067800
vt 0.03250600 0.93771800
vt 0.03156900 0.93805100
vt 0.03002100 0.93987300
vt 0.03225800 0.93859800
vt 0.03958700 0.95174900
vt 0.03909600 0.95184200
vt 0.03856900 0.95250500
vt 0.03972700 0.95197900
vt 0.04172700 0.95083900
vt 0.04091700 0.95135400
vt 0.04137700 0.95043800
vt 0.04073000 0.95077800
vt 0.04000700 0.95088300
vt 0.03995900 0.95141300
vt 0.05492000 0.93778800
vt 0.05410000 0.93722600
vt 0.05171700 0.93704400
vt 0.05406300 0.93810400
vt 0.04773100 0.95176400
vt 0.04736700 0.95142100
vt 0.04652100 0.95138500
vt 0.04762800 0.95201200
vt 0.04972600 0.95296000
vt 0.04883300 0.95260800
vt 0.04984400 0.95244100
vt 0.04918900 0.95211700
vt 0.04867800 0.95159500
vt 0.04822100 0.95186700
vt 0.06846200 0.96314000
vt 0.06838400 0.96234800
vt 0.06806300 0.96257900
vt 0.06857700 0.96152800
vt 0.06850200 0.96097500
vt 0.06833500 0.96159500
vt 0.06808700 0.96177600
vt 0.06811000 0.96123500
vt 0.06793500 0.96121300
vt 0.06781800 0.96179100
vt 0.06815800 0.96065100
vt 0.06799100 0.96061300
vt 0.06725700 0.96056000
vt 0.06718300 0.96113300
vt 0.06699500 0.96169000
vt 0.06835400 0.96070500
vt 0.06838000 0.95974700
vt 0.06817400 0.95974800
vt 0.06855800 0.95974600
vt 0.06850200 0.95851800
vt 0.06835400 0.95878900
vt 0.06815800 0.95884500
vt 0.06846300 0.95635600
vt 0.06838400 0.95714800
vt 0.06857700 0.95796700
vt 0.06806300 0.95691800
vt 0.06808700 0.95772100
vt 0.06833500 0.95790000
vt 0.06811000 0.95826200
vt 0.06793500 0.95828400
vt 0.06799100 0.95888400
vt 0.06781800 0.95770600
vt 0.06699500 0.95780700
vt 0.06718300 0.95836400
vt 0.06725700 0.95893700
vt 0.06528400 0.95850500
vt 0.06536100 0.95903800
vt 0.06508600 0.95797600
vt 0.06252500 0.95819000
vt 0.06270900 0.95868700
vt 0.06278200 0.95916900
vt 0.06528400 0.96099200
vt 0.06508600 0.96152100
vt 0.06536100 0.96045900
vt 0.06278200 0.96032800
vt 0.06270900 0.96081000
vt 0.06252500 0.96130600
vt 0.05992600 0.95888900
vt 0.06000100 0.95931600
vt 0.05974600 0.95842800
vt 0.05736000 0.95864100
vt 0.05755700 0.95906900
vt 0.05764100 0.95944400
vt 0.05992600 0.96060700
vt 0.05974600 0.96106900
vt 0.06000100 0.96018100
vt 0.05764300 0.96005000
vt 0.05755900 0.96042700
vt 0.05736000 0.96085500
vt 0.05622400 0.95918000
vt 0.05632400 0.95951800
vt 0.05597600 0.95878100
vt 0.05524000 0.95892700
vt 0.05554700 0.95926200
vt 0.05562300 0.95955500
vt 0.05623000 0.96031200
vt 0.05597800 0.96071500
vt 0.05633100 0.95996900
vt 0.05563500 0.95992700
vt 0.05555700 0.96022600
vt 0.05524300 0.96056700
vt 0.05345400 0.95854800
vt 0.05414600 0.95886900
vt 0.05464500 0.95857000
vt 0.05390300 0.95926500
vt 0.05461200 0.95946600
vt 0.05479600 0.95916200
vt 0.05511500 0.95956900
vt 0.05510700 0.95974300
vt 0.05565500 0.95974000
vt 0.05455100 0.95974700
vt 0.05461400 0.96002900
vt 0.05512300 0.95991700
vt 0.05345400 0.96094900
vt 0.05414600 0.96062800
vt 0.05390300 0.96023200
vt 0.05464500 0.96092700
vt 0.05479800 0.96033300
vt 0.04808800 0.98440000
vt 0.04881700 0.98408000
vt 0.04849800 0.98384700
vt 0.04965700 0.98401000
vt 0.05016000 0.98376900
vt 0.04951800 0.98380100
vt 0.04927000 0.98362100
vt 0.04979100 0.98347600
vt 0.04975800 0.98330200
vt 0.04917200 0.98337000
vt 0.05036100 0.98334100
vt 0.05034500 0.98317000
vt 0.05017000 0.98245600
vt 0.04960100 0.98256300
vt 0.04901300 0.98255600
vt 0.05037000 0.98354400
vt 0.05128900 0.98327200
vt 0.05122500 0.98307700
vt 0.05134500 0.98344200
vt 0.05249600 0.98301000
vt 0.05219200 0.98295200
vt 0.05207900 0.98278300
vt 0.05454000 0.98230400
vt 0.05376300 0.98247300
vt 0.05304300 0.98291000
vt 0.05388300 0.98209700
vt 0.05312600 0.98236800
vt 0.05303300 0.98266000
vt 0.05261900 0.98255700
vt 0.05254300 0.98239700
vt 0.05199000 0.98263600
vt 0.05305700 0.98210700
vt 0.05270700 0.98135600
vt 0.05223500 0.98170700
vt 0.05171300 0.98195500
vt 0.05151400 0.97994500
vt 0.05103100 0.98018200
vt 0.05195600 0.97959300
vt 0.05096100 0.97722300
vt 0.05054500 0.97755200
vt 0.05010900 0.97777100
vt 0.04914900 0.98071300
vt 0.04858400 0.98068800
vt 0.04967900 0.98062200
vt 0.04900800 0.97812900
vt 0.04852600 0.97820800
vt 0.04799700 0.97818600
vt 0.04949300 0.97496800
vt 0.04911000 0.97517100
vt 0.04987600 0.97465400
vt 0.04893600 0.97245000
vt 0.04859100 0.97277000
vt 0.04825900 0.97296600
vt 0.04785900 0.97549900
vt 0.04736500 0.97547000
vt 0.04828800 0.97543800
vt 0.04768300 0.97315500
vt 0.04729900 0.97319200
vt 0.04683000 0.97313500
vt 0.04807300 0.97153600
vt 0.04778200 0.97173600
vt 0.04837600 0.97117800
vt 0.04800900 0.97052300
vt 0.04778600 0.97091800
vt 0.04753100 0.97108100
vt 0.04699800 0.97189200
vt 0.04653700 0.97177700
vt 0.04735600 0.97188200
vt 0.04718000 0.97120700
vt 0.04687100 0.97122500
vt 0.04645000 0.97103200
vt 0.04781800 0.96870700
vt 0.04772600 0.96946400
vt 0.04816500 0.96984700
vt 0.04727500 0.96935600
vt 0.04730300 0.97009200
vt 0.04764800 0.97017300
vt 0.04735900 0.97060200
vt 0.04719200 0.97064800
vt 0.04736400 0.97116900
vt 0.04701600 0.97012100
vt 0.04676800 0.97026700
vt 0.04703100 0.97071700
vt 0.04553400 0.96944900
vt 0.04605300 0.97000800
vt 0.04635400 0.96965500
vt 0.04592300 0.97057500
vt 0.04653600 0.97053700
vt 0.02631300 0.97783300
vt 0.02700000 0.97823500
vt 0.02700200 0.97784000
vt 0.02755000 0.97887400
vt 0.02804100 0.97913800
vt 0.02763800 0.97863800
vt 0.02763800 0.97833100
vt 0.02806200 0.97866800
vt 0.02818200 0.97853900
vt 0.02778300 0.97810400
vt 0.02850500 0.97904900
vt 0.02863400 0.97893700
vt 0.02910900 0.97837500
vt 0.02868900 0.97797800
vt 0.02834800 0.97749800
vt 0.02834700 0.97917700
vt 0.02910700 0.97976000
vt 0.02922700 0.97959300
vt 0.02900200 0.97990500
vt 0.03002900 0.98058200
vt 0.02989600 0.98030300
vt 0.02996700 0.98011100
vt 0.03180100 0.98182100
vt 0.03120700 0.98129200
vt 0.03043100 0.98096600
vt 0.03158200 0.98116800
vt 0.03091800 0.98071400
vt 0.03062700 0.98081000
vt 0.03046700 0.98041500
vt 0.03055200 0.98026000
vt 0.03003400 0.97995300
vt 0.03108800 0.98050600
vt 0.03149000 0.97978100
vt 0.03092900 0.97960500
vt 0.03042200 0.97932800
vt 0.03193100 0.97798600
vt 0.03145500 0.97773500
vt 0.03247600 0.97813700
vt 0.03380800 0.97593900
vt 0.03329800 0.97579600
vt 0.03286400 0.97557200
vt 0.02991900 0.97652400
vt 0.02960700 0.97605300
vt 0.03030500 0.97690000
vt 0.03192700 0.97489100
vt 0.03158000 0.97454800
vt 0.03128700 0.97410700
vt 0.03476900 0.97342600
vt 0.03438000 0.97323600
vt 0.03524800 0.97355100
vt 0.03647900 0.97149500
vt 0.03601700 0.97140400
vt 0.03566400 0.97125100
vt 0.03337900 0.97241600
vt 0.03311200 0.97199900
vt 0.03368000 0.97272700
vt 0.03517200 0.97089600
vt 0.03491700 0.97060700
vt 0.03468700 0.97019400
vt 0.03671100 0.97026000
vt 0.03637800 0.97014100
vt 0.03717900 0.97029400
vt 0.03749300 0.96961200
vt 0.03704200 0.96966400
vt 0.03676000 0.96955400
vt 0.03579200 0.96959900
vt 0.03561300 0.96915800
vt 0.03600900 0.96988300
vt 0.03645200 0.96934400
vt 0.03625600 0.96910500
vt 0.03616500 0.96865000
vt 0.03885000 0.96839000
vt 0.03818300 0.96876100
vt 0.03813200 0.96934100
vt 0.03800600 0.96833300
vt 0.03742700 0.96878700
vt 0.03756400 0.96911500
vt 0.03704700 0.96913300
vt 0.03691200 0.96902500
vt 0.03659200 0.96947000
vt 0.03723500 0.96857300
vt 0.03697000 0.96845800
vt 0.03676100 0.96893600
vt 0.03690700 0.96697900
vt 0.03676100 0.96772800
vt 0.03722300 0.96776400
vt 0.03622500 0.96795600
vt 0.03661600 0.96842900
vt 0.01882700 0.95635700
vt 0.01890500 0.95714900
vt 0.01922600 0.95691800
vt 0.01871200 0.95796900
vt 0.01878700 0.95852200
vt 0.01895400 0.95790200
vt 0.01920200 0.95772100
vt 0.01917900 0.95826200
vt 0.01935400 0.95828400
vt 0.01947100 0.95770600
vt 0.01913100 0.95884600
vt 0.01929800 0.95888400
vt 0.02003200 0.95893700
vt 0.02010600 0.95836400
vt 0.02029400 0.95780700
vt 0.01893500 0.95879200
vt 0.01890900 0.95975000
vt 0.01911500 0.95974900
vt 0.01873100 0.95975100
vt 0.01878700 0.96097900
vt 0.01893500 0.96070800
vt 0.01913100 0.96065200
vt 0.01882700 0.96314100
vt 0.01890500 0.96234900
vt 0.01871200 0.96153000
vt 0.01922600 0.96257900
vt 0.01920200 0.96177600
vt 0.01895400 0.96159700
vt 0.01917900 0.96123500
vt 0.01935400 0.96121300
vt 0.01929800 0.96061300
vt 0.01947100 0.96179100
vt 0.02029400 0.96169000
vt 0.02010600 0.96113300
vt 0.02003200 0.96056000
vt 0.02200500 0.96099200
vt 0.02192800 0.96045900
vt 0.02220300 0.96152100
vt 0.02476400 0.96130700
vt 0.02458000 0.96081000
vt 0.02450700 0.96032800
vt 0.02200500 0.95850500
vt 0.02220300 0.95797600
vt 0.02192800 0.95903800
vt 0.02450700 0.95916900
vt 0.02458000 0.95868700
vt 0.02476400 0.95819100
vt 0.02736300 0.96060800
vt 0.02728800 0.96018100
vt 0.02754300 0.96106900
vt 0.02992900 0.96085600
vt 0.02973200 0.96042800
vt 0.02964800 0.96005300
vt 0.02736300 0.95889000
vt 0.02754300 0.95842800
vt 0.02728800 0.95931600
vt 0.02964600 0.95944700
vt 0.02973000 0.95907000
vt 0.02992900 0.95864200
vt 0.03106500 0.96031700
vt 0.03096500 0.95997900
vt 0.03131300 0.96071600
vt 0.03204900 0.96057000
vt 0.03174200 0.96023500
vt 0.03166600 0.95994200
vt 0.03105900 0.95918500
vt 0.03131100 0.95878200
vt 0.03095800 0.95952800
vt 0.03165400 0.95957000
vt 0.03173200 0.95927100
vt 0.03204600 0.95893000
vt 0.03383500 0.96094900
vt 0.03314300 0.96062800
vt 0.03264400 0.96092700
vt 0.03338600 0.96023200
vt 0.03267700 0.96003100
vt 0.03249300 0.96033500
vt 0.03217400 0.95992800
vt 0.03218200 0.95975400
vt 0.03163400 0.95975700
vt 0.03273800 0.95975000
vt 0.03267500 0.95946800
vt 0.03216600 0.95958000
vt 0.03383500 0.95854800
vt 0.03314300 0.95886900
vt 0.03338600 0.95926500
vt 0.03264400 0.95857000
vt 0.03249100 0.95916400
vt 0.03920100 0.93509700
vt 0.03847200 0.93541700
vt 0.03879100 0.93565000
vt 0.03763200 0.93548700
vt 0.03712900 0.93572800
vt 0.03777100 0.93569600
vt 0.03801900 0.93587600
vt 0.03749800 0.93602100
vt 0.03753100 0.93619500
vt 0.03811700 0.93612700
vt 0.03692800 0.93615600
vt 0.03694400 0.93632700
vt 0.03711900 0.93704100
vt 0.03768800 0.93693400
vt 0.03827600 0.93694100
vt 0.03691900 0.93595300
vt 0.03600000 0.93622500
vt 0.03606400 0.93642000
vt 0.03594400 0.93605500
vt 0.03479300 0.93648700
vt 0.03509700 0.93654500
vt 0.03521000 0.93671400
vt 0.03274900 0.93719300
vt 0.03352600 0.93702400
vt 0.03424600 0.93658700
vt 0.03340600 0.93740000
vt 0.03416300 0.93712900
vt 0.03425700 0.93683700
vt 0.03467000 0.93694000
vt 0.03474600 0.93710000
vt 0.03529900 0.93686100
vt 0.03423200 0.93739000
vt 0.03458200 0.93814100
vt 0.03505400 0.93779000
vt 0.03557600 0.93754200
vt 0.03577500 0.93955200
vt 0.03625800 0.93931500
vt 0.03533300 0.93990400
vt 0.03632800 0.94227400
vt 0.03674400 0.94194500
vt 0.03718000 0.94172600
vt 0.03814000 0.93878400
vt 0.03870500 0.93880900
vt 0.03761000 0.93887500
vt 0.03828100 0.94136800
vt 0.03876300 0.94128900
vt 0.03929200 0.94131100
vt 0.03779600 0.94452900
vt 0.03817900 0.94432600
vt 0.03741300 0.94484300
vt 0.03835300 0.94704700
vt 0.03869900 0.94672700
vt 0.03903000 0.94653100
vt 0.03943000 0.94399800
vt 0.03992400 0.94402700
vt 0.03900100 0.94405900
vt 0.03960600 0.94634200
vt 0.03999000 0.94630500
vt 0.04045900 0.94636200
vt 0.03921600 0.94796100
vt 0.03950700 0.94776100
vt 0.03891300 0.94831900
vt 0.03928000 0.94897400
vt 0.03950300 0.94857900
vt 0.03975800 0.94841600
vt 0.04029100 0.94760500
vt 0.04075200 0.94772000
vt 0.03993300 0.94761500
vt 0.04010900 0.94829000
vt 0.04041800 0.94827200
vt 0.04083900 0.94846500
vt 0.03947100 0.95079000
vt 0.03956300 0.95003300
vt 0.03912400 0.94965000
vt 0.04001400 0.95014100
vt 0.03998600 0.94940500
vt 0.03964100 0.94932400
vt 0.03993000 0.94889500
vt 0.04009700 0.94884900
vt 0.03992500 0.94832800
vt 0.04027300 0.94937600
vt 0.04052100 0.94922900
vt 0.04025800 0.94878000
vt 0.04175500 0.95004800
vt 0.04123600 0.94948900
vt 0.04093500 0.94984200
vt 0.04136600 0.94892200
vt 0.04075300 0.94896000
vt 0.06097600 0.94166400
vt 0.06028900 0.94126200
vt 0.06028700 0.94165700
vt 0.05973900 0.94062300
vt 0.05924800 0.94035900
vt 0.05965100 0.94085900
vt 0.05965100 0.94116600
vt 0.05922700 0.94082900
vt 0.05910700 0.94095800
vt 0.05950600 0.94139300
vt 0.05878400 0.94044800
vt 0.05865500 0.94056000
vt 0.05818000 0.94112200
vt 0.05860000 0.94151900
vt 0.05894100 0.94199900
vt 0.05894200 0.94032000
vt 0.05818200 0.93973700
vt 0.05806200 0.93990400
vt 0.05828700 0.93959200
vt 0.05726000 0.93891500
vt 0.05739300 0.93919400
vt 0.05732200 0.93938600
vt 0.05548800 0.93767600
vt 0.05608200 0.93820500
vt 0.05685800 0.93853100
vt 0.05570700 0.93832900
vt 0.05637100 0.93878300
vt 0.05666200 0.93868700
vt 0.05682200 0.93908200
vt 0.05673700 0.93923700
vt 0.05725500 0.93954400
vt 0.05620100 0.93899100
vt 0.05579900 0.93971600
vt 0.05636000 0.93989200
vt 0.05686800 0.94016900
vt 0.05535800 0.94151100
vt 0.05583400 0.94176200
vt 0.05481300 0.94136000
vt 0.05348100 0.94355800
vt 0.05399100 0.94370100
vt 0.05442500 0.94392500
vt 0.05737000 0.94297300
vt 0.05768200 0.94344400
vt 0.05698400 0.94259700
vt 0.05536200 0.94460600
vt 0.05570900 0.94494900
vt 0.05600200 0.94539000
vt 0.05252000 0.94607100
vt 0.05290900 0.94626100
vt 0.05204100 0.94594600
vt 0.05081000 0.94800200
vt 0.05127200 0.94809300
vt 0.05162500 0.94824600
vt 0.05391000 0.94708100
vt 0.05417700 0.94749800
vt 0.05360900 0.94677000
vt 0.05211700 0.94860100
vt 0.05237200 0.94889000
vt 0.05260200 0.94930300
vt 0.05057800 0.94923700
vt 0.05091100 0.94935600
vt 0.05011000 0.94920300
vt 0.04979600 0.94988500
vt 0.05024700 0.94983300
vt 0.05052900 0.94994300
vt 0.05149700 0.94989800
vt 0.05167600 0.95033900
vt 0.05128000 0.94961400
vt 0.05083700 0.95015300
vt 0.05103300 0.95039200
vt 0.05112400 0.95084700
vt 0.04843900 0.95110700
vt 0.04910600 0.95073600
vt 0.04915700 0.95015600
vt 0.04928300 0.95116400
vt 0.04986200 0.95071000
vt 0.04972500 0.95038200
vt 0.05024200 0.95036400
vt 0.05037700 0.95047200
vt 0.05069700 0.95002700
vt 0.05005400 0.95092400
vt 0.05031900 0.95103900
vt 0.05052800 0.95056100
vt 0.05038200 0.95251800
vt 0.05052800 0.95176900
vt 0.05006600 0.95173300
vt 0.05106400 0.95154100
vt 0.05067300 0.95106800
vt 0.06801000 0.95974900
vt 0.06728200 0.95974900
vt 0.05117400 0.98292100
vt 0.05094900 0.98222900
vt 0.02932300 0.97946000
vt 0.02975100 0.97887200
vt 0.01927900 0.95974900
vt 0.02000700 0.95974900
vt 0.03611500 0.93657600
vt 0.03634000 0.93726800
vt 0.05796600 0.94003700
vt 0.05753800 0.94062500
vt 0.06538700 0.95974900
vt 0.06280700 0.95974900
vt 0.05036300 0.98042600
vt 0.04956600 0.97797300
vt 0.03086500 0.97733800
vt 0.03238100 0.97525100
vt 0.02190200 0.95974900
vt 0.02448200 0.95974900
vt 0.03692600 0.93907100
vt 0.03772300 0.94152400
vt 0.05642400 0.94215900
vt 0.05490800 0.94424600
vt 0.06002700 0.95974900
vt 0.05767000 0.95974700
vt 0.04870700 0.97532900
vt 0.04798000 0.97308700
vt 0.03401500 0.97300200
vt 0.03540200 0.97109600
vt 0.02726200 0.95974900
vt 0.02961900 0.95975000
vt 0.03858200 0.94416800
vt 0.03930900 0.94641000
vt 0.05327400 0.94649500
vt 0.05188700 0.94840100
vt 0.05111400 0.94945700
vt 0.03970900 0.94765600
vt 0.03092800 0.95975400
vt 0.03617500 0.97004000
vt 0.04758000 0.97184100
vt 0.05636100 0.95974300
vt 0.06864100 0.95974700
vt 0.06761600 0.95690400
vt 0.06663000 0.95704400
vt 0.06761600 0.96259300
vt 0.06663000 0.96245300
vt 0.06469600 0.95727600
vt 0.06216900 0.95756900
vt 0.06469600 0.96222100
vt 0.06216900 0.96192800
vt 0.05940600 0.95789200
vt 0.05698800 0.95818200
vt 0.05940600 0.96160500
vt 0.05698900 0.96131500
vt 0.05549700 0.95837500
vt 0.05382300 0.95974900
vt 0.05549700 0.96112200
vt 0.05137000 0.98352100
vt 0.05375700 0.98166700
vt 0.05331900 0.98077400
vt 0.04834700 0.98342500
vt 0.04817600 0.98244500
vt 0.05250100 0.97900500
vt 0.05144200 0.97669200
vt 0.04779800 0.98053300
vt 0.04729600 0.97804000
vt 0.05028100 0.97416500
vt 0.04925800 0.97195500
vt 0.04675000 0.97531200
vt 0.04627800 0.97292300
vt 0.04861400 0.97059700
vt 0.04679000 0.96942800
vt 0.04600100 0.97144600
vt 0.02895300 0.97997200
vt 0.03185600 0.98081400
vt 0.03232100 0.97993400
vt 0.02725300 0.97747000
vt 0.02794600 0.97675500
vt 0.03327100 0.97823300
vt 0.03452000 0.97601600
vt 0.02927100 0.97532600
vt 0.03099300 0.97345400
vt 0.03588200 0.97359100
vt 0.03706800 0.97146500
vt 0.03287800 0.97140900
vt 0.03453400 0.96962300
vt 0.03778900 0.97014500
vt 0.03766200 0.96798300
vt 0.03556600 0.96853000
vt 0.01864800 0.95975000
vt 0.01967300 0.96259300
vt 0.02065900 0.96245300
vt 0.01967300 0.95690400
vt 0.02065900 0.95704400
vt 0.02259300 0.96222100
vt 0.02512000 0.96192800
vt 0.02259300 0.95727600
vt 0.02512000 0.95756900
vt 0.02788300 0.96160500
vt 0.03030100 0.96131500
vt 0.02788300 0.95789200
vt 0.03030000 0.95818200
vt 0.03179200 0.96112200
vt 0.03346600 0.95974900
vt 0.03179200 0.95837500
vt 0.03591900 0.93597600
vt 0.03353200 0.93783000
vt 0.03397000 0.93872300
vt 0.03894200 0.93607200
vt 0.03911300 0.93705200
vt 0.03478800 0.94049200
vt 0.03584700 0.94280500
vt 0.03949100 0.93896400
vt 0.03999300 0.94145700
vt 0.03700800 0.94533200
vt 0.03803100 0.94754200
vt 0.04053900 0.94418500
vt 0.04101100 0.94657400
vt 0.03867500 0.94890000
vt 0.04049900 0.95006900
vt 0.04128800 0.94805100
vt 0.05833600 0.93952500
vt 0.05543300 0.93868300
vt 0.05496800 0.93956300
vt 0.06003600 0.94202700
vt 0.05934300 0.94274200
vt 0.05401800 0.94126500
vt 0.05276900 0.94348100
vt 0.05801800 0.94417100
vt 0.05629600 0.94604300
vt 0.05140700 0.94590600
vt 0.05022100 0.94803200
vt 0.05441100 0.94808800
vt 0.05275500 0.94987400
vt 0.04950000 0.94935200
vt 0.04962700 0.95151400
vt 0.05172300 0.95096700
vt 0.06861000 0.96365100
vt 0.06827800 0.96120400
vt 0.06861000 0.95584600
vt 0.06827800 0.95829200
vt 0.05297500 0.95827100
vt 0.05515100 0.95935400
vt 0.05297500 0.96122600
vt 0.05515900 0.96013600
vt 0.04764800 0.98469800
vt 0.04987300 0.98362600
vt 0.05507100 0.98228600
vt 0.05264200 0.98272600
vt 0.04793300 0.96816500
vt 0.04757600 0.97056900
vt 0.04512200 0.96907900
vt 0.04683400 0.97081900
vt 0.02581300 0.97765200
vt 0.02798800 0.97882200
vt 0.03212700 0.98224000
vt 0.03034400 0.98053300
vt 0.03935600 0.96816500
vt 0.03720100 0.96928900
vt 0.03696500 0.96642800
vt 0.03656300 0.96883600
vt 0.01867900 0.95584600
vt 0.01901100 0.95829300
vt 0.01867900 0.96365100
vt 0.01901100 0.96120500
vt 0.03431400 0.96122600
vt 0.03213800 0.96014400
vt 0.03431400 0.95827100
vt 0.03213000 0.95936100
vt 0.03964100 0.93479900
vt 0.03741600 0.93587100
vt 0.03221800 0.93721100
vt 0.03464700 0.93677100
vt 0.03935600 0.95133200
vt 0.03971300 0.94892800
vt 0.04216700 0.95041800
vt 0.04045500 0.94867800
vt 0.06147600 0.94184500
vt 0.05930100 0.94067500
vt 0.05516200 0.93725700
vt 0.05694500 0.93896400
vt 0.04793300 0.95133200
vt 0.05008800 0.95020800
vt 0.05032400 0.95306900
vt 0.05072600 0.95066100
vt 0.00377700 0.68744200
vt 0.02858800 0.68744200
vt 0.02858800 0.63040300
vt 0.00377700 0.63040300
vt 0.05340000 0.68744200
vt 0.05340000 0.63040300
vt 0.05340000 0.57336300
vt 0.02858800 0.57336300
vt 0.00377700 0.57336300
vt 0.07821100 0.68744200
vt 0.07821100 0.63040300
vt 0.10302200 0.68744200
vt 0.10302200 0.63040300
vt 0.10302200 0.57336300
vt 0.07821100 0.57336300
vt 0.12783300 0.68744200
vt 0.12783300 0.63040300
vt 0.15264400 0.68744200
vt 0.15264400 0.63040300
vt 0.15264400 0.57336300
vt 0.12783300 0.57336300
vt 0.17745500 0.68744200
vt 0.17745500 0.63040300
vt 0.20226600 0.68744200
vt 0.20226600 0.63040300
vt 0.20226600 0.57336300
vt 0.17745500 0.57336300
vt 0.22707700 0.68744200
vt 0.22707700 0.63040300
vt 0.25188900 0.68744200
vt 0.25188900 0.63040300
vt 0.25188900 0.57336300
vt 0.22707700 0.57336300
vt 0.27670000 0.68744200
vt 0.27670000 0.63040300
vt 0.30151100 0.68744200
vt 0.30151100 0.63040300
vt 0.30151100 0.57336300
vt 0.27670000 0.57336300
vt 0.32632200 0.68744200
vt 0.32632200 0.63040300
vt 0.35113300 0.68744200
vt 0.35113300 0.63040300
vt 0.35113300 0.57336300
vt 0.32632200 0.57336300
vt 0.37594400 0.68744200
vt 0.37594400 0.63040300
vt 0.40075500 0.68744200
vt 0.40075500 0.63040300
vt 0.40075500 0.57336300
vt 0.37594400 0.57336300
vt 0.42556600 0.68744200
vt 0.42556600 0.63040300
vt 0.45037800 0.68744200
vt 0.45037800 0.63040300
vt 0.45037800 0.57336300
vt 0.42556600 0.57336300
vt 0.47518900 0.68744200
vt 0.47518900 0.63040300
vt 0.50000000 0.68744200
vt 0.50000000 0.63040300
vt 0.50000000 0.57336300
vt 0.47518900 0.57336300
vt 0.52481100 0.68744200
vt 0.52481100 0.63040300
vt 0.54962200 0.68744200
vt 0.54962200 0.63040300
vt 0.54962200 0.57336300
vt 0.52481100 0.57336300
vt 0.57443300 0.68744200
vt 0.57443300 0.63040300
vt 0.59924400 0.68744200
vt 0.59924400 0.63040300
vt 0.59924400 0.57336300
vt 0.57443300 0.57336300
vt 0.62405600 0.68744200
vt 0.62405600 0.63040300
vt 0.64886700 0.68744200
vt 0.64886700 0.63040300
vt 0.64886700 0.57336300
vt 0.62405600 0.57336300
vt 0.67367800 0.68744200
vt 0.67367800 0.63040300
vt 0.69848900 0.68744200
vt 0.69848900 0.63040300
vt 0.69848900 0.57336300
vt 0.67367800 0.57336300
vt 0.72330000 0.68744200
vt 0.72330000 0.63040300
vt 0.74811100 0.68744200
vt 0.74811100 0.63040300
vt 0.74811100 0.57336300
vt 0.72330000 0.57336300
vt 0.77292200 0.68744200
vt 0.77292200 0.63040300
vt 0.79773300 0.68744200
vt 0.79773300 0.63040300
vt 0.79773300 0.57336300
vt 0.77292200 0.57336300
vt 0.82254500 0.68744200
vt 0.82254500 0.63040300
vt 0.84735600 0.68744200
vt 0.84735600 0.63040300
vt 0.84735600 0.57336300
vt 0.82254500 0.57336300
vt 0.87216700 0.68744200
vt 0.87216700 0.63040300
vt 0.89697800 0.68744200
vt 0.89697800 0.63040300
vt 0.89697800 0.57336300
vt 0.87216700 0.57336300
vt 0.92178900 0.68744200
vt 0.92178900 0.63040300
vt 0.94660000 0.68744200
vt 0.94660000 0.63040300
vt 0.94660000 0.57336300
vt 0.92178900 0.57336300
vt 0.97141100 0.68744200
vt 0.97141100 0.63040300
vt 0.99622200 0.68744200
vt 0.99622200 0.63040300
vt 0.99622200 0.57336300
vt 0.97141100 0.57336300
vt 0.97141100 0.17408500
vt 0.94660000 0.17408500
vt 0.99622200 0.17408500
vt 0.99622200 0.12469700
vt 0.97141100 0.12417500
vt 0.94660000 0.12417500
vt 0.92178900 0.17408500
vt 0.89697800 0.17408500
vt 0.92178900 0.12417500
vt 0.89697800 0.12417500
vt 0.87216700 0.17408500
vt 0.84735600 0.17408500
vt 0.87216700 0.12417500
vt 0.84735600 0.12417500
vt 0.82254500 0.17408500
vt 0.79773300 0.17408500
vt 0.82254500 0.12417500
vt 0.79773300 0.12417500
vt 0.77292200 0.17408500
vt 0.74811100 0.17408500
vt 0.77292200 0.12417500
vt 0.74811100 0.12417500
vt 0.72330000 0.17408500
vt 0.69848900 0.17408500
vt 0.72330000 0.12417500
vt 0.69848900 0.12417500
vt 0.67367800 0.17408500
vt 0.64886700 0.17408500
vt 0.67367800 0.12417500
vt 0.64886700 0.12417500
vt 0.62405600 0.17408500
vt 0.59924400 0.17408500
vt 0.62405600 0.12417500
vt 0.59924400 0.12417500
vt 0.57443300 0.17408500
vt 0.54962200 0.17408500
vt 0.57443300 0.12417500
vt 0.54962200 0.12417500
vt 0.52481100 0.17408500
vt 0.50000000 0.17408500
vt 0.52481100 0.12417500
vt 0.50000000 0.12417500
vt 0.47518900 0.17408500
vt 0.45037800 0.17408500
vt 0.47518900 0.12417500
vt 0.45037800 0.12417500
vt 0.42556600 0.17408500
vt 0.40075500 0.17408500
vt 0.42556600 0.12417500
vt 0.40075500 0.12417500
vt 0.37594400 0.17408500
vt 0.35113300 0.17408500
vt 0.37594400 0.12417500
vt 0.35113300 0.12417500
vt 0.32632200 0.17408500
vt 0.30151100 0.17408500
vt 0.32632200 0.12417500
vt 0.30151100 0.12417500
vt 0.27670000 0.17408500
vt 0.25188900 0.17408500
vt 0.27670000 0.12417500
vt 0.25188900 0.12417500
vt 0.22707700 0.17408500
vt 0.20226600 0.17408500
vt 0.22707700 0.12417500
vt 0.20226600 0.12417500
vt 0.17745500 0.17408500
vt 0.15264400 0.17408500
vt 0.17745500 0.12417500
vt 0.15264400 0.12417500
vt 0.12783300 0.17408500
vt 0.10302200 0.17408500
vt 0.12783300 0.12417500
vt 0.10302200 0.12417500
vt 0.07821100 0.17408500
vt 0.05340000 0.17408500
vt 0.07821100 0.12417500
vt 0.05340000 0.12417500
vt 0.02858800 0.17408500
vt 0.00377700 0.17408500
vt 0.02858800 0.12417500
vt 0.00377700 0.12469700
vt 0.00377700 0.79387000
vt 0.02858800 0.79439200
vt 0.02858800 0.74448200
vt 0.00377700 0.74448200
vt 0.05340000 0.79439200
vt 0.05340000 0.74448200
vt 0.07821100 0.79439200
vt 0.07821100 0.74448200
vt 0.10302200 0.79439200
vt 0.10302200 0.74448200
vt 0.12783300 0.79439200
vt 0.12783300 0.74448200
vt 0.15264400 0.79439200
vt 0.15264400 0.74448200
vt 0.17745500 0.79439200
vt 0.17745500 0.74448200
vt 0.20226600 0.79439200
vt 0.20226600 0.74448200
vt 0.22707700 0.79439200
vt 0.22707700 0.74448200
vt 0.25188900 0.79439200
vt 0.25188900 0.74448200
vt 0.27670000 0.79439200
vt 0.27670000 0.74448200
vt 0.30151100 0.79439200
vt 0.30151100 0.74448200
vt 0.32632200 0.79439200
vt 0.32632200 0.74448200
vt 0.35113300 0.79439200
vt 0.35113300 0.74448200
vt 0.37594400 0.79439200
vt 0.37594400 0.74448200
vt 0.40075500 0.79439200
vt 0.40075500 0.74448200
vt 0.42556600 0.79439200
vt 0.42556600 0.74448200
vt 0.45037800 0.79439200
vt 0.45037800 0.74448200
vt 0.47518900 0.79439200
vt 0.47518900 0.74448200
vt 0.50000000 0.79439200
vt 0.50000000 0.74448200
vt 0.52481100 0.79439200
vt 0.52481100 0.74448200
vt 0.54962200 0.79439200
vt 0.54962200 0.74448200
vt 0.57443300 0.79439200
vt 0.57443300 0.74448200
vt 0.59924400 0.79439200
vt 0.59924400 0.74448200
vt 0.62405600 0.79439200
vt 0.62405600 0.74448200
vt 0.64886700 0.79439200
vt 0.64886700 0.74448200
vt 0.67367800 0.79439200
vt 0.67367800 0.74448200
vt 0.69848900 0.79439200
vt 0.69848900 0.74448200
vt 0.72330000 0.79439200
vt 0.72330000 0.74448200
vt 0.74811100 0.79439200
vt 0.74811100 0.74448200
vt 0.77292200 0.79439200
vt 0.77292200 0.74448200
vt 0.79773300 0.79439200
vt 0.79773300 0.74448200
vt 0.82254500 0.79439200
vt 0.82254500 0.74448200
vt 0.84735600 0.79439200
vt 0.84735600 0.74448200
vt 0.87216700 0.79439200
vt 0.87216700 0.74448200
vt 0.89697800 0.79439200
vt 0.89697800 0.74448200
vt 0.92178900 0.79439200
vt 0.92178900 0.74448200
vt 0.94660000 0.79439200
vt 0.94660000 0.74448200
vt 0.97141100 0.79439200
vt 0.97141100 0.74448200
vt 0.99622200 0.79387000
vt 0.99622200 0.74448200
vt 0.97141100 0.08852500
vt 0.94660000 0.08852500
vt 0.99622200 0.08852500
vt 0.99622200 0.06383100
vt 0.97141100 0.06285700
vt 0.94660000 0.06285700
vt 0.92178900 0.08852500
vt 0.89697800 0.08852500
vt 0.92178900 0.06285700
vt 0.89697800 0.06285700
vt 0.87216700 0.08852500
vt 0.84735600 0.08852500
vt 0.87216700 0.06285700
vt 0.84735600 0.06285700
vt 0.82254500 0.08852500
vt 0.79773300 0.08852500
vt 0.82254500 0.06285700
vt 0.79773300 0.06285700
vt 0.77292200 0.08852500
vt 0.74811100 0.08852500
vt 0.77292200 0.06285700
vt 0.74811100 0.06285700
vt 0.72330000 0.08852500
vt 0.69848900 0.08852500
vt 0.72330000 0.06285700
vt 0.69848900 0.06285700
vt 0.67367800 0.08852500
vt 0.64886700 0.08852500
vt 0.67367800 0.06285700
vt 0.64886700 0.06285700
vt 0.62405600 0.08852500
vt 0.59924400 0.08852500
vt 0.62405600 0.06285700
vt 0.59924400 0.06285700
vt 0.57443300 0.08852500
vt 0.54962200 0.08852500
vt 0.57443300 0.06285700
vt 0.54962200 0.06285700
vt 0.52481100 0.08852500
vt 0.50000000 0.08852500
vt 0.52481100 0.06285700
vt 0.50000000 0.06285700
vt 0.47518900 0.08852500
vt 0.45037800 0.08852500
vt 0.47518900 0.06285700
vt 0.45037800 0.06285700
vt 0.42556600 0.08852500
vt 0.40075500 0.08852500
vt 0.42556600 0.06285700
vt 0.40075500 0.06285700
vt 0.37594400 0.08852500
vt 0.35113300 0.08852500
vt 0.37594400 0.06285700
vt 0.35113300 0.06285700
vt 0.32632200 0.08852500
vt 0.30151100 0.08852500
vt 0.32632200 0.06285700
vt 0.30151100 0.06285700
vt 0.27670000 0.08852500
vt 0.25188900 0.08852500
vt 0.27670000 0.06285700
vt 0.25188900 0.06285700
vt 0.22707700 0.08852500
vt 0.20226600 0.08852500
vt 0.22707700 0.06285700
vt 0.20226600 0.06285700
vt 0.17745500 0.08852500
vt 0.15264400 0.08852500
vt 0.17745500 0.06285700
vt 0.15264400 0.06285700
vt 0.12783300 0.08852500
vt 0.10302200 0.08852500
vt 0.12783300 0.06285700
vt 0.10302200 0.06285700
vt 0.07821100 0.08852500
vt 0.05340000 0.08852500
vt 0.07821100 0.06285700
vt 0.05340000 0.06285700
vt 0.02858800 0.08852500
vt 0.00377700 0.08852500
vt 0.02858800 0.06285700
vt 0.00377700 0.06383100
vt 0.00377700 0.45928300
vt 0.02858800 0.45928300
vt 0.02858800 0.40224400
vt 0.00377700 0.40224400
vt 0.05340000 0.45928300
vt 0.05340000 0.40224400
vt 0.07821100 0.45928300
vt 0.07821100 0.40224400
vt 0.10302200 0.45928300
vt 0.10302200 0.40224400
vt 0.12783300 0.45928300
vt 0.12783300 0.40224400
vt 0.15264400 0.45928300
vt 0.15264400 0.40224400
vt 0.17745500 0.45928300
vt 0.17745500 0.40224400
vt 0.20226600 0.45928300
vt 0.20226600 0.40224400
vt 0.22707700 0.45928300
vt 0.22707700 0.40224400
vt 0.25188900 0.45928300
vt 0.25188900 0.40224400
vt 0.27670000 0.45928300
vt 0.27670000 0.40224400
vt 0.30151100 0.45928300
vt 0.30151100 0.40224400
vt 0.32632200 0.45928300
vt 0.32632200 0.40224400
vt 0.35113300 0.45928300
vt 0.35113300 0.40224400
vt 0.37594400 0.45928300
vt 0.37594400 0.40224400
vt 0.40075500 0.45928300
vt 0.40075500 0.40224400
vt 0.42556600 0.45928300
vt 0.42556600 0.40224400
vt 0.45037800 0.45928300
vt 0.45037800 0.40224400
vt 0.47518900 0.45928300
vt 0.47518900 0.40224400
vt 0.50000000 0.45928300
vt 0.50000000 0.40224400
vt 0.52481100 0.45928300
vt 0.52481100 0.40224400
vt 0.54962200 0.45928300
vt 0.54962200 0.40224400
vt 0.57443300 0.45928300
vt 0.57443300 0.40224400
vt 0.59924400 0.45928300
vt 0.59924400 0.40224400
vt 0.62405600 0.45928300
vt 0.62405600 0.40224400
vt 0.64886700 0.45928300
vt 0.64886700 0.40224400
vt 0.67367800 0.45928300
vt 0.67367800 0.40224400
vt 0.69848900 0.45928300
vt 0.69848900 0.40224400
vt 0.72330000 0.45928300
vt 0.72330000 0.40224400
vt 0.74811100 0.45928300
vt 0.74811100 0.40224400
vt 0.77292200 0.45928300
vt 0.77292200 0.40224400
vt 0.79773300 0.45928300
vt 0.79773300 0.40224400
vt 0.82254500 0.45928300
vt 0.82254500 0.40224400
vt 0.84735600 0.45928300
vt 0.84735600 0.40224400
vt 0.87216700 0.45928300
vt 0.87216700 0.40224400
vt 0.89697800 0.45928300
vt 0.89697800 0.40224400
vt 0.92178900 0.45928300
vt 0.92178900 0.40224400
vt 0.94660000 0.45928300
vt 0.94660000 0.40224400
vt 0.97141100 0.45928300
vt 0.97141100 0.40224400
vt 0.99622200 0.45928300
vt 0.99622200 0.40224400
vt 0.97141100 0.51632300
vt 0.94660000 0.51632300
vt 0.99622200 0.51632300
vt 0.92178900 0.51632300
vt 0.89697800 0.51632300
vt 0.87216700 0.51632300
vt 0.84735600 0.51632300
vt 0.82254500 0.51632300
vt 0.79773300 0.51632300
vt 0.77292200 0.51632300
vt 0.74811100 0.51632300
vt 0.72330000 0.51632300
vt 0.69848900 0.51632300
vt 0.67367800 0.51632300
vt 0.64886700 0.51632300
vt 0.62405600 0.51632300
vt 0.59924400 0.51632300
vt 0.57443300 0.51632300
vt 0.54962200 0.51632300
vt 0.52481100 0.51632300
vt 0.50000000 0.51632300
vt 0.47518900 0.51632300
vt 0.45037800 0.51632300
vt 0.42556600 0.51632300
vt 0.40075500 0.51632300
vt 0.37594400 0.51632300
vt 0.35113300 0.51632300
vt 0.32632200 0.51632300
vt 0.30151100 0.51632300
vt 0.27670000 0.51632300
vt 0.25188900 0.51632300
vt 0.22707700 0.51632300
vt 0.20226600 0.51632300
vt 0.17745500 0.51632300
vt 0.15264400 0.51632300
vt 0.12783300 0.51632300
vt 0.10302200 0.51632300
vt 0.07821100 0.51632300
vt 0.05340000 0.51632300
vt 0.02858800 0.51632300
vt 0.00377700 0.51632300
vt 0.00377700 0.85473500
vt 0.02858800 0.85499700
vt 0.02858800 0.83004200
vt 0.00377700 0.83004200
vt 0.05340000 0.85499700
vt 0.05340000 0.83004200
vt 0.07821100 0.85499700
vt 0.07821100 0.83004200
vt 0.10302200 0.85499700
vt 0.10302200 0.83004200
vt 0.12783300 0.85499700
vt 0.12783300 0.83004200
vt 0.15264400 0.85499700
vt 0.15264400 0.83004200
vt 0.17745500 0.85499700
vt 0.17745500 0.83004200
vt 0.20226600 0.85499700
vt 0.20226600 0.83004200
vt 0.22707700 0.85499700
vt 0.22707700 0.83004200
vt 0.25188900 0.85499700
vt 0.25188900 0.83004200
vt 0.27670000 0.85499700
vt 0.27670000 0.83004200
vt 0.30151100 0.85499700
vt 0.30151100 0.83004200
vt 0.32632200 0.85499700
vt 0.32632200 0.83004200
vt 0.35113300 0.85499700
vt 0.35113300 0.83004200
vt 0.37594400 0.85499700
vt 0.37594400 0.83004200
vt 0.40075500 0.85499700
vt 0.40075500 0.83004200
vt 0.42556600 0.85499700
vt 0.42556600 0.83004200
vt 0.45037800 0.85499700
vt 0.45037800 0.83004200
vt 0.47518900 0.85499700
vt 0.47518900 0.83004200
vt 0.50000000 0.85499700
vt 0.50000000 0.83004200
vt 0.52481100 0.85499700
vt 0.52481100 0.83004200
vt 0.54962200 0.85499700
vt 0.54962200 0.83004200
vt 0.57443300 0.85499700
vt 0.57443300 0.83004200
vt 0.59924400 0.85499700
vt 0.59924400 0.83004200
vt 0.62405600 0.85499700
vt 0.62405600 0.83004200
vt 0.64886700 0.85499700
vt 0.64886700 0.83004200
vt 0.67367800 0.85499700
vt 0.67367800 0.83004200
vt 0.69848900 0.85499700
vt 0.69848900 0.83004200
vt 0.72330000 0.85499700
vt 0.72330000 0.83004200
vt 0.74811100 0.85499700
vt 0.74811100 0.83004200
vt 0.77292200 0.85499700
vt 0.77292200 0.83004200
vt 0.79773300 0.85499700
vt 0.79773300 0.83004200
vt 0.82254500 0.85499700
vt 0.82254500 0.83004200
vt 0.84735600 0.85499700
vt 0.84735600 0.83004200
vt 0.87216700 0.85499700
vt 0.87216700 0.83004200
vt 0.89697800 0.85499700
vt 0.89697800 0.83004200
vt 0.92178900 0.85499700
vt 0.92178900 0.83004200
vt 0.94660000 0.85499700
vt 0.94660000 0.83004200
vt 0.97141100 0.85499700
vt 0.97141100 0.83004200
vt 0.99622200 0.85473500
vt 0.99622200 0.83004200
vt 0.97141100 0.04289300
vt 0.94660000 0.04289300
vt 0.99622200 0.04289300
vt 0.99622200 0.02769500
vt 0.97141100 0.02720800
vt 0.94660000 0.02720800
vt 0.92178900 0.04289300
vt 0.89697800 0.04289300
vt 0.92178900 0.02720800
vt 0.89697800 0.02720800
vt 0.87216700 0.04289300
vt 0.84735600 0.04289300
vt 0.87216700 0.02720800
vt 0.84735600 0.02720800
vt 0.82254500 0.04289300
vt 0.79773300 0.04289300
vt 0.82254500 0.02720800
vt 0.79773300 0.02720800
vt 0.77292200 0.04289300
vt 0.74811100 0.04289300
vt 0.77292200 0.02720800
vt 0.74811100 0.02720800
vt 0.72330000 0.04289300
vt 0.69848900 0.04289300
vt 0.72330000 0.02720800
vt 0.69848900 0.02720800
vt 0.67367800 0.04289300
vt 0.64886700 0.04289300
vt 0.67367800 0.02720800
vt 0.64886700 0.02720800
vt 0.62405600 0.04289300
vt 0.59924400 0.04289300
vt 0.62405600 0.02720800
vt 0.59924400 0.02720800
vt 0.57443300 0.04289300
vt 0.54962200 0.04289300
vt 0.57443300 0.02720800
vt 0.54962200 0.02720800
vt 0.52481100 0.04289300
vt 0.50000000 0.04289300
vt 0.52481100 0.02720800
vt 0.50000000 0.02720800
vt 0.47518900 0.04289300
vt 0.45037800 0.04289300
vt 0.47518900 0.02720800
vt 0.45037800 0.02720800
vt 0.42556600 0.04289300
vt 0.40075500 0.04289300
vt 0.42556600 0.02720800
vt 0.40075500 0.02720800
vt 0.37594400 0.04289300
vt 0.35113300 0.04289300
vt 0.37594400 0.02720800
vt 0.35113300 0.02720800
vt 0.32632200 0.04289300
vt 0.30151100 0.04289300
vt 0.32632200 0.02720800
vt 0.30151100 0.02720800
vt 0.27670000 0.04289300
vt 0.25188900 0.04289300
vt 0.27670000 0.02720800
vt 0.25188900 0.02720800
vt 0.22707700 0.04289300
vt 0.20226600 0.04289300
vt 0.22707700 0.02720800
vt 0.20226600 0.02720800
vt 0.17745500 0.04289300
vt 0.15264400 0.04289300
vt 0.17745500 0.02720800
vt 0.15264400 0.02720800
vt 0.12783300 0.04289300
vt 0.10302200 0.04289300
vt 0.12783300 0.02720800
vt 0.10302200 0.02720800
vt 0.07821100 0.04289300
vt 0.05340000 0.04289300
vt 0.07821100 0.02720800
vt 0.05340000 0.02720800
vt 0.02858800 0.04289300
vt 0.00377700 0.04289300
vt 0.02858800 0.02720800
vt 0.00377700 0.02769500
vt 0.97141100 0.01437400
vt 0.94660000 0.01437400
vt 0.99622200 0.01437400
vt 0.99622200 0.00296600
vt 0.97141100 0.00296600
vt 0.94660000 0.00296600
vt 0.92178900 0.01437400
vt 0.89697800 0.01437400
vt 0.92178900 0.00296600
vt 0.89697800 0.00296600
vt 0.87216700 0.01437400
vt 0.84735600 0.01437400
vt 0.87216700 0.00296600
vt 0.84735600 0.00296600
vt 0.82254500 0.01437400
vt 0.79773300 0.01437400
vt 0.82254500 0.00296600
vt 0.79773300 0.00296600
vt 0.77292200 0.01437400
vt 0.74811100 0.01437400
vt 0.77292200 0.00296600
vt 0.74811100 0.00296600
vt 0.72330000 0.01437400
vt 0.69848900 0.01437400
vt 0.72330000 0.00296600
vt 0.69848900 0.00296600
vt 0.67367800 0.01437400
vt 0.64886700 0.01437400
vt 0.67367800 0.00296600
vt 0.64886700 0.00296600
vt 0.62405600 0.01437400
vt 0.59924400 0.01437400
vt 0.62405600 0.00296600
vt 0.59924400 0.00296600
vt 0.57443300 0.01437400
vt 0.54962200 0.01437400
vt 0.57443300 0.00296600
vt 0.54962200 0.00296600
vt 0.52481100 0.01437400
vt 0.50000000 0.01437400
vt 0.52481100 0.00296600
vt 0.50000000 0.00296600
vt 0.47518900 0.01437400
vt 0.45037800 0.01437400
vt 0.47518900 0.00296600
vt 0.45037800 0.00296600
vt 0.42556600 0.01437400
vt 0.40075500 0.01437400
vt 0.42556600 0.00296600
vt 0.40075500 0.00296600
vt 0.37594400 0.01437400
vt 0.35113300 0.01437400
vt 0.37594400 0.00296600
vt 0.35113300 0.00296600
vt 0.32632200 0.01437400
vt 0.30151100 0.01437400
vt 0.32632200 0.00296600
vt 0.30151100 0.00296600
vt 0.27670000 0.01437400
vt 0.25188900 0.01437400
vt 0.27670000 0.00296600
vt 0.25188900 0.00296600
vt 0.22707700 0.01437400
vt 0.20226600 0.01437400
vt 0.22707700 0.00296600
vt 0.20226600 0.00296600
vt 0.17745500 0.01437400
vt 0.15264400 0.01437400
vt 0.17745500 0.00296600
vt 0.15264400 0.00296600
vt 0.12783300 0.01437400
vt 0.10302200 0.01437400
vt 0.12783300 0.00296600
vt 0.10302200 0.00296600
vt 0.07821100 0.01437400
vt 0.05340000 0.01437400
vt 0.07821100 0.00296600
vt 0.05340000 0.00296600
vt 0.02858800 0.01437400
vt 0.00377700 0.01437400
vt 0.02858800 0.00296600
vt 0.00377700 0.00296600
vt 0.00377700 0.88708200
vt 0.02858800 0.88708200
vt 0.02858800 0.87282200
vt 0.00377700 0.87282200
vt 0.05340000 0.88708200
vt 0.05340000 0.87282200
vt 0.07821100 0.88708200
vt 0.07821100 0.87282200
vt 0.10302200 0.88708200
vt 0.10302200 0.87282200
vt 0.12783300 0.88708200
vt 0.12783300 0.87282200
vt 0.15264400 0.88708200
vt 0.15264400 0.87282200
vt 0.17745500 0.88708200
vt 0.17745500 0.87282200
vt 0.20226600 0.88708200
vt 0.20226600 0.87282200
vt 0.22707700 0.88708200
vt 0.22707700 0.87282200
vt 0.25188900 0.88708200
vt 0.25188900 0.87282200
vt 0.27670000 0.88708200
vt 0.27670000 0.87282200
vt 0.30151100 0.88708200
vt 0.30151100 0.87282200
vt 0.32632200 0.88708200
vt 0.32632200 0.87282200
vt 0.35113300 0.88708200
vt 0.35113300 0.87282200
vt 0.37594400 0.88708200
vt 0.37594400 0.87282200
vt 0.40075500 0.88708200
vt 0.40075500 0.87282200
vt 0.42556600 0.88708200
vt 0.42556600 0.87282200
vt 0.45037800 0.88708200
vt 0.45037800 0.87282200
vt 0.47518900 0.88708200
vt 0.47518900 0.87282200
vt 0.50000000 0.88708200
vt 0.50000000 0.87282200
vt 0.52481100 0.88708200
vt 0.52481100 0.87282200
vt 0.54962200 0.88708200
vt 0.54962200 0.87282200
vt 0.57443300 0.88708200
vt 0.57443300 0.87282200
vt 0.59924400 0.88708200
vt 0.59924400 0.87282200
vt 0.62405600 0.88708200
vt 0.62405600 0.87282200
vt 0.64886700 0.88708200
vt 0.64886700 0.87282200
vt 0.67367800 0.88708200
vt 0.67367800 0.87282200
vt 0.69848900 0.88708200
vt 0.69848900 0.87282200
vt 0.72330000 0.88708200
vt 0.72330000 0.87282200
vt 0.74811100 0.88708200
vt 0.74811100 0.87282200
vt 0.77292200 0.88708200
vt 0.77292200 0.87282200
vt 0.79773300 0.88708200
vt 0.79773300 0.87282200
vt 0.82254500 0.88708200
vt 0.82254500 0.87282200
vt 0.84735600 0.88708200
vt 0.84735600 0.87282200
vt 0.87216700 0.88708200
vt 0.87216700 0.87282200
vt 0.89697800 0.88708200
vt 0.89697800 0.87282200
vt 0.92178900 0.88708200
vt 0.92178900 0.87282200
vt 0.94660000 0.88708200
vt 0.94660000 0.87282200
vt 0.97141100 0.88708200
vt 0.97141100 0.87282200
vt 0.99622200 0.88708200
vt 0.99622200 0.87282200
vt 0.00377700 0.91560100
vt 0.02858800 0.91560100
vt 0.02858800 0.90134100
vt 0.00377700 0.90134100
vt 0.05340000 0.91560100
vt 0.05340000 0.90134100
vt 0.07821100 0.91560100
vt 0.07821100 0.90134100
vt 0.10302200 0.91560100
vt 0.10302200 0.90134100
vt 0.12783300 0.91560100
vt 0.12783300 0.90134100
vt 0.15264400 0.91560100
vt 0.15264400 0.90134100
vt 0.17745500 0.91560100
vt 0.17745500 0.90134100
vt 0.20226600 0.91560100
vt 0.20226600 0.90134100
vt 0.22707700 0.91560100
vt 0.22707700 0.90134100
vt 0.25188900 0.91560100
vt 0.25188900 0.90134100
vt 0.27670000 0.91560100
vt 0.27670000 0.90134100
vt 0.30151100 0.91560100
vt 0.30151100 0.90134100
vt 0.32632200 0.91560100
vt 0.32632200 0.90134100
vt 0.35113300 0.91560100
vt 0.35113300 0.90134100
vt 0.37594400 0.91560100
vt 0.37594400 0.90134100
vt 0.40075500 0.91560100
vt 0.40075500 0.90134100
vt 0.42556600 0.91560100
vt 0.42556600 0.90134100
vt 0.45037800 0.91560100
vt 0.45037800 0.90134100
vt 0.47518900 0.91560100
vt 0.47518900 0.90134100
vt 0.50000000 0.91560100
vt 0.50000000 0.90134100
vt 0.52481100 0.91560100
vt 0.52481100 0.90134100
vt 0.54962200 0.91560100
vt 0.54962200 0.90134100
vt 0.57443300 0.91560100
vt 0.57443300 0.90134100
vt 0.59924400 0.91560100
vt 0.59924400 0.90134100
vt 0.62405600 0.91560100
vt 0.62405600 0.90134100
vt 0.64886700 0.91560100
vt 0.64886700 0.90134100
vt 0.67367800 0.91560100
vt 0.67367800 0.90134100
vt 0.69848900 0.91560100
vt 0.69848900 0.90134100
vt 0.72330000 0.91560100
vt 0.72330000 0.90134100
vt 0.74811100 0.91560100
vt 0.74811100 0.90134100
vt 0.77292200 0.91560100
vt 0.77292200 0.90134100
vt 0.79773300 0.91560100
vt 0.79773300 0.90134100
vt 0.82254500 0.91560100
vt 0.82254500 0.90134100
vt 0.84735600 0.91560100
vt 0.84735600 0.90134100
vt 0.87216700 0.91560100
vt 0.87216700 0.90134100
vt 0.89697800 0.91560100
vt 0.89697800 0.90134100
vt 0.92178900 0.91560100
vt 0.92178900 0.90134100
vt 0.94660000 0.91560100
vt 0.94660000 0.90134100
vt 0.97141100 0.91560100
vt 0.97141100 0.90134100
vt 0.99622200 0.91560100
vt 0.99622200 0.90134100
vt 0.06196000 0.95041600
vt 0.06319300 0.95339700
vt 0.06394700 0.95653300
vt 0.06419900 0.95974900
vt 0.06394700 0.96296400
vt 0.06394700 0.96296400
vt 0.06319300 0.96610000
vt 0.06319300 0.96610000
vt 0.06196000 0.96908100
vt 0.06027300 0.97183000
vt 0.06027300 0.97183000
vt 0.05818000 0.97428400
vt 0.05572600 0.97637700
vt 0.05297700 0.97806400
vt 0.05297700 0.97806400
vt 0.04999600 0.97929700
vt 0.04999600 0.97929700
vt 0.04686000 0.98005100
vt 0.04364400 0.98030300
vt 0.04042900 0.98005100
vt 0.03729300 0.97929700
vt 0.03431200 0.97806400
vt 0.03156300 0.97637700
vt 0.02910900 0.97428400
vt 0.02701600 0.97183000
vt 0.02532900 0.96908100
vt 0.02409600 0.96610000
vt 0.02334200 0.96296400
vt 0.02309000 0.95974900
vt 0.02334200 0.95653300
vt 0.02409600 0.95339700
vt 0.02532900 0.95041600
vt 0.02701600 0.94766700
vt 0.02701600 0.94766700
vt 0.02910900 0.94521300
vt 0.03156300 0.94312000
vt 0.03156300 0.94312000
vt 0.03431200 0.94143300
vt 0.03729300 0.94020000
vt 0.04042900 0.93944600
vt 0.04364400 0.93919400
vt 0.04686000 0.93944600
vt 0.04999600 0.94020000
vt 0.05297700 0.94143300
vt 0.05572600 0.94312000
vt 0.05818000 0.94521300
vt 0.06027300 0.94766700
f 3751/3751/3751 3749/3749/3749 3750/3750/3750
f 3749/3749/3749 3751/3751/3751 3752/3752/3752
f 3748/3748/3748 3753/3753/3753 3747/3747/3747
f 3747/3747/3747 3753/3753/3753 3746/3746/3746
f 3746/3746/3746 3753/3753/3753 3755/3755/3755
f 3745/3745/3745 3754/3754/3754 3744/3744/3744
f 3743/3743/3743 3755/3755/3755 3756/3756/3756
f 3743/3743/3743 3756/3756/3756 3742/3742/3742
f 3742/3742/3742 3756/3756/3756 3757/3757/3757
f 3742/3742/3742 3757/3757/3757 3741/3741/3741
f 3741/3741/3741 3757/3757/3757 3758/3758/3758
f 3741/3741/3741 3758/3758/3758 3740/3740/3740
f 3740/3740/3740 3758/3758/3758 3759/3759/3759
f 3740/3740/3740 3759/3759/3759 3739/3739/3739
f 3739/3739/3739 3759/3759/3759 3760/3760/3760
f 3739/3739/3739 3760/3760/3760 3785/3785/3785
f 3785/3785/3785 3760/3760/3760 3761/3761/3761
f 3785/3785/3785 3761/3761/3761 3762/3762/3762
f 3785/3785/3785 3762/3762/3762 3784/3784/3784
f 3784/3784/3784 3762/3762/3762 3783/3783/3783
f 3783/3783/3783 3762/3762/3762 3763/3763/3763
f 3783/3783/3783 3763/3763/3763 3782/3782/3782
f 3782/3782/3782 3763/3763/3763 3764/3764/3764
f 3782/3782/3782 3764/3764/3764 3781/3781/3781
f 3781/3781/3781 3764/3764/3764 3765/3765/3765
f 3781/3781/3781 3765/3765/3765 3780/3780/3780
f 3780/3780/3780 3765/3765/3765 3766/3766/3766
f 3780/3780/3780 3766/3766/3766 3779/3779/3779
f 3779/3779/3779 3766/3766/3766 3767/3767/3767
f 3779/3779/3779 3767/3767/3767 3768/3768/3768
f 3779/3779/3779 3768/3768/3768 3778/3778/3778
f 3778/3778/3778 3768/3768/3768 3777/3777/3777
f 3777/3777/3777 3768/3768/3768 3769/3769/3769
f 3777/3777/3777 3769/3769/3769 3776/3776/3776
f 3776/3776/3776 3769/3769/3769 3770/3770/3770
f 3776/3776/3776 3770/3770/3770 3775/3775/3775
f 3775/3775/3775 3770/3770/3770 3772/3772/3772
f 3774/3774/3774 3771/3771/3771 3773/3773/3773
f 1/1/1 2/2/2 3/3/3
f 1/1/1 3/3/3 4/4/4
f 2/2/2 5/5/5 6/6/6
f 2/2/2 6/6/6 3/3/3
f 3/3/3 6/6/6 7/7/7
f 3/3/3 7/7/7 8/8/8
f 4/4/4 3/3/3 8/8/8
f 4/4/4 8/8/8 9/9/9
f 5/5/5 10/10/10 11/11/11
f 5/5/5 11/11/11 6/6/6
f 10/10/10 12/12/12 13/13/13
f 10/10/10 13/13/13 11/11/11
f 11/11/11 13/13/13 14/14/14
f 11/11/11 14/14/14 15/15/15
f 6/6/6 11/11/11 15/15/15
f 6/6/6 15/15/15 7/7/7
f 12/12/12 16/16/16 17/17/17
f 12/12/12 17/17/17 13/13/13
f 16/16/16 18/18/18 19/19/19
f 16/16/16 19/19/19 17/17/17
f 17/17/17 19/19/19 20/20/20
f 17/17/17 20/20/20 21/21/21
f 13/13/13 17/17/17 21/21/21
f 13/13/13 21/21/21 14/14/14
f 18/18/18 22/22/22 23/23/23
f 18/18/18 23/23/23 19/19/19
f 22/22/22 24/24/24 25/25/25
f 22/22/22 25/25/25 23/23/23
f 23/23/23 25/25/25 26/26/26
f 23/23/23 26/26/26 27/27/27
f 19/19/19 23/23/23 27/27/27
f 19/19/19 27/27/27 20/20/20
f 24/24/24 28/28/28 29/29/29
f 24/24/24 29/29/29 25/25/25
f 28/28/28 30/30/30 31/31/31
f 28/28/28 31/31/31 29/29/29
f 29/29/29 31/31/31 32/32/32
f 29/29/29 32/32/32 33/33/33
f 25/25/25 29/29/29 33/33/33
f 25/25/25 33/33/33 26/26/26
f 30/30/30 34/34/34 35/35/35
f 30/30/30 35/35/35 31/31/31
f 34/34/34 36/36/36 37/37/37
f 34/34/34 37/37/37 35/35/35
f 35/35/35 37/37/37 38/38/38
f 35/35/35 38/38/38 39/39/39
f 31/31/31 35/35/35 39/39/39
f 31/31/31 39/39/39 32/32/32
f 36/36/36 40/40/40 41/41/41
f 36/36/36 41/41/41 37/37/37
f 40/40/40 42/42/42 43/43/43
f 40/40/40 43/43/43 41/41/41
f 41/41/41 43/43/43 44/44/44
f 41/41/41 44/44/44 45/45/45
f 37/37/37 41/41/41 45/45/45
f 37/37/37 45/45/45 38/38/38
f 42/42/42 46/46/46 47/47/47
f 42/42/42 47/47/47 43/43/43
f 46/46/46 48/48/48 49/49/49
f 46/46/46 49/49/49 47/47/47
f 47/47/47 49/49/49 50/50/50
f 47/47/47 50/50/50 51/51/51
f 43/43/43 47/47/47 51/51/51
f 43/43/43 51/51/51 44/44/44
f 48/48/48 52/52/52 53/53/53
f 48/48/48 53/53/53 49/49/49
f 52/52/52 54/54/54 55/55/55
f 52/52/52 55/55/55 53/53/53
f 53/53/53 55/55/55 56/56/56
f 53/53/53 56/56/56 57/57/57
f 49/49/49 53/53/53 57/57/57
f 49/49/49 57/57/57 50/50/50
f 54/54/54 58/58/58 59/59/59
f 54/54/54 59/59/59 55/55/55
f 58/58/58 60/60/60 61/61/61
f 58/58/58 61/61/61 59/59/59
f 59/59/59 61/61/61 62/62/62
f 59/59/59 62/62/62 63/63/63
f 55/55/55 59/59/59 63/63/63
f 55/55/55 63/63/63 56/56/56
f 60/60/60 64/64/64 65/65/65
f 60/60/60 65/65/65 61/61/61
f 64/64/64 66/66/66 67/67/67
f 64/64/64 67/67/67 65/65/65
f 65/65/65 67/67/67 68/68/68
f 65/65/65 68/68/68 69/69/69
f 61/61/61 65/65/65 69/69/69
f 61/61/61 69/69/69 62/62/62
f 66/66/66 70/70/70 71/71/71
f 66/66/66 71/71/71 67/67/67
f 70/70/70 72/72/72 73/73/73
f 70/70/70 73/73/73 71/71/71
f 71/71/71 73/73/73 74/74/74
f 71/71/71 74/74/74 75/75/75
f 67/67/67 71/71/71 75/75/75
f 67/67/67 75/75/75 68/68/68
f 72/72/72 76/76/76 77/77/77
f 72/72/72 77/77/77 73/73/73
f 76/76/76 78/78/78 79/79/79
f 76/76/76 79/79/79 77/77/77
f 77/77/77 79/79/79 80/80/80
f 77/77/77 80/80/80 81/81/81
f 73/73/73 77/77/77 81/81/81
f 73/73/73 81/81/81 74/74/74
f 78/78/78 82/82/82 83/83/83
f 78/78/78 83/83/83 79/79/79
f 82/82/82 84/84/84 85/85/85
f 82/82/82 85/85/85 83/83/83
f 83/83/83 85/85/85 86/86/86
f 83/83/83 86/86/86 87/87/87
f 79/79/79 83/83/83 87/87/87
f 79/79/79 87/87/87 80/80/80
f 84/84/84 88/88/88 89/89/89
f 84/84/84 89/89/89 85/85/85
f 88/88/88 90/90/90 91/91/91
f 88/88/88 91/91/91 89/89/89
f 89/89/89 91/91/91 92/92/92
f 89/89/89 92/92/92 93/93/93
f 85/85/85 89/89/89 93/93/93
f 85/85/85 93/93/93 86/86/86
f 90/90/90 94/94/94 95/95/95
f 90/90/90 95/95/95 91/91/91
f 94/94/94 96/96/96 97/97/97
f 94/94/94 97/97/97 95/95/95
f 95/95/95 97/97/97 98/98/98
f 95/95/95 98/98/98 99/99/99
f 91/91/91 95/95/95 99/99/99
f 91/91/91 99/99/99 92/92/92
f 96/96/96 100/100/100 101/101/101
f 96/96/96 101/101/101 97/97/97
f 100/100/100 102/102/102 103/103/103
f 100/100/100 103/103/103 101/101/101
f 101/101/101 103/103/103 104/104/104
f 101/101/101 104/104/104 105/105/105
f 97/97/97 101/101/101 105/105/105
f 97/97/97 105/105/105 98/98/98
f 102/102/102 106/106/106 107/107/107
f 102/102/102 107/107/107 103/103/103
f 106/106/106 108/108/108 109/109/109
f 106/106/106 109/109/109 107/107/107
f 107/107/107 109/109/109 110/110/110
f 107/107/107 110/110/110 111/111/111
f 103/103/103 107/107/107 111/111/111
f 103/103/103 111/111/111 104/104/104
f 108/108/108 112/112/112 113/113/113
f 108/108/108 113/113/113 109/109/109
f 112/112/112 114/114/114 115/115/115
f 112/112/112 115/115/115 113/113/113
f 113/113/113 115/115/115 116/116/116
f 113/113/113 116/116/116 117/117/117
f 109/109/109 113/113/113 117/117/117
f 109/109/109 117/117/117 110/110/110
f 114/114/114 118/118/118 119/119/119
f 114/114/114 119/119/119 115/115/115
f 118/118/118 120/120/120 121/121/121
f 118/118/118 121/121/121 119/119/119
f 119/119/119 121/121/121 122/122/122
f 119/119/119 122/122/122 123/123/123
f 115/115/115 119/119/119 123/123/123
f 115/115/115 123/123/123 116/116/116
f 124/124/124 125/125/125 126/126/126
f 124/124/124 126/126/126 127/127/127
f 128/128/128 129/129/129 126/126/126
f 128/128/128 126/126/126 125/125/125
f 130/130/130 127/127/127 126/126/126
f 130/130/130 126/126/126 129/129/129
f 131/131/131 132/132/132 133/133/133
f 131/131/131 133/133/133 134/134/134
f 124/124/124 127/127/127 133/133/133
f 124/124/124 133/133/133 132/132/132
f 130/130/130 134/134/134 133/133/133
f 130/130/130 133/133/133 127/127/127
f 135/135/135 136/136/136 137/137/137
f 135/135/135 137/137/137 138/138/138
f 131/131/131 134/134/134 137/137/137
f 131/131/131 137/137/137 136/136/136
f 130/130/130 138/138/138 137/137/137
f 130/130/130 137/137/137 134/134/134
f 139/139/139 140/140/140 141/141/141
f 139/139/139 141/141/141 142/142/142
f 135/135/135 138/138/138 141/141/141
f 135/135/135 141/141/141 140/140/140
f 130/130/130 142/142/142 141/141/141
f 130/130/130 141/141/141 138/138/138
f 143/143/143 144/144/144 145/145/145
f 143/143/143 145/145/145 146/146/146
f 139/139/139 142/142/142 145/145/145
f 139/139/139 145/145/145 144/144/144
f 130/130/130 146/146/146 145/145/145
f 130/130/130 145/145/145 142/142/142
f 147/147/147 148/148/148 149/149/149
f 147/147/147 149/149/149 150/150/150
f 143/143/143 146/146/146 149/149/149
f 143/143/143 149/149/149 148/148/148
f 130/130/130 150/150/150 149/149/149
f 130/130/130 149/149/149 146/146/146
f 151/151/151 152/152/152 153/153/153
f 151/151/151 153/153/153 154/154/154
f 147/147/147 150/150/150 153/153/153
f 147/147/147 153/153/153 152/152/152
f 130/130/130 154/154/154 153/153/153
f 130/130/130 153/153/153 150/150/150
f 155/155/155 156/156/156 157/157/157
f 155/155/155 157/157/157 158/158/158
f 151/151/151 154/154/154 157/157/157
f 151/151/151 157/157/157 156/156/156
f 130/130/130 158/158/158 157/157/157
f 130/130/130 157/157/157 154/154/154
f 159/159/159 160/160/160 161/161/161
f 159/159/159 161/161/161 162/162/162
f 155/155/155 158/158/158 161/161/161
f 155/155/155 161/161/161 160/160/160
f 130/130/130 162/162/162 161/161/161
f 130/130/130 161/161/161 158/158/158
f 163/163/163 164/164/164 165/165/165
f 163/163/163 165/165/165 166/166/166
f 159/159/159 162/162/162 165/165/165
f 159/159/159 165/165/165 164/164/164
f 130/130/130 166/166/166 165/165/165
f 130/130/130 165/165/165 162/162/162
f 167/167/167 168/168/168 169/169/169
f 167/167/167 169/169/169 170/170/170
f 163/163/163 166/166/166 169/169/169
f 163/163/163 169/169/169 168/168/168
f 130/130/130 170/170/170 169/169/169
f 130/130/130 169/169/169 166/166/166
f 171/171/171 172/172/172 173/173/173
f 171/171/171 173/173/173 174/174/174
f 167/167/167 170/170/170 173/173/173
f 167/167/167 173/173/173 172/172/172
f 130/130/130 174/174/174 173/173/173
f 130/130/130 173/173/173 170/170/170
f 175/175/175 176/176/176 177/177/177
f 175/175/175 177/177/177 178/178/178
f 171/171/171 174/174/174 177/177/177
f 171/171/171 177/177/177 176/176/176
f 130/130/130 178/178/178 177/177/177
f 130/130/130 177/177/177 174/174/174
f 179/179/179 180/180/180 181/181/181
f 179/179/179 181/181/181 182/182/182
f 175/175/175 178/178/178 181/181/181
f 175/175/175 181/181/181 180/180/180
f 130/130/130 182/182/182 181/181/181
f 130/130/130 181/181/181 178/178/178
f 183/183/183 184/184/184 185/185/185
f 183/183/183 185/185/185 186/186/186
f 179/179/179 182/182/182 185/185/185
f 179/179/179 185/185/185 184/184/184
f 130/130/130 186/186/186 185/185/185
f 130/130/130 185/185/185 182/182/182
f 187/187/187 188/188/188 189/189/189
f 187/187/187 189/189/189 190/190/190
f 183/183/183 186/186/186 189/189/189
f 183/183/183 189/189/189 188/188/188
f 130/130/130 190/190/190 189/189/189
f 130/130/130 189/189/189 186/186/186
f 191/191/191 192/192/192 193/193/193
f 191/191/191 193/193/193 194/194/194
f 187/187/187 190/190/190 193/193/193
f 187/187/187 193/193/193 192/192/192
f 130/130/130 194/194/194 193/193/193
f 130/130/130 193/193/193 190/190/190
f 195/195/195 196/196/196 197/197/197
f 195/195/195 197/197/197 198/198/198
f 191/191/191 194/194/194 197/197/197
f 191/191/191 197/197/197 196/196/196
f 130/130/130 198/198/198 197/197/197
f 130/130/130 197/197/197 194/194/194
f 199/199/199 200/200/200 201/201/201
f 199/199/199 201/201/201 202/202/202
f 195/195/195 198/198/198 201/201/201
f 195/195/195 201/201/201 200/200/200
f 130/130/130 202/202/202 201/201/201
f 130/130/130 201/201/201 198/198/198
f 128/128/128 203/203/203 204/204/204
f 128/128/128 204/204/204 129/129/129
f 199/199/199 202/202/202 204/204/204
f 199/199/199 204/204/204 203/203/203
f 130/130/130 129/129/129 204/204/204
f 130/130/130 204/204/204 202/202/202
f 205/205/205 206/206/206 207/207/207
f 205/205/205 207/207/207 208/208/208
f 206/206/206 209/209/209 210/210/210
f 206/206/206 210/210/210 207/207/207
f 207/207/207 210/210/210 211/211/211
f 207/207/207 211/211/211 212/212/212
f 208/208/208 207/207/207 212/212/212
f 208/208/208 212/212/212 213/213/213
f 214/214/214 215/215/215 216/216/216
f 214/214/214 216/216/216 217/217/217
f 215/215/215 205/205/205 208/208/208
f 215/215/215 208/208/208 216/216/216
f 216/216/216 208/208/208 213/213/213
f 216/216/216 213/213/213 218/218/218
f 217/217/217 216/216/216 218/218/218
f 217/217/217 218/218/218 219/219/219
f 220/220/220 221/221/221 222/222/222
f 220/220/220 222/222/222 223/223/223
f 221/221/221 214/214/214 217/217/217
f 221/221/221 217/217/217 222/222/222
f 222/222/222 217/217/217 219/219/219
f 222/222/222 219/219/219 224/224/224
f 223/223/223 222/222/222 224/224/224
f 223/223/223 224/224/224 225/225/225
f 226/226/226 227/227/227 228/228/228
f 226/226/226 228/228/228 229/229/229
f 227/227/227 220/220/220 223/223/223
f 227/227/227 223/223/223 228/228/228
f 228/228/228 223/223/223 225/225/225
f 228/228/228 225/225/225 230/230/230
f 229/229/229 228/228/228 230/230/230
f 229/229/229 230/230/230 231/231/231
f 232/232/232 233/233/233 234/234/234
f 232/232/232 234/234/234 235/235/235
f 233/233/233 226/226/226 229/229/229
f 233/233/233 229/229/229 234/234/234
f 234/234/234 229/229/229 231/231/231
f 234/234/234 231/231/231 236/236/236
f 235/235/235 234/234/234 236/236/236
f 235/235/235 236/236/236 237/237/237
f 238/238/238 239/239/239 240/240/240
f 238/238/238 240/240/240 241/241/241
f 239/239/239 232/232/232 235/235/235
f 239/239/239 235/235/235 240/240/240
f 240/240/240 235/235/235 237/237/237
f 240/240/240 237/237/237 242/242/242
f 241/241/241 240/240/240 242/242/242
f 241/241/241 242/242/242 243/243/243
f 244/244/244 245/245/245 246/246/246
f 244/244/244 246/246/246 247/247/247
f 245/245/245 238/238/238 241/241/241
f 245/245/245 241/241/241 246/246/246
f 246/246/246 241/241/241 243/243/243
f 246/246/246 243/243/243 248/248/248
f 247/247/247 246/246/246 248/248/248
f 247/247/247 248/248/248 249/249/249
f 250/250/250 251/251/251 252/252/252
f 250/250/250 252/252/252 253/253/253
f 251/251/251 244/244/244 247/247/247
f 251/251/251 247/247/247 252/252/252
f 252/252/252 247/247/247 249/249/249
f 252/252/252 249/249/249 254/254/254
f 253/253/253 252/252/252 254/254/254
f 253/253/253 254/254/254 255/255/255
f 256/256/256 257/257/257 258/258/258
f 256/256/256 258/258/258 259/259/259
f 257/257/257 250/250/250 253/253/253
f 257/257/257 253/253/253 258/258/258
f 258/258/258 253/253/253 255/255/255
f 258/258/258 255/255/255 260/260/260
f 259/259/259 258/258/258 260/260/260
f 259/259/259 260/260/260 261/261/261
f 262/262/262 263/263/263 264/264/264
f 262/262/262 264/264/264 265/265/265
f 263/263/263 256/256/256 259/259/259
f 263/263/263 259/259/259 264/264/264
f 264/264/264 259/259/259 261/261/261
f 264/264/264 261/261/261 266/266/266
f 265/265/265 264/264/264 266/266/266
f 265/265/265 266/266/266 267/267/267
f 268/268/268 269/269/269 270/270/270
f 268/268/268 270/270/270 271/271/271
f 269/269/269 262/262/262 265/265/265
f 269/269/269 265/265/265 270/270/270
f 270/270/270 265/265/265 267/267/267
f 270/270/270 267/267/267 272/272/272
f 271/271/271 270/270/270 272/272/272
f 271/271/271 272/272/272 273/273/273
f 274/274/274 275/275/275 276/276/276
f 274/274/274 276/276/276 277/277/277
f 275/275/275 268/268/268 271/271/271
f 275/275/275 271/271/271 276/276/276
f 276/276/276 271/271/271 273/273/273
f 276/276/276 273/273/273 278/278/278
f 277/277/277 276/276/276 278/278/278
f 277/277/277 278/278/278 279/279/279
f 280/280/280 281/281/281 282/282/282
f 280/280/280 282/282/282 283/283/283
f 281/281/281 274/274/274 277/277/277
f 281/281/281 277/277/277 282/282/282
f 282/282/282 277/277/277 279/279/279
f 282/282/282 279/279/279 284/284/284
f 283/283/283 282/282/282 284/284/284
f 283/283/283 284/284/284 285/285/285
f 286/286/286 287/287/287 288/288/288
f 286/286/286 288/288/288 289/289/289
f 287/287/287 280/280/280 283/283/283
f 287/287/287 283/283/283 288/288/288
f 288/288/288 283/283/283 285/285/285
f 288/288/288 285/285/285 290/290/290
f 289/289/289 288/288/288 290/290/290
f 289/289/289 290/290/290 291/291/291
f 292/292/292 293/293/293 294/294/294
f 292/292/292 294/294/294 295/295/295
f 293/293/293 286/286/286 289/289/289
f 293/293/293 289/289/289 294/294/294
f 294/294/294 289/289/289 291/291/291
f 294/294/294 291/291/291 296/296/296
f 295/295/295 294/294/294 296/296/296
f 295/295/295 296/296/296 297/297/297
f 298/298/298 299/299/299 300/300/300
f 298/298/298 300/300/300 301/301/301
f 299/299/299 292/292/292 295/295/295
f 299/299/299 295/295/295 300/300/300
f 300/300/300 295/295/295 297/297/297
f 300/300/300 297/297/297 302/302/302
f 301/301/301 300/300/300 302/302/302
f 301/301/301 302/302/302 303/303/303
f 304/304/304 305/305/305 306/306/306
f 304/304/304 306/306/306 307/307/307
f 305/305/305 298/298/298 301/301/301
f 305/305/305 301/301/301 306/306/306
f 306/306/306 301/301/301 303/303/303
f 306/306/306 303/303/303 308/308/308
f 307/307/307 306/306/306 308/308/308
f 307/307/307 308/308/308 309/309/309
f 310/310/310 311/311/311 312/312/312
f 310/310/310 312/312/312 313/313/313
f 311/311/311 304/304/304 307/307/307
f 311/311/311 307/307/307 312/312/312
f 312/312/312 307/307/307 309/309/309
f 312/312/312 309/309/309 314/314/314
f 313/313/313 312/312/312 314/314/314
f 313/313/313 314/314/314 315/315/315
f 316/316/316 317/317/317 318/318/318
f 316/316/316 318/318/318 319/319/319
f 317/317/317 310/310/310 313/313/313
f 317/317/317 313/313/313 318/318/318
f 318/318/318 313/313/313 315/315/315
f 318/318/318 315/315/315 320/320/320
f 319/319/319 318/318/318 320/320/320
f 319/319/319 320/320/320 321/321/321
f 209/209/209 322/322/322 323/323/323
f 209/209/209 323/323/323 210/210/210
f 322/322/322 316/316/316 319/319/319
f 322/322/322 319/319/319 323/323/323
f 323/323/323 319/319/319 321/321/321
f 323/323/323 321/321/321 324/324/324
f 210/210/210 323/323/323 324/324/324
f 210/210/210 324/324/324 211/211/211
f 213/213/213 212/212/212 325/325/325
f 213/213/213 325/325/325 326/326/326
f 212/212/212 211/211/211 327/327/327
f 212/212/212 327/327/327 325/325/325
f 325/325/325 327/327/327 328/328/328
f 325/325/325 328/328/328 329/329/329
f 326/326/326 325/325/325 329/329/329
f 326/326/326 329/329/329 330/330/330
f 219/219/219 218/218/218 331/331/331
f 219/219/219 331/331/331 332/332/332
f 218/218/218 213/213/213 326/326/326
f 218/218/218 326/326/326 331/331/331
f 331/331/331 326/326/326 330/330/330
f 331/331/331 330/330/330 333/333/333
f 332/332/332 331/331/331 333/333/333
f 332/332/332 333/333/333 334/334/334
f 225/225/225 224/224/224 335/335/335
f 225/225/225 335/335/335 336/336/336
f 224/224/224 219/219/219 332/332/332
f 224/224/224 332/332/332 335/335/335
f 335/335/335 332/332/332 334/334/334
f 335/335/335 334/334/334 337/337/337
f 336/336/336 335/335/335 337/337/337
f 336/336/336 337/337/337 338/338/338
f 231/231/231 230/230/230 339/339/339
f 231/231/231 339/339/339 340/340/340
f 230/230/230 225/225/225 336/336/336
f 230/230/230 336/336/336 339/339/339
f 339/339/339 336/336/336 338/338/338
f 339/339/339 338/338/338 341/341/341
f 340/340/340 339/339/339 341/341/341
f 340/340/340 341/341/341 342/342/342
f 237/237/237 236/236/236 343/343/343
f 237/237/237 343/343/343 344/344/344
f 236/236/236 231/231/231 340/340/340
f 236/236/236 340/340/340 343/343/343
f 343/343/343 340/340/340 342/342/342
f 343/343/343 342/342/342 345/345/345
f 344/344/344 343/343/343 345/345/345
f 344/344/344 345/345/345 346/346/346
f 243/243/243 242/242/242 347/347/347
f 243/243/243 347/347/347 348/348/348
f 242/242/242 237/237/237 344/344/344
f 242/242/242 344/344/344 347/347/347
f 347/347/347 344/344/344 346/346/346
f 347/347/347 346/346/346 349/349/349
f 348/348/348 347/347/347 349/349/349
f 348/348/348 349/349/349 350/350/350
f 249/249/249 248/248/248 351/351/351
f 249/249/249 351/351/351 352/352/352
f 248/248/248 243/243/243 348/348/348
f 248/248/248 348/348/348 351/351/351
f 351/351/351 348/348/348 350/350/350
f 351/351/351 350/350/350 353/353/353
f 352/352/352 351/351/351 353/353/353
f 352/352/352 353/353/353 354/354/354
f 255/255/255 254/254/254 355/355/355
f 255/255/255 355/355/355 356/356/356
f 254/254/254 249/249/249 352/352/352
f 254/254/254 352/352/352 355/355/355
f 355/355/355 352/352/352 354/354/354
f 355/355/355 354/354/354 357/357/357
f 356/356/356 355/355/355 357/357/357
f 356/356/356 357/357/357 358/358/358
f 261/261/261 260/260/260 359/359/359
f 261/261/261 359/359/359 360/360/360
f 260/260/260 255/255/255 356/356/356
f 260/260/260 356/356/356 359/359/359
f 359/359/359 356/356/356 358/358/358
f 359/359/359 358/358/358 361/361/361
f 360/360/360 359/359/359 361/361/361
f 360/360/360 361/361/361 362/362/362
f 267/267/267 266/266/266 363/363/363
f 267/267/267 363/363/363 364/364/364
f 266/266/266 261/261/261 360/360/360
f 266/266/266 360/360/360 363/363/363
f 363/363/363 360/360/360 362/362/362
f 363/363/363 362/362/362 365/365/365
f 364/364/364 363/363/363 365/365/365
f 364/364/364 365/365/365 366/366/366
f 273/273/273 272/272/272 367/367/367
f 273/273/273 367/367/367 368/368/368
f 272/272/272 267/267/267 364/364/364
f 272/272/272 364/364/364 367/367/367
f 367/367/367 364/364/364 366/366/366
f 367/367/367 366/366/366 369/369/369
f 368/368/368 367/367/367 369/369/369
f 368/368/368 369/369/369 370/370/370
f 279/279/279 278/278/278 371/371/371
f 279/279/279 371/371/371 372/372/372
f 278/278/278 273/273/273 368/368/368
f 278/278/278 368/368/368 371/371/371
f 371/371/371 368/368/368 370/370/370
f 371/371/371 370/370/370 373/373/373
f 372/372/372 371/371/371 373/373/373
f 372/372/372 373/373/373 374/374/374
f 285/285/285 284/284/284 375/375/375
f 285/285/285 375/375/375 376/376/376
f 284/284/284 279/279/279 372/372/372
f 284/284/284 372/372/372 375/375/375
f 375/375/375 372/372/372 374/374/374
f 375/375/375 374/374/374 377/377/377
f 376/376/376 375/375/375 377/377/377
f 376/376/376 377/377/377 378/378/378
f 291/291/291 290/290/290 379/379/379
f 291/291/291 379/379/379 380/380/380
f 290/290/290 285/285/285 376/376/376
f 290/290/290 376/376/376 379/379/379
f 379/379/379 376/376/376 378/378/378
f 379/379/379 378/378/378 381/381/381
f 380/380/380 379/379/379 381/381/381
f 380/380/380 381/381/381 382/382/382
f 297/297/297 296/296/296 383/383/383
f 297/297/297 383/383/383 384/384/384
f 296/296/296 291/291/291 380/380/380
f 296/296/296 380/380/380 383/383/383
f 383/383/383 380/380/380 382/382/382
f 383/383/383 382/382/382 385/385/385
f 384/384/384 383/383/383 385/385/385
f 384/384/384 385/385/385 386/386/386
f 303/303/303 302/302/302 387/387/387
f 303/303/303 387/387/387 388/388/388
f 302/302/302 297/297/297 384/384/384
f 302/302/302 384/384/384 387/387/387
f 387/387/387 384/384/384 386/386/386
f 387/387/387 386/386/386 389/389/389
f 388/388/388 387/387/387 389/389/389
f 388/388/388 389/389/389 390/390/390
f 309/309/309 308/308/308 391/391/391
f 309/309/309 391/391/391 392/392/392
f 308/308/308 303/303/303 388/388/388
f 308/308/308 388/388/388 391/391/391
f 391/391/391 388/388/388 390/390/390
f 391/391/391 390/390/390 393/393/393
f 392/392/392 391/391/391 393/393/393
f 392/392/392 393/393/393 394/394/394
f 315/315/315 314/314/314 395/395/395
f 315/315/315 395/395/395 396/396/396
f 314/314/314 309/309/309 392/392/392
f 314/314/314 392/392/392 395/395/395
f 395/395/395 392/392/392 394/394/394
f 395/395/395 394/394/394 397/397/397
f 396/396/396 395/395/395 397/397/397
f 396/396/396 397/397/397 398/398/398
f 321/321/321 320/320/320 399/399/399
f 321/321/321 399/399/399 400/400/400
f 320/320/320 315/315/315 396/396/396
f 320/320/320 396/396/396 399/399/399
f 399/399/399 396/396/396 398/398/398
f 399/399/399 398/398/398 401/401/401
f 400/400/400 399/399/399 401/401/401
f 400/400/400 401/401/401 402/402/402
f 211/211/211 324/324/324 403/403/403
f 211/211/211 403/403/403 327/327/327
f 324/324/324 321/321/321 400/400/400
f 324/324/324 400/400/400 403/403/403
f 403/403/403 400/400/400 402/402/402
f 403/403/403 402/402/402 404/404/404
f 327/327/327 403/403/403 404/404/404
f 327/327/327 404/404/404 328/328/328
f 330/330/330 329/329/329 405/405/405
f 330/330/330 405/405/405 406/406/406
f 329/329/329 328/328/328 407/407/407
f 329/329/329 407/407/407 405/405/405
f 405/405/405 407/407/407 408/408/408
f 405/405/405 408/408/408 409/409/409
f 406/406/406 405/405/405 409/409/409
f 406/406/406 409/409/409 410/410/410
f 334/334/334 333/333/333 411/411/411
f 334/334/334 411/411/411 412/412/412
f 333/333/333 330/330/330 406/406/406
f 333/333/333 406/406/406 411/411/411
f 411/411/411 406/406/406 410/410/410
f 411/411/411 410/410/410 413/413/413
f 412/412/412 411/411/411 413/413/413
f 412/412/412 413/413/413 414/414/414
f 338/338/338 337/337/337 415/415/415
f 338/338/338 415/415/415 416/416/416
f 337/337/337 334/334/334 412/412/412
f 337/337/337 412/412/412 415/415/415
f 415/415/415 412/412/412 414/414/414
f 415/415/415 414/414/414 417/417/417
f 416/416/416 415/415/415 417/417/417
f 416/416/416 417/417/417 418/418/418
f 342/342/342 341/341/341 419/419/419
f 342/342/342 419/419/419 420/420/420
f 341/341/341 338/338/338 416/416/416
f 341/341/341 416/416/416 419/419/419
f 419/419/419 416/416/416 418/418/418
f 419/419/419 418/418/418 421/421/421
f 420/420/420 419/419/419 421/421/421
f 420/420/420 421/421/421 422/422/422
f 346/346/346 345/345/345 423/423/423
f 346/346/346 423/423/423 424/424/424
f 345/345/345 342/342/342 420/420/420
f 345/345/345 420/420/420 423/423/423
f 423/423/423 420/420/420 422/422/422
f 423/423/423 422/422/422 425/425/425
f 424/424/424 423/423/423 425/425/425
f 424/424/424 425/425/425 426/426/426
f 350/350/350 349/349/349 427/427/427
f 350/350/350 427/427/427 428/428/428
f 349/349/349 346/346/346 424/424/424
f 349/349/349 424/424/424 427/427/427
f 427/427/427 424/424/424 426/426/426
f 427/427/427 426/426/426 429/429/429
f 428/428/428 427/427/427 429/429/429
f 428/428/428 429/429/429 430/430/430
f 354/354/354 353/353/353 431/431/431
f 354/354/354 431/431/431 432/432/432
f 353/353/353 350/350/350 428/428/428
f 353/353/353 428/428/428 431/431/431
f 431/431/431 428/428/428 430/430/430
f 431/431/431 430/430/430 433/433/433
f 432/432/432 431/431/431 433/433/433
f 432/432/432 433/433/433 434/434/434
f 358/358/358 357/357/357 435/435/435
f 358/358/358 435/435/435 436/436/436
f 357/357/357 354/354/354 432/432/432
f 357/357/357 432/432/432 435/435/435
f 435/435/435 432/432/432 434/434/434
f 435/435/435 434/434/434 437/437/437
f 436/436/436 435/435/435 437/437/437
f 436/436/436 437/437/437 438/438/438
f 362/362/362 361/361/361 439/439/439
f 362/362/362 439/439/439 440/440/440
f 361/361/361 358/358/358 436/436/436
f 361/361/361 436/436/436 439/439/439
f 439/439/439 436/436/436 438/438/438
f 439/439/439 438/438/438 441/441/441
f 440/440/440 439/439/439 441/441/441
f 440/440/440 441/441/441 442/442/442
f 366/366/366 365/365/365 443/443/443
f 366/366/366 443/443/443 444/444/444
f 365/365/365 362/362/362 440/440/440
f 365/365/365 440/440/440 443/443/443
f 443/443/443 440/440/440 442/442/442
f 443/443/443 442/442/442 445/445/445
f 444/444/444 443/443/443 445/445/445
f 444/444/444 445/445/445 446/446/446
f 370/370/370 369/369/369 447/447/447
f 370/370/370 447/447/447 448/448/448
f 369/369/369 366/366/366 444/444/444
f 369/369/369 444/444/444 447/447/447
f 447/447/447 444/444/444 446/446/446
f 447/447/447 446/446/446 449/449/449
f 448/448/448 447/447/447 449/449/449
f 448/448/448 449/449/449 450/450/450
f 374/374/374 373/373/373 451/451/451
f 374/374/374 451/451/451 452/452/452
f 373/373/373 370/370/370 448/448/448
f 373/373/373 448/448/448 451/451/451
f 451/451/451 448/448/448 450/450/450
f 451/451/451 450/450/450 453/453/453
f 452/452/452 451/451/451 453/453/453
f 452/452/452 453/453/453 454/454/454
f 378/378/378 377/377/377 455/455/455
f 378/378/378 455/455/455 456/456/456
f 377/377/377 374/374/374 452/452/452
f 377/377/377 452/452/452 455/455/455
f 455/455/455 452/452/452 454/454/454
f 455/455/455 454/454/454 457/457/457
f 456/456/456 455/455/455 457/457/457
f 456/456/456 457/457/457 458/458/458
f 382/382/382 381/381/381 459/459/459
f 382/382/382 459/459/459 460/460/460
f 381/381/381 378/378/378 456/456/456
f 381/381/381 456/456/456 459/459/459
f 459/459/459 456/456/456 458/458/458
f 459/459/459 458/458/458 461/461/461
f 460/460/460 459/459/459 461/461/461
f 460/460/460 461/461/461 462/462/462
f 386/386/386 385/385/385 463/463/463
f 386/386/386 463/463/463 464/464/464
f 385/385/385 382/382/382 460/460/460
f 385/385/385 460/460/460 463/463/463
f 463/463/463 460/460/460 462/462/462
f 463/463/463 462/462/462 465/465/465
f 464/464/464 463/463/463 465/465/465
f 464/464/464 465/465/465 466/466/466
f 390/390/390 389/389/389 467/467/467
f 390/390/390 467/467/467 468/468/468
f 389/389/389 386/386/386 464/464/464
f 389/389/389 464/464/464 467/467/467
f 467/467/467 464/464/464 466/466/466
f 467/467/467 466/466/466 469/469/469
f 468/468/468 467/467/467 469/469/469
f 468/468/468 469/469/469 470/470/470
f 394/394/394 393/393/393 471/471/471
f 394/394/394 471/471/471 472/472/472
f 393/393/393 390/390/390 468/468/468
f 393/393/393 468/468/468 471/471/471
f 471/471/471 468/468/468 470/470/470
f 471/471/471 470/470/470 473/473/473
f 472/472/472 471/471/471 473/473/473
f 472/472/472 473/473/473 474/474/474
f 398/398/398 397/397/397 475/475/475
f 398/398/398 475/475/475 476/476/476
f 397/397/397 394/394/394 472/472/472
f 397/397/397 472/472/472 475/475/475
f 475/475/475 472/472/472 474/474/474
f 475/475/475 474/474/474 477/477/477
f 476/476/476 475/475/475 477/477/477
f 476/476/476 477/477/477 478/478/478
f 402/402/402 401/401/401 479/479/479
f 402/402/402 479/479/479 480/480/480
f 401/401/401 398/398/398 476/476/476
f 401/401/401 476/476/476 479/479/479
f 479/479/479 476/476/476 478/478/478
f 479/479/479 478/478/478 481/481/481
f 480/480/480 479/479/479 481/481/481
f 480/480/480 481/481/481 482/482/482
f 328/328/328 404/404/404 483/483/483
f 328/328/328 483/483/483 407/407/407
f 404/404/404 402/402/402 480/480/480
f 404/404/404 480/480/480 483/483/483
f 483/483/483 480/480/480 482/482/482
f 483/483/483 482/482/482 484/484/484
f 407/407/407 483/483/483 484/484/484
f 407/407/407 484/484/484 408/408/408
f 485/485/485 486/486/486 487/487/487
f 485/485/485 487/487/487 488/488/488
f 486/486/486 489/489/489 490/490/490
f 486/486/486 490/490/490 487/487/487
f 487/487/487 490/490/490 491/491/491
f 487/487/487 491/491/491 492/492/492
f 488/488/488 487/487/487 492/492/492
f 488/488/488 492/492/492 493/493/493
f 489/489/489 494/494/494 495/495/495
f 489/489/489 495/495/495 490/490/490
f 494/494/494 496/496/496 497/497/497
f 494/494/494 497/497/497 495/495/495
f 495/495/495 497/497/497 498/498/498
f 495/495/495 498/498/498 499/499/499
f 490/490/490 495/495/495 499/499/499
f 490/490/490 499/499/499 491/491/491
f 496/496/496 500/500/500 501/501/501
f 496/496/496 501/501/501 497/497/497
f 500/500/500 502/502/502 503/503/503
f 500/500/500 503/503/503 501/501/501
f 501/501/501 503/503/503 504/504/504
f 501/501/501 504/504/504 505/505/505
f 497/497/497 501/501/501 505/505/505
f 497/497/497 505/505/505 498/498/498
f 502/502/502 506/506/506 507/507/507
f 502/502/502 507/507/507 503/503/503
f 506/506/506 508/508/508 509/509/509
f 506/506/506 509/509/509 507/507/507
f 507/507/507 509/509/509 510/510/510
f 507/507/507 510/510/510 511/511/511
f 503/503/503 507/507/507 511/511/511
f 503/503/503 511/511/511 504/504/504
f 508/508/508 512/512/512 513/513/513
f 508/508/508 513/513/513 509/509/509
f 512/512/512 514/514/514 515/515/515
f 512/512/512 515/515/515 513/513/513
f 513/513/513 515/515/515 516/516/516
f 513/513/513 516/516/516 517/517/517
f 509/509/509 513/513/513 517/517/517
f 509/509/509 517/517/517 510/510/510
f 514/514/514 518/518/518 519/519/519
f 514/514/514 519/519/519 515/515/515
f 518/518/518 520/520/520 521/521/521
f 518/518/518 521/521/521 519/519/519
f 519/519/519 521/521/521 522/522/522
f 519/519/519 522/522/522 523/523/523
f 515/515/515 519/519/519 523/523/523
f 515/515/515 523/523/523 516/516/516
f 520/520/520 524/524/524 525/525/525
f 520/520/520 525/525/525 521/521/521
f 524/524/524 526/526/526 527/527/527
f 524/524/524 527/527/527 525/525/525
f 525/525/525 527/527/527 528/528/528
f 525/525/525 528/528/528 529/529/529
f 521/521/521 525/525/525 529/529/529
f 521/521/521 529/529/529 522/522/522
f 526/526/526 530/530/530 531/531/531
f 526/526/526 531/531/531 527/527/527
f 530/530/530 532/532/532 533/533/533
f 530/530/530 533/533/533 531/531/531
f 531/531/531 533/533/533 534/534/534
f 531/531/531 534/534/534 535/535/535
f 527/527/527 531/531/531 535/535/535
f 527/527/527 535/535/535 528/528/528
f 532/532/532 536/536/536 537/537/537
f 532/532/532 537/537/537 533/533/533
f 536/536/536 538/538/538 539/539/539
f 536/536/536 539/539/539 537/537/537
f 537/537/537 539/539/539 540/540/540
f 537/537/537 540/540/540 541/541/541
f 533/533/533 537/537/537 541/541/541
f 533/533/533 541/541/541 534/534/534
f 538/538/538 542/542/542 543/543/543
f 538/538/538 543/543/543 539/539/539
f 542/542/542 544/544/544 545/545/545
f 542/542/542 545/545/545 543/543/543
f 543/543/543 545/545/545 546/546/546
f 543/543/543 546/546/546 547/547/547
f 539/539/539 543/543/543 547/547/547
f 539/539/539 547/547/547 540/540/540
f 544/544/544 548/548/548 549/549/549
f 544/544/544 549/549/549 545/545/545
f 548/548/548 550/550/550 551/551/551
f 548/548/548 551/551/551 549/549/549
f 549/549/549 551/551/551 552/552/552
f 549/549/549 552/552/552 553/553/553
f 545/545/545 549/549/549 553/553/553
f 545/545/545 553/553/553 546/546/546
f 550/550/550 554/554/554 555/555/555
f 550/550/550 555/555/555 551/551/551
f 554/554/554 556/556/556 557/557/557
f 554/554/554 557/557/557 555/555/555
f 555/555/555 557/557/557 558/558/558
f 555/555/555 558/558/558 559/559/559
f 551/551/551 555/555/555 559/559/559
f 551/551/551 559/559/559 552/552/552
f 556/556/556 560/560/560 561/561/561
f 556/556/556 561/561/561 557/557/557
f 560/560/560 562/562/562 563/563/563
f 560/560/560 563/563/563 561/561/561
f 561/561/561 563/563/563 564/564/564
f 561/561/561 564/564/564 565/565/565
f 557/557/557 561/561/561 565/565/565
f 557/557/557 565/565/565 558/558/558
f 562/562/562 566/566/566 567/567/567
f 562/562/562 567/567/567 563/563/563
f 566/566/566 568/568/568 569/569/569
f 566/566/566 569/569/569 567/567/567
f 567/567/567 569/569/569 570/570/570
f 567/567/567 570/570/570 571/571/571
f 563/563/563 567/567/567 571/571/571
f 563/563/563 571/571/571 564/564/564
f 568/568/568 572/572/572 573/573/573
f 568/568/568 573/573/573 569/569/569
f 572/572/572 574/574/574 575/575/575
f 572/572/572 575/575/575 573/573/573
f 573/573/573 575/575/575 576/576/576
f 573/573/573 576/576/576 577/577/577
f 569/569/569 573/573/573 577/577/577
f 569/569/569 577/577/577 570/570/570
f 574/574/574 578/578/578 579/579/579
f 574/574/574 579/579/579 575/575/575
f 578/578/578 580/580/580 581/581/581
f 578/578/578 581/581/581 579/579/579
f 579/579/579 581/581/581 582/582/582
f 579/579/579 582/582/582 583/583/583
f 575/575/575 579/579/579 583/583/583
f 575/575/575 583/583/583 576/576/576
f 580/580/580 584/584/584 585/585/585
f 580/580/580 585/585/585 581/581/581
f 584/584/584 586/586/586 587/587/587
f 584/584/584 587/587/587 585/585/585
f 585/585/585 587/587/587 588/588/588
f 585/585/585 588/588/588 589/589/589
f 581/581/581 585/585/585 589/589/589
f 581/581/581 589/589/589 582/582/582
f 586/586/586 590/590/590 591/591/591
f 586/586/586 591/591/591 587/587/587
f 590/590/590 592/592/592 593/593/593
f 590/590/590 593/593/593 591/591/591
f 591/591/591 593/593/593 594/594/594
f 591/591/591 594/594/594 595/595/595
f 587/587/587 591/591/591 595/595/595
f 587/587/587 595/595/595 588/588/588
f 592/592/592 596/596/596 597/597/597
f 592/592/592 597/597/597 593/593/593
f 596/596/596 598/598/598 599/599/599
f 596/596/596 599/599/599 597/597/597
f 597/597/597 599/599/599 600/600/600
f 597/597/597 600/600/600 601/601/601
f 593/593/593 597/597/597 601/601/601
f 593/593/593 601/601/601 594/594/594
f 598/598/598 602/602/602 603/603/603
f 598/598/598 603/603/603 599/599/599
f 602/602/602 485/485/485 488/488/488
f 602/602/602 488/488/488 603/603/603
f 603/603/603 488/488/488 493/493/493
f 603/603/603 493/493/493 604/604/604
f 599/599/599 603/603/603 604/604/604
f 599/599/599 604/604/604 600/600/600
f 493/493/493 492/492/492 605/605/605
f 493/493/493 605/605/605 606/606/606
f 492/492/492 491/491/491 607/607/607
f 492/492/492 607/607/607 605/605/605
f 605/605/605 607/607/607 608/608/608
f 605/605/605 608/608/608 609/609/609
f 606/606/606 605/605/605 609/609/609
f 606/606/606 609/609/609 610/610/610
f 491/491/491 499/499/499 611/611/611
f 491/491/491 611/611/611 607/607/607
f 499/499/499 498/498/498 612/612/612
f 499/499/499 612/612/612 611/611/611
f 611/611/611 612/612/612 613/613/613
f 611/611/611 613/613/613 614/614/614
f 607/607/607 611/611/611 614/614/614
f 607/607/607 614/614/614 608/608/608
f 498/498/498 505/505/505 615/615/615
f 498/498/498 615/615/615 612/612/612
f 505/505/505 504/504/504 616/616/616
f 505/505/505 616/616/616 615/615/615
f 615/615/615 616/616/616 617/617/617
f 615/615/615 617/617/617 618/618/618
f 612/612/612 615/615/615 618/618/618
f 612/612/612 618/618/618 613/613/613
f 504/504/504 511/511/511 619/619/619
f 504/504/504 619/619/619 616/616/616
f 511/511/511 510/510/510 620/620/620
f 511/511/511 620/620/620 619/619/619
f 619/619/619 620/620/620 621/621/621
f 619/619/619 621/621/621 622/622/622
f 616/616/616 619/619/619 622/622/622
f 616/616/616 622/622/622 617/617/617
f 510/510/510 517/517/517 623/623/623
f 510/510/510 623/623/623 620/620/620
f 517/517/517 516/516/516 624/624/624
f 517/517/517 624/624/624 623/623/623
f 623/623/623 624/624/624 625/625/625
f 623/623/623 625/625/625 626/626/626
f 620/620/620 623/623/623 626/626/626
f 620/620/620 626/626/626 621/621/621
f 516/516/516 523/523/523 627/627/627
f 516/516/516 627/627/627 624/624/624
f 523/523/523 522/522/522 628/628/628
f 523/523/523 628/628/628 627/627/627
f 627/627/627 628/628/628 629/629/629
f 627/627/627 629/629/629 630/630/630
f 624/624/624 627/627/627 630/630/630
f 624/624/624 630/630/630 625/625/625
f 522/522/522 529/529/529 631/631/631
f 522/522/522 631/631/631 628/628/628
f 529/529/529 528/528/528 632/632/632
f 529/529/529 632/632/632 631/631/631
f 631/631/631 632/632/632 633/633/633
f 631/631/631 633/633/633 634/634/634
f 628/628/628 631/631/631 634/634/634
f 628/628/628 634/634/634 629/629/629
f 528/528/528 535/535/535 635/635/635
f 528/528/528 635/635/635 632/632/632
f 535/535/535 534/534/534 636/636/636
f 535/535/535 636/636/636 635/635/635
f 635/635/635 636/636/636 637/637/637
f 635/635/635 637/637/637 638/638/638
f 632/632/632 635/635/635 638/638/638
f 632/632/632 638/638/638 633/633/633
f 534/534/534 541/541/541 639/639/639
f 534/534/534 639/639/639 636/636/636
f 541/541/541 540/540/540 640/640/640
f 541/541/541 640/640/640 639/639/639
f 639/639/639 640/640/640 641/641/641
f 639/639/639 641/641/641 642/642/642
f 636/636/636 639/639/639 642/642/642
f 636/636/636 642/642/642 637/637/637
f 540/540/540 547/547/547 643/643/643
f 540/540/540 643/643/643 640/640/640
f 547/547/547 546/546/546 644/644/644
f 547/547/547 644/644/644 643/643/643
f 643/643/643 644/644/644 645/645/645
f 643/643/643 645/645/645 646/646/646
f 640/640/640 643/643/643 646/646/646
f 640/640/640 646/646/646 641/641/641
f 546/546/546 553/553/553 647/647/647
f 546/546/546 647/647/647 644/644/644
f 553/553/553 552/552/552 648/648/648
f 553/553/553 648/648/648 647/647/647
f 647/647/647 648/648/648 649/649/649
f 647/647/647 649/649/649 650/650/650
f 644/644/644 647/647/647 650/650/650
f 644/644/644 650/650/650 645/645/645
f 552/552/552 559/559/559 651/651/651
f 552/552/552 651/651/651 648/648/648
f 559/559/559 558/558/558 652/652/652
f 559/559/559 652/652/652 651/651/651
f 651/651/651 652/652/652 653/653/653
f 651/651/651 653/653/653 654/654/654
f 648/648/648 651/651/651 654/654/654
f 648/648/648 654/654/654 649/649/649
f 558/558/558 565/565/565 655/655/655
f 558/558/558 655/655/655 652/652/652
f 565/565/565 564/564/564 656/656/656
f 565/565/565 656/656/656 655/655/655
f 655/655/655 656/656/656 657/657/657
f 655/655/655 657/657/657 658/658/658
f 652/652/652 655/655/655 658/658/658
f 652/652/652 658/658/658 653/653/653
f 564/564/564 571/571/571 659/659/659
f 564/564/564 659/659/659 656/656/656
f 571/571/571 570/570/570 660/660/660
f 571/571/571 660/660/660 659/659/659
f 659/659/659 660/660/660 661/661/661
f 659/659/659 661/661/661 662/662/662
f 656/656/656 659/659/659 662/662/662
f 656/656/656 662/662/662 657/657/657
f 570/570/570 577/577/577 663/663/663
f 570/570/570 663/663/663 660/660/660
f 577/577/577 576/576/576 664/664/664
f 577/577/577 664/664/664 663/663/663
f 663/663/663 664/664/664 665/665/665
f 663/663/663 665/665/665 666/666/666
f 660/660/660 663/663/663 666/666/666
f 660/660/660 666/666/666 661/661/661
f 576/576/576 583/583/583 667/667/667
f 576/576/576 667/667/667 664/664/664
f 583/583/583 582/582/582 668/668/668
f 583/583/583 668/668/668 667/667/667
f 667/667/667 668/668/668 669/669/669
f 667/667/667 669/669/669 670/670/670
f 664/664/664 667/667/667 670/670/670
f 664/664/664 670/670/670 665/665/665
f 582/582/582 589/589/589 671/671/671
f 582/582/582 671/671/671 668/668/668
f 589/589/589 588/588/588 672/672/672
f 589/589/589 672/672/672 671/671/671
f 671/671/671 672/672/672 673/673/673
f 671/671/671 673/673/673 674/674/674
f 668/668/668 671/671/671 674/674/674
f 668/668/668 674/674/674 669/669/669
f 588/588/588 595/595/595 675/675/675
f 588/588/588 675/675/675 672/672/672
f 595/595/595 594/594/594 676/676/676
f 595/595/595 676/676/676 675/675/675
f 675/675/675 676/676/676 677/677/677
f 675/675/675 677/677/677 678/678/678
f 672/672/672 675/675/675 678/678/678
f 672/672/672 678/678/678 673/673/673
f 594/594/594 601/601/601 679/679/679
f 594/594/594 679/679/679 676/676/676
f 601/601/601 600/600/600 680/680/680
f 601/601/601 680/680/680 679/679/679
f 679/679/679 680/680/680 681/681/681
f 679/679/679 681/681/681 682/682/682
f 676/676/676 679/679/679 682/682/682
f 676/676/676 682/682/682 677/677/677
f 600/600/600 604/604/604 683/683/683
f 600/600/600 683/683/683 680/680/680
f 604/604/604 493/493/493 606/606/606
f 604/604/604 606/606/606 683/683/683
f 683/683/683 606/606/606 610/610/610
f 683/683/683 610/610/610 684/684/684
f 680/680/680 683/683/683 684/684/684
f 680/680/680 684/684/684 681/681/681
f 610/610/610 609/609/609 685/685/685
f 610/610/610 685/685/685 686/686/686
f 609/609/609 608/608/608 687/687/687
f 609/609/609 687/687/687 685/685/685
f 685/685/685 687/687/687 688/688/688
f 685/685/685 688/688/688 689/689/689
f 686/686/686 685/685/685 689/689/689
f 686/686/686 689/689/689 690/690/690
f 608/608/608 614/614/614 691/691/691
f 608/608/608 691/691/691 687/687/687
f 614/614/614 613/613/613 692/692/692
f 614/614/614 692/692/692 691/691/691
f 691/691/691 692/692/692 693/693/693
f 691/691/691 693/693/693 694/694/694
f 687/687/687 691/691/691 694/694/694
f 687/687/687 694/694/694 688/688/688
f 613/613/613 618/618/618 695/695/695
f 613/613/613 695/695/695 692/692/692
f 618/618/618 617/617/617 696/696/696
f 618/618/618 696/696/696 695/695/695
f 695/695/695 696/696/696 697/697/697
f 695/695/695 697/697/697 698/698/698
f 692/692/692 695/695/695 698/698/698
f 692/692/692 698/698/698 693/693/693
f 617/617/617 622/622/622 699/699/699
f 617/617/617 699/699/699 696/696/696
f 622/622/622 621/621/621 700/700/700
f 622/622/622 700/700/700 699/699/699
f 699/699/699 700/700/700 701/701/701
f 699/699/699 701/701/701 702/702/702
f 696/696/696 699/699/699 702/702/702
f 696/696/696 702/702/702 697/697/697
f 621/621/621 626/626/626 703/703/703
f 621/621/621 703/703/703 700/700/700
f 626/626/626 625/625/625 704/704/704
f 626/626/626 704/704/704 703/703/703
f 703/703/703 704/704/704 705/705/705
f 703/703/703 705/705/705 706/706/706
f 700/700/700 703/703/703 706/706/706
f 700/700/700 706/706/706 701/701/701
f 625/625/625 630/630/630 707/707/707
f 625/625/625 707/707/707 704/704/704
f 630/630/630 629/629/629 708/708/708
f 630/630/630 708/708/708 707/707/707
f 707/707/707 708/708/708 709/709/709
f 707/707/707 709/709/709 710/710/710
f 704/704/704 707/707/707 710/710/710
f 704/704/704 710/710/710 705/705/705
f 629/629/629 634/634/634 711/711/711
f 629/629/629 711/711/711 708/708/708
f 634/634/634 633/633/633 712/712/712
f 634/634/634 712/712/712 711/711/711
f 711/711/711 712/712/712 713/713/713
f 711/711/711 713/713/713 714/714/714
f 708/708/708 711/711/711 714/714/714
f 708/708/708 714/714/714 709/709/709
f 633/633/633 638/638/638 715/715/715
f 633/633/633 715/715/715 712/712/712
f 638/638/638 637/637/637 716/716/716
f 638/638/638 716/716/716 715/715/715
f 715/715/715 716/716/716 717/717/717
f 715/715/715 717/717/717 718/718/718
f 712/712/712 715/715/715 718/718/718
f 712/712/712 718/718/718 713/713/713
f 637/637/637 642/642/642 719/719/719
f 637/637/637 719/719/719 716/716/716
f 642/642/642 641/641/641 720/720/720
f 642/642/642 720/720/720 719/719/719
f 719/719/719 720/720/720 721/721/721
f 719/719/719 721/721/721 722/722/722
f 716/716/716 719/719/719 722/722/722
f 716/716/716 722/722/722 717/717/717
f 641/641/641 646/646/646 723/723/723
f 641/641/641 723/723/723 720/720/720
f 646/646/646 645/645/645 724/724/724
f 646/646/646 724/724/724 723/723/723
f 723/723/723 724/724/724 725/725/725
f 723/723/723 725/725/725 726/726/726
f 720/720/720 723/723/723 726/726/726
f 720/720/720 726/726/726 721/721/721
f 645/645/645 650/650/650 727/727/727
f 645/645/645 727/727/727 724/724/724
f 650/650/650 649/649/649 728/728/728
f 650/650/650 728/728/728 727/727/727
f 727/727/727 728/728/728 729/729/729
f 727/727/727 729/729/729 730/730/730
f 724/724/724 727/727/727 730/730/730
f 724/724/724 730/730/730 725/725/725
f 649/649/649 654/654/654 731/731/731
f 649/649/649 731/731/731 728/728/728
f 654/654/654 653/653/653 732/732/732
f 654/654/654 732/732/732 731/731/731
f 731/731/731 732/732/732 733/733/733
f 731/731/731 733/733/733 734/734/734
f 728/728/728 731/731/731 734/734/734
f 728/728/728 734/734/734 729/729/729
f 653/653/653 658/658/658 735/735/735
f 653/653/653 735/735/735 732/732/732
f 658/658/658 657/657/657 736/736/736
f 658/658/658 736/736/736 735/735/735
f 735/735/735 736/736/736 737/737/737
f 735/735/735 737/737/737 738/738/738
f 732/732/732 735/735/735 738/738/738
f 732/732/732 738/738/738 733/733/733
f 657/657/657 662/662/662 739/739/739
f 657/657/657 739/739/739 736/736/736
f 662/662/662 661/661/661 740/740/740
f 662/662/662 740/740/740 739/739/739
f 739/739/739 740/740/740 741/741/741
f 739/739/739 741/741/741 742/742/742
f 736/736/736 739/739/739 742/742/742
f 736/736/736 742/742/742 737/737/737
f 661/661/661 666/666/666 743/743/743
f 661/661/661 743/743/743 740/740/740
f 666/666/666 665/665/665 744/744/744
f 666/666/666 744/744/744 743/743/743
f 743/743/743 744/744/744 745/745/745
f 743/743/743 745/745/745 746/746/746
f 740/740/740 743/743/743 746/746/746
f 740/740/740 746/746/746 741/741/741
f 665/665/665 670/670/670 747/747/747
f 665/665/665 747/747/747 744/744/744
f 670/670/670 669/669/669 748/748/748
f 670/670/670 748/748/748 747/747/747
f 747/747/747 748/748/748 749/749/749
f 747/747/747 749/749/749 750/750/750
f 744/744/744 747/747/747 750/750/750
f 744/744/744 750/750/750 745/745/745
f 669/669/669 674/674/674 751/751/751
f 669/669/669 751/751/751 748/748/748
f 674/674/674 673/673/673 752/752/752
f 674/674/674 752/752/752 751/751/751
f 751/751/751 752/752/752 753/753/753
f 751/751/751 753/753/753 754/754/754
f 748/748/748 751/751/751 754/754/754
f 748/748/748 754/754/754 749/749/749
f 673/673/673 678/678/678 755/755/755
f 673/673/673 755/755/755 752/752/752
f 678/678/678 677/677/677 756/756/756
f 678/678/678 756/756/756 755/755/755
f 755/755/755 756/756/756 757/757/757
f 755/755/755 757/757/757 758/758/758
f 752/752/752 755/755/755 758/758/758
f 752/752/752 758/758/758 753/753/753
f 677/677/677 682/682/682 759/759/759
f 677/677/677 759/759/759 756/756/756
f 682/682/682 681/681/681 760/760/760
f 682/682/682 760/760/760 759/759/759
f 759/759/759 760/760/760 761/761/761
f 759/759/759 761/761/761 762/762/762
f 756/756/756 759/759/759 762/762/762
f 756/756/756 762/762/762 757/757/757
f 681/681/681 684/684/684 763/763/763
f 681/681/681 763/763/763 760/760/760
f 684/684/684 610/610/610 686/686/686
f 684/684/684 686/686/686 763/763/763
f 763/763/763 686/686/686 690/690/690
f 763/763/763 690/690/690 764/764/764
f 760/760/760 763/763/763 764/764/764
f 760/760/760 764/764/764 761/761/761
f 690/690/690 689/689/689 765/765/765
f 690/690/690 765/765/765 766/766/766
f 689/689/689 688/688/688 767/767/767
f 689/689/689 767/767/767 765/765/765
f 765/765/765 767/767/767 768/768/768
f 765/765/765 768/768/768 769/769/769
f 766/766/766 765/765/765 769/769/769
f 766/766/766 769/769/769 770/770/770
f 688/688/688 694/694/694 771/771/771
f 688/688/688 771/771/771 767/767/767
f 694/694/694 693/693/693 772/772/772
f 694/694/694 772/772/772 771/771/771
f 771/771/771 772/772/772 773/773/773
f 771/771/771 773/773/773 774/774/774
f 767/767/767 771/771/771 774/774/774
f 767/767/767 774/774/774 768/768/768
f 693/693/693 698/698/698 775/775/775
f 693/693/693 775/775/775 772/772/772
f 698/698/698 697/697/697 776/776/776
f 698/698/698 776/776/776 775/775/775
f 775/775/775 776/776/776 777/777/777
f 775/775/775 777/777/777 778/778/778
f 772/772/772 775/775/775 778/778/778
f 772/772/772 778/778/778 773/773/773
f 697/697/697 702/702/702 779/779/779
f 697/697/697 779/779/779 776/776/776
f 702/702/702 701/701/701 780/780/780
f 702/702/702 780/780/780 779/779/779
f 779/779/779 780/780/780 781/781/781
f 779/779/779 781/781/781 782/782/782
f 776/776/776 779/779/779 782/782/782
f 776/776/776 782/782/782 777/777/777
f 701/701/701 706/706/706 783/783/783
f 701/701/701 783/783/783 780/780/780
f 706/706/706 705/705/705 784/784/784
f 706/706/706 784/784/784 783/783/783
f 783/783/783 784/784/784 785/785/785
f 783/783/783 785/785/785 786/786/786
f 780/780/780 783/783/783 786/786/786
f 780/780/780 786/786/786 781/781/781
f 705/705/705 710/710/710 787/787/787
f 705/705/705 787/787/787 784/784/784
f 710/710/710 709/709/709 788/788/788
f 710/710/710 788/788/788 787/787/787
f 787/787/787 788/788/788 789/789/789
f 787/787/787 789/789/789 790/790/790
f 784/784/784 787/787/787 790/790/790
f 784/784/784 790/790/790 785/785/785
f 709/709/709 714/714/714 791/791/791
f 709/709/709 791/791/791 788/788/788
f 714/714/714 713/713/713 792/792/792
f 714/714/714 792/792/792 791/791/791
f 791/791/791 792/792/792 793/793/793
f 791/791/791 793/793/793 794/794/794
f 788/788/788 791/791/791 794/794/794
f 788/788/788 794/794/794 789/789/789
f 713/713/713 718/718/718 795/795/795
f 713/713/713 795/795/795 792/792/792
f 718/718/718 717/717/717 796/796/796
f 718/718/718 796/796/796 795/795/795
f 795/795/795 796/796/796 797/797/797
f 795/795/795 797/797/797 798/798/798
f 792/792/792 795/795/795 798/798/798
f 792/792/792 798/798/798 793/793/793
f 717/717/717 722/722/722 799/799/799
f 717/717/717 799/799/799 796/796/796
f 722/722/722 721/721/721 800/800/800
f 722/722/722 800/800/800 799/799/799
f 799/799/799 800/800/800 801/801/801
f 799/799/799 801/801/801 802/802/802
f 796/796/796 799/799/799 802/802/802
f 796/796/796 802/802/802 797/797/797
f 721/721/721 726/726/726 803/803/803
f 721/721/721 803/803/803 800/800/800
f 726/726/726 725/725/725 804/804/804
f 726/726/726 804/804/804 803/803/803
f 803/803/803 804/804/804 805/805/805
f 803/803/803 805/805/805 806/806/806
f 800/800/800 803/803/803 806/806/806
f 800/800/800 806/806/806 801/801/801
f 725/725/725 730/730/730 807/807/807
f 725/725/725 807/807/807 804/804/804
f 730/730/730 729/729/729 808/808/808
f 730/730/730 808/808/808 807/807/807
f 807/807/807 808/808/808 809/809/809
f 807/807/807 809/809/809 810/810/810
f 804/804/804 807/807/807 810/810/810
f 804/804/804 810/810/810 805/805/805
f 729/729/729 734/734/734 811/811/811
f 729/729/729 811/811/811 808/808/808
f 734/734/734 733/733/733 812/812/812
f 734/734/734 812/812/812 811/811/811
f 811/811/811 812/812/812 813/813/813
f 811/811/811 813/813/813 814/814/814
f 808/808/808 811/811/811 814/814/814
f 808/808/808 814/814/814 809/809/809
f 733/733/733 738/738/738 815/815/815
f 733/733/733 815/815/815 812/812/812
f 738/738/738 737/737/737 816/816/816
f 738/738/738 816/816/816 815/815/815
f 815/815/815 816/816/816 817/817/817
f 815/815/815 817/817/817 818/818/818
f 812/812/812 815/815/815 818/818/818
f 812/812/812 818/818/818 813/813/813
f 737/737/737 742/742/742 819/819/819
f 737/737/737 819/819/819 816/816/816
f 742/742/742 741/741/741 820/820/820
f 742/742/742 820/820/820 819/819/819
f 819/819/819 820/820/820 821/821/821
f 819/819/819 821/821/821 822/822/822
f 816/816/816 819/819/819 822/822/822
f 816/816/816 822/822/822 817/817/817
f 741/741/741 746/746/746 823/823/823
f 741/741/741 823/823/823 820/820/820
f 746/746/746 745/745/745 824/824/824
f 746/746/746 824/824/824 823/823/823
f 823/823/823 824/824/824 825/825/825
f 823/823/823 825/825/825 826/826/826
f 820/820/820 823/823/823 826/826/826
f 820/820/820 826/826/826 821/821/821
f 745/745/745 750/750/750 827/827/827
f 745/745/745 827/827/827 824/824/824
f 750/750/750 749/749/749 828/828/828
f 750/750/750 828/828/828 827/827/827
f 827/827/827 828/828/828 829/829/829
f 827/827/827 829/829/829 830/830/830
f 824/824/824 827/827/827 830/830/830
f 824/824/824 830/830/830 825/825/825
f 749/749/749 754/754/754 831/831/831
f 749/749/749 831/831/831 828/828/828
f 754/754/754 753/753/753 832/832/832
f 754/754/754 832/832/832 831/831/831
f 831/831/831 832/832/832 833/833/833
f 831/831/831 833/833/833 834/834/834
f 828/828/828 831/831/831 834/834/834
f 828/828/828 834/834/834 829/829/829
f 753/753/753 758/758/758 835/835/835
f 753/753/753 835/835/835 832/832/832
f 758/758/758 757/757/757 836/836/836
f 758/758/758 836/836/836 835/835/835
f 835/835/835 836/836/836 837/837/837
f 835/835/835 837/837/837 838/838/838
f 832/832/832 835/835/835 838/838/838
f 832/832/832 838/838/838 833/833/833
f 757/757/757 762/762/762 839/839/839
f 757/757/757 839/839/839 836/836/836
f 762/762/762 761/761/761 840/840/840
f 762/762/762 840/840/840 839/839/839
f 839/839/839 840/840/840 841/841/841
f 839/839/839 841/841/841 842/842/842
f 836/836/836 839/839/839 842/842/842
f 836/836/836 842/842/842 837/837/837
f 761/761/761 764/764/764 843/843/843
f 761/761/761 843/843/843 840/840/840
f 764/764/764 690/690/690 766/766/766
f 764/764/764 766/766/766 843/843/843
f 843/843/843 766/766/766 770/770/770
f 843/843/843 770/770/770 844/844/844
f 840/840/840 843/843/843 844/844/844
f 840/840/840 844/844/844 841/841/841
f 770/770/770 769/769/769 845/845/845
f 770/770/770 845/845/845 846/846/846
f 769/769/769 768/768/768 847/847/847
f 769/769/769 847/847/847 845/845/845
f 768/768/768 774/774/774 848/848/848
f 768/768/768 848/848/848 847/847/847
f 774/774/774 773/773/773 849/849/849
f 774/774/774 849/849/849 848/848/848
f 773/773/773 778/778/778 850/850/850
f 773/773/773 850/850/850 849/849/849
f 778/778/778 777/777/777 851/851/851
f 778/778/778 851/851/851 850/850/850
f 777/777/777 782/782/782 852/852/852
f 777/777/777 852/852/852 851/851/851
f 782/782/782 781/781/781 853/853/853
f 782/782/782 853/853/853 852/852/852
f 781/781/781 786/786/786 854/854/854
f 781/781/781 854/854/854 853/853/853
f 786/786/786 785/785/785 855/855/855
f 786/786/786 855/855/855 854/854/854
f 785/785/785 790/790/790 856/856/856
f 785/785/785 856/856/856 855/855/855
f 790/790/790 789/789/789 857/857/857
f 790/790/790 857/857/857 856/856/856
f 789/789/789 794/794/794 858/858/858
f 789/789/789 858/858/858 857/857/857
f 794/794/794 793/793/793 859/859/859
f 794/794/794 859/859/859 858/858/858
f 793/793/793 798/798/798 860/860/860
f 793/793/793 860/860/860 859/859/859
f 798/798/798 797/797/797 861/861/861
f 798/798/798 861/861/861 860/860/860
f 797/797/797 802/802/802 862/862/862
f 797/797/797 862/862/862 861/861/861
f 802/802/802 801/801/801 863/863/863
f 802/802/802 863/863/863 862/862/862
f 801/801/801 806/806/806 864/864/864
f 801/801/801 864/864/864 863/863/863
f 806/806/806 805/805/805 865/865/865
f 806/806/806 865/865/865 864/864/864
f 805/805/805 810/810/810 866/866/866
f 805/805/805 866/866/866 865/865/865
f 810/810/810 809/809/809 867/867/867
f 810/810/810 867/867/867 866/866/866
f 809/809/809 814/814/814 868/868/868
f 809/809/809 868/868/868 867/867/867
f 814/814/814 813/813/813 869/869/869
f 814/814/814 869/869/869 868/868/868
f 813/813/813 818/818/818 870/870/870
f 813/813/813 870/870/870 869/869/869
f 818/818/818 817/817/817 871/871/871
f 818/818/818 871/871/871 870/870/870
f 817/817/817 822/822/822 872/872/872
f 817/817/817 872/872/872 871/871/871
f 822/822/822 821/821/821 873/873/873
f 822/822/822 873/873/873 872/872/872
f 821/821/821 826/826/826 874/874/874
f 821/821/821 874/874/874 873/873/873
f 826/826/826 825/825/825 875/875/875
f 826/826/826 875/875/875 874/874/874
f 825/825/825 830/830/830 876/876/876
f 825/825/825 876/876/876 875/875/875
f 830/830/830 829/829/829 877/877/877
f 830/830/830 877/877/877 876/876/876
f 829/829/829 834/834/834 878/878/878
f 829/829/829 878/878/878 877/877/877
f 834/834/834 833/833/833 879/879/879
f 834/834/834 879/879/879 878/878/878
f 833/833/833 838/838/838 880/880/880
f 833/833/833 880/880/880 879/879/879
f 838/838/838 837/837/837 881/881/881
f 838/838/838 881/881/881 880/880/880
f 837/837/837 842/842/842 882/882/882
f 837/837/837 882/882/882 881/881/881
f 842/842/842 841/841/841 883/883/883
f 842/842/842 883/883/883 882/882/882
f 841/841/841 844/844/844 884/884/884
f 841/841/841 884/884/884 883/883/883
f 844/844/844 770/770/770 846/846/846
f 844/844/844 846/846/846 884/884/884
f 410/410/410 409/409/409 885/885/885
f 410/410/410 885/885/885 886/886/886
f 409/409/409 408/408/408 887/887/887
f 409/409/409 887/887/887 885/885/885
f 885/885/885 887/887/887 888/888/888
f 885/885/885 888/888/888 889/889/889
f 886/886/886 885/885/885 889/889/889
f 886/886/886 889/889/889 890/890/890
f 414/414/414 413/413/413 891/891/891
f 414/414/414 891/891/891 892/892/892
f 413/413/413 410/410/410 886/886/886
f 413/413/413 886/886/886 891/891/891
f 891/891/891 886/886/886 890/890/890
f 891/891/891 890/890/890 893/893/893
f 892/892/892 891/891/891 893/893/893
f 892/892/892 893/893/893 894/894/894
f 418/418/418 417/417/417 895/895/895
f 418/418/418 895/895/895 896/896/896
f 417/417/417 414/414/414 892/892/892
f 417/417/417 892/892/892 895/895/895
f 895/895/895 892/892/892 894/894/894
f 895/895/895 894/894/894 897/897/897
f 896/896/896 895/895/895 897/897/897
f 896/896/896 897/897/897 898/898/898
f 422/422/422 421/421/421 899/899/899
f 422/422/422 899/899/899 900/900/900
f 421/421/421 418/418/418 896/896/896
f 421/421/421 896/896/896 899/899/899
f 899/899/899 896/896/896 898/898/898
f 899/899/899 898/898/898 901/901/901
f 900/900/900 899/899/899 901/901/901
f 900/900/900 901/901/901 902/902/902
f 426/426/426 425/425/425 903/903/903
f 426/426/426 903/903/903 904/904/904
f 425/425/425 422/422/422 900/900/900
f 425/425/425 900/900/900 903/903/903
f 903/903/903 900/900/900 902/902/902
f 903/903/903 902/902/902 905/905/905
f 904/904/904 903/903/903 905/905/905
f 904/904/904 905/905/905 906/906/906
f 430/430/430 429/429/429 907/907/907
f 430/430/430 907/907/907 908/908/908
f 429/429/429 426/426/426 904/904/904
f 429/429/429 904/904/904 907/907/907
f 907/907/907 904/904/904 906/906/906
f 907/907/907 906/906/906 909/909/909
f 908/908/908 907/907/907 909/909/909
f 908/908/908 909/909/909 910/910/910
f 434/434/434 433/433/433 911/911/911
f 434/434/434 911/911/911 912/912/912
f 433/433/433 430/430/430 908/908/908
f 433/433/433 908/908/908 911/911/911
f 911/911/911 908/908/908 910/910/910
f 911/911/911 910/910/910 913/913/913
f 912/912/912 911/911/911 913/913/913
f 912/912/912 913/913/913 914/914/914
f 438/438/438 437/437/437 915/915/915
f 438/438/438 915/915/915 916/916/916
f 437/437/437 434/434/434 912/912/912
f 437/437/437 912/912/912 915/915/915
f 915/915/915 912/912/912 914/914/914
f 915/915/915 914/914/914 917/917/917
f 916/916/916 915/915/915 917/917/917
f 916/916/916 917/917/917 918/918/918
f 442/442/442 441/441/441 919/919/919
f 442/442/442 919/919/919 920/920/920
f 441/441/441 438/438/438 916/916/916
f 441/441/441 916/916/916 919/919/919
f 919/919/919 916/916/916 918/918/918
f 919/919/919 918/918/918 921/921/921
f 920/920/920 919/919/919 921/921/921
f 920/920/920 921/921/921 922/922/922
f 446/446/446 445/445/445 923/923/923
f 446/446/446 923/923/923 924/924/924
f 445/445/445 442/442/442 920/920/920
f 445/445/445 920/920/920 923/923/923
f 923/923/923 920/920/920 922/922/922
f 923/923/923 922/922/922 925/925/925
f 924/924/924 923/923/923 925/925/925
f 924/924/924 925/925/925 926/926/926
f 450/450/450 449/449/449 927/927/927
f 450/450/450 927/927/927 928/928/928
f 449/449/449 446/446/446 924/924/924
f 449/449/449 924/924/924 927/927/927
f 927/927/927 924/924/924 926/926/926
f 927/927/927 926/926/926 929/929/929
f 928/928/928 927/927/927 929/929/929
f 928/928/928 929/929/929 930/930/930
f 454/454/454 453/453/453 931/931/931
f 454/454/454 931/931/931 932/932/932
f 453/453/453 450/450/450 928/928/928
f 453/453/453 928/928/928 931/931/931
f 931/931/931 928/928/928 930/930/930
f 931/931/931 930/930/930 933/933/933
f 932/932/932 931/931/931 933/933/933
f 932/932/932 933/933/933 934/934/934
f 458/458/458 457/457/457 935/935/935
f 458/458/458 935/935/935 936/936/936
f 457/457/457 454/454/454 932/932/932
f 457/457/457 932/932/932 935/935/935
f 935/935/935 932/932/932 934/934/934
f 935/935/935 934/934/934 937/937/937
f 936/936/936 935/935/935 937/937/937
f 936/936/936 937/937/937 938/938/938
f 462/462/462 461/461/461 939/939/939
f 462/462/462 939/939/939 940/940/940
f 461/461/461 458/458/458 936/936/936
f 461/461/461 936/936/936 939/939/939
f 939/939/939 936/936/936 938/938/938
f 939/939/939 938/938/938 941/941/941
f 940/940/940 939/939/939 941/941/941
f 940/940/940 941/941/941 942/942/942
f 466/466/466 465/465/465 943/943/943
f 466/466/466 943/943/943 944/944/944
f 465/465/465 462/462/462 940/940/940
f 465/465/465 940/940/940 943/943/943
f 943/943/943 940/940/940 942/942/942
f 943/943/943 942/942/942 945/945/945
f 944/944/944 943/943/943 945/945/945
f 944/944/944 945/945/945 946/946/946
f 470/470/470 469/469/469 947/947/947
f 470/470/470 947/947/947 948/948/948
f 469/469/469 466/466/466 944/944/944
f 469/469/469 944/944/944 947/947/947
f 947/947/947 944/944/944 946/946/946
f 947/947/947 946/946/946 949/949/949
f 948/948/948 947/947/947 949/949/949
f 948/948/948 949/949/949 950/950/950
f 474/474/474 473/473/473 951/951/951
f 474/474/474 951/951/951 952/952/952
f 473/473/473 470/470/470 948/948/948
f 473/473/473 948/948/948 951/951/951
f 951/951/951 948/948/948 950/950/950
f 951/951/951 950/950/950 953/953/953
f 952/952/952 951/951/951 953/953/953
f 952/952/952 953/953/953 954/954/954
f 478/478/478 477/477/477 955/955/955
f 478/478/478 955/955/955 956/956/956
f 477/477/477 474/474/474 952/952/952
f 477/477/477 952/952/952 955/955/955
f 955/955/955 952/952/952 954/954/954
f 955/955/955 954/954/954 957/957/957
f 956/956/956 955/955/955 957/957/957
f 956/956/956 957/957/957 958/958/958
f 482/482/482 481/481/481 959/959/959
f 482/482/482 959/959/959 960/960/960
f 481/481/481 478/478/478 956/956/956
f 481/481/481 956/956/956 959/959/959
f 959/959/959 956/956/956 958/958/958
f 959/959/959 958/958/958 961/961/961
f 960/960/960 959/959/959 961/961/961
f 960/960/960 961/961/961 962/962/962
f 408/408/408 484/484/484 963/963/963
f 408/408/408 963/963/963 887/887/887
f 484/484/484 482/482/482 960/960/960
f 484/484/484 960/960/960 963/963/963
f 963/963/963 960/960/960 962/962/962
f 963/963/963 962/962/962 964/964/964
f 887/887/887 963/963/963 964/964/964
f 887/887/887 964/964/964 888/888/888
f 890/890/890 889/889/889 965/965/965
f 890/890/890 965/965/965 966/966/966
f 889/889/889 888/888/888 967/967/967
f 889/889/889 967/967/967 965/965/965
f 965/965/965 967/967/967 968/968/968
f 965/965/965 968/968/968 969/969/969
f 966/966/966 965/965/965 969/969/969
f 966/966/966 969/969/969 970/970/970
f 894/894/894 893/893/893 971/971/971
f 894/894/894 971/971/971 972/972/972
f 893/893/893 890/890/890 966/966/966
f 893/893/893 966/966/966 971/971/971
f 971/971/971 966/966/966 970/970/970
f 971/971/971 970/970/970 973/973/973
f 972/972/972 971/971/971 973/973/973
f 972/972/972 973/973/973 974/974/974
f 898/898/898 897/897/897 975/975/975
f 898/898/898 975/975/975 976/976/976
f 897/897/897 894/894/894 972/972/972
f 897/897/897 972/972/972 975/975/975
f 975/975/975 972/972/972 974/974/974
f 975/975/975 974/974/974 977/977/977
f 976/976/976 975/975/975 977/977/977
f 976/976/976 977/977/977 978/978/978
f 902/902/902 901/901/901 979/979/979
f 902/902/902 979/979/979 980/980/980
f 901/901/901 898/898/898 976/976/976
f 901/901/901 976/976/976 979/979/979
f 979/979/979 976/976/976 978/978/978
f 979/979/979 978/978/978 981/981/981
f 980/980/980 979/979/979 981/981/981
f 980/980/980 981/981/981 982/982/982
f 906/906/906 905/905/905 983/983/983
f 906/906/906 983/983/983 984/984/984
f 905/905/905 902/902/902 980/980/980
f 905/905/905 980/980/980 983/983/983
f 983/983/983 980/980/980 982/982/982
f 983/983/983 982/982/982 985/985/985
f 984/984/984 983/983/983 985/985/985
f 984/984/984 985/985/985 986/986/986
f 910/910/910 909/909/909 987/987/987
f 910/910/910 987/987/987 988/988/988
f 909/909/909 906/906/906 984/984/984
f 909/909/909 984/984/984 987/987/987
f 987/987/987 984/984/984 986/986/986
f 987/987/987 986/986/986 989/989/989
f 988/988/988 987/987/987 989/989/989
f 988/988/988 989/989/989 990/990/990
f 914/914/914 913/913/913 991/991/991
f 914/914/914 991/991/991 992/992/992
f 913/913/913 910/910/910 988/988/988
f 913/913/913 988/988/988 991/991/991
f 991/991/991 988/988/988 990/990/990
f 991/991/991 990/990/990 993/993/993
f 992/992/992 991/991/991 993/993/993
f 992/992/992 993/993/993 994/994/994
f 918/918/918 917/917/917 995/995/995
f 918/918/918 995/995/995 996/996/996
f 917/917/917 914/914/914 992/992/992
f 917/917/917 992/992/992 995/995/995
f 995/995/995 992/992/992 994/994/994
f 995/995/995 994/994/994 997/997/997
f 996/996/996 995/995/995 997/997/997
f 996/996/996 997/997/997 998/998/998
f 922/922/922 921/921/921 999/999/999
f 922/922/922 999/999/999 1000/1000/1000
f 921/921/921 918/918/918 996/996/996
f 921/921/921 996/996/996 999/999/999
f 999/999/999 996/996/996 998/998/998
f 999/999/999 998/998/998 1001/1001/1001
f 1000/1000/1000 999/999/999 1001/1001/1001
f 1000/1000/1000 1001/1001/1001 1002/1002/1002
f 926/926/926 925/925/925 1003/1003/1003
f 926/926/926 1003/1003/1003 1004/1004/1004
f 925/925/925 922/922/922 1000/1000/1000
f 925/925/925 1000/1000/1000 1003/1003/1003
f 1003/1003/1003 1000/1000/1000 1002/1002/1002
f 1003/1003/1003 1002/1002/1002 1005/1005/1005
f 1004/1004/1004 1003/1003/1003 1005/1005/1005
f 1004/1004/1004 1005/1005/1005 1006/1006/1006
f 930/930/930 929/929/929 1007/1007/1007
f 930/930/930 1007/1007/1007 1008/1008/1008
f 929/929/929 926/926/926 1004/1004/1004
f 929/929/929 1004/1004/1004 1007/1007/1007
f 1007/1007/1007 1004/1004/1004 1006/1006/1006
f 1007/1007/1007 1006/1006/1006 1009/1009/1009
f 1008/1008/1008 1007/1007/1007 1009/1009/1009
f 1008/1008/1008 1009/1009/1009 1010/1010/1010
f 934/934/934 933/933/933 1011/1011/1011
f 934/934/934 1011/1011/1011 1012/1012/1012
f 933/933/933 930/930/930 1008/1008/1008
f 933/933/933 1008/1008/1008 1011/1011/1011
f 1011/1011/1011 1008/1008/1008 1010/1010/1010
f 1011/1011/1011 1010/1010/1010 1013/1013/1013
f 1012/1012/1012 1011/1011/1011 1013/1013/1013
f 1012/1012/1012 1013/1013/1013 1014/1014/1014
f 938/938/938 937/937/937 1015/1015/1015
f 938/938/938 1015/1015/1015 1016/1016/1016
f 937/937/937 934/934/934 1012/1012/1012
f 937/937/937 1012/1012/1012 1015/1015/1015
f 1015/1015/1015 1012/1012/1012 1014/1014/1014
f 1015/1015/1015 1014/1014/1014 1017/1017/1017
f 1016/1016/1016 1015/1015/1015 1017/1017/1017
f 1016/1016/1016 1017/1017/1017 1018/1018/1018
f 942/942/942 941/941/941 1019/1019/1019
f 942/942/942 1019/1019/1019 1020/1020/1020
f 941/941/941 938/938/938 1016/1016/1016
f 941/941/941 1016/1016/1016 1019/1019/1019
f 1019/1019/1019 1016/1016/1016 1018/1018/1018
f 1019/1019/1019 1018/1018/1018 1021/1021/1021
f 1020/1020/1020 1019/1019/1019 1021/1021/1021
f 1020/1020/1020 1021/1021/1021 1022/1022/1022
f 946/946/946 945/945/945 1023/1023/1023
f 946/946/946 1023/1023/1023 1024/1024/1024
f 945/945/945 942/942/942 1020/1020/1020
f 945/945/945 1020/1020/1020 1023/1023/1023
f 1023/1023/1023 1020/1020/1020 1022/1022/1022
f 1023/1023/1023 1022/1022/1022 1025/1025/1025
f 1024/1024/1024 1023/1023/1023 1025/1025/1025
f 1024/1024/1024 1025/1025/1025 1026/1026/1026
f 950/950/950 949/949/949 1027/1027/1027
f 950/950/950 1027/1027/1027 1028/1028/1028
f 949/949/949 946/946/946 1024/1024/1024
f 949/949/949 1024/1024/1024 1027/1027/1027
f 1027/1027/1027 1024/1024/1024 1026/1026/1026
f 1027/1027/1027 1026/1026/1026 1029/1029/1029
f 1028/1028/1028 1027/1027/1027 1029/1029/1029
f 1028/1028/1028 1029/1029/1029 1030/1030/1030
f 954/954/954 953/953/953 1031/1031/1031
f 954/954/954 1031/1031/1031 1032/1032/1032
f 953/953/953 950/950/950 1028/1028/1028
f 953/953/953 1028/1028/1028 1031/1031/1031
f 1031/1031/1031 1028/1028/1028 1030/1030/1030
f 1031/1031/1031 1030/1030/1030 1033/1033/1033
f 1032/1032/1032 1031/1031/1031 1033/1033/1033
f 1032/1032/1032 1033/1033/1033 1034/1034/1034
f 958/958/958 957/957/957 1035/1035/1035
f 958/958/958 1035/1035/1035 1036/1036/1036
f 957/957/957 954/954/954 1032/1032/1032
f 957/957/957 1032/1032/1032 1035/1035/1035
f 1035/1035/1035 1032/1032/1032 1034/1034/1034
f 1035/1035/1035 1034/1034/1034 1037/1037/1037
f 1036/1036/1036 1035/1035/1035 1037/1037/1037
f 1036/1036/1036 1037/1037/1037 1038/1038/1038
f 962/962/962 961/961/961 1039/1039/1039
f 962/962/962 1039/1039/1039 1040/1040/1040
f 961/961/961 958/958/958 1036/1036/1036
f 961/961/961 1036/1036/1036 1039/1039/1039
f 1039/1039/1039 1036/1036/1036 1038/1038/1038
f 1039/1039/1039 1038/1038/1038 1041/1041/1041
f 1040/1040/1040 1039/1039/1039 1041/1041/1041
f 1040/1040/1040 1041/1041/1041 1042/1042/1042
f 888/888/888 964/964/964 1043/1043/1043
f 888/888/888 1043/1043/1043 967/967/967
f 964/964/964 962/962/962 1040/1040/1040
f 964/964/964 1040/1040/1040 1043/1043/1043
f 1043/1043/1043 1040/1040/1040 1042/1042/1042
f 1043/1043/1043 1042/1042/1042 1044/1044/1044
f 967/967/967 1043/1043/1043 1044/1044/1044
f 967/967/967 1044/1044/1044 968/968/968
f 1045/1045/1045 1046/1046/1046 1047/1047/1047
f 1045/1045/1045 1047/1047/1047 1048/1048/1048
f 1049/1049/1049 1050/1050/1050 1047/1047/1047
f 1049/1049/1049 1047/1047/1047 1046/1046/1046
f 1051/1051/1051 1052/1052/1052 1047/1047/1047
f 1051/1051/1051 1047/1047/1047 1050/1050/1050
f 1053/1053/1053 1054/1054/1054 1047/1047/1047
f 1053/1053/1053 1047/1047/1047 1052/1052/1052
f 1055/1055/1055 1048/1048/1048 1047/1047/1047
f 1055/1055/1055 1047/1047/1047 1054/1054/1054
f 1056/1056/1056 1057/1057/1057 1058/1058/1058
f 1056/1056/1056 1058/1058/1058 1059/1059/1059
f 1057/1057/1057 1045/1045/1045 1048/1048/1048
f 1057/1057/1057 1048/1048/1048 1058/1058/1058
f 1058/1058/1058 1048/1048/1048 1055/1055/1055
f 1058/1058/1058 1055/1055/1055 1060/1060/1060
f 1059/1059/1059 1058/1058/1058 1060/1060/1060
f 1059/1059/1059 1060/1060/1060 1061/1061/1061
f 1062/1062/1062 1063/1063/1063 1064/1064/1064
f 1062/1062/1062 1064/1064/1064 1065/1065/1065
f 1066/1066/1066 1067/1067/1067 1064/1064/1064
f 1066/1066/1066 1064/1064/1064 1063/1063/1063
f 1068/1068/1068 1069/1069/1069 1064/1064/1064
f 1068/1068/1068 1064/1064/1064 1067/1067/1067
f 1070/1070/1070 1071/1071/1071 1064/1064/1064
f 1070/1070/1070 1064/1064/1064 1069/1069/1069
f 1072/1072/1072 1065/1065/1065 1064/1064/1064
f 1072/1072/1072 1064/1064/1064 1071/1071/1071
f 1073/1073/1073 1074/1074/1074 1075/1075/1075
f 1073/1073/1073 1075/1075/1075 1076/1076/1076
f 1077/1077/1077 1078/1078/1078 1075/1075/1075
f 1077/1077/1077 1075/1075/1075 1074/1074/1074
f 1079/1079/1079 1080/1080/1080 1075/1075/1075
f 1079/1079/1079 1075/1075/1075 1078/1078/1078
f 1081/1081/1081 1082/1082/1082 1075/1075/1075
f 1081/1081/1081 1075/1075/1075 1080/1080/1080
f 1083/1083/1083 1076/1076/1076 1075/1075/1075
f 1083/1083/1083 1075/1075/1075 1082/1082/1082
f 1084/1084/1084 1085/1085/1085 1086/1086/1086
f 1084/1084/1084 1086/1086/1086 1087/1087/1087
f 1088/1088/1088 1089/1089/1089 1086/1086/1086
f 1088/1088/1088 1086/1086/1086 1085/1085/1085
f 1090/1090/1090 1091/1091/1091 1086/1086/1086
f 1090/1090/1090 1086/1086/1086 1089/1089/1089
f 1092/1092/1092 1093/1093/1093 1086/1086/1086
f 1092/1092/1092 1086/1086/1086 1091/1091/1091
f 1094/1094/1094 1087/1087/1087 1086/1086/1086
f 1094/1094/1094 1086/1086/1086 1093/1093/1093
f 1095/1095/1095 1096/1096/1096 1097/1097/1097
f 1095/1095/1095 1097/1097/1097 1098/1098/1098
f 1096/1096/1096 1084/1084/1084 1087/1087/1087
f 1096/1096/1096 1087/1087/1087 1097/1097/1097
f 1097/1097/1097 1087/1087/1087 1094/1094/1094
f 1097/1097/1097 1094/1094/1094 1099/1099/1099
f 1098/1098/1098 1097/1097/1097 1099/1099/1099
f 1098/1098/1098 1099/1099/1099 1100/1100/1100
f 1101/1101/1101 1102/1102/1102 1103/1103/1103
f 1101/1101/1101 1103/1103/1103 1104/1104/1104
f 1105/1105/1105 1106/1106/1106 1103/1103/1103
f 1105/1105/1105 1103/1103/1103 1102/1102/1102
f 1107/1107/1107 1108/1108/1108 1103/1103/1103
f 1107/1107/1107 1103/1103/1103 1106/1106/1106
f 1109/1109/1109 1110/1110/1110 1103/1103/1103
f 1109/1109/1109 1103/1103/1103 1108/1108/1108
f 1111/1111/1111 1104/1104/1104 1103/1103/1103
f 1111/1111/1111 1103/1103/1103 1110/1110/1110
f 1112/1112/1112 1113/1113/1113 1114/1114/1114
f 1112/1112/1112 1114/1114/1114 1115/1115/1115
f 1116/1116/1116 1117/1117/1117 1114/1114/1114
f 1116/1116/1116 1114/1114/1114 1113/1113/1113
f 1118/1118/1118 1119/1119/1119 1114/1114/1114
f 1118/1118/1118 1114/1114/1114 1117/1117/1117
f 1120/1120/1120 1121/1121/1121 1114/1114/1114
f 1120/1120/1120 1114/1114/1114 1119/1119/1119
f 1122/1122/1122 1115/1115/1115 1114/1114/1114
f 1122/1122/1122 1114/1114/1114 1121/1121/1121
f 1123/1123/1123 1124/1124/1124 1125/1125/1125
f 1123/1123/1123 1125/1125/1125 1126/1126/1126
f 1124/1124/1124 1122/1122/1122 1127/1127/1127
f 1124/1124/1124 1127/1127/1127 1125/1125/1125
f 1125/1125/1125 1127/1127/1127 1128/1128/1128
f 1125/1125/1125 1128/1128/1128 1129/1129/1129
f 1126/1126/1126 1125/1125/1125 1129/1129/1129
f 1126/1126/1126 1129/1129/1129 1130/1130/1130
f 1055/1055/1055 1054/1054/1054 1131/1131/1131
f 1055/1055/1055 1131/1131/1131 1132/1132/1132
f 1054/1054/1054 1053/1053/1053 1133/1133/1133
f 1054/1054/1054 1133/1133/1133 1131/1131/1131
f 1131/1131/1131 1133/1133/1133 1134/1134/1134
f 1131/1131/1131 1134/1134/1134 1135/1135/1135
f 1132/1132/1132 1131/1131/1131 1135/1135/1135
f 1132/1132/1132 1135/1135/1135 1136/1136/1136
f 1061/1061/1061 1060/1060/1060 1137/1137/1137
f 1061/1061/1061 1137/1137/1137 1138/1138/1138
f 1060/1060/1060 1055/1055/1055 1132/1132/1132
f 1060/1060/1060 1132/1132/1132 1137/1137/1137
f 1137/1137/1137 1132/1132/1132 1136/1136/1136
f 1137/1137/1137 1136/1136/1136 1139/1139/1139
f 1138/1138/1138 1137/1137/1137 1139/1139/1139
f 1138/1138/1138 1139/1139/1139 1140/1140/1140
f 1141/1141/1141 1142/1142/1142 1143/1143/1143
f 1141/1141/1141 1143/1143/1143 1144/1144/1144
f 1142/1142/1142 1061/1061/1061 1138/1138/1138
f 1142/1142/1142 1138/1138/1138 1143/1143/1143
f 1143/1143/1143 1138/1138/1138 1140/1140/1140
f 1143/1143/1143 1140/1140/1140 1145/1145/1145
f 1144/1144/1144 1143/1143/1143 1145/1145/1145
f 1144/1144/1144 1145/1145/1145 1146/1146/1146
f 1072/1072/1072 1071/1071/1071 1147/1147/1147
f 1072/1072/1072 1147/1147/1147 1148/1148/1148
f 1071/1071/1071 1070/1070/1070 1149/1149/1149
f 1071/1071/1071 1149/1149/1149 1147/1147/1147
f 1147/1147/1147 1149/1149/1149 1150/1150/1150
f 1147/1147/1147 1150/1150/1150 1151/1151/1151
f 1148/1148/1148 1147/1147/1147 1151/1151/1151
f 1148/1148/1148 1151/1151/1151 1152/1152/1152
f 1153/1153/1153 1154/1154/1154 1155/1155/1155
f 1153/1153/1153 1155/1155/1155 1156/1156/1156
f 1154/1154/1154 1072/1072/1072 1148/1148/1148
f 1154/1154/1154 1148/1148/1148 1155/1155/1155
f 1155/1155/1155 1148/1148/1148 1152/1152/1152
f 1155/1155/1155 1152/1152/1152 1157/1157/1157
f 1156/1156/1156 1155/1155/1155 1157/1157/1157
f 1156/1156/1156 1157/1157/1157 1158/1158/1158
f 1083/1083/1083 1082/1082/1082 1159/1159/1159
f 1083/1083/1083 1159/1159/1159 1160/1160/1160
f 1082/1082/1082 1081/1081/1081 1161/1161/1161
f 1082/1082/1082 1161/1161/1161 1159/1159/1159
f 1159/1159/1159 1161/1161/1161 1162/1162/1162
f 1159/1159/1159 1162/1162/1162 1163/1163/1163
f 1160/1160/1160 1159/1159/1159 1163/1163/1163
f 1160/1160/1160 1163/1163/1163 1164/1164/1164
f 1165/1165/1165 1166/1166/1166 1167/1167/1167
f 1165/1165/1165 1167/1167/1167 1168/1168/1168
f 1166/1166/1166 1083/1083/1083 1160/1160/1160
f 1166/1166/1166 1160/1160/1160 1167/1167/1167
f 1167/1167/1167 1160/1160/1160 1164/1164/1164
f 1167/1167/1167 1164/1164/1164 1169/1169/1169
f 1168/1168/1168 1167/1167/1167 1169/1169/1169
f 1168/1168/1168 1169/1169/1169 1170/1170/1170
f 1094/1094/1094 1093/1093/1093 1171/1171/1171
f 1094/1094/1094 1171/1171/1171 1172/1172/1172
f 1093/1093/1093 1092/1092/1092 1173/1173/1173
f 1093/1093/1093 1173/1173/1173 1171/1171/1171
f 1171/1171/1171 1173/1173/1173 1174/1174/1174
f 1171/1171/1171 1174/1174/1174 1175/1175/1175
f 1172/1172/1172 1171/1171/1171 1175/1175/1175
f 1172/1172/1172 1175/1175/1175 1176/1176/1176
f 1100/1100/1100 1099/1099/1099 1177/1177/1177
f 1100/1100/1100 1177/1177/1177 1178/1178/1178
f 1099/1099/1099 1094/1094/1094 1172/1172/1172
f 1099/1099/1099 1172/1172/1172 1177/1177/1177
f 1177/1177/1177 1172/1172/1172 1176/1176/1176
f 1177/1177/1177 1176/1176/1176 1179/1179/1179
f 1178/1178/1178 1177/1177/1177 1179/1179/1179
f 1178/1178/1178 1179/1179/1179 1180/1180/1180
f 1181/1181/1181 1182/1182/1182 1183/1183/1183
f 1181/1181/1181 1183/1183/1183 1184/1184/1184
f 1182/1182/1182 1100/1100/1100 1178/1178/1178
f 1182/1182/1182 1178/1178/1178 1183/1183/1183
f 1183/1183/1183 1178/1178/1178 1180/1180/1180
f 1183/1183/1183 1180/1180/1180 1185/1185/1185
f 1184/1184/1184 1183/1183/1183 1185/1185/1185
f 1184/1184/1184 1185/1185/1185 1186/1186/1186
f 1111/1111/1111 1110/1110/1110 1187/1187/1187
f 1111/1111/1111 1187/1187/1187 1188/1188/1188
f 1110/1110/1110 1109/1109/1109 1189/1189/1189
f 1110/1110/1110 1189/1189/1189 1187/1187/1187
f 1187/1187/1187 1189/1189/1189 1190/1190/1190
f 1187/1187/1187 1190/1190/1190 1191/1191/1191
f 1188/1188/1188 1187/1187/1187 1191/1191/1191
f 1188/1188/1188 1191/1191/1191 1192/1192/1192
f 1193/1193/1193 1194/1194/1194 1195/1195/1195
f 1193/1193/1193 1195/1195/1195 1196/1196/1196
f 1194/1194/1194 1111/1111/1111 1188/1188/1188
f 1194/1194/1194 1188/1188/1188 1195/1195/1195
f 1195/1195/1195 1188/1188/1188 1192/1192/1192
f 1195/1195/1195 1192/1192/1192 1197/1197/1197
f 1196/1196/1196 1195/1195/1195 1197/1197/1197
f 1196/1196/1196 1197/1197/1197 1198/1198/1198
f 1122/1122/1122 1121/1121/1121 1199/1199/1199
f 1122/1122/1122 1199/1199/1199 1127/1127/1127
f 1121/1121/1121 1120/1120/1120 1200/1200/1200
f 1121/1121/1121 1200/1200/1200 1199/1199/1199
f 1199/1199/1199 1200/1200/1200 1201/1201/1201
f 1199/1199/1199 1201/1201/1201 1202/1202/1202
f 1127/1127/1127 1199/1199/1199 1202/1202/1202
f 1127/1127/1127 1202/1202/1202 1128/1128/1128
f 1130/1130/1130 1129/1129/1129 1203/1203/1203
f 1130/1130/1130 1203/1203/1203 1204/1204/1204
f 1129/1129/1129 1128/1128/1128 1205/1205/1205
f 1129/1129/1129 1205/1205/1205 1203/1203/1203
f 1203/1203/1203 1205/1205/1205 1206/1206/1206
f 1203/1203/1203 1206/1206/1206 1207/1207/1207
f 1204/1204/1204 1203/1203/1203 1207/1207/1207
f 1204/1204/1204 1207/1207/1207 1208/1208/1208
f 1136/1136/1136 1135/1135/1135 1209/1209/1209
f 1136/1136/1136 1209/1209/1209 1210/1210/1210
f 1135/1135/1135 1134/1134/1134 1211/1211/1211
f 1135/1135/1135 1211/1211/1211 1209/1209/1209
f 1209/1209/1209 1211/1211/1211 1212/1212/1212
f 1209/1209/1209 1212/1212/1212 1213/1213/1213
f 1210/1210/1210 1209/1209/1209 1213/1213/1213
f 1210/1210/1210 1213/1213/1213 1214/1214/1214
f 1140/1140/1140 1139/1139/1139 1215/1215/1215
f 1140/1140/1140 1215/1215/1215 1216/1216/1216
f 1139/1139/1139 1136/1136/1136 1210/1210/1210
f 1139/1139/1139 1210/1210/1210 1215/1215/1215
f 1215/1215/1215 1210/1210/1210 1214/1214/1214
f 1215/1215/1215 1214/1214/1214 1217/1217/1217
f 1216/1216/1216 1215/1215/1215 1217/1217/1217
f 1216/1216/1216 1217/1217/1217 1218/1218/1218
f 1146/1146/1146 1145/1145/1145 1219/1219/1219
f 1146/1146/1146 1219/1219/1219 1220/1220/1220
f 1145/1145/1145 1140/1140/1140 1216/1216/1216
f 1145/1145/1145 1216/1216/1216 1219/1219/1219
f 1219/1219/1219 1216/1216/1216 1218/1218/1218
f 1219/1219/1219 1218/1218/1218 1221/1221/1221
f 1220/1220/1220 1219/1219/1219 1221/1221/1221
f 1220/1220/1220 1221/1221/1221 1222/1222/1222
f 1152/1152/1152 1151/1151/1151 1223/1223/1223
f 1152/1152/1152 1223/1223/1223 1224/1224/1224
f 1151/1151/1151 1150/1150/1150 1225/1225/1225
f 1151/1151/1151 1225/1225/1225 1223/1223/1223
f 1223/1223/1223 1225/1225/1225 1226/1226/1226
f 1223/1223/1223 1226/1226/1226 1227/1227/1227
f 1224/1224/1224 1223/1223/1223 1227/1227/1227
f 1224/1224/1224 1227/1227/1227 1228/1228/1228
f 1158/1158/1158 1157/1157/1157 1229/1229/1229
f 1158/1158/1158 1229/1229/1229 1230/1230/1230
f 1157/1157/1157 1152/1152/1152 1224/1224/1224
f 1157/1157/1157 1224/1224/1224 1229/1229/1229
f 1229/1229/1229 1224/1224/1224 1228/1228/1228
f 1229/1229/1229 1228/1228/1228 1231/1231/1231
f 1230/1230/1230 1229/1229/1229 1231/1231/1231
f 1230/1230/1230 1231/1231/1231 1232/1232/1232
f 1164/1164/1164 1163/1163/1163 1233/1233/1233
f 1164/1164/1164 1233/1233/1233 1234/1234/1234
f 1163/1163/1163 1162/1162/1162 1235/1235/1235
f 1163/1163/1163 1235/1235/1235 1233/1233/1233
f 1233/1233/1233 1235/1235/1235 1236/1236/1236
f 1233/1233/1233 1236/1236/1236 1237/1237/1237
f 1234/1234/1234 1233/1233/1233 1237/1237/1237
f 1234/1234/1234 1237/1237/1237 1238/1238/1238
f 1170/1170/1170 1169/1169/1169 1239/1239/1239
f 1170/1170/1170 1239/1239/1239 1240/1240/1240
f 1169/1169/1169 1164/1164/1164 1234/1234/1234
f 1169/1169/1169 1234/1234/1234 1239/1239/1239
f 1239/1239/1239 1234/1234/1234 1238/1238/1238
f 1239/1239/1239 1238/1238/1238 1241/1241/1241
f 1240/1240/1240 1239/1239/1239 1241/1241/1241
f 1240/1240/1240 1241/1241/1241 1242/1242/1242
f 1176/1176/1176 1175/1175/1175 1243/1243/1243
f 1176/1176/1176 1243/1243/1243 1244/1244/1244
f 1175/1175/1175 1174/1174/1174 1245/1245/1245
f 1175/1175/1175 1245/1245/1245 1243/1243/1243
f 1243/1243/1243 1245/1245/1245 1246/1246/1246
f 1243/1243/1243 1246/1246/1246 1247/1247/1247
f 1244/1244/1244 1243/1243/1243 1247/1247/1247
f 1244/1244/1244 1247/1247/1247 1248/1248/1248
f 1180/1180/1180 1179/1179/1179 1249/1249/1249
f 1180/1180/1180 1249/1249/1249 1250/1250/1250
f 1179/1179/1179 1176/1176/1176 1244/1244/1244
f 1179/1179/1179 1244/1244/1244 1249/1249/1249
f 1249/1249/1249 1244/1244/1244 1248/1248/1248
f 1249/1249/1249 1248/1248/1248 1251/1251/1251
f 1250/1250/1250 1249/1249/1249 1251/1251/1251
f 1250/1250/1250 1251/1251/1251 1252/1252/1252
f 1186/1186/1186 1185/1185/1185 1253/1253/1253
f 1186/1186/1186 1253/1253/1253 1254/1254/1254
f 1185/1185/1185 1180/1180/1180 1250/1250/1250
f 1185/1185/1185 1250/1250/1250 1253/1253/1253
f 1253/1253/1253 1250/1250/1250 1252/1252/1252
f 1253/1253/1253 1252/1252/1252 1255/1255/1255
f 1254/1254/1254 1253/1253/1253 1255/1255/1255
f 1254/1254/1254 1255/1255/1255 1256/1256/1256
f 1192/1192/1192 1191/1191/1191 1257/1257/1257
f 1192/1192/1192 1257/1257/1257 1258/1258/1258
f 1191/1191/1191 1190/1190/1190 1259/1259/1259
f 1191/1191/1191 1259/1259/1259 1257/1257/1257
f 1257/1257/1257 1259/1259/1259 1260/1260/1260
f 1257/1257/1257 1260/1260/1260 1261/1261/1261
f 1258/1258/1258 1257/1257/1257 1261/1261/1261
f 1258/1258/1258 1261/1261/1261 1262/1262/1262
f 1198/1198/1198 1197/1197/1197 1263/1263/1263
f 1198/1198/1198 1263/1263/1263 1264/1264/1264
f 1197/1197/1197 1192/1192/1192 1258/1258/1258
f 1197/1197/1197 1258/1258/1258 1263/1263/1263
f 1263/1263/1263 1258/1258/1258 1262/1262/1262
f 1263/1263/1263 1262/1262/1262 1265/1265/1265
f 1264/1264/1264 1263/1263/1263 1265/1265/1265
f 1264/1264/1264 1265/1265/1265 1266/1266/1266
f 1128/1128/1128 1202/1202/1202 1267/1267/1267
f 1128/1128/1128 1267/1267/1267 1205/1205/1205
f 1202/1202/1202 1201/1201/1201 1268/1268/1268
f 1202/1202/1202 1268/1268/1268 1267/1267/1267
f 1267/1267/1267 1268/1268/1268 1269/1269/1269
f 1267/1267/1267 1269/1269/1269 1270/1270/1270
f 1205/1205/1205 1267/1267/1267 1270/1270/1270
f 1205/1205/1205 1270/1270/1270 1206/1206/1206
f 1271/1271/1271 1272/1272/1272 1273/1273/1273
f 1271/1271/1271 1273/1273/1273 1274/1274/1274
f 1275/1275/1275 1276/1276/1276 1273/1273/1273
f 1275/1275/1275 1273/1273/1273 1272/1272/1272
f 1277/1277/1277 1278/1278/1278 1273/1273/1273
f 1277/1277/1277 1273/1273/1273 1276/1276/1276
f 1279/1279/1279 1280/1280/1280 1273/1273/1273
f 1279/1279/1279 1273/1273/1273 1278/1278/1278
f 1281/1281/1281 1274/1274/1274 1273/1273/1273
f 1281/1281/1281 1273/1273/1273 1280/1280/1280
f 1282/1282/1282 1283/1283/1283 1284/1284/1284
f 1282/1282/1282 1284/1284/1284 1285/1285/1285
f 1283/1283/1283 1271/1271/1271 1274/1274/1274
f 1283/1283/1283 1274/1274/1274 1284/1284/1284
f 1284/1284/1284 1274/1274/1274 1281/1281/1281
f 1284/1284/1284 1281/1281/1281 1286/1286/1286
f 1285/1285/1285 1284/1284/1284 1286/1286/1286
f 1285/1285/1285 1286/1286/1286 1287/1287/1287
f 1288/1288/1288 1289/1289/1289 1290/1290/1290
f 1288/1288/1288 1290/1290/1290 1291/1291/1291
f 1292/1292/1292 1293/1293/1293 1290/1290/1290
f 1292/1292/1292 1290/1290/1290 1289/1289/1289
f 1294/1294/1294 1295/1295/1295 1290/1290/1290
f 1294/1294/1294 1290/1290/1290 1293/1293/1293
f 1296/1296/1296 1297/1297/1297 1290/1290/1290
f 1296/1296/1296 1290/1290/1290 1295/1295/1295
f 1298/1298/1298 1291/1291/1291 1290/1290/1290
f 1298/1298/1298 1290/1290/1290 1297/1297/1297
f 1299/1299/1299 1300/1300/1300 1301/1301/1301
f 1299/1299/1299 1301/1301/1301 1302/1302/1302
f 1303/1303/1303 1304/1304/1304 1301/1301/1301
f 1303/1303/1303 1301/1301/1301 1300/1300/1300
f 1305/1305/1305 1306/1306/1306 1301/1301/1301
f 1305/1305/1305 1301/1301/1301 1304/1304/1304
f 1307/1307/1307 1308/1308/1308 1301/1301/1301
f 1307/1307/1307 1301/1301/1301 1306/1306/1306
f 1309/1309/1309 1302/1302/1302 1301/1301/1301
f 1309/1309/1309 1301/1301/1301 1308/1308/1308
f 1310/1310/1310 1311/1311/1311 1312/1312/1312
f 1310/1310/1310 1312/1312/1312 1313/1313/1313
f 1314/1314/1314 1315/1315/1315 1312/1312/1312
f 1314/1314/1314 1312/1312/1312 1311/1311/1311
f 1316/1316/1316 1317/1317/1317 1312/1312/1312
f 1316/1316/1316 1312/1312/1312 1315/1315/1315
f 1318/1318/1318 1319/1319/1319 1312/1312/1312
f 1318/1318/1318 1312/1312/1312 1317/1317/1317
f 1320/1320/1320 1313/1313/1313 1312/1312/1312
f 1320/1320/1320 1312/1312/1312 1319/1319/1319
f 1321/1321/1321 1322/1322/1322 1323/1323/1323
f 1321/1321/1321 1323/1323/1323 1324/1324/1324
f 1322/1322/1322 1310/1310/1310 1313/1313/1313
f 1322/1322/1322 1313/1313/1313 1323/1323/1323
f 1323/1323/1323 1313/1313/1313 1320/1320/1320
f 1323/1323/1323 1320/1320/1320 1325/1325/1325
f 1324/1324/1324 1323/1323/1323 1325/1325/1325
f 1324/1324/1324 1325/1325/1325 1326/1326/1326
f 1327/1327/1327 1328/1328/1328 1329/1329/1329
f 1327/1327/1327 1329/1329/1329 1330/1330/1330
f 1331/1331/1331 1332/1332/1332 1329/1329/1329
f 1331/1331/1331 1329/1329/1329 1328/1328/1328
f 1333/1333/1333 1334/1334/1334 1329/1329/1329
f 1333/1333/1333 1329/1329/1329 1332/1332/1332
f 1335/1335/1335 1336/1336/1336 1329/1329/1329
f 1335/1335/1335 1329/1329/1329 1334/1334/1334
f 1337/1337/1337 1330/1330/1330 1329/1329/1329
f 1337/1337/1337 1329/1329/1329 1336/1336/1336
f 1338/1338/1338 1339/1339/1339 1340/1340/1340
f 1338/1338/1338 1340/1340/1340 1341/1341/1341
f 1342/1342/1342 1343/1343/1343 1340/1340/1340
f 1342/1342/1342 1340/1340/1340 1339/1339/1339
f 1344/1344/1344 1345/1345/1345 1340/1340/1340
f 1344/1344/1344 1340/1340/1340 1343/1343/1343
f 1346/1346/1346 1347/1347/1347 1340/1340/1340
f 1346/1346/1346 1340/1340/1340 1345/1345/1345
f 1348/1348/1348 1341/1341/1341 1340/1340/1340
f 1348/1348/1348 1340/1340/1340 1347/1347/1347
f 1349/1349/1349 1350/1350/1350 1351/1351/1351
f 1349/1349/1349 1351/1351/1351 1352/1352/1352
f 1350/1350/1350 1348/1348/1348 1353/1353/1353
f 1350/1350/1350 1353/1353/1353 1351/1351/1351
f 1351/1351/1351 1353/1353/1353 1354/1354/1354
f 1351/1351/1351 1354/1354/1354 1355/1355/1355
f 1352/1352/1352 1351/1351/1351 1355/1355/1355
f 1352/1352/1352 1355/1355/1355 1356/1356/1356
f 1279/1279/1279 1357/1357/1357 1358/1358/1358
f 1279/1279/1279 1358/1358/1358 1359/1359/1359
f 1357/1357/1357 1349/1349/1349 1352/1352/1352
f 1357/1357/1357 1352/1352/1352 1358/1358/1358
f 1358/1358/1358 1352/1352/1352 1356/1356/1356
f 1358/1358/1358 1356/1356/1356 1360/1360/1360
f 1359/1359/1359 1358/1358/1358 1360/1360/1360
f 1359/1359/1359 1360/1360/1360 1361/1361/1361
f 1281/1281/1281 1280/1280/1280 1362/1362/1362
f 1281/1281/1281 1362/1362/1362 1363/1363/1363
f 1280/1280/1280 1279/1279/1279 1359/1359/1359
f 1280/1280/1280 1359/1359/1359 1362/1362/1362
f 1362/1362/1362 1359/1359/1359 1361/1361/1361
f 1362/1362/1362 1361/1361/1361 1364/1364/1364
f 1363/1363/1363 1362/1362/1362 1364/1364/1364
f 1363/1363/1363 1364/1364/1364 1365/1365/1365
f 1287/1287/1287 1286/1286/1286 1366/1366/1366
f 1287/1287/1287 1366/1366/1366 1367/1367/1367
f 1286/1286/1286 1281/1281/1281 1363/1363/1363
f 1286/1286/1286 1363/1363/1363 1366/1366/1366
f 1366/1366/1366 1363/1363/1363 1365/1365/1365
f 1366/1366/1366 1365/1365/1365 1368/1368/1368
f 1367/1367/1367 1366/1366/1366 1368/1368/1368
f 1367/1367/1367 1368/1368/1368 1369/1369/1369
f 1370/1370/1370 1371/1371/1371 1372/1372/1372
f 1370/1370/1370 1372/1372/1372 1373/1373/1373
f 1371/1371/1371 1287/1287/1287 1367/1367/1367
f 1371/1371/1371 1367/1367/1367 1372/1372/1372
f 1372/1372/1372 1367/1367/1367 1369/1369/1369
f 1372/1372/1372 1369/1369/1369 1374/1374/1374
f 1373/1373/1373 1372/1372/1372 1374/1374/1374
f 1373/1373/1373 1374/1374/1374 1375/1375/1375
f 1296/1296/1296 1376/1376/1376 1377/1377/1377
f 1296/1296/1296 1377/1377/1377 1378/1378/1378
f 1376/1376/1376 1370/1370/1370 1373/1373/1373
f 1376/1376/1376 1373/1373/1373 1377/1377/1377
f 1377/1377/1377 1373/1373/1373 1375/1375/1375
f 1377/1377/1377 1375/1375/1375 1379/1379/1379
f 1378/1378/1378 1377/1377/1377 1379/1379/1379
f 1378/1378/1378 1379/1379/1379 1380/1380/1380
f 1298/1298/1298 1297/1297/1297 1381/1381/1381
f 1298/1298/1298 1381/1381/1381 1382/1382/1382
f 1297/1297/1297 1296/1296/1296 1378/1378/1378
f 1297/1297/1297 1378/1378/1378 1381/1381/1381
f 1381/1381/1381 1378/1378/1378 1380/1380/1380
f 1381/1381/1381 1380/1380/1380 1383/1383/1383
f 1382/1382/1382 1381/1381/1381 1383/1383/1383
f 1382/1382/1382 1383/1383/1383 1384/1384/1384
f 1385/1385/1385 1386/1386/1386 1387/1387/1387
f 1385/1385/1385 1387/1387/1387 1388/1388/1388
f 1386/1386/1386 1298/1298/1298 1382/1382/1382
f 1386/1386/1386 1382/1382/1382 1387/1387/1387
f 1387/1387/1387 1382/1382/1382 1384/1384/1384
f 1387/1387/1387 1384/1384/1384 1389/1389/1389
f 1388/1388/1388 1387/1387/1387 1389/1389/1389
f 1388/1388/1388 1389/1389/1389 1390/1390/1390
f 1307/1307/1307 1391/1391/1391 1392/1392/1392
f 1307/1307/1307 1392/1392/1392 1393/1393/1393
f 1391/1391/1391 1385/1385/1385 1388/1388/1388
f 1391/1391/1391 1388/1388/1388 1392/1392/1392
f 1392/1392/1392 1388/1388/1388 1390/1390/1390
f 1392/1392/1392 1390/1390/1390 1394/1394/1394
f 1393/1393/1393 1392/1392/1392 1394/1394/1394
f 1393/1393/1393 1394/1394/1394 1395/1395/1395
f 1309/1309/1309 1308/1308/1308 1396/1396/1396
f 1309/1309/1309 1396/1396/1396 1397/1397/1397
f 1308/1308/1308 1307/1307/1307 1393/1393/1393
f 1308/1308/1308 1393/1393/1393 1396/1396/1396
f 1396/1396/1396 1393/1393/1393 1395/1395/1395
f 1396/1396/1396 1395/1395/1395 1398/1398/1398
f 1397/1397/1397 1396/1396/1396 1398/1398/1398
f 1397/1397/1397 1398/1398/1398 1399/1399/1399
f 1400/1400/1400 1401/1401/1401 1402/1402/1402
f 1400/1400/1400 1402/1402/1402 1403/1403/1403
f 1401/1401/1401 1309/1309/1309 1397/1397/1397
f 1401/1401/1401 1397/1397/1397 1402/1402/1402
f 1402/1402/1402 1397/1397/1397 1399/1399/1399
f 1402/1402/1402 1399/1399/1399 1404/1404/1404
f 1403/1403/1403 1402/1402/1402 1404/1404/1404
f 1403/1403/1403 1404/1404/1404 1405/1405/1405
f 1318/1318/1318 1406/1406/1406 1407/1407/1407
f 1318/1318/1318 1407/1407/1407 1408/1408/1408
f 1406/1406/1406 1400/1400/1400 1403/1403/1403
f 1406/1406/1406 1403/1403/1403 1407/1407/1407
f 1407/1407/1407 1403/1403/1403 1405/1405/1405
f 1407/1407/1407 1405/1405/1405 1409/1409/1409
f 1408/1408/1408 1407/1407/1407 1409/1409/1409
f 1408/1408/1408 1409/1409/1409 1410/1410/1410
f 1320/1320/1320 1319/1319/1319 1411/1411/1411
f 1320/1320/1320 1411/1411/1411 1412/1412/1412
f 1319/1319/1319 1318/1318/1318 1408/1408/1408
f 1319/1319/1319 1408/1408/1408 1411/1411/1411
f 1411/1411/1411 1408/1408/1408 1410/1410/1410
f 1411/1411/1411 1410/1410/1410 1413/1413/1413
f 1412/1412/1412 1411/1411/1411 1413/1413/1413
f 1412/1412/1412 1413/1413/1413 1414/1414/1414
f 1326/1326/1326 1325/1325/1325 1415/1415/1415
f 1326/1326/1326 1415/1415/1415 1416/1416/1416
f 1325/1325/1325 1320/1320/1320 1412/1412/1412
f 1325/1325/1325 1412/1412/1412 1415/1415/1415
f 1415/1415/1415 1412/1412/1412 1414/1414/1414
f 1415/1415/1415 1414/1414/1414 1417/1417/1417
f 1416/1416/1416 1415/1415/1415 1417/1417/1417
f 1416/1416/1416 1417/1417/1417 1418/1418/1418
f 1419/1419/1419 1420/1420/1420 1421/1421/1421
f 1419/1419/1419 1421/1421/1421 1422/1422/1422
f 1420/1420/1420 1326/1326/1326 1416/1416/1416
f 1420/1420/1420 1416/1416/1416 1421/1421/1421
f 1421/1421/1421 1416/1416/1416 1418/1418/1418
f 1421/1421/1421 1418/1418/1418 1423/1423/1423
f 1422/1422/1422 1421/1421/1421 1423/1423/1423
f 1422/1422/1422 1423/1423/1423 1424/1424/1424
f 1335/1335/1335 1425/1425/1425 1426/1426/1426
f 1335/1335/1335 1426/1426/1426 1427/1427/1427
f 1425/1425/1425 1419/1419/1419 1422/1422/1422
f 1425/1425/1425 1422/1422/1422 1426/1426/1426
f 1426/1426/1426 1422/1422/1422 1424/1424/1424
f 1426/1426/1426 1424/1424/1424 1428/1428/1428
f 1427/1427/1427 1426/1426/1426 1428/1428/1428
f 1427/1427/1427 1428/1428/1428 1429/1429/1429
f 1337/1337/1337 1336/1336/1336 1430/1430/1430
f 1337/1337/1337 1430/1430/1430 1431/1431/1431
f 1336/1336/1336 1335/1335/1335 1427/1427/1427
f 1336/1336/1336 1427/1427/1427 1430/1430/1430
f 1430/1430/1430 1427/1427/1427 1429/1429/1429
f 1430/1430/1430 1429/1429/1429 1432/1432/1432
f 1431/1431/1431 1430/1430/1430 1432/1432/1432
f 1431/1431/1431 1432/1432/1432 1433/1433/1433
f 1434/1434/1434 1435/1435/1435 1436/1436/1436
f 1434/1434/1434 1436/1436/1436 1437/1437/1437
f 1435/1435/1435 1337/1337/1337 1431/1431/1431
f 1435/1435/1435 1431/1431/1431 1436/1436/1436
f 1436/1436/1436 1431/1431/1431 1433/1433/1433
f 1436/1436/1436 1433/1433/1433 1438/1438/1438
f 1437/1437/1437 1436/1436/1436 1438/1438/1438
f 1437/1437/1437 1438/1438/1438 1439/1439/1439
f 1346/1346/1346 1440/1440/1440 1441/1441/1441
f 1346/1346/1346 1441/1441/1441 1442/1442/1442
f 1440/1440/1440 1434/1434/1434 1437/1437/1437
f 1440/1440/1440 1437/1437/1437 1441/1441/1441
f 1441/1441/1441 1437/1437/1437 1439/1439/1439
f 1441/1441/1441 1439/1439/1439 1443/1443/1443
f 1442/1442/1442 1441/1441/1441 1443/1443/1443
f 1442/1442/1442 1443/1443/1443 1444/1444/1444
f 1348/1348/1348 1347/1347/1347 1445/1445/1445
f 1348/1348/1348 1445/1445/1445 1353/1353/1353
f 1347/1347/1347 1346/1346/1346 1442/1442/1442
f 1347/1347/1347 1442/1442/1442 1445/1445/1445
f 1445/1445/1445 1442/1442/1442 1444/1444/1444
f 1445/1445/1445 1444/1444/1444 1446/1446/1446
f 1353/1353/1353 1445/1445/1445 1446/1446/1446
f 1353/1353/1353 1446/1446/1446 1354/1354/1354
f 1356/1356/1356 1355/1355/1355 1447/1447/1447
f 1356/1356/1356 1447/1447/1447 1448/1448/1448
f 1355/1355/1355 1354/1354/1354 1449/1449/1449
f 1355/1355/1355 1449/1449/1449 1447/1447/1447
f 1447/1447/1447 1449/1449/1449 1450/1450/1450
f 1447/1447/1447 1450/1450/1450 1451/1451/1451
f 1448/1448/1448 1447/1447/1447 1451/1451/1451
f 1448/1448/1448 1451/1451/1451 1452/1452/1452
f 1361/1361/1361 1360/1360/1360 1453/1453/1453
f 1361/1361/1361 1453/1453/1453 1454/1454/1454
f 1360/1360/1360 1356/1356/1356 1448/1448/1448
f 1360/1360/1360 1448/1448/1448 1453/1453/1453
f 1453/1453/1453 1448/1448/1448 1452/1452/1452
f 1453/1453/1453 1452/1452/1452 1455/1455/1455
f 1454/1454/1454 1453/1453/1453 1455/1455/1455
f 1454/1454/1454 1455/1455/1455 1456/1456/1456
f 1365/1365/1365 1364/1364/1364 1457/1457/1457
f 1365/1365/1365 1457/1457/1457 1458/1458/1458
f 1364/1364/1364 1361/1361/1361 1454/1454/1454
f 1364/1364/1364 1454/1454/1454 1457/1457/1457
f 1457/1457/1457 1454/1454/1454 1456/1456/1456
f 1457/1457/1457 1456/1456/1456 1459/1459/1459
f 1458/1458/1458 1457/1457/1457 1459/1459/1459
f 1458/1458/1458 1459/1459/1459 1460/1460/1460
f 1369/1369/1369 1368/1368/1368 1461/1461/1461
f 1369/1369/1369 1461/1461/1461 1462/1462/1462
f 1368/1368/1368 1365/1365/1365 1458/1458/1458
f 1368/1368/1368 1458/1458/1458 1461/1461/1461
f 1461/1461/1461 1458/1458/1458 1460/1460/1460
f 1461/1461/1461 1460/1460/1460 1463/1463/1463
f 1462/1462/1462 1461/1461/1461 1463/1463/1463
f 1462/1462/1462 1463/1463/1463 1464/1464/1464
f 1375/1375/1375 1374/1374/1374 1465/1465/1465
f 1375/1375/1375 1465/1465/1465 1466/1466/1466
f 1374/1374/1374 1369/1369/1369 1462/1462/1462
f 1374/1374/1374 1462/1462/1462 1465/1465/1465
f 1465/1465/1465 1462/1462/1462 1464/1464/1464
f 1465/1465/1465 1464/1464/1464 1467/1467/1467
f 1466/1466/1466 1465/1465/1465 1467/1467/1467
f 1466/1466/1466 1467/1467/1467 1468/1468/1468
f 1380/1380/1380 1379/1379/1379 1469/1469/1469
f 1380/1380/1380 1469/1469/1469 1470/1470/1470
f 1379/1379/1379 1375/1375/1375 1466/1466/1466
f 1379/1379/1379 1466/1466/1466 1469/1469/1469
f 1469/1469/1469 1466/1466/1466 1468/1468/1468
f 1469/1469/1469 1468/1468/1468 1471/1471/1471
f 1470/1470/1470 1469/1469/1469 1471/1471/1471
f 1470/1470/1470 1471/1471/1471 1472/1472/1472
f 1384/1384/1384 1383/1383/1383 1473/1473/1473
f 1384/1384/1384 1473/1473/1473 1474/1474/1474
f 1383/1383/1383 1380/1380/1380 1470/1470/1470
f 1383/1383/1383 1470/1470/1470 1473/1473/1473
f 1473/1473/1473 1470/1470/1470 1472/1472/1472
f 1473/1473/1473 1472/1472/1472 1475/1475/1475
f 1474/1474/1474 1473/1473/1473 1475/1475/1475
f 1474/1474/1474 1475/1475/1475 1476/1476/1476
f 1390/1390/1390 1389/1389/1389 1477/1477/1477
f 1390/1390/1390 1477/1477/1477 1478/1478/1478
f 1389/1389/1389 1384/1384/1384 1474/1474/1474
f 1389/1389/1389 1474/1474/1474 1477/1477/1477
f 1477/1477/1477 1474/1474/1474 1476/1476/1476
f 1477/1477/1477 1476/1476/1476 1479/1479/1479
f 1478/1478/1478 1477/1477/1477 1479/1479/1479
f 1478/1478/1478 1479/1479/1479 1480/1480/1480
f 1395/1395/1395 1394/1394/1394 1481/1481/1481
f 1395/1395/1395 1481/1481/1481 1482/1482/1482
f 1394/1394/1394 1390/1390/1390 1478/1478/1478
f 1394/1394/1394 1478/1478/1478 1481/1481/1481
f 1481/1481/1481 1478/1478/1478 1480/1480/1480
f 1481/1481/1481 1480/1480/1480 1483/1483/1483
f 1482/1482/1482 1481/1481/1481 1483/1483/1483
f 1482/1482/1482 1483/1483/1483 1484/1484/1484
f 1399/1399/1399 1398/1398/1398 1485/1485/1485
f 1399/1399/1399 1485/1485/1485 1486/1486/1486
f 1398/1398/1398 1395/1395/1395 1482/1482/1482
f 1398/1398/1398 1482/1482/1482 1485/1485/1485
f 1485/1485/1485 1482/1482/1482 1484/1484/1484
f 1485/1485/1485 1484/1484/1484 1487/1487/1487
f 1486/1486/1486 1485/1485/1485 1487/1487/1487
f 1486/1486/1486 1487/1487/1487 1488/1488/1488
f 1405/1405/1405 1404/1404/1404 1489/1489/1489
f 1405/1405/1405 1489/1489/1489 1490/1490/1490
f 1404/1404/1404 1399/1399/1399 1486/1486/1486
f 1404/1404/1404 1486/1486/1486 1489/1489/1489
f 1489/1489/1489 1486/1486/1486 1488/1488/1488
f 1489/1489/1489 1488/1488/1488 1491/1491/1491
f 1490/1490/1490 1489/1489/1489 1491/1491/1491
f 1490/1490/1490 1491/1491/1491 1492/1492/1492
f 1410/1410/1410 1409/1409/1409 1493/1493/1493
f 1410/1410/1410 1493/1493/1493 1494/1494/1494
f 1409/1409/1409 1405/1405/1405 1490/1490/1490
f 1409/1409/1409 1490/1490/1490 1493/1493/1493
f 1493/1493/1493 1490/1490/1490 1492/1492/1492
f 1493/1493/1493 1492/1492/1492 1495/1495/1495
f 1494/1494/1494 1493/1493/1493 1495/1495/1495
f 1494/1494/1494 1495/1495/1495 1496/1496/1496
f 1414/1414/1414 1413/1413/1413 1497/1497/1497
f 1414/1414/1414 1497/1497/1497 1498/1498/1498
f 1413/1413/1413 1410/1410/1410 1494/1494/1494
f 1413/1413/1413 1494/1494/1494 1497/1497/1497
f 1497/1497/1497 1494/1494/1494 1496/1496/1496
f 1497/1497/1497 1496/1496/1496 1499/1499/1499
f 1498/1498/1498 1497/1497/1497 1499/1499/1499
f 1498/1498/1498 1499/1499/1499 1500/1500/1500
f 1418/1418/1418 1417/1417/1417 1501/1501/1501
f 1418/1418/1418 1501/1501/1501 1502/1502/1502
f 1417/1417/1417 1414/1414/1414 1498/1498/1498
f 1417/1417/1417 1498/1498/1498 1501/1501/1501
f 1501/1501/1501 1498/1498/1498 1500/1500/1500
f 1501/1501/1501 1500/1500/1500 1503/1503/1503
f 1502/1502/1502 1501/1501/1501 1503/1503/1503
f 1502/1502/1502 1503/1503/1503 1504/1504/1504
f 1424/1424/1424 1423/1423/1423 1505/1505/1505
f 1424/1424/1424 1505/1505/1505 1506/1506/1506
f 1423/1423/1423 1418/1418/1418 1502/1502/1502
f 1423/1423/1423 1502/1502/1502 1505/1505/1505
f 1505/1505/1505 1502/1502/1502 1504/1504/1504
f 1505/1505/1505 1504/1504/1504 1507/1507/1507
f 1506/1506/1506 1505/1505/1505 1507/1507/1507
f 1506/1506/1506 1507/1507/1507 1508/1508/1508
f 1429/1429/1429 1428/1428/1428 1509/1509/1509
f 1429/1429/1429 1509/1509/1509 1510/1510/1510
f 1428/1428/1428 1424/1424/1424 1506/1506/1506
f 1428/1428/1428 1506/1506/1506 1509/1509/1509
f 1509/1509/1509 1506/1506/1506 1508/1508/1508
f 1509/1509/1509 1508/1508/1508 1511/1511/1511
f 1510/1510/1510 1509/1509/1509 1511/1511/1511
f 1510/1510/1510 1511/1511/1511 1512/1512/1512
f 1433/1433/1433 1432/1432/1432 1513/1513/1513
f 1433/1433/1433 1513/1513/1513 1514/1514/1514
f 1432/1432/1432 1429/1429/1429 1510/1510/1510
f 1432/1432/1432 1510/1510/1510 1513/1513/1513
f 1513/1513/1513 1510/1510/1510 1512/1512/1512
f 1513/1513/1513 1512/1512/1512 1515/1515/1515
f 1514/1514/1514 1513/1513/1513 1515/1515/1515
f 1514/1514/1514 1515/1515/1515 1516/1516/1516
f 1439/1439/1439 1438/1438/1438 1517/1517/1517
f 1439/1439/1439 1517/1517/1517 1518/1518/1518
f 1438/1438/1438 1433/1433/1433 1514/1514/1514
f 1438/1438/1438 1514/1514/1514 1517/1517/1517
f 1517/1517/1517 1514/1514/1514 1516/1516/1516
f 1517/1517/1517 1516/1516/1516 1519/1519/1519
f 1518/1518/1518 1517/1517/1517 1519/1519/1519
f 1518/1518/1518 1519/1519/1519 1520/1520/1520
f 1444/1444/1444 1443/1443/1443 1521/1521/1521
f 1444/1444/1444 1521/1521/1521 1522/1522/1522
f 1443/1443/1443 1439/1439/1439 1518/1518/1518
f 1443/1443/1443 1518/1518/1518 1521/1521/1521
f 1521/1521/1521 1518/1518/1518 1520/1520/1520
f 1521/1521/1521 1520/1520/1520 1523/1523/1523
f 1522/1522/1522 1521/1521/1521 1523/1523/1523
f 1522/1522/1522 1523/1523/1523 1524/1524/1524
f 1354/1354/1354 1446/1446/1446 1525/1525/1525
f 1354/1354/1354 1525/1525/1525 1449/1449/1449
f 1446/1446/1446 1444/1444/1444 1522/1522/1522
f 1446/1446/1446 1522/1522/1522 1525/1525/1525
f 1525/1525/1525 1522/1522/1522 1524/1524/1524
f 1525/1525/1525 1524/1524/1524 1526/1526/1526
f 1449/1449/1449 1525/1525/1525 1526/1526/1526
f 1449/1449/1449 1526/1526/1526 1450/1450/1450
f 1452/1452/1452 1451/1451/1451 1527/1527/1527
f 1452/1452/1452 1527/1527/1527 1528/1528/1528
f 1451/1451/1451 1450/1450/1450 1529/1529/1529
f 1451/1451/1451 1529/1529/1529 1527/1527/1527
f 1527/1527/1527 1529/1529/1529 1530/1530/1530
f 1527/1527/1527 1530/1530/1530 1531/1531/1531
f 1528/1528/1528 1527/1527/1527 1531/1531/1531
f 1528/1528/1528 1531/1531/1531 1532/1532/1532
f 1456/1456/1456 1455/1455/1455 1533/1533/1533
f 1456/1456/1456 1533/1533/1533 1534/1534/1534
f 1455/1455/1455 1452/1452/1452 1528/1528/1528
f 1455/1455/1455 1528/1528/1528 1533/1533/1533
f 1533/1533/1533 1528/1528/1528 1532/1532/1532
f 1533/1533/1533 1532/1532/1532 1535/1535/1535
f 1534/1534/1534 1533/1533/1533 1535/1535/1535
f 1534/1534/1534 1535/1535/1535 1536/1536/1536
f 1460/1460/1460 1459/1459/1459 1537/1537/1537
f 1460/1460/1460 1537/1537/1537 1538/1538/1538
f 1459/1459/1459 1456/1456/1456 1534/1534/1534
f 1459/1459/1459 1534/1534/1534 1537/1537/1537
f 1537/1537/1537 1534/1534/1534 1536/1536/1536
f 1537/1537/1537 1536/1536/1536 1539/1539/1539
f 1538/1538/1538 1537/1537/1537 1539/1539/1539
f 1538/1538/1538 1539/1539/1539 1540/1540/1540
f 1464/1464/1464 1463/1463/1463 1541/1541/1541
f 1464/1464/1464 1541/1541/1541 1542/1542/1542
f 1463/1463/1463 1460/1460/1460 1538/1538/1538
f 1463/1463/1463 1538/1538/1538 1541/1541/1541
f 1541/1541/1541 1538/1538/1538 1540/1540/1540
f 1541/1541/1541 1540/1540/1540 1543/1543/1543
f 1542/1542/1542 1541/1541/1541 1543/1543/1543
f 1542/1542/1542 1543/1543/1543 1544/1544/1544
f 1468/1468/1468 1467/1467/1467 1545/1545/1545
f 1468/1468/1468 1545/1545/1545 1546/1546/1546
f 1467/1467/1467 1464/1464/1464 1542/1542/1542
f 1467/1467/1467 1542/1542/1542 1545/1545/1545
f 1545/1545/1545 1542/1542/1542 1544/1544/1544
f 1545/1545/1545 1544/1544/1544 1547/1547/1547
f 1546/1546/1546 1545/1545/1545 1547/1547/1547
f 1546/1546/1546 1547/1547/1547 1548/1548/1548
f 1472/1472/1472 1471/1471/1471 1549/1549/1549
f 1472/1472/1472 1549/1549/1549 1550/1550/1550
f 1471/1471/1471 1468/1468/1468 1546/1546/1546
f 1471/1471/1471 1546/1546/1546 1549/1549/1549
f 1549/1549/1549 1546/1546/1546 1548/1548/1548
f 1549/1549/1549 1548/1548/1548 1551/1551/1551
f 1550/1550/1550 1549/1549/1549 1551/1551/1551
f 1550/1550/1550 1551/1551/1551 1552/1552/1552
f 1476/1476/1476 1475/1475/1475 1553/1553/1553
f 1476/1476/1476 1553/1553/1553 1554/1554/1554
f 1475/1475/1475 1472/1472/1472 1550/1550/1550
f 1475/1475/1475 1550/1550/1550 1553/1553/1553
f 1553/1553/1553 1550/1550/1550 1552/1552/1552
f 1553/1553/1553 1552/1552/1552 1555/1555/1555
f 1554/1554/1554 1553/1553/1553 1555/1555/1555
f 1554/1554/1554 1555/1555/1555 1556/1556/1556
f 1480/1480/1480 1479/1479/1479 1557/1557/1557
f 1480/1480/1480 1557/1557/1557 1558/1558/1558
f 1479/1479/1479 1476/1476/1476 1554/1554/1554
f 1479/1479/1479 1554/1554/1554 1557/1557/1557
f 1557/1557/1557 1554/1554/1554 1556/1556/1556
f 1557/1557/1557 1556/1556/1556 1559/1559/1559
f 1558/1558/1558 1557/1557/1557 1559/1559/1559
f 1558/1558/1558 1559/1559/1559 1560/1560/1560
f 1484/1484/1484 1483/1483/1483 1561/1561/1561
f 1484/1484/1484 1561/1561/1561 1562/1562/1562
f 1483/1483/1483 1480/1480/1480 1558/1558/1558
f 1483/1483/1483 1558/1558/1558 1561/1561/1561
f 1561/1561/1561 1558/1558/1558 1560/1560/1560
f 1561/1561/1561 1560/1560/1560 1563/1563/1563
f 1562/1562/1562 1561/1561/1561 1563/1563/1563
f 1562/1562/1562 1563/1563/1563 1564/1564/1564
f 1488/1488/1488 1487/1487/1487 1565/1565/1565
f 1488/1488/1488 1565/1565/1565 1566/1566/1566
f 1487/1487/1487 1484/1484/1484 1562/1562/1562
f 1487/1487/1487 1562/1562/1562 1565/1565/1565
f 1565/1565/1565 1562/1562/1562 1564/1564/1564
f 1565/1565/1565 1564/1564/1564 1567/1567/1567
f 1566/1566/1566 1565/1565/1565 1567/1567/1567
f 1566/1566/1566 1567/1567/1567 1568/1568/1568
f 1492/1492/1492 1491/1491/1491 1569/1569/1569
f 1492/1492/1492 1569/1569/1569 1570/1570/1570
f 1491/1491/1491 1488/1488/1488 1566/1566/1566
f 1491/1491/1491 1566/1566/1566 1569/1569/1569
f 1569/1569/1569 1566/1566/1566 1568/1568/1568
f 1569/1569/1569 1568/1568/1568 1571/1571/1571
f 1570/1570/1570 1569/1569/1569 1571/1571/1571
f 1570/1570/1570 1571/1571/1571 1572/1572/1572
f 1496/1496/1496 1495/1495/1495 1573/1573/1573
f 1496/1496/1496 1573/1573/1573 1574/1574/1574
f 1495/1495/1495 1492/1492/1492 1570/1570/1570
f 1495/1495/1495 1570/1570/1570 1573/1573/1573
f 1573/1573/1573 1570/1570/1570 1572/1572/1572
f 1573/1573/1573 1572/1572/1572 1575/1575/1575
f 1574/1574/1574 1573/1573/1573 1575/1575/1575
f 1574/1574/1574 1575/1575/1575 1576/1576/1576
f 1500/1500/1500 1499/1499/1499 1577/1577/1577
f 1500/1500/1500 1577/1577/1577 1578/1578/1578
f 1499/1499/1499 1496/1496/1496 1574/1574/1574
f 1499/1499/1499 1574/1574/1574 1577/1577/1577
f 1577/1577/1577 1574/1574/1574 1576/1576/1576
f 1577/1577/1577 1576/1576/1576 1579/1579/1579
f 1578/1578/1578 1577/1577/1577 1579/1579/1579
f 1578/1578/1578 1579/1579/1579 1580/1580/1580
f 1504/1504/1504 1503/1503/1503 1581/1581/1581
f 1504/1504/1504 1581/1581/1581 1582/1582/1582
f 1503/1503/1503 1500/1500/1500 1578/1578/1578
f 1503/1503/1503 1578/1578/1578 1581/1581/1581
f 1581/1581/1581 1578/1578/1578 1580/1580/1580
f 1581/1581/1581 1580/1580/1580 1583/1583/1583
f 1582/1582/1582 1581/1581/1581 1583/1583/1583
f 1582/1582/1582 1583/1583/1583 1584/1584/1584
f 1508/1508/1508 1507/1507/1507 1585/1585/1585
f 1508/1508/1508 1585/1585/1585 1586/1586/1586
f 1507/1507/1507 1504/1504/1504 1582/1582/1582
f 1507/1507/1507 1582/1582/1582 1585/1585/1585
f 1585/1585/1585 1582/1582/1582 1584/1584/1584
f 1585/1585/1585 1584/1584/1584 1587/1587/1587
f 1586/1586/1586 1585/1585/1585 1587/1587/1587
f 1586/1586/1586 1587/1587/1587 1588/1588/1588
f 1512/1512/1512 1511/1511/1511 1589/1589/1589
f 1512/1512/1512 1589/1589/1589 1590/1590/1590
f 1511/1511/1511 1508/1508/1508 1586/1586/1586
f 1511/1511/1511 1586/1586/1586 1589/1589/1589
f 1589/1589/1589 1586/1586/1586 1588/1588/1588
f 1589/1589/1589 1588/1588/1588 1591/1591/1591
f 1590/1590/1590 1589/1589/1589 1591/1591/1591
f 1590/1590/1590 1591/1591/1591 1592/1592/1592
f 1516/1516/1516 1515/1515/1515 1593/1593/1593
f 1516/1516/1516 1593/1593/1593 1594/1594/1594
f 1515/1515/1515 1512/1512/1512 1590/1590/1590
f 1515/1515/1515 1590/1590/1590 1593/1593/1593
f 1593/1593/1593 1590/1590/1590 1592/1592/1592
f 1593/1593/1593 1592/1592/1592 1595/1595/1595
f 1594/1594/1594 1593/1593/1593 1595/1595/1595
f 1594/1594/1594 1595/1595/1595 1596/1596/1596
f 1520/1520/1520 1519/1519/1519 1597/1597/1597
f 1520/1520/1520 1597/1597/1597 1598/1598/1598
f 1519/1519/1519 1516/1516/1516 1594/1594/1594
f 1519/1519/1519 1594/1594/1594 1597/1597/1597
f 1597/1597/1597 1594/1594/1594 1596/1596/1596
f 1597/1597/1597 1596/1596/1596 1599/1599/1599
f 1598/1598/1598 1597/1597/1597 1599/1599/1599
f 1598/1598/1598 1599/1599/1599 1600/1600/1600
f 1524/1524/1524 1523/1523/1523 1601/1601/1601
f 1524/1524/1524 1601/1601/1601 1602/1602/1602
f 1523/1523/1523 1520/1520/1520 1598/1598/1598
f 1523/1523/1523 1598/1598/1598 1601/1601/1601
f 1601/1601/1601 1598/1598/1598 1600/1600/1600
f 1601/1601/1601 1600/1600/1600 1603/1603/1603
f 1602/1602/1602 1601/1601/1601 1603/1603/1603
f 1602/1602/1602 1603/1603/1603 1604/1604/1604
f 1450/1450/1450 1526/1526/1526 1605/1605/1605
f 1450/1450/1450 1605/1605/1605 1529/1529/1529
f 1526/1526/1526 1524/1524/1524 1602/1602/1602
f 1526/1526/1526 1602/1602/1602 1605/1605/1605
f 1605/1605/1605 1602/1602/1602 1604/1604/1604
f 1605/1605/1605 1604/1604/1604 1606/1606/1606
f 1529/1529/1529 1605/1605/1605 1606/1606/1606
f 1529/1529/1529 1606/1606/1606 1530/1530/1530
f 1607/1607/1607 1608/1608/1608 1609/1609/1609
f 1607/1607/1607 1609/1609/1609 1610/1610/1610
f 1608/1608/1608 1611/1611/1611 1612/1612/1612
f 1608/1608/1608 1612/1612/1612 1609/1609/1609
f 1609/1609/1609 1612/1612/1612 128/128/128
f 1609/1609/1609 128/128/128 125/125/125
f 1610/1610/1610 1609/1609/1609 125/125/125
f 1610/1610/1610 125/125/125 124/124/124
f 1613/1613/1613 1614/1614/1614 1615/1615/1615
f 1613/1613/1613 1615/1615/1615 1616/1616/1616
f 1614/1614/1614 1607/1607/1607 1610/1610/1610
f 1614/1614/1614 1610/1610/1610 1615/1615/1615
f 1615/1615/1615 1610/1610/1610 124/124/124
f 1615/1615/1615 124/124/124 132/132/132
f 1616/1616/1616 1615/1615/1615 132/132/132
f 1616/1616/1616 132/132/132 131/131/131
f 1617/1617/1617 1618/1618/1618 1619/1619/1619
f 1617/1617/1617 1619/1619/1619 1620/1620/1620
f 1618/1618/1618 1613/1613/1613 1616/1616/1616
f 1618/1618/1618 1616/1616/1616 1619/1619/1619
f 1619/1619/1619 1616/1616/1616 131/131/131
f 1619/1619/1619 131/131/131 136/136/136
f 1620/1620/1620 1619/1619/1619 136/136/136
f 1620/1620/1620 136/136/136 135/135/135
f 1621/1621/1621 1622/1622/1622 1623/1623/1623
f 1621/1621/1621 1623/1623/1623 1624/1624/1624
f 1622/1622/1622 1617/1617/1617 1620/1620/1620
f 1622/1622/1622 1620/1620/1620 1623/1623/1623
f 1623/1623/1623 1620/1620/1620 135/135/135
f 1623/1623/1623 135/135/135 140/140/140
f 1624/1624/1624 1623/1623/1623 140/140/140
f 1624/1624/1624 140/140/140 139/139/139
f 1625/1625/1625 1626/1626/1626 1627/1627/1627
f 1625/1625/1625 1627/1627/1627 1628/1628/1628
f 1626/1626/1626 1621/1621/1621 1624/1624/1624
f 1626/1626/1626 1624/1624/1624 1627/1627/1627
f 1627/1627/1627 1624/1624/1624 139/139/139
f 1627/1627/1627 139/139/139 144/144/144
f 1628/1628/1628 1627/1627/1627 144/144/144
f 1628/1628/1628 144/144/144 143/143/143
f 1629/1629/1629 1630/1630/1630 1631/1631/1631
f 1629/1629/1629 1631/1631/1631 1632/1632/1632
f 1630/1630/1630 1625/1625/1625 1628/1628/1628
f 1630/1630/1630 1628/1628/1628 1631/1631/1631
f 1631/1631/1631 1628/1628/1628 143/143/143
f 1631/1631/1631 143/143/143 148/148/148
f 1632/1632/1632 1631/1631/1631 148/148/148
f 1632/1632/1632 148/148/148 147/147/147
f 1633/1633/1633 1634/1634/1634 1635/1635/1635
f 1633/1633/1633 1635/1635/1635 1636/1636/1636
f 1634/1634/1634 1629/1629/1629 1632/1632/1632
f 1634/1634/1634 1632/1632/1632 1635/1635/1635
f 1635/1635/1635 1632/1632/1632 147/147/147
f 1635/1635/1635 147/147/147 152/152/152
f 1636/1636/1636 1635/1635/1635 152/152/152
f 1636/1636/1636 152/152/152 151/151/151
f 1637/1637/1637 1638/1638/1638 1639/1639/1639
f 1637/1637/1637 1639/1639/1639 1640/1640/1640
f 1638/1638/1638 1633/1633/1633 1636/1636/1636
f 1638/1638/1638 1636/1636/1636 1639/1639/1639
f 1639/1639/1639 1636/1636/1636 151/151/151
f 1639/1639/1639 151/151/151 156/156/156
f 1640/1640/1640 1639/1639/1639 156/156/156
f 1640/1640/1640 156/156/156 155/155/155
f 1641/1641/1641 1642/1642/1642 1643/1643/1643
f 1641/1641/1641 1643/1643/1643 1644/1644/1644
f 1642/1642/1642 1637/1637/1637 1640/1640/1640
f 1642/1642/1642 1640/1640/1640 1643/1643/1643
f 1643/1643/1643 1640/1640/1640 155/155/155
f 1643/1643/1643 155/155/155 160/160/160
f 1644/1644/1644 1643/1643/1643 160/160/160
f 1644/1644/1644 160/160/160 159/159/159
f 1645/1645/1645 1646/1646/1646 1647/1647/1647
f 1645/1645/1645 1647/1647/1647 1648/1648/1648
f 1646/1646/1646 1641/1641/1641 1644/1644/1644
f 1646/1646/1646 1644/1644/1644 1647/1647/1647
f 1647/1647/1647 1644/1644/1644 159/159/159
f 1647/1647/1647 159/159/159 164/164/164
f 1648/1648/1648 1647/1647/1647 164/164/164
f 1648/1648/1648 164/164/164 163/163/163
f 1649/1649/1649 1650/1650/1650 1651/1651/1651
f 1649/1649/1649 1651/1651/1651 1652/1652/1652
f 1650/1650/1650 1645/1645/1645 1648/1648/1648
f 1650/1650/1650 1648/1648/1648 1651/1651/1651
f 1651/1651/1651 1648/1648/1648 163/163/163
f 1651/1651/1651 163/163/163 168/168/168
f 1652/1652/1652 1651/1651/1651 168/168/168
f 1652/1652/1652 168/168/168 167/167/167
f 1653/1653/1653 1654/1654/1654 1655/1655/1655
f 1653/1653/1653 1655/1655/1655 1656/1656/1656
f 1654/1654/1654 1649/1649/1649 1652/1652/1652
f 1654/1654/1654 1652/1652/1652 1655/1655/1655
f 1655/1655/1655 1652/1652/1652 167/167/167
f 1655/1655/1655 167/167/167 172/172/172
f 1656/1656/1656 1655/1655/1655 172/172/172
f 1656/1656/1656 172/172/172 171/171/171
f 1657/1657/1657 1658/1658/1658 1659/1659/1659
f 1657/1657/1657 1659/1659/1659 1660/1660/1660
f 1658/1658/1658 1653/1653/1653 1656/1656/1656
f 1658/1658/1658 1656/1656/1656 1659/1659/1659
f 1659/1659/1659 1656/1656/1656 171/171/171
f 1659/1659/1659 171/171/171 176/176/176
f 1660/1660/1660 1659/1659/1659 176/176/176
f 1660/1660/1660 176/176/176 175/175/175
f 1661/1661/1661 1662/1662/1662 1663/1663/1663
f 1661/1661/1661 1663/1663/1663 1664/1664/1664
f 1662/1662/1662 1657/1657/1657 1660/1660/1660
f 1662/1662/1662 1660/1660/1660 1663/1663/1663
f 1663/1663/1663 1660/1660/1660 175/175/175
f 1663/1663/1663 175/175/175 180/180/180
f 1664/1664/1664 1663/1663/1663 180/180/180
f 1664/1664/1664 180/180/180 179/179/179
f 1665/1665/1665 1666/1666/1666 1667/1667/1667
f 1665/1665/1665 1667/1667/1667 1668/1668/1668
f 1666/1666/1666 1661/1661/1661 1664/1664/1664
f 1666/1666/1666 1664/1664/1664 1667/1667/1667
f 1667/1667/1667 1664/1664/1664 179/179/179
f 1667/1667/1667 179/179/179 184/184/184
f 1668/1668/1668 1667/1667/1667 184/184/184
f 1668/1668/1668 184/184/184 183/183/183
f 1669/1669/1669 1670/1670/1670 1671/1671/1671
f 1669/1669/1669 1671/1671/1671 1672/1672/1672
f 1670/1670/1670 1665/1665/1665 1668/1668/1668
f 1670/1670/1670 1668/1668/1668 1671/1671/1671
f 1671/1671/1671 1668/1668/1668 183/183/183
f 1671/1671/1671 183/183/183 188/188/188
f 1672/1672/1672 1671/1671/1671 188/188/188
f 1672/1672/1672 188/188/188 187/187/187
f 1673/1673/1673 1674/1674/1674 1675/1675/1675
f 1673/1673/1673 1675/1675/1675 1676/1676/1676
f 1674/1674/1674 1669/1669/1669 1672/1672/1672
f 1674/1674/1674 1672/1672/1672 1675/1675/1675
f 1675/1675/1675 1672/1672/1672 187/187/187
f 1675/1675/1675 187/187/187 192/192/192
f 1676/1676/1676 1675/1675/1675 192/192/192
f 1676/1676/1676 192/192/192 191/191/191
f 1677/1677/1677 1678/1678/1678 1679/1679/1679
f 1677/1677/1677 1679/1679/1679 1680/1680/1680
f 1678/1678/1678 1673/1673/1673 1676/1676/1676
f 1678/1678/1678 1676/1676/1676 1679/1679/1679
f 1679/1679/1679 1676/1676/1676 191/191/191
f 1679/1679/1679 191/191/191 196/196/196
f 1680/1680/1680 1679/1679/1679 196/196/196
f 1680/1680/1680 196/196/196 195/195/195
f 1681/1681/1681 1682/1682/1682 1683/1683/1683
f 1681/1681/1681 1683/1683/1683 1684/1684/1684
f 1682/1682/1682 1677/1677/1677 1680/1680/1680
f 1682/1682/1682 1680/1680/1680 1683/1683/1683
f 1683/1683/1683 1680/1680/1680 195/195/195
f 1683/1683/1683 195/195/195 200/200/200
f 1684/1684/1684 1683/1683/1683 200/200/200
f 1684/1684/1684 200/200/200 199/199/199
f 1611/1611/1611 1685/1685/1685 1686/1686/1686
f 1611/1611/1611 1686/1686/1686 1612/1612/1612
f 1685/1685/1685 1681/1681/1681 1684/1684/1684
f 1685/1685/1685 1684/1684/1684 1686/1686/1686
f 1686/1686/1686 1684/1684/1684 199/199/199
f 1686/1686/1686 199/199/199 203/203/203
f 1612/1612/1612 1686/1686/1686 203/203/203
f 1612/1612/1612 203/203/203 128/128/128
f 1532/1532/1532 1531/1531/1531 1687/1687/1687
f 1532/1532/1532 1687/1687/1687 1688/1688/1688
f 1531/1531/1531 1530/1530/1530 1689/1689/1689
f 1531/1531/1531 1689/1689/1689 1687/1687/1687
f 1687/1687/1687 1689/1689/1689 1690/1690/1690
f 1687/1687/1687 1690/1690/1690 1691/1691/1691
f 1688/1688/1688 1687/1687/1687 1691/1691/1691
f 1688/1688/1688 1691/1691/1691 1692/1692/1692
f 1536/1536/1536 1535/1535/1535 1693/1693/1693
f 1536/1536/1536 1693/1693/1693 1694/1694/1694
f 1535/1535/1535 1532/1532/1532 1688/1688/1688
f 1535/1535/1535 1688/1688/1688 1693/1693/1693
f 1693/1693/1693 1688/1688/1688 1692/1692/1692
f 1693/1693/1693 1692/1692/1692 1695/1695/1695
f 1694/1694/1694 1693/1693/1693 1695/1695/1695
f 1694/1694/1694 1695/1695/1695 1696/1696/1696
f 1540/1540/1540 1539/1539/1539 1697/1697/1697
f 1540/1540/1540 1697/1697/1697 1698/1698/1698
f 1539/1539/1539 1536/1536/1536 1694/1694/1694
f 1539/1539/1539 1694/1694/1694 1697/1697/1697
f 1697/1697/1697 1694/1694/1694 1696/1696/1696
f 1697/1697/1697 1696/1696/1696 1699/1699/1699
f 1698/1698/1698 1697/1697/1697 1699/1699/1699
f 1698/1698/1698 1699/1699/1699 1700/1700/1700
f 1544/1544/1544 1543/1543/1543 1701/1701/1701
f 1544/1544/1544 1701/1701/1701 1702/1702/1702
f 1543/1543/1543 1540/1540/1540 1698/1698/1698
f 1543/1543/1543 1698/1698/1698 1701/1701/1701
f 1701/1701/1701 1698/1698/1698 1700/1700/1700
f 1701/1701/1701 1700/1700/1700 1703/1703/1703
f 1702/1702/1702 1701/1701/1701 1703/1703/1703
f 1702/1702/1702 1703/1703/1703 1704/1704/1704
f 1548/1548/1548 1547/1547/1547 1705/1705/1705
f 1548/1548/1548 1705/1705/1705 1706/1706/1706
f 1547/1547/1547 1544/1544/1544 1702/1702/1702
f 1547/1547/1547 1702/1702/1702 1705/1705/1705
f 1705/1705/1705 1702/1702/1702 1704/1704/1704
f 1705/1705/1705 1704/1704/1704 1707/1707/1707
f 1706/1706/1706 1705/1705/1705 1707/1707/1707
f 1706/1706/1706 1707/1707/1707 1708/1708/1708
f 1552/1552/1552 1551/1551/1551 1709/1709/1709
f 1552/1552/1552 1709/1709/1709 1710/1710/1710
f 1551/1551/1551 1548/1548/1548 1706/1706/1706
f 1551/1551/1551 1706/1706/1706 1709/1709/1709
f 1709/1709/1709 1706/1706/1706 1708/1708/1708
f 1709/1709/1709 1708/1708/1708 1711/1711/1711
f 1710/1710/1710 1709/1709/1709 1711/1711/1711
f 1710/1710/1710 1711/1711/1711 1712/1712/1712
f 1556/1556/1556 1555/1555/1555 1713/1713/1713
f 1556/1556/1556 1713/1713/1713 1714/1714/1714
f 1555/1555/1555 1552/1552/1552 1710/1710/1710
f 1555/1555/1555 1710/1710/1710 1713/1713/1713
f 1713/1713/1713 1710/1710/1710 1712/1712/1712
f 1713/1713/1713 1712/1712/1712 1715/1715/1715
f 1714/1714/1714 1713/1713/1713 1715/1715/1715
f 1714/1714/1714 1715/1715/1715 1716/1716/1716
f 1560/1560/1560 1559/1559/1559 1717/1717/1717
f 1560/1560/1560 1717/1717/1717 1718/1718/1718
f 1559/1559/1559 1556/1556/1556 1714/1714/1714
f 1559/1559/1559 1714/1714/1714 1717/1717/1717
f 1717/1717/1717 1714/1714/1714 1716/1716/1716
f 1717/1717/1717 1716/1716/1716 1719/1719/1719
f 1718/1718/1718 1717/1717/1717 1719/1719/1719
f 1718/1718/1718 1719/1719/1719 1720/1720/1720
f 1564/1564/1564 1563/1563/1563 1721/1721/1721
f 1564/1564/1564 1721/1721/1721 1722/1722/1722
f 1563/1563/1563 1560/1560/1560 1718/1718/1718
f 1563/1563/1563 1718/1718/1718 1721/1721/1721
f 1721/1721/1721 1718/1718/1718 1720/1720/1720
f 1721/1721/1721 1720/1720/1720 1723/1723/1723
f 1722/1722/1722 1721/1721/1721 1723/1723/1723
f 1722/1722/1722 1723/1723/1723 1724/1724/1724
f 1568/1568/1568 1567/1567/1567 1725/1725/1725
f 1568/1568/1568 1725/1725/1725 1726/1726/1726
f 1567/1567/1567 1564/1564/1564 1722/1722/1722
f 1567/1567/1567 1722/1722/1722 1725/1725/1725
f 1725/1725/1725 1722/1722/1722 1724/1724/1724
f 1725/1725/1725 1724/1724/1724 1727/1727/1727
f 1726/1726/1726 1725/1725/1725 1727/1727/1727
f 1726/1726/1726 1727/1727/1727 1728/1728/1728
f 1572/1572/1572 1571/1571/1571 1729/1729/1729
f 1572/1572/1572 1729/1729/1729 1730/1730/1730
f 1571/1571/1571 1568/1568/1568 1726/1726/1726
f 1571/1571/1571 1726/1726/1726 1729/1729/1729
f 1729/1729/1729 1726/1726/1726 1728/1728/1728
f 1729/1729/1729 1728/1728/1728 1731/1731/1731
f 1730/1730/1730 1729/1729/1729 1731/1731/1731
f 1730/1730/1730 1731/1731/1731 1732/1732/1732
f 1576/1576/1576 1575/1575/1575 1733/1733/1733
f 1576/1576/1576 1733/1733/1733 1734/1734/1734
f 1575/1575/1575 1572/1572/1572 1730/1730/1730
f 1575/1575/1575 1730/1730/1730 1733/1733/1733
f 1733/1733/1733 1730/1730/1730 1732/1732/1732
f 1733/1733/1733 1732/1732/1732 1735/1735/1735
f 1734/1734/1734 1733/1733/1733 1735/1735/1735
f 1734/1734/1734 1735/1735/1735 1736/1736/1736
f 1580/1580/1580 1579/1579/1579 1737/1737/1737
f 1580/1580/1580 1737/1737/1737 1738/1738/1738
f 1579/1579/1579 1576/1576/1576 1734/1734/1734
f 1579/1579/1579 1734/1734/1734 1737/1737/1737
f 1737/1737/1737 1734/1734/1734 1736/1736/1736
f 1737/1737/1737 1736/1736/1736 1739/1739/1739
f 1738/1738/1738 1737/1737/1737 1739/1739/1739
f 1738/1738/1738 1739/1739/1739 1740/1740/1740
f 1584/1584/1584 1583/1583/1583 1741/1741/1741
f 1584/1584/1584 1741/1741/1741 1742/1742/1742
f 1583/1583/1583 1580/1580/1580 1738/1738/1738
f 1583/1583/1583 1738/1738/1738 1741/1741/1741
f 1741/1741/1741 1738/1738/1738 1740/1740/1740
f 1741/1741/1741 1740/1740/1740 1743/1743/1743
f 1742/1742/1742 1741/1741/1741 1743/1743/1743
f 1742/1742/1742 1743/1743/1743 1744/1744/1744
f 1588/1588/1588 1587/1587/1587 1745/1745/1745
f 1588/1588/1588 1745/1745/1745 1746/1746/1746
f 1587/1587/1587 1584/1584/1584 1742/1742/1742
f 1587/1587/1587 1742/1742/1742 1745/1745/1745
f 1745/1745/1745 1742/1742/1742 1744/1744/1744
f 1745/1745/1745 1744/1744/1744 1747/1747/1747
f 1746/1746/1746 1745/1745/1745 1747/1747/1747
f 1746/1746/1746 1747/1747/1747 1748/1748/1748
f 1592/1592/1592 1591/1591/1591 1749/1749/1749
f 1592/1592/1592 1749/1749/1749 1750/1750/1750
f 1591/1591/1591 1588/1588/1588 1746/1746/1746
f 1591/1591/1591 1746/1746/1746 1749/1749/1749
f 1749/1749/1749 1746/1746/1746 1748/1748/1748
f 1749/1749/1749 1748/1748/1748 1751/1751/1751
f 1750/1750/1750 1749/1749/1749 1751/1751/1751
f 1750/1750/1750 1751/1751/1751 1752/1752/1752
f 1596/1596/1596 1595/1595/1595 1753/1753/1753
f 1596/1596/1596 1753/1753/1753 1754/1754/1754
f 1595/1595/1595 1592/1592/1592 1750/1750/1750
f 1595/1595/1595 1750/1750/1750 1753/1753/1753
f 1753/1753/1753 1750/1750/1750 1752/1752/1752
f 1753/1753/1753 1752/1752/1752 1755/1755/1755
f 1754/1754/1754 1753/1753/1753 1755/1755/1755
f 1754/1754/1754 1755/1755/1755 1756/1756/1756
f 1600/1600/1600 1599/1599/1599 1757/1757/1757
f 1600/1600/1600 1757/1757/1757 1758/1758/1758
f 1599/1599/1599 1596/1596/1596 1754/1754/1754
f 1599/1599/1599 1754/1754/1754 1757/1757/1757
f 1757/1757/1757 1754/1754/1754 1756/1756/1756
f 1757/1757/1757 1756/1756/1756 1759/1759/1759
f 1758/1758/1758 1757/1757/1757 1759/1759/1759
f 1758/1758/1758 1759/1759/1759 1760/1760/1760
f 1604/1604/1604 1603/1603/1603 1761/1761/1761
f 1604/1604/1604 1761/1761/1761 1762/1762/1762
f 1603/1603/1603 1600/1600/1600 1758/1758/1758
f 1603/1603/1603 1758/1758/1758 1761/1761/1761
f 1761/1761/1761 1758/1758/1758 1760/1760/1760
f 1761/1761/1761 1760/1760/1760 1763/1763/1763
f 1762/1762/1762 1761/1761/1761 1763/1763/1763
f 1762/1762/1762 1763/1763/1763 1764/1764/1764
f 1530/1530/1530 1606/1606/1606 1765/1765/1765
f 1530/1530/1530 1765/1765/1765 1689/1689/1689
f 1606/1606/1606 1604/1604/1604 1762/1762/1762
f 1606/1606/1606 1762/1762/1762 1765/1765/1765
f 1765/1765/1765 1762/1762/1762 1764/1764/1764
f 1765/1765/1765 1764/1764/1764 1766/1766/1766
f 1689/1689/1689 1765/1765/1765 1766/1766/1766
f 1689/1689/1689 1766/1766/1766 1690/1690/1690
f 1692/1692/1692 1691/1691/1691 1767/1767/1767
f 1692/1692/1692 1767/1767/1767 1768/1768/1768
f 1691/1691/1691 1690/1690/1690 1769/1769/1769
f 1691/1691/1691 1769/1769/1769 1767/1767/1767
f 1767/1767/1767 1769/1769/1769 1770/1770/1770
f 1767/1767/1767 1770/1770/1770 1771/1771/1771
f 1768/1768/1768 1767/1767/1767 1771/1771/1771
f 1768/1768/1768 1771/1771/1771 1772/1772/1772
f 1696/1696/1696 1695/1695/1695 1773/1773/1773
f 1696/1696/1696 1773/1773/1773 1774/1774/1774
f 1695/1695/1695 1692/1692/1692 1768/1768/1768
f 1695/1695/1695 1768/1768/1768 1773/1773/1773
f 1773/1773/1773 1768/1768/1768 1772/1772/1772
f 1773/1773/1773 1772/1772/1772 1775/1775/1775
f 1774/1774/1774 1773/1773/1773 1775/1775/1775
f 1774/1774/1774 1775/1775/1775 1776/1776/1776
f 1700/1700/1700 1699/1699/1699 1777/1777/1777
f 1700/1700/1700 1777/1777/1777 1778/1778/1778
f 1699/1699/1699 1696/1696/1696 1774/1774/1774
f 1699/1699/1699 1774/1774/1774 1777/1777/1777
f 1777/1777/1777 1774/1774/1774 1776/1776/1776
f 1777/1777/1777 1776/1776/1776 1779/1779/1779
f 1778/1778/1778 1777/1777/1777 1779/1779/1779
f 1778/1778/1778 1779/1779/1779 1780/1780/1780
f 1704/1704/1704 1703/1703/1703 1781/1781/1781
f 1704/1704/1704 1781/1781/1781 1782/1782/1782
f 1703/1703/1703 1700/1700/1700 1778/1778/1778
f 1703/1703/1703 1778/1778/1778 1781/1781/1781
f 1781/1781/1781 1778/1778/1778 1780/1780/1780
f 1781/1781/1781 1780/1780/1780 1783/1783/1783
f 1782/1782/1782 1781/1781/1781 1783/1783/1783
f 1782/1782/1782 1783/1783/1783 1784/1784/1784
f 1708/1708/1708 1707/1707/1707 1785/1785/1785
f 1708/1708/1708 1785/1785/1785 1786/1786/1786
f 1707/1707/1707 1704/1704/1704 1782/1782/1782
f 1707/1707/1707 1782/1782/1782 1785/1785/1785
f 1785/1785/1785 1782/1782/1782 1784/1784/1784
f 1785/1785/1785 1784/1784/1784 1787/1787/1787
f 1786/1786/1786 1785/1785/1785 1787/1787/1787
f 1786/1786/1786 1787/1787/1787 1788/1788/1788
f 1712/1712/1712 1711/1711/1711 1789/1789/1789
f 1712/1712/1712 1789/1789/1789 1790/1790/1790
f 1711/1711/1711 1708/1708/1708 1786/1786/1786
f 1711/1711/1711 1786/1786/1786 1789/1789/1789
f 1789/1789/1789 1786/1786/1786 1788/1788/1788
f 1789/1789/1789 1788/1788/1788 1791/1791/1791
f 1790/1790/1790 1789/1789/1789 1791/1791/1791
f 1790/1790/1790 1791/1791/1791 1792/1792/1792
f 1716/1716/1716 1715/1715/1715 1793/1793/1793
f 1716/1716/1716 1793/1793/1793 1794/1794/1794
f 1715/1715/1715 1712/1712/1712 1790/1790/1790
f 1715/1715/1715 1790/1790/1790 1793/1793/1793
f 1793/1793/1793 1790/1790/1790 1792/1792/1792
f 1793/1793/1793 1792/1792/1792 1795/1795/1795
f 1794/1794/1794 1793/1793/1793 1795/1795/1795
f 1794/1794/1794 1795/1795/1795 1796/1796/1796
f 1720/1720/1720 1719/1719/1719 1797/1797/1797
f 1720/1720/1720 1797/1797/1797 1798/1798/1798
f 1719/1719/1719 1716/1716/1716 1794/1794/1794
f 1719/1719/1719 1794/1794/1794 1797/1797/1797
f 1797/1797/1797 1794/1794/1794 1796/1796/1796
f 1797/1797/1797 1796/1796/1796 1799/1799/1799
f 1798/1798/1798 1797/1797/1797 1799/1799/1799
f 1798/1798/1798 1799/1799/1799 1800/1800/1800
f 1724/1724/1724 1723/1723/1723 1801/1801/1801
f 1724/1724/1724 1801/1801/1801 1802/1802/1802
f 1723/1723/1723 1720/1720/1720 1798/1798/1798
f 1723/1723/1723 1798/1798/1798 1801/1801/1801
f 1801/1801/1801 1798/1798/1798 1800/1800/1800
f 1801/1801/1801 1800/1800/1800 1803/1803/1803
f 1802/1802/1802 1801/1801/1801 1803/1803/1803
f 1802/1802/1802 1803/1803/1803 1804/1804/1804
f 1728/1728/1728 1727/1727/1727 1805/1805/1805
f 1728/1728/1728 1805/1805/1805 1806/1806/1806
f 1727/1727/1727 1724/1724/1724 1802/1802/1802
f 1727/1727/1727 1802/1802/1802 1805/1805/1805
f 1805/1805/1805 1802/1802/1802 1804/1804/1804
f 1805/1805/1805 1804/1804/1804 1807/1807/1807
f 1806/1806/1806 1805/1805/1805 1807/1807/1807
f 1806/1806/1806 1807/1807/1807 1808/1808/1808
f 1732/1732/1732 1731/1731/1731 1809/1809/1809
f 1732/1732/1732 1809/1809/1809 1810/1810/1810
f 1731/1731/1731 1728/1728/1728 1806/1806/1806
f 1731/1731/1731 1806/1806/1806 1809/1809/1809
f 1809/1809/1809 1806/1806/1806 1808/1808/1808
f 1809/1809/1809 1808/1808/1808 1811/1811/1811
f 1810/1810/1810 1809/1809/1809 1811/1811/1811
f 1810/1810/1810 1811/1811/1811 1812/1812/1812
f 1736/1736/1736 1735/1735/1735 1813/1813/1813
f 1736/1736/1736 1813/1813/1813 1814/1814/1814
f 1735/1735/1735 1732/1732/1732 1810/1810/1810
f 1735/1735/1735 1810/1810/1810 1813/1813/1813
f 1813/1813/1813 1810/1810/1810 1812/1812/1812
f 1813/1813/1813 1812/1812/1812 1815/1815/1815
f 1814/1814/1814 1813/1813/1813 1815/1815/1815
f 1814/1814/1814 1815/1815/1815 1816/1816/1816
f 1740/1740/1740 1739/1739/1739 1817/1817/1817
f 1740/1740/1740 1817/1817/1817 1818/1818/1818
f 1739/1739/1739 1736/1736/1736 1814/1814/1814
f 1739/1739/1739 1814/1814/1814 1817/1817/1817
f 1817/1817/1817 1814/1814/1814 1816/1816/1816
f 1817/1817/1817 1816/1816/1816 1819/1819/1819
f 1818/1818/1818 1817/1817/1817 1819/1819/1819
f 1818/1818/1818 1819/1819/1819 1820/1820/1820
f 1744/1744/1744 1743/1743/1743 1821/1821/1821
f 1744/1744/1744 1821/1821/1821 1822/1822/1822
f 1743/1743/1743 1740/1740/1740 1818/1818/1818
f 1743/1743/1743 1818/1818/1818 1821/1821/1821
f 1821/1821/1821 1818/1818/1818 1820/1820/1820
f 1821/1821/1821 1820/1820/1820 1823/1823/1823
f 1822/1822/1822 1821/1821/1821 1823/1823/1823
f 1822/1822/1822 1823/1823/1823 1824/1824/1824
f 1748/1748/1748 1747/1747/1747 1825/1825/1825
f 1748/1748/1748 1825/1825/1825 1826/1826/1826
f 1747/1747/1747 1744/1744/1744 1822/1822/1822
f 1747/1747/1747 1822/1822/1822 1825/1825/1825
f 1825/1825/1825 1822/1822/1822 1824/1824/1824
f 1825/1825/1825 1824/1824/1824 1827/1827/1827
f 1826/1826/1826 1825/1825/1825 1827/1827/1827
f 1826/1826/1826 1827/1827/1827 1828/1828/1828
f 1752/1752/1752 1751/1751/1751 1829/1829/1829
f 1752/1752/1752 1829/1829/1829 1830/1830/1830
f 1751/1751/1751 1748/1748/1748 1826/1826/1826
f 1751/1751/1751 1826/1826/1826 1829/1829/1829
f 1829/1829/1829 1826/1826/1826 1828/1828/1828
f 1829/1829/1829 1828/1828/1828 1831/1831/1831
f 1830/1830/1830 1829/1829/1829 1831/1831/1831
f 1830/1830/1830 1831/1831/1831 1832/1832/1832
f 1756/1756/1756 1755/1755/1755 1833/1833/1833
f 1756/1756/1756 1833/1833/1833 1834/1834/1834
f 1755/1755/1755 1752/1752/1752 1830/1830/1830
f 1755/1755/1755 1830/1830/1830 1833/1833/1833
f 1833/1833/1833 1830/1830/1830 1832/1832/1832
f 1833/1833/1833 1832/1832/1832 1835/1835/1835
f 1834/1834/1834 1833/1833/1833 1835/1835/1835
f 1834/1834/1834 1835/1835/1835 1836/1836/1836
f 1760/1760/1760 1759/1759/1759 1837/1837/1837
f 1760/1760/1760 1837/1837/1837 1838/1838/1838
f 1759/1759/1759 1756/1756/1756 1834/1834/1834
f 1759/1759/1759 1834/1834/1834 1837/1837/1837
f 1837/1837/1837 1834/1834/1834 1836/1836/1836
f 1837/1837/1837 1836/1836/1836 1839/1839/1839
f 1838/1838/1838 1837/1837/1837 1839/1839/1839
f 1838/1838/1838 1839/1839/1839 1840/1840/1840
f 1764/1764/1764 1763/1763/1763 1841/1841/1841
f 1764/1764/1764 1841/1841/1841 1842/1842/1842
f 1763/1763/1763 1760/1760/1760 1838/1838/1838
f 1763/1763/1763 1838/1838/1838 1841/1841/1841
f 1841/1841/1841 1838/1838/1838 1840/1840/1840
f 1841/1841/1841 1840/1840/1840 1843/1843/1843
f 1842/1842/1842 1841/1841/1841 1843/1843/1843
f 1842/1842/1842 1843/1843/1843 1844/1844/1844
f 1690/1690/1690 1766/1766/1766 1845/1845/1845
f 1690/1690/1690 1845/1845/1845 1769/1769/1769
f 1766/1766/1766 1764/1764/1764 1842/1842/1842
f 1766/1766/1766 1842/1842/1842 1845/1845/1845
f 1845/1845/1845 1842/1842/1842 1844/1844/1844
f 1845/1845/1845 1844/1844/1844 1846/1846/1846
f 1769/1769/1769 1845/1845/1845 1846/1846/1846
f 1769/1769/1769 1846/1846/1846 1770/1770/1770
f 1772/1772/1772 1771/1771/1771 1847/1847/1847
f 1772/1772/1772 1847/1847/1847 1848/1848/1848
f 1771/1771/1771 1770/1770/1770 1849/1849/1849
f 1771/1771/1771 1849/1849/1849 1847/1847/1847
f 1847/1847/1847 1849/1849/1849 1611/1611/1611
f 1847/1847/1847 1611/1611/1611 1608/1608/1608
f 1848/1848/1848 1847/1847/1847 1608/1608/1608
f 1848/1848/1848 1608/1608/1608 1607/1607/1607
f 1776/1776/1776 1775/1775/1775 1850/1850/1850
f 1776/1776/1776 1850/1850/1850 1851/1851/1851
f 1775/1775/1775 1772/1772/1772 1848/1848/1848
f 1775/1775/1775 1848/1848/1848 1850/1850/1850
f 1850/1850/1850 1848/1848/1848 1607/1607/1607
f 1850/1850/1850 1607/1607/1607 1614/1614/1614
f 1851/1851/1851 1850/1850/1850 1614/1614/1614
f 1851/1851/1851 1614/1614/1614 1613/1613/1613
f 1780/1780/1780 1779/1779/1779 1852/1852/1852
f 1780/1780/1780 1852/1852/1852 1853/1853/1853
f 1779/1779/1779 1776/1776/1776 1851/1851/1851
f 1779/1779/1779 1851/1851/1851 1852/1852/1852
f 1852/1852/1852 1851/1851/1851 1613/1613/1613
f 1852/1852/1852 1613/1613/1613 1618/1618/1618
f 1853/1853/1853 1852/1852/1852 1618/1618/1618
f 1853/1853/1853 1618/1618/1618 1617/1617/1617
f 1784/1784/1784 1783/1783/1783 1854/1854/1854
f 1784/1784/1784 1854/1854/1854 1855/1855/1855
f 1783/1783/1783 1780/1780/1780 1853/1853/1853
f 1783/1783/1783 1853/1853/1853 1854/1854/1854
f 1854/1854/1854 1853/1853/1853 1617/1617/1617
f 1854/1854/1854 1617/1617/1617 1622/1622/1622
f 1855/1855/1855 1854/1854/1854 1622/1622/1622
f 1855/1855/1855 1622/1622/1622 1621/1621/1621
f 1788/1788/1788 1787/1787/1787 1856/1856/1856
f 1788/1788/1788 1856/1856/1856 1857/1857/1857
f 1787/1787/1787 1784/1784/1784 1855/1855/1855
f 1787/1787/1787 1855/1855/1855 1856/1856/1856
f 1856/1856/1856 1855/1855/1855 1621/1621/1621
f 1856/1856/1856 1621/1621/1621 1626/1626/1626
f 1857/1857/1857 1856/1856/1856 1626/1626/1626
f 1857/1857/1857 1626/1626/1626 1625/1625/1625
f 1792/1792/1792 1791/1791/1791 1858/1858/1858
f 1792/1792/1792 1858/1858/1858 1859/1859/1859
f 1791/1791/1791 1788/1788/1788 1857/1857/1857
f 1791/1791/1791 1857/1857/1857 1858/1858/1858
f 1858/1858/1858 1857/1857/1857 1625/1625/1625
f 1858/1858/1858 1625/1625/1625 1630/1630/1630
f 1859/1859/1859 1858/1858/1858 1630/1630/1630
f 1859/1859/1859 1630/1630/1630 1629/1629/1629
f 1796/1796/1796 1795/1795/1795 1860/1860/1860
f 1796/1796/1796 1860/1860/1860 1861/1861/1861
f 1795/1795/1795 1792/1792/1792 1859/1859/1859
f 1795/1795/1795 1859/1859/1859 1860/1860/1860
f 1860/1860/1860 1859/1859/1859 1629/1629/1629
f 1860/1860/1860 1629/1629/1629 1634/1634/1634
f 1861/1861/1861 1860/1860/1860 1634/1634/1634
f 1861/1861/1861 1634/1634/1634 1633/1633/1633
f 1800/1800/1800 1799/1799/1799 1862/1862/1862
f 1800/1800/1800 1862/1862/1862 1863/1863/1863
f 1799/1799/1799 1796/1796/1796 1861/1861/1861
f 1799/1799/1799 1861/1861/1861 1862/1862/1862
f 1862/1862/1862 1861/1861/1861 1633/1633/1633
f 1862/1862/1862 1633/1633/1633 1638/1638/1638
f 1863/1863/1863 1862/1862/1862 1638/1638/1638
f 1863/1863/1863 1638/1638/1638 1637/1637/1637
f 1804/1804/1804 1803/1803/1803 1864/1864/1864
f 1804/1804/1804 1864/1864/1864 1865/1865/1865
f 1803/1803/1803 1800/1800/1800 1863/1863/1863
f 1803/1803/1803 1863/1863/1863 1864/1864/1864
f 1864/1864/1864 1863/1863/1863 1637/1637/1637
f 1864/1864/1864 1637/1637/1637 1642/1642/1642
f 1865/1865/1865 1864/1864/1864 1642/1642/1642
f 1865/1865/1865 1642/1642/1642 1641/1641/1641
f 1808/1808/1808 1807/1807/1807 1866/1866/1866
f 1808/1808/1808 1866/1866/1866 1867/1867/1867
f 1807/1807/1807 1804/1804/1804 1865/1865/1865
f 1807/1807/1807 1865/1865/1865 1866/1866/1866
f 1866/1866/1866 1865/1865/1865 1641/1641/1641
f 1866/1866/1866 1641/1641/1641 1646/1646/1646
f 1867/1867/1867 1866/1866/1866 1646/1646/1646
f 1867/1867/1867 1646/1646/1646 1645/1645/1645
f 1812/1812/1812 1811/1811/1811 1868/1868/1868
f 1812/1812/1812 1868/1868/1868 1869/1869/1869
f 1811/1811/1811 1808/1808/1808 1867/1867/1867
f 1811/1811/1811 1867/1867/1867 1868/1868/1868
f 1868/1868/1868 1867/1867/1867 1645/1645/1645
f 1868/1868/1868 1645/1645/1645 1650/1650/1650
f 1869/1869/1869 1868/1868/1868 1650/1650/1650
f 1869/1869/1869 1650/1650/1650 1649/1649/1649
f 1816/1816/1816 1815/1815/1815 1870/1870/1870
f 1816/1816/1816 1870/1870/1870 1871/1871/1871
f 1815/1815/1815 1812/1812/1812 1869/1869/1869
f 1815/1815/1815 1869/1869/1869 1870/1870/1870
f 1870/1870/1870 1869/1869/1869 1649/1649/1649
f 1870/1870/1870 1649/1649/1649 1654/1654/1654
f 1871/1871/1871 1870/1870/1870 1654/1654/1654
f 1871/1871/1871 1654/1654/1654 1653/1653/1653
f 1820/1820/1820 1819/1819/1819 1872/1872/1872
f 1820/1820/1820 1872/1872/1872 1873/1873/1873
f 1819/1819/1819 1816/1816/1816 1871/1871/1871
f 1819/1819/1819 1871/1871/1871 1872/1872/1872
f 1872/1872/1872 1871/1871/1871 1653/1653/1653
f 1872/1872/1872 1653/1653/1653 1658/1658/1658
f 1873/1873/1873 1872/1872/1872 1658/1658/1658
f 1873/1873/1873 1658/1658/1658 1657/1657/1657
f 1824/1824/1824 1823/1823/1823 1874/1874/1874
f 1824/1824/1824 1874/1874/1874 1875/1875/1875
f 1823/1823/1823 1820/1820/1820 1873/1873/1873
f 1823/1823/1823 1873/1873/1873 1874/1874/1874
f 1874/1874/1874 1873/1873/1873 1657/1657/1657
f 1874/1874/1874 1657/1657/1657 1662/1662/1662
f 1875/1875/1875 1874/1874/1874 1662/1662/1662
f 1875/1875/1875 1662/1662/1662 1661/1661/1661
f 1828/1828/1828 1827/1827/1827 1876/1876/1876
f 1828/1828/1828 1876/1876/1876 1877/1877/1877
f 1827/1827/1827 1824/1824/1824 1875/1875/1875
f 1827/1827/1827 1875/1875/1875 1876/1876/1876
f 1876/1876/1876 1875/1875/1875 1661/1661/1661
f 1876/1876/1876 1661/1661/1661 1666/1666/1666
f 1877/1877/1877 1876/1876/1876 1666/1666/1666
f 1877/1877/1877 1666/1666/1666 1665/1665/1665
f 1832/1832/1832 1831/1831/1831 1878/1878/1878
f 1832/1832/1832 1878/1878/1878 1879/1879/1879
f 1831/1831/1831 1828/1828/1828 1877/1877/1877
f 1831/1831/1831 1877/1877/1877 1878/1878/1878
f 1878/1878/1878 1877/1877/1877 1665/1665/1665
f 1878/1878/1878 1665/1665/1665 1670/1670/1670
f 1879/1879/1879 1878/1878/1878 1670/1670/1670
f 1879/1879/1879 1670/1670/1670 1669/1669/1669
f 1836/1836/1836 1835/1835/1835 1880/1880/1880
f 1836/1836/1836 1880/1880/1880 1881/1881/1881
f 1835/1835/1835 1832/1832/1832 1879/1879/1879
f 1835/1835/1835 1879/1879/1879 1880/1880/1880
f 1880/1880/1880 1879/1879/1879 1669/1669/1669
f 1880/1880/1880 1669/1669/1669 1674/1674/1674
f 1881/1881/1881 1880/1880/1880 1674/1674/1674
f 1881/1881/1881 1674/1674/1674 1673/1673/1673
f 1840/1840/1840 1839/1839/1839 1882/1882/1882
f 1840/1840/1840 1882/1882/1882 1883/1883/1883
f 1839/1839/1839 1836/1836/1836 1881/1881/1881
f 1839/1839/1839 1881/1881/1881 1882/1882/1882
f 1882/1882/1882 1881/1881/1881 1673/1673/1673
f 1882/1882/1882 1673/1673/1673 1678/1678/1678
f 1883/1883/1883 1882/1882/1882 1678/1678/1678
f 1883/1883/1883 1678/1678/1678 1677/1677/1677
f 1844/1844/1844 1843/1843/1843 1884/1884/1884
f 1844/1844/1844 1884/1884/1884 1885/1885/1885
f 1843/1843/1843 1840/1840/1840 1883/1883/1883
f 1843/1843/1843 1883/1883/1883 1884/1884/1884
f 1884/1884/1884 1883/1883/1883 1677/1677/1677
f 1884/1884/1884 1677/1677/1677 1682/1682/1682
f 1885/1885/1885 1884/1884/1884 1682/1682/1682
f 1885/1885/1885 1682/1682/1682 1681/1681/1681
f 1770/1770/1770 1846/1846/1846 1886/1886/1886
f 1770/1770/1770 1886/1886/1886 1849/1849/1849
f 1846/1846/1846 1844/1844/1844 1885/1885/1885
f 1846/1846/1846 1885/1885/1885 1886/1886/1886
f 1886/1886/1886 1885/1885/1885 1681/1681/1681
f 1886/1886/1886 1681/1681/1681 1685/1685/1685
f 1849/1849/1849 1886/1886/1886 1685/1685/1685
f 1849/1849/1849 1685/1685/1685 1611/1611/1611
f 1206/1206/1206 1270/1270/1270 1887/1887/1887
f 1206/1206/1206 1887/1887/1887 1888/1888/1888
f 1269/1269/1269 1889/1889/1889 1887/1887/1887
f 1269/1269/1269 1887/1887/1887 1270/1270/1270
f 1890/1890/1890 1891/1891/1891 1887/1887/1887
f 1890/1890/1890 1887/1887/1887 1889/1889/1889
f 1342/1342/1342 1339/1339/1339 1887/1887/1887
f 1342/1342/1342 1887/1887/1887 1891/1891/1891
f 1338/1338/1338 1888/1888/1888 1887/1887/1887
f 1338/1338/1338 1887/1887/1887 1339/1339/1339
f 1266/1266/1266 1265/1265/1265 1892/1892/1892
f 1266/1266/1266 1892/1892/1892 1893/1893/1893
f 1262/1262/1262 1894/1894/1894 1892/1892/1892
f 1262/1262/1262 1892/1892/1892 1265/1265/1265
f 1327/1327/1327 1895/1895/1895 1892/1892/1892
f 1327/1327/1327 1892/1892/1892 1894/1894/1894
f 1896/1896/1896 1897/1897/1897 1892/1892/1892
f 1896/1896/1896 1892/1892/1892 1895/1895/1895
f 1898/1898/1898 1893/1893/1893 1892/1892/1892
f 1898/1898/1898 1892/1892/1892 1897/1897/1897
f 1262/1262/1262 1261/1261/1261 1899/1899/1899
f 1262/1262/1262 1899/1899/1899 1894/1894/1894
f 1260/1260/1260 1900/1900/1900 1899/1899/1899
f 1260/1260/1260 1899/1899/1899 1261/1261/1261
f 1901/1901/1901 1902/1902/1902 1899/1899/1899
f 1901/1901/1901 1899/1899/1899 1900/1900/1900
f 1331/1331/1331 1328/1328/1328 1899/1899/1899
f 1331/1331/1331 1899/1899/1899 1902/1902/1902
f 1327/1327/1327 1894/1894/1894 1899/1899/1899
f 1327/1327/1327 1899/1899/1899 1328/1328/1328
f 1256/1256/1256 1255/1255/1255 1903/1903/1903
f 1256/1256/1256 1903/1903/1903 1904/1904/1904
f 1252/1252/1252 1905/1905/1905 1903/1903/1903
f 1252/1252/1252 1903/1903/1903 1255/1255/1255
f 1321/1321/1321 1906/1906/1906 1903/1903/1903
f 1321/1321/1321 1903/1903/1903 1905/1905/1905
f 1907/1907/1907 1908/1908/1908 1903/1903/1903
f 1907/1907/1907 1903/1903/1903 1906/1906/1906
f 1909/1909/1909 1904/1904/1904 1903/1903/1903
f 1909/1909/1909 1903/1903/1903 1908/1908/1908
f 1252/1252/1252 1251/1251/1251 1910/1910/1910
f 1252/1252/1252 1910/1910/1910 1905/1905/1905
f 1251/1251/1251 1248/1248/1248 1911/1911/1911
f 1251/1251/1251 1911/1911/1911 1910/1910/1910
f 1910/1910/1910 1911/1911/1911 1310/1310/1310
f 1910/1910/1910 1310/1310/1310 1322/1322/1322
f 1905/1905/1905 1910/1910/1910 1322/1322/1322
f 1905/1905/1905 1322/1322/1322 1321/1321/1321
f 1248/1248/1248 1247/1247/1247 1912/1912/1912
f 1248/1248/1248 1912/1912/1912 1911/1911/1911
f 1246/1246/1246 1913/1913/1913 1912/1912/1912
f 1246/1246/1246 1912/1912/1912 1247/1247/1247
f 1914/1914/1914 1915/1915/1915 1912/1912/1912
f 1914/1914/1914 1912/1912/1912 1913/1913/1913
f 1314/1314/1314 1311/1311/1311 1912/1912/1912
f 1314/1314/1314 1912/1912/1912 1915/1915/1915
f 1310/1310/1310 1911/1911/1911 1912/1912/1912
f 1310/1310/1310 1912/1912/1912 1311/1311/1311
f 1242/1242/1242 1241/1241/1241 1916/1916/1916
f 1242/1242/1242 1916/1916/1916 1917/1917/1917
f 1238/1238/1238 1918/1918/1918 1916/1916/1916
f 1238/1238/1238 1916/1916/1916 1241/1241/1241
f 1299/1299/1299 1919/1919/1919 1916/1916/1916
f 1299/1299/1299 1916/1916/1916 1918/1918/1918
f 1920/1920/1920 1921/1921/1921 1916/1916/1916
f 1920/1920/1920 1916/1916/1916 1919/1919/1919
f 1922/1922/1922 1917/1917/1917 1916/1916/1916
f 1922/1922/1922 1916/1916/1916 1921/1921/1921
f 1238/1238/1238 1237/1237/1237 1923/1923/1923
f 1238/1238/1238 1923/1923/1923 1918/1918/1918
f 1236/1236/1236 1924/1924/1924 1923/1923/1923
f 1236/1236/1236 1923/1923/1923 1237/1237/1237
f 1925/1925/1925 1926/1926/1926 1923/1923/1923
f 1925/1925/1925 1923/1923/1923 1924/1924/1924
f 1303/1303/1303 1300/1300/1300 1923/1923/1923
f 1303/1303/1303 1923/1923/1923 1926/1926/1926
f 1299/1299/1299 1918/1918/1918 1923/1923/1923
f 1299/1299/1299 1923/1923/1923 1300/1300/1300
f 1232/1232/1232 1231/1231/1231 1927/1927/1927
f 1232/1232/1232 1927/1927/1927 1928/1928/1928
f 1228/1228/1228 1929/1929/1929 1927/1927/1927
f 1228/1228/1228 1927/1927/1927 1231/1231/1231
f 1288/1288/1288 1930/1930/1930 1927/1927/1927
f 1288/1288/1288 1927/1927/1927 1929/1929/1929
f 1931/1931/1931 1932/1932/1932 1927/1927/1927
f 1931/1931/1931 1927/1927/1927 1930/1930/1930
f 1933/1933/1933 1928/1928/1928 1927/1927/1927
f 1933/1933/1933 1927/1927/1927 1932/1932/1932
f 1228/1228/1228 1227/1227/1227 1934/1934/1934
f 1228/1228/1228 1934/1934/1934 1929/1929/1929
f 1226/1226/1226 1935/1935/1935 1934/1934/1934
f 1226/1226/1226 1934/1934/1934 1227/1227/1227
f 1936/1936/1936 1937/1937/1937 1934/1934/1934
f 1936/1936/1936 1934/1934/1934 1935/1935/1935
f 1292/1292/1292 1289/1289/1289 1934/1934/1934
f 1292/1292/1292 1934/1934/1934 1937/1937/1937
f 1288/1288/1288 1929/1929/1929 1934/1934/1934
f 1288/1288/1288 1934/1934/1934 1289/1289/1289
f 1222/1222/1222 1221/1221/1221 1938/1938/1938
f 1222/1222/1222 1938/1938/1938 1939/1939/1939
f 1218/1218/1218 1940/1940/1940 1938/1938/1938
f 1218/1218/1218 1938/1938/1938 1221/1221/1221
f 1282/1282/1282 1941/1941/1941 1938/1938/1938
f 1282/1282/1282 1938/1938/1938 1940/1940/1940
f 1942/1942/1942 1943/1943/1943 1938/1938/1938
f 1942/1942/1942 1938/1938/1938 1941/1941/1941
f 1944/1944/1944 1939/1939/1939 1938/1938/1938
f 1944/1944/1944 1938/1938/1938 1943/1943/1943
f 1218/1218/1218 1217/1217/1217 1945/1945/1945
f 1218/1218/1218 1945/1945/1945 1940/1940/1940
f 1217/1217/1217 1214/1214/1214 1946/1946/1946
f 1217/1217/1217 1946/1946/1946 1945/1945/1945
f 1945/1945/1945 1946/1946/1946 1271/1271/1271
f 1945/1945/1945 1271/1271/1271 1283/1283/1283
f 1940/1940/1940 1945/1945/1945 1283/1283/1283
f 1940/1940/1940 1283/1283/1283 1282/1282/1282
f 1214/1214/1214 1213/1213/1213 1947/1947/1947
f 1214/1214/1214 1947/1947/1947 1946/1946/1946
f 1212/1212/1212 1948/1948/1948 1947/1947/1947
f 1212/1212/1212 1947/1947/1947 1213/1213/1213
f 1949/1949/1949 1950/1950/1950 1947/1947/1947
f 1949/1949/1949 1947/1947/1947 1948/1948/1948
f 1275/1275/1275 1272/1272/1272 1947/1947/1947
f 1275/1275/1275 1947/1947/1947 1950/1950/1950
f 1271/1271/1271 1946/1946/1946 1947/1947/1947
f 1271/1271/1271 1947/1947/1947 1272/1272/1272
f 1208/1208/1208 1207/1207/1207 1951/1951/1951
f 1208/1208/1208 1951/1951/1951 1952/1952/1952
f 1206/1206/1206 1888/1888/1888 1951/1951/1951
f 1206/1206/1206 1951/1951/1951 1207/1207/1207
f 1338/1338/1338 1953/1953/1953 1951/1951/1951
f 1338/1338/1338 1951/1951/1951 1888/1888/1888
f 1954/1954/1954 1955/1955/1955 1951/1951/1951
f 1954/1954/1954 1951/1951/1951 1953/1953/1953
f 1956/1956/1956 1952/1952/1952 1951/1951/1951
f 1956/1956/1956 1951/1951/1951 1955/1955/1955
f 968/968/968 1044/1044/1044 1957/1957/1957
f 968/968/968 1957/1957/1957 1958/1958/1958
f 1044/1044/1044 1042/1042/1042 1959/1959/1959
f 1044/1044/1044 1959/1959/1959 1957/1957/1957
f 1957/1957/1957 1959/1959/1959 1116/1116/1116
f 1957/1957/1957 1116/1116/1116 1113/1113/1113
f 1958/1958/1958 1957/1957/1957 1113/1113/1113
f 1958/1958/1958 1113/1113/1113 1112/1112/1112
f 1042/1042/1042 1041/1041/1041 1960/1960/1960
f 1042/1042/1042 1960/1960/1960 1961/1961/1961
f 1041/1041/1041 1038/1038/1038 1962/1962/1962
f 1041/1041/1041 1962/1962/1962 1960/1960/1960
f 1960/1960/1960 1962/1962/1962 1963/1963/1963
f 1960/1960/1960 1963/1963/1963 1964/1964/1964
f 1961/1961/1961 1960/1960/1960 1964/1964/1964
f 1961/1961/1961 1964/1964/1964 1965/1965/1965
f 1038/1038/1038 1037/1037/1037 1966/1966/1966
f 1038/1038/1038 1966/1966/1966 1967/1967/1967
f 1037/1037/1037 1034/1034/1034 1968/1968/1968
f 1037/1037/1037 1968/1968/1968 1966/1966/1966
f 1966/1966/1966 1968/1968/1968 1101/1101/1101
f 1966/1966/1966 1101/1101/1101 1969/1969/1969
f 1967/1967/1967 1966/1966/1966 1969/1969/1969
f 1967/1967/1967 1969/1969/1969 1970/1970/1970
f 1034/1034/1034 1033/1033/1033 1971/1971/1971
f 1034/1034/1034 1971/1971/1971 1968/1968/1968
f 1033/1033/1033 1030/1030/1030 1972/1972/1972
f 1033/1033/1033 1972/1972/1972 1971/1971/1971
f 1971/1971/1971 1972/1972/1972 1105/1105/1105
f 1971/1971/1971 1105/1105/1105 1102/1102/1102
f 1968/1968/1968 1971/1971/1971 1102/1102/1102
f 1968/1968/1968 1102/1102/1102 1101/1101/1101
f 1030/1030/1030 1029/1029/1029 1973/1973/1973
f 1030/1030/1030 1973/1973/1973 1974/1974/1974
f 1029/1029/1029 1026/1026/1026 1975/1975/1975
f 1029/1029/1029 1975/1975/1975 1973/1973/1973
f 1973/1973/1973 1975/1975/1975 1976/1976/1976
f 1973/1973/1973 1976/1976/1976 1977/1977/1977
f 1974/1974/1974 1973/1973/1973 1977/1977/1977
f 1974/1974/1974 1977/1977/1977 1978/1978/1978
f 1026/1026/1026 1025/1025/1025 1979/1979/1979
f 1026/1026/1026 1979/1979/1979 1980/1980/1980
f 1025/1025/1025 1022/1022/1022 1981/1981/1981
f 1025/1025/1025 1981/1981/1981 1979/1979/1979
f 1979/1979/1979 1981/1981/1981 1095/1095/1095
f 1979/1979/1979 1095/1095/1095 1982/1982/1982
f 1980/1980/1980 1979/1979/1979 1982/1982/1982
f 1980/1980/1980 1982/1982/1982 1983/1983/1983
f 1022/1022/1022 1021/1021/1021 1984/1984/1984
f 1022/1022/1022 1984/1984/1984 1981/1981/1981
f 1021/1021/1021 1018/1018/1018 1985/1985/1985
f 1021/1021/1021 1985/1985/1985 1984/1984/1984
f 1984/1984/1984 1985/1985/1985 1084/1084/1084
f 1984/1984/1984 1084/1084/1084 1096/1096/1096
f 1981/1981/1981 1984/1984/1984 1096/1096/1096
f 1981/1981/1981 1096/1096/1096 1095/1095/1095
f 1018/1018/1018 1017/1017/1017 1986/1986/1986
f 1018/1018/1018 1986/1986/1986 1985/1985/1985
f 1017/1017/1017 1014/1014/1014 1987/1987/1987
f 1017/1017/1017 1987/1987/1987 1986/1986/1986
f 1986/1986/1986 1987/1987/1987 1088/1088/1088
f 1986/1986/1986 1088/1088/1088 1085/1085/1085
f 1985/1985/1985 1986/1986/1986 1085/1085/1085
f 1985/1985/1985 1085/1085/1085 1084/1084/1084
f 1014/1014/1014 1013/1013/1013 1988/1988/1988
f 1014/1014/1014 1988/1988/1988 1989/1989/1989
f 1013/1013/1013 1010/1010/1010 1990/1990/1990
f 1013/1013/1013 1990/1990/1990 1988/1988/1988
f 1988/1988/1988 1990/1990/1990 1991/1991/1991
f 1988/1988/1988 1991/1991/1991 1992/1992/1992
f 1989/1989/1989 1988/1988/1988 1992/1992/1992
f 1989/1989/1989 1992/1992/1992 1993/1993/1993
f 1010/1010/1010 1009/1009/1009 1994/1994/1994
f 1010/1010/1010 1994/1994/1994 1995/1995/1995
f 1009/1009/1009 1006/1006/1006 1996/1996/1996
f 1009/1009/1009 1996/1996/1996 1994/1994/1994
f 1994/1994/1994 1996/1996/1996 1073/1073/1073
f 1994/1994/1994 1073/1073/1073 1997/1997/1997
f 1995/1995/1995 1994/1994/1994 1997/1997/1997
f 1995/1995/1995 1997/1997/1997 1998/1998/1998
f 1006/1006/1006 1005/1005/1005 1999/1999/1999
f 1006/1006/1006 1999/1999/1999 1996/1996/1996
f 1005/1005/1005 1002/1002/1002 2000/2000/2000
f 1005/1005/1005 2000/2000/2000 1999/1999/1999
f 1999/1999/1999 2000/2000/2000 1077/1077/1077
f 1999/1999/1999 1077/1077/1077 1074/1074/1074
f 1996/1996/1996 1999/1999/1999 1074/1074/1074
f 1996/1996/1996 1074/1074/1074 1073/1073/1073
f 1002/1002/1002 1001/1001/1001 2001/2001/2001
f 1002/1002/1002 2001/2001/2001 2002/2002/2002
f 1001/1001/1001 998/998/998 2003/2003/2003
f 1001/1001/1001 2003/2003/2003 2001/2001/2001
f 2001/2001/2001 2003/2003/2003 2004/2004/2004
f 2001/2001/2001 2004/2004/2004 2005/2005/2005
f 2002/2002/2002 2001/2001/2001 2005/2005/2005
f 2002/2002/2002 2005/2005/2005 2006/2006/2006
f 998/998/998 997/997/997 2007/2007/2007
f 998/998/998 2007/2007/2007 2008/2008/2008
f 997/997/997 994/994/994 2009/2009/2009
f 997/997/997 2009/2009/2009 2007/2007/2007
f 2007/2007/2007 2009/2009/2009 1062/1062/1062
f 2007/2007/2007 1062/1062/1062 2010/2010/2010
f 2008/2008/2008 2007/2007/2007 2010/2010/2010
f 2008/2008/2008 2010/2010/2010 2011/2011/2011
f 994/994/994 993/993/993 2012/2012/2012
f 994/994/994 2012/2012/2012 2009/2009/2009
f 993/993/993 990/990/990 2013/2013/2013
f 993/993/993 2013/2013/2013 2012/2012/2012
f 2012/2012/2012 2013/2013/2013 1066/1066/1066
f 2012/2012/2012 1066/1066/1066 1063/1063/1063
f 2009/2009/2009 2012/2012/2012 1063/1063/1063
f 2009/2009/2009 1063/1063/1063 1062/1062/1062
f 990/990/990 989/989/989 2014/2014/2014
f 990/990/990 2014/2014/2014 2015/2015/2015
f 989/989/989 986/986/986 2016/2016/2016
f 989/989/989 2016/2016/2016 2014/2014/2014
f 2014/2014/2014 2016/2016/2016 2017/2017/2017
f 2014/2014/2014 2017/2017/2017 2018/2018/2018
f 2015/2015/2015 2014/2014/2014 2018/2018/2018
f 2015/2015/2015 2018/2018/2018 2019/2019/2019
f 986/986/986 985/985/985 2020/2020/2020
f 986/986/986 2020/2020/2020 2021/2021/2021
f 985/985/985 982/982/982 2022/2022/2022
f 985/985/985 2022/2022/2022 2020/2020/2020
f 2020/2020/2020 2022/2022/2022 1056/1056/1056
f 2020/2020/2020 1056/1056/1056 2023/2023/2023
f 2021/2021/2021 2020/2020/2020 2023/2023/2023
f 2021/2021/2021 2023/2023/2023 2024/2024/2024
f 982/982/982 981/981/981 2025/2025/2025
f 982/982/982 2025/2025/2025 2022/2022/2022
f 981/981/981 978/978/978 2026/2026/2026
f 981/981/981 2026/2026/2026 2025/2025/2025
f 2025/2025/2025 2026/2026/2026 1045/1045/1045
f 2025/2025/2025 1045/1045/1045 1057/1057/1057
f 2022/2022/2022 2025/2025/2025 1057/1057/1057
f 2022/2022/2022 1057/1057/1057 1056/1056/1056
f 978/978/978 977/977/977 2027/2027/2027
f 978/978/978 2027/2027/2027 2026/2026/2026
f 977/977/977 974/974/974 2028/2028/2028
f 977/977/977 2028/2028/2028 2027/2027/2027
f 2027/2027/2027 2028/2028/2028 1049/1049/1049
f 2027/2027/2027 1049/1049/1049 1046/1046/1046
f 2026/2026/2026 2027/2027/2027 1046/1046/1046
f 2026/2026/2026 1046/1046/1046 1045/1045/1045
f 974/974/974 973/973/973 2029/2029/2029
f 974/974/974 2029/2029/2029 2030/2030/2030
f 973/973/973 970/970/970 2031/2031/2031
f 973/973/973 2031/2031/2031 2029/2029/2029
f 2029/2029/2029 2031/2031/2031 2032/2032/2032
f 2029/2029/2029 2032/2032/2032 2033/2033/2033
f 2030/2030/2030 2029/2029/2029 2033/2033/2033
f 2030/2030/2030 2033/2033/2033 2034/2034/2034
f 970/970/970 969/969/969 2035/2035/2035
f 970/970/970 2035/2035/2035 2036/2036/2036
f 969/969/969 968/968/968 1958/1958/1958
f 969/969/969 1958/1958/1958 2035/2035/2035
f 2035/2035/2035 1958/1958/1958 1112/1112/1112
f 2035/2035/2035 1112/1112/1112 2037/2037/2037
f 2036/2036/2036 2035/2035/2035 2037/2037/2037
f 2036/2036/2036 2037/2037/2037 2038/2038/2038
f 2039/2039/2039 2040/2040/2040 2041/2041/2041
f 2039/2039/2039 2041/2041/2041 2042/2042/2042
f 2038/2038/2038 2037/2037/2037 2041/2041/2041
f 2038/2038/2038 2041/2041/2041 2040/2040/2040
f 1112/1112/1112 1115/1115/1115 2041/2041/2041
f 1112/1112/1112 2041/2041/2041 2037/2037/2037
f 1122/1122/1122 1124/1124/1124 2041/2041/2041
f 1122/1122/1122 2041/2041/2041 1115/1115/1115
f 1123/1123/1123 2042/2042/2042 2041/2041/2041
f 1123/1123/1123 2041/2041/2041 1124/1124/1124
f 2043/2043/2043 2044/2044/2044 2045/2045/2045
f 2043/2043/2043 2045/2045/2045 2046/2046/2046
f 1954/1954/1954 1953/1953/1953 2045/2045/2045
f 1954/1954/1954 2045/2045/2045 2044/2044/2044
f 1338/1338/1338 1341/1341/1341 2045/2045/2045
f 1338/1338/1338 2045/2045/2045 1953/1953/1953
f 1348/1348/1348 1350/1350/1350 2045/2045/2045
f 1348/1348/1348 2045/2045/2045 1341/1341/1341
f 1349/1349/1349 2046/2046/2046 2045/2045/2045
f 1349/1349/1349 2045/2045/2045 1350/1350/1350
f 1277/1277/1277 2047/2047/2047 2048/2048/2048
f 1277/1277/1277 2048/2048/2048 1278/1278/1278
f 2049/2049/2049 2050/2050/2050 2048/2048/2048
f 2049/2049/2049 2048/2048/2048 2047/2047/2047
f 2051/2051/2051 2052/2052/2052 2048/2048/2048
f 2051/2051/2051 2048/2048/2048 2050/2050/2050
f 2043/2043/2043 2046/2046/2046 2048/2048/2048
f 2043/2043/2043 2048/2048/2048 2052/2052/2052
f 1349/1349/1349 1357/1357/1357 2048/2048/2048
f 1349/1349/1349 2048/2048/2048 2046/2046/2046
f 1279/1279/1279 1278/1278/1278 2048/2048/2048
f 1279/1279/1279 2048/2048/2048 1357/1357/1357
f 2053/2053/2053 2054/2054/2054 2055/2055/2055
f 2053/2053/2053 2055/2055/2055 2056/2056/2056
f 2024/2024/2024 2023/2023/2023 2055/2055/2055
f 2024/2024/2024 2055/2055/2055 2054/2054/2054
f 1056/1056/1056 1059/1059/1059 2055/2055/2055
f 1056/1056/1056 2055/2055/2055 2023/2023/2023
f 1061/1061/1061 1142/1142/1142 2055/2055/2055
f 1061/1061/1061 2055/2055/2055 1059/1059/1059
f 1141/1141/1141 2056/2056/2056 2055/2055/2055
f 1141/1141/1141 2055/2055/2055 1142/1142/1142
f 2057/2057/2057 2058/2058/2058 2059/2059/2059
f 2057/2057/2057 2059/2059/2059 2060/2060/2060
f 1942/1942/1942 1941/1941/1941 2059/2059/2059
f 1942/1942/1942 2059/2059/2059 2058/2058/2058
f 1282/1282/1282 1285/1285/1285 2059/2059/2059
f 1282/1282/1282 2059/2059/2059 1941/1941/1941
f 1287/1287/1287 1371/1371/1371 2059/2059/2059
f 1287/1287/1287 2059/2059/2059 1285/1285/1285
f 1370/1370/1370 2060/2060/2060 2059/2059/2059
f 1370/1370/1370 2059/2059/2059 1371/1371/1371
f 1294/1294/1294 2061/2061/2061 2062/2062/2062
f 1294/1294/1294 2062/2062/2062 1295/1295/1295
f 2063/2063/2063 2064/2064/2064 2062/2062/2062
f 2063/2063/2063 2062/2062/2062 2061/2061/2061
f 2065/2065/2065 2066/2066/2066 2062/2062/2062
f 2065/2065/2065 2062/2062/2062 2064/2064/2064
f 2057/2057/2057 2060/2060/2060 2062/2062/2062
f 2057/2057/2057 2062/2062/2062 2066/2066/2066
f 1370/1370/1370 1376/1376/1376 2062/2062/2062
f 1370/1370/1370 2062/2062/2062 2060/2060/2060
f 1296/1296/1296 1295/1295/1295 2062/2062/2062
f 1296/1296/1296 2062/2062/2062 1376/1376/1376
f 2067/2067/2067 2068/2068/2068 2069/2069/2069
f 2067/2067/2067 2069/2069/2069 2070/2070/2070
f 2011/2011/2011 2010/2010/2010 2069/2069/2069
f 2011/2011/2011 2069/2069/2069 2068/2068/2068
f 1062/1062/1062 1065/1065/1065 2069/2069/2069
f 1062/1062/1062 2069/2069/2069 2010/2010/2010
f 1072/1072/1072 1154/1154/1154 2069/2069/2069
f 1072/1072/1072 2069/2069/2069 1065/1065/1065
f 1153/1153/1153 2070/2070/2070 2069/2069/2069
f 1153/1153/1153 2069/2069/2069 1154/1154/1154
f 2071/2071/2071 2072/2072/2072 2073/2073/2073
f 2071/2071/2071 2073/2073/2073 2074/2074/2074
f 1931/1931/1931 1930/1930/1930 2073/2073/2073
f 1931/1931/1931 2073/2073/2073 2072/2072/2072
f 1288/1288/1288 1291/1291/1291 2073/2073/2073
f 1288/1288/1288 2073/2073/2073 1930/1930/1930
f 1298/1298/1298 1386/1386/1386 2073/2073/2073
f 1298/1298/1298 2073/2073/2073 1291/1291/1291
f 1385/1385/1385 2074/2074/2074 2073/2073/2073
f 1385/1385/1385 2073/2073/2073 1386/1386/1386
f 1305/1305/1305 2075/2075/2075 2076/2076/2076
f 1305/1305/1305 2076/2076/2076 1306/1306/1306
f 2077/2077/2077 2078/2078/2078 2076/2076/2076
f 2077/2077/2077 2076/2076/2076 2075/2075/2075
f 2079/2079/2079 2080/2080/2080 2076/2076/2076
f 2079/2079/2079 2076/2076/2076 2078/2078/2078
f 2071/2071/2071 2074/2074/2074 2076/2076/2076
f 2071/2071/2071 2076/2076/2076 2080/2080/2080
f 1385/1385/1385 1391/1391/1391 2076/2076/2076
f 1385/1385/1385 2076/2076/2076 2074/2074/2074
f 1307/1307/1307 1306/1306/1306 2076/2076/2076
f 1307/1307/1307 2076/2076/2076 1391/1391/1391
f 2081/2081/2081 2082/2082/2082 2083/2083/2083
f 2081/2081/2081 2083/2083/2083 2084/2084/2084
f 1998/1998/1998 1997/1997/1997 2083/2083/2083
f 1998/1998/1998 2083/2083/2083 2082/2082/2082
f 1073/1073/1073 1076/1076/1076 2083/2083/2083
f 1073/1073/1073 2083/2083/2083 1997/1997/1997
f 1083/1083/1083 1166/1166/1166 2083/2083/2083
f 1083/1083/1083 2083/2083/2083 1076/1076/1076
f 1165/1165/1165 2084/2084/2084 2083/2083/2083
f 1165/1165/1165 2083/2083/2083 1166/1166/1166
f 2085/2085/2085 2086/2086/2086 2087/2087/2087
f 2085/2085/2085 2087/2087/2087 2088/2088/2088
f 1920/1920/1920 1919/1919/1919 2087/2087/2087
f 1920/1920/1920 2087/2087/2087 2086/2086/2086
f 1299/1299/1299 1302/1302/1302 2087/2087/2087
f 1299/1299/1299 2087/2087/2087 1919/1919/1919
f 1309/1309/1309 1401/1401/1401 2087/2087/2087
f 1309/1309/1309 2087/2087/2087 1302/1302/1302
f 1400/1400/1400 2088/2088/2088 2087/2087/2087
f 1400/1400/1400 2087/2087/2087 1401/1401/1401
f 1316/1316/1316 2089/2089/2089 2090/2090/2090
f 1316/1316/1316 2090/2090/2090 1317/1317/1317
f 2091/2091/2091 2092/2092/2092 2090/2090/2090
f 2091/2091/2091 2090/2090/2090 2089/2089/2089
f 2093/2093/2093 2094/2094/2094 2090/2090/2090
f 2093/2093/2093 2090/2090/2090 2092/2092/2092
f 2085/2085/2085 2088/2088/2088 2090/2090/2090
f 2085/2085/2085 2090/2090/2090 2094/2094/2094
f 1400/1400/1400 1406/1406/1406 2090/2090/2090
f 1400/1400/1400 2090/2090/2090 2088/2088/2088
f 1318/1318/1318 1317/1317/1317 2090/2090/2090
f 1318/1318/1318 2090/2090/2090 1406/1406/1406
f 2095/2095/2095 2096/2096/2096 2097/2097/2097
f 2095/2095/2095 2097/2097/2097 2098/2098/2098
f 1983/1983/1983 1982/1982/1982 2097/2097/2097
f 1983/1983/1983 2097/2097/2097 2096/2096/2096
f 1095/1095/1095 1098/1098/1098 2097/2097/2097
f 1095/1095/1095 2097/2097/2097 1982/1982/1982
f 1100/1100/1100 1182/1182/1182 2097/2097/2097
f 1100/1100/1100 2097/2097/2097 1098/1098/1098
f 1181/1181/1181 2098/2098/2098 2097/2097/2097
f 1181/1181/1181 2097/2097/2097 1182/1182/1182
f 2099/2099/2099 2100/2100/2100 2101/2101/2101
f 2099/2099/2099 2101/2101/2101 2102/2102/2102
f 1907/1907/1907 1906/1906/1906 2101/2101/2101
f 1907/1907/1907 2101/2101/2101 2100/2100/2100
f 1321/1321/1321 1324/1324/1324 2101/2101/2101
f 1321/1321/1321 2101/2101/2101 1906/1906/1906
f 1326/1326/1326 1420/1420/1420 2101/2101/2101
f 1326/1326/1326 2101/2101/2101 1324/1324/1324
f 1419/1419/1419 2102/2102/2102 2101/2101/2101
f 1419/1419/1419 2101/2101/2101 1420/1420/1420
f 1333/1333/1333 2103/2103/2103 2104/2104/2104
f 1333/1333/1333 2104/2104/2104 1334/1334/1334
f 2105/2105/2105 2106/2106/2106 2104/2104/2104
f 2105/2105/2105 2104/2104/2104 2103/2103/2103
f 2107/2107/2107 2108/2108/2108 2104/2104/2104
f 2107/2107/2107 2104/2104/2104 2106/2106/2106
f 2099/2099/2099 2102/2102/2102 2104/2104/2104
f 2099/2099/2099 2104/2104/2104 2108/2108/2108
f 1419/1419/1419 1425/1425/1425 2104/2104/2104
f 1419/1419/1419 2104/2104/2104 2102/2102/2102
f 1335/1335/1335 1334/1334/1334 2104/2104/2104
f 1335/1335/1335 2104/2104/2104 1425/1425/1425
f 2109/2109/2109 2110/2110/2110 2111/2111/2111
f 2109/2109/2109 2111/2111/2111 2112/2112/2112
f 1970/1970/1970 1969/1969/1969 2111/2111/2111
f 1970/1970/1970 2111/2111/2111 2110/2110/2110
f 1101/1101/1101 1104/1104/1104 2111/2111/2111
f 1101/1101/1101 2111/2111/2111 1969/1969/1969
f 1111/1111/1111 1194/1194/1194 2111/2111/2111
f 1111/1111/1111 2111/2111/2111 1104/1104/1104
f 1193/1193/1193 2112/2112/2112 2111/2111/2111
f 1193/1193/1193 2111/2111/2111 1194/1194/1194
f 2113/2113/2113 2114/2114/2114 2115/2115/2115
f 2113/2113/2113 2115/2115/2115 2116/2116/2116
f 1896/1896/1896 1895/1895/1895 2115/2115/2115
f 1896/1896/1896 2115/2115/2115 2114/2114/2114
f 1327/1327/1327 1330/1330/1330 2115/2115/2115
f 1327/1327/1327 2115/2115/2115 1895/1895/1895
f 1337/1337/1337 1435/1435/1435 2115/2115/2115
f 1337/1337/1337 2115/2115/2115 1330/1330/1330
f 1434/1434/1434 2116/2116/2116 2115/2115/2115
f 1434/1434/1434 2115/2115/2115 1435/1435/1435
f 1344/1344/1344 2117/2117/2117 2118/2118/2118
f 1344/1344/1344 2118/2118/2118 1345/1345/1345
f 2119/2119/2119 2120/2120/2120 2118/2118/2118
f 2119/2119/2119 2118/2118/2118 2117/2117/2117
f 2121/2121/2121 2122/2122/2122 2118/2118/2118
f 2121/2121/2121 2118/2118/2118 2120/2120/2120
f 2113/2113/2113 2116/2116/2116 2118/2118/2118
f 2113/2113/2113 2118/2118/2118 2122/2122/2122
f 1434/1434/1434 1440/1440/1440 2118/2118/2118
f 1434/1434/1434 2118/2118/2118 2116/2116/2116
f 1346/1346/1346 1345/1345/1345 2118/2118/2118
f 1346/1346/1346 2118/2118/2118 1440/1440/1440
f 1051/1051/1051 2123/2123/2123 2124/2124/2124
f 1051/1051/1051 2124/2124/2124 2125/2125/2125
f 2123/2123/2123 2034/2034/2034 2126/2126/2126
f 2123/2123/2123 2126/2126/2126 2124/2124/2124
f 2124/2124/2124 2126/2126/2126 2127/2127/2127
f 2124/2124/2124 2127/2127/2127 2128/2128/2128
f 2125/2125/2125 2124/2124/2124 2128/2128/2128
f 2125/2125/2125 2128/2128/2128 2129/2129/2129
f 2129/2129/2129 2130/2130/2130 2131/2131/2131
f 2129/2129/2129 2131/2131/2131 2132/2132/2132
f 2130/2130/2130 2133/2133/2133 2134/2134/2134
f 2130/2130/2130 2134/2134/2134 2131/2131/2131
f 2131/2131/2131 2134/2134/2134 2135/2135/2135
f 2131/2131/2131 2135/2135/2135 2136/2136/2136
f 2132/2132/2132 2131/2131/2131 2136/2136/2136
f 2132/2132/2132 2136/2136/2136 2137/2137/2137
f 2133/2133/2133 2138/2138/2138 2139/2139/2139
f 2133/2133/2133 2139/2139/2139 2140/2140/2140
f 2138/2138/2138 2127/2127/2127 2141/2141/2141
f 2138/2138/2138 2141/2141/2141 2139/2139/2139
f 2139/2139/2139 2141/2141/2141 2142/2142/2142
f 2139/2139/2139 2142/2142/2142 2143/2143/2143
f 2140/2140/2140 2139/2139/2139 2143/2143/2143
f 2140/2140/2140 2143/2143/2143 2144/2144/2144
f 2032/2032/2032 2145/2145/2145 2146/2146/2146
f 2032/2032/2032 2146/2146/2146 2147/2147/2147
f 2145/2145/2145 2039/2039/2039 2148/2148/2148
f 2145/2145/2145 2148/2148/2148 2146/2146/2146
f 2146/2146/2146 2148/2148/2148 2149/2149/2149
f 2146/2146/2146 2149/2149/2149 2150/2150/2150
f 2147/2147/2147 2146/2146/2146 2150/2150/2150
f 2147/2147/2147 2150/2150/2150 2142/2142/2142
f 2144/2144/2144 2151/2151/2151 2152/2152/2152
f 2144/2144/2144 2152/2152/2152 2153/2153/2153
f 2151/2151/2151 2149/2149/2149 2154/2154/2154
f 2151/2151/2151 2154/2154/2154 2152/2152/2152
f 2152/2152/2152 2154/2154/2154 2155/2155/2155
f 2152/2152/2152 2155/2155/2155 2156/2156/2156
f 2153/2153/2153 2152/2152/2152 2156/2156/2156
f 2153/2153/2153 2156/2156/2156 2157/2157/2157
f 2157/2157/2157 2156/2156/2156 2158/2158/2158
f 2157/2157/2157 2158/2158/2158 2159/2159/2159
f 2156/2156/2156 2155/2155/2155 2160/2160/2160
f 2156/2156/2156 2160/2160/2160 2158/2158/2158
f 2158/2158/2158 2160/2160/2160 2161/2161/2161
f 2158/2158/2158 2161/2161/2161 2162/2162/2162
f 2159/2159/2159 2158/2158/2158 2162/2162/2162
f 2159/2159/2159 2162/2162/2162 2163/2163/2163
f 2137/2137/2137 2136/2136/2136 2164/2164/2164
f 2137/2137/2137 2164/2164/2164 2165/2165/2165
f 2136/2136/2136 2135/2135/2135 2166/2166/2166
f 2136/2136/2136 2166/2166/2166 2164/2164/2164
f 2164/2164/2164 2166/2166/2166 2167/2167/2167
f 2164/2164/2164 2167/2167/2167 2168/2168/2168
f 2165/2165/2165 2164/2164/2164 2168/2168/2168
f 2165/2165/2165 2168/2168/2168 2169/2169/2169
f 2163/2163/2163 2162/2162/2162 2170/2170/2170
f 2163/2163/2163 2170/2170/2170 2171/2171/2171
f 2162/2162/2162 2161/2161/2161 2172/2172/2172
f 2162/2162/2162 2172/2172/2172 2170/2170/2170
f 2170/2170/2170 2172/2172/2172 2173/2173/2173
f 2170/2170/2170 2173/2173/2173 2174/2174/2174
f 2171/2171/2171 2170/2170/2170 2174/2174/2174
f 2171/2171/2171 2174/2174/2174 2175/2175/2175
f 2169/2169/2169 2168/2168/2168 2176/2176/2176
f 2169/2169/2169 2176/2176/2176 2177/2177/2177
f 2168/2168/2168 2167/2167/2167 2178/2178/2178
f 2168/2168/2168 2178/2178/2178 2176/2176/2176
f 2176/2176/2176 2178/2178/2178 2179/2179/2179
f 2176/2176/2176 2179/2179/2179 2180/2180/2180
f 2177/2177/2177 2176/2176/2176 2180/2180/2180
f 2177/2177/2177 2180/2180/2180 2181/2181/2181
f 2175/2175/2175 2174/2174/2174 2182/2182/2182
f 2175/2175/2175 2182/2182/2182 2183/2183/2183
f 2174/2174/2174 2173/2173/2173 2184/2184/2184
f 2174/2174/2174 2184/2184/2184 2182/2182/2182
f 2182/2182/2182 2184/2184/2184 2185/2185/2185
f 2182/2182/2182 2185/2185/2185 2186/2186/2186
f 2183/2183/2183 2182/2182/2182 2186/2186/2186
f 2183/2183/2183 2186/2186/2186 2187/2187/2187
f 2181/2181/2181 2180/2180/2180 2188/2188/2188
f 2181/2181/2181 2188/2188/2188 2189/2189/2189
f 2180/2180/2180 2179/2179/2179 2190/2190/2190
f 2180/2180/2180 2190/2190/2190 2188/2188/2188
f 2188/2188/2188 2190/2190/2190 2191/2191/2191
f 2188/2188/2188 2191/2191/2191 2192/2192/2192
f 2189/2189/2189 2188/2188/2188 2192/2192/2192
f 2189/2189/2189 2192/2192/2192 2193/2193/2193
f 1956/1956/1956 2194/2194/2194 2195/2195/2195
f 1956/1956/1956 2195/2195/2195 2196/2196/2196
f 2194/2194/2194 2051/2051/2051 2197/2197/2197
f 2194/2194/2194 2197/2197/2197 2195/2195/2195
f 2195/2195/2195 2197/2197/2197 2198/2198/2198
f 2195/2195/2195 2198/2198/2198 2199/2199/2199
f 2196/2196/2196 2195/2195/2195 2199/2199/2199
f 2196/2196/2196 2199/2199/2199 2185/2185/2185
f 2187/2187/2187 2200/2200/2200 2201/2201/2201
f 2187/2187/2187 2201/2201/2201 2202/2202/2202
f 2200/2200/2200 2198/2198/2198 2203/2203/2203
f 2200/2200/2200 2203/2203/2203 2201/2201/2201
f 2201/2201/2201 2203/2203/2203 2204/2204/2204
f 2201/2201/2201 2204/2204/2204 2205/2205/2205
f 2202/2202/2202 2201/2201/2201 2205/2205/2205
f 2202/2202/2202 2205/2205/2205 2191/2191/2191
f 2049/2049/2049 2206/2206/2206 2207/2207/2207
f 2049/2049/2049 2207/2207/2207 2208/2208/2208
f 2206/2206/2206 1949/1949/1949 2209/2209/2209
f 2206/2206/2206 2209/2209/2209 2207/2207/2207
f 2207/2207/2207 2209/2209/2209 2193/2193/2193
f 2207/2207/2207 2193/2193/2193 2210/2210/2210
f 2208/2208/2208 2207/2207/2207 2210/2210/2210
f 2208/2208/2208 2210/2210/2210 2204/2204/2204
f 1068/1068/1068 2211/2211/2211 2212/2212/2212
f 1068/1068/1068 2212/2212/2212 2213/2213/2213
f 2211/2211/2211 2019/2019/2019 2214/2214/2214
f 2211/2211/2211 2214/2214/2214 2212/2212/2212
f 2212/2212/2212 2214/2214/2214 2215/2215/2215
f 2212/2212/2212 2215/2215/2215 2216/2216/2216
f 2213/2213/2213 2212/2212/2212 2216/2216/2216
f 2213/2213/2213 2216/2216/2216 2217/2217/2217
f 2217/2217/2217 2218/2218/2218 2219/2219/2219
f 2217/2217/2217 2219/2219/2219 2220/2220/2220
f 2218/2218/2218 2221/2221/2221 2222/2222/2222
f 2218/2218/2218 2222/2222/2222 2219/2219/2219
f 2219/2219/2219 2222/2222/2222 2223/2223/2223
f 2219/2219/2219 2223/2223/2223 2224/2224/2224
f 2220/2220/2220 2219/2219/2219 2224/2224/2224
f 2220/2220/2220 2224/2224/2224 2225/2225/2225
f 2221/2221/2221 2226/2226/2226 2227/2227/2227
f 2221/2221/2221 2227/2227/2227 2228/2228/2228
f 2226/2226/2226 2215/2215/2215 2229/2229/2229
f 2226/2226/2226 2229/2229/2229 2227/2227/2227
f 2227/2227/2227 2229/2229/2229 2230/2230/2230
f 2227/2227/2227 2230/2230/2230 2231/2231/2231
f 2228/2228/2228 2227/2227/2227 2231/2231/2231
f 2228/2228/2228 2231/2231/2231 2232/2232/2232
f 2017/2017/2017 2233/2233/2233 2234/2234/2234
f 2017/2017/2017 2234/2234/2234 2235/2235/2235
f 2233/2233/2233 2053/2053/2053 2236/2236/2236
f 2233/2233/2233 2236/2236/2236 2234/2234/2234
f 2234/2234/2234 2236/2236/2236 2237/2237/2237
f 2234/2234/2234 2237/2237/2237 2238/2238/2238
f 2235/2235/2235 2234/2234/2234 2238/2238/2238
f 2235/2235/2235 2238/2238/2238 2230/2230/2230
f 2232/2232/2232 2239/2239/2239 2240/2240/2240
f 2232/2232/2232 2240/2240/2240 2241/2241/2241
f 2239/2239/2239 2237/2237/2237 2242/2242/2242
f 2239/2239/2239 2242/2242/2242 2240/2240/2240
f 2240/2240/2240 2242/2242/2242 2243/2243/2243
f 2240/2240/2240 2243/2243/2243 2244/2244/2244
f 2241/2241/2241 2240/2240/2240 2244/2244/2244
f 2241/2241/2241 2244/2244/2244 2245/2245/2245
f 2245/2245/2245 2244/2244/2244 2246/2246/2246
f 2245/2245/2245 2246/2246/2246 2247/2247/2247
f 2244/2244/2244 2243/2243/2243 2248/2248/2248
f 2244/2244/2244 2248/2248/2248 2246/2246/2246
f 2246/2246/2246 2248/2248/2248 2249/2249/2249
f 2246/2246/2246 2249/2249/2249 2250/2250/2250
f 2247/2247/2247 2246/2246/2246 2250/2250/2250
f 2247/2247/2247 2250/2250/2250 2251/2251/2251
f 2225/2225/2225 2224/2224/2224 2252/2252/2252
f 2225/2225/2225 2252/2252/2252 2253/2253/2253
f 2224/2224/2224 2223/2223/2223 2254/2254/2254
f 2224/2224/2224 2254/2254/2254 2252/2252/2252
f 2252/2252/2252 2254/2254/2254 2255/2255/2255
f 2252/2252/2252 2255/2255/2255 2256/2256/2256
f 2253/2253/2253 2252/2252/2252 2256/2256/2256
f 2253/2253/2253 2256/2256/2256 2257/2257/2257
f 2251/2251/2251 2250/2250/2250 2258/2258/2258
f 2251/2251/2251 2258/2258/2258 2259/2259/2259
f 2250/2250/2250 2249/2249/2249 2260/2260/2260
f 2250/2250/2250 2260/2260/2260 2258/2258/2258
f 2258/2258/2258 2260/2260/2260 2261/2261/2261
f 2258/2258/2258 2261/2261/2261 2262/2262/2262
f 2259/2259/2259 2258/2258/2258 2262/2262/2262
f 2259/2259/2259 2262/2262/2262 2263/2263/2263
f 2257/2257/2257 2256/2256/2256 2264/2264/2264
f 2257/2257/2257 2264/2264/2264 2265/2265/2265
f 2256/2256/2256 2255/2255/2255 2266/2266/2266
f 2256/2256/2256 2266/2266/2266 2264/2264/2264
f 2264/2264/2264 2266/2266/2266 2267/2267/2267
f 2264/2264/2264 2267/2267/2267 2268/2268/2268
f 2265/2265/2265 2264/2264/2264 2268/2268/2268
f 2265/2265/2265 2268/2268/2268 2269/2269/2269
f 2263/2263/2263 2262/2262/2262 2270/2270/2270
f 2263/2263/2263 2270/2270/2270 2271/2271/2271
f 2262/2262/2262 2261/2261/2261 2272/2272/2272
f 2262/2262/2262 2272/2272/2272 2270/2270/2270
f 2270/2270/2270 2272/2272/2272 2273/2273/2273
f 2270/2270/2270 2273/2273/2273 2274/2274/2274
f 2271/2271/2271 2270/2270/2270 2274/2274/2274
f 2271/2271/2271 2274/2274/2274 2275/2275/2275
f 2269/2269/2269 2268/2268/2268 2276/2276/2276
f 2269/2269/2269 2276/2276/2276 2277/2277/2277
f 2268/2268/2268 2267/2267/2267 2278/2278/2278
f 2268/2268/2268 2278/2278/2278 2276/2276/2276
f 2276/2276/2276 2278/2278/2278 2279/2279/2279
f 2276/2276/2276 2279/2279/2279 2280/2280/2280
f 2277/2277/2277 2276/2276/2276 2280/2280/2280
f 2277/2277/2277 2280/2280/2280 2281/2281/2281
f 1944/1944/1944 2282/2282/2282 2283/2283/2283
f 1944/1944/1944 2283/2283/2283 2284/2284/2284
f 2282/2282/2282 2065/2065/2065 2285/2285/2285
f 2282/2282/2282 2285/2285/2285 2283/2283/2283
f 2283/2283/2283 2285/2285/2285 2286/2286/2286
f 2283/2283/2283 2286/2286/2286 2287/2287/2287
f 2284/2284/2284 2283/2283/2283 2287/2287/2287
f 2284/2284/2284 2287/2287/2287 2273/2273/2273
f 2275/2275/2275 2288/2288/2288 2289/2289/2289
f 2275/2275/2275 2289/2289/2289 2290/2290/2290
f 2288/2288/2288 2286/2286/2286 2291/2291/2291
f 2288/2288/2288 2291/2291/2291 2289/2289/2289
f 2289/2289/2289 2291/2291/2291 2292/2292/2292
f 2289/2289/2289 2292/2292/2292 2293/2293/2293
f 2290/2290/2290 2289/2289/2289 2293/2293/2293
f 2290/2290/2290 2293/2293/2293 2279/2279/2279
f 2063/2063/2063 2294/2294/2294 2295/2295/2295
f 2063/2063/2063 2295/2295/2295 2296/2296/2296
f 2294/2294/2294 1936/1936/1936 2297/2297/2297
f 2294/2294/2294 2297/2297/2297 2295/2295/2295
f 2295/2295/2295 2297/2297/2297 2281/2281/2281
f 2295/2295/2295 2281/2281/2281 2298/2298/2298
f 2296/2296/2296 2295/2295/2295 2298/2298/2298
f 2296/2296/2296 2298/2298/2298 2292/2292/2292
f 1079/1079/1079 2299/2299/2299 2300/2300/2300
f 1079/1079/1079 2300/2300/2300 2301/2301/2301
f 2299/2299/2299 2006/2006/2006 2302/2302/2302
f 2299/2299/2299 2302/2302/2302 2300/2300/2300
f 2300/2300/2300 2302/2302/2302 2303/2303/2303
f 2300/2300/2300 2303/2303/2303 2304/2304/2304
f 2301/2301/2301 2300/2300/2300 2304/2304/2304
f 2301/2301/2301 2304/2304/2304 2305/2305/2305
f 2305/2305/2305 2306/2306/2306 2307/2307/2307
f 2305/2305/2305 2307/2307/2307 2308/2308/2308
f 2306/2306/2306 2309/2309/2309 2310/2310/2310
f 2306/2306/2306 2310/2310/2310 2307/2307/2307
f 2307/2307/2307 2310/2310/2310 2311/2311/2311
f 2307/2307/2307 2311/2311/2311 2312/2312/2312
f 2308/2308/2308 2307/2307/2307 2312/2312/2312
f 2308/2308/2308 2312/2312/2312 2313/2313/2313
f 2309/2309/2309 2314/2314/2314 2315/2315/2315
f 2309/2309/2309 2315/2315/2315 2316/2316/2316
f 2314/2314/2314 2303/2303/2303 2317/2317/2317
f 2314/2314/2314 2317/2317/2317 2315/2315/2315
f 2315/2315/2315 2317/2317/2317 2318/2318/2318
f 2315/2315/2315 2318/2318/2318 2319/2319/2319
f 2316/2316/2316 2315/2315/2315 2319/2319/2319
f 2316/2316/2316 2319/2319/2319 2320/2320/2320
f 2004/2004/2004 2321/2321/2321 2322/2322/2322
f 2004/2004/2004 2322/2322/2322 2323/2323/2323
f 2321/2321/2321 2067/2067/2067 2324/2324/2324
f 2321/2321/2321 2324/2324/2324 2322/2322/2322
f 2322/2322/2322 2324/2324/2324 2325/2325/2325
f 2322/2322/2322 2325/2325/2325 2326/2326/2326
f 2323/2323/2323 2322/2322/2322 2326/2326/2326
f 2323/2323/2323 2326/2326/2326 2318/2318/2318
f 2320/2320/2320 2327/2327/2327 2328/2328/2328
f 2320/2320/2320 2328/2328/2328 2329/2329/2329
f 2327/2327/2327 2325/2325/2325 2330/2330/2330
f 2327/2327/2327 2330/2330/2330 2328/2328/2328
f 2328/2328/2328 2330/2330/2330 2331/2331/2331
f 2328/2328/2328 2331/2331/2331 2332/2332/2332
f 2329/2329/2329 2328/2328/2328 2332/2332/2332
f 2329/2329/2329 2332/2332/2332 2333/2333/2333
f 2333/2333/2333 2332/2332/2332 2334/2334/2334
f 2333/2333/2333 2334/2334/2334 2335/2335/2335
f 2332/2332/2332 2331/2331/2331 2336/2336/2336
f 2332/2332/2332 2336/2336/2336 2334/2334/2334
f 2334/2334/2334 2336/2336/2336 2337/2337/2337
f 2334/2334/2334 2337/2337/2337 2338/2338/2338
f 2335/2335/2335 2334/2334/2334 2338/2338/2338
f 2335/2335/2335 2338/2338/2338 2339/2339/2339
f 2313/2313/2313 2312/2312/2312 2340/2340/2340
f 2313/2313/2313 2340/2340/2340 2341/2341/2341
f 2312/2312/2312 2311/2311/2311 2342/2342/2342
f 2312/2312/2312 2342/2342/2342 2340/2340/2340
f 2340/2340/2340 2342/2342/2342 2343/2343/2343
f 2340/2340/2340 2343/2343/2343 2344/2344/2344
f 2341/2341/2341 2340/2340/2340 2344/2344/2344
f 2341/2341/2341 2344/2344/2344 2345/2345/2345
f 2339/2339/2339 2338/2338/2338 2346/2346/2346
f 2339/2339/2339 2346/2346/2346 2347/2347/2347
f 2338/2338/2338 2337/2337/2337 2348/2348/2348
f 2338/2338/2338 2348/2348/2348 2346/2346/2346
f 2346/2346/2346 2348/2348/2348 2349/2349/2349
f 2346/2346/2346 2349/2349/2349 2350/2350/2350
f 2347/2347/2347 2346/2346/2346 2350/2350/2350
f 2347/2347/2347 2350/2350/2350 2351/2351/2351
f 2345/2345/2345 2344/2344/2344 2352/2352/2352
f 2345/2345/2345 2352/2352/2352 2353/2353/2353
f 2344/2344/2344 2343/2343/2343 2354/2354/2354
f 2344/2344/2344 2354/2354/2354 2352/2352/2352
f 2352/2352/2352 2354/2354/2354 2355/2355/2355
f 2352/2352/2352 2355/2355/2355 2356/2356/2356
f 2353/2353/2353 2352/2352/2352 2356/2356/2356
f 2353/2353/2353 2356/2356/2356 2357/2357/2357
f 2351/2351/2351 2350/2350/2350 2358/2358/2358
f 2351/2351/2351 2358/2358/2358 2359/2359/2359
f 2350/2350/2350 2349/2349/2349 2360/2360/2360
f 2350/2350/2350 2360/2360/2360 2358/2358/2358
f 2358/2358/2358 2360/2360/2360 2361/2361/2361
f 2358/2358/2358 2361/2361/2361 2362/2362/2362
f 2359/2359/2359 2358/2358/2358 2362/2362/2362
f 2359/2359/2359 2362/2362/2362 2363/2363/2363
f 2357/2357/2357 2356/2356/2356 2364/2364/2364
f 2357/2357/2357 2364/2364/2364 2365/2365/2365
f 2356/2356/2356 2355/2355/2355 2366/2366/2366
f 2356/2356/2356 2366/2366/2366 2364/2364/2364
f 2364/2364/2364 2366/2366/2366 2367/2367/2367
f 2364/2364/2364 2367/2367/2367 2368/2368/2368
f 2365/2365/2365 2364/2364/2364 2368/2368/2368
f 2365/2365/2365 2368/2368/2368 2369/2369/2369
f 1933/1933/1933 2370/2370/2370 2371/2371/2371
f 1933/1933/1933 2371/2371/2371 2372/2372/2372
f 2370/2370/2370 2079/2079/2079 2373/2373/2373
f 2370/2370/2370 2373/2373/2373 2371/2371/2371
f 2371/2371/2371 2373/2373/2373 2374/2374/2374
f 2371/2371/2371 2374/2374/2374 2375/2375/2375
f 2372/2372/2372 2371/2371/2371 2375/2375/2375
f 2372/2372/2372 2375/2375/2375 2361/2361/2361
f 2363/2363/2363 2376/2376/2376 2377/2377/2377
f 2363/2363/2363 2377/2377/2377 2378/2378/2378
f 2376/2376/2376 2374/2374/2374 2379/2379/2379
f 2376/2376/2376 2379/2379/2379 2377/2377/2377
f 2377/2377/2377 2379/2379/2379 2380/2380/2380
f 2377/2377/2377 2380/2380/2380 2381/2381/2381
f 2378/2378/2378 2377/2377/2377 2381/2381/2381
f 2378/2378/2378 2381/2381/2381 2367/2367/2367
f 2077/2077/2077 2382/2382/2382 2383/2383/2383
f 2077/2077/2077 2383/2383/2383 2384/2384/2384
f 2382/2382/2382 1925/1925/1925 2385/2385/2385
f 2382/2382/2382 2385/2385/2385 2383/2383/2383
f 2383/2383/2383 2385/2385/2385 2369/2369/2369
f 2383/2383/2383 2369/2369/2369 2386/2386/2386
f 2384/2384/2384 2383/2383/2383 2386/2386/2386
f 2384/2384/2384 2386/2386/2386 2380/2380/2380
f 1090/1090/1090 2387/2387/2387 2388/2388/2388
f 1090/1090/1090 2388/2388/2388 2389/2389/2389
f 2387/2387/2387 1993/1993/1993 2390/2390/2390
f 2387/2387/2387 2390/2390/2390 2388/2388/2388
f 2388/2388/2388 2390/2390/2390 2391/2391/2391
f 2388/2388/2388 2391/2391/2391 2392/2392/2392
f 2389/2389/2389 2388/2388/2388 2392/2392/2392
f 2389/2389/2389 2392/2392/2392 2393/2393/2393
f 2393/2393/2393 2394/2394/2394 2395/2395/2395
f 2393/2393/2393 2395/2395/2395 2396/2396/2396
f 2394/2394/2394 2397/2397/2397 2398/2398/2398
f 2394/2394/2394 2398/2398/2398 2395/2395/2395
f 2395/2395/2395 2398/2398/2398 2399/2399/2399
f 2395/2395/2395 2399/2399/2399 2400/2400/2400
f 2396/2396/2396 2395/2395/2395 2400/2400/2400
f 2396/2396/2396 2400/2400/2400 2401/2401/2401
f 2397/2397/2397 2402/2402/2402 2403/2403/2403
f 2397/2397/2397 2403/2403/2403 2404/2404/2404
f 2402/2402/2402 2391/2391/2391 2405/2405/2405
f 2402/2402/2402 2405/2405/2405 2403/2403/2403
f 2403/2403/2403 2405/2405/2405 2406/2406/2406
f 2403/2403/2403 2406/2406/2406 2407/2407/2407
f 2404/2404/2404 2403/2403/2403 2407/2407/2407
f 2404/2404/2404 2407/2407/2407 2408/2408/2408
f 1991/1991/1991 2409/2409/2409 2410/2410/2410
f 1991/1991/1991 2410/2410/2410 2411/2411/2411
f 2409/2409/2409 2081/2081/2081 2412/2412/2412
f 2409/2409/2409 2412/2412/2412 2410/2410/2410
f 2410/2410/2410 2412/2412/2412 2413/2413/2413
f 2410/2410/2410 2413/2413/2413 2414/2414/2414
f 2411/2411/2411 2410/2410/2410 2414/2414/2414
f 2411/2411/2411 2414/2414/2414 2406/2406/2406
f 2408/2408/2408 2415/2415/2415 2416/2416/2416
f 2408/2408/2408 2416/2416/2416 2417/2417/2417
f 2415/2415/2415 2413/2413/2413 2418/2418/2418
f 2415/2415/2415 2418/2418/2418 2416/2416/2416
f 2416/2416/2416 2418/2418/2418 2419/2419/2419
f 2416/2416/2416 2419/2419/2419 2420/2420/2420
f 2417/2417/2417 2416/2416/2416 2420/2420/2420
f 2417/2417/2417 2420/2420/2420 2421/2421/2421
f 2421/2421/2421 2420/2420/2420 2422/2422/2422
f 2421/2421/2421 2422/2422/2422 2423/2423/2423
f 2420/2420/2420 2419/2419/2419 2424/2424/2424
f 2420/2420/2420 2424/2424/2424 2422/2422/2422
f 2422/2422/2422 2424/2424/2424 2425/2425/2425
f 2422/2422/2422 2425/2425/2425 2426/2426/2426
f 2423/2423/2423 2422/2422/2422 2426/2426/2426
f 2423/2423/2423 2426/2426/2426 2427/2427/2427
f 2401/2401/2401 2400/2400/2400 2428/2428/2428
f 2401/2401/2401 2428/2428/2428 2429/2429/2429
f 2400/2400/2400 2399/2399/2399 2430/2430/2430
f 2400/2400/2400 2430/2430/2430 2428/2428/2428
f 2428/2428/2428 2430/2430/2430 2431/2431/2431
f 2428/2428/2428 2431/2431/2431 2432/2432/2432
f 2429/2429/2429 2428/2428/2428 2432/2432/2432
f 2429/2429/2429 2432/2432/2432 2433/2433/2433
f 2427/2427/2427 2426/2426/2426 2434/2434/2434
f 2427/2427/2427 2434/2434/2434 2435/2435/2435
f 2426/2426/2426 2425/2425/2425 2436/2436/2436
f 2426/2426/2426 2436/2436/2436 2434/2434/2434
f 2434/2434/2434 2436/2436/2436 2437/2437/2437
f 2434/2434/2434 2437/2437/2437 2438/2438/2438
f 2435/2435/2435 2434/2434/2434 2438/2438/2438
f 2435/2435/2435 2438/2438/2438 2439/2439/2439
f 2433/2433/2433 2432/2432/2432 2440/2440/2440
f 2433/2433/2433 2440/2440/2440 2441/2441/2441
f 2432/2432/2432 2431/2431/2431 2442/2442/2442
f 2432/2432/2432 2442/2442/2442 2440/2440/2440
f 2440/2440/2440 2442/2442/2442 2443/2443/2443
f 2440/2440/2440 2443/2443/2443 2444/2444/2444
f 2441/2441/2441 2440/2440/2440 2444/2444/2444
f 2441/2441/2441 2444/2444/2444 2445/2445/2445
f 2439/2439/2439 2438/2438/2438 2446/2446/2446
f 2439/2439/2439 2446/2446/2446 2447/2447/2447
f 2438/2438/2438 2437/2437/2437 2448/2448/2448
f 2438/2438/2438 2448/2448/2448 2446/2446/2446
f 2446/2446/2446 2448/2448/2448 2449/2449/2449
f 2446/2446/2446 2449/2449/2449 2450/2450/2450
f 2447/2447/2447 2446/2446/2446 2450/2450/2450
f 2447/2447/2447 2450/2450/2450 2451/2451/2451
f 2445/2445/2445 2444/2444/2444 2452/2452/2452
f 2445/2445/2445 2452/2452/2452 2453/2453/2453
f 2444/2444/2444 2443/2443/2443 2454/2454/2454
f 2444/2444/2444 2454/2454/2454 2452/2452/2452
f 2452/2452/2452 2454/2454/2454 2455/2455/2455
f 2452/2452/2452 2455/2455/2455 2456/2456/2456
f 2453/2453/2453 2452/2452/2452 2456/2456/2456
f 2453/2453/2453 2456/2456/2456 2457/2457/2457
f 1922/1922/1922 2458/2458/2458 2459/2459/2459
f 1922/1922/1922 2459/2459/2459 2460/2460/2460
f 2458/2458/2458 2093/2093/2093 2461/2461/2461
f 2458/2458/2458 2461/2461/2461 2459/2459/2459
f 2459/2459/2459 2461/2461/2461 2462/2462/2462
f 2459/2459/2459 2462/2462/2462 2463/2463/2463
f 2460/2460/2460 2459/2459/2459 2463/2463/2463
f 2460/2460/2460 2463/2463/2463 2449/2449/2449
f 2451/2451/2451 2464/2464/2464 2465/2465/2465
f 2451/2451/2451 2465/2465/2465 2466/2466/2466
f 2464/2464/2464 2462/2462/2462 2467/2467/2467
f 2464/2464/2464 2467/2467/2467 2465/2465/2465
f 2465/2465/2465 2467/2467/2467 2468/2468/2468
f 2465/2465/2465 2468/2468/2468 2469/2469/2469
f 2466/2466/2466 2465/2465/2465 2469/2469/2469
f 2466/2466/2466 2469/2469/2469 2455/2455/2455
f 2091/2091/2091 2470/2470/2470 2471/2471/2471
f 2091/2091/2091 2471/2471/2471 2472/2472/2472
f 2470/2470/2470 1914/1914/1914 2473/2473/2473
f 2470/2470/2470 2473/2473/2473 2471/2471/2471
f 2471/2471/2471 2473/2473/2473 2457/2457/2457
f 2471/2471/2471 2457/2457/2457 2474/2474/2474
f 2472/2472/2472 2471/2471/2471 2474/2474/2474
f 2472/2472/2472 2474/2474/2474 2468/2468/2468
f 1107/1107/1107 2475/2475/2475 2476/2476/2476
f 1107/1107/1107 2476/2476/2476 2477/2477/2477
f 2475/2475/2475 1978/1978/1978 2478/2478/2478
f 2475/2475/2475 2478/2478/2478 2476/2476/2476
f 2476/2476/2476 2478/2478/2478 2479/2479/2479
f 2476/2476/2476 2479/2479/2479 2480/2480/2480
f 2477/2477/2477 2476/2476/2476 2480/2480/2480
f 2477/2477/2477 2480/2480/2480 2481/2481/2481
f 2481/2481/2481 2482/2482/2482 2483/2483/2483
f 2481/2481/2481 2483/2483/2483 2484/2484/2484
f 2482/2482/2482 2485/2485/2485 2486/2486/2486
f 2482/2482/2482 2486/2486/2486 2483/2483/2483
f 2483/2483/2483 2486/2486/2486 2487/2487/2487
f 2483/2483/2483 2487/2487/2487 2488/2488/2488
f 2484/2484/2484 2483/2483/2483 2488/2488/2488
f 2484/2484/2484 2488/2488/2488 2489/2489/2489
f 2485/2485/2485 2490/2490/2490 2491/2491/2491
f 2485/2485/2485 2491/2491/2491 2492/2492/2492
f 2490/2490/2490 2479/2479/2479 2493/2493/2493
f 2490/2490/2490 2493/2493/2493 2491/2491/2491
f 2491/2491/2491 2493/2493/2493 2494/2494/2494
f 2491/2491/2491 2494/2494/2494 2495/2495/2495
f 2492/2492/2492 2491/2491/2491 2495/2495/2495
f 2492/2492/2492 2495/2495/2495 2496/2496/2496
f 1976/1976/1976 2497/2497/2497 2498/2498/2498
f 1976/1976/1976 2498/2498/2498 2499/2499/2499
f 2497/2497/2497 2095/2095/2095 2500/2500/2500
f 2497/2497/2497 2500/2500/2500 2498/2498/2498
f 2498/2498/2498 2500/2500/2500 2501/2501/2501
f 2498/2498/2498 2501/2501/2501 2502/2502/2502
f 2499/2499/2499 2498/2498/2498 2502/2502/2502
f 2499/2499/2499 2502/2502/2502 2494/2494/2494
f 2496/2496/2496 2503/2503/2503 2504/2504/2504
f 2496/2496/2496 2504/2504/2504 2505/2505/2505
f 2503/2503/2503 2501/2501/2501 2506/2506/2506
f 2503/2503/2503 2506/2506/2506 2504/2504/2504
f 2504/2504/2504 2506/2506/2506 2507/2507/2507
f 2504/2504/2504 2507/2507/2507 2508/2508/2508
f 2505/2505/2505 2504/2504/2504 2508/2508/2508
f 2505/2505/2505 2508/2508/2508 2509/2509/2509
f 2509/2509/2509 2508/2508/2508 2510/2510/2510
f 2509/2509/2509 2510/2510/2510 2511/2511/2511
f 2508/2508/2508 2507/2507/2507 2512/2512/2512
f 2508/2508/2508 2512/2512/2512 2510/2510/2510
f 2510/2510/2510 2512/2512/2512 2513/2513/2513
f 2510/2510/2510 2513/2513/2513 2514/2514/2514
f 2511/2511/2511 2510/2510/2510 2514/2514/2514
f 2511/2511/2511 2514/2514/2514 2515/2515/2515
f 2489/2489/2489 2488/2488/2488 2516/2516/2516
f 2489/2489/2489 2516/2516/2516 2517/2517/2517
f 2488/2488/2488 2487/2487/2487 2518/2518/2518
f 2488/2488/2488 2518/2518/2518 2516/2516/2516
f 2516/2516/2516 2518/2518/2518 2519/2519/2519
f 2516/2516/2516 2519/2519/2519 2520/2520/2520
f 2517/2517/2517 2516/2516/2516 2520/2520/2520
f 2517/2517/2517 2520/2520/2520 2521/2521/2521
f 2515/2515/2515 2514/2514/2514 2522/2522/2522
f 2515/2515/2515 2522/2522/2522 2523/2523/2523
f 2514/2514/2514 2513/2513/2513 2524/2524/2524
f 2514/2514/2514 2524/2524/2524 2522/2522/2522
f 2522/2522/2522 2524/2524/2524 2525/2525/2525
f 2522/2522/2522 2525/2525/2525 2526/2526/2526
f 2523/2523/2523 2522/2522/2522 2526/2526/2526
f 2523/2523/2523 2526/2526/2526 2527/2527/2527
f 2521/2521/2521 2520/2520/2520 2528/2528/2528
f 2521/2521/2521 2528/2528/2528 2529/2529/2529
f 2520/2520/2520 2519/2519/2519 2530/2530/2530
f 2520/2520/2520 2530/2530/2530 2528/2528/2528
f 2528/2528/2528 2530/2530/2530 2531/2531/2531
f 2528/2528/2528 2531/2531/2531 2532/2532/2532
f 2529/2529/2529 2528/2528/2528 2532/2532/2532
f 2529/2529/2529 2532/2532/2532 2533/2533/2533
f 2527/2527/2527 2526/2526/2526 2534/2534/2534
f 2527/2527/2527 2534/2534/2534 2535/2535/2535
f 2526/2526/2526 2525/2525/2525 2536/2536/2536
f 2526/2526/2526 2536/2536/2536 2534/2534/2534
f 2534/2534/2534 2536/2536/2536 2537/2537/2537
f 2534/2534/2534 2537/2537/2537 2538/2538/2538
f 2535/2535/2535 2534/2534/2534 2538/2538/2538
f 2535/2535/2535 2538/2538/2538 2539/2539/2539
f 2533/2533/2533 2532/2532/2532 2540/2540/2540
f 2533/2533/2533 2540/2540/2540 2541/2541/2541
f 2532/2532/2532 2531/2531/2531 2542/2542/2542
f 2532/2532/2532 2542/2542/2542 2540/2540/2540
f 2540/2540/2540 2542/2542/2542 2543/2543/2543
f 2540/2540/2540 2543/2543/2543 2544/2544/2544
f 2541/2541/2541 2540/2540/2540 2544/2544/2544
f 2541/2541/2541 2544/2544/2544 2545/2545/2545
f 1909/1909/1909 2546/2546/2546 2547/2547/2547
f 1909/1909/1909 2547/2547/2547 2548/2548/2548
f 2546/2546/2546 2107/2107/2107 2549/2549/2549
f 2546/2546/2546 2549/2549/2549 2547/2547/2547
f 2547/2547/2547 2549/2549/2549 2550/2550/2550
f 2547/2547/2547 2550/2550/2550 2551/2551/2551
f 2548/2548/2548 2547/2547/2547 2551/2551/2551
f 2548/2548/2548 2551/2551/2551 2537/2537/2537
f 2539/2539/2539 2552/2552/2552 2553/2553/2553
f 2539/2539/2539 2553/2553/2553 2554/2554/2554
f 2552/2552/2552 2550/2550/2550 2555/2555/2555
f 2552/2552/2552 2555/2555/2555 2553/2553/2553
f 2553/2553/2553 2555/2555/2555 2556/2556/2556
f 2553/2553/2553 2556/2556/2556 2557/2557/2557
f 2554/2554/2554 2553/2553/2553 2557/2557/2557
f 2554/2554/2554 2557/2557/2557 2543/2543/2543
f 2105/2105/2105 2558/2558/2558 2559/2559/2559
f 2105/2105/2105 2559/2559/2559 2560/2560/2560
f 2558/2558/2558 1901/1901/1901 2561/2561/2561
f 2558/2558/2558 2561/2561/2561 2559/2559/2559
f 2559/2559/2559 2561/2561/2561 2545/2545/2545
f 2559/2559/2559 2545/2545/2545 2562/2562/2562
f 2560/2560/2560 2559/2559/2559 2562/2562/2562
f 2560/2560/2560 2562/2562/2562 2556/2556/2556
f 1118/1118/1118 2563/2563/2563 2564/2564/2564
f 1118/1118/1118 2564/2564/2564 2565/2565/2565
f 2563/2563/2563 1965/1965/1965 2566/2566/2566
f 2563/2563/2563 2566/2566/2566 2564/2564/2564
f 2564/2564/2564 2566/2566/2566 2567/2567/2567
f 2564/2564/2564 2567/2567/2567 2568/2568/2568
f 2565/2565/2565 2564/2564/2564 2568/2568/2568
f 2565/2565/2565 2568/2568/2568 2569/2569/2569
f 2569/2569/2569 2570/2570/2570 2571/2571/2571
f 2569/2569/2569 2571/2571/2571 2572/2572/2572
f 2570/2570/2570 2573/2573/2573 2574/2574/2574
f 2570/2570/2570 2574/2574/2574 2571/2571/2571
f 2571/2571/2571 2574/2574/2574 2575/2575/2575
f 2571/2571/2571 2575/2575/2575 2576/2576/2576
f 2572/2572/2572 2571/2571/2571 2576/2576/2576
f 2572/2572/2572 2576/2576/2576 2577/2577/2577
f 2573/2573/2573 2578/2578/2578 2579/2579/2579
f 2573/2573/2573 2579/2579/2579 2580/2580/2580
f 2578/2578/2578 2567/2567/2567 2581/2581/2581
f 2578/2578/2578 2581/2581/2581 2579/2579/2579
f 2579/2579/2579 2581/2581/2581 2582/2582/2582
f 2579/2579/2579 2582/2582/2582 2583/2583/2583
f 2580/2580/2580 2579/2579/2579 2583/2583/2583
f 2580/2580/2580 2583/2583/2583 2584/2584/2584
f 1963/1963/1963 2585/2585/2585 2586/2586/2586
f 1963/1963/1963 2586/2586/2586 2587/2587/2587
f 2585/2585/2585 2109/2109/2109 2588/2588/2588
f 2585/2585/2585 2588/2588/2588 2586/2586/2586
f 2586/2586/2586 2588/2588/2588 2589/2589/2589
f 2586/2586/2586 2589/2589/2589 2590/2590/2590
f 2587/2587/2587 2586/2586/2586 2590/2590/2590
f 2587/2587/2587 2590/2590/2590 2582/2582/2582
f 2584/2584/2584 2591/2591/2591 2592/2592/2592
f 2584/2584/2584 2592/2592/2592 2593/2593/2593
f 2591/2591/2591 2589/2589/2589 2594/2594/2594
f 2591/2591/2591 2594/2594/2594 2592/2592/2592
f 2592/2592/2592 2594/2594/2594 2595/2595/2595
f 2592/2592/2592 2595/2595/2595 2596/2596/2596
f 2593/2593/2593 2592/2592/2592 2596/2596/2596
f 2593/2593/2593 2596/2596/2596 2597/2597/2597
f 2597/2597/2597 2596/2596/2596 2598/2598/2598
f 2597/2597/2597 2598/2598/2598 2599/2599/2599
f 2596/2596/2596 2595/2595/2595 2600/2600/2600
f 2596/2596/2596 2600/2600/2600 2598/2598/2598
f 2598/2598/2598 2600/2600/2600 2601/2601/2601
f 2598/2598/2598 2601/2601/2601 2602/2602/2602
f 2599/2599/2599 2598/2598/2598 2602/2602/2602
f 2599/2599/2599 2602/2602/2602 2603/2603/2603
f 2577/2577/2577 2576/2576/2576 2604/2604/2604
f 2577/2577/2577 2604/2604/2604 2605/2605/2605
f 2576/2576/2576 2575/2575/2575 2606/2606/2606
f 2576/2576/2576 2606/2606/2606 2604/2604/2604
f 2604/2604/2604 2606/2606/2606 2607/2607/2607
f 2604/2604/2604 2607/2607/2607 2608/2608/2608
f 2605/2605/2605 2604/2604/2604 2608/2608/2608
f 2605/2605/2605 2608/2608/2608 2609/2609/2609
f 2603/2603/2603 2602/2602/2602 2610/2610/2610
f 2603/2603/2603 2610/2610/2610 2611/2611/2611
f 2602/2602/2602 2601/2601/2601 2612/2612/2612
f 2602/2602/2602 2612/2612/2612 2610/2610/2610
f 2610/2610/2610 2612/2612/2612 2613/2613/2613
f 2610/2610/2610 2613/2613/2613 2614/2614/2614
f 2611/2611/2611 2610/2610/2610 2614/2614/2614
f 2611/2611/2611 2614/2614/2614 2615/2615/2615
f 2609/2609/2609 2608/2608/2608 2616/2616/2616
f 2609/2609/2609 2616/2616/2616 2617/2617/2617
f 2608/2608/2608 2607/2607/2607 2618/2618/2618
f 2608/2608/2608 2618/2618/2618 2616/2616/2616
f 2616/2616/2616 2618/2618/2618 2619/2619/2619
f 2616/2616/2616 2619/2619/2619 2620/2620/2620
f 2617/2617/2617 2616/2616/2616 2620/2620/2620
f 2617/2617/2617 2620/2620/2620 2621/2621/2621
f 2615/2615/2615 2614/2614/2614 2622/2622/2622
f 2615/2615/2615 2622/2622/2622 2623/2623/2623
f 2614/2614/2614 2613/2613/2613 2624/2624/2624
f 2614/2614/2614 2624/2624/2624 2622/2622/2622
f 2622/2622/2622 2624/2624/2624 2625/2625/2625
f 2622/2622/2622 2625/2625/2625 2626/2626/2626
f 2623/2623/2623 2622/2622/2622 2626/2626/2626
f 2623/2623/2623 2626/2626/2626 2627/2627/2627
f 2621/2621/2621 2620/2620/2620 2628/2628/2628
f 2621/2621/2621 2628/2628/2628 2629/2629/2629
f 2620/2620/2620 2619/2619/2619 2630/2630/2630
f 2620/2620/2620 2630/2630/2630 2628/2628/2628
f 2628/2628/2628 2630/2630/2630 2631/2631/2631
f 2628/2628/2628 2631/2631/2631 2632/2632/2632
f 2629/2629/2629 2628/2628/2628 2632/2632/2632
f 2629/2629/2629 2632/2632/2632 2633/2633/2633
f 1898/1898/1898 2634/2634/2634 2635/2635/2635
f 1898/1898/1898 2635/2635/2635 2636/2636/2636
f 2634/2634/2634 2121/2121/2121 2637/2637/2637
f 2634/2634/2634 2637/2637/2637 2635/2635/2635
f 2635/2635/2635 2637/2637/2637 2638/2638/2638
f 2635/2635/2635 2638/2638/2638 2639/2639/2639
f 2636/2636/2636 2635/2635/2635 2639/2639/2639
f 2636/2636/2636 2639/2639/2639 2625/2625/2625
f 2627/2627/2627 2640/2640/2640 2641/2641/2641
f 2627/2627/2627 2641/2641/2641 2642/2642/2642
f 2640/2640/2640 2638/2638/2638 2643/2643/2643
f 2640/2640/2640 2643/2643/2643 2641/2641/2641
f 2641/2641/2641 2643/2643/2643 2644/2644/2644
f 2641/2641/2641 2644/2644/2644 2645/2645/2645
f 2642/2642/2642 2641/2641/2641 2645/2645/2645
f 2642/2642/2642 2645/2645/2645 2631/2631/2631
f 2119/2119/2119 2646/2646/2646 2647/2647/2647
f 2119/2119/2119 2647/2647/2647 2648/2648/2648
f 2646/2646/2646 1890/1890/1890 2649/2649/2649
f 2646/2646/2646 2649/2649/2649 2647/2647/2647
f 2647/2647/2647 2649/2649/2649 2633/2633/2633
f 2647/2647/2647 2633/2633/2633 2650/2650/2650
f 2648/2648/2648 2647/2647/2647 2650/2650/2650
f 2648/2648/2648 2650/2650/2650 2644/2644/2644
f 2133/2133/2133 2140/2140/2140 2651/2651/2651
f 2133/2133/2133 2651/2651/2651 2134/2134/2134
f 2140/2140/2140 2144/2144/2144 2153/2153/2153
f 2140/2140/2140 2153/2153/2153 2651/2651/2651
f 2651/2651/2651 2153/2153/2153 2157/2157/2157
f 2651/2651/2651 2157/2157/2157 2652/2652/2652
f 2134/2134/2134 2651/2651/2651 2652/2652/2652
f 2134/2134/2134 2652/2652/2652 2135/2135/2135
f 2221/2221/2221 2228/2228/2228 2653/2653/2653
f 2221/2221/2221 2653/2653/2653 2222/2222/2222
f 2228/2228/2228 2232/2232/2232 2241/2241/2241
f 2228/2228/2228 2241/2241/2241 2653/2653/2653
f 2653/2653/2653 2241/2241/2241 2245/2245/2245
f 2653/2653/2653 2245/2245/2245 2654/2654/2654
f 2222/2222/2222 2653/2653/2653 2654/2654/2654
f 2222/2222/2222 2654/2654/2654 2223/2223/2223
f 2309/2309/2309 2316/2316/2316 2655/2655/2655
f 2309/2309/2309 2655/2655/2655 2310/2310/2310
f 2316/2316/2316 2320/2320/2320 2329/2329/2329
f 2316/2316/2316 2329/2329/2329 2655/2655/2655
f 2655/2655/2655 2329/2329/2329 2333/2333/2333
f 2655/2655/2655 2333/2333/2333 2656/2656/2656
f 2310/2310/2310 2655/2655/2655 2656/2656/2656
f 2310/2310/2310 2656/2656/2656 2311/2311/2311
f 2397/2397/2397 2404/2404/2404 2657/2657/2657
f 2397/2397/2397 2657/2657/2657 2398/2398/2398
f 2404/2404/2404 2408/2408/2408 2417/2417/2417
f 2404/2404/2404 2417/2417/2417 2657/2657/2657
f 2657/2657/2657 2417/2417/2417 2421/2421/2421
f 2657/2657/2657 2421/2421/2421 2658/2658/2658
f 2398/2398/2398 2657/2657/2657 2658/2658/2658
f 2398/2398/2398 2658/2658/2658 2399/2399/2399
f 2485/2485/2485 2492/2492/2492 2659/2659/2659
f 2485/2485/2485 2659/2659/2659 2486/2486/2486
f 2492/2492/2492 2496/2496/2496 2505/2505/2505
f 2492/2492/2492 2505/2505/2505 2659/2659/2659
f 2659/2659/2659 2505/2505/2505 2509/2509/2509
f 2659/2659/2659 2509/2509/2509 2660/2660/2660
f 2486/2486/2486 2659/2659/2659 2660/2660/2660
f 2486/2486/2486 2660/2660/2660 2487/2487/2487
f 2573/2573/2573 2580/2580/2580 2661/2661/2661
f 2573/2573/2573 2661/2661/2661 2574/2574/2574
f 2580/2580/2580 2584/2584/2584 2593/2593/2593
f 2580/2580/2580 2593/2593/2593 2661/2661/2661
f 2661/2661/2661 2593/2593/2593 2597/2597/2597
f 2661/2661/2661 2597/2597/2597 2662/2662/2662
f 2574/2574/2574 2661/2661/2661 2662/2662/2662
f 2574/2574/2574 2662/2662/2662 2575/2575/2575
f 2135/2135/2135 2652/2652/2652 2663/2663/2663
f 2135/2135/2135 2663/2663/2663 2166/2166/2166
f 2652/2652/2652 2157/2157/2157 2159/2159/2159
f 2652/2652/2652 2159/2159/2159 2663/2663/2663
f 2663/2663/2663 2159/2159/2159 2163/2163/2163
f 2663/2663/2663 2163/2163/2163 2664/2664/2664
f 2166/2166/2166 2663/2663/2663 2664/2664/2664
f 2166/2166/2166 2664/2664/2664 2167/2167/2167
f 2223/2223/2223 2654/2654/2654 2665/2665/2665
f 2223/2223/2223 2665/2665/2665 2254/2254/2254
f 2654/2654/2654 2245/2245/2245 2247/2247/2247
f 2654/2654/2654 2247/2247/2247 2665/2665/2665
f 2665/2665/2665 2247/2247/2247 2251/2251/2251
f 2665/2665/2665 2251/2251/2251 2666/2666/2666
f 2254/2254/2254 2665/2665/2665 2666/2666/2666
f 2254/2254/2254 2666/2666/2666 2255/2255/2255
f 2311/2311/2311 2656/2656/2656 2667/2667/2667
f 2311/2311/2311 2667/2667/2667 2342/2342/2342
f 2656/2656/2656 2333/2333/2333 2335/2335/2335
f 2656/2656/2656 2335/2335/2335 2667/2667/2667
f 2667/2667/2667 2335/2335/2335 2339/2339/2339
f 2667/2667/2667 2339/2339/2339 2668/2668/2668
f 2342/2342/2342 2667/2667/2667 2668/2668/2668
f 2342/2342/2342 2668/2668/2668 2343/2343/2343
f 2399/2399/2399 2658/2658/2658 2669/2669/2669
f 2399/2399/2399 2669/2669/2669 2430/2430/2430
f 2658/2658/2658 2421/2421/2421 2423/2423/2423
f 2658/2658/2658 2423/2423/2423 2669/2669/2669
f 2669/2669/2669 2423/2423/2423 2427/2427/2427
f 2669/2669/2669 2427/2427/2427 2670/2670/2670
f 2430/2430/2430 2669/2669/2669 2670/2670/2670
f 2430/2430/2430 2670/2670/2670 2431/2431/2431
f 2487/2487/2487 2660/2660/2660 2671/2671/2671
f 2487/2487/2487 2671/2671/2671 2518/2518/2518
f 2660/2660/2660 2509/2509/2509 2511/2511/2511
f 2660/2660/2660 2511/2511/2511 2671/2671/2671
f 2671/2671/2671 2511/2511/2511 2515/2515/2515
f 2671/2671/2671 2515/2515/2515 2672/2672/2672
f 2518/2518/2518 2671/2671/2671 2672/2672/2672
f 2518/2518/2518 2672/2672/2672 2519/2519/2519
f 2575/2575/2575 2662/2662/2662 2673/2673/2673
f 2575/2575/2575 2673/2673/2673 2606/2606/2606
f 2662/2662/2662 2597/2597/2597 2599/2599/2599
f 2662/2662/2662 2599/2599/2599 2673/2673/2673
f 2673/2673/2673 2599/2599/2599 2603/2603/2603
f 2673/2673/2673 2603/2603/2603 2674/2674/2674
f 2606/2606/2606 2673/2673/2673 2674/2674/2674
f 2606/2606/2606 2674/2674/2674 2607/2607/2607
f 2167/2167/2167 2664/2664/2664 2675/2675/2675
f 2167/2167/2167 2675/2675/2675 2178/2178/2178
f 2664/2664/2664 2163/2163/2163 2171/2171/2171
f 2664/2664/2664 2171/2171/2171 2675/2675/2675
f 2675/2675/2675 2171/2171/2171 2175/2175/2175
f 2675/2675/2675 2175/2175/2175 2676/2676/2676
f 2178/2178/2178 2675/2675/2675 2676/2676/2676
f 2178/2178/2178 2676/2676/2676 2179/2179/2179
f 2255/2255/2255 2666/2666/2666 2677/2677/2677
f 2255/2255/2255 2677/2677/2677 2266/2266/2266
f 2666/2666/2666 2251/2251/2251 2259/2259/2259
f 2666/2666/2666 2259/2259/2259 2677/2677/2677
f 2677/2677/2677 2259/2259/2259 2263/2263/2263
f 2677/2677/2677 2263/2263/2263 2678/2678/2678
f 2266/2266/2266 2677/2677/2677 2678/2678/2678
f 2266/2266/2266 2678/2678/2678 2267/2267/2267
f 2343/2343/2343 2668/2668/2668 2679/2679/2679
f 2343/2343/2343 2679/2679/2679 2354/2354/2354
f 2668/2668/2668 2339/2339/2339 2347/2347/2347
f 2668/2668/2668 2347/2347/2347 2679/2679/2679
f 2679/2679/2679 2347/2347/2347 2351/2351/2351
f 2679/2679/2679 2351/2351/2351 2680/2680/2680
f 2354/2354/2354 2679/2679/2679 2680/2680/2680
f 2354/2354/2354 2680/2680/2680 2355/2355/2355
f 2431/2431/2431 2670/2670/2670 2681/2681/2681
f 2431/2431/2431 2681/2681/2681 2442/2442/2442
f 2670/2670/2670 2427/2427/2427 2435/2435/2435
f 2670/2670/2670 2435/2435/2435 2681/2681/2681
f 2681/2681/2681 2435/2435/2435 2439/2439/2439
f 2681/2681/2681 2439/2439/2439 2682/2682/2682
f 2442/2442/2442 2681/2681/2681 2682/2682/2682
f 2442/2442/2442 2682/2682/2682 2443/2443/2443
f 2519/2519/2519 2672/2672/2672 2683/2683/2683
f 2519/2519/2519 2683/2683/2683 2530/2530/2530
f 2672/2672/2672 2515/2515/2515 2523/2523/2523
f 2672/2672/2672 2523/2523/2523 2683/2683/2683
f 2683/2683/2683 2523/2523/2523 2527/2527/2527
f 2683/2683/2683 2527/2527/2527 2684/2684/2684
f 2530/2530/2530 2683/2683/2683 2684/2684/2684
f 2530/2530/2530 2684/2684/2684 2531/2531/2531
f 2607/2607/2607 2674/2674/2674 2685/2685/2685
f 2607/2607/2607 2685/2685/2685 2618/2618/2618
f 2674/2674/2674 2603/2603/2603 2611/2611/2611
f 2674/2674/2674 2611/2611/2611 2685/2685/2685
f 2685/2685/2685 2611/2611/2611 2615/2615/2615
f 2685/2685/2685 2615/2615/2615 2686/2686/2686
f 2618/2618/2618 2685/2685/2685 2686/2686/2686
f 2618/2618/2618 2686/2686/2686 2619/2619/2619
f 2619/2619/2619 2686/2686/2686 2687/2687/2687
f 2619/2619/2619 2687/2687/2687 2630/2630/2630
f 2686/2686/2686 2615/2615/2615 2623/2623/2623
f 2686/2686/2686 2623/2623/2623 2687/2687/2687
f 2687/2687/2687 2623/2623/2623 2627/2627/2627
f 2687/2687/2687 2627/2627/2627 2642/2642/2642
f 2630/2630/2630 2687/2687/2687 2642/2642/2642
f 2630/2630/2630 2642/2642/2642 2631/2631/2631
f 2531/2531/2531 2684/2684/2684 2688/2688/2688
f 2531/2531/2531 2688/2688/2688 2542/2542/2542
f 2684/2684/2684 2527/2527/2527 2535/2535/2535
f 2684/2684/2684 2535/2535/2535 2688/2688/2688
f 2688/2688/2688 2535/2535/2535 2539/2539/2539
f 2688/2688/2688 2539/2539/2539 2554/2554/2554
f 2542/2542/2542 2688/2688/2688 2554/2554/2554
f 2542/2542/2542 2554/2554/2554 2543/2543/2543
f 2443/2443/2443 2682/2682/2682 2689/2689/2689
f 2443/2443/2443 2689/2689/2689 2454/2454/2454
f 2682/2682/2682 2439/2439/2439 2447/2447/2447
f 2682/2682/2682 2447/2447/2447 2689/2689/2689
f 2689/2689/2689 2447/2447/2447 2451/2451/2451
f 2689/2689/2689 2451/2451/2451 2466/2466/2466
f 2454/2454/2454 2689/2689/2689 2466/2466/2466
f 2454/2454/2454 2466/2466/2466 2455/2455/2455
f 2355/2355/2355 2680/2680/2680 2690/2690/2690
f 2355/2355/2355 2690/2690/2690 2366/2366/2366
f 2680/2680/2680 2351/2351/2351 2359/2359/2359
f 2680/2680/2680 2359/2359/2359 2690/2690/2690
f 2690/2690/2690 2359/2359/2359 2363/2363/2363
f 2690/2690/2690 2363/2363/2363 2378/2378/2378
f 2366/2366/2366 2690/2690/2690 2378/2378/2378
f 2366/2366/2366 2378/2378/2378 2367/2367/2367
f 2267/2267/2267 2678/2678/2678 2691/2691/2691
f 2267/2267/2267 2691/2691/2691 2278/2278/2278
f 2678/2678/2678 2263/2263/2263 2271/2271/2271
f 2678/2678/2678 2271/2271/2271 2691/2691/2691
f 2691/2691/2691 2271/2271/2271 2275/2275/2275
f 2691/2691/2691 2275/2275/2275 2290/2290/2290
f 2278/2278/2278 2691/2691/2691 2290/2290/2290
f 2278/2278/2278 2290/2290/2290 2279/2279/2279
f 2179/2179/2179 2676/2676/2676 2692/2692/2692
f 2179/2179/2179 2692/2692/2692 2190/2190/2190
f 2676/2676/2676 2175/2175/2175 2183/2183/2183
f 2676/2676/2676 2183/2183/2183 2692/2692/2692
f 2692/2692/2692 2183/2183/2183 2187/2187/2187
f 2692/2692/2692 2187/2187/2187 2202/2202/2202
f 2190/2190/2190 2692/2692/2692 2202/2202/2202
f 2190/2190/2190 2202/2202/2202 2191/2191/2191
f 2127/2127/2127 2126/2126/2126 2693/2693/2693
f 2127/2127/2127 2693/2693/2693 2141/2141/2141
f 2126/2126/2126 2034/2034/2034 2033/2033/2033
f 2126/2126/2126 2033/2033/2033 2693/2693/2693
f 2693/2693/2693 2033/2033/2033 2032/2032/2032
f 2693/2693/2693 2032/2032/2032 2147/2147/2147
f 2141/2141/2141 2693/2693/2693 2147/2147/2147
f 2141/2141/2141 2147/2147/2147 2142/2142/2142
f 2149/2149/2149 2148/2148/2148 2694/2694/2694
f 2149/2149/2149 2694/2694/2694 2154/2154/2154
f 2148/2148/2148 2039/2039/2039 2042/2042/2042
f 2148/2148/2148 2042/2042/2042 2694/2694/2694
f 2694/2694/2694 2042/2042/2042 1123/1123/1123
f 2694/2694/2694 1123/1123/1123 2695/2695/2695
f 2154/2154/2154 2694/2694/2694 2695/2695/2695
f 2154/2154/2154 2695/2695/2695 2155/2155/2155
f 1053/1053/1053 1052/1052/1052 2696/2696/2696
f 1053/1053/1053 2696/2696/2696 2697/2697/2697
f 1052/1052/1052 1051/1051/1051 2125/2125/2125
f 1052/1052/1052 2125/2125/2125 2696/2696/2696
f 2696/2696/2696 2125/2125/2125 2129/2129/2129
f 2696/2696/2696 2129/2129/2129 2132/2132/2132
f 2697/2697/2697 2696/2696/2696 2132/2132/2132
f 2697/2697/2697 2132/2132/2132 2137/2137/2137
f 1123/1123/1123 1126/1126/1126 2698/2698/2698
f 1123/1123/1123 2698/2698/2698 2695/2695/2695
f 1126/1126/1126 1130/1130/1130 2699/2699/2699
f 1126/1126/1126 2699/2699/2699 2698/2698/2698
f 2698/2698/2698 2699/2699/2699 2161/2161/2161
f 2698/2698/2698 2161/2161/2161 2160/2160/2160
f 2695/2695/2695 2698/2698/2698 2160/2160/2160
f 2695/2695/2695 2160/2160/2160 2155/2155/2155
f 1134/1134/1134 1133/1133/1133 2700/2700/2700
f 1134/1134/1134 2700/2700/2700 2701/2701/2701
f 1133/1133/1133 1053/1053/1053 2697/2697/2697
f 1133/1133/1133 2697/2697/2697 2700/2700/2700
f 2700/2700/2700 2697/2697/2697 2137/2137/2137
f 2700/2700/2700 2137/2137/2137 2165/2165/2165
f 2701/2701/2701 2700/2700/2700 2165/2165/2165
f 2701/2701/2701 2165/2165/2165 2169/2169/2169
f 1130/1130/1130 1204/1204/1204 2702/2702/2702
f 1130/1130/1130 2702/2702/2702 2699/2699/2699
f 1204/1204/1204 1208/1208/1208 2703/2703/2703
f 1204/1204/1204 2703/2703/2703 2702/2702/2702
f 2702/2702/2702 2703/2703/2703 2173/2173/2173
f 2702/2702/2702 2173/2173/2173 2172/2172/2172
f 2699/2699/2699 2702/2702/2702 2172/2172/2172
f 2699/2699/2699 2172/2172/2172 2161/2161/2161
f 1212/1212/1212 1211/1211/1211 2704/2704/2704
f 1212/1212/1212 2704/2704/2704 2705/2705/2705
f 1211/1211/1211 1134/1134/1134 2701/2701/2701
f 1211/1211/1211 2701/2701/2701 2704/2704/2704
f 2704/2704/2704 2701/2701/2701 2169/2169/2169
f 2704/2704/2704 2169/2169/2169 2177/2177/2177
f 2705/2705/2705 2704/2704/2704 2177/2177/2177
f 2705/2705/2705 2177/2177/2177 2181/2181/2181
f 1208/1208/1208 1952/1952/1952 2706/2706/2706
f 1208/1208/1208 2706/2706/2706 2703/2703/2703
f 1952/1952/1952 1956/1956/1956 2196/2196/2196
f 1952/1952/1952 2196/2196/2196 2706/2706/2706
f 2706/2706/2706 2196/2196/2196 2185/2185/2185
f 2706/2706/2706 2185/2185/2185 2184/2184/2184
f 2703/2703/2703 2706/2706/2706 2184/2184/2184
f 2703/2703/2703 2184/2184/2184 2173/2173/2173
f 2198/2198/2198 2197/2197/2197 2707/2707/2707
f 2198/2198/2198 2707/2707/2707 2203/2203/2203
f 2197/2197/2197 2051/2051/2051 2050/2050/2050
f 2197/2197/2197 2050/2050/2050 2707/2707/2707
f 2707/2707/2707 2050/2050/2050 2049/2049/2049
f 2707/2707/2707 2049/2049/2049 2208/2208/2208
f 2203/2203/2203 2707/2707/2707 2208/2208/2208
f 2203/2203/2203 2208/2208/2208 2204/2204/2204
f 2193/2193/2193 2209/2209/2209 2708/2708/2708
f 2193/2193/2193 2708/2708/2708 2189/2189/2189
f 2209/2209/2209 1949/1949/1949 1948/1948/1948
f 2209/2209/2209 1948/1948/1948 2708/2708/2708
f 2708/2708/2708 1948/1948/1948 1212/1212/1212
f 2708/2708/2708 1212/1212/1212 2705/2705/2705
f 2189/2189/2189 2708/2708/2708 2705/2705/2705
f 2189/2189/2189 2705/2705/2705 2181/2181/2181
f 2215/2215/2215 2214/2214/2214 2709/2709/2709
f 2215/2215/2215 2709/2709/2709 2229/2229/2229
f 2214/2214/2214 2019/2019/2019 2018/2018/2018
f 2214/2214/2214 2018/2018/2018 2709/2709/2709
f 2709/2709/2709 2018/2018/2018 2017/2017/2017
f 2709/2709/2709 2017/2017/2017 2235/2235/2235
f 2229/2229/2229 2709/2709/2709 2235/2235/2235
f 2229/2229/2229 2235/2235/2235 2230/2230/2230
f 2237/2237/2237 2236/2236/2236 2710/2710/2710
f 2237/2237/2237 2710/2710/2710 2242/2242/2242
f 2236/2236/2236 2053/2053/2053 2056/2056/2056
f 2236/2236/2236 2056/2056/2056 2710/2710/2710
f 2710/2710/2710 2056/2056/2056 1141/1141/1141
f 2710/2710/2710 1141/1141/1141 2711/2711/2711
f 2242/2242/2242 2710/2710/2710 2711/2711/2711
f 2242/2242/2242 2711/2711/2711 2243/2243/2243
f 1070/1070/1070 1069/1069/1069 2712/2712/2712
f 1070/1070/1070 2712/2712/2712 2713/2713/2713
f 1069/1069/1069 1068/1068/1068 2213/2213/2213
f 1069/1069/1069 2213/2213/2213 2712/2712/2712
f 2712/2712/2712 2213/2213/2213 2217/2217/2217
f 2712/2712/2712 2217/2217/2217 2220/2220/2220
f 2713/2713/2713 2712/2712/2712 2220/2220/2220
f 2713/2713/2713 2220/2220/2220 2225/2225/2225
f 1141/1141/1141 1144/1144/1144 2714/2714/2714
f 1141/1141/1141 2714/2714/2714 2711/2711/2711
f 1144/1144/1144 1146/1146/1146 2715/2715/2715
f 1144/1144/1144 2715/2715/2715 2714/2714/2714
f 2714/2714/2714 2715/2715/2715 2249/2249/2249
f 2714/2714/2714 2249/2249/2249 2248/2248/2248
f 2711/2711/2711 2714/2714/2714 2248/2248/2248
f 2711/2711/2711 2248/2248/2248 2243/2243/2243
f 1150/1150/1150 1149/1149/1149 2716/2716/2716
f 1150/1150/1150 2716/2716/2716 2717/2717/2717
f 1149/1149/1149 1070/1070/1070 2713/2713/2713
f 1149/1149/1149 2713/2713/2713 2716/2716/2716
f 2716/2716/2716 2713/2713/2713 2225/2225/2225
f 2716/2716/2716 2225/2225/2225 2253/2253/2253
f 2717/2717/2717 2716/2716/2716 2253/2253/2253
f 2717/2717/2717 2253/2253/2253 2257/2257/2257
f 1146/1146/1146 1220/1220/1220 2718/2718/2718
f 1146/1146/1146 2718/2718/2718 2715/2715/2715
f 1220/1220/1220 1222/1222/1222 2719/2719/2719
f 1220/1220/1220 2719/2719/2719 2718/2718/2718
f 2718/2718/2718 2719/2719/2719 2261/2261/2261
f 2718/2718/2718 2261/2261/2261 2260/2260/2260
f 2715/2715/2715 2718/2718/2718 2260/2260/2260
f 2715/2715/2715 2260/2260/2260 2249/2249/2249
f 1226/1226/1226 1225/1225/1225 2720/2720/2720
f 1226/1226/1226 2720/2720/2720 2721/2721/2721
f 1225/1225/1225 1150/1150/1150 2717/2717/2717
f 1225/1225/1225 2717/2717/2717 2720/2720/2720
f 2720/2720/2720 2717/2717/2717 2257/2257/2257
f 2720/2720/2720 2257/2257/2257 2265/2265/2265
f 2721/2721/2721 2720/2720/2720 2265/2265/2265
f 2721/2721/2721 2265/2265/2265 2269/2269/2269
f 1222/1222/1222 1939/1939/1939 2722/2722/2722
f 1222/1222/1222 2722/2722/2722 2719/2719/2719
f 1939/1939/1939 1944/1944/1944 2284/2284/2284
f 1939/1939/1939 2284/2284/2284 2722/2722/2722
f 2722/2722/2722 2284/2284/2284 2273/2273/2273
f 2722/2722/2722 2273/2273/2273 2272/2272/2272
f 2719/2719/2719 2722/2722/2722 2272/2272/2272
f 2719/2719/2719 2272/2272/2272 2261/2261/2261
f 2286/2286/2286 2285/2285/2285 2723/2723/2723
f 2286/2286/2286 2723/2723/2723 2291/2291/2291
f 2285/2285/2285 2065/2065/2065 2064/2064/2064
f 2285/2285/2285 2064/2064/2064 2723/2723/2723
f 2723/2723/2723 2064/2064/2064 2063/2063/2063
f 2723/2723/2723 2063/2063/2063 2296/2296/2296
f 2291/2291/2291 2723/2723/2723 2296/2296/2296
f 2291/2291/2291 2296/2296/2296 2292/2292/2292
f 2281/2281/2281 2297/2297/2297 2724/2724/2724
f 2281/2281/2281 2724/2724/2724 2277/2277/2277
f 2297/2297/2297 1936/1936/1936 1935/1935/1935
f 2297/2297/2297 1935/1935/1935 2724/2724/2724
f 2724/2724/2724 1935/1935/1935 1226/1226/1226
f 2724/2724/2724 1226/1226/1226 2721/2721/2721
f 2277/2277/2277 2724/2724/2724 2721/2721/2721
f 2277/2277/2277 2721/2721/2721 2269/2269/2269
f 2303/2303/2303 2302/2302/2302 2725/2725/2725
f 2303/2303/2303 2725/2725/2725 2317/2317/2317
f 2302/2302/2302 2006/2006/2006 2005/2005/2005
f 2302/2302/2302 2005/2005/2005 2725/2725/2725
f 2725/2725/2725 2005/2005/2005 2004/2004/2004
f 2725/2725/2725 2004/2004/2004 2323/2323/2323
f 2317/2317/2317 2725/2725/2725 2323/2323/2323
f 2317/2317/2317 2323/2323/2323 2318/2318/2318
f 2325/2325/2325 2324/2324/2324 2726/2726/2726
f 2325/2325/2325 2726/2726/2726 2330/2330/2330
f 2324/2324/2324 2067/2067/2067 2070/2070/2070
f 2324/2324/2324 2070/2070/2070 2726/2726/2726
f 2726/2726/2726 2070/2070/2070 1153/1153/1153
f 2726/2726/2726 1153/1153/1153 2727/2727/2727
f 2330/2330/2330 2726/2726/2726 2727/2727/2727
f 2330/2330/2330 2727/2727/2727 2331/2331/2331
f 1081/1081/1081 1080/1080/1080 2728/2728/2728
f 1081/1081/1081 2728/2728/2728 2729/2729/2729
f 1080/1080/1080 1079/1079/1079 2301/2301/2301
f 1080/1080/1080 2301/2301/2301 2728/2728/2728
f 2728/2728/2728 2301/2301/2301 2305/2305/2305
f 2728/2728/2728 2305/2305/2305 2308/2308/2308
f 2729/2729/2729 2728/2728/2728 2308/2308/2308
f 2729/2729/2729 2308/2308/2308 2313/2313/2313
f 1153/1153/1153 1156/1156/1156 2730/2730/2730
f 1153/1153/1153 2730/2730/2730 2727/2727/2727
f 1156/1156/1156 1158/1158/1158 2731/2731/2731
f 1156/1156/1156 2731/2731/2731 2730/2730/2730
f 2730/2730/2730 2731/2731/2731 2337/2337/2337
f 2730/2730/2730 2337/2337/2337 2336/2336/2336
f 2727/2727/2727 2730/2730/2730 2336/2336/2336
f 2727/2727/2727 2336/2336/2336 2331/2331/2331
f 1162/1162/1162 1161/1161/1161 2732/2732/2732
f 1162/1162/1162 2732/2732/2732 2733/2733/2733
f 1161/1161/1161 1081/1081/1081 2729/2729/2729
f 1161/1161/1161 2729/2729/2729 2732/2732/2732
f 2732/2732/2732 2729/2729/2729 2313/2313/2313
f 2732/2732/2732 2313/2313/2313 2341/2341/2341
f 2733/2733/2733 2732/2732/2732 2341/2341/2341
f 2733/2733/2733 2341/2341/2341 2345/2345/2345
f 1158/1158/1158 1230/1230/1230 2734/2734/2734
f 1158/1158/1158 2734/2734/2734 2731/2731/2731
f 1230/1230/1230 1232/1232/1232 2735/2735/2735
f 1230/1230/1230 2735/2735/2735 2734/2734/2734
f 2734/2734/2734 2735/2735/2735 2349/2349/2349
f 2734/2734/2734 2349/2349/2349 2348/2348/2348
f 2731/2731/2731 2734/2734/2734 2348/2348/2348
f 2731/2731/2731 2348/2348/2348 2337/2337/2337
f 1236/1236/1236 1235/1235/1235 2736/2736/2736
f 1236/1236/1236 2736/2736/2736 2737/2737/2737
f 1235/1235/1235 1162/1162/1162 2733/2733/2733
f 1235/1235/1235 2733/2733/2733 2736/2736/2736
f 2736/2736/2736 2733/2733/2733 2345/2345/2345
f 2736/2736/2736 2345/2345/2345 2353/2353/2353
f 2737/2737/2737 2736/2736/2736 2353/2353/2353
f 2737/2737/2737 2353/2353/2353 2357/2357/2357
f 1232/1232/1232 1928/1928/1928 2738/2738/2738
f 1232/1232/1232 2738/2738/2738 2735/2735/2735
f 1928/1928/1928 1933/1933/1933 2372/2372/2372
f 1928/1928/1928 2372/2372/2372 2738/2738/2738
f 2738/2738/2738 2372/2372/2372 2361/2361/2361
f 2738/2738/2738 2361/2361/2361 2360/2360/2360
f 2735/2735/2735 2738/2738/2738 2360/2360/2360
f 2735/2735/2735 2360/2360/2360 2349/2349/2349
f 2374/2374/2374 2373/2373/2373 2739/2739/2739
f 2374/2374/2374 2739/2739/2739 2379/2379/2379
f 2373/2373/2373 2079/2079/2079 2078/2078/2078
f 2373/2373/2373 2078/2078/2078 2739/2739/2739
f 2739/2739/2739 2078/2078/2078 2077/2077/2077
f 2739/2739/2739 2077/2077/2077 2384/2384/2384
f 2379/2379/2379 2739/2739/2739 2384/2384/2384
f 2379/2379/2379 2384/2384/2384 2380/2380/2380
f 2369/2369/2369 2385/2385/2385 2740/2740/2740
f 2369/2369/2369 2740/2740/2740 2365/2365/2365
f 2385/2385/2385 1925/1925/1925 1924/1924/1924
f 2385/2385/2385 1924/1924/1924 2740/2740/2740
f 2740/2740/2740 1924/1924/1924 1236/1236/1236
f 2740/2740/2740 1236/1236/1236 2737/2737/2737
f 2365/2365/2365 2740/2740/2740 2737/2737/2737
f 2365/2365/2365 2737/2737/2737 2357/2357/2357
f 2391/2391/2391 2390/2390/2390 2741/2741/2741
f 2391/2391/2391 2741/2741/2741 2405/2405/2405
f 2390/2390/2390 1993/1993/1993 1992/1992/1992
f 2390/2390/2390 1992/1992/1992 2741/2741/2741
f 2741/2741/2741 1992/1992/1992 1991/1991/1991
f 2741/2741/2741 1991/1991/1991 2411/2411/2411
f 2405/2405/2405 2741/2741/2741 2411/2411/2411
f 2405/2405/2405 2411/2411/2411 2406/2406/2406
f 2413/2413/2413 2412/2412/2412 2742/2742/2742
f 2413/2413/2413 2742/2742/2742 2418/2418/2418
f 2412/2412/2412 2081/2081/2081 2084/2084/2084
f 2412/2412/2412 2084/2084/2084 2742/2742/2742
f 2742/2742/2742 2084/2084/2084 1165/1165/1165
f 2742/2742/2742 1165/1165/1165 2743/2743/2743
f 2418/2418/2418 2742/2742/2742 2743/2743/2743
f 2418/2418/2418 2743/2743/2743 2419/2419/2419
f 1092/1092/1092 1091/1091/1091 2744/2744/2744
f 1092/1092/1092 2744/2744/2744 2745/2745/2745
f 1091/1091/1091 1090/1090/1090 2389/2389/2389
f 1091/1091/1091 2389/2389/2389 2744/2744/2744
f 2744/2744/2744 2389/2389/2389 2393/2393/2393
f 2744/2744/2744 2393/2393/2393 2396/2396/2396
f 2745/2745/2745 2744/2744/2744 2396/2396/2396
f 2745/2745/2745 2396/2396/2396 2401/2401/2401
f 1165/1165/1165 1168/1168/1168 2746/2746/2746
f 1165/1165/1165 2746/2746/2746 2743/2743/2743
f 1168/1168/1168 1170/1170/1170 2747/2747/2747
f 1168/1168/1168 2747/2747/2747 2746/2746/2746
f 2746/2746/2746 2747/2747/2747 2425/2425/2425
f 2746/2746/2746 2425/2425/2425 2424/2424/2424
f 2743/2743/2743 2746/2746/2746 2424/2424/2424
f 2743/2743/2743 2424/2424/2424 2419/2419/2419
f 1174/1174/1174 1173/1173/1173 2748/2748/2748
f 1174/1174/1174 2748/2748/2748 2749/2749/2749
f 1173/1173/1173 1092/1092/1092 2745/2745/2745
f 1173/1173/1173 2745/2745/2745 2748/2748/2748
f 2748/2748/2748 2745/2745/2745 2401/2401/2401
f 2748/2748/2748 2401/2401/2401 2429/2429/2429
f 2749/2749/2749 2748/2748/2748 2429/2429/2429
f 2749/2749/2749 2429/2429/2429 2433/2433/2433
f 1170/1170/1170 1240/1240/1240 2750/2750/2750
f 1170/1170/1170 2750/2750/2750 2747/2747/2747
f 1240/1240/1240 1242/1242/1242 2751/2751/2751
f 1240/1240/1240 2751/2751/2751 2750/2750/2750
f 2750/2750/2750 2751/2751/2751 2437/2437/2437
f 2750/2750/2750 2437/2437/2437 2436/2436/2436
f 2747/2747/2747 2750/2750/2750 2436/2436/2436
f 2747/2747/2747 2436/2436/2436 2425/2425/2425
f 1246/1246/1246 1245/1245/1245 2752/2752/2752
f 1246/1246/1246 2752/2752/2752 2753/2753/2753
f 1245/1245/1245 1174/1174/1174 2749/2749/2749
f 1245/1245/1245 2749/2749/2749 2752/2752/2752
f 2752/2752/2752 2749/2749/2749 2433/2433/2433
f 2752/2752/2752 2433/2433/2433 2441/2441/2441
f 2753/2753/2753 2752/2752/2752 2441/2441/2441
f 2753/2753/2753 2441/2441/2441 2445/2445/2445
f 1242/1242/1242 1917/1917/1917 2754/2754/2754
f 1242/1242/1242 2754/2754/2754 2751/2751/2751
f 1917/1917/1917 1922/1922/1922 2460/2460/2460
f 1917/1917/1917 2460/2460/2460 2754/2754/2754
f 2754/2754/2754 2460/2460/2460 2449/2449/2449
f 2754/2754/2754 2449/2449/2449 2448/2448/2448
f 2751/2751/2751 2754/2754/2754 2448/2448/2448
f 2751/2751/2751 2448/2448/2448 2437/2437/2437
f 2462/2462/2462 2461/2461/2461 2755/2755/2755
f 2462/2462/2462 2755/2755/2755 2467/2467/2467
f 2461/2461/2461 2093/2093/2093 2092/2092/2092
f 2461/2461/2461 2092/2092/2092 2755/2755/2755
f 2755/2755/2755 2092/2092/2092 2091/2091/2091
f 2755/2755/2755 2091/2091/2091 2472/2472/2472
f 2467/2467/2467 2755/2755/2755 2472/2472/2472
f 2467/2467/2467 2472/2472/2472 2468/2468/2468
f 2457/2457/2457 2473/2473/2473 2756/2756/2756
f 2457/2457/2457 2756/2756/2756 2453/2453/2453
f 2473/2473/2473 1914/1914/1914 1913/1913/1913
f 2473/2473/2473 1913/1913/1913 2756/2756/2756
f 2756/2756/2756 1913/1913/1913 1246/1246/1246
f 2756/2756/2756 1246/1246/1246 2753/2753/2753
f 2453/2453/2453 2756/2756/2756 2753/2753/2753
f 2453/2453/2453 2753/2753/2753 2445/2445/2445
f 2479/2479/2479 2478/2478/2478 2757/2757/2757
f 2479/2479/2479 2757/2757/2757 2493/2493/2493
f 2478/2478/2478 1978/1978/1978 1977/1977/1977
f 2478/2478/2478 1977/1977/1977 2757/2757/2757
f 2757/2757/2757 1977/1977/1977 1976/1976/1976
f 2757/2757/2757 1976/1976/1976 2499/2499/2499
f 2493/2493/2493 2757/2757/2757 2499/2499/2499
f 2493/2493/2493 2499/2499/2499 2494/2494/2494
f 2501/2501/2501 2500/2500/2500 2758/2758/2758
f 2501/2501/2501 2758/2758/2758 2506/2506/2506
f 2500/2500/2500 2095/2095/2095 2098/2098/2098
f 2500/2500/2500 2098/2098/2098 2758/2758/2758
f 2758/2758/2758 2098/2098/2098 1181/1181/1181
f 2758/2758/2758 1181/1181/1181 2759/2759/2759
f 2506/2506/2506 2758/2758/2758 2759/2759/2759
f 2506/2506/2506 2759/2759/2759 2507/2507/2507
f 1109/1109/1109 1108/1108/1108 2760/2760/2760
f 1109/1109/1109 2760/2760/2760 2761/2761/2761
f 1108/1108/1108 1107/1107/1107 2477/2477/2477
f 1108/1108/1108 2477/2477/2477 2760/2760/2760
f 2760/2760/2760 2477/2477/2477 2481/2481/2481
f 2760/2760/2760 2481/2481/2481 2484/2484/2484
f 2761/2761/2761 2760/2760/2760 2484/2484/2484
f 2761/2761/2761 2484/2484/2484 2489/2489/2489
f 1181/1181/1181 1184/1184/1184 2762/2762/2762
f 1181/1181/1181 2762/2762/2762 2759/2759/2759
f 1184/1184/1184 1186/1186/1186 2763/2763/2763
f 1184/1184/1184 2763/2763/2763 2762/2762/2762
f 2762/2762/2762 2763/2763/2763 2513/2513/2513
f 2762/2762/2762 2513/2513/2513 2512/2512/2512
f 2759/2759/2759 2762/2762/2762 2512/2512/2512
f 2759/2759/2759 2512/2512/2512 2507/2507/2507
f 1190/1190/1190 1189/1189/1189 2764/2764/2764
f 1190/1190/1190 2764/2764/2764 2765/2765/2765
f 1189/1189/1189 1109/1109/1109 2761/2761/2761
f 1189/1189/1189 2761/2761/2761 2764/2764/2764
f 2764/2764/2764 2761/2761/2761 2489/2489/2489
f 2764/2764/2764 2489/2489/2489 2517/2517/2517
f 2765/2765/2765 2764/2764/2764 2517/2517/2517
f 2765/2765/2765 2517/2517/2517 2521/2521/2521
f 1186/1186/1186 1254/1254/1254 2766/2766/2766
f 1186/1186/1186 2766/2766/2766 2763/2763/2763
f 1254/1254/1254 1256/1256/1256 2767/2767/2767
f 1254/1254/1254 2767/2767/2767 2766/2766/2766
f 2766/2766/2766 2767/2767/2767 2525/2525/2525
f 2766/2766/2766 2525/2525/2525 2524/2524/2524
f 2763/2763/2763 2766/2766/2766 2524/2524/2524
f 2763/2763/2763 2524/2524/2524 2513/2513/2513
f 1260/1260/1260 1259/1259/1259 2768/2768/2768
f 1260/1260/1260 2768/2768/2768 2769/2769/2769
f 1259/1259/1259 1190/1190/1190 2765/2765/2765
f 1259/1259/1259 2765/2765/2765 2768/2768/2768
f 2768/2768/2768 2765/2765/2765 2521/2521/2521
f 2768/2768/2768 2521/2521/2521 2529/2529/2529
f 2769/2769/2769 2768/2768/2768 2529/2529/2529
f 2769/2769/2769 2529/2529/2529 2533/2533/2533
f 1256/1256/1256 1904/1904/1904 2770/2770/2770
f 1256/1256/1256 2770/2770/2770 2767/2767/2767
f 1904/1904/1904 1909/1909/1909 2548/2548/2548
f 1904/1904/1904 2548/2548/2548 2770/2770/2770
f 2770/2770/2770 2548/2548/2548 2537/2537/2537
f 2770/2770/2770 2537/2537/2537 2536/2536/2536
f 2767/2767/2767 2770/2770/2770 2536/2536/2536
f 2767/2767/2767 2536/2536/2536 2525/2525/2525
f 2550/2550/2550 2549/2549/2549 2771/2771/2771
f 2550/2550/2550 2771/2771/2771 2555/2555/2555
f 2549/2549/2549 2107/2107/2107 2106/2106/2106
f 2549/2549/2549 2106/2106/2106 2771/2771/2771
f 2771/2771/2771 2106/2106/2106 2105/2105/2105
f 2771/2771/2771 2105/2105/2105 2560/2560/2560
f 2555/2555/2555 2771/2771/2771 2560/2560/2560
f 2555/2555/2555 2560/2560/2560 2556/2556/2556
f 2545/2545/2545 2561/2561/2561 2772/2772/2772
f 2545/2545/2545 2772/2772/2772 2541/2541/2541
f 2561/2561/2561 1901/1901/1901 1900/1900/1900
f 2561/2561/2561 1900/1900/1900 2772/2772/2772
f 2772/2772/2772 1900/1900/1900 1260/1260/1260
f 2772/2772/2772 1260/1260/1260 2769/2769/2769
f 2541/2541/2541 2772/2772/2772 2769/2769/2769
f 2541/2541/2541 2769/2769/2769 2533/2533/2533
f 2567/2567/2567 2566/2566/2566 2773/2773/2773
f 2567/2567/2567 2773/2773/2773 2581/2581/2581
f 2566/2566/2566 1965/1965/1965 1964/1964/1964
f 2566/2566/2566 1964/1964/1964 2773/2773/2773
f 2773/2773/2773 1964/1964/1964 1963/1963/1963
f 2773/2773/2773 1963/1963/1963 2587/2587/2587
f 2581/2581/2581 2773/2773/2773 2587/2587/2587
f 2581/2581/2581 2587/2587/2587 2582/2582/2582
f 2589/2589/2589 2588/2588/2588 2774/2774/2774
f 2589/2589/2589 2774/2774/2774 2594/2594/2594
f 2588/2588/2588 2109/2109/2109 2112/2112/2112
f 2588/2588/2588 2112/2112/2112 2774/2774/2774
f 2774/2774/2774 2112/2112/2112 1193/1193/1193
f 2774/2774/2774 1193/1193/1193 2775/2775/2775
f 2594/2594/2594 2774/2774/2774 2775/2775/2775
f 2594/2594/2594 2775/2775/2775 2595/2595/2595
f 1120/1120/1120 1119/1119/1119 2776/2776/2776
f 1120/1120/1120 2776/2776/2776 2777/2777/2777
f 1119/1119/1119 1118/1118/1118 2565/2565/2565
f 1119/1119/1119 2565/2565/2565 2776/2776/2776
f 2776/2776/2776 2565/2565/2565 2569/2569/2569
f 2776/2776/2776 2569/2569/2569 2572/2572/2572
f 2777/2777/2777 2776/2776/2776 2572/2572/2572
f 2777/2777/2777 2572/2572/2572 2577/2577/2577
f 1193/1193/1193 1196/1196/1196 2778/2778/2778
f 1193/1193/1193 2778/2778/2778 2775/2775/2775
f 1196/1196/1196 1198/1198/1198 2779/2779/2779
f 1196/1196/1196 2779/2779/2779 2778/2778/2778
f 2778/2778/2778 2779/2779/2779 2601/2601/2601
f 2778/2778/2778 2601/2601/2601 2600/2600/2600
f 2775/2775/2775 2778/2778/2778 2600/2600/2600
f 2775/2775/2775 2600/2600/2600 2595/2595/2595
f 1201/1201/1201 1200/1200/1200 2780/2780/2780
f 1201/1201/1201 2780/2780/2780 2781/2781/2781
f 1200/1200/1200 1120/1120/1120 2777/2777/2777
f 1200/1200/1200 2777/2777/2777 2780/2780/2780
f 2780/2780/2780 2777/2777/2777 2577/2577/2577
f 2780/2780/2780 2577/2577/2577 2605/2605/2605
f 2781/2781/2781 2780/2780/2780 2605/2605/2605
f 2781/2781/2781 2605/2605/2605 2609/2609/2609
f 1198/1198/1198 1264/1264/1264 2782/2782/2782
f 1198/1198/1198 2782/2782/2782 2779/2779/2779
f 1264/1264/1264 1266/1266/1266 2783/2783/2783
f 1264/1264/1264 2783/2783/2783 2782/2782/2782
f 2782/2782/2782 2783/2783/2783 2613/2613/2613
f 2782/2782/2782 2613/2613/2613 2612/2612/2612
f 2779/2779/2779 2782/2782/2782 2612/2612/2612
f 2779/2779/2779 2612/2612/2612 2601/2601/2601
f 1269/1269/1269 1268/1268/1268 2784/2784/2784
f 1269/1269/1269 2784/2784/2784 2785/2785/2785
f 1268/1268/1268 1201/1201/1201 2781/2781/2781
f 1268/1268/1268 2781/2781/2781 2784/2784/2784
f 2784/2784/2784 2781/2781/2781 2609/2609/2609
f 2784/2784/2784 2609/2609/2609 2617/2617/2617
f 2785/2785/2785 2784/2784/2784 2617/2617/2617
f 2785/2785/2785 2617/2617/2617 2621/2621/2621
f 1266/1266/1266 1893/1893/1893 2786/2786/2786
f 1266/1266/1266 2786/2786/2786 2783/2783/2783
f 1893/1893/1893 1898/1898/1898 2636/2636/2636
f 1893/1893/1893 2636/2636/2636 2786/2786/2786
f 2786/2786/2786 2636/2636/2636 2625/2625/2625
f 2786/2786/2786 2625/2625/2625 2624/2624/2624
f 2783/2783/2783 2786/2786/2786 2624/2624/2624
f 2783/2783/2783 2624/2624/2624 2613/2613/2613
f 2638/2638/2638 2637/2637/2637 2787/2787/2787
f 2638/2638/2638 2787/2787/2787 2643/2643/2643
f 2637/2637/2637 2121/2121/2121 2120/2120/2120
f 2637/2637/2637 2120/2120/2120 2787/2787/2787
f 2787/2787/2787 2120/2120/2120 2119/2119/2119
f 2787/2787/2787 2119/2119/2119 2648/2648/2648
f 2643/2643/2643 2787/2787/2787 2648/2648/2648
f 2643/2643/2643 2648/2648/2648 2644/2644/2644
f 2633/2633/2633 2649/2649/2649 2788/2788/2788
f 2633/2633/2633 2788/2788/2788 2629/2629/2629
f 2649/2649/2649 1890/1890/1890 1889/1889/1889
f 2649/2649/2649 1889/1889/1889 2788/2788/2788
f 2788/2788/2788 1889/1889/1889 1269/1269/1269
f 2788/2788/2788 1269/1269/1269 2785/2785/2785
f 2629/2629/2629 2788/2788/2788 2785/2785/2785
f 2629/2629/2629 2785/2785/2785 2621/2621/2621
f 1051/1051/1051 1050/1050/1050 2789/2789/2789
f 1051/1051/1051 2789/2789/2789 2123/2123/2123
f 1050/1050/1050 1049/1049/1049 2028/2028/2028
f 1050/1050/1050 2028/2028/2028 2789/2789/2789
f 2789/2789/2789 2028/2028/2028 974/974/974
f 2789/2789/2789 974/974/974 2030/2030/2030
f 2123/2123/2123 2789/2789/2789 2030/2030/2030
f 2123/2123/2123 2030/2030/2030 2034/2034/2034
f 2129/2129/2129 2128/2128/2128 2790/2790/2790
f 2129/2129/2129 2790/2790/2790 2130/2130/2130
f 2127/2127/2127 2138/2138/2138 2790/2790/2790
f 2127/2127/2127 2790/2790/2790 2128/2128/2128
f 2133/2133/2133 2130/2130/2130 2790/2790/2790
f 2133/2133/2133 2790/2790/2790 2138/2138/2138
f 2032/2032/2032 2031/2031/2031 2791/2791/2791
f 2032/2032/2032 2791/2791/2791 2145/2145/2145
f 2031/2031/2031 970/970/970 2036/2036/2036
f 2031/2031/2031 2036/2036/2036 2791/2791/2791
f 2791/2791/2791 2036/2036/2036 2038/2038/2038
f 2791/2791/2791 2038/2038/2038 2040/2040/2040
f 2145/2145/2145 2791/2791/2791 2040/2040/2040
f 2145/2145/2145 2040/2040/2040 2039/2039/2039
f 2144/2144/2144 2143/2143/2143 2792/2792/2792
f 2144/2144/2144 2792/2792/2792 2151/2151/2151
f 2142/2142/2142 2150/2150/2150 2792/2792/2792
f 2142/2142/2142 2792/2792/2792 2143/2143/2143
f 2149/2149/2149 2151/2151/2151 2792/2792/2792
f 2149/2149/2149 2792/2792/2792 2150/2150/2150
f 1956/1956/1956 1955/1955/1955 2793/2793/2793
f 1956/1956/1956 2793/2793/2793 2194/2194/2194
f 1955/1955/1955 1954/1954/1954 2044/2044/2044
f 1955/1955/1955 2044/2044/2044 2793/2793/2793
f 2793/2793/2793 2044/2044/2044 2043/2043/2043
f 2793/2793/2793 2043/2043/2043 2052/2052/2052
f 2194/2194/2194 2793/2793/2793 2052/2052/2052
f 2194/2194/2194 2052/2052/2052 2051/2051/2051
f 2187/2187/2187 2186/2186/2186 2794/2794/2794
f 2187/2187/2187 2794/2794/2794 2200/2200/2200
f 2185/2185/2185 2199/2199/2199 2794/2794/2794
f 2185/2185/2185 2794/2794/2794 2186/2186/2186
f 2198/2198/2198 2200/2200/2200 2794/2794/2794
f 2198/2198/2198 2794/2794/2794 2199/2199/2199
f 2049/2049/2049 2047/2047/2047 2795/2795/2795
f 2049/2049/2049 2795/2795/2795 2206/2206/2206
f 2047/2047/2047 1277/1277/1277 1276/1276/1276
f 2047/2047/2047 1276/1276/1276 2795/2795/2795
f 2795/2795/2795 1276/1276/1276 1275/1275/1275
f 2795/2795/2795 1275/1275/1275 1950/1950/1950
f 2206/2206/2206 2795/2795/2795 1950/1950/1950
f 2206/2206/2206 1950/1950/1950 1949/1949/1949
f 2191/2191/2191 2205/2205/2205 2796/2796/2796
f 2191/2191/2191 2796/2796/2796 2192/2192/2192
f 2204/2204/2204 2210/2210/2210 2796/2796/2796
f 2204/2204/2204 2796/2796/2796 2205/2205/2205
f 2193/2193/2193 2192/2192/2192 2796/2796/2796
f 2193/2193/2193 2796/2796/2796 2210/2210/2210
f 1068/1068/1068 1067/1067/1067 2797/2797/2797
f 1068/1068/1068 2797/2797/2797 2211/2211/2211
f 1067/1067/1067 1066/1066/1066 2013/2013/2013
f 1067/1067/1067 2013/2013/2013 2797/2797/2797
f 2797/2797/2797 2013/2013/2013 990/990/990
f 2797/2797/2797 990/990/990 2015/2015/2015
f 2211/2211/2211 2797/2797/2797 2015/2015/2015
f 2211/2211/2211 2015/2015/2015 2019/2019/2019
f 2217/2217/2217 2216/2216/2216 2798/2798/2798
f 2217/2217/2217 2798/2798/2798 2218/2218/2218
f 2215/2215/2215 2226/2226/2226 2798/2798/2798
f 2215/2215/2215 2798/2798/2798 2216/2216/2216
f 2221/2221/2221 2218/2218/2218 2798/2798/2798
f 2221/2221/2221 2798/2798/2798 2226/2226/2226
f 2017/2017/2017 2016/2016/2016 2799/2799/2799
f 2017/2017/2017 2799/2799/2799 2233/2233/2233
f 2016/2016/2016 986/986/986 2021/2021/2021
f 2016/2016/2016 2021/2021/2021 2799/2799/2799
f 2799/2799/2799 2021/2021/2021 2024/2024/2024
f 2799/2799/2799 2024/2024/2024 2054/2054/2054
f 2233/2233/2233 2799/2799/2799 2054/2054/2054
f 2233/2233/2233 2054/2054/2054 2053/2053/2053
f 2232/2232/2232 2231/2231/2231 2800/2800/2800
f 2232/2232/2232 2800/2800/2800 2239/2239/2239
f 2230/2230/2230 2238/2238/2238 2800/2800/2800
f 2230/2230/2230 2800/2800/2800 2231/2231/2231
f 2237/2237/2237 2239/2239/2239 2800/2800/2800
f 2237/2237/2237 2800/2800/2800 2238/2238/2238
f 1944/1944/1944 1943/1943/1943 2801/2801/2801
f 1944/1944/1944 2801/2801/2801 2282/2282/2282
f 1943/1943/1943 1942/1942/1942 2058/2058/2058
f 1943/1943/1943 2058/2058/2058 2801/2801/2801
f 2801/2801/2801 2058/2058/2058 2057/2057/2057
f 2801/2801/2801 2057/2057/2057 2066/2066/2066
f 2282/2282/2282 2801/2801/2801 2066/2066/2066
f 2282/2282/2282 2066/2066/2066 2065/2065/2065
f 2275/2275/2275 2274/2274/2274 2802/2802/2802
f 2275/2275/2275 2802/2802/2802 2288/2288/2288
f 2273/2273/2273 2287/2287/2287 2802/2802/2802
f 2273/2273/2273 2802/2802/2802 2274/2274/2274
f 2286/2286/2286 2288/2288/2288 2802/2802/2802
f 2286/2286/2286 2802/2802/2802 2287/2287/2287
f 2063/2063/2063 2061/2061/2061 2803/2803/2803
f 2063/2063/2063 2803/2803/2803 2294/2294/2294
f 2061/2061/2061 1294/1294/1294 1293/1293/1293
f 2061/2061/2061 1293/1293/1293 2803/2803/2803
f 2803/2803/2803 1293/1293/1293 1292/1292/1292
f 2803/2803/2803 1292/1292/1292 1937/1937/1937
f 2294/2294/2294 2803/2803/2803 1937/1937/1937
f 2294/2294/2294 1937/1937/1937 1936/1936/1936
f 2279/2279/2279 2293/2293/2293 2804/2804/2804
f 2279/2279/2279 2804/2804/2804 2280/2280/2280
f 2292/2292/2292 2298/2298/2298 2804/2804/2804
f 2292/2292/2292 2804/2804/2804 2293/2293/2293
f 2281/2281/2281 2280/2280/2280 2804/2804/2804
f 2281/2281/2281 2804/2804/2804 2298/2298/2298
f 1079/1079/1079 1078/1078/1078 2805/2805/2805
f 1079/1079/1079 2805/2805/2805 2299/2299/2299
f 1078/1078/1078 1077/1077/1077 2000/2000/2000
f 1078/1078/1078 2000/2000/2000 2805/2805/2805
f 2805/2805/2805 2000/2000/2000 1002/1002/1002
f 2805/2805/2805 1002/1002/1002 2002/2002/2002
f 2299/2299/2299 2805/2805/2805 2002/2002/2002
f 2299/2299/2299 2002/2002/2002 2006/2006/2006
f 2305/2305/2305 2304/2304/2304 2806/2806/2806
f 2305/2305/2305 2806/2806/2806 2306/2306/2306
f 2303/2303/2303 2314/2314/2314 2806/2806/2806
f 2303/2303/2303 2806/2806/2806 2304/2304/2304
f 2309/2309/2309 2306/2306/2306 2806/2806/2806
f 2309/2309/2309 2806/2806/2806 2314/2314/2314
f 2004/2004/2004 2003/2003/2003 2807/2807/2807
f 2004/2004/2004 2807/2807/2807 2321/2321/2321
f 2003/2003/2003 998/998/998 2008/2008/2008
f 2003/2003/2003 2008/2008/2008 2807/2807/2807
f 2807/2807/2807 2008/2008/2008 2011/2011/2011
f 2807/2807/2807 2011/2011/2011 2068/2068/2068
f 2321/2321/2321 2807/2807/2807 2068/2068/2068
f 2321/2321/2321 2068/2068/2068 2067/2067/2067
f 2320/2320/2320 2319/2319/2319 2808/2808/2808
f 2320/2320/2320 2808/2808/2808 2327/2327/2327
f 2318/2318/2318 2326/2326/2326 2808/2808/2808
f 2318/2318/2318 2808/2808/2808 2319/2319/2319
f 2325/2325/2325 2327/2327/2327 2808/2808/2808
f 2325/2325/2325 2808/2808/2808 2326/2326/2326
f 1933/1933/1933 1932/1932/1932 2809/2809/2809
f 1933/1933/1933 2809/2809/2809 2370/2370/2370
f 1932/1932/1932 1931/1931/1931 2072/2072/2072
f 1932/1932/1932 2072/2072/2072 2809/2809/2809
f 2809/2809/2809 2072/2072/2072 2071/2071/2071
f 2809/2809/2809 2071/2071/2071 2080/2080/2080
f 2370/2370/2370 2809/2809/2809 2080/2080/2080
f 2370/2370/2370 2080/2080/2080 2079/2079/2079
f 2363/2363/2363 2362/2362/2362 2810/2810/2810
f 2363/2363/2363 2810/2810/2810 2376/2376/2376
f 2361/2361/2361 2375/2375/2375 2810/2810/2810
f 2361/2361/2361 2810/2810/2810 2362/2362/2362
f 2374/2374/2374 2376/2376/2376 2810/2810/2810
f 2374/2374/2374 2810/2810/2810 2375/2375/2375
f 2077/2077/2077 2075/2075/2075 2811/2811/2811
f 2077/2077/2077 2811/2811/2811 2382/2382/2382
f 2075/2075/2075 1305/1305/1305 1304/1304/1304
f 2075/2075/2075 1304/1304/1304 2811/2811/2811
f 2811/2811/2811 1304/1304/1304 1303/1303/1303
f 2811/2811/2811 1303/1303/1303 1926/1926/1926
f 2382/2382/2382 2811/2811/2811 1926/1926/1926
f 2382/2382/2382 1926/1926/1926 1925/1925/1925
f 2367/2367/2367 2381/2381/2381 2812/2812/2812
f 2367/2367/2367 2812/2812/2812 2368/2368/2368
f 2380/2380/2380 2386/2386/2386 2812/2812/2812
f 2380/2380/2380 2812/2812/2812 2381/2381/2381
f 2369/2369/2369 2368/2368/2368 2812/2812/2812
f 2369/2369/2369 2812/2812/2812 2386/2386/2386
f 1090/1090/1090 1089/1089/1089 2813/2813/2813
f 1090/1090/1090 2813/2813/2813 2387/2387/2387
f 1089/1089/1089 1088/1088/1088 1987/1987/1987
f 1089/1089/1089 1987/1987/1987 2813/2813/2813
f 2813/2813/2813 1987/1987/1987 1014/1014/1014
f 2813/2813/2813 1014/1014/1014 1989/1989/1989
f 2387/2387/2387 2813/2813/2813 1989/1989/1989
f 2387/2387/2387 1989/1989/1989 1993/1993/1993
f 2393/2393/2393 2392/2392/2392 2814/2814/2814
f 2393/2393/2393 2814/2814/2814 2394/2394/2394
f 2391/2391/2391 2402/2402/2402 2814/2814/2814
f 2391/2391/2391 2814/2814/2814 2392/2392/2392
f 2397/2397/2397 2394/2394/2394 2814/2814/2814
f 2397/2397/2397 2814/2814/2814 2402/2402/2402
f 1991/1991/1991 1990/1990/1990 2815/2815/2815
f 1991/1991/1991 2815/2815/2815 2409/2409/2409
f 1990/1990/1990 1010/1010/1010 1995/1995/1995
f 1990/1990/1990 1995/1995/1995 2815/2815/2815
f 2815/2815/2815 1995/1995/1995 1998/1998/1998
f 2815/2815/2815 1998/1998/1998 2082/2082/2082
f 2409/2409/2409 2815/2815/2815 2082/2082/2082
f 2409/2409/2409 2082/2082/2082 2081/2081/2081
f 2408/2408/2408 2407/2407/2407 2816/2816/2816
f 2408/2408/2408 2816/2816/2816 2415/2415/2415
f 2406/2406/2406 2414/2414/2414 2816/2816/2816
f 2406/2406/2406 2816/2816/2816 2407/2407/2407
f 2413/2413/2413 2415/2415/2415 2816/2816/2816
f 2413/2413/2413 2816/2816/2816 2414/2414/2414
f 1922/1922/1922 1921/1921/1921 2817/2817/2817
f 1922/1922/1922 2817/2817/2817 2458/2458/2458
f 1921/1921/1921 1920/1920/1920 2086/2086/2086
f 1921/1921/1921 2086/2086/2086 2817/2817/2817
f 2817/2817/2817 2086/2086/2086 2085/2085/2085
f 2817/2817/2817 2085/2085/2085 2094/2094/2094
f 2458/2458/2458 2817/2817/2817 2094/2094/2094
f 2458/2458/2458 2094/2094/2094 2093/2093/2093
f 2451/2451/2451 2450/2450/2450 2818/2818/2818
f 2451/2451/2451 2818/2818/2818 2464/2464/2464
f 2449/2449/2449 2463/2463/2463 2818/2818/2818
f 2449/2449/2449 2818/2818/2818 2450/2450/2450
f 2462/2462/2462 2464/2464/2464 2818/2818/2818
f 2462/2462/2462 2818/2818/2818 2463/2463/2463
f 2091/2091/2091 2089/2089/2089 2819/2819/2819
f 2091/2091/2091 2819/2819/2819 2470/2470/2470
f 2089/2089/2089 1316/1316/1316 1315/1315/1315
f 2089/2089/2089 1315/1315/1315 2819/2819/2819
f 2819/2819/2819 1315/1315/1315 1314/1314/1314
f 2819/2819/2819 1314/1314/1314 1915/1915/1915
f 2470/2470/2470 2819/2819/2819 1915/1915/1915
f 2470/2470/2470 1915/1915/1915 1914/1914/1914
f 2455/2455/2455 2469/2469/2469 2820/2820/2820
f 2455/2455/2455 2820/2820/2820 2456/2456/2456
f 2468/2468/2468 2474/2474/2474 2820/2820/2820
f 2468/2468/2468 2820/2820/2820 2469/2469/2469
f 2457/2457/2457 2456/2456/2456 2820/2820/2820
f 2457/2457/2457 2820/2820/2820 2474/2474/2474
f 1107/1107/1107 1106/1106/1106 2821/2821/2821
f 1107/1107/1107 2821/2821/2821 2475/2475/2475
f 1106/1106/1106 1105/1105/1105 1972/1972/1972
f 1106/1106/1106 1972/1972/1972 2821/2821/2821
f 2821/2821/2821 1972/1972/1972 1030/1030/1030
f 2821/2821/2821 1030/1030/1030 1974/1974/1974
f 2475/2475/2475 2821/2821/2821 1974/1974/1974
f 2475/2475/2475 1974/1974/1974 1978/1978/1978
f 2481/2481/2481 2480/2480/2480 2822/2822/2822
f 2481/2481/2481 2822/2822/2822 2482/2482/2482
f 2479/2479/2479 2490/2490/2490 2822/2822/2822
f 2479/2479/2479 2822/2822/2822 2480/2480/2480
f 2485/2485/2485 2482/2482/2482 2822/2822/2822
f 2485/2485/2485 2822/2822/2822 2490/2490/2490
f 1976/1976/1976 1975/1975/1975 2823/2823/2823
f 1976/1976/1976 2823/2823/2823 2497/2497/2497
f 1975/1975/1975 1026/1026/1026 1980/1980/1980
f 1975/1975/1975 1980/1980/1980 2823/2823/2823
f 2823/2823/2823 1980/1980/1980 1983/1983/1983
f 2823/2823/2823 1983/1983/1983 2096/2096/2096
f 2497/2497/2497 2823/2823/2823 2096/2096/2096
f 2497/2497/2497 2096/2096/2096 2095/2095/2095
f 2496/2496/2496 2495/2495/2495 2824/2824/2824
f 2496/2496/2496 2824/2824/2824 2503/2503/2503
f 2494/2494/2494 2502/2502/2502 2824/2824/2824
f 2494/2494/2494 2824/2824/2824 2495/2495/2495
f 2501/2501/2501 2503/2503/2503 2824/2824/2824
f 2501/2501/2501 2824/2824/2824 2502/2502/2502
f 1909/1909/1909 1908/1908/1908 2825/2825/2825
f 1909/1909/1909 2825/2825/2825 2546/2546/2546
f 1908/1908/1908 1907/1907/1907 2100/2100/2100
f 1908/1908/1908 2100/2100/2100 2825/2825/2825
f 2825/2825/2825 2100/2100/2100 2099/2099/2099
f 2825/2825/2825 2099/2099/2099 2108/2108/2108
f 2546/2546/2546 2825/2825/2825 2108/2108/2108
f 2546/2546/2546 2108/2108/2108 2107/2107/2107
f 2539/2539/2539 2538/2538/2538 2826/2826/2826
f 2539/2539/2539 2826/2826/2826 2552/2552/2552
f 2537/2537/2537 2551/2551/2551 2826/2826/2826
f 2537/2537/2537 2826/2826/2826 2538/2538/2538
f 2550/2550/2550 2552/2552/2552 2826/2826/2826
f 2550/2550/2550 2826/2826/2826 2551/2551/2551
f 2105/2105/2105 2103/2103/2103 2827/2827/2827
f 2105/2105/2105 2827/2827/2827 2558/2558/2558
f 2103/2103/2103 1333/1333/1333 1332/1332/1332
f 2103/2103/2103 1332/1332/1332 2827/2827/2827
f 2827/2827/2827 1332/1332/1332 1331/1331/1331
f 2827/2827/2827 1331/1331/1331 1902/1902/1902
f 2558/2558/2558 2827/2827/2827 1902/1902/1902
f 2558/2558/2558 1902/1902/1902 1901/1901/1901
f 2543/2543/2543 2557/2557/2557 2828/2828/2828
f 2543/2543/2543 2828/2828/2828 2544/2544/2544
f 2556/2556/2556 2562/2562/2562 2828/2828/2828
f 2556/2556/2556 2828/2828/2828 2557/2557/2557
f 2545/2545/2545 2544/2544/2544 2828/2828/2828
f 2545/2545/2545 2828/2828/2828 2562/2562/2562
f 1118/1118/1118 1117/1117/1117 2829/2829/2829
f 1118/1118/1118 2829/2829/2829 2563/2563/2563
f 1117/1117/1117 1116/1116/1116 1959/1959/1959
f 1117/1117/1117 1959/1959/1959 2829/2829/2829
f 2829/2829/2829 1959/1959/1959 1042/1042/1042
f 2829/2829/2829 1042/1042/1042 1961/1961/1961
f 2563/2563/2563 2829/2829/2829 1961/1961/1961
f 2563/2563/2563 1961/1961/1961 1965/1965/1965
f 2569/2569/2569 2568/2568/2568 2830/2830/2830
f 2569/2569/2569 2830/2830/2830 2570/2570/2570
f 2567/2567/2567 2578/2578/2578 2830/2830/2830
f 2567/2567/2567 2830/2830/2830 2568/2568/2568
f 2573/2573/2573 2570/2570/2570 2830/2830/2830
f 2573/2573/2573 2830/2830/2830 2578/2578/2578
f 1963/1963/1963 1962/1962/1962 2831/2831/2831
f 1963/1963/1963 2831/2831/2831 2585/2585/2585
f 1962/1962/1962 1038/1038/1038 1967/1967/1967
f 1962/1962/1962 1967/1967/1967 2831/2831/2831
f 2831/2831/2831 1967/1967/1967 1970/1970/1970
f 2831/2831/2831 1970/1970/1970 2110/2110/2110
f 2585/2585/2585 2831/2831/2831 2110/2110/2110
f 2585/2585/2585 2110/2110/2110 2109/2109/2109
f 2584/2584/2584 2583/2583/2583 2832/2832/2832
f 2584/2584/2584 2832/2832/2832 2591/2591/2591
f 2582/2582/2582 2590/2590/2590 2832/2832/2832
f 2582/2582/2582 2832/2832/2832 2583/2583/2583
f 2589/2589/2589 2591/2591/2591 2832/2832/2832
f 2589/2589/2589 2832/2832/2832 2590/2590/2590
f 1898/1898/1898 1897/1897/1897 2833/2833/2833
f 1898/1898/1898 2833/2833/2833 2634/2634/2634
f 1897/1897/1897 1896/1896/1896 2114/2114/2114
f 1897/1897/1897 2114/2114/2114 2833/2833/2833
f 2833/2833/2833 2114/2114/2114 2113/2113/2113
f 2833/2833/2833 2113/2113/2113 2122/2122/2122
f 2634/2634/2634 2833/2833/2833 2122/2122/2122
f 2634/2634/2634 2122/2122/2122 2121/2121/2121
f 2627/2627/2627 2626/2626/2626 2834/2834/2834
f 2627/2627/2627 2834/2834/2834 2640/2640/2640
f 2625/2625/2625 2639/2639/2639 2834/2834/2834
f 2625/2625/2625 2834/2834/2834 2626/2626/2626
f 2638/2638/2638 2640/2640/2640 2834/2834/2834
f 2638/2638/2638 2834/2834/2834 2639/2639/2639
f 2119/2119/2119 2117/2117/2117 2835/2835/2835
f 2119/2119/2119 2835/2835/2835 2646/2646/2646
f 2117/2117/2117 1344/1344/1344 1343/1343/1343
f 2117/2117/2117 1343/1343/1343 2835/2835/2835
f 2835/2835/2835 1343/1343/1343 1342/1342/1342
f 2835/2835/2835 1342/1342/1342 1891/1891/1891
f 2646/2646/2646 2835/2835/2835 1891/1891/1891
f 2646/2646/2646 1891/1891/1891 1890/1890/1890
f 2631/2631/2631 2645/2645/2645 2836/2836/2836
f 2631/2631/2631 2836/2836/2836 2632/2632/2632
f 2644/2644/2644 2650/2650/2650 2836/2836/2836
f 2644/2644/2644 2836/2836/2836 2645/2645/2645
f 2633/2633/2633 2632/2632/2632 2836/2836/2836
f 2633/2633/2633 2836/2836/2836 2650/2650/2650
f 2837/2837/2837 2838/2838/2838 2839/2839/2839
f 2837/2837/2837 2839/2839/2839 2840/2840/2840
f 2838/2838/2838 2841/2841/2841 2842/2842/2842
f 2838/2838/2838 2842/2842/2842 2839/2839/2839
f 2839/2839/2839 2842/2842/2842 2843/2843/2843
f 2839/2839/2839 2843/2843/2843 2844/2844/2844
f 2840/2840/2840 2839/2839/2839 2844/2844/2844
f 2840/2840/2840 2844/2844/2844 2845/2845/2845
f 2841/2841/2841 2846/2846/2846 2847/2847/2847
f 2841/2841/2841 2847/2847/2847 2842/2842/2842
f 2846/2846/2846 2848/2848/2848 2849/2849/2849
f 2846/2846/2846 2849/2849/2849 2847/2847/2847
f 2847/2847/2847 2849/2849/2849 2850/2850/2850
f 2847/2847/2847 2850/2850/2850 2851/2851/2851
f 2842/2842/2842 2847/2847/2847 2851/2851/2851
f 2842/2842/2842 2851/2851/2851 2843/2843/2843
f 2848/2848/2848 2852/2852/2852 2853/2853/2853
f 2848/2848/2848 2853/2853/2853 2849/2849/2849
f 2852/2852/2852 2854/2854/2854 2855/2855/2855
f 2852/2852/2852 2855/2855/2855 2853/2853/2853
f 2853/2853/2853 2855/2855/2855 2856/2856/2856
f 2853/2853/2853 2856/2856/2856 2857/2857/2857
f 2849/2849/2849 2853/2853/2853 2857/2857/2857
f 2849/2849/2849 2857/2857/2857 2850/2850/2850
f 2854/2854/2854 2858/2858/2858 2859/2859/2859
f 2854/2854/2854 2859/2859/2859 2855/2855/2855
f 2858/2858/2858 2860/2860/2860 2861/2861/2861
f 2858/2858/2858 2861/2861/2861 2859/2859/2859
f 2859/2859/2859 2861/2861/2861 2862/2862/2862
f 2859/2859/2859 2862/2862/2862 2863/2863/2863
f 2855/2855/2855 2859/2859/2859 2863/2863/2863
f 2855/2855/2855 2863/2863/2863 2856/2856/2856
f 2860/2860/2860 2864/2864/2864 2865/2865/2865
f 2860/2860/2860 2865/2865/2865 2861/2861/2861
f 2864/2864/2864 2866/2866/2866 2867/2867/2867
f 2864/2864/2864 2867/2867/2867 2865/2865/2865
f 2865/2865/2865 2867/2867/2867 2868/2868/2868
f 2865/2865/2865 2868/2868/2868 2869/2869/2869
f 2861/2861/2861 2865/2865/2865 2869/2869/2869
f 2861/2861/2861 2869/2869/2869 2862/2862/2862
f 2866/2866/2866 2870/2870/2870 2871/2871/2871
f 2866/2866/2866 2871/2871/2871 2867/2867/2867
f 2870/2870/2870 2872/2872/2872 2873/2873/2873
f 2870/2870/2870 2873/2873/2873 2871/2871/2871
f 2871/2871/2871 2873/2873/2873 2874/2874/2874
f 2871/2871/2871 2874/2874/2874 2875/2875/2875
f 2867/2867/2867 2871/2871/2871 2875/2875/2875
f 2867/2867/2867 2875/2875/2875 2868/2868/2868
f 2872/2872/2872 2876/2876/2876 2877/2877/2877
f 2872/2872/2872 2877/2877/2877 2873/2873/2873
f 2876/2876/2876 2878/2878/2878 2879/2879/2879
f 2876/2876/2876 2879/2879/2879 2877/2877/2877
f 2877/2877/2877 2879/2879/2879 2880/2880/2880
f 2877/2877/2877 2880/2880/2880 2881/2881/2881
f 2873/2873/2873 2877/2877/2877 2881/2881/2881
f 2873/2873/2873 2881/2881/2881 2874/2874/2874
f 2878/2878/2878 2882/2882/2882 2883/2883/2883
f 2878/2878/2878 2883/2883/2883 2879/2879/2879
f 2882/2882/2882 2884/2884/2884 2885/2885/2885
f 2882/2882/2882 2885/2885/2885 2883/2883/2883
f 2883/2883/2883 2885/2885/2885 2886/2886/2886
f 2883/2883/2883 2886/2886/2886 2887/2887/2887
f 2879/2879/2879 2883/2883/2883 2887/2887/2887
f 2879/2879/2879 2887/2887/2887 2880/2880/2880
f 2884/2884/2884 2888/2888/2888 2889/2889/2889
f 2884/2884/2884 2889/2889/2889 2885/2885/2885
f 2888/2888/2888 2890/2890/2890 2891/2891/2891
f 2888/2888/2888 2891/2891/2891 2889/2889/2889
f 2889/2889/2889 2891/2891/2891 2892/2892/2892
f 2889/2889/2889 2892/2892/2892 2893/2893/2893
f 2885/2885/2885 2889/2889/2889 2893/2893/2893
f 2885/2885/2885 2893/2893/2893 2886/2886/2886
f 2890/2890/2890 2894/2894/2894 2895/2895/2895
f 2890/2890/2890 2895/2895/2895 2891/2891/2891
f 2894/2894/2894 2896/2896/2896 2897/2897/2897
f 2894/2894/2894 2897/2897/2897 2895/2895/2895
f 2895/2895/2895 2897/2897/2897 2898/2898/2898
f 2895/2895/2895 2898/2898/2898 2899/2899/2899
f 2891/2891/2891 2895/2895/2895 2899/2899/2899
f 2891/2891/2891 2899/2899/2899 2892/2892/2892
f 2896/2896/2896 2900/2900/2900 2901/2901/2901
f 2896/2896/2896 2901/2901/2901 2897/2897/2897
f 2900/2900/2900 2902/2902/2902 2903/2903/2903
f 2900/2900/2900 2903/2903/2903 2901/2901/2901
f 2901/2901/2901 2903/2903/2903 2904/2904/2904
f 2901/2901/2901 2904/2904/2904 2905/2905/2905
f 2897/2897/2897 2901/2901/2901 2905/2905/2905
f 2897/2897/2897 2905/2905/2905 2898/2898/2898
f 2902/2902/2902 2906/2906/2906 2907/2907/2907
f 2902/2902/2902 2907/2907/2907 2903/2903/2903
f 2906/2906/2906 2908/2908/2908 2909/2909/2909
f 2906/2906/2906 2909/2909/2909 2907/2907/2907
f 2907/2907/2907 2909/2909/2909 2910/2910/2910
f 2907/2907/2907 2910/2910/2910 2911/2911/2911
f 2903/2903/2903 2907/2907/2907 2911/2911/2911
f 2903/2903/2903 2911/2911/2911 2904/2904/2904
f 2908/2908/2908 2912/2912/2912 2913/2913/2913
f 2908/2908/2908 2913/2913/2913 2909/2909/2909
f 2912/2912/2912 2914/2914/2914 2915/2915/2915
f 2912/2912/2912 2915/2915/2915 2913/2913/2913
f 2913/2913/2913 2915/2915/2915 2916/2916/2916
f 2913/2913/2913 2916/2916/2916 2917/2917/2917
f 2909/2909/2909 2913/2913/2913 2917/2917/2917
f 2909/2909/2909 2917/2917/2917 2910/2910/2910
f 2914/2914/2914 2918/2918/2918 2919/2919/2919
f 2914/2914/2914 2919/2919/2919 2915/2915/2915
f 2918/2918/2918 2920/2920/2920 2921/2921/2921
f 2918/2918/2918 2921/2921/2921 2919/2919/2919
f 2919/2919/2919 2921/2921/2921 2922/2922/2922
f 2919/2919/2919 2922/2922/2922 2923/2923/2923
f 2915/2915/2915 2919/2919/2919 2923/2923/2923
f 2915/2915/2915 2923/2923/2923 2916/2916/2916
f 2920/2920/2920 2924/2924/2924 2925/2925/2925
f 2920/2920/2920 2925/2925/2925 2921/2921/2921
f 2924/2924/2924 2926/2926/2926 2927/2927/2927
f 2924/2924/2924 2927/2927/2927 2925/2925/2925
f 2925/2925/2925 2927/2927/2927 2928/2928/2928
f 2925/2925/2925 2928/2928/2928 2929/2929/2929
f 2921/2921/2921 2925/2925/2925 2929/2929/2929
f 2921/2921/2921 2929/2929/2929 2922/2922/2922
f 2926/2926/2926 2930/2930/2930 2931/2931/2931
f 2926/2926/2926 2931/2931/2931 2927/2927/2927
f 2930/2930/2930 2932/2932/2932 2933/2933/2933
f 2930/2930/2930 2933/2933/2933 2931/2931/2931
f 2931/2931/2931 2933/2933/2933 2934/2934/2934
f 2931/2931/2931 2934/2934/2934 2935/2935/2935
f 2927/2927/2927 2931/2931/2931 2935/2935/2935
f 2927/2927/2927 2935/2935/2935 2928/2928/2928
f 2932/2932/2932 2936/2936/2936 2937/2937/2937
f 2932/2932/2932 2937/2937/2937 2933/2933/2933
f 2936/2936/2936 2938/2938/2938 2939/2939/2939
f 2936/2936/2936 2939/2939/2939 2937/2937/2937
f 2937/2937/2937 2939/2939/2939 2940/2940/2940
f 2937/2937/2937 2940/2940/2940 2941/2941/2941
f 2933/2933/2933 2937/2937/2937 2941/2941/2941
f 2933/2933/2933 2941/2941/2941 2934/2934/2934
f 2938/2938/2938 2942/2942/2942 2943/2943/2943
f 2938/2938/2938 2943/2943/2943 2939/2939/2939
f 2942/2942/2942 2944/2944/2944 2945/2945/2945
f 2942/2942/2942 2945/2945/2945 2943/2943/2943
f 2943/2943/2943 2945/2945/2945 2946/2946/2946
f 2943/2943/2943 2946/2946/2946 2947/2947/2947
f 2939/2939/2939 2943/2943/2943 2947/2947/2947
f 2939/2939/2939 2947/2947/2947 2940/2940/2940
f 2944/2944/2944 2948/2948/2948 2949/2949/2949
f 2944/2944/2944 2949/2949/2949 2945/2945/2945
f 2948/2948/2948 2950/2950/2950 2951/2951/2951
f 2948/2948/2948 2951/2951/2951 2949/2949/2949
f 2949/2949/2949 2951/2951/2951 2952/2952/2952
f 2949/2949/2949 2952/2952/2952 2953/2953/2953
f 2945/2945/2945 2949/2949/2949 2953/2953/2953
f 2945/2945/2945 2953/2953/2953 2946/2946/2946
f 2950/2950/2950 2954/2954/2954 2955/2955/2955
f 2950/2950/2950 2955/2955/2955 2951/2951/2951
f 2954/2954/2954 2956/2956/2956 2957/2957/2957
f 2954/2954/2954 2957/2957/2957 2955/2955/2955
f 2955/2955/2955 2957/2957/2957 2958/2958/2958
f 2955/2955/2955 2958/2958/2958 2959/2959/2959
f 2951/2951/2951 2955/2955/2955 2959/2959/2959
f 2951/2951/2951 2959/2959/2959 2952/2952/2952
f 116/116/116 123/123/123 2960/2960/2960
f 116/116/116 2960/2960/2960 2961/2961/2961
f 123/123/123 122/122/122 2962/2962/2962
f 123/123/123 2962/2962/2962 2960/2960/2960
f 2960/2960/2960 2962/2962/2962 2963/2963/2963
f 2960/2960/2960 2963/2963/2963 2964/2964/2964
f 2961/2961/2961 2960/2960/2960 2964/2964/2964
f 2961/2961/2961 2964/2964/2964 2965/2965/2965
f 110/110/110 117/117/117 2966/2966/2966
f 110/110/110 2966/2966/2966 2967/2967/2967
f 117/117/117 116/116/116 2961/2961/2961
f 117/117/117 2961/2961/2961 2966/2966/2966
f 2966/2966/2966 2961/2961/2961 2965/2965/2965
f 2966/2966/2966 2965/2965/2965 2968/2968/2968
f 2967/2967/2967 2966/2966/2966 2968/2968/2968
f 2967/2967/2967 2968/2968/2968 2969/2969/2969
f 104/104/104 111/111/111 2970/2970/2970
f 104/104/104 2970/2970/2970 2971/2971/2971
f 111/111/111 110/110/110 2967/2967/2967
f 111/111/111 2967/2967/2967 2970/2970/2970
f 2970/2970/2970 2967/2967/2967 2969/2969/2969
f 2970/2970/2970 2969/2969/2969 2972/2972/2972
f 2971/2971/2971 2970/2970/2970 2972/2972/2972
f 2971/2971/2971 2972/2972/2972 2973/2973/2973
f 98/98/98 105/105/105 2974/2974/2974
f 98/98/98 2974/2974/2974 2975/2975/2975
f 105/105/105 104/104/104 2971/2971/2971
f 105/105/105 2971/2971/2971 2974/2974/2974
f 2974/2974/2974 2971/2971/2971 2973/2973/2973
f 2974/2974/2974 2973/2973/2973 2976/2976/2976
f 2975/2975/2975 2974/2974/2974 2976/2976/2976
f 2975/2975/2975 2976/2976/2976 2977/2977/2977
f 92/92/92 99/99/99 2978/2978/2978
f 92/92/92 2978/2978/2978 2979/2979/2979
f 99/99/99 98/98/98 2975/2975/2975
f 99/99/99 2975/2975/2975 2978/2978/2978
f 2978/2978/2978 2975/2975/2975 2977/2977/2977
f 2978/2978/2978 2977/2977/2977 2980/2980/2980
f 2979/2979/2979 2978/2978/2978 2980/2980/2980
f 2979/2979/2979 2980/2980/2980 2981/2981/2981
f 86/86/86 93/93/93 2982/2982/2982
f 86/86/86 2982/2982/2982 2983/2983/2983
f 93/93/93 92/92/92 2979/2979/2979
f 93/93/93 2979/2979/2979 2982/2982/2982
f 2982/2982/2982 2979/2979/2979 2981/2981/2981
f 2982/2982/2982 2981/2981/2981 2984/2984/2984
f 2983/2983/2983 2982/2982/2982 2984/2984/2984
f 2983/2983/2983 2984/2984/2984 2985/2985/2985
f 80/80/80 87/87/87 2986/2986/2986
f 80/80/80 2986/2986/2986 2987/2987/2987
f 87/87/87 86/86/86 2983/2983/2983
f 87/87/87 2983/2983/2983 2986/2986/2986
f 2986/2986/2986 2983/2983/2983 2985/2985/2985
f 2986/2986/2986 2985/2985/2985 2988/2988/2988
f 2987/2987/2987 2986/2986/2986 2988/2988/2988
f 2987/2987/2987 2988/2988/2988 2989/2989/2989
f 74/74/74 81/81/81 2990/2990/2990
f 74/74/74 2990/2990/2990 2991/2991/2991
f 81/81/81 80/80/80 2987/2987/2987
f 81/81/81 2987/2987/2987 2990/2990/2990
f 2990/2990/2990 2987/2987/2987 2989/2989/2989
f 2990/2990/2990 2989/2989/2989 2992/2992/2992
f 2991/2991/2991 2990/2990/2990 2992/2992/2992
f 2991/2991/2991 2992/2992/2992 2993/2993/2993
f 68/68/68 75/75/75 2994/2994/2994
f 68/68/68 2994/2994/2994 2995/2995/2995
f 75/75/75 74/74/74 2991/2991/2991
f 75/75/75 2991/2991/2991 2994/2994/2994
f 2994/2994/2994 2991/2991/2991 2993/2993/2993
f 2994/2994/2994 2993/2993/2993 2996/2996/2996
f 2995/2995/2995 2994/2994/2994 2996/2996/2996
f 2995/2995/2995 2996/2996/2996 2997/2997/2997
f 62/62/62 69/69/69 2998/2998/2998
f 62/62/62 2998/2998/2998 2999/2999/2999
f 69/69/69 68/68/68 2995/2995/2995
f 69/69/69 2995/2995/2995 2998/2998/2998
f 2998/2998/2998 2995/2995/2995 2997/2997/2997
f 2998/2998/2998 2997/2997/2997 3000/3000/3000
f 2999/2999/2999 2998/2998/2998 3000/3000/3000
f 2999/2999/2999 3000/3000/3000 3001/3001/3001
f 56/56/56 63/63/63 3002/3002/3002
f 56/56/56 3002/3002/3002 3003/3003/3003
f 63/63/63 62/62/62 2999/2999/2999
f 63/63/63 2999/2999/2999 3002/3002/3002
f 3002/3002/3002 2999/2999/2999 3001/3001/3001
f 3002/3002/3002 3001/3001/3001 3004/3004/3004
f 3003/3003/3003 3002/3002/3002 3004/3004/3004
f 3003/3003/3003 3004/3004/3004 3005/3005/3005
f 50/50/50 57/57/57 3006/3006/3006
f 50/50/50 3006/3006/3006 3007/3007/3007
f 57/57/57 56/56/56 3003/3003/3003
f 57/57/57 3003/3003/3003 3006/3006/3006
f 3006/3006/3006 3003/3003/3003 3005/3005/3005
f 3006/3006/3006 3005/3005/3005 3008/3008/3008
f 3007/3007/3007 3006/3006/3006 3008/3008/3008
f 3007/3007/3007 3008/3008/3008 3009/3009/3009
f 44/44/44 51/51/51 3010/3010/3010
f 44/44/44 3010/3010/3010 3011/3011/3011
f 51/51/51 50/50/50 3007/3007/3007
f 51/51/51 3007/3007/3007 3010/3010/3010
f 3010/3010/3010 3007/3007/3007 3009/3009/3009
f 3010/3010/3010 3009/3009/3009 3012/3012/3012
f 3011/3011/3011 3010/3010/3010 3012/3012/3012
f 3011/3011/3011 3012/3012/3012 3013/3013/3013
f 38/38/38 45/45/45 3014/3014/3014
f 38/38/38 3014/3014/3014 3015/3015/3015
f 45/45/45 44/44/44 3011/3011/3011
f 45/45/45 3011/3011/3011 3014/3014/3014
f 3014/3014/3014 3011/3011/3011 3013/3013/3013
f 3014/3014/3014 3013/3013/3013 3016/3016/3016
f 3015/3015/3015 3014/3014/3014 3016/3016/3016
f 3015/3015/3015 3016/3016/3016 3017/3017/3017
f 32/32/32 39/39/39 3018/3018/3018
f 32/32/32 3018/3018/3018 3019/3019/3019
f 39/39/39 38/38/38 3015/3015/3015
f 39/39/39 3015/3015/3015 3018/3018/3018
f 3018/3018/3018 3015/3015/3015 3017/3017/3017
f 3018/3018/3018 3017/3017/3017 3020/3020/3020
f 3019/3019/3019 3018/3018/3018 3020/3020/3020
f 3019/3019/3019 3020/3020/3020 3021/3021/3021
f 26/26/26 33/33/33 3022/3022/3022
f 26/26/26 3022/3022/3022 3023/3023/3023
f 33/33/33 32/32/32 3019/3019/3019
f 33/33/33 3019/3019/3019 3022/3022/3022
f 3022/3022/3022 3019/3019/3019 3021/3021/3021
f 3022/3022/3022 3021/3021/3021 3024/3024/3024
f 3023/3023/3023 3022/3022/3022 3024/3024/3024
f 3023/3023/3023 3024/3024/3024 3025/3025/3025
f 20/20/20 27/27/27 3026/3026/3026
f 20/20/20 3026/3026/3026 3027/3027/3027
f 27/27/27 26/26/26 3023/3023/3023
f 27/27/27 3023/3023/3023 3026/3026/3026
f 3026/3026/3026 3023/3023/3023 3025/3025/3025
f 3026/3026/3026 3025/3025/3025 3028/3028/3028
f 3027/3027/3027 3026/3026/3026 3028/3028/3028
f 3027/3027/3027 3028/3028/3028 3029/3029/3029
f 14/14/14 21/21/21 3030/3030/3030
f 14/14/14 3030/3030/3030 3031/3031/3031
f 21/21/21 20/20/20 3027/3027/3027
f 21/21/21 3027/3027/3027 3030/3030/3030
f 3030/3030/3030 3027/3027/3027 3029/3029/3029
f 3030/3030/3030 3029/3029/3029 3032/3032/3032
f 3031/3031/3031 3030/3030/3030 3032/3032/3032
f 3031/3031/3031 3032/3032/3032 3033/3033/3033
f 7/7/7 15/15/15 3034/3034/3034
f 7/7/7 3034/3034/3034 3035/3035/3035
f 15/15/15 14/14/14 3031/3031/3031
f 15/15/15 3031/3031/3031 3034/3034/3034
f 3034/3034/3034 3031/3031/3031 3033/3033/3033
f 3034/3034/3034 3033/3033/3033 3036/3036/3036
f 3035/3035/3035 3034/3034/3034 3036/3036/3036
f 3035/3035/3035 3036/3036/3036 3037/3037/3037
f 9/9/9 8/8/8 3038/3038/3038
f 9/9/9 3038/3038/3038 3039/3039/3039
f 8/8/8 7/7/7 3035/3035/3035
f 8/8/8 3035/3035/3035 3038/3038/3038
f 3038/3038/3038 3035/3035/3035 3037/3037/3037
f 3038/3038/3038 3037/3037/3037 3040/3040/3040
f 3039/3039/3039 3038/3038/3038 3040/3040/3040
f 3039/3039/3039 3040/3040/3040 3041/3041/3041
f 3042/3042/3042 3043/3043/3043 3044/3044/3044
f 3042/3042/3042 3044/3044/3044 3045/3045/3045
f 3043/3043/3043 3046/3046/3046 3047/3047/3047
f 3043/3043/3043 3047/3047/3047 3044/3044/3044
f 3044/3044/3044 3047/3047/3047 2841/2841/2841
f 3044/3044/3044 2841/2841/2841 2838/2838/2838
f 3045/3045/3045 3044/3044/3044 2838/2838/2838
f 3045/3045/3045 2838/2838/2838 2837/2837/2837
f 3046/3046/3046 3048/3048/3048 3049/3049/3049
f 3046/3046/3046 3049/3049/3049 3047/3047/3047
f 3048/3048/3048 3050/3050/3050 3051/3051/3051
f 3048/3048/3048 3051/3051/3051 3049/3049/3049
f 3049/3049/3049 3051/3051/3051 2848/2848/2848
f 3049/3049/3049 2848/2848/2848 2846/2846/2846
f 3047/3047/3047 3049/3049/3049 2846/2846/2846
f 3047/3047/3047 2846/2846/2846 2841/2841/2841
f 3050/3050/3050 3052/3052/3052 3053/3053/3053
f 3050/3050/3050 3053/3053/3053 3051/3051/3051
f 3052/3052/3052 3054/3054/3054 3055/3055/3055
f 3052/3052/3052 3055/3055/3055 3053/3053/3053
f 3053/3053/3053 3055/3055/3055 2854/2854/2854
f 3053/3053/3053 2854/2854/2854 2852/2852/2852
f 3051/3051/3051 3053/3053/3053 2852/2852/2852
f 3051/3051/3051 2852/2852/2852 2848/2848/2848
f 3054/3054/3054 3056/3056/3056 3057/3057/3057
f 3054/3054/3054 3057/3057/3057 3055/3055/3055
f 3056/3056/3056 3058/3058/3058 3059/3059/3059
f 3056/3056/3056 3059/3059/3059 3057/3057/3057
f 3057/3057/3057 3059/3059/3059 2860/2860/2860
f 3057/3057/3057 2860/2860/2860 2858/2858/2858
f 3055/3055/3055 3057/3057/3057 2858/2858/2858
f 3055/3055/3055 2858/2858/2858 2854/2854/2854
f 3058/3058/3058 3060/3060/3060 3061/3061/3061
f 3058/3058/3058 3061/3061/3061 3059/3059/3059
f 3060/3060/3060 3062/3062/3062 3063/3063/3063
f 3060/3060/3060 3063/3063/3063 3061/3061/3061
f 3061/3061/3061 3063/3063/3063 2866/2866/2866
f 3061/3061/3061 2866/2866/2866 2864/2864/2864
f 3059/3059/3059 3061/3061/3061 2864/2864/2864
f 3059/3059/3059 2864/2864/2864 2860/2860/2860
f 3062/3062/3062 3064/3064/3064 3065/3065/3065
f 3062/3062/3062 3065/3065/3065 3063/3063/3063
f 3064/3064/3064 3066/3066/3066 3067/3067/3067
f 3064/3064/3064 3067/3067/3067 3065/3065/3065
f 3065/3065/3065 3067/3067/3067 2872/2872/2872
f 3065/3065/3065 2872/2872/2872 2870/2870/2870
f 3063/3063/3063 3065/3065/3065 2870/2870/2870
f 3063/3063/3063 2870/2870/2870 2866/2866/2866
f 3066/3066/3066 3068/3068/3068 3069/3069/3069
f 3066/3066/3066 3069/3069/3069 3067/3067/3067
f 3068/3068/3068 3070/3070/3070 3071/3071/3071
f 3068/3068/3068 3071/3071/3071 3069/3069/3069
f 3069/3069/3069 3071/3071/3071 2878/2878/2878
f 3069/3069/3069 2878/2878/2878 2876/2876/2876
f 3067/3067/3067 3069/3069/3069 2876/2876/2876
f 3067/3067/3067 2876/2876/2876 2872/2872/2872
f 3070/3070/3070 3072/3072/3072 3073/3073/3073
f 3070/3070/3070 3073/3073/3073 3071/3071/3071
f 3072/3072/3072 3074/3074/3074 3075/3075/3075
f 3072/3072/3072 3075/3075/3075 3073/3073/3073
f 3073/3073/3073 3075/3075/3075 2884/2884/2884
f 3073/3073/3073 2884/2884/2884 2882/2882/2882
f 3071/3071/3071 3073/3073/3073 2882/2882/2882
f 3071/3071/3071 2882/2882/2882 2878/2878/2878
f 3074/3074/3074 3076/3076/3076 3077/3077/3077
f 3074/3074/3074 3077/3077/3077 3075/3075/3075
f 3076/3076/3076 3078/3078/3078 3079/3079/3079
f 3076/3076/3076 3079/3079/3079 3077/3077/3077
f 3077/3077/3077 3079/3079/3079 2890/2890/2890
f 3077/3077/3077 2890/2890/2890 2888/2888/2888
f 3075/3075/3075 3077/3077/3077 2888/2888/2888
f 3075/3075/3075 2888/2888/2888 2884/2884/2884
f 3078/3078/3078 3080/3080/3080 3081/3081/3081
f 3078/3078/3078 3081/3081/3081 3079/3079/3079
f 3080/3080/3080 3082/3082/3082 3083/3083/3083
f 3080/3080/3080 3083/3083/3083 3081/3081/3081
f 3081/3081/3081 3083/3083/3083 2896/2896/2896
f 3081/3081/3081 2896/2896/2896 2894/2894/2894
f 3079/3079/3079 3081/3081/3081 2894/2894/2894
f 3079/3079/3079 2894/2894/2894 2890/2890/2890
f 3082/3082/3082 3084/3084/3084 3085/3085/3085
f 3082/3082/3082 3085/3085/3085 3083/3083/3083
f 3084/3084/3084 3086/3086/3086 3087/3087/3087
f 3084/3084/3084 3087/3087/3087 3085/3085/3085
f 3085/3085/3085 3087/3087/3087 2902/2902/2902
f 3085/3085/3085 2902/2902/2902 2900/2900/2900
f 3083/3083/3083 3085/3085/3085 2900/2900/2900
f 3083/3083/3083 2900/2900/2900 2896/2896/2896
f 3086/3086/3086 3088/3088/3088 3089/3089/3089
f 3086/3086/3086 3089/3089/3089 3087/3087/3087
f 3088/3088/3088 3090/3090/3090 3091/3091/3091
f 3088/3088/3088 3091/3091/3091 3089/3089/3089
f 3089/3089/3089 3091/3091/3091 2908/2908/2908
f 3089/3089/3089 2908/2908/2908 2906/2906/2906
f 3087/3087/3087 3089/3089/3089 2906/2906/2906
f 3087/3087/3087 2906/2906/2906 2902/2902/2902
f 3090/3090/3090 3092/3092/3092 3093/3093/3093
f 3090/3090/3090 3093/3093/3093 3091/3091/3091
f 3092/3092/3092 3094/3094/3094 3095/3095/3095
f 3092/3092/3092 3095/3095/3095 3093/3093/3093
f 3093/3093/3093 3095/3095/3095 2914/2914/2914
f 3093/3093/3093 2914/2914/2914 2912/2912/2912
f 3091/3091/3091 3093/3093/3093 2912/2912/2912
f 3091/3091/3091 2912/2912/2912 2908/2908/2908
f 3094/3094/3094 3096/3096/3096 3097/3097/3097
f 3094/3094/3094 3097/3097/3097 3095/3095/3095
f 3096/3096/3096 3098/3098/3098 3099/3099/3099
f 3096/3096/3096 3099/3099/3099 3097/3097/3097
f 3097/3097/3097 3099/3099/3099 2920/2920/2920
f 3097/3097/3097 2920/2920/2920 2918/2918/2918
f 3095/3095/3095 3097/3097/3097 2918/2918/2918
f 3095/3095/3095 2918/2918/2918 2914/2914/2914
f 3098/3098/3098 3100/3100/3100 3101/3101/3101
f 3098/3098/3098 3101/3101/3101 3099/3099/3099
f 3100/3100/3100 3102/3102/3102 3103/3103/3103
f 3100/3100/3100 3103/3103/3103 3101/3101/3101
f 3101/3101/3101 3103/3103/3103 2926/2926/2926
f 3101/3101/3101 2926/2926/2926 2924/2924/2924
f 3099/3099/3099 3101/3101/3101 2924/2924/2924
f 3099/3099/3099 2924/2924/2924 2920/2920/2920
f 3102/3102/3102 3104/3104/3104 3105/3105/3105
f 3102/3102/3102 3105/3105/3105 3103/3103/3103
f 3104/3104/3104 3106/3106/3106 3107/3107/3107
f 3104/3104/3104 3107/3107/3107 3105/3105/3105
f 3105/3105/3105 3107/3107/3107 2932/2932/2932
f 3105/3105/3105 2932/2932/2932 2930/2930/2930
f 3103/3103/3103 3105/3105/3105 2930/2930/2930
f 3103/3103/3103 2930/2930/2930 2926/2926/2926
f 3106/3106/3106 3108/3108/3108 3109/3109/3109
f 3106/3106/3106 3109/3109/3109 3107/3107/3107
f 3108/3108/3108 3110/3110/3110 3111/3111/3111
f 3108/3108/3108 3111/3111/3111 3109/3109/3109
f 3109/3109/3109 3111/3111/3111 2938/2938/2938
f 3109/3109/3109 2938/2938/2938 2936/2936/2936
f 3107/3107/3107 3109/3109/3109 2936/2936/2936
f 3107/3107/3107 2936/2936/2936 2932/2932/2932
f 3110/3110/3110 3112/3112/3112 3113/3113/3113
f 3110/3110/3110 3113/3113/3113 3111/3111/3111
f 3112/3112/3112 3114/3114/3114 3115/3115/3115
f 3112/3112/3112 3115/3115/3115 3113/3113/3113
f 3113/3113/3113 3115/3115/3115 2944/2944/2944
f 3113/3113/3113 2944/2944/2944 2942/2942/2942
f 3111/3111/3111 3113/3113/3113 2942/2942/2942
f 3111/3111/3111 2942/2942/2942 2938/2938/2938
f 3114/3114/3114 3116/3116/3116 3117/3117/3117
f 3114/3114/3114 3117/3117/3117 3115/3115/3115
f 3116/3116/3116 3118/3118/3118 3119/3119/3119
f 3116/3116/3116 3119/3119/3119 3117/3117/3117
f 3117/3117/3117 3119/3119/3119 2950/2950/2950
f 3117/3117/3117 2950/2950/2950 2948/2948/2948
f 3115/3115/3115 3117/3117/3117 2948/2948/2948
f 3115/3115/3115 2948/2948/2948 2944/2944/2944
f 3118/3118/3118 3120/3120/3120 3121/3121/3121
f 3118/3118/3118 3121/3121/3121 3119/3119/3119
f 3120/3120/3120 3122/3122/3122 3123/3123/3123
f 3120/3120/3120 3123/3123/3123 3121/3121/3121
f 3121/3121/3121 3123/3123/3123 2956/2956/2956
f 3121/3121/3121 2956/2956/2956 2954/2954/2954
f 3119/3119/3119 3121/3121/3121 2954/2954/2954
f 3119/3119/3119 2954/2954/2954 2950/2950/2950
f 2965/2965/2965 2964/2964/2964 3124/3124/3124
f 2965/2965/2965 3124/3124/3124 3125/3125/3125
f 2964/2964/2964 2963/2963/2963 3126/3126/3126
f 2964/2964/2964 3126/3126/3126 3124/3124/3124
f 3124/3124/3124 3126/3126/3126 3127/3127/3127
f 3124/3124/3124 3127/3127/3127 3128/3128/3128
f 3125/3125/3125 3124/3124/3124 3128/3128/3128
f 3125/3125/3125 3128/3128/3128 3129/3129/3129
f 2969/2969/2969 2968/2968/2968 3130/3130/3130
f 2969/2969/2969 3130/3130/3130 3131/3131/3131
f 2968/2968/2968 2965/2965/2965 3125/3125/3125
f 2968/2968/2968 3125/3125/3125 3130/3130/3130
f 3130/3130/3130 3125/3125/3125 3129/3129/3129
f 3130/3130/3130 3129/3129/3129 3132/3132/3132
f 3131/3131/3131 3130/3130/3130 3132/3132/3132
f 3131/3131/3131 3132/3132/3132 3133/3133/3133
f 2973/2973/2973 2972/2972/2972 3134/3134/3134
f 2973/2973/2973 3134/3134/3134 3135/3135/3135
f 2972/2972/2972 2969/2969/2969 3131/3131/3131
f 2972/2972/2972 3131/3131/3131 3134/3134/3134
f 3134/3134/3134 3131/3131/3131 3133/3133/3133
f 3134/3134/3134 3133/3133/3133 3136/3136/3136
f 3135/3135/3135 3134/3134/3134 3136/3136/3136
f 3135/3135/3135 3136/3136/3136 3137/3137/3137
f 2977/2977/2977 2976/2976/2976 3138/3138/3138
f 2977/2977/2977 3138/3138/3138 3139/3139/3139
f 2976/2976/2976 2973/2973/2973 3135/3135/3135
f 2976/2976/2976 3135/3135/3135 3138/3138/3138
f 3138/3138/3138 3135/3135/3135 3137/3137/3137
f 3138/3138/3138 3137/3137/3137 3140/3140/3140
f 3139/3139/3139 3138/3138/3138 3140/3140/3140
f 3139/3139/3139 3140/3140/3140 3141/3141/3141
f 2981/2981/2981 2980/2980/2980 3142/3142/3142
f 2981/2981/2981 3142/3142/3142 3143/3143/3143
f 2980/2980/2980 2977/2977/2977 3139/3139/3139
f 2980/2980/2980 3139/3139/3139 3142/3142/3142
f 3142/3142/3142 3139/3139/3139 3141/3141/3141
f 3142/3142/3142 3141/3141/3141 3144/3144/3144
f 3143/3143/3143 3142/3142/3142 3144/3144/3144
f 3143/3143/3143 3144/3144/3144 3145/3145/3145
f 2985/2985/2985 2984/2984/2984 3146/3146/3146
f 2985/2985/2985 3146/3146/3146 3147/3147/3147
f 2984/2984/2984 2981/2981/2981 3143/3143/3143
f 2984/2984/2984 3143/3143/3143 3146/3146/3146
f 3146/3146/3146 3143/3143/3143 3145/3145/3145
f 3146/3146/3146 3145/3145/3145 3148/3148/3148
f 3147/3147/3147 3146/3146/3146 3148/3148/3148
f 3147/3147/3147 3148/3148/3148 3149/3149/3149
f 2989/2989/2989 2988/2988/2988 3150/3150/3150
f 2989/2989/2989 3150/3150/3150 3151/3151/3151
f 2988/2988/2988 2985/2985/2985 3147/3147/3147
f 2988/2988/2988 3147/3147/3147 3150/3150/3150
f 3150/3150/3150 3147/3147/3147 3149/3149/3149
f 3150/3150/3150 3149/3149/3149 3152/3152/3152
f 3151/3151/3151 3150/3150/3150 3152/3152/3152
f 3151/3151/3151 3152/3152/3152 3153/3153/3153
f 2993/2993/2993 2992/2992/2992 3154/3154/3154
f 2993/2993/2993 3154/3154/3154 3155/3155/3155
f 2992/2992/2992 2989/2989/2989 3151/3151/3151
f 2992/2992/2992 3151/3151/3151 3154/3154/3154
f 3154/3154/3154 3151/3151/3151 3153/3153/3153
f 3154/3154/3154 3153/3153/3153 3156/3156/3156
f 3155/3155/3155 3154/3154/3154 3156/3156/3156
f 3155/3155/3155 3156/3156/3156 3157/3157/3157
f 2997/2997/2997 2996/2996/2996 3158/3158/3158
f 2997/2997/2997 3158/3158/3158 3159/3159/3159
f 2996/2996/2996 2993/2993/2993 3155/3155/3155
f 2996/2996/2996 3155/3155/3155 3158/3158/3158
f 3158/3158/3158 3155/3155/3155 3157/3157/3157
f 3158/3158/3158 3157/3157/3157 3160/3160/3160
f 3159/3159/3159 3158/3158/3158 3160/3160/3160
f 3159/3159/3159 3160/3160/3160 3161/3161/3161
f 3001/3001/3001 3000/3000/3000 3162/3162/3162
f 3001/3001/3001 3162/3162/3162 3163/3163/3163
f 3000/3000/3000 2997/2997/2997 3159/3159/3159
f 3000/3000/3000 3159/3159/3159 3162/3162/3162
f 3162/3162/3162 3159/3159/3159 3161/3161/3161
f 3162/3162/3162 3161/3161/3161 3164/3164/3164
f 3163/3163/3163 3162/3162/3162 3164/3164/3164
f 3163/3163/3163 3164/3164/3164 3165/3165/3165
f 3005/3005/3005 3004/3004/3004 3166/3166/3166
f 3005/3005/3005 3166/3166/3166 3167/3167/3167
f 3004/3004/3004 3001/3001/3001 3163/3163/3163
f 3004/3004/3004 3163/3163/3163 3166/3166/3166
f 3166/3166/3166 3163/3163/3163 3165/3165/3165
f 3166/3166/3166 3165/3165/3165 3168/3168/3168
f 3167/3167/3167 3166/3166/3166 3168/3168/3168
f 3167/3167/3167 3168/3168/3168 3169/3169/3169
f 3009/3009/3009 3008/3008/3008 3170/3170/3170
f 3009/3009/3009 3170/3170/3170 3171/3171/3171
f 3008/3008/3008 3005/3005/3005 3167/3167/3167
f 3008/3008/3008 3167/3167/3167 3170/3170/3170
f 3170/3170/3170 3167/3167/3167 3169/3169/3169
f 3170/3170/3170 3169/3169/3169 3172/3172/3172
f 3171/3171/3171 3170/3170/3170 3172/3172/3172
f 3171/3171/3171 3172/3172/3172 3173/3173/3173
f 3013/3013/3013 3012/3012/3012 3174/3174/3174
f 3013/3013/3013 3174/3174/3174 3175/3175/3175
f 3012/3012/3012 3009/3009/3009 3171/3171/3171
f 3012/3012/3012 3171/3171/3171 3174/3174/3174
f 3174/3174/3174 3171/3171/3171 3173/3173/3173
f 3174/3174/3174 3173/3173/3173 3176/3176/3176
f 3175/3175/3175 3174/3174/3174 3176/3176/3176
f 3175/3175/3175 3176/3176/3176 3177/3177/3177
f 3017/3017/3017 3016/3016/3016 3178/3178/3178
f 3017/3017/3017 3178/3178/3178 3179/3179/3179
f 3016/3016/3016 3013/3013/3013 3175/3175/3175
f 3016/3016/3016 3175/3175/3175 3178/3178/3178
f 3178/3178/3178 3175/3175/3175 3177/3177/3177
f 3178/3178/3178 3177/3177/3177 3180/3180/3180
f 3179/3179/3179 3178/3178/3178 3180/3180/3180
f 3179/3179/3179 3180/3180/3180 3181/3181/3181
f 3021/3021/3021 3020/3020/3020 3182/3182/3182
f 3021/3021/3021 3182/3182/3182 3183/3183/3183
f 3020/3020/3020 3017/3017/3017 3179/3179/3179
f 3020/3020/3020 3179/3179/3179 3182/3182/3182
f 3182/3182/3182 3179/3179/3179 3181/3181/3181
f 3182/3182/3182 3181/3181/3181 3184/3184/3184
f 3183/3183/3183 3182/3182/3182 3184/3184/3184
f 3183/3183/3183 3184/3184/3184 3185/3185/3185
f 3025/3025/3025 3024/3024/3024 3186/3186/3186
f 3025/3025/3025 3186/3186/3186 3187/3187/3187
f 3024/3024/3024 3021/3021/3021 3183/3183/3183
f 3024/3024/3024 3183/3183/3183 3186/3186/3186
f 3186/3186/3186 3183/3183/3183 3185/3185/3185
f 3186/3186/3186 3185/3185/3185 3188/3188/3188
f 3187/3187/3187 3186/3186/3186 3188/3188/3188
f 3187/3187/3187 3188/3188/3188 3189/3189/3189
f 3029/3029/3029 3028/3028/3028 3190/3190/3190
f 3029/3029/3029 3190/3190/3190 3191/3191/3191
f 3028/3028/3028 3025/3025/3025 3187/3187/3187
f 3028/3028/3028 3187/3187/3187 3190/3190/3190
f 3190/3190/3190 3187/3187/3187 3189/3189/3189
f 3190/3190/3190 3189/3189/3189 3192/3192/3192
f 3191/3191/3191 3190/3190/3190 3192/3192/3192
f 3191/3191/3191 3192/3192/3192 3193/3193/3193
f 3033/3033/3033 3032/3032/3032 3194/3194/3194
f 3033/3033/3033 3194/3194/3194 3195/3195/3195
f 3032/3032/3032 3029/3029/3029 3191/3191/3191
f 3032/3032/3032 3191/3191/3191 3194/3194/3194
f 3194/3194/3194 3191/3191/3191 3193/3193/3193
f 3194/3194/3194 3193/3193/3193 3196/3196/3196
f 3195/3195/3195 3194/3194/3194 3196/3196/3196
f 3195/3195/3195 3196/3196/3196 3197/3197/3197
f 3037/3037/3037 3036/3036/3036 3198/3198/3198
f 3037/3037/3037 3198/3198/3198 3199/3199/3199
f 3036/3036/3036 3033/3033/3033 3195/3195/3195
f 3036/3036/3036 3195/3195/3195 3198/3198/3198
f 3198/3198/3198 3195/3195/3195 3197/3197/3197
f 3198/3198/3198 3197/3197/3197 3200/3200/3200
f 3199/3199/3199 3198/3198/3198 3200/3200/3200
f 3199/3199/3199 3200/3200/3200 3201/3201/3201
f 3041/3041/3041 3040/3040/3040 3202/3202/3202
f 3041/3041/3041 3202/3202/3202 3203/3203/3203
f 3040/3040/3040 3037/3037/3037 3199/3199/3199
f 3040/3040/3040 3199/3199/3199 3202/3202/3202
f 3202/3202/3202 3199/3199/3199 3201/3201/3201
f 3202/3202/3202 3201/3201/3201 3204/3204/3204
f 3203/3203/3203 3202/3202/3202 3204/3204/3204
f 3203/3203/3203 3204/3204/3204 3205/3205/3205
f 3206/3206/3206 3207/3207/3207 3208/3208/3208
f 3206/3206/3206 3208/3208/3208 3209/3209/3209
f 3207/3207/3207 3210/3210/3210 3211/3211/3211
f 3207/3207/3207 3211/3211/3211 3208/3208/3208
f 3208/3208/3208 3211/3211/3211 5/5/5
f 3208/3208/3208 5/5/5 2/2/2
f 3209/3209/3209 3208/3208/3208 2/2/2
f 3209/3209/3209 2/2/2 1/1/1
f 3210/3210/3210 3212/3212/3212 3213/3213/3213
f 3210/3210/3210 3213/3213/3213 3211/3211/3211
f 3212/3212/3212 3214/3214/3214 3215/3215/3215
f 3212/3212/3212 3215/3215/3215 3213/3213/3213
f 3213/3213/3213 3215/3215/3215 12/12/12
f 3213/3213/3213 12/12/12 10/10/10
f 3211/3211/3211 3213/3213/3213 10/10/10
f 3211/3211/3211 10/10/10 5/5/5
f 3214/3214/3214 3216/3216/3216 3217/3217/3217
f 3214/3214/3214 3217/3217/3217 3215/3215/3215
f 3216/3216/3216 3218/3218/3218 3219/3219/3219
f 3216/3216/3216 3219/3219/3219 3217/3217/3217
f 3217/3217/3217 3219/3219/3219 18/18/18
f 3217/3217/3217 18/18/18 16/16/16
f 3215/3215/3215 3217/3217/3217 16/16/16
f 3215/3215/3215 16/16/16 12/12/12
f 3218/3218/3218 3220/3220/3220 3221/3221/3221
f 3218/3218/3218 3221/3221/3221 3219/3219/3219
f 3220/3220/3220 3222/3222/3222 3223/3223/3223
f 3220/3220/3220 3223/3223/3223 3221/3221/3221
f 3221/3221/3221 3223/3223/3223 24/24/24
f 3221/3221/3221 24/24/24 22/22/22
f 3219/3219/3219 3221/3221/3221 22/22/22
f 3219/3219/3219 22/22/22 18/18/18
f 3222/3222/3222 3224/3224/3224 3225/3225/3225
f 3222/3222/3222 3225/3225/3225 3223/3223/3223
f 3224/3224/3224 3226/3226/3226 3227/3227/3227
f 3224/3224/3224 3227/3227/3227 3225/3225/3225
f 3225/3225/3225 3227/3227/3227 30/30/30
f 3225/3225/3225 30/30/30 28/28/28
f 3223/3223/3223 3225/3225/3225 28/28/28
f 3223/3223/3223 28/28/28 24/24/24
f 3226/3226/3226 3228/3228/3228 3229/3229/3229
f 3226/3226/3226 3229/3229/3229 3227/3227/3227
f 3228/3228/3228 3230/3230/3230 3231/3231/3231
f 3228/3228/3228 3231/3231/3231 3229/3229/3229
f 3229/3229/3229 3231/3231/3231 36/36/36
f 3229/3229/3229 36/36/36 34/34/34
f 3227/3227/3227 3229/3229/3229 34/34/34
f 3227/3227/3227 34/34/34 30/30/30
f 3230/3230/3230 3232/3232/3232 3233/3233/3233
f 3230/3230/3230 3233/3233/3233 3231/3231/3231
f 3232/3232/3232 3234/3234/3234 3235/3235/3235
f 3232/3232/3232 3235/3235/3235 3233/3233/3233
f 3233/3233/3233 3235/3235/3235 42/42/42
f 3233/3233/3233 42/42/42 40/40/40
f 3231/3231/3231 3233/3233/3233 40/40/40
f 3231/3231/3231 40/40/40 36/36/36
f 3234/3234/3234 3236/3236/3236 3237/3237/3237
f 3234/3234/3234 3237/3237/3237 3235/3235/3235
f 3236/3236/3236 3238/3238/3238 3239/3239/3239
f 3236/3236/3236 3239/3239/3239 3237/3237/3237
f 3237/3237/3237 3239/3239/3239 48/48/48
f 3237/3237/3237 48/48/48 46/46/46
f 3235/3235/3235 3237/3237/3237 46/46/46
f 3235/3235/3235 46/46/46 42/42/42
f 3238/3238/3238 3240/3240/3240 3241/3241/3241
f 3238/3238/3238 3241/3241/3241 3239/3239/3239
f 3240/3240/3240 3242/3242/3242 3243/3243/3243
f 3240/3240/3240 3243/3243/3243 3241/3241/3241
f 3241/3241/3241 3243/3243/3243 54/54/54
f 3241/3241/3241 54/54/54 52/52/52
f 3239/3239/3239 3241/3241/3241 52/52/52
f 3239/3239/3239 52/52/52 48/48/48
f 3242/3242/3242 3244/3244/3244 3245/3245/3245
f 3242/3242/3242 3245/3245/3245 3243/3243/3243
f 3244/3244/3244 3246/3246/3246 3247/3247/3247
f 3244/3244/3244 3247/3247/3247 3245/3245/3245
f 3245/3245/3245 3247/3247/3247 60/60/60
f 3245/3245/3245 60/60/60 58/58/58
f 3243/3243/3243 3245/3245/3245 58/58/58
f 3243/3243/3243 58/58/58 54/54/54
f 3246/3246/3246 3248/3248/3248 3249/3249/3249
f 3246/3246/3246 3249/3249/3249 3247/3247/3247
f 3248/3248/3248 3250/3250/3250 3251/3251/3251
f 3248/3248/3248 3251/3251/3251 3249/3249/3249
f 3249/3249/3249 3251/3251/3251 66/66/66
f 3249/3249/3249 66/66/66 64/64/64
f 3247/3247/3247 3249/3249/3249 64/64/64
f 3247/3247/3247 64/64/64 60/60/60
f 3250/3250/3250 3252/3252/3252 3253/3253/3253
f 3250/3250/3250 3253/3253/3253 3251/3251/3251
f 3252/3252/3252 3254/3254/3254 3255/3255/3255
f 3252/3252/3252 3255/3255/3255 3253/3253/3253
f 3253/3253/3253 3255/3255/3255 72/72/72
f 3253/3253/3253 72/72/72 70/70/70
f 3251/3251/3251 3253/3253/3253 70/70/70
f 3251/3251/3251 70/70/70 66/66/66
f 3254/3254/3254 3256/3256/3256 3257/3257/3257
f 3254/3254/3254 3257/3257/3257 3255/3255/3255
f 3256/3256/3256 3258/3258/3258 3259/3259/3259
f 3256/3256/3256 3259/3259/3259 3257/3257/3257
f 3257/3257/3257 3259/3259/3259 78/78/78
f 3257/3257/3257 78/78/78 76/76/76
f 3255/3255/3255 3257/3257/3257 76/76/76
f 3255/3255/3255 76/76/76 72/72/72
f 3258/3258/3258 3260/3260/3260 3261/3261/3261
f 3258/3258/3258 3261/3261/3261 3259/3259/3259
f 3260/3260/3260 3262/3262/3262 3263/3263/3263
f 3260/3260/3260 3263/3263/3263 3261/3261/3261
f 3261/3261/3261 3263/3263/3263 84/84/84
f 3261/3261/3261 84/84/84 82/82/82
f 3259/3259/3259 3261/3261/3261 82/82/82
f 3259/3259/3259 82/82/82 78/78/78
f 3262/3262/3262 3264/3264/3264 3265/3265/3265
f 3262/3262/3262 3265/3265/3265 3263/3263/3263
f 3264/3264/3264 3266/3266/3266 3267/3267/3267
f 3264/3264/3264 3267/3267/3267 3265/3265/3265
f 3265/3265/3265 3267/3267/3267 90/90/90
f 3265/3265/3265 90/90/90 88/88/88
f 3263/3263/3263 3265/3265/3265 88/88/88
f 3263/3263/3263 88/88/88 84/84/84
f 3266/3266/3266 3268/3268/3268 3269/3269/3269
f 3266/3266/3266 3269/3269/3269 3267/3267/3267
f 3268/3268/3268 3270/3270/3270 3271/3271/3271
f 3268/3268/3268 3271/3271/3271 3269/3269/3269
f 3269/3269/3269 3271/3271/3271 96/96/96
f 3269/3269/3269 96/96/96 94/94/94
f 3267/3267/3267 3269/3269/3269 94/94/94
f 3267/3267/3267 94/94/94 90/90/90
f 3270/3270/3270 3272/3272/3272 3273/3273/3273
f 3270/3270/3270 3273/3273/3273 3271/3271/3271
f 3272/3272/3272 3274/3274/3274 3275/3275/3275
f 3272/3272/3272 3275/3275/3275 3273/3273/3273
f 3273/3273/3273 3275/3275/3275 102/102/102
f 3273/3273/3273 102/102/102 100/100/100
f 3271/3271/3271 3273/3273/3273 100/100/100
f 3271/3271/3271 100/100/100 96/96/96
f 3274/3274/3274 3276/3276/3276 3277/3277/3277
f 3274/3274/3274 3277/3277/3277 3275/3275/3275
f 3276/3276/3276 3278/3278/3278 3279/3279/3279
f 3276/3276/3276 3279/3279/3279 3277/3277/3277
f 3277/3277/3277 3279/3279/3279 108/108/108
f 3277/3277/3277 108/108/108 106/106/106
f 3275/3275/3275 3277/3277/3277 106/106/106
f 3275/3275/3275 106/106/106 102/102/102
f 3278/3278/3278 3280/3280/3280 3281/3281/3281
f 3278/3278/3278 3281/3281/3281 3279/3279/3279
f 3280/3280/3280 3282/3282/3282 3283/3283/3283
f 3280/3280/3280 3283/3283/3283 3281/3281/3281
f 3281/3281/3281 3283/3283/3283 114/114/114
f 3281/3281/3281 114/114/114 112/112/112
f 3279/3279/3279 3281/3281/3281 112/112/112
f 3279/3279/3279 112/112/112 108/108/108
f 3282/3282/3282 3284/3284/3284 3285/3285/3285
f 3282/3282/3282 3285/3285/3285 3283/3283/3283
f 3284/3284/3284 3286/3286/3286 3287/3287/3287
f 3284/3284/3284 3287/3287/3287 3285/3285/3285
f 3285/3285/3285 3287/3287/3287 120/120/120
f 3285/3285/3285 120/120/120 118/118/118
f 3283/3283/3283 3285/3285/3285 118/118/118
f 3283/3283/3283 118/118/118 114/114/114
f 2952/2952/2952 2959/2959/2959 3288/3288/3288
f 2952/2952/2952 3288/3288/3288 3289/3289/3289
f 2959/2959/2959 2958/2958/2958 3290/3290/3290
f 2959/2959/2959 3290/3290/3290 3288/3288/3288
f 3288/3288/3288 3290/3290/3290 3286/3286/3286
f 3288/3288/3288 3286/3286/3286 3284/3284/3284
f 3289/3289/3289 3288/3288/3288 3284/3284/3284
f 3289/3289/3289 3284/3284/3284 3282/3282/3282
f 2946/2946/2946 2953/2953/2953 3291/3291/3291
f 2946/2946/2946 3291/3291/3291 3292/3292/3292
f 2953/2953/2953 2952/2952/2952 3289/3289/3289
f 2953/2953/2953 3289/3289/3289 3291/3291/3291
f 3291/3291/3291 3289/3289/3289 3282/3282/3282
f 3291/3291/3291 3282/3282/3282 3280/3280/3280
f 3292/3292/3292 3291/3291/3291 3280/3280/3280
f 3292/3292/3292 3280/3280/3280 3278/3278/3278
f 2940/2940/2940 2947/2947/2947 3293/3293/3293
f 2940/2940/2940 3293/3293/3293 3294/3294/3294
f 2947/2947/2947 2946/2946/2946 3292/3292/3292
f 2947/2947/2947 3292/3292/3292 3293/3293/3293
f 3293/3293/3293 3292/3292/3292 3278/3278/3278
f 3293/3293/3293 3278/3278/3278 3276/3276/3276
f 3294/3294/3294 3293/3293/3293 3276/3276/3276
f 3294/3294/3294 3276/3276/3276 3274/3274/3274
f 2934/2934/2934 2941/2941/2941 3295/3295/3295
f 2934/2934/2934 3295/3295/3295 3296/3296/3296
f 2941/2941/2941 2940/2940/2940 3294/3294/3294
f 2941/2941/2941 3294/3294/3294 3295/3295/3295
f 3295/3295/3295 3294/3294/3294 3274/3274/3274
f 3295/3295/3295 3274/3274/3274 3272/3272/3272
f 3296/3296/3296 3295/3295/3295 3272/3272/3272
f 3296/3296/3296 3272/3272/3272 3270/3270/3270
f 2928/2928/2928 2935/2935/2935 3297/3297/3297
f 2928/2928/2928 3297/3297/3297 3298/3298/3298
f 2935/2935/2935 2934/2934/2934 3296/3296/3296
f 2935/2935/2935 3296/3296/3296 3297/3297/3297
f 3297/3297/3297 3296/3296/3296 3270/3270/3270
f 3297/3297/3297 3270/3270/3270 3268/3268/3268
f 3298/3298/3298 3297/3297/3297 3268/3268/3268
f 3298/3298/3298 3268/3268/3268 3266/3266/3266
f 2922/2922/2922 2929/2929/2929 3299/3299/3299
f 2922/2922/2922 3299/3299/3299 3300/3300/3300
f 2929/2929/2929 2928/2928/2928 3298/3298/3298
f 2929/2929/2929 3298/3298/3298 3299/3299/3299
f 3299/3299/3299 3298/3298/3298 3266/3266/3266
f 3299/3299/3299 3266/3266/3266 3264/3264/3264
f 3300/3300/3300 3299/3299/3299 3264/3264/3264
f 3300/3300/3300 3264/3264/3264 3262/3262/3262
f 2916/2916/2916 2923/2923/2923 3301/3301/3301
f 2916/2916/2916 3301/3301/3301 3302/3302/3302
f 2923/2923/2923 2922/2922/2922 3300/3300/3300
f 2923/2923/2923 3300/3300/3300 3301/3301/3301
f 3301/3301/3301 3300/3300/3300 3262/3262/3262
f 3301/3301/3301 3262/3262/3262 3260/3260/3260
f 3302/3302/3302 3301/3301/3301 3260/3260/3260
f 3302/3302/3302 3260/3260/3260 3258/3258/3258
f 2910/2910/2910 2917/2917/2917 3303/3303/3303
f 2910/2910/2910 3303/3303/3303 3304/3304/3304
f 2917/2917/2917 2916/2916/2916 3302/3302/3302
f 2917/2917/2917 3302/3302/3302 3303/3303/3303
f 3303/3303/3303 3302/3302/3302 3258/3258/3258
f 3303/3303/3303 3258/3258/3258 3256/3256/3256
f 3304/3304/3304 3303/3303/3303 3256/3256/3256
f 3304/3304/3304 3256/3256/3256 3254/3254/3254
f 2904/2904/2904 2911/2911/2911 3305/3305/3305
f 2904/2904/2904 3305/3305/3305 3306/3306/3306
f 2911/2911/2911 2910/2910/2910 3304/3304/3304
f 2911/2911/2911 3304/3304/3304 3305/3305/3305
f 3305/3305/3305 3304/3304/3304 3254/3254/3254
f 3305/3305/3305 3254/3254/3254 3252/3252/3252
f 3306/3306/3306 3305/3305/3305 3252/3252/3252
f 3306/3306/3306 3252/3252/3252 3250/3250/3250
f 2898/2898/2898 2905/2905/2905 3307/3307/3307
f 2898/2898/2898 3307/3307/3307 3308/3308/3308
f 2905/2905/2905 2904/2904/2904 3306/3306/3306
f 2905/2905/2905 3306/3306/3306 3307/3307/3307
f 3307/3307/3307 3306/3306/3306 3250/3250/3250
f 3307/3307/3307 3250/3250/3250 3248/3248/3248
f 3308/3308/3308 3307/3307/3307 3248/3248/3248
f 3308/3308/3308 3248/3248/3248 3246/3246/3246
f 2892/2892/2892 2899/2899/2899 3309/3309/3309
f 2892/2892/2892 3309/3309/3309 3310/3310/3310
f 2899/2899/2899 2898/2898/2898 3308/3308/3308
f 2899/2899/2899 3308/3308/3308 3309/3309/3309
f 3309/3309/3309 3308/3308/3308 3246/3246/3246
f 3309/3309/3309 3246/3246/3246 3244/3244/3244
f 3310/3310/3310 3309/3309/3309 3244/3244/3244
f 3310/3310/3310 3244/3244/3244 3242/3242/3242
f 2886/2886/2886 2893/2893/2893 3311/3311/3311
f 2886/2886/2886 3311/3311/3311 3312/3312/3312
f 2893/2893/2893 2892/2892/2892 3310/3310/3310
f 2893/2893/2893 3310/3310/3310 3311/3311/3311
f 3311/3311/3311 3310/3310/3310 3242/3242/3242
f 3311/3311/3311 3242/3242/3242 3240/3240/3240
f 3312/3312/3312 3311/3311/3311 3240/3240/3240
f 3312/3312/3312 3240/3240/3240 3238/3238/3238
f 2880/2880/2880 2887/2887/2887 3313/3313/3313
f 2880/2880/2880 3313/3313/3313 3314/3314/3314
f 2887/2887/2887 2886/2886/2886 3312/3312/3312
f 2887/2887/2887 3312/3312/3312 3313/3313/3313
f 3313/3313/3313 3312/3312/3312 3238/3238/3238
f 3313/3313/3313 3238/3238/3238 3236/3236/3236
f 3314/3314/3314 3313/3313/3313 3236/3236/3236
f 3314/3314/3314 3236/3236/3236 3234/3234/3234
f 2874/2874/2874 2881/2881/2881 3315/3315/3315
f 2874/2874/2874 3315/3315/3315 3316/3316/3316
f 2881/2881/2881 2880/2880/2880 3314/3314/3314
f 2881/2881/2881 3314/3314/3314 3315/3315/3315
f 3315/3315/3315 3314/3314/3314 3234/3234/3234
f 3315/3315/3315 3234/3234/3234 3232/3232/3232
f 3316/3316/3316 3315/3315/3315 3232/3232/3232
f 3316/3316/3316 3232/3232/3232 3230/3230/3230
f 2868/2868/2868 2875/2875/2875 3317/3317/3317
f 2868/2868/2868 3317/3317/3317 3318/3318/3318
f 2875/2875/2875 2874/2874/2874 3316/3316/3316
f 2875/2875/2875 3316/3316/3316 3317/3317/3317
f 3317/3317/3317 3316/3316/3316 3230/3230/3230
f 3317/3317/3317 3230/3230/3230 3228/3228/3228
f 3318/3318/3318 3317/3317/3317 3228/3228/3228
f 3318/3318/3318 3228/3228/3228 3226/3226/3226
f 2862/2862/2862 2869/2869/2869 3319/3319/3319
f 2862/2862/2862 3319/3319/3319 3320/3320/3320
f 2869/2869/2869 2868/2868/2868 3318/3318/3318
f 2869/2869/2869 3318/3318/3318 3319/3319/3319
f 3319/3319/3319 3318/3318/3318 3226/3226/3226
f 3319/3319/3319 3226/3226/3226 3224/3224/3224
f 3320/3320/3320 3319/3319/3319 3224/3224/3224
f 3320/3320/3320 3224/3224/3224 3222/3222/3222
f 2856/2856/2856 2863/2863/2863 3321/3321/3321
f 2856/2856/2856 3321/3321/3321 3322/3322/3322
f 2863/2863/2863 2862/2862/2862 3320/3320/3320
f 2863/2863/2863 3320/3320/3320 3321/3321/3321
f 3321/3321/3321 3320/3320/3320 3222/3222/3222
f 3321/3321/3321 3222/3222/3222 3220/3220/3220
f 3322/3322/3322 3321/3321/3321 3220/3220/3220
f 3322/3322/3322 3220/3220/3220 3218/3218/3218
f 2850/2850/2850 2857/2857/2857 3323/3323/3323
f 2850/2850/2850 3323/3323/3323 3324/3324/3324
f 2857/2857/2857 2856/2856/2856 3322/3322/3322
f 2857/2857/2857 3322/3322/3322 3323/3323/3323
f 3323/3323/3323 3322/3322/3322 3218/3218/3218
f 3323/3323/3323 3218/3218/3218 3216/3216/3216
f 3324/3324/3324 3323/3323/3323 3216/3216/3216
f 3324/3324/3324 3216/3216/3216 3214/3214/3214
f 2843/2843/2843 2851/2851/2851 3325/3325/3325
f 2843/2843/2843 3325/3325/3325 3326/3326/3326
f 2851/2851/2851 2850/2850/2850 3324/3324/3324
f 2851/2851/2851 3324/3324/3324 3325/3325/3325
f 3325/3325/3325 3324/3324/3324 3214/3214/3214
f 3325/3325/3325 3214/3214/3214 3212/3212/3212
f 3326/3326/3326 3325/3325/3325 3212/3212/3212
f 3326/3326/3326 3212/3212/3212 3210/3210/3210
f 2845/2845/2845 2844/2844/2844 3327/3327/3327
f 2845/2845/2845 3327/3327/3327 3328/3328/3328
f 2844/2844/2844 2843/2843/2843 3326/3326/3326
f 2844/2844/2844 3326/3326/3326 3327/3327/3327
f 3327/3327/3327 3326/3326/3326 3210/3210/3210
f 3327/3327/3327 3210/3210/3210 3207/3207/3207
f 3328/3328/3328 3327/3327/3327 3207/3207/3207
f 3328/3328/3328 3207/3207/3207 3206/3206/3206
f 3329/3329/3329 3330/3330/3330 3331/3331/3331
f 3329/3329/3329 3331/3331/3331 3332/3332/3332
f 3330/3330/3330 3333/3333/3333 3334/3334/3334
f 3330/3330/3330 3334/3334/3334 3331/3331/3331
f 3331/3331/3331 3334/3334/3334 3046/3046/3046
f 3331/3331/3331 3046/3046/3046 3043/3043/3043
f 3332/3332/3332 3331/3331/3331 3043/3043/3043
f 3332/3332/3332 3043/3043/3043 3042/3042/3042
f 3333/3333/3333 3335/3335/3335 3336/3336/3336
f 3333/3333/3333 3336/3336/3336 3334/3334/3334
f 3335/3335/3335 3337/3337/3337 3338/3338/3338
f 3335/3335/3335 3338/3338/3338 3336/3336/3336
f 3336/3336/3336 3338/3338/3338 3050/3050/3050
f 3336/3336/3336 3050/3050/3050 3048/3048/3048
f 3334/3334/3334 3336/3336/3336 3048/3048/3048
f 3334/3334/3334 3048/3048/3048 3046/3046/3046
f 3337/3337/3337 3339/3339/3339 3340/3340/3340
f 3337/3337/3337 3340/3340/3340 3338/3338/3338
f 3339/3339/3339 3341/3341/3341 3342/3342/3342
f 3339/3339/3339 3342/3342/3342 3340/3340/3340
f 3340/3340/3340 3342/3342/3342 3054/3054/3054
f 3340/3340/3340 3054/3054/3054 3052/3052/3052
f 3338/3338/3338 3340/3340/3340 3052/3052/3052
f 3338/3338/3338 3052/3052/3052 3050/3050/3050
f 3341/3341/3341 3343/3343/3343 3344/3344/3344
f 3341/3341/3341 3344/3344/3344 3342/3342/3342
f 3343/3343/3343 3345/3345/3345 3346/3346/3346
f 3343/3343/3343 3346/3346/3346 3344/3344/3344
f 3344/3344/3344 3346/3346/3346 3058/3058/3058
f 3344/3344/3344 3058/3058/3058 3056/3056/3056
f 3342/3342/3342 3344/3344/3344 3056/3056/3056
f 3342/3342/3342 3056/3056/3056 3054/3054/3054
f 3345/3345/3345 3347/3347/3347 3348/3348/3348
f 3345/3345/3345 3348/3348/3348 3346/3346/3346
f 3347/3347/3347 3349/3349/3349 3350/3350/3350
f 3347/3347/3347 3350/3350/3350 3348/3348/3348
f 3348/3348/3348 3350/3350/3350 3062/3062/3062
f 3348/3348/3348 3062/3062/3062 3060/3060/3060
f 3346/3346/3346 3348/3348/3348 3060/3060/3060
f 3346/3346/3346 3060/3060/3060 3058/3058/3058
f 3349/3349/3349 3351/3351/3351 3352/3352/3352
f 3349/3349/3349 3352/3352/3352 3350/3350/3350
f 3351/3351/3351 3353/3353/3353 3354/3354/3354
f 3351/3351/3351 3354/3354/3354 3352/3352/3352
f 3352/3352/3352 3354/3354/3354 3066/3066/3066
f 3352/3352/3352 3066/3066/3066 3064/3064/3064
f 3350/3350/3350 3352/3352/3352 3064/3064/3064
f 3350/3350/3350 3064/3064/3064 3062/3062/3062
f 3353/3353/3353 3355/3355/3355 3356/3356/3356
f 3353/3353/3353 3356/3356/3356 3354/3354/3354
f 3355/3355/3355 3357/3357/3357 3358/3358/3358
f 3355/3355/3355 3358/3358/3358 3356/3356/3356
f 3356/3356/3356 3358/3358/3358 3070/3070/3070
f 3356/3356/3356 3070/3070/3070 3068/3068/3068
f 3354/3354/3354 3356/3356/3356 3068/3068/3068
f 3354/3354/3354 3068/3068/3068 3066/3066/3066
f 3357/3357/3357 3359/3359/3359 3360/3360/3360
f 3357/3357/3357 3360/3360/3360 3358/3358/3358
f 3359/3359/3359 3361/3361/3361 3362/3362/3362
f 3359/3359/3359 3362/3362/3362 3360/3360/3360
f 3360/3360/3360 3362/3362/3362 3074/3074/3074
f 3360/3360/3360 3074/3074/3074 3072/3072/3072
f 3358/3358/3358 3360/3360/3360 3072/3072/3072
f 3358/3358/3358 3072/3072/3072 3070/3070/3070
f 3361/3361/3361 3363/3363/3363 3364/3364/3364
f 3361/3361/3361 3364/3364/3364 3362/3362/3362
f 3363/3363/3363 3365/3365/3365 3366/3366/3366
f 3363/3363/3363 3366/3366/3366 3364/3364/3364
f 3364/3364/3364 3366/3366/3366 3078/3078/3078
f 3364/3364/3364 3078/3078/3078 3076/3076/3076
f 3362/3362/3362 3364/3364/3364 3076/3076/3076
f 3362/3362/3362 3076/3076/3076 3074/3074/3074
f 3365/3365/3365 3367/3367/3367 3368/3368/3368
f 3365/3365/3365 3368/3368/3368 3366/3366/3366
f 3367/3367/3367 3369/3369/3369 3370/3370/3370
f 3367/3367/3367 3370/3370/3370 3368/3368/3368
f 3368/3368/3368 3370/3370/3370 3082/3082/3082
f 3368/3368/3368 3082/3082/3082 3080/3080/3080
f 3366/3366/3366 3368/3368/3368 3080/3080/3080
f 3366/3366/3366 3080/3080/3080 3078/3078/3078
f 3369/3369/3369 3371/3371/3371 3372/3372/3372
f 3369/3369/3369 3372/3372/3372 3370/3370/3370
f 3371/3371/3371 3373/3373/3373 3374/3374/3374
f 3371/3371/3371 3374/3374/3374 3372/3372/3372
f 3372/3372/3372 3374/3374/3374 3086/3086/3086
f 3372/3372/3372 3086/3086/3086 3084/3084/3084
f 3370/3370/3370 3372/3372/3372 3084/3084/3084
f 3370/3370/3370 3084/3084/3084 3082/3082/3082
f 3373/3373/3373 3375/3375/3375 3376/3376/3376
f 3373/3373/3373 3376/3376/3376 3374/3374/3374
f 3375/3375/3375 3377/3377/3377 3378/3378/3378
f 3375/3375/3375 3378/3378/3378 3376/3376/3376
f 3376/3376/3376 3378/3378/3378 3090/3090/3090
f 3376/3376/3376 3090/3090/3090 3088/3088/3088
f 3374/3374/3374 3376/3376/3376 3088/3088/3088
f 3374/3374/3374 3088/3088/3088 3086/3086/3086
f 3377/3377/3377 3379/3379/3379 3380/3380/3380
f 3377/3377/3377 3380/3380/3380 3378/3378/3378
f 3379/3379/3379 3381/3381/3381 3382/3382/3382
f 3379/3379/3379 3382/3382/3382 3380/3380/3380
f 3380/3380/3380 3382/3382/3382 3094/3094/3094
f 3380/3380/3380 3094/3094/3094 3092/3092/3092
f 3378/3378/3378 3380/3380/3380 3092/3092/3092
f 3378/3378/3378 3092/3092/3092 3090/3090/3090
f 3381/3381/3381 3383/3383/3383 3384/3384/3384
f 3381/3381/3381 3384/3384/3384 3382/3382/3382
f 3383/3383/3383 3385/3385/3385 3386/3386/3386
f 3383/3383/3383 3386/3386/3386 3384/3384/3384
f 3384/3384/3384 3386/3386/3386 3098/3098/3098
f 3384/3384/3384 3098/3098/3098 3096/3096/3096
f 3382/3382/3382 3384/3384/3384 3096/3096/3096
f 3382/3382/3382 3096/3096/3096 3094/3094/3094
f 3385/3385/3385 3387/3387/3387 3388/3388/3388
f 3385/3385/3385 3388/3388/3388 3386/3386/3386
f 3387/3387/3387 3389/3389/3389 3390/3390/3390
f 3387/3387/3387 3390/3390/3390 3388/3388/3388
f 3388/3388/3388 3390/3390/3390 3102/3102/3102
f 3388/3388/3388 3102/3102/3102 3100/3100/3100
f 3386/3386/3386 3388/3388/3388 3100/3100/3100
f 3386/3386/3386 3100/3100/3100 3098/3098/3098
f 3389/3389/3389 3391/3391/3391 3392/3392/3392
f 3389/3389/3389 3392/3392/3392 3390/3390/3390
f 3391/3391/3391 3393/3393/3393 3394/3394/3394
f 3391/3391/3391 3394/3394/3394 3392/3392/3392
f 3392/3392/3392 3394/3394/3394 3106/3106/3106
f 3392/3392/3392 3106/3106/3106 3104/3104/3104
f 3390/3390/3390 3392/3392/3392 3104/3104/3104
f 3390/3390/3390 3104/3104/3104 3102/3102/3102
f 3393/3393/3393 3395/3395/3395 3396/3396/3396
f 3393/3393/3393 3396/3396/3396 3394/3394/3394
f 3395/3395/3395 3397/3397/3397 3398/3398/3398
f 3395/3395/3395 3398/3398/3398 3396/3396/3396
f 3396/3396/3396 3398/3398/3398 3110/3110/3110
f 3396/3396/3396 3110/3110/3110 3108/3108/3108
f 3394/3394/3394 3396/3396/3396 3108/3108/3108
f 3394/3394/3394 3108/3108/3108 3106/3106/3106
f 3397/3397/3397 3399/3399/3399 3400/3400/3400
f 3397/3397/3397 3400/3400/3400 3398/3398/3398
f 3399/3399/3399 3401/3401/3401 3402/3402/3402
f 3399/3399/3399 3402/3402/3402 3400/3400/3400
f 3400/3400/3400 3402/3402/3402 3114/3114/3114
f 3400/3400/3400 3114/3114/3114 3112/3112/3112
f 3398/3398/3398 3400/3400/3400 3112/3112/3112
f 3398/3398/3398 3112/3112/3112 3110/3110/3110
f 3401/3401/3401 3403/3403/3403 3404/3404/3404
f 3401/3401/3401 3404/3404/3404 3402/3402/3402
f 3403/3403/3403 3405/3405/3405 3406/3406/3406
f 3403/3403/3403 3406/3406/3406 3404/3404/3404
f 3404/3404/3404 3406/3406/3406 3118/3118/3118
f 3404/3404/3404 3118/3118/3118 3116/3116/3116
f 3402/3402/3402 3404/3404/3404 3116/3116/3116
f 3402/3402/3402 3116/3116/3116 3114/3114/3114
f 3405/3405/3405 3407/3407/3407 3408/3408/3408
f 3405/3405/3405 3408/3408/3408 3406/3406/3406
f 3407/3407/3407 3409/3409/3409 3410/3410/3410
f 3407/3407/3407 3410/3410/3410 3408/3408/3408
f 3408/3408/3408 3410/3410/3410 3122/3122/3122
f 3408/3408/3408 3122/3122/3122 3120/3120/3120
f 3406/3406/3406 3408/3408/3408 3120/3120/3120
f 3406/3406/3406 3120/3120/3120 3118/3118/3118
f 3129/3129/3129 3128/3128/3128 3411/3411/3411
f 3129/3129/3129 3411/3411/3411 3412/3412/3412
f 3128/3128/3128 3127/3127/3127 3413/3413/3413
f 3128/3128/3128 3413/3413/3413 3411/3411/3411
f 3411/3411/3411 3413/3413/3413 3414/3414/3414
f 3411/3411/3411 3414/3414/3414 3415/3415/3415
f 3412/3412/3412 3411/3411/3411 3415/3415/3415
f 3412/3412/3412 3415/3415/3415 3416/3416/3416
f 3133/3133/3133 3132/3132/3132 3417/3417/3417
f 3133/3133/3133 3417/3417/3417 3418/3418/3418
f 3132/3132/3132 3129/3129/3129 3412/3412/3412
f 3132/3132/3132 3412/3412/3412 3417/3417/3417
f 3417/3417/3417 3412/3412/3412 3416/3416/3416
f 3417/3417/3417 3416/3416/3416 3419/3419/3419
f 3418/3418/3418 3417/3417/3417 3419/3419/3419
f 3418/3418/3418 3419/3419/3419 3420/3420/3420
f 3137/3137/3137 3136/3136/3136 3421/3421/3421
f 3137/3137/3137 3421/3421/3421 3422/3422/3422
f 3136/3136/3136 3133/3133/3133 3418/3418/3418
f 3136/3136/3136 3418/3418/3418 3421/3421/3421
f 3421/3421/3421 3418/3418/3418 3420/3420/3420
f 3421/3421/3421 3420/3420/3420 3423/3423/3423
f 3422/3422/3422 3421/3421/3421 3423/3423/3423
f 3422/3422/3422 3423/3423/3423 3424/3424/3424
f 3141/3141/3141 3140/3140/3140 3425/3425/3425
f 3141/3141/3141 3425/3425/3425 3426/3426/3426
f 3140/3140/3140 3137/3137/3137 3422/3422/3422
f 3140/3140/3140 3422/3422/3422 3425/3425/3425
f 3425/3425/3425 3422/3422/3422 3424/3424/3424
f 3425/3425/3425 3424/3424/3424 3427/3427/3427
f 3426/3426/3426 3425/3425/3425 3427/3427/3427
f 3426/3426/3426 3427/3427/3427 3428/3428/3428
f 3145/3145/3145 3144/3144/3144 3429/3429/3429
f 3145/3145/3145 3429/3429/3429 3430/3430/3430
f 3144/3144/3144 3141/3141/3141 3426/3426/3426
f 3144/3144/3144 3426/3426/3426 3429/3429/3429
f 3429/3429/3429 3426/3426/3426 3428/3428/3428
f 3429/3429/3429 3428/3428/3428 3431/3431/3431
f 3430/3430/3430 3429/3429/3429 3431/3431/3431
f 3430/3430/3430 3431/3431/3431 3432/3432/3432
f 3149/3149/3149 3148/3148/3148 3433/3433/3433
f 3149/3149/3149 3433/3433/3433 3434/3434/3434
f 3148/3148/3148 3145/3145/3145 3430/3430/3430
f 3148/3148/3148 3430/3430/3430 3433/3433/3433
f 3433/3433/3433 3430/3430/3430 3432/3432/3432
f 3433/3433/3433 3432/3432/3432 3435/3435/3435
f 3434/3434/3434 3433/3433/3433 3435/3435/3435
f 3434/3434/3434 3435/3435/3435 3436/3436/3436
f 3153/3153/3153 3152/3152/3152 3437/3437/3437
f 3153/3153/3153 3437/3437/3437 3438/3438/3438
f 3152/3152/3152 3149/3149/3149 3434/3434/3434
f 3152/3152/3152 3434/3434/3434 3437/3437/3437
f 3437/3437/3437 3434/3434/3434 3436/3436/3436
f 3437/3437/3437 3436/3436/3436 3439/3439/3439
f 3438/3438/3438 3437/3437/3437 3439/3439/3439
f 3438/3438/3438 3439/3439/3439 3440/3440/3440
f 3157/3157/3157 3156/3156/3156 3441/3441/3441
f 3157/3157/3157 3441/3441/3441 3442/3442/3442
f 3156/3156/3156 3153/3153/3153 3438/3438/3438
f 3156/3156/3156 3438/3438/3438 3441/3441/3441
f 3441/3441/3441 3438/3438/3438 3440/3440/3440
f 3441/3441/3441 3440/3440/3440 3443/3443/3443
f 3442/3442/3442 3441/3441/3441 3443/3443/3443
f 3442/3442/3442 3443/3443/3443 3444/3444/3444
f 3161/3161/3161 3160/3160/3160 3445/3445/3445
f 3161/3161/3161 3445/3445/3445 3446/3446/3446
f 3160/3160/3160 3157/3157/3157 3442/3442/3442
f 3160/3160/3160 3442/3442/3442 3445/3445/3445
f 3445/3445/3445 3442/3442/3442 3444/3444/3444
f 3445/3445/3445 3444/3444/3444 3447/3447/3447
f 3446/3446/3446 3445/3445/3445 3447/3447/3447
f 3446/3446/3446 3447/3447/3447 3448/3448/3448
f 3165/3165/3165 3164/3164/3164 3449/3449/3449
f 3165/3165/3165 3449/3449/3449 3450/3450/3450
f 3164/3164/3164 3161/3161/3161 3446/3446/3446
f 3164/3164/3164 3446/3446/3446 3449/3449/3449
f 3449/3449/3449 3446/3446/3446 3448/3448/3448
f 3449/3449/3449 3448/3448/3448 3451/3451/3451
f 3450/3450/3450 3449/3449/3449 3451/3451/3451
f 3450/3450/3450 3451/3451/3451 3452/3452/3452
f 3169/3169/3169 3168/3168/3168 3453/3453/3453
f 3169/3169/3169 3453/3453/3453 3454/3454/3454
f 3168/3168/3168 3165/3165/3165 3450/3450/3450
f 3168/3168/3168 3450/3450/3450 3453/3453/3453
f 3453/3453/3453 3450/3450/3450 3452/3452/3452
f 3453/3453/3453 3452/3452/3452 3455/3455/3455
f 3454/3454/3454 3453/3453/3453 3455/3455/3455
f 3454/3454/3454 3455/3455/3455 3456/3456/3456
f 3173/3173/3173 3172/3172/3172 3457/3457/3457
f 3173/3173/3173 3457/3457/3457 3458/3458/3458
f 3172/3172/3172 3169/3169/3169 3454/3454/3454
f 3172/3172/3172 3454/3454/3454 3457/3457/3457
f 3457/3457/3457 3454/3454/3454 3456/3456/3456
f 3457/3457/3457 3456/3456/3456 3459/3459/3459
f 3458/3458/3458 3457/3457/3457 3459/3459/3459
f 3458/3458/3458 3459/3459/3459 3460/3460/3460
f 3177/3177/3177 3176/3176/3176 3461/3461/3461
f 3177/3177/3177 3461/3461/3461 3462/3462/3462
f 3176/3176/3176 3173/3173/3173 3458/3458/3458
f 3176/3176/3176 3458/3458/3458 3461/3461/3461
f 3461/3461/3461 3458/3458/3458 3460/3460/3460
f 3461/3461/3461 3460/3460/3460 3463/3463/3463
f 3462/3462/3462 3461/3461/3461 3463/3463/3463
f 3462/3462/3462 3463/3463/3463 3464/3464/3464
f 3181/3181/3181 3180/3180/3180 3465/3465/3465
f 3181/3181/3181 3465/3465/3465 3466/3466/3466
f 3180/3180/3180 3177/3177/3177 3462/3462/3462
f 3180/3180/3180 3462/3462/3462 3465/3465/3465
f 3465/3465/3465 3462/3462/3462 3464/3464/3464
f 3465/3465/3465 3464/3464/3464 3467/3467/3467
f 3466/3466/3466 3465/3465/3465 3467/3467/3467
f 3466/3466/3466 3467/3467/3467 3468/3468/3468
f 3185/3185/3185 3184/3184/3184 3469/3469/3469
f 3185/3185/3185 3469/3469/3469 3470/3470/3470
f 3184/3184/3184 3181/3181/3181 3466/3466/3466
f 3184/3184/3184 3466/3466/3466 3469/3469/3469
f 3469/3469/3469 3466/3466/3466 3468/3468/3468
f 3469/3469/3469 3468/3468/3468 3471/3471/3471
f 3470/3470/3470 3469/3469/3469 3471/3471/3471
f 3470/3470/3470 3471/3471/3471 3472/3472/3472
f 3189/3189/3189 3188/3188/3188 3473/3473/3473
f 3189/3189/3189 3473/3473/3473 3474/3474/3474
f 3188/3188/3188 3185/3185/3185 3470/3470/3470
f 3188/3188/3188 3470/3470/3470 3473/3473/3473
f 3473/3473/3473 3470/3470/3470 3472/3472/3472
f 3473/3473/3473 3472/3472/3472 3475/3475/3475
f 3474/3474/3474 3473/3473/3473 3475/3475/3475
f 3474/3474/3474 3475/3475/3475 3476/3476/3476
f 3193/3193/3193 3192/3192/3192 3477/3477/3477
f 3193/3193/3193 3477/3477/3477 3478/3478/3478
f 3192/3192/3192 3189/3189/3189 3474/3474/3474
f 3192/3192/3192 3474/3474/3474 3477/3477/3477
f 3477/3477/3477 3474/3474/3474 3476/3476/3476
f 3477/3477/3477 3476/3476/3476 3479/3479/3479
f 3478/3478/3478 3477/3477/3477 3479/3479/3479
f 3478/3478/3478 3479/3479/3479 3480/3480/3480
f 3197/3197/3197 3196/3196/3196 3481/3481/3481
f 3197/3197/3197 3481/3481/3481 3482/3482/3482
f 3196/3196/3196 3193/3193/3193 3478/3478/3478
f 3196/3196/3196 3478/3478/3478 3481/3481/3481
f 3481/3481/3481 3478/3478/3478 3480/3480/3480
f 3481/3481/3481 3480/3480/3480 3483/3483/3483
f 3482/3482/3482 3481/3481/3481 3483/3483/3483
f 3482/3482/3482 3483/3483/3483 3484/3484/3484
f 3201/3201/3201 3200/3200/3200 3485/3485/3485
f 3201/3201/3201 3485/3485/3485 3486/3486/3486
f 3200/3200/3200 3197/3197/3197 3482/3482/3482
f 3200/3200/3200 3482/3482/3482 3485/3485/3485
f 3485/3485/3485 3482/3482/3482 3484/3484/3484
f 3485/3485/3485 3484/3484/3484 3487/3487/3487
f 3486/3486/3486 3485/3485/3485 3487/3487/3487
f 3486/3486/3486 3487/3487/3487 3488/3488/3488
f 3205/3205/3205 3204/3204/3204 3489/3489/3489
f 3205/3205/3205 3489/3489/3489 3490/3490/3490
f 3204/3204/3204 3201/3201/3201 3486/3486/3486
f 3204/3204/3204 3486/3486/3486 3489/3489/3489
f 3489/3489/3489 3486/3486/3486 3488/3488/3488
f 3489/3489/3489 3488/3488/3488 3491/3491/3491
f 3490/3490/3490 3489/3489/3489 3491/3491/3491
f 3490/3490/3490 3491/3491/3491 3492/3492/3492
f 3416/3416/3416 3415/3415/3415 3493/3493/3493
f 3416/3416/3416 3493/3493/3493 3494/3494/3494
f 3415/3415/3415 3414/3414/3414 3495/3495/3495
f 3415/3415/3415 3495/3495/3495 3493/3493/3493
f 3493/3493/3493 3495/3495/3495 3496/3496/3496
f 3493/3493/3493 3496/3496/3496 3497/3497/3497
f 3494/3494/3494 3493/3493/3493 3497/3497/3497
f 3494/3494/3494 3497/3497/3497 3498/3498/3498
f 3420/3420/3420 3419/3419/3419 3499/3499/3499
f 3420/3420/3420 3499/3499/3499 3500/3500/3500
f 3419/3419/3419 3416/3416/3416 3494/3494/3494
f 3419/3419/3419 3494/3494/3494 3499/3499/3499
f 3499/3499/3499 3494/3494/3494 3498/3498/3498
f 3499/3499/3499 3498/3498/3498 3501/3501/3501
f 3500/3500/3500 3499/3499/3499 3501/3501/3501
f 3500/3500/3500 3501/3501/3501 3502/3502/3502
f 3424/3424/3424 3423/3423/3423 3503/3503/3503
f 3424/3424/3424 3503/3503/3503 3504/3504/3504
f 3423/3423/3423 3420/3420/3420 3500/3500/3500
f 3423/3423/3423 3500/3500/3500 3503/3503/3503
f 3503/3503/3503 3500/3500/3500 3502/3502/3502
f 3503/3503/3503 3502/3502/3502 3505/3505/3505
f 3504/3504/3504 3503/3503/3503 3505/3505/3505
f 3504/3504/3504 3505/3505/3505 3506/3506/3506
f 3428/3428/3428 3427/3427/3427 3507/3507/3507
f 3428/3428/3428 3507/3507/3507 3508/3508/3508
f 3427/3427/3427 3424/3424/3424 3504/3504/3504
f 3427/3427/3427 3504/3504/3504 3507/3507/3507
f 3507/3507/3507 3504/3504/3504 3506/3506/3506
f 3507/3507/3507 3506/3506/3506 3509/3509/3509
f 3508/3508/3508 3507/3507/3507 3509/3509/3509
f 3508/3508/3508 3509/3509/3509 3510/3510/3510
f 3432/3432/3432 3431/3431/3431 3511/3511/3511
f 3432/3432/3432 3511/3511/3511 3512/3512/3512
f 3431/3431/3431 3428/3428/3428 3508/3508/3508
f 3431/3431/3431 3508/3508/3508 3511/3511/3511
f 3511/3511/3511 3508/3508/3508 3510/3510/3510
f 3511/3511/3511 3510/3510/3510 3513/3513/3513
f 3512/3512/3512 3511/3511/3511 3513/3513/3513
f 3512/3512/3512 3513/3513/3513 3514/3514/3514
f 3436/3436/3436 3435/3435/3435 3515/3515/3515
f 3436/3436/3436 3515/3515/3515 3516/3516/3516
f 3435/3435/3435 3432/3432/3432 3512/3512/3512
f 3435/3435/3435 3512/3512/3512 3515/3515/3515
f 3515/3515/3515 3512/3512/3512 3514/3514/3514
f 3515/3515/3515 3514/3514/3514 3517/3517/3517
f 3516/3516/3516 3515/3515/3515 3517/3517/3517
f 3516/3516/3516 3517/3517/3517 3518/3518/3518
f 3440/3440/3440 3439/3439/3439 3519/3519/3519
f 3440/3440/3440 3519/3519/3519 3520/3520/3520
f 3439/3439/3439 3436/3436/3436 3516/3516/3516
f 3439/3439/3439 3516/3516/3516 3519/3519/3519
f 3519/3519/3519 3516/3516/3516 3518/3518/3518
f 3519/3519/3519 3518/3518/3518 3521/3521/3521
f 3520/3520/3520 3519/3519/3519 3521/3521/3521
f 3520/3520/3520 3521/3521/3521 3522/3522/3522
f 3444/3444/3444 3443/3443/3443 3523/3523/3523
f 3444/3444/3444 3523/3523/3523 3524/3524/3524
f 3443/3443/3443 3440/3440/3440 3520/3520/3520
f 3443/3443/3443 3520/3520/3520 3523/3523/3523
f 3523/3523/3523 3520/3520/3520 3522/3522/3522
f 3523/3523/3523 3522/3522/3522 3525/3525/3525
f 3524/3524/3524 3523/3523/3523 3525/3525/3525
f 3524/3524/3524 3525/3525/3525 3526/3526/3526
f 3448/3448/3448 3447/3447/3447 3527/3527/3527
f 3448/3448/3448 3527/3527/3527 3528/3528/3528
f 3447/3447/3447 3444/3444/3444 3524/3524/3524
f 3447/3447/3447 3524/3524/3524 3527/3527/3527
f 3527/3527/3527 3524/3524/3524 3526/3526/3526
f 3527/3527/3527 3526/3526/3526 3529/3529/3529
f 3528/3528/3528 3527/3527/3527 3529/3529/3529
f 3528/3528/3528 3529/3529/3529 3530/3530/3530
f 3452/3452/3452 3451/3451/3451 3531/3531/3531
f 3452/3452/3452 3531/3531/3531 3532/3532/3532
f 3451/3451/3451 3448/3448/3448 3528/3528/3528
f 3451/3451/3451 3528/3528/3528 3531/3531/3531
f 3531/3531/3531 3528/3528/3528 3530/3530/3530
f 3531/3531/3531 3530/3530/3530 3533/3533/3533
f 3532/3532/3532 3531/3531/3531 3533/3533/3533
f 3532/3532/3532 3533/3533/3533 3534/3534/3534
f 3456/3456/3456 3455/3455/3455 3535/3535/3535
f 3456/3456/3456 3535/3535/3535 3536/3536/3536
f 3455/3455/3455 3452/3452/3452 3532/3532/3532
f 3455/3455/3455 3532/3532/3532 3535/3535/3535
f 3535/3535/3535 3532/3532/3532 3534/3534/3534
f 3535/3535/3535 3534/3534/3534 3537/3537/3537
f 3536/3536/3536 3535/3535/3535 3537/3537/3537
f 3536/3536/3536 3537/3537/3537 3538/3538/3538
f 3460/3460/3460 3459/3459/3459 3539/3539/3539
f 3460/3460/3460 3539/3539/3539 3540/3540/3540
f 3459/3459/3459 3456/3456/3456 3536/3536/3536
f 3459/3459/3459 3536/3536/3536 3539/3539/3539
f 3539/3539/3539 3536/3536/3536 3538/3538/3538
f 3539/3539/3539 3538/3538/3538 3541/3541/3541
f 3540/3540/3540 3539/3539/3539 3541/3541/3541
f 3540/3540/3540 3541/3541/3541 3542/3542/3542
f 3464/3464/3464 3463/3463/3463 3543/3543/3543
f 3464/3464/3464 3543/3543/3543 3544/3544/3544
f 3463/3463/3463 3460/3460/3460 3540/3540/3540
f 3463/3463/3463 3540/3540/3540 3543/3543/3543
f 3543/3543/3543 3540/3540/3540 3542/3542/3542
f 3543/3543/3543 3542/3542/3542 3545/3545/3545
f 3544/3544/3544 3543/3543/3543 3545/3545/3545
f 3544/3544/3544 3545/3545/3545 3546/3546/3546
f 3468/3468/3468 3467/3467/3467 3547/3547/3547
f 3468/3468/3468 3547/3547/3547 3548/3548/3548
f 3467/3467/3467 3464/3464/3464 3544/3544/3544
f 3467/3467/3467 3544/3544/3544 3547/3547/3547
f 3547/3547/3547 3544/3544/3544 3546/3546/3546
f 3547/3547/3547 3546/3546/3546 3549/3549/3549
f 3548/3548/3548 3547/3547/3547 3549/3549/3549
f 3548/3548/3548 3549/3549/3549 3550/3550/3550
f 3472/3472/3472 3471/3471/3471 3551/3551/3551
f 3472/3472/3472 3551/3551/3551 3552/3552/3552
f 3471/3471/3471 3468/3468/3468 3548/3548/3548
f 3471/3471/3471 3548/3548/3548 3551/3551/3551
f 3551/3551/3551 3548/3548/3548 3550/3550/3550
f 3551/3551/3551 3550/3550/3550 3553/3553/3553
f 3552/3552/3552 3551/3551/3551 3553/3553/3553
f 3552/3552/3552 3553/3553/3553 3554/3554/3554
f 3476/3476/3476 3475/3475/3475 3555/3555/3555
f 3476/3476/3476 3555/3555/3555 3556/3556/3556
f 3475/3475/3475 3472/3472/3472 3552/3552/3552
f 3475/3475/3475 3552/3552/3552 3555/3555/3555
f 3555/3555/3555 3552/3552/3552 3554/3554/3554
f 3555/3555/3555 3554/3554/3554 3557/3557/3557
f 3556/3556/3556 3555/3555/3555 3557/3557/3557
f 3556/3556/3556 3557/3557/3557 3558/3558/3558
f 3480/3480/3480 3479/3479/3479 3559/3559/3559
f 3480/3480/3480 3559/3559/3559 3560/3560/3560
f 3479/3479/3479 3476/3476/3476 3556/3556/3556
f 3479/3479/3479 3556/3556/3556 3559/3559/3559
f 3559/3559/3559 3556/3556/3556 3558/3558/3558
f 3559/3559/3559 3558/3558/3558 3561/3561/3561
f 3560/3560/3560 3559/3559/3559 3561/3561/3561
f 3560/3560/3560 3561/3561/3561 3562/3562/3562
f 3484/3484/3484 3483/3483/3483 3563/3563/3563
f 3484/3484/3484 3563/3563/3563 3564/3564/3564
f 3483/3483/3483 3480/3480/3480 3560/3560/3560
f 3483/3483/3483 3560/3560/3560 3563/3563/3563
f 3563/3563/3563 3560/3560/3560 3562/3562/3562
f 3563/3563/3563 3562/3562/3562 3565/3565/3565
f 3564/3564/3564 3563/3563/3563 3565/3565/3565
f 3564/3564/3564 3565/3565/3565 3566/3566/3566
f 3488/3488/3488 3487/3487/3487 3567/3567/3567
f 3488/3488/3488 3567/3567/3567 3568/3568/3568
f 3487/3487/3487 3484/3484/3484 3564/3564/3564
f 3487/3487/3487 3564/3564/3564 3567/3567/3567
f 3567/3567/3567 3564/3564/3564 3566/3566/3566
f 3567/3567/3567 3566/3566/3566 3569/3569/3569
f 3568/3568/3568 3567/3567/3567 3569/3569/3569
f 3568/3568/3568 3569/3569/3569 3570/3570/3570
f 3492/3492/3492 3491/3491/3491 3571/3571/3571
f 3492/3492/3492 3571/3571/3571 3572/3572/3572
f 3491/3491/3491 3488/3488/3488 3568/3568/3568
f 3491/3491/3491 3568/3568/3568 3571/3571/3571
f 3571/3571/3571 3568/3568/3568 3570/3570/3570
f 3571/3571/3571 3570/3570/3570 3573/3573/3573
f 3572/3572/3572 3571/3571/3571 3573/3573/3573
f 3572/3572/3572 3573/3573/3573 3574/3574/3574
f 3575/3575/3575 3576/3576/3576 3577/3577/3577
f 3575/3575/3575 3577/3577/3577 3578/3578/3578
f 3576/3576/3576 3579/3579/3579 3580/3580/3580
f 3576/3576/3576 3580/3580/3580 3577/3577/3577
f 3577/3577/3577 3580/3580/3580 3333/3333/3333
f 3577/3577/3577 3333/3333/3333 3330/3330/3330
f 3578/3578/3578 3577/3577/3577 3330/3330/3330
f 3578/3578/3578 3330/3330/3330 3329/3329/3329
f 3579/3579/3579 3581/3581/3581 3582/3582/3582
f 3579/3579/3579 3582/3582/3582 3580/3580/3580
f 3581/3581/3581 3583/3583/3583 3584/3584/3584
f 3581/3581/3581 3584/3584/3584 3582/3582/3582
f 3582/3582/3582 3584/3584/3584 3337/3337/3337
f 3582/3582/3582 3337/3337/3337 3335/3335/3335
f 3580/3580/3580 3582/3582/3582 3335/3335/3335
f 3580/3580/3580 3335/3335/3335 3333/3333/3333
f 3583/3583/3583 3585/3585/3585 3586/3586/3586
f 3583/3583/3583 3586/3586/3586 3584/3584/3584
f 3585/3585/3585 3587/3587/3587 3588/3588/3588
f 3585/3585/3585 3588/3588/3588 3586/3586/3586
f 3586/3586/3586 3588/3588/3588 3341/3341/3341
f 3586/3586/3586 3341/3341/3341 3339/3339/3339
f 3584/3584/3584 3586/3586/3586 3339/3339/3339
f 3584/3584/3584 3339/3339/3339 3337/3337/3337
f 3587/3587/3587 3589/3589/3589 3590/3590/3590
f 3587/3587/3587 3590/3590/3590 3588/3588/3588
f 3589/3589/3589 3591/3591/3591 3592/3592/3592
f 3589/3589/3589 3592/3592/3592 3590/3590/3590
f 3590/3590/3590 3592/3592/3592 3345/3345/3345
f 3590/3590/3590 3345/3345/3345 3343/3343/3343
f 3588/3588/3588 3590/3590/3590 3343/3343/3343
f 3588/3588/3588 3343/3343/3343 3341/3341/3341
f 3591/3591/3591 3593/3593/3593 3594/3594/3594
f 3591/3591/3591 3594/3594/3594 3592/3592/3592
f 3593/3593/3593 3595/3595/3595 3596/3596/3596
f 3593/3593/3593 3596/3596/3596 3594/3594/3594
f 3594/3594/3594 3596/3596/3596 3349/3349/3349
f 3594/3594/3594 3349/3349/3349 3347/3347/3347
f 3592/3592/3592 3594/3594/3594 3347/3347/3347
f 3592/3592/3592 3347/3347/3347 3345/3345/3345
f 3595/3595/3595 3597/3597/3597 3598/3598/3598
f 3595/3595/3595 3598/3598/3598 3596/3596/3596
f 3597/3597/3597 3599/3599/3599 3600/3600/3600
f 3597/3597/3597 3600/3600/3600 3598/3598/3598
f 3598/3598/3598 3600/3600/3600 3353/3353/3353
f 3598/3598/3598 3353/3353/3353 3351/3351/3351
f 3596/3596/3596 3598/3598/3598 3351/3351/3351
f 3596/3596/3596 3351/3351/3351 3349/3349/3349
f 3599/3599/3599 3601/3601/3601 3602/3602/3602
f 3599/3599/3599 3602/3602/3602 3600/3600/3600
f 3601/3601/3601 3603/3603/3603 3604/3604/3604
f 3601/3601/3601 3604/3604/3604 3602/3602/3602
f 3602/3602/3602 3604/3604/3604 3357/3357/3357
f 3602/3602/3602 3357/3357/3357 3355/3355/3355
f 3600/3600/3600 3602/3602/3602 3355/3355/3355
f 3600/3600/3600 3355/3355/3355 3353/3353/3353
f 3603/3603/3603 3605/3605/3605 3606/3606/3606
f 3603/3603/3603 3606/3606/3606 3604/3604/3604
f 3605/3605/3605 3607/3607/3607 3608/3608/3608
f 3605/3605/3605 3608/3608/3608 3606/3606/3606
f 3606/3606/3606 3608/3608/3608 3361/3361/3361
f 3606/3606/3606 3361/3361/3361 3359/3359/3359
f 3604/3604/3604 3606/3606/3606 3359/3359/3359
f 3604/3604/3604 3359/3359/3359 3357/3357/3357
f 3607/3607/3607 3609/3609/3609 3610/3610/3610
f 3607/3607/3607 3610/3610/3610 3608/3608/3608
f 3609/3609/3609 3611/3611/3611 3612/3612/3612
f 3609/3609/3609 3612/3612/3612 3610/3610/3610
f 3610/3610/3610 3612/3612/3612 3365/3365/3365
f 3610/3610/3610 3365/3365/3365 3363/3363/3363
f 3608/3608/3608 3610/3610/3610 3363/3363/3363
f 3608/3608/3608 3363/3363/3363 3361/3361/3361
f 3611/3611/3611 3613/3613/3613 3614/3614/3614
f 3611/3611/3611 3614/3614/3614 3612/3612/3612
f 3613/3613/3613 3615/3615/3615 3616/3616/3616
f 3613/3613/3613 3616/3616/3616 3614/3614/3614
f 3614/3614/3614 3616/3616/3616 3369/3369/3369
f 3614/3614/3614 3369/3369/3369 3367/3367/3367
f 3612/3612/3612 3614/3614/3614 3367/3367/3367
f 3612/3612/3612 3367/3367/3367 3365/3365/3365
f 3615/3615/3615 3617/3617/3617 3618/3618/3618
f 3615/3615/3615 3618/3618/3618 3616/3616/3616
f 3617/3617/3617 3619/3619/3619 3620/3620/3620
f 3617/3617/3617 3620/3620/3620 3618/3618/3618
f 3618/3618/3618 3620/3620/3620 3373/3373/3373
f 3618/3618/3618 3373/3373/3373 3371/3371/3371
f 3616/3616/3616 3618/3618/3618 3371/3371/3371
f 3616/3616/3616 3371/3371/3371 3369/3369/3369
f 3619/3619/3619 3621/3621/3621 3622/3622/3622
f 3619/3619/3619 3622/3622/3622 3620/3620/3620
f 3621/3621/3621 3623/3623/3623 3624/3624/3624
f 3621/3621/3621 3624/3624/3624 3622/3622/3622
f 3622/3622/3622 3624/3624/3624 3377/3377/3377
f 3622/3622/3622 3377/3377/3377 3375/3375/3375
f 3620/3620/3620 3622/3622/3622 3375/3375/3375
f 3620/3620/3620 3375/3375/3375 3373/3373/3373
f 3623/3623/3623 3625/3625/3625 3626/3626/3626
f 3623/3623/3623 3626/3626/3626 3624/3624/3624
f 3625/3625/3625 3627/3627/3627 3628/3628/3628
f 3625/3625/3625 3628/3628/3628 3626/3626/3626
f 3626/3626/3626 3628/3628/3628 3381/3381/3381
f 3626/3626/3626 3381/3381/3381 3379/3379/3379
f 3624/3624/3624 3626/3626/3626 3379/3379/3379
f 3624/3624/3624 3379/3379/3379 3377/3377/3377
f 3627/3627/3627 3629/3629/3629 3630/3630/3630
f 3627/3627/3627 3630/3630/3630 3628/3628/3628
f 3629/3629/3629 3631/3631/3631 3632/3632/3632
f 3629/3629/3629 3632/3632/3632 3630/3630/3630
f 3630/3630/3630 3632/3632/3632 3385/3385/3385
f 3630/3630/3630 3385/3385/3385 3383/3383/3383
f 3628/3628/3628 3630/3630/3630 3383/3383/3383
f 3628/3628/3628 3383/3383/3383 3381/3381/3381
f 3631/3631/3631 3633/3633/3633 3634/3634/3634
f 3631/3631/3631 3634/3634/3634 3632/3632/3632
f 3633/3633/3633 3635/3635/3635 3636/3636/3636
f 3633/3633/3633 3636/3636/3636 3634/3634/3634
f 3634/3634/3634 3636/3636/3636 3389/3389/3389
f 3634/3634/3634 3389/3389/3389 3387/3387/3387
f 3632/3632/3632 3634/3634/3634 3387/3387/3387
f 3632/3632/3632 3387/3387/3387 3385/3385/3385
f 3635/3635/3635 3637/3637/3637 3638/3638/3638
f 3635/3635/3635 3638/3638/3638 3636/3636/3636
f 3637/3637/3637 3639/3639/3639 3640/3640/3640
f 3637/3637/3637 3640/3640/3640 3638/3638/3638
f 3638/3638/3638 3640/3640/3640 3393/3393/3393
f 3638/3638/3638 3393/3393/3393 3391/3391/3391
f 3636/3636/3636 3638/3638/3638 3391/3391/3391
f 3636/3636/3636 3391/3391/3391 3389/3389/3389
f 3639/3639/3639 3641/3641/3641 3642/3642/3642
f 3639/3639/3639 3642/3642/3642 3640/3640/3640
f 3641/3641/3641 3643/3643/3643 3644/3644/3644
f 3641/3641/3641 3644/3644/3644 3642/3642/3642
f 3642/3642/3642 3644/3644/3644 3397/3397/3397
f 3642/3642/3642 3397/3397/3397 3395/3395/3395
f 3640/3640/3640 3642/3642/3642 3395/3395/3395
f 3640/3640/3640 3395/3395/3395 3393/3393/3393
f 3643/3643/3643 3645/3645/3645 3646/3646/3646
f 3643/3643/3643 3646/3646/3646 3644/3644/3644
f 3645/3645/3645 3647/3647/3647 3648/3648/3648
f 3645/3645/3645 3648/3648/3648 3646/3646/3646
f 3646/3646/3646 3648/3648/3648 3401/3401/3401
f 3646/3646/3646 3401/3401/3401 3399/3399/3399
f 3644/3644/3644 3646/3646/3646 3399/3399/3399
f 3644/3644/3644 3399/3399/3399 3397/3397/3397
f 3647/3647/3647 3649/3649/3649 3650/3650/3650
f 3647/3647/3647 3650/3650/3650 3648/3648/3648
f 3649/3649/3649 3651/3651/3651 3652/3652/3652
f 3649/3649/3649 3652/3652/3652 3650/3650/3650
f 3650/3650/3650 3652/3652/3652 3405/3405/3405
f 3650/3650/3650 3405/3405/3405 3403/3403/3403
f 3648/3648/3648 3650/3650/3650 3403/3403/3403
f 3648/3648/3648 3403/3403/3403 3401/3401/3401
f 3651/3651/3651 3653/3653/3653 3654/3654/3654
f 3651/3651/3651 3654/3654/3654 3652/3652/3652
f 3653/3653/3653 3655/3655/3655 3656/3656/3656
f 3653/3653/3653 3656/3656/3656 3654/3654/3654
f 3654/3654/3654 3656/3656/3656 3409/3409/3409
f 3654/3654/3654 3409/3409/3409 3407/3407/3407
f 3652/3652/3652 3654/3654/3654 3407/3407/3407
f 3652/3652/3652 3407/3407/3407 3405/3405/3405
f 3657/3657/3657 3658/3658/3658 3659/3659/3659
f 3657/3657/3657 3659/3659/3659 3660/3660/3660
f 3658/3658/3658 3661/3661/3661 3662/3662/3662
f 3658/3658/3658 3662/3662/3662 3659/3659/3659
f 3659/3659/3659 3662/3662/3662 3579/3579/3579
f 3659/3659/3659 3579/3579/3579 3576/3576/3576
f 3660/3660/3660 3659/3659/3659 3576/3576/3576
f 3660/3660/3660 3576/3576/3576 3575/3575/3575
f 3661/3661/3661 3663/3663/3663 3664/3664/3664
f 3661/3661/3661 3664/3664/3664 3662/3662/3662
f 3663/3663/3663 3665/3665/3665 3666/3666/3666
f 3663/3663/3663 3666/3666/3666 3664/3664/3664
f 3664/3664/3664 3666/3666/3666 3583/3583/3583
f 3664/3664/3664 3583/3583/3583 3581/3581/3581
f 3662/3662/3662 3664/3664/3664 3581/3581/3581
f 3662/3662/3662 3581/3581/3581 3579/3579/3579
f 3665/3665/3665 3667/3667/3667 3668/3668/3668
f 3665/3665/3665 3668/3668/3668 3666/3666/3666
f 3667/3667/3667 3669/3669/3669 3670/3670/3670
f 3667/3667/3667 3670/3670/3670 3668/3668/3668
f 3668/3668/3668 3670/3670/3670 3587/3587/3587
f 3668/3668/3668 3587/3587/3587 3585/3585/3585
f 3666/3666/3666 3668/3668/3668 3585/3585/3585
f 3666/3666/3666 3585/3585/3585 3583/3583/3583
f 3669/3669/3669 3671/3671/3671 3672/3672/3672
f 3669/3669/3669 3672/3672/3672 3670/3670/3670
f 3671/3671/3671 3673/3673/3673 3674/3674/3674
f 3671/3671/3671 3674/3674/3674 3672/3672/3672
f 3672/3672/3672 3674/3674/3674 3591/3591/3591
f 3672/3672/3672 3591/3591/3591 3589/3589/3589
f 3670/3670/3670 3672/3672/3672 3589/3589/3589
f 3670/3670/3670 3589/3589/3589 3587/3587/3587
f 3673/3673/3673 3675/3675/3675 3676/3676/3676
f 3673/3673/3673 3676/3676/3676 3674/3674/3674
f 3675/3675/3675 3677/3677/3677 3678/3678/3678
f 3675/3675/3675 3678/3678/3678 3676/3676/3676
f 3676/3676/3676 3678/3678/3678 3595/3595/3595
f 3676/3676/3676 3595/3595/3595 3593/3593/3593
f 3674/3674/3674 3676/3676/3676 3593/3593/3593
f 3674/3674/3674 3593/3593/3593 3591/3591/3591
f 3677/3677/3677 3679/3679/3679 3680/3680/3680
f 3677/3677/3677 3680/3680/3680 3678/3678/3678
f 3679/3679/3679 3681/3681/3681 3682/3682/3682
f 3679/3679/3679 3682/3682/3682 3680/3680/3680
f 3680/3680/3680 3682/3682/3682 3599/3599/3599
f 3680/3680/3680 3599/3599/3599 3597/3597/3597
f 3678/3678/3678 3680/3680/3680 3597/3597/3597
f 3678/3678/3678 3597/3597/3597 3595/3595/3595
f 3681/3681/3681 3683/3683/3683 3684/3684/3684
f 3681/3681/3681 3684/3684/3684 3682/3682/3682
f 3683/3683/3683 3685/3685/3685 3686/3686/3686
f 3683/3683/3683 3686/3686/3686 3684/3684/3684
f 3684/3684/3684 3686/3686/3686 3603/3603/3603
f 3684/3684/3684 3603/3603/3603 3601/3601/3601
f 3682/3682/3682 3684/3684/3684 3601/3601/3601
f 3682/3682/3682 3601/3601/3601 3599/3599/3599
f 3685/3685/3685 3687/3687/3687 3688/3688/3688
f 3685/3685/3685 3688/3688/3688 3686/3686/3686
f 3687/3687/3687 3689/3689/3689 3690/3690/3690
f 3687/3687/3687 3690/3690/3690 3688/3688/3688
f 3688/3688/3688 3690/3690/3690 3607/3607/3607
f 3688/3688/3688 3607/3607/3607 3605/3605/3605
f 3686/3686/3686 3688/3688/3688 3605/3605/3605
f 3686/3686/3686 3605/3605/3605 3603/3603/3603
f 3689/3689/3689 3691/3691/3691 3692/3692/3692
f 3689/3689/3689 3692/3692/3692 3690/3690/3690
f 3691/3691/3691 3693/3693/3693 3694/3694/3694
f 3691/3691/3691 3694/3694/3694 3692/3692/3692
f 3692/3692/3692 3694/3694/3694 3611/3611/3611
f 3692/3692/3692 3611/3611/3611 3609/3609/3609
f 3690/3690/3690 3692/3692/3692 3609/3609/3609
f 3690/3690/3690 3609/3609/3609 3607/3607/3607
f 3693/3693/3693 3695/3695/3695 3696/3696/3696
f 3693/3693/3693 3696/3696/3696 3694/3694/3694
f 3695/3695/3695 3697/3697/3697 3698/3698/3698
f 3695/3695/3695 3698/3698/3698 3696/3696/3696
f 3696/3696/3696 3698/3698/3698 3615/3615/3615
f 3696/3696/3696 3615/3615/3615 3613/3613/3613
f 3694/3694/3694 3696/3696/3696 3613/3613/3613
f 3694/3694/3694 3613/3613/3613 3611/3611/3611
f 3697/3697/3697 3699/3699/3699 3700/3700/3700
f 3697/3697/3697 3700/3700/3700 3698/3698/3698
f 3699/3699/3699 3701/3701/3701 3702/3702/3702
f 3699/3699/3699 3702/3702/3702 3700/3700/3700
f 3700/3700/3700 3702/3702/3702 3619/3619/3619
f 3700/3700/3700 3619/3619/3619 3617/3617/3617
f 3698/3698/3698 3700/3700/3700 3617/3617/3617
f 3698/3698/3698 3617/3617/3617 3615/3615/3615
f 3701/3701/3701 3703/3703/3703 3704/3704/3704
f 3701/3701/3701 3704/3704/3704 3702/3702/3702
f 3703/3703/3703 3705/3705/3705 3706/3706/3706
f 3703/3703/3703 3706/3706/3706 3704/3704/3704
f 3704/3704/3704 3706/3706/3706 3623/3623/3623
f 3704/3704/3704 3623/3623/3623 3621/3621/3621
f 3702/3702/3702 3704/3704/3704 3621/3621/3621
f 3702/3702/3702 3621/3621/3621 3619/3619/3619
f 3705/3705/3705 3707/3707/3707 3708/3708/3708
f 3705/3705/3705 3708/3708/3708 3706/3706/3706
f 3707/3707/3707 3709/3709/3709 3710/3710/3710
f 3707/3707/3707 3710/3710/3710 3708/3708/3708
f 3708/3708/3708 3710/3710/3710 3627/3627/3627
f 3708/3708/3708 3627/3627/3627 3625/3625/3625
f 3706/3706/3706 3708/3708/3708 3625/3625/3625
f 3706/3706/3706 3625/3625/3625 3623/3623/3623
f 3709/3709/3709 3711/3711/3711 3712/3712/3712
f 3709/3709/3709 3712/3712/3712 3710/3710/3710
f 3711/3711/3711 3713/3713/3713 3714/3714/3714
f 3711/3711/3711 3714/3714/3714 3712/3712/3712
f 3712/3712/3712 3714/3714/3714 3631/3631/3631
f 3712/3712/3712 3631/3631/3631 3629/3629/3629
f 3710/3710/3710 3712/3712/3712 3629/3629/3629
f 3710/3710/3710 3629/3629/3629 3627/3627/3627
f 3713/3713/3713 3715/3715/3715 3716/3716/3716
f 3713/3713/3713 3716/3716/3716 3714/3714/3714
f 3715/3715/3715 3717/3717/3717 3718/3718/3718
f 3715/3715/3715 3718/3718/3718 3716/3716/3716
f 3716/3716/3716 3718/3718/3718 3635/3635/3635
f 3716/3716/3716 3635/3635/3635 3633/3633/3633
f 3714/3714/3714 3716/3716/3716 3633/3633/3633
f 3714/3714/3714 3633/3633/3633 3631/3631/3631
f 3717/3717/3717 3719/3719/3719 3720/3720/3720
f 3717/3717/3717 3720/3720/3720 3718/3718/3718
f 3719/3719/3719 3721/3721/3721 3722/3722/3722
f 3719/3719/3719 3722/3722/3722 3720/3720/3720
f 3720/3720/3720 3722/3722/3722 3639/3639/3639
f 3720/3720/3720 3639/3639/3639 3637/3637/3637
f 3718/3718/3718 3720/3720/3720 3637/3637/3637
f 3718/3718/3718 3637/3637/3637 3635/3635/3635
f 3721/3721/3721 3723/3723/3723 3724/3724/3724
f 3721/3721/3721 3724/3724/3724 3722/3722/3722
f 3723/3723/3723 3725/3725/3725 3726/3726/3726
f 3723/3723/3723 3726/3726/3726 3724/3724/3724
f 3724/3724/3724 3726/3726/3726 3643/3643/3643
f 3724/3724/3724 3643/3643/3643 3641/3641/3641
f 3722/3722/3722 3724/3724/3724 3641/3641/3641
f 3722/3722/3722 3641/3641/3641 3639/3639/3639
f 3725/3725/3725 3727/3727/3727 3728/3728/3728
f 3725/3725/3725 3728/3728/3728 3726/3726/3726
f 3727/3727/3727 3729/3729/3729 3730/3730/3730
f 3727/3727/3727 3730/3730/3730 3728/3728/3728
f 3728/3728/3728 3730/3730/3730 3647/3647/3647
f 3728/3728/3728 3647/3647/3647 3645/3645/3645
f 3726/3726/3726 3728/3728/3728 3645/3645/3645
f 3726/3726/3726 3645/3645/3645 3643/3643/3643
f 3729/3729/3729 3731/3731/3731 3732/3732/3732
f 3729/3729/3729 3732/3732/3732 3730/3730/3730
f 3731/3731/3731 3733/3733/3733 3734/3734/3734
f 3731/3731/3731 3734/3734/3734 3732/3732/3732
f 3732/3732/3732 3734/3734/3734 3651/3651/3651
f 3732/3732/3732 3651/3651/3651 3649/3649/3649
f 3730/3730/3730 3732/3732/3732 3649/3649/3649
f 3730/3730/3730 3649/3649/3649 3647/3647/3647
f 3733/3733/3733 3735/3735/3735 3736/3736/3736
f 3733/3733/3733 3736/3736/3736 3734/3734/3734
f 3735/3735/3735 3737/3737/3737 3738/3738/3738
f 3735/3735/3735 3738/3738/3738 3736/3736/3736
f 3736/3736/3736 3738/3738/3738 3655/3655/3655
f 3736/3736/3736 3655/3655/3655 3653/3653/3653
f 3734/3734/3734 3736/3736/3736 3653/3653/3653
f 3734/3734/3734 3653/3653/3653 3651/3651/3651
