# ABC bottle geometry; canonical radius 1 and height 1, bottom z=0.
# https://github.com/mikedh/trimesh
v -0.912420602331 -0.238329192215 0.510647360505
v -0.863453683847 -0.378489312406 0.510682216298
v -0.862088759103 -0.377349180302 0.557303295218
v -0.911055602731 -0.237188985255 0.557268380012
v -0.793291581549 -0.509332552407 0.510702288086
v -0.791926656805 -0.508192345447 0.557323317495
v -0.790561732061 -0.507052213343 0.603944416219
v -0.860723834358 -0.376209048198 0.603924324627
v -0.909690752843 -0.236048853151 0.603889458932
v -0.703409483106 -0.627501769247 0.510706793593
v -0.70204478293 -0.626361562287 0.557327862611
v -0.596248892601 -0.730260226684 0.510695891256
v -0.594884042713 -0.729120169436 0.557316920665
v -0.593519117968 -0.727979962476 0.603938009487
v -0.700679633617 -0.625221430183 0.60394889202
v -0.474250340989 -0.814871113619 0.510669571171
v -0.472885416245 -0.813730906659 0.557290640189
v -0.340580911797 -0.879486085103 0.510628774049
v -0.339215987052 -0.878345653575 0.557249803458
v -0.337851062308 -0.877205746039 0.603870882378
v -0.471520491501 -0.812590774555 0.603911689402
v -0.198407688549 -0.922256272196 0.510574202948
v -0.19704283866 -0.92111599038 0.557195281868
v -0.0513140291215 -0.942402797967 0.510507501635
v -0.0499491043772 -0.941262591008 0.557128531044
v -0.0485841796329 -0.940122458904 0.603749619866
v -0.195677913916 -0.919976007989 0.603816311277
v 0.0971168583211 -0.939145962069 0.510430046518
v 0.0984817830654 -0.938005755109 0.557051105633
v 0.24323634145 -0.912851810459 0.510343956669
v 0.244601191338 -0.911711603499 0.556964995981
v 0.245966116083 -0.910571546251 0.603586074901
v 0.0998467078097 -0.936865697861 0.603672135042
v 0.383395488512 -0.863886613663 0.510251163022
v 0.384760413257 -0.862746256991 0.556872241943
v 0.514237455961 -0.793725709061 0.51015414113
v 0.515602380705 -0.792585651814 0.556775170539
v 0.516967305449 -0.791445444854 0.603396269264
v 0.386125338001 -0.861606274599 0.603493281254
v 0.632405175681 -0.703845107739 0.510055109088
v 0.633770100425 -0.702704975635 0.556676168204
v 0.735161761717 -0.59668534065 0.509956631571
v 0.736526686461 -0.595545283402 0.55657766098
v 0.737891611206 -0.594405151298 0.603198759704
v 0.635135025169 -0.701564843531 0.60329722732
v 0.819770926963 -0.474687612454 0.509861045499
v 0.821135851708 -0.473547480351 0.556482114517
v 0.884384101903 -0.341018707254 0.509770776917
v 0.885748951791 -0.339878500294 0.556391816228
v 0.887113951392 -0.338738443046 0.603012895148
v 0.822500776452 -0.472407273391 0.603103163731
v 0.92715234274 -0.198845708574 0.509687994408
v 0.928517417196 -0.197705651326 0.556309063426
v 0.947296922254 -0.0517519742908 0.509614747732
v 0.948661772143 -0.050611842187 0.556235777141
v 0.950026771743 -0.0494717100832 0.602856875865
v 0.929882192228 -0.196565519222 0.602930102737
v 0.944038289811 0.0966792874319 0.509552868797
v 0.945403289411 0.0978194195357 0.556173937815
v 0.917742341656 0.242799444265 0.509503833033
v 0.9191072664 0.243939501513 0.556124872344
v 0.920472191145 0.245079783329 0.602745951264
v 0.9467681393 0.0989596264956 0.602794977126
v 0.868775572884 0.382959564456 0.509468917827
v 0.87014064734 0.384099696559 0.556089976942
v 0.79861339573 0.513802654745 0.50944889555
v 0.799978320474 0.514942786848 0.556069924959
v 0.801343245219 0.516082918952 0.602691003879
v 0.871505422372 0.385239828663 0.602711016254
v 0.708731746423 0.631971871585 0.509444340532
v 0.710096596311 0.633112003689 0.55606540955
v 0.601570856494 0.734730029598 0.509455302283
v 0.602935781238 0.735870236558 0.556076331692
v 0.604301005407 0.737010368661 0.602697420514
v 0.711461521056 0.634252135793 0.602686448861
v 0.479572379738 0.819341066245 0.509481562954
v 0.480937454194 0.820481048636 0.556102631972
v 0.345903175114 0.883956037729 0.509522419489
v 0.347268025002 0.885096094977 0.556143448898
v 0.348633024602 0.886236301937 0.602764547622
v 0.482302229227 0.821621405308 0.602723651479
v 0.203730026722 0.926726299678 0.509576931177
v 0.205094951466 0.927866581494 0.556198000194
v 0.0566363672944 0.946872675737 0.509643682001
v 0.0580012171827 0.948012807841 0.55626471141
v 0.0593662167831 0.949152939945 0.602885810134
v 0.20645987621 0.929006563886 0.602819029603
v -0.0917944452921 0.943615764983 0.509721087607
v -0.0904295954038 0.944756046799 0.556342166527
v -0.237913853565 0.917321613372 0.509807236869
v -0.236549003677 0.918461820332 0.556428266278
v -0.235184078932 0.91960187758 0.6030493551
v -0.0890647455156 0.94589602919 0.602963215741
v -0.378073075483 0.868356491433 0.509899971102
v -0.376708150739 0.869496623536 0.55652104012
v -0.50891489322 0.798195811399 0.50999706231
v -0.507550043331 0.799335943503 0.556618091719
v -0.506185043731 0.800476075607 0.603239160737
v -0.375343225995 0.87063675564 0.603142059627
v -0.627082687796 0.708315284933 0.510096025036
v -0.625717688195 0.70945534218 0.556717103957
v -0.729839423544 0.601155742412 0.510194561967
v -0.7284744988 0.602295874516 0.556815601279
v -0.727109648912 0.603435931763 0.603436670297
v -0.624352913163 0.71059554914 0.603338133366
v -0.814448513934 0.479157864504 0.510290088626
v -0.81308358919 0.480297996608 0.556911167546
v -0.879061614018 0.34548903416 0.510380416621
v -0.877696689274 0.346629166264 0.55700144603
v -0.876331764529 0.347769298368 0.603622534853
v -0.811718664446 0.481438203568 0.603532187052
v -0.921829929711 0.20331603548 0.510463139717
v -0.920464855254 0.204456167584 0.557084208734
v -0.941974584081 0.0562223011969 0.510536435904
v -0.940609659337 0.0573624333007 0.557157465313
v -0.939244734593 0.0585026402605 0.603778554136
v -0.919100080222 0.205596299688 0.603705248046
v -0.93871610135 -0.0922090353819 0.510598265328
v -0.937351176606 -0.0910689032781 0.557219334346
v -0.912420602331 -0.238329192215 0.510647360505
v -0.911055602731 -0.237188985255 0.557268380012
v -0.909690752843 -0.236048853151 0.603889458932
v -0.935986251861 -0.0899286963183 0.603840373657
v -0.920610150797 -0.245170059694 0.230920986007
v -0.871643157457 -0.38533025474 0.230955881409
v -0.870278232713 -0.384190047781 0.277576950426
v -0.919245076341 -0.24402992759 0.277542045122
v -0.801481055159 -0.516173419885 0.230975973001
v -0.800116130415 -0.515033212925 0.277596992507
v -0.798751205671 -0.513893080822 0.324218041721
v -0.868913382824 -0.383049915677 0.324198009542
v -0.917880226453 -0.24288972063 0.324163104238
v -0.711599031572 -0.63434256187 0.230980438899
v -0.710234331396 -0.633202504622 0.277601527721
v -0.604438366211 -0.737101019307 0.230969566268
v -0.603073591179 -0.735961036915 0.277590585775
v -0.601708666434 -0.734820829955 0.324211644891
v -0.708869182083 -0.632062297662 0.324222567033
v -0.482439814599 -0.821711831385 0.230943236281
v -0.481074964711 -0.820571774138 0.277564305299
v -0.348770385406 -0.886326877726 0.230902429258
v -0.347405535518 -0.88518659591 0.277523478471
v -0.346040610774 -0.884046538662 0.324144517782
v -0.479710039967 -0.819431642034 0.32418534461
v -0.206597237015 -0.929097064819 0.230847868059
v -0.20523231227 -0.927956857859 0.277468927174
v -0.0595035027313 -0.94924359059 0.230781176648
v -0.058138577987 -0.948103458486 0.277402196155
v -0.0567736532427 -0.946963326383 0.324023265172
v -0.203867387526 -0.926816725755 0.32408998629
v 0.0889273847112 -0.945986754692 0.230703681921
v 0.0902923094556 -0.944846622588 0.277324770744
v 0.23504686784 -0.919692603081 0.23061762178
v 0.236411792585 -0.918552470977 0.277238641287
v 0.237776717329 -0.917412338874 0.323859710305
v 0.0916572341999 -0.943706490484 0.323945810055
v 0.375206089758 -0.870727331429 0.230524838035
v 0.376570939647 -0.869587199326 0.277145897151
v 0.506047982351 -0.800566426828 0.230427816143
v 0.507412832239 -0.799426519292 0.27704883565
v 0.508777756984 -0.798286162621 0.323669874961
v 0.377935864391 -0.868447142078 0.323766936462
v 0.624215702071 -0.710685975217 0.230328774199
v 0.625580551959 -0.709545843114 0.276949833315
v 0.726972288107 -0.603526208129 0.230230316486
v 0.728337212852 -0.602386150881 0.276851335992
v 0.72970206274 -0.601246018777 0.323472375304
v 0.626945476703 -0.708405636154 0.323570872626
v 0.811581453354 -0.481528479933 0.230134720512
v 0.812946378098 -0.480388347829 0.276755779628
v 0.876194553437 -0.347859574733 0.230044442027
v 0.877559403325 -0.346719367773 0.276665471436
v 0.878924402926 -0.345579310525 0.323286530552
v 0.814311302842 -0.47924814087 0.323376818939
v 0.918962794274 -0.205686650909 0.229961649617
v 0.92032786873 -0.204546443949 0.276582708732
v 0.939107448644 -0.0585928417696 0.229888432647
v 0.940472298533 -0.0574527096658 0.276509452153
v 0.941837223277 -0.056312502706 0.323130501367
v 0.921692643762 -0.203406311845 0.32320377775
v 0.935848741345 0.0898384948092 0.229826533907
v 0.937213740945 0.0909785520569 0.276447593023
v 0.909552868046 0.235958576786 0.229777508046
v 0.910917792791 0.237098634034 0.276398537455
v 0.912282717535 0.238238840994 0.323019596571
v 0.938578590834 0.0921187590168 0.323068652138
v 0.860586024418 0.376118622121 0.229742582937
v 0.861951098874 0.377258829081 0.276363632151
v 0.790423847264 0.506961862122 0.229722560661
v 0.791788772009 0.508101994226 0.276343599972
v 0.793153696753 0.509242126329 0.322964649185
v 0.863315873907 0.378398961184 0.322984691266
v 0.700542272813 0.625131004106 0.229718015544
v 0.701907122701 0.62627113621 0.27633907466
v 0.59338145774 0.727889311831 0.229728967393
v 0.594746382484 0.729029369079 0.2763499869
v 0.596111456941 0.730169650895 0.322971055918
v 0.703272047446 0.627411268314 0.322960113971
v 0.471382980984 0.812500273622 0.229755218162
v 0.472747905729 0.813640256014 0.276376297082
v 0.337713701504 0.877115245106 0.229796104404
v 0.339078476536 0.878255302354 0.27641712391
v 0.340443476136 0.879395509314 0.323038163222
v 0.474112755617 0.81478053783 0.322997336394
v 0.195540553112 0.919885432199 0.229850596287
v 0.196905403 0.921025714015 0.276471655403
v 0.0484468936846 0.940031883115 0.229917357014
v 0.0498117435729 0.941172015218 0.27653837652
v 0.0511766683172 0.942312147322 0.323159445538
v 0.1982704026 0.922165771263 0.323092704616
v -0.099983993758 0.93677497236 0.22999476262
v -0.0986190690137 0.937915104464 0.276615831638
v -0.246103327175 0.91048082075 0.230080911881
v -0.244738402431 0.911620877997 0.276701931388
v -0.243373552542 0.912761159813 0.323322980602
v -0.0972541442694 0.939055311424 0.323236870949
v -0.386262474237 0.86151569881 0.230173626311
v -0.384897624349 0.862655756058 0.276794705231
v -0.51710436683 0.791354943921 0.230270717518
v -0.515739516941 0.792495001168 0.276891766732
v -0.514374592197 0.793635282984 0.323512806043
v -0.383532699605 0.863795963017 0.32341573464
v -0.635272236262 0.701474417454 0.230369680245
v -0.633907161805 0.702614474702 0.276990769067
v -0.738028897154 0.594314800077 0.230468217176
v -0.73666397241 0.595454932181 0.277089266389
v -0.735299122521 0.596595064285 0.3237103057
v -0.632542386773 0.703754756518 0.323611808378
v -0.822637987544 0.472316997026 0.230563743834
v -0.8212730628 0.473457129129 0.277184822754
v -0.887251012772 0.338648091825 0.230654091634
v -0.885886162884 0.339788298785 0.277275111141
v -0.884521238139 0.340928430889 0.323896170256
v -0.819908138056 0.474597261233 0.323805862065
v -0.930019403321 0.196475242857 0.230736804827
v -0.92865440372 0.197615374961 0.277357863943
v -0.950164132547 0.049381433718 0.230810101015
v -0.948799207803 0.0505215658218 0.277431140326
v -0.947434283059 0.0516616979256 0.324052189539
v -0.927289553832 0.198755507065 0.323978923058
v -0.94690557496 -0.0990499028607 0.230871920536
v -0.945540650216 -0.0979097707569 0.277492989554
v -0.920610150797 -0.245170059694 0.230920986007
v -0.919245076341 -0.24402992759 0.277542045122
v -0.917880226453 -0.24288972063 0.324163104238
v -0.944175725471 -0.0967696386531 0.32411404867
v -0.934621327117 -0.0887885642145 0.650461442675
v -0.937879809848 0.0596426975082 0.650399603349
v -0.908325753242 -0.234908721048 0.65051052795
v -0.907131649945 -0.233911114814 0.6913038965
v -0.933427148964 -0.0877909579806 0.691254880541
v -0.936685631695 0.0606403037421 0.691193021411
v -0.917735005766 0.206736506648 0.650326326966
v -0.874966839785 0.348909430471 0.650243593968
v -0.916540977325 0.207734112881 0.691119764832
v -0.873772586776 0.349907111561 0.691036992225
v -0.810353739701 0.482578335672 0.650153265972
v -0.725744649311 0.604576138723 0.650057729412
v -0.809159486692 0.48357586705 0.690946693936
v -0.724550321446 0.605573595245 0.690851137572
v -0.622987913563 0.711735606388 0.649959202383
v -0.504820193843 0.801616207711 0.649860229755
v -0.621793660554 0.712733362334 0.69075264025
v -0.503625791122 0.802613963657 0.690653637914
v -0.373978376106 0.8717769626 0.649763148449
v -0.233819154188 0.92074208454 0.649670414216
v -0.372783973385 0.872774568834 0.690556566511
v -0.232624826323 0.921739690774 0.690463822375
v -0.0876998207712 0.947036311006 0.649584294661
v 0.0607310666713 0.950293146905 0.649506859348
v -0.086505492906 0.948033842384 0.690377722625
v 0.0619253945366 0.951290753139 0.69030027741
v 0.207824726099 0.930146845702 0.649440118426
v 0.349997724778 0.88737643404 0.649385606738
v 0.209019053964 0.93114437708 0.690233536487
v 0.3511921275 0.888374040274 0.690179014897
v 0.483667153971 0.8227613877 0.649344740301
v 0.605665630727 0.738150575621 0.64931847963
v 0.484861481836 0.823759143646 0.690138168265
v 0.606860033448 0.739148106999 0.690111887789
v 0.7128264458 0.635392267896 0.649307537683
v 0.802708169963 0.517223125912 0.649312062995
v 0.714020698809 0.636389948986 0.690100975549
v 0.803902422972 0.518220732146 0.690105481057
v 0.872870496829 0.386379960767 0.649332105076
v 0.921837115889 0.246219840576 0.649367020282
v 0.87406452527 0.387377567001 0.690125523138
v 0.923031368898 0.247217521666 0.690160428442
v 0.9481331389 0.100099758599 0.649416056046
v 0.951391621631 -0.0483315779794 0.649477934981
v 0.949327242197 0.101097364833 0.69020948401
v 0.95258587464 -0.0473339717456 0.690271353043
v 0.931247191829 -0.195425387119 0.649551171755
v 0.888478726424 -0.33759816123 0.649633944362
v 0.932441295126 -0.194427706029 0.690344609621
v 0.889672979433 -0.336600629853 0.690427362423
v 0.823865701196 -0.471267216143 0.649724242651
v 0.73925653595 -0.593265019194 0.64981981882
v 0.825060029062 -0.470269609909 0.690517670615
v 0.740450788959 -0.592267263249 0.690613226979
v 0.636499875058 -0.700424711427 0.649918296338
v 0.518332155338 -0.790305387606 0.650017318477
v 0.637694128067 -0.699427030337 0.690711734204
v 0.519526483203 -0.78930763166 0.690810726637
v 0.387490187889 -0.860465992783 0.650114370076
v 0.247331040827 -0.909431339291 0.650207134016
v 0.388684515754 -0.859468536261 0.690907788138
v 0.248525293836 -0.908433658201 0.691000542176
v 0.101211632554 -0.935725490901 0.650293213962
v -0.0472192548885 -0.9389823268 0.650370678982
v 0.102405960419 -0.934727884668 0.691086641926
v -0.0460250018793 -0.937984570854 0.691164097044
v -0.194312989172 -0.918835726173 0.6504374001
v -0.33648621242 -0.876065464224 0.650491941494
v -0.193118736163 -0.917838194795 0.691230818161
v -0.33529195941 -0.875068007702 0.691285349654
v -0.470155641612 -0.811450567595 0.650532768322
v -0.592154118368 -0.726839830373 0.650559068603
v -0.468961238891 -0.810453036217 0.691326196286
v -0.590959790503 -0.725842149283 0.691352476762
v -0.699314933441 -0.62408129808 0.650569961038
v -0.789196807316 -0.505912081239 0.650565475335
v -0.698120455864 -0.623083691846 0.691363398904
v -0.788002479451 -0.504914549861 0.691358893397
v -0.859358909614 -0.375068916094 0.650545403547
v -0.908325753242 -0.234908721048 0.65051052795
v -0.858164731461 -0.374071235004 0.691338831511
v -0.907131649945 -0.233911114814 0.6913038965
v -0.923169253695 -0.247307798031 0.143506449416
v -0.874202410067 -0.387467993078 0.14354135472
v -0.873008082201 -0.386470386844 0.184334822293
v -0.92197492583 -0.246310191798 0.184299887282
v -0.804040158057 -0.518311158223 0.143561426508
v -0.802845979904 -0.517313477133 0.184354834667
v -0.71415813447 -0.636480375063 0.143565912211
v -0.712964106028 -0.63548276883 0.184359389686
v -0.606997543964 -0.739238757644 0.143555019775
v -0.605803365811 -0.738241226267 0.184348418033
v -0.484998992353 -0.823849719435 0.143528729397
v -0.483804739343 -0.822852038345 0.184322187068
v -0.351329638016 -0.888464616063 0.14348786296
v -0.350135310151 -0.887466860118 0.184281300827
v -0.209156339912 -0.931234803157 0.14343334137
v -0.207962161759 -0.930237196923 0.184226808943
v -0.0620627553409 -0.951381403784 0.143366630155
v -0.0608684274757 -0.950383722694 0.184160038314
v 0.0863682069577 -0.948124567885 0.143289175037
v 0.0875624599669 -0.947126961651 0.184082632708
v 0.232487615231 -0.921830416275 0.143203075287
v 0.233681943096 -0.920832810041 0.183996483447
v 0.372646762293 -0.872865144623 0.143110321249
v 0.373841165014 -0.871867463533 0.18390377892
v 0.503488804597 -0.802704240022 0.143013239943
v 0.504683057607 -0.801706858356 0.183806677809
v 0.621656374605 -0.712823713555 0.14291424751
v 0.622850777327 -0.711826107321 0.183707715083
v 0.724413110354 -0.605664021322 0.142815769993
v 0.725607363363 -0.604666489944 0.18360916825
v 0.809022350456 -0.483666218271 0.142720213628
v 0.810216528609 -0.482668612037 0.183513651494
v 0.873635375684 -0.349997387926 0.142629895535
v 0.874829553837 -0.348999706836 0.183423313596
v 0.916403691376 -0.207824389246 0.142547122928
v 0.917598019242 -0.206826783013 0.183340600403
v 0.936548196035 -0.0607305801072 0.142473886154
v 0.937742449044 -0.0597329738734 0.183267294313
v 0.933289563592 0.0877007564715 0.142412027023
v 0.934483891457 0.0886982878493 0.183205464889
v 0.906993690293 0.233820763593 0.142362941749
v 0.908187943302 0.234818369826 0.183156379615
v 0.858026846664 0.373980883783 0.142328046347
v 0.859221249386 0.374978490017 0.183121513919
v 0.787864744367 0.504824048928 0.142308014168
v 0.78905892252 0.505821730018 0.183101422327
v 0.697983020204 0.622993190912 0.142303488856
v 0.699177348069 0.623990797146 0.183096946527
v 0.59082220513 0.725751498637 0.142314430802
v 0.592016532996 0.726749030015 0.18310782906
v 0.468823728375 0.810362460428 0.142340711278
v 0.470018131096 0.811359991806 0.183134149144
v 0.335154448894 0.874977431913 0.142381528204
v 0.336348701903 0.87597496329 0.18317496607
v 0.192981375358 0.917747693862 0.142436059696
v 0.194175628367 0.918745374952 0.183229527269
v 0.045887715931 0.937894069921 0.142502810521
v 0.0470818940842 0.938891751011 0.18329621868
v -0.102543246368 0.934637234022 0.142580255736
v -0.101348918502 0.935634840256 0.183373703504
v -0.248662504928 0.908343082412 0.142666365389
v -0.247468251919 0.90934061379 0.183459763646
v -0.388821726847 0.859377885616 0.142759109524
v -0.387627398981 0.860375566706 0.183552557293
v -0.519663544583 0.789217205583 0.142856151221
v -0.51846936643 0.790214736961 0.183649579185
v -0.637831414015 0.699336679116 0.142955153556
v -0.636637011294 0.700334135638 0.183748621129
v -0.740588074908 0.592177061739 0.143053670683
v -0.739393821898 0.593174667973 0.183847078842
v -0.825197165298 0.470179183832 0.14314923695
v -0.824002912289 0.471176864922 0.183942684718
v -0.889810265381 0.336510353487 0.143239545141
v -0.888615937516 0.337507959721 0.184032943398
v -0.932578581074 0.194337429664 0.143322278139
v -0.931384178353 0.195335035897 0.184115735809
v -0.952723235445 0.0472436205244 0.143395554522
v -0.951529057291 0.0482413016142 0.184188962681
v -0.949464752714 -0.101187716054 0.143457413652
v -0.948270499704 -0.100190034964 0.184250871323
v -0.923169253695 -0.247307798031 0.143506449416
v -0.92197492583 -0.246310191798 0.184299887282
v -0.932573940001 -0.0870783286308 0.720393026398
v -0.935832497588 0.061352933092 0.720331206876
v -0.906278366126 -0.233198485464 0.720442131477
v -0.905664397016 -0.23268549713 0.741421565994
v -0.931959746323 -0.0865653402973 0.741372510426
v -0.93521830391 0.0618659962815 0.741310651296
v -0.915687693505 0.208446667375 0.720257900786
v -0.872919452669 0.350619666055 0.720175187593
v -0.915073574683 0.208959730565 0.741237394717
v -0.872305258991 0.351132729245 0.741154641915
v -0.808306352585 0.484288496399 0.720084839793
v -0.723697262195 0.606286299451 0.719989323037
v -0.807692233763 0.484801634445 0.741064323821
v -0.723083068517 0.606799287784 0.740968767457
v -0.620940526446 0.713445767116 0.719890776204
v -0.502772881582 0.803326443295 0.719791813477
v -0.620326332768 0.713958980017 0.740870270134
v -0.502158538192 0.80383958134 0.740771267799
v -0.371930914134 0.873487123328 0.719694712367
v -0.231771767072 0.922452320124 0.71960200784
v -0.371316720456 0.874000186517 0.740674206298
v -0.231157573394 0.922965383313 0.740581462162
v -0.0856524336548 0.94874654659 0.719515858579
v 0.0627783789318 0.952003382488 0.719438452972
v -0.0850382399766 0.949259534923 0.74049535251
v 0.0633926474659 0.952516445678 0.740417907294
v 0.209872113215 0.931857081285 0.719371682344
v 0.352045186751 0.889086594768 0.71931719046
v 0.210486306893 0.932369994763 0.740351176275
v 0.352659380429 0.889599657958 0.740296644782
v 0.485714615944 0.824471548428 0.719276304219
v 0.607713017843 0.739860661493 0.719250073254
v 0.486328734766 0.824984836185 0.74025579815
v 0.608327286377 0.740373799539 0.740229517674
v 0.714873832916 0.63710250348 0.719239101601
v 0.80475555708 0.518933361496 0.719243656619
v 0.715488026595 0.63761556667 0.740218605434
v 0.805369675902 0.519446424685 0.740223110942
v 0.874917809089 0.388090121495 0.719263668994
v 0.923884503006 0.24793007616 0.719298604005
v 0.875531853055 0.388603184684 0.740243153023
v 0.924498621828 0.248443214206 0.740278058327
v 0.95018045116 0.101809994183 0.719347629866
v 0.953438933892 -0.0466213423957 0.719409528605
v 0.950794495127 0.102323057373 0.740327113895
v 0.954053202426 -0.0461082792062 0.740388982927
v 0.933294578945 -0.193715151535 0.719482755478
v 0.89052611354 -0.335888075359 0.719565547888
v 0.933908548055 -0.193202088345 0.740462239506
v 0.891140232363 -0.335375012169 0.740544992308
v 0.825913163169 -0.469556980559 0.719655806569
v 0.741303923067 -0.591554858467 0.719751412444
v 0.826527281991 -0.469043842514 0.740635310402
v 0.741918041889 -0.591041570709 0.740730866766
v 0.638547262174 -0.698714475844 0.719849870158
v 0.520379467598 -0.788595226878 0.719948922004
v 0.639161380996 -0.698201412654 0.740829364089
v 0.520993810988 -0.788082013977 0.740928356522
v 0.389537649862 -0.858755832056 0.720045933994
v 0.249378427943 -0.907721103707 0.720138727641
v 0.39015184354 -0.858242843722 0.741025418023
v 0.249992621622 -0.907208040518 0.741118172061
v 0.103259019671 -0.934015255318 0.720224787782
v -0.0451719426281 -0.937272091216 0.720302272607
v 0.103873213349 -0.933502266984 0.741204271811
v -0.04455774895 -0.936758878315 0.741281726929
v -0.192265676911 -0.917125565445 0.720368964018
v -0.334438825303 -0.87435522864 0.720423525216
v -0.191651408377 -0.916612577112 0.741348448046
v -0.333824556769 -0.873842315162 0.741402979539
v -0.468108329352 -0.809740406868 0.720464342142
v -0.590106806108 -0.725129594789 0.720490662227
v -0.467493985962 -0.809227343678 0.741443826171
v -0.589492537573 -0.724616456743 0.741470116549
v -0.697267621181 -0.622371137352 0.72050154476
v -0.787149345344 -0.504201920511 0.72049706896
v -0.696653202935 -0.621857999306 0.741481028789
v -0.786535226522 -0.503688782466 0.741476523282
v -0.857311597354 -0.37335868051 0.720476977367
v -0.906278366126 -0.233198485464 0.720442131477
v -0.856697403676 -0.372845617321 0.741456471298
v -0.905664397016 -0.23268549713 0.741421565994
v -0.91515045182 -0.240609456423 0.417405222469
v -0.866183533336 -0.380769651469 0.417440117871
v -0.864818608591 -0.379629444509 0.464061176987
v -0.913785377364 -0.239469324319 0.464026281585
v -0.796021356182 -0.511612816614 0.417460159952
v -0.794656431438 -0.51047268451 0.46408122897
v -0.706139332595 -0.629782033455 0.417464685264
v -0.704774632419 -0.628641901351 0.46408574438
v -0.59897874209 -0.732540490892 0.41745375322
v -0.597613892201 -0.731400433644 0.464074822238
v -0.476980190478 -0.817151377826 0.417427472744
v -0.475615265734 -0.816011170867 0.46404853186
v -0.343310761285 -0.881766349311 0.417386636014
v -0.341945836541 -0.880625992639 0.464007695129
v -0.201137538037 -0.92453661126 0.417332104521
v -0.199772613293 -0.923396329444 0.463953163637
v -0.0540438786101 -0.944683062175 0.417265363599
v -0.0526789538658 -0.943542855215 0.463886432617
v 0.0943870088325 -0.941426301132 0.417187928286
v 0.0957519335768 -0.940286019317 0.463808987402
v 0.240506491961 -0.915132149522 0.417101828536
v 0.241871491562 -0.913991867706 0.463722887652
v 0.38066571388 -0.86616687787 0.417009064596
v 0.382030638624 -0.865026596054 0.463630123711
v 0.511507606472 -0.796006048125 0.416912003094
v 0.512872531216 -0.794865916021 0.46353306221
v 0.629675326192 -0.706125446802 0.416813000759
v 0.631040250936 -0.704985314698 0.463434069777
v 0.732431912229 -0.598965604857 0.416714503437
v 0.733796836973 -0.59782554761 0.463335572455
v 0.817041152331 -0.476967876662 0.416618947072
v 0.818406077075 -0.475827819414 0.46324001609
v 0.881654252414 -0.343299046317 0.416528648783
v 0.883019102303 -0.342158764502 0.463149707899
v 0.924422493251 -0.201126047638 0.416445886079
v 0.925787567707 -0.199985915534 0.463066945195
v 0.944567072766 -0.0540322384984 0.416372619598
v 0.945931922654 -0.0528921812506 0.462993688616
v 0.941308440322 0.0943990232244 0.41631077037
v 0.942673439923 0.0955391553281 0.462931829485
v 0.915012567024 0.240519180058 0.416261714802
v 0.916377491768 0.241659237305 0.462882773917
v 0.866045723395 0.380679225392 0.4162268194
v 0.867410797852 0.381819432352 0.462847868613
v 0.795883546241 0.511522465393 0.416206757514
v 0.797248470986 0.512662597497 0.462827836434
v 0.706001896934 0.629691532521 0.416202242105
v 0.707366821679 0.630831739481 0.462823311123
v 0.598841156717 0.73244976539 0.416213164247
v 0.600206006606 0.73358997235 0.462834233265
v 0.476842605106 0.817060802037 0.416239454625
v 0.478207604706 0.818200784429 0.462860523643
v 0.343173325625 0.881675773521 0.416280291355
v 0.344538175513 0.882815830769 0.462901350471
v 0.201000177233 0.924445960615 0.416334822847
v 0.202365101977 0.925586317287 0.462955881963
v 0.0539065178058 0.94459241153 0.41640156377
v 0.0552714425501 0.945732543634 0.463022622885
v -0.0945242947808 0.941335500775 0.416478999083
v -0.0931593700364 0.942475707735 0.463100058198
v -0.240643703054 0.915041349165 0.416565108735
v -0.239278778309 0.916181481269 0.463186177753
v -0.380802924972 0.866076227225 0.416657862773
v -0.379438000228 0.867216359329 0.463278921889
v -0.511644742708 0.795915472336 0.416754924274
v -0.51027989282 0.79705560444 0.46337598339
v -0.629812537284 0.706034945869 0.41685392661
v -0.628447537684 0.707175003117 0.463474985725
v -0.732569198177 0.598875403348 0.416952433834
v -0.731204273432 0.600015535452 0.46357349295
v -0.817178288567 0.476877600297 0.417047990199
v -0.815813363823 0.478017732401 0.463669039412
v -0.881791463507 0.343208695096 0.417138288488
v -0.880426538762 0.3443488272 0.463759357506
v -0.924559779199 0.201035696416 0.417221031387
v -0.923194704743 0.202175903376 0.463842100405
v -0.94470443357 0.0539420369893 0.417294297869
v -0.943339508826 0.0550821690931 0.463915376789
v -0.941445950839 -0.0944892995895 0.417356156999
v -0.940081026094 -0.0933491674857 0.463977216115
v -0.91515045182 -0.240609456423 0.417405222469
v -0.913785377364 -0.239469324319 0.464026281585
v -0.942810800727 -0.0956294316933 0.370735087981
v -0.946069358314 0.0528018300294 0.370673248655
v -0.916515226852 -0.241749588526 0.370784173256
v -0.925924554232 0.199895564313 0.370599972272
v -0.883156388251 0.342068562993 0.370517229372
v -0.818543213311 0.475737468193 0.370426911279
v -0.733934122921 0.597735271244 0.370331364816
v -0.631177387173 0.704894738909 0.370232857592
v -0.513009742309 0.794775340232 0.370133855257
v -0.38216777486 0.864936020265 0.370036803658
v -0.242008627798 0.913901217061 0.36994404962
v -0.0958892195251 0.940195443527 0.369857930065
v 0.0525415930615 0.943452279426 0.369780504654
v 0.199635252489 0.923305978223 0.36971375383
v 0.341808326025 0.880535566562 0.36965923224
v 0.475477755217 0.815920445365 0.369618395509
v 0.597476231973 0.731309633286 0.369592115033
v 0.70463697219 0.628551400418 0.369581182989
v 0.794518621497 0.510382258433 0.369585708301
v 0.864680948363 0.379539093288 0.369605750382
v 0.913647642279 0.239378898242 0.369640645784
v 0.939943590434 0.0932588911206 0.369689701352
v 0.943202073165 -0.0551723706022 0.369751560482
v 0.923057718219 -0.202266179741 0.369824817061
v 0.880289252814 -0.344439103565 0.369907579766
v 0.815676227586 -0.478108008766 0.369997878055
v 0.731066987484 -0.600105886673 0.370093434419
v 0.628310401448 -0.707265578906 0.370191941644
v 0.510142681728 -0.797146255085 0.370290953881
v 0.379300789135 -0.867306860262 0.370387995578
v 0.239141642073 -0.91627220677 0.37048076942
v 0.0930220840882 -0.94256635838 0.370566879073
v -0.0554088033544 -0.945823119423 0.370644324288
v -0.202502462782 -0.925676593652 0.370711035504
v -0.34467568603 -0.882906256846 0.370765576898
v -0.478345115222 -0.818291435074 0.370806403726
v -0.600343591978 -0.733680697851 0.370832704006
v -0.707504481907 -0.630922165558 0.370843616246
v -0.797386280926 -0.512752948718 0.370839100837
v -0.86754845808 -0.381909783573 0.370819038951
v -0.916515226852 -0.241749588526 0.370784173256
v -0.924619589163 -0.24851919307 0.0939716638444
v -0.875652595822 -0.388679388117 0.0940065097353
v -0.875055544174 -0.388180547572 0.114403278179
v -0.92402223809 -0.248020427381 0.114368372875
v -0.805490418669 -0.519522553262 0.0940265914252
v -0.804893292164 -0.519023712717 0.114423300456
v -0.715608395081 -0.637691695246 0.0940310771281
v -0.715011493145 -0.637193004413 0.114427825768
v -0.60844772972 -0.740450227539 0.0940201747905
v -0.607850752928 -0.73995146185 0.114416893724
v -0.486449178109 -0.825061039618 0.0939938547058
v -0.48585212646 -0.824562273929 0.114390603346
v -0.352779823772 -0.889676011102 0.0939530773888
v -0.352182622411 -0.889177095701 0.11434978642
v -0.21060667538 -0.932446273052 0.0938985062877
v -0.210009474019 -0.931947432507 0.114295254927
v -0.0635129410968 -0.952592798823 0.09383178517
v -0.0629158145921 -0.952093958278 0.114228504103
v 0.0849180212019 -0.94933603778 0.0937543102481
v 0.0855151477065 -0.948837047523 0.114151058888
v 0.231037429475 -0.92304188617 0.0936682402044
v 0.231634555979 -0.922542895913 0.114064959137
v 0.371196576537 -0.874076539662 0.0935754465574
v 0.371793703042 -0.873577699117 0.113972215002
v 0.502038543986 -0.803915709917 0.0934784543717
v 0.50263567049 -0.803416944228 0.113875163403
v 0.620206188849 -0.71403518345 0.0933794124278
v 0.620803315354 -0.713536342905 0.113776161068
v 0.722962849742 -0.606875341505 0.0932809250078
v 0.723559976247 -0.606376650672 0.113677643941
v 0.807572089844 -0.48487761331 0.0931853290343
v 0.808169216349 -0.484378847621 0.113582087576
v 0.872185115072 -0.351208782965 0.0930950703541
v 0.87278216672 -0.350709867564 0.113491779385
v 0.914953355908 -0.209035784285 0.0930122878454
v 0.915550706981 -0.208537018596 0.113409036485
v 0.935098010279 -0.061941975146 0.0929390411688
v 0.935695061928 -0.0614432094571 0.113335760102
v 0.93183930298 0.0864892865767 0.0928771523316
v 0.932436579196 0.0869881271217 0.113273900971
v 0.905543429681 0.23260944341 0.0928281462748
v 0.906140556186 0.233108209099 0.113224865208
v 0.856576586053 0.372769488744 0.0927932112639
v 0.857173937125 0.373268254433 0.113189959904
v 0.786414483755 0.503612653889 0.0927731790851
v 0.787011610259 0.504111494434 0.113169888116
v 0.696532834448 0.621781795874 0.0927686438711
v 0.697129886096 0.622280636419 0.113165402413
v 0.589372019375 0.724540028743 0.0927795858175
v 0.589969145879 0.725038944144 0.113176304751
v 0.467373467763 0.809151065389 0.0928058266845
v 0.46797074398 0.809649756222 0.113202585226
v 0.333704188282 0.873766036874 0.0928467327303
v 0.334301314787 0.874264802563 0.113243451663
v 0.191531114746 0.916536223967 0.0929012246137
v 0.192128241251 0.91703528908 0.113297983156
v 0.0444374553192 0.936682674882 0.092967975438
v 0.0450345818238 0.937181515427 0.113364684469
v -0.103993432123 0.933425764127 0.0930453909467
v -0.103396305619 0.933924679528 0.113442139586
v -0.25011276554 0.907131612517 0.0931315204037
v -0.249515639036 0.907630453062 0.113528239337
v -0.390271912603 0.858166490577 0.0932242348329
v -0.389674786098 0.858665331122 0.113620993375
v -0.521113730339 0.788005735688 0.0933213557474
v -0.52051667869 0.788504576233 0.11371807468
v -0.639281599771 0.698125284077 0.0934203184736
v -0.63868439841 0.698623900054 0.113817067113
v -0.742038335519 0.590965666701 0.0935188356002
v -0.741441209015 0.59146443239 0.113915554533
v -0.82664742591 0.468967863649 0.093614352356
v -0.826050299405 0.469466704194 0.114011110898
v -0.891260451137 0.335298958449 0.0937047001562
v -0.890663399489 0.335797798994 0.114101419089
v -0.93402876683 0.193125959769 0.093787443056
v -0.933431565469 0.19362487517 0.114184191696
v -0.954173570913 0.0460323003416 0.0938607194392
v -0.953576369552 0.0465310660305 0.11425742847
v -0.950915013325 -0.102399036237 0.0939225389609
v -0.950317886821 -0.101900270548 0.114319287601
v -0.924619589163 -0.24851919307 0.0939716638444
v -0.92402223809 -0.248020427381 0.114368372875
v -0.931482015176 -0.0861662828325 0.757689893494
v -0.934740572764 0.0622650537462 0.757628044266
v -0.905186441302 -0.23228636481 0.757738958965
v -0.904811337765 -0.231972942637 0.77055971185
v -0.931106761927 -0.0858527109474 0.770510676087
v -0.934365319515 0.0625785507753 0.770448816956
v -0.914595768681 0.209358788029 0.757554767883
v -0.8718276027 0.351531786709 0.757472015081
v -0.914220590288 0.209672359915 0.770375580182
v -0.871452199739 0.351845358594 0.770292787771
v -0.807214502617 0.485200617054 0.757381716792
v -0.722605412227 0.607198420105 0.757286160427
v -0.806839174512 0.485514188939 0.770202489482
v -0.722230009265 0.607511842278 0.770106933117
v -0.619848601622 0.71435788777 0.757187653203
v -0.501680881902 0.804238563949 0.757088650868
v -0.619473273517 0.714671609367 0.770008445697
v -0.501305478941 0.80455221069 0.769909443362
v -0.37083898931 0.874399243982 0.756991589366
v -0.230679842247 0.923364440778 0.756898835328
v -0.370463661205 0.874712815867 0.769812362057
v -0.230304439286 0.923677937807 0.769719617921
v -0.0845605088305 0.949658592388 0.756812735578
v 0.0638703786121 0.952915428287 0.756735300265
v -0.0841851058694 0.949972089417 0.76963351817
v 0.0642457815732 0.953229000172 0.769556072955
v 0.210963963183 0.93276920194 0.756668559343
v 0.353137111575 0.889998715422 0.756614027851
v 0.211339366144 0.933082624113 0.769489312229
v 0.35351243968 0.890312287307 0.769434790639
v 0.486806540768 0.825383669082 0.756573181218
v 0.608804942667 0.740772782147 0.756546910644
v 0.487181794017 0.825697390679 0.769393953908
v 0.609180345629 0.741086428888 0.769367683335
v 0.715965682885 0.638014624134 0.7565359786
v 0.805847407048 0.519845407294 0.75654049401
v 0.716341085846 0.638328121163 0.769356741388
v 0.806222735153 0.520158979179 0.769361276602
v 0.876009733914 0.389002242149 0.756560545993
v 0.924976352974 0.248842121958 0.756595441395
v 0.876384912307 0.38931588889 0.76938134839
v 0.925351681079 0.2491557687 0.76941623389
v 0.951272375985 0.102722114837 0.756644496963
v 0.95453078386 -0.0457092217414 0.756706365996
v 0.951647554378 0.103035611866 0.769465279555
v 0.954906261677 -0.0453957247123 0.769527148588
v 0.934386503769 -0.192803030881 0.756779622575
v 0.891617963509 -0.334975954704 0.756862385279
v 0.934761607306 -0.192489458996 0.769600385362
v 0.891993291614 -0.334662382819 0.769683157969
v 0.827005013137 -0.468644859905 0.75695269347
v 0.742395773035 -0.590642737812 0.757048249835
v 0.827380341242 -0.46833128802 0.76977346616
v 0.742771175996 -0.590329016215 0.769869022525
v 0.639639112142 -0.697802355189 0.757146757059
v 0.521471467278 -0.787683106224 0.757245749492
v 0.640014440247 -0.697488783304 0.769967500043
v 0.521846795383 -0.787369309771 0.770066502378
v 0.39062949983 -0.857843711401 0.757342810993
v 0.250470352768 -0.906808983053 0.757435565031
v 0.391004902791 -0.857530289228 0.770163583683
v 0.250845680873 -0.906495411168 0.770256337721
v 0.104350944495 -0.933103134663 0.757521664782
v -0.0440800178039 -0.936359970562 0.757599109997
v 0.1047262726 -0.932789637634 0.770342437472
v -0.0437046896988 -0.936046323821 0.770419892589
v -0.191173677231 -0.916213444791 0.757665841017
v -0.333346825623 -0.873443107986 0.757720372509
v -0.190798349126 -0.915899872906 0.770486633511
v -0.332971497518 -0.873129760668 0.770541165004
v -0.467016329672 -0.808828286213 0.757761219142
v -0.589014806427 -0.724217474135 0.757787499617
v -0.466640926711 -0.808514789184 0.770581991832
v -0.588639478322 -0.723903902249 0.770608272308
v -0.696175696357 -0.621459016698 0.757798421759
v -0.786057495376 -0.503289799857 0.75779390635
v -0.695800143683 -0.621145369956 0.770619214254
v -0.785682167271 -0.502976227972 0.770614688942
v -0.856219747385 -0.372446559856 0.757773854367
v -0.905186441302 -0.23228636481 0.757738958965
v -0.855844344424 -0.372132987971 0.770594617155
v -0.904811337765 -0.231972942637 0.77055971185
v -0.93079962766 -0.0855962542086 0.781000428003
v -0.934058110391 0.0628350823701 0.780938568873
v -0.904504053786 -0.231716336186 0.781049463767
v -0.903007756719 -0.231174303715 0.789918847099
v -0.92926762427 -0.0852516170735 0.789869801433
v -0.932521765352 0.0629791053605 0.78980811064
v -0.913913306309 0.209928891509 0.780865332098
v -0.871145140328 0.352101890189 0.780782559492
v -0.91240443343 0.209874022044 0.789734863963
v -0.869693756876 0.351854865309 0.789652289401
v -0.806532040245 0.485770720534 0.780692241399
v -0.721922874998 0.607768523585 0.780596685034
v -0.805167938917 0.485343068068 0.78956207033
v -0.720673228531 0.607175963298 0.789466672401
v -0.619166064394 0.71492799125 0.780498207516
v -0.500998494386 0.804808667429 0.780399205181
v -0.618055425564 0.714190809124 0.789368264198
v -0.500047373743 0.803949769408 0.789269420299
v -0.370156526937 0.874969347462 0.780302123875
v -0.229997305019 0.923934469402 0.780209369837
v -0.36938229108 0.874015606858 0.78917245782
v -0.229412604615 0.922914780641 0.789079872119
v -0.0838780464584 0.950228695868 0.780123270087
v 0.0645528409842 0.953485531767 0.780045824872
v -0.0834906665334 0.949173300784 0.788993841684
v 0.0647396067645 0.952425795033 0.788916564807
v 0.211646500411 0.93333930542 0.779979074047
v 0.353819573947 0.890568818902 0.779924542555
v 0.211634448592 0.932306666566 0.788849853591
v 0.353615441569 0.889594118612 0.788795440926
v 0.48748900314 0.825953772562 0.779883725629
v 0.609487479896 0.741342960483 0.779857435251
v 0.48710416832 0.825066578964 0.788754624
v 0.60893781211 0.740569922322 0.788728412839
v 0.716648220113 0.638584652758 0.779846503207
v 0.806529794564 0.520415510774 0.779851028519
v 0.715953556209 0.637950547378 0.788717480795
v 0.805713938757 0.519941148149 0.788722006107
v 0.876692196286 0.389572420485 0.779871100306
v 0.925658815346 0.249412225438 0.779905995708
v 0.875781198472 0.389274718077 0.788741998677
v 0.924681794519 0.249303983627 0.788776894079
v 0.951954763501 0.103292143461 0.779955041374
v 0.955213321088 -0.0451391931175 0.780016900505
v 0.950942186062 0.103381446698 0.788825850625
v 0.954196476856 -0.044849275736 0.78888764044
v 0.935068891286 -0.192232927401 0.780090137279
v 0.892300425881 -0.334405851225 0.780172909885
v 0.934079144934 -0.191744267275 0.788960788094
v 0.891368543236 -0.333725110541 0.789043451776
v 0.827687400653 -0.468074831281 0.780263218077
v 0.743078310263 -0.590072634333 0.780358774441
v 0.826842800133 -0.467213313299 0.789133601532
v 0.742347940035 -0.589046283385 0.789229078679
v 0.640321574514 -0.697232251709 0.780457261861
v 0.522153929651 -0.787112927888 0.780556254294
v 0.639730211924 -0.696061054356 0.789327397761
v 0.521722234959 -0.785820089495 0.789426320879
v 0.391312037058 -0.857273682777 0.7806533356
v 0.25115281514 -0.906238879573 0.780746089638
v 0.391057152296 -0.855886151514 0.789523194238
v 0.251087316119 -0.90478525044 0.789615869058
v 0.105033332011 -0.932533031184 0.780832189388
v -0.0433975554317 -0.935789941938 0.780909644506
v 0.105165378037 -0.931043845439 0.789701810373
v -0.0430648952604 -0.934296189976 0.789779176371
v -0.190491289715 -0.915643266455 0.780976385428
v -0.332664438107 -0.872873004506 0.78103091692
v -0.189959811943 -0.914177136366 0.789845808369
v -0.331940804921 -0.871464513555 0.78990029035
v -0.466333867299 -0.808258257589 0.781071743748
v -0.588332344055 -0.723647445511 0.781098024224
v -0.465429606528 -0.806936899051 0.789941047862
v -0.587263250318 -0.722440466977 0.789967328338
v -0.695493233984 -0.620888838362 0.781108966171
v -0.78537510786 -0.502719696377 0.781104440859
v -0.694279144129 -0.619820867465 0.789978181165
v -0.784039526677 -0.501811468236 0.789973744973
v -0.855537210157 -0.371876456376 0.781084369071
v -0.904504053786 -0.231716336186 0.781049463767
v -0.85410701096 -0.371145038164 0.789953663283
v -0.903007756719 -0.231174303715 0.789918847099
v -0.92538723769 -0.249160559485 0.0677472741507
v -0.876420319206 -0.389320679676 0.0677821695527
v -0.876079125448 -0.389035702792 0.0794374417583
v -0.92504589422 -0.248875432889 0.0794025364541
v -0.806258142052 -0.520163844821 0.0678022413404
v -0.805916948294 -0.519878793081 0.0794575036437
v -0.716376118465 -0.638333061661 0.0678067765544
v -0.716035149275 -0.638048009921 0.0794620388577
v -0.60921552796 -0.741091593954 0.067795834608
v -0.608874409058 -0.740806542214 0.0794510969113
v -0.487216976348 -0.825702406033 0.0677695541321
v -0.48687578259 -0.825417279437 0.0794248164355
v -0.353547622012 -0.890317377517 0.0677287174018
v -0.353206353397 -0.890032176065 0.0793839896073
v -0.211374398764 -0.933087639466 0.0676741958117
v -0.21103313015 -0.932802438014 0.0793294581151
v -0.0642806644804 -0.953234090381 0.0676074449875
v -0.0639394707223 -0.952949038642 0.0792627072908
v 0.0841502229622 -0.949977404195 0.0675299997722
v 0.0844914167202 -0.949692202743 0.0791852620755
v 0.230269631235 -0.923683252585 0.0674439000218
v 0.230610899849 -0.923398051133 0.079099152423
v 0.370428778297 -0.874717906077 0.0673511459837
v 0.370770046911 -0.874432704625 0.0790064082871
v 0.501270820602 -0.804557076332 0.0672540646781
v 0.501611939504 -0.804272099448 0.0789093269815
v 0.61943839061 -0.714676549865 0.0671550722452
v 0.619779659224 -0.714391423269 0.0788103246464
v 0.722195126358 -0.607516633064 0.0670565848252
v 0.722536320116 -0.607231805892 0.0787118471286
v 0.80680436646 -0.485518904868 0.0669610284606
v 0.807145560219 -0.485233927984 0.0786162907639
v 0.871417391688 -0.35185014938 0.0668707202693
v 0.87175851059 -0.351565022784 0.0785259825727
v 0.914185707381 -0.2096771507 0.0667879476629
v 0.914527050851 -0.20939209896 0.078443200064
v 0.934330286895 -0.0625833415609 0.0667147009863
v 0.934671405797 -0.0622982898209 0.0783699632896
v 0.931071654452 0.0858479950179 0.0666528319535
v 0.93141284821 0.0861330467578 0.0783081041591
v 0.904775706297 0.231968076995 0.06660379619
v 0.905116900055 0.232253053879 0.0782590683956
v 0.855808937525 0.372128197186 0.0665689106902
v 0.856150206139 0.372413174069 0.0782241630914
v 0.785646760371 0.50297136233 0.0665488290003
v 0.785987954129 0.503256339214 0.0782040913037
v 0.695765036208 0.621140429459 0.0665442937863
v 0.696106229966 0.621425481199 0.0781995659919
v 0.588604221135 0.723898662328 0.066555245635
v 0.588945489749 0.724183788924 0.0782105079383
v 0.466605744379 0.808509698975 0.0665815162086
v 0.466947012993 0.808794601003 0.0782367884142
v 0.332936539755 0.873124670459 0.0666223430367
v 0.333277583801 0.873409647343 0.0782776152423
v 0.190763391363 0.915894857552 0.066676874529
v 0.191104510265 0.91618013386 0.0783321467345
v 0.0436697319355 0.936041383323 0.0667436352554
v 0.0440109256936 0.936326360207 0.0783988876566
v -0.104761230363 0.932784397713 0.0668210705686
v -0.104419961749 0.933069599165 0.0784763427741
v -0.25088056378 0.906490246102 0.0669071802211
v -0.250539295166 0.906775372698 0.0785624425245
v -0.391039710842 0.857525049307 0.066999924357
v -0.390698517084 0.857810175903 0.0786551965626
v -0.521881528579 0.787364369273 0.0670970056626
v -0.521540334821 0.787649495869 0.0787522778682
v -0.640049398011 0.697483917663 0.0671960079977
v -0.639708129397 0.697768894547 0.0788512802033
v -0.742806058903 0.590324300286 0.0672944954177
v -0.742464865145 0.590609352026 0.0789497478188
v -0.827415074437 0.46832657209 0.0673900517823
v -0.827073955535 0.468611474118 0.0790453140857
v -0.892028249377 0.33465766689 0.0674803500714
v -0.891686980763 0.334942643774 0.079135622277
v -0.93479656507 0.19248466821 0.06756313258
v -0.934455146744 0.19276971995 0.0792183948834
v -0.95494121944 0.0453909339267 0.0676363792567
v -0.954600025682 0.0456759108107 0.0792916316578
v -0.951682736709 -0.103040402652 0.067698228485
v -0.951341542951 -0.102755350912 0.0793535006906
v -0.92538723769 -0.249160559485 0.0677472741507
v -0.92504589422 -0.248875432889 0.0794025364541
v -0.924231086397 -0.249234142957 0.0452157072047
v -0.875361405888 -0.389116247874 0.0452504837801
v -0.87676158782 -0.389605731416 0.0561269072493
v -0.925728431448 -0.249445536369 0.0560919623363
v -0.805338311228 -0.519699662615 0.0452705060567
v -0.806599485522 -0.520448896561 0.0561469394282
v -0.715634744402 -0.637634355532 0.0452749917596
v -0.716717611647 -0.638618188257 0.0561515043488
v -0.608686670149 -0.740188830303 0.0452640993243
v -0.60955687143 -0.741376645694 0.0561405326957
v -0.486930352632 -0.824631740319 0.0452378584573
v -0.487558244962 -0.825987457773 0.0561142819265
v -0.353526138333 -0.889118483434 0.0451971108469
v -0.35388881577 -0.890602279545 0.0560734154896
v -0.211634972584 -0.931804008364 0.0451426981812
v -0.211715667378 -0.93337261635 0.0560189335084
v -0.0648332516507 -0.951910486163 0.0450761057924
v -0.0646219330945 -0.953519142121 0.0559521430753
v 0.0833031521929 -0.948660162738 0.0449988289147
v 0.0838089543481 -0.950262231367 0.0558747374688
v 0.22913271794 -0.922418260633 0.0449128875998
v 0.229928437477 -0.923968079757 0.0557885882074
v 0.369013700017 -0.8735501521 0.0448202919971
v 0.370087659395 -0.875002882961 0.0556958836804
v 0.499595917062 -0.803528404848 0.0447234087358
v 0.500929551988 -0.804842202927 0.0555987627659
v 0.617529112858 -0.71382618543 0.0446246044449
v 0.619097271708 -0.714961526749 0.0554998000396
v 0.720081791084 -0.606879159162 0.0445263348736
v 0.721853857744 -0.607801834516 0.055401282913
v 0.804523129125 -0.485123515349 0.0444309369444
v 0.80646302299 -0.485804031464 0.055305756255
v 0.869007851127 -0.351719899898 0.0443408267974
v 0.871076123074 -0.352135051408 0.0552154084549
v 0.911691504656 -0.209829108429 0.0442582522353
v 0.913844588479 -0.20996220244 0.0551326754573
v 0.931796036198 -0.063027162928 0.0441851342874
v 0.933988943425 -0.0628683933008 0.055059399074
v 0.928543841373 0.0851096151957 0.0441233939834
v 0.930730460694 0.0855629432779 0.0549975795523
v 0.902300217579 0.230939704935 0.0440744275354
v 0.904434512539 0.231683025255 0.0549484942778
v 0.85343053707 0.37082166014 0.0440396113512
v 0.855467818623 0.37184307059 0.0549136384846
v 0.783407592121 0.501405299449 0.0440195791723
v 0.785305491757 0.50268631059 0.0548935270881
v 0.693704175007 0.61933991751 0.0440150835672
v 0.69542384245 0.620855452575 0.0548890413852
v 0.586756175611 0.721894242569 0.0440259859048
v 0.588263027377 0.7236137603 0.0548999338205
v 0.464999708381 0.806337377154 0.044052236674
v 0.466264625477 0.808224572379 0.0549262638074
v 0.331595643794 0.870823895701 0.0440929743822
v 0.332595196284 0.872839618719 0.0549670411245
v 0.189704702613 0.913509495487 0.0441473969501
v 0.190422122749 0.915610105236 0.0550216221278
v 0.0429029816801 0.933615973285 0.0442139794367
v 0.0433284633214 0.935756331583 0.055088323441
v -0.105233347307 0.93036527558 0.0442912662166
v -0.105102424121 0.932499495685 0.0551658181674
v -0.251062763343 0.904123448331 0.0443772075315
v -0.251221757538 0.906205269218 0.0552518783089
v -0.390943745419 0.855255414654 0.044469793232
v -0.3913809046 0.857240147279 0.0553446620536
v -0.521525962464 0.78523389197 0.0445666764933
v -0.522222872049 0.787079392389 0.0554417037504
v -0.639459307972 0.695531897121 0.0446654708819
v -0.640390591769 0.697198716211 0.0555407456943
v -0.742012210767 0.588584795997 0.0447637602576
v -0.743147252661 0.590039248546 0.0556391836033
v -0.826453174527 0.466829077327 0.0448591581868
v -0.827756417907 0.46804152035 0.0557347795768
v -0.890938195953 0.333425461876 0.0449492683338
v -0.892369517991 0.33437261515 0.0558250580614
v -0.933621550059 0.191534595551 0.045031842896
v -0.935137683972 0.192199691326 0.0559078702767
v -0.953726306168 0.0447327997624 0.0451049608438
v -0.955282488054 0.0451058821868 0.0559810674422
v -0.950474335911 -0.103403978361 0.0451667011478
v -0.952024005323 -0.103325454392 0.0560429661817
v -0.924231086397 -0.249234142957 0.0452157072047
v -0.925728431448 -0.249445536369 0.0560919623363
vn -0.966564060759 -0.254059125115 0.0347545305635
vn -0.914851449368 -0.402158858724 0.0362640033531
vn -0.914851449368 -0.402158858724 0.0362640033531
vn -0.966564060759 -0.254059125115 0.0347545305635
vn -0.840610690759 -0.540321209137 0.0377711204319
vn -0.840610690759 -0.540321209137 0.0377711204319
vn -0.840610690759 -0.540321209137 0.0377711204319
vn -0.914851449368 -0.402158858724 0.0362640033531
vn -0.966564060759 -0.254059125115 0.0347545305635
vn -0.745772286316 -0.665129353218 0.0377708942315
vn -0.745772286316 -0.665129353218 0.0377708942315
vn -0.63252474478 -0.77361872532 0.0377692345129
vn -0.63252474478 -0.77361872532 0.0377692345129
vn -0.63252474478 -0.77361872532 0.0377692345129
vn -0.745772286316 -0.665129353218 0.0377708942315
vn -0.503801804555 -0.863089144729 0.0355087310003
vn -0.503801804555 -0.863089144729 0.0355087310003
vn -0.36258834377 -0.931356339009 0.0332424841116
vn -0.36258834377 -0.931356339009 0.0332424841116
vn -0.36258834377 -0.931356339009 0.0332424841116
vn -0.503801804555 -0.863089144729 0.0355087310003
vn -0.212415580607 -0.976711832365 0.0302261084935
vn -0.212415580607 -0.976711832365 0.0302261084935
vn -0.0569785897157 -0.998025010695 0.0264484090434
vn -0.0569785897157 -0.998025010695 0.0264484090434
vn -0.0569785897157 -0.998025010695 0.0264484090434
vn -0.212415580607 -0.976711832365 0.0302261084935
vn 0.099778401815 -0.994784618227 0.0211620856965
vn 0.099778401815 -0.994784618227 0.0211620856965
vn 0.254274200889 -0.9670018953 0.0158734132733
vn 0.254274200889 -0.9670018953 0.0158734132733
vn 0.254274200889 -0.9670018953 0.0158734132733
vn 0.099778401815 -0.994784618227 0.0211620856965
vn 0.402364191308 -0.915418522276 0.0105823733811
vn 0.402364191308 -0.915418522276 0.0105823733811
vn 0.540701487312 -0.841202311363 0.0045357441775
vn 0.540701487312 -0.841202311363 0.0045357441775
vn 0.540701487312 -0.841202311363 0.0045357441775
vn 0.402364191308 -0.915418522276 0.0105823733811
vn 0.665603549735 -0.74630397877 -0.00151190309803
vn 0.665603549735 -0.74630397877 -0.00151190309803
vn 0.77414899069 -0.632958293721 -0.00755900945911
vn 0.77414899069 -0.632958293721 -0.00755900945911
vn 0.77414899069 -0.632958293721 -0.00755900945911
vn 0.665603549735 -0.74630397877 -0.00151190309803
vn 0.863587893646 -0.504034561489 -0.0128495436708
vn 0.863587893646 -0.504034561489 -0.0128495436708
vn 0.931718047178 -0.362729162918 -0.0181393200481
vn 0.931718047178 -0.362729162918 -0.0181393200481
vn 0.931718047178 -0.362729162918 -0.0181393200481
vn 0.863587893646 -0.504034561489 -0.0128495436708
vn 0.976890070671 -0.212454345388 -0.023429488892
vn 0.976890070671 -0.212454345388 -0.023429488892
vn 0.997978291136 -0.0570758805543 -0.0279584384388
vn 0.997978291136 -0.0570758805543 -0.0279584384388
vn 0.997978291136 -0.0570758805543 -0.0279584384388
vn 0.976890070671 -0.212454345388 -0.023429488892
vn 0.994506299879 0.099750484533 -0.0317342139599
vn 0.994506299879 0.099750484533 -0.0317342139599
vn 0.966564060759 0.254059125115 -0.0347545305635
vn 0.966564060759 0.254059125115 -0.0347545305635
vn 0.966564060759 0.254059125115 -0.0347545305635
vn 0.994506299879 0.099750484533 -0.0317342139599
vn 0.914851449368 0.402158858724 -0.0362640033531
vn 0.914851449368 0.402158858724 -0.0362640033531
vn 0.840610690759 0.540321209137 -0.0377711204319
vn 0.840610690759 0.540321209137 -0.0377711204319
vn 0.840610690759 0.540321209137 -0.0377711204319
vn 0.914851449368 0.402158858724 -0.0362640033531
vn 0.745772286316 0.665129353218 -0.0377708942315
vn 0.745772286316 0.665129353218 -0.0377708942315
vn 0.63252474478 0.77361872532 -0.0377692345129
vn 0.63252474478 0.77361872532 -0.0377692345129
vn 0.63252474478 0.77361872532 -0.0377692345129
vn 0.745772286316 0.665129353218 -0.0377708942315
vn 0.503801804555 0.863089144729 -0.0355087310003
vn 0.503801804555 0.863089144729 -0.0355087310003
vn 0.36258834377 0.931356339009 -0.0332424841116
vn 0.36258834377 0.931356339009 -0.0332424841116
vn 0.36258834377 0.931356339009 -0.0332424841116
vn 0.503801804555 0.863089144729 -0.0355087310003
vn 0.212415580607 0.976711832365 -0.0302261084935
vn 0.212415580607 0.976711832365 -0.0302261084935
vn 0.0569785897157 0.998025010695 -0.0264484090434
vn 0.0569785897157 0.998025010695 -0.0264484090434
vn 0.0569785897157 0.998025010695 -0.0264484090434
vn 0.212415580607 0.976711832365 -0.0302261084935
vn -0.099778401815 0.994784618227 -0.0211620856965
vn -0.099778401815 0.994784618227 -0.0211620856965
vn -0.254274200889 0.9670018953 -0.0158734132733
vn -0.254274200889 0.9670018953 -0.0158734132733
vn -0.254274200889 0.9670018953 -0.0158734132733
vn -0.099778401815 0.994784618227 -0.0211620856965
vn -0.402364191308 0.915418522276 -0.0105823733811
vn -0.402364191308 0.915418522276 -0.0105823733811
vn -0.540701487312 0.841202311363 -0.0045357441775
vn -0.540701487312 0.841202311363 -0.0045357441775
vn -0.540701487312 0.841202311363 -0.0045357441775
vn -0.402364191308 0.915418522276 -0.0105823733811
vn -0.665603549735 0.74630397877 0.00151190309803
vn -0.665603549735 0.74630397877 0.00151190309803
vn -0.77414899069 0.632958293721 0.00755900945911
vn -0.77414899069 0.632958293721 0.00755900945911
vn -0.77414899069 0.632958293721 0.00755900945911
vn -0.665603549735 0.74630397877 0.00151190309803
vn -0.863587893646 0.504034561489 0.0128495436708
vn -0.863587893646 0.504034561489 0.0128495436708
vn -0.931718047178 0.362729162918 0.0181393200481
vn -0.931718047178 0.362729162918 0.0181393200481
vn -0.931718047178 0.362729162918 0.0181393200481
vn -0.863587893646 0.504034561489 0.0128495436708
vn -0.976890070671 0.212454345388 0.023429488892
vn -0.976890070671 0.212454345388 0.023429488892
vn -0.997978291136 0.0570758805543 0.0279584384388
vn -0.997978291136 0.0570758805543 0.0279584384388
vn -0.997978291136 0.0570758805543 0.0279584384388
vn -0.976890070671 0.212454345388 0.023429488892
vn -0.994506299879 -0.099750484533 0.0317342139599
vn -0.994506299879 -0.099750484533 0.0317342139599
vn -0.966539514306 -0.254152617208 0.0347536250001
vn -0.966539514306 -0.254152617208 0.0347536250001
vn -0.966539514306 -0.254152617208 0.0347536250001
vn -0.994506299879 -0.099750484533 0.0317342139599
vn -0.966564060759 -0.254059125115 0.0347545305635
vn -0.914851449368 -0.402158858724 0.0362640033531
vn -0.914851449368 -0.402158858724 0.0362640033531
vn -0.966564060759 -0.254059125115 0.0347545305635
vn -0.840610690759 -0.540321209137 0.0377711204319
vn -0.840610690759 -0.540321209137 0.0377711204319
vn -0.840610690759 -0.540321209137 0.0377711204319
vn -0.914851449368 -0.402158858724 0.0362640033531
vn -0.966564060759 -0.254059125115 0.0347545305635
vn -0.745772286316 -0.665129353218 0.0377708942315
vn -0.745772286316 -0.665129353218 0.0377708942315
vn -0.63252474478 -0.77361872532 0.0377692345129
vn -0.63252474478 -0.77361872532 0.0377692345129
vn -0.63252474478 -0.77361872532 0.0377692345129
vn -0.745772286316 -0.665129353218 0.0377708942315
vn -0.503801804555 -0.863089144729 0.0355087310003
vn -0.503801804555 -0.863089144729 0.0355087310003
vn -0.36258834377 -0.931356339009 0.0332424841116
vn -0.36258834377 -0.931356339009 0.0332424841116
vn -0.36258834377 -0.931356339009 0.0332424841116
vn -0.503801804555 -0.863089144729 0.0355087310003
vn -0.212415580607 -0.976711832365 0.0302261084935
vn -0.212415580607 -0.976711832365 0.0302261084935
vn -0.0569785897157 -0.998025010695 0.0264484090434
vn -0.0569785897157 -0.998025010695 0.0264484090434
vn -0.0569785897157 -0.998025010695 0.0264484090434
vn -0.212415580607 -0.976711832365 0.0302261084935
vn 0.099778401815 -0.994784618227 0.0211620856965
vn 0.099778401815 -0.994784618227 0.0211620856965
vn 0.254274200889 -0.9670018953 0.0158734132733
vn 0.254274200889 -0.9670018953 0.0158734132733
vn 0.254274200889 -0.9670018953 0.0158734132733
vn 0.099778401815 -0.994784618227 0.0211620856965
vn 0.402364191308 -0.915418522276 0.0105823733811
vn 0.402364191308 -0.915418522276 0.0105823733811
vn 0.540701487312 -0.841202311363 0.0045357441775
vn 0.540701487312 -0.841202311363 0.0045357441775
vn 0.540701487312 -0.841202311363 0.0045357441775
vn 0.402364191308 -0.915418522276 0.0105823733811
vn 0.665603549735 -0.74630397877 -0.00151190309803
vn 0.665603549735 -0.74630397877 -0.00151190309803
vn 0.77414899069 -0.632958293721 -0.00755900945911
vn 0.77414899069 -0.632958293721 -0.00755900945911
vn 0.77414899069 -0.632958293721 -0.00755900945911
vn 0.665603549735 -0.74630397877 -0.00151190309803
vn 0.863587893646 -0.504034561489 -0.0128495436708
vn 0.863587893646 -0.504034561489 -0.0128495436708
vn 0.931718047178 -0.362729162918 -0.0181393200481
vn 0.931718047178 -0.362729162918 -0.0181393200481
vn 0.931718047178 -0.362729162918 -0.0181393200481
vn 0.863587893646 -0.504034561489 -0.0128495436708
vn 0.976890070671 -0.212454345388 -0.023429488892
vn 0.976890070671 -0.212454345388 -0.023429488892
vn 0.997978291136 -0.0570758805543 -0.0279584384388
vn 0.997978291136 -0.0570758805543 -0.0279584384388
vn 0.997978291136 -0.0570758805543 -0.0279584384388
vn 0.976890070671 -0.212454345388 -0.023429488892
vn 0.994506299879 0.099750484533 -0.0317342139599
vn 0.994506299879 0.099750484533 -0.0317342139599
vn 0.966564060759 0.254059125115 -0.0347545305635
vn 0.966564060759 0.254059125115 -0.0347545305635
vn 0.966564060759 0.254059125115 -0.0347545305635
vn 0.994506299879 0.099750484533 -0.0317342139599
vn 0.914851449368 0.402158858724 -0.0362640033531
vn 0.914851449368 0.402158858724 -0.0362640033531
vn 0.840610690759 0.540321209137 -0.0377711204319
vn 0.840610690759 0.540321209137 -0.0377711204319
vn 0.840610690759 0.540321209137 -0.0377711204319
vn 0.914851449368 0.402158858724 -0.0362640033531
vn 0.745772286316 0.665129353218 -0.0377708942315
vn 0.745772286316 0.665129353218 -0.0377708942315
vn 0.63252474478 0.77361872532 -0.0377692345129
vn 0.63252474478 0.77361872532 -0.0377692345129
vn 0.63252474478 0.77361872532 -0.0377692345129
vn 0.745772286316 0.665129353218 -0.0377708942315
vn 0.503801804555 0.863089144729 -0.0355087310003
vn 0.503801804555 0.863089144729 -0.0355087310003
vn 0.36258834377 0.931356339009 -0.0332424841116
vn 0.36258834377 0.931356339009 -0.0332424841116
vn 0.36258834377 0.931356339009 -0.0332424841116
vn 0.503801804555 0.863089144729 -0.0355087310003
vn 0.212415580607 0.976711832365 -0.0302261084935
vn 0.212415580607 0.976711832365 -0.0302261084935
vn 0.0569785897157 0.998025010695 -0.0264484090434
vn 0.0569785897157 0.998025010695 -0.0264484090434
vn 0.0569785897157 0.998025010695 -0.0264484090434
vn 0.212415580607 0.976711832365 -0.0302261084935
vn -0.099778401815 0.994784618227 -0.0211620856965
vn -0.099778401815 0.994784618227 -0.0211620856965
vn -0.254274200889 0.9670018953 -0.0158734132733
vn -0.254274200889 0.9670018953 -0.0158734132733
vn -0.254274200889 0.9670018953 -0.0158734132733
vn -0.099778401815 0.994784618227 -0.0211620856965
vn -0.402364191308 0.915418522276 -0.0105823733811
vn -0.402364191308 0.915418522276 -0.0105823733811
vn -0.540701487312 0.841202311363 -0.0045357441775
vn -0.540701487312 0.841202311363 -0.0045357441775
vn -0.540701487312 0.841202311363 -0.0045357441775
vn -0.402364191308 0.915418522276 -0.0105823733811
vn -0.665603549735 0.74630397877 0.00151190309803
vn -0.665603549735 0.74630397877 0.00151190309803
vn -0.77414899069 0.632958293721 0.00755900945911
vn -0.77414899069 0.632958293721 0.00755900945911
vn -0.77414899069 0.632958293721 0.00755900945911
vn -0.665603549735 0.74630397877 0.00151190309803
vn -0.863587893646 0.504034561489 0.0128495436708
vn -0.863587893646 0.504034561489 0.0128495436708
vn -0.931718047178 0.362729162918 0.0181393200481
vn -0.931718047178 0.362729162918 0.0181393200481
vn -0.931718047178 0.362729162918 0.0181393200481
vn -0.863587893646 0.504034561489 0.0128495436708
vn -0.976890070671 0.212454345388 0.023429488892
vn -0.976890070671 0.212454345388 0.023429488892
vn -0.997978291136 0.0570758805543 0.0279584384388
vn -0.997978291136 0.0570758805543 0.0279584384388
vn -0.997978291136 0.0570758805543 0.0279584384388
vn -0.976890070671 0.212454345388 0.023429488892
vn -0.994506299879 -0.099750484533 0.0317342139599
vn -0.994506299879 -0.099750484533 0.0317342139599
vn -0.966539514306 -0.254152617208 0.0347536250001
vn -0.966539514306 -0.254152617208 0.0347536250001
vn -0.966539514306 -0.254152617208 0.0347536250001
vn -0.994506299879 -0.099750484533 0.0317342139599
vn -0.994506299879 -0.099750484533 0.0317342139599
vn -0.997978291136 0.0570758805543 0.0279584384388
vn -0.966539514306 -0.254152617208 0.0347536250001
vn -0.966539514306 -0.254152617208 0.0347536250001
vn -0.994506299879 -0.099750484533 0.0317342139599
vn -0.997978291136 0.0570758805543 0.0279584384388
vn -0.976890070671 0.212454345388 0.023429488892
vn -0.931718047178 0.362729162918 0.0181393200481
vn -0.976890070671 0.212454345388 0.023429488892
vn -0.931718047178 0.362729162918 0.0181393200481
vn -0.863587893646 0.504034561489 0.0128495436708
vn -0.77414899069 0.632958293721 0.00755900945911
vn -0.863587893646 0.504034561489 0.0128495436708
vn -0.77414899069 0.632958293721 0.00755900945911
vn -0.665603549735 0.74630397877 0.00151190309803
vn -0.540701487312 0.841202311363 -0.0045357441775
vn -0.665603549735 0.74630397877 0.00151190309803
vn -0.540701487312 0.841202311363 -0.0045357441775
vn -0.402364191308 0.915418522276 -0.0105823733811
vn -0.254274200889 0.9670018953 -0.0158734132733
vn -0.402364191308 0.915418522276 -0.0105823733811
vn -0.254274200889 0.9670018953 -0.0158734132733
vn -0.099778401815 0.994784618227 -0.0211620856965
vn 0.0569785897157 0.998025010695 -0.0264484090434
vn -0.099778401815 0.994784618227 -0.0211620856965
vn 0.0569785897157 0.998025010695 -0.0264484090434
vn 0.212415580607 0.976711832365 -0.0302261084935
vn 0.36258834377 0.931356339009 -0.0332424841116
vn 0.212415580607 0.976711832365 -0.0302261084935
vn 0.36258834377 0.931356339009 -0.0332424841116
vn 0.503801804555 0.863089144729 -0.0355087310003
vn 0.63252474478 0.77361872532 -0.0377692345129
vn 0.503801804555 0.863089144729 -0.0355087310003
vn 0.63252474478 0.77361872532 -0.0377692345129
vn 0.745772286316 0.665129353218 -0.0377708942315
vn 0.840610690759 0.540321209137 -0.0377711204319
vn 0.745772286316 0.665129353218 -0.0377708942315
vn 0.840610690759 0.540321209137 -0.0377711204319
vn 0.914851449368 0.402158858724 -0.0362640033531
vn 0.966564060759 0.254059125115 -0.0347545305635
vn 0.914851449368 0.402158858724 -0.0362640033531
vn 0.966564060759 0.254059125115 -0.0347545305635
vn 0.994506299879 0.099750484533 -0.0317342139599
vn 0.997978291136 -0.0570758805543 -0.0279584384388
vn 0.994506299879 0.099750484533 -0.0317342139599
vn 0.997978291136 -0.0570758805543 -0.0279584384388
vn 0.976890070671 -0.212454345388 -0.023429488892
vn 0.931718047178 -0.362729162918 -0.0181393200481
vn 0.976890070671 -0.212454345388 -0.023429488892
vn 0.931718047178 -0.362729162918 -0.0181393200481
vn 0.863587893646 -0.504034561489 -0.0128495436708
vn 0.77414899069 -0.632958293721 -0.00755900945911
vn 0.863587893646 -0.504034561489 -0.0128495436708
vn 0.77414899069 -0.632958293721 -0.00755900945911
vn 0.665603549735 -0.74630397877 -0.00151190309803
vn 0.540701487312 -0.841202311363 0.0045357441775
vn 0.665603549735 -0.74630397877 -0.00151190309803
vn 0.540701487312 -0.841202311363 0.0045357441775
vn 0.402364191308 -0.915418522276 0.0105823733811
vn 0.254274200889 -0.9670018953 0.0158734132733
vn 0.402364191308 -0.915418522276 0.0105823733811
vn 0.254274200889 -0.9670018953 0.0158734132733
vn 0.099778401815 -0.994784618227 0.0211620856965
vn -0.0569785897157 -0.998025010695 0.0264484090434
vn 0.099778401815 -0.994784618227 0.0211620856965
vn -0.0569785897157 -0.998025010695 0.0264484090434
vn -0.212415580607 -0.976711832365 0.0302261084935
vn -0.36258834377 -0.931356339009 0.0332424841116
vn -0.212415580607 -0.976711832365 0.0302261084935
vn -0.36258834377 -0.931356339009 0.0332424841116
vn -0.503801804555 -0.863089144729 0.0355087310003
vn -0.63252474478 -0.77361872532 0.0377692345129
vn -0.503801804555 -0.863089144729 0.0355087310003
vn -0.63252474478 -0.77361872532 0.0377692345129
vn -0.745772286316 -0.665129353218 0.0377708942315
vn -0.840610690759 -0.540321209137 0.0377711204319
vn -0.745772286316 -0.665129353218 0.0377708942315
vn -0.840610690759 -0.540321209137 0.0377711204319
vn -0.914851449368 -0.402158858724 0.0362640033531
vn -0.966564060759 -0.254059125115 0.0347545305635
vn -0.914851449368 -0.402158858724 0.0362640033531
vn -0.966564060759 -0.254059125115 0.0347545305635
vn -0.966564060759 -0.254059125115 0.0347545305635
vn -0.914851449368 -0.402158858724 0.0362640033531
vn -0.914851449368 -0.402158858724 0.0362640033531
vn -0.966564060759 -0.254059125115 0.0347545305635
vn -0.840610690759 -0.540321209137 0.0377711204319
vn -0.840610690759 -0.540321209137 0.0377711204319
vn -0.745772286316 -0.665129353218 0.0377708942315
vn -0.745772286316 -0.665129353218 0.0377708942315
vn -0.63252474478 -0.77361872532 0.0377692345129
vn -0.63252474478 -0.77361872532 0.0377692345129
vn -0.503801804555 -0.863089144729 0.0355087310003
vn -0.503801804555 -0.863089144729 0.0355087310003
vn -0.36258834377 -0.931356339009 0.0332424841116
vn -0.36258834377 -0.931356339009 0.0332424841116
vn -0.212415580607 -0.976711832365 0.0302261084935
vn -0.212415580607 -0.976711832365 0.0302261084935
vn -0.0569785897157 -0.998025010695 0.0264484090434
vn -0.0569785897157 -0.998025010695 0.0264484090434
vn 0.099778401815 -0.994784618227 0.0211620856965
vn 0.099778401815 -0.994784618227 0.0211620856965
vn 0.254274200889 -0.9670018953 0.0158734132733
vn 0.254274200889 -0.9670018953 0.0158734132733
vn 0.402364191308 -0.915418522276 0.0105823733811
vn 0.402364191308 -0.915418522276 0.0105823733811
vn 0.540701487312 -0.841202311363 0.0045357441775
vn 0.540701487312 -0.841202311363 0.0045357441775
vn 0.665603549735 -0.74630397877 -0.00151190309803
vn 0.665603549735 -0.74630397877 -0.00151190309803
vn 0.77414899069 -0.632958293721 -0.00755900945911
vn 0.77414899069 -0.632958293721 -0.00755900945911
vn 0.863587893646 -0.504034561489 -0.0128495436708
vn 0.863587893646 -0.504034561489 -0.0128495436708
vn 0.931718047178 -0.362729162918 -0.0181393200481
vn 0.931718047178 -0.362729162918 -0.0181393200481
vn 0.976890070671 -0.212454345388 -0.023429488892
vn 0.976890070671 -0.212454345388 -0.023429488892
vn 0.997978291136 -0.0570758805543 -0.0279584384388
vn 0.997978291136 -0.0570758805543 -0.0279584384388
vn 0.994506299879 0.099750484533 -0.0317342139599
vn 0.994506299879 0.099750484533 -0.0317342139599
vn 0.966564060759 0.254059125115 -0.0347545305635
vn 0.966564060759 0.254059125115 -0.0347545305635
vn 0.914851449368 0.402158858724 -0.0362640033531
vn 0.914851449368 0.402158858724 -0.0362640033531
vn 0.840610690759 0.540321209137 -0.0377711204319
vn 0.840610690759 0.540321209137 -0.0377711204319
vn 0.745772286316 0.665129353218 -0.0377708942315
vn 0.745772286316 0.665129353218 -0.0377708942315
vn 0.63252474478 0.77361872532 -0.0377692345129
vn 0.63252474478 0.77361872532 -0.0377692345129
vn 0.503801804555 0.863089144729 -0.0355087310003
vn 0.503801804555 0.863089144729 -0.0355087310003
vn 0.36258834377 0.931356339009 -0.0332424841116
vn 0.36258834377 0.931356339009 -0.0332424841116
vn 0.212415580607 0.976711832365 -0.0302261084935
vn 0.212415580607 0.976711832365 -0.0302261084935
vn 0.0569785897157 0.998025010695 -0.0264484090434
vn 0.0569785897157 0.998025010695 -0.0264484090434
vn -0.099778401815 0.994784618227 -0.0211620856965
vn -0.099778401815 0.994784618227 -0.0211620856965
vn -0.254274200889 0.9670018953 -0.0158734132733
vn -0.254274200889 0.9670018953 -0.0158734132733
vn -0.402364191308 0.915418522276 -0.0105823733811
vn -0.402364191308 0.915418522276 -0.0105823733811
vn -0.540701487312 0.841202311363 -0.0045357441775
vn -0.540701487312 0.841202311363 -0.0045357441775
vn -0.665603549735 0.74630397877 0.00151190309803
vn -0.665603549735 0.74630397877 0.00151190309803
vn -0.77414899069 0.632958293721 0.00755900945911
vn -0.77414899069 0.632958293721 0.00755900945911
vn -0.863587893646 0.504034561489 0.0128495436708
vn -0.863587893646 0.504034561489 0.0128495436708
vn -0.931718047178 0.362729162918 0.0181393200481
vn -0.931718047178 0.362729162918 0.0181393200481
vn -0.976890070671 0.212454345388 0.023429488892
vn -0.976890070671 0.212454345388 0.023429488892
vn -0.997978291136 0.0570758805543 0.0279584384388
vn -0.997978291136 0.0570758805543 0.0279584384388
vn -0.994506299879 -0.099750484533 0.0317342139599
vn -0.994506299879 -0.099750484533 0.0317342139599
vn -0.966539514306 -0.254152617208 0.0347536250001
vn -0.966539514306 -0.254152617208 0.0347536250001
vn -0.994506299879 -0.099750484533 0.0317342139599
vn -0.997978291136 0.0570758805543 0.0279584384388
vn -0.966539514306 -0.254152617208 0.0347536250001
vn -0.966539514306 -0.254152617208 0.0347536250001
vn -0.994506299879 -0.099750484533 0.0317342139599
vn -0.997978291136 0.0570758805543 0.0279584384388
vn -0.976890070671 0.212454345388 0.023429488892
vn -0.931718047178 0.362729162918 0.0181393200481
vn -0.976890070671 0.212454345388 0.023429488892
vn -0.931718047178 0.362729162918 0.0181393200481
vn -0.863587893646 0.504034561489 0.0128495436708
vn -0.77414899069 0.632958293721 0.00755900945911
vn -0.863587893646 0.504034561489 0.0128495436708
vn -0.77414899069 0.632958293721 0.00755900945911
vn -0.665603549735 0.74630397877 0.00151190309803
vn -0.540701487312 0.841202311363 -0.0045357441775
vn -0.665603549735 0.74630397877 0.00151190309803
vn -0.540701487312 0.841202311363 -0.0045357441775
vn -0.402364191308 0.915418522276 -0.0105823733811
vn -0.254274200889 0.9670018953 -0.0158734132733
vn -0.402364191308 0.915418522276 -0.0105823733811
vn -0.254274200889 0.9670018953 -0.0158734132733
vn -0.099778401815 0.994784618227 -0.0211620856965
vn 0.0569785897157 0.998025010695 -0.0264484090434
vn -0.099778401815 0.994784618227 -0.0211620856965
vn 0.0569785897157 0.998025010695 -0.0264484090434
vn 0.212415580607 0.976711832365 -0.0302261084935
vn 0.36258834377 0.931356339009 -0.0332424841116
vn 0.212415580607 0.976711832365 -0.0302261084935
vn 0.36258834377 0.931356339009 -0.0332424841116
vn 0.503801804555 0.863089144729 -0.0355087310003
vn 0.63252474478 0.77361872532 -0.0377692345129
vn 0.503801804555 0.863089144729 -0.0355087310003
vn 0.63252474478 0.77361872532 -0.0377692345129
vn 0.745772286316 0.665129353218 -0.0377708942315
vn 0.840610690759 0.540321209137 -0.0377711204319
vn 0.745772286316 0.665129353218 -0.0377708942315
vn 0.840610690759 0.540321209137 -0.0377711204319
vn 0.914851449368 0.402158858724 -0.0362640033531
vn 0.966564060759 0.254059125115 -0.0347545305635
vn 0.914851449368 0.402158858724 -0.0362640033531
vn 0.966564060759 0.254059125115 -0.0347545305635
vn 0.994506299879 0.099750484533 -0.0317342139599
vn 0.997978291136 -0.0570758805543 -0.0279584384388
vn 0.994506299879 0.099750484533 -0.0317342139599
vn 0.997978291136 -0.0570758805543 -0.0279584384388
vn 0.976890070671 -0.212454345388 -0.023429488892
vn 0.931718047178 -0.362729162918 -0.0181393200481
vn 0.976890070671 -0.212454345388 -0.023429488892
vn 0.931718047178 -0.362729162918 -0.0181393200481
vn 0.863587893646 -0.504034561489 -0.0128495436708
vn 0.77414899069 -0.632958293721 -0.00755900945911
vn 0.863587893646 -0.504034561489 -0.0128495436708
vn 0.77414899069 -0.632958293721 -0.00755900945911
vn 0.665603549735 -0.74630397877 -0.00151190309803
vn 0.540701487312 -0.841202311363 0.0045357441775
vn 0.665603549735 -0.74630397877 -0.00151190309803
vn 0.540701487312 -0.841202311363 0.0045357441775
vn 0.402364191308 -0.915418522276 0.0105823733811
vn 0.254274200889 -0.9670018953 0.0158734132733
vn 0.402364191308 -0.915418522276 0.0105823733811
vn 0.254274200889 -0.9670018953 0.0158734132733
vn 0.099778401815 -0.994784618227 0.0211620856965
vn -0.0569785897157 -0.998025010695 0.0264484090434
vn 0.099778401815 -0.994784618227 0.0211620856965
vn -0.0569785897157 -0.998025010695 0.0264484090434
vn -0.212415580607 -0.976711832365 0.0302261084935
vn -0.36258834377 -0.931356339009 0.0332424841116
vn -0.212415580607 -0.976711832365 0.0302261084935
vn -0.36258834377 -0.931356339009 0.0332424841116
vn -0.503801804555 -0.863089144729 0.0355087310003
vn -0.63252474478 -0.77361872532 0.0377692345129
vn -0.503801804555 -0.863089144729 0.0355087310003
vn -0.63252474478 -0.77361872532 0.0377692345129
vn -0.745772286316 -0.665129353218 0.0377708942315
vn -0.840610690759 -0.540321209137 0.0377711204319
vn -0.745772286316 -0.665129353218 0.0377708942315
vn -0.840610690759 -0.540321209137 0.0377711204319
vn -0.914851449368 -0.402158858724 0.0362640033531
vn -0.966564060759 -0.254059125115 0.0347545305635
vn -0.914851449368 -0.402158858724 0.0362640033531
vn -0.966564060759 -0.254059125115 0.0347545305635
vn -0.966564060759 -0.254059125115 0.0347545305635
vn -0.914851449368 -0.402158858724 0.0362640033531
vn -0.914851449368 -0.402158858724 0.0362640033531
vn -0.966564060759 -0.254059125115 0.0347545305635
vn -0.840610690759 -0.540321209137 0.0377711204319
vn -0.840610690759 -0.540321209137 0.0377711204319
vn -0.745772286316 -0.665129353218 0.0377708942315
vn -0.745772286316 -0.665129353218 0.0377708942315
vn -0.63252474478 -0.77361872532 0.0377692345129
vn -0.63252474478 -0.77361872532 0.0377692345129
vn -0.503801804555 -0.863089144729 0.0355087310003
vn -0.503801804555 -0.863089144729 0.0355087310003
vn -0.36258834377 -0.931356339009 0.0332424841116
vn -0.36258834377 -0.931356339009 0.0332424841116
vn -0.212415580607 -0.976711832365 0.0302261084935
vn -0.212415580607 -0.976711832365 0.0302261084935
vn -0.0569785897157 -0.998025010695 0.0264484090434
vn -0.0569785897157 -0.998025010695 0.0264484090434
vn 0.099778401815 -0.994784618227 0.0211620856965
vn 0.099778401815 -0.994784618227 0.0211620856965
vn 0.254274200889 -0.9670018953 0.0158734132733
vn 0.254274200889 -0.9670018953 0.0158734132733
vn 0.402364191308 -0.915418522276 0.0105823733811
vn 0.402364191308 -0.915418522276 0.0105823733811
vn 0.540701487312 -0.841202311363 0.0045357441775
vn 0.540701487312 -0.841202311363 0.0045357441775
vn 0.665603549735 -0.74630397877 -0.00151190309803
vn 0.665603549735 -0.74630397877 -0.00151190309803
vn 0.77414899069 -0.632958293721 -0.00755900945911
vn 0.77414899069 -0.632958293721 -0.00755900945911
vn 0.863587893646 -0.504034561489 -0.0128495436708
vn 0.863587893646 -0.504034561489 -0.0128495436708
vn 0.931718047178 -0.362729162918 -0.0181393200481
vn 0.931718047178 -0.362729162918 -0.0181393200481
vn 0.976890070671 -0.212454345388 -0.023429488892
vn 0.976890070671 -0.212454345388 -0.023429488892
vn 0.997978291136 -0.0570758805543 -0.0279584384388
vn 0.997978291136 -0.0570758805543 -0.0279584384388
vn 0.994506299879 0.099750484533 -0.0317342139599
vn 0.994506299879 0.099750484533 -0.0317342139599
vn 0.966564060759 0.254059125115 -0.0347545305635
vn 0.966564060759 0.254059125115 -0.0347545305635
vn 0.914851449368 0.402158858724 -0.0362640033531
vn 0.914851449368 0.402158858724 -0.0362640033531
vn 0.840610690759 0.540321209137 -0.0377711204319
vn 0.840610690759 0.540321209137 -0.0377711204319
vn 0.745772286316 0.665129353218 -0.0377708942315
vn 0.745772286316 0.665129353218 -0.0377708942315
vn 0.63252474478 0.77361872532 -0.0377692345129
vn 0.63252474478 0.77361872532 -0.0377692345129
vn 0.503801804555 0.863089144729 -0.0355087310003
vn 0.503801804555 0.863089144729 -0.0355087310003
vn 0.36258834377 0.931356339009 -0.0332424841116
vn 0.36258834377 0.931356339009 -0.0332424841116
vn 0.212415580607 0.976711832365 -0.0302261084935
vn 0.212415580607 0.976711832365 -0.0302261084935
vn 0.0569785897157 0.998025010695 -0.0264484090434
vn 0.0569785897157 0.998025010695 -0.0264484090434
vn -0.099778401815 0.994784618227 -0.0211620856965
vn -0.099778401815 0.994784618227 -0.0211620856965
vn -0.254274200889 0.9670018953 -0.0158734132733
vn -0.254274200889 0.9670018953 -0.0158734132733
vn -0.402364191308 0.915418522276 -0.0105823733811
vn -0.402364191308 0.915418522276 -0.0105823733811
vn -0.540701487312 0.841202311363 -0.0045357441775
vn -0.540701487312 0.841202311363 -0.0045357441775
vn -0.665603549735 0.74630397877 0.00151190309803
vn -0.665603549735 0.74630397877 0.00151190309803
vn -0.77414899069 0.632958293721 0.00755900945911
vn -0.77414899069 0.632958293721 0.00755900945911
vn -0.863587893646 0.504034561489 0.0128495436708
vn -0.863587893646 0.504034561489 0.0128495436708
vn -0.931718047178 0.362729162918 0.0181393200481
vn -0.931718047178 0.362729162918 0.0181393200481
vn -0.976890070671 0.212454345388 0.023429488892
vn -0.976890070671 0.212454345388 0.023429488892
vn -0.997978291136 0.0570758805543 0.0279584384388
vn -0.997978291136 0.0570758805543 0.0279584384388
vn -0.994506299879 -0.099750484533 0.0317342139599
vn -0.994506299879 -0.099750484533 0.0317342139599
vn -0.966539514306 -0.254152617208 0.0347536250001
vn -0.966539514306 -0.254152617208 0.0347536250001
vn -0.994506299879 -0.099750484533 0.0317342139599
vn -0.997978291136 0.0570758805543 0.0279584384388
vn -0.966539514306 -0.254152617208 0.0347536250001
vn -0.976890070671 0.212454345388 0.023429488892
vn -0.931718047178 0.362729162918 0.0181393200481
vn -0.863587893646 0.504034561489 0.0128495436708
vn -0.77414899069 0.632958293721 0.00755900945911
vn -0.665603549735 0.74630397877 0.00151190309803
vn -0.540701487312 0.841202311363 -0.0045357441775
vn -0.402364191308 0.915418522276 -0.0105823733811
vn -0.254274200889 0.9670018953 -0.0158734132733
vn -0.099778401815 0.994784618227 -0.0211620856965
vn 0.0569785897157 0.998025010695 -0.0264484090434
vn 0.212415580607 0.976711832365 -0.0302261084935
vn 0.36258834377 0.931356339009 -0.0332424841116
vn 0.503801804555 0.863089144729 -0.0355087310003
vn 0.63252474478 0.77361872532 -0.0377692345129
vn 0.745772286316 0.665129353218 -0.0377708942315
vn 0.840610690759 0.540321209137 -0.0377711204319
vn 0.914851449368 0.402158858724 -0.0362640033531
vn 0.966564060759 0.254059125115 -0.0347545305635
vn 0.994506299879 0.099750484533 -0.0317342139599
vn 0.997978291136 -0.0570758805543 -0.0279584384388
vn 0.976890070671 -0.212454345388 -0.023429488892
vn 0.931718047178 -0.362729162918 -0.0181393200481
vn 0.863587893646 -0.504034561489 -0.0128495436708
vn 0.77414899069 -0.632958293721 -0.00755900945911
vn 0.665603549735 -0.74630397877 -0.00151190309803
vn 0.540701487312 -0.841202311363 0.0045357441775
vn 0.402364191308 -0.915418522276 0.0105823733811
vn 0.254274200889 -0.9670018953 0.0158734132733
vn 0.099778401815 -0.994784618227 0.0211620856965
vn -0.0569785897157 -0.998025010695 0.0264484090434
vn -0.212415580607 -0.976711832365 0.0302261084935
vn -0.36258834377 -0.931356339009 0.0332424841116
vn -0.503801804555 -0.863089144729 0.0355087310003
vn -0.63252474478 -0.77361872532 0.0377692345129
vn -0.745772286316 -0.665129353218 0.0377708942315
vn -0.840610690759 -0.540321209137 0.0377711204319
vn -0.914851449368 -0.402158858724 0.0362640033531
vn -0.966564060759 -0.254059125115 0.0347545305635
vn -0.966564060759 -0.254059125115 0.0347545305635
vn -0.914851449368 -0.402158858724 0.0362640033531
vn -0.914851449368 -0.402158858724 0.0362640033531
vn -0.966564060759 -0.254059125115 0.0347545305635
vn -0.840610690759 -0.540321209137 0.0377711204319
vn -0.840610690759 -0.540321209137 0.0377711204319
vn -0.745772286316 -0.665129353218 0.0377708942315
vn -0.745772286316 -0.665129353218 0.0377708942315
vn -0.63252474478 -0.77361872532 0.0377692345129
vn -0.63252474478 -0.77361872532 0.0377692345129
vn -0.503801804555 -0.863089144729 0.0355087310003
vn -0.503801804555 -0.863089144729 0.0355087310003
vn -0.36258834377 -0.931356339009 0.0332424841116
vn -0.36258834377 -0.931356339009 0.0332424841116
vn -0.212415580607 -0.976711832365 0.0302261084935
vn -0.212415580607 -0.976711832365 0.0302261084935
vn -0.0569785897157 -0.998025010695 0.0264484090434
vn -0.0569785897157 -0.998025010695 0.0264484090434
vn 0.099778401815 -0.994784618227 0.0211620856965
vn 0.099778401815 -0.994784618227 0.0211620856965
vn 0.254274200889 -0.9670018953 0.0158734132733
vn 0.254274200889 -0.9670018953 0.0158734132733
vn 0.402364191308 -0.915418522276 0.0105823733811
vn 0.402364191308 -0.915418522276 0.0105823733811
vn 0.540701487312 -0.841202311363 0.0045357441775
vn 0.540701487312 -0.841202311363 0.0045357441775
vn 0.665603549735 -0.74630397877 -0.00151190309803
vn 0.665603549735 -0.74630397877 -0.00151190309803
vn 0.77414899069 -0.632958293721 -0.00755900945911
vn 0.77414899069 -0.632958293721 -0.00755900945911
vn 0.863587893646 -0.504034561489 -0.0128495436708
vn 0.863587893646 -0.504034561489 -0.0128495436708
vn 0.931718047178 -0.362729162918 -0.0181393200481
vn 0.931718047178 -0.362729162918 -0.0181393200481
vn 0.976890070671 -0.212454345388 -0.023429488892
vn 0.976890070671 -0.212454345388 -0.023429488892
vn 0.997978291136 -0.0570758805543 -0.0279584384388
vn 0.997978291136 -0.0570758805543 -0.0279584384388
vn 0.994506299879 0.099750484533 -0.0317342139599
vn 0.994506299879 0.099750484533 -0.0317342139599
vn 0.966564060759 0.254059125115 -0.0347545305635
vn 0.966564060759 0.254059125115 -0.0347545305635
vn 0.914851449368 0.402158858724 -0.0362640033531
vn 0.914851449368 0.402158858724 -0.0362640033531
vn 0.840610690759 0.540321209137 -0.0377711204319
vn 0.840610690759 0.540321209137 -0.0377711204319
vn 0.745772286316 0.665129353218 -0.0377708942315
vn 0.745772286316 0.665129353218 -0.0377708942315
vn 0.63252474478 0.77361872532 -0.0377692345129
vn 0.63252474478 0.77361872532 -0.0377692345129
vn 0.503801804555 0.863089144729 -0.0355087310003
vn 0.503801804555 0.863089144729 -0.0355087310003
vn 0.36258834377 0.931356339009 -0.0332424841116
vn 0.36258834377 0.931356339009 -0.0332424841116
vn 0.212415580607 0.976711832365 -0.0302261084935
vn 0.212415580607 0.976711832365 -0.0302261084935
vn 0.0569785897157 0.998025010695 -0.0264484090434
vn 0.0569785897157 0.998025010695 -0.0264484090434
vn -0.099778401815 0.994784618227 -0.0211620856965
vn -0.099778401815 0.994784618227 -0.0211620856965
vn -0.254274200889 0.9670018953 -0.0158734132733
vn -0.254274200889 0.9670018953 -0.0158734132733
vn -0.402364191308 0.915418522276 -0.0105823733811
vn -0.402364191308 0.915418522276 -0.0105823733811
vn -0.540701487312 0.841202311363 -0.0045357441775
vn -0.540701487312 0.841202311363 -0.0045357441775
vn -0.665603549735 0.74630397877 0.00151190309803
vn -0.665603549735 0.74630397877 0.00151190309803
vn -0.77414899069 0.632958293721 0.00755900945911
vn -0.77414899069 0.632958293721 0.00755900945911
vn -0.863587893646 0.504034561489 0.0128495436708
vn -0.863587893646 0.504034561489 0.0128495436708
vn -0.931718047178 0.362729162918 0.0181393200481
vn -0.931718047178 0.362729162918 0.0181393200481
vn -0.976890070671 0.212454345388 0.023429488892
vn -0.976890070671 0.212454345388 0.023429488892
vn -0.997978291136 0.0570758805543 0.0279584384388
vn -0.997978291136 0.0570758805543 0.0279584384388
vn -0.994506299879 -0.099750484533 0.0317342139599
vn -0.994506299879 -0.099750484533 0.0317342139599
vn -0.966539514306 -0.254152617208 0.0347536250001
vn -0.966539514306 -0.254152617208 0.0347536250001
vn -0.994506299879 -0.099750484533 0.0317342139599
vn -0.997978291136 0.0570758805543 0.0279584384388
vn -0.966539514306 -0.254152617208 0.0347536250001
vn -0.966539514306 -0.254152617208 0.0347536250001
vn -0.994506299879 -0.099750484533 0.0317342139599
vn -0.997978291136 0.0570758805543 0.0279584384388
vn -0.976890070671 0.212454345388 0.023429488892
vn -0.931718047178 0.362729162918 0.0181393200481
vn -0.976890070671 0.212454345388 0.023429488892
vn -0.931718047178 0.362729162918 0.0181393200481
vn -0.863587893646 0.504034561489 0.0128495436708
vn -0.77414899069 0.632958293721 0.00755900945911
vn -0.863587893646 0.504034561489 0.0128495436708
vn -0.77414899069 0.632958293721 0.00755900945911
vn -0.665603549735 0.74630397877 0.00151190309803
vn -0.540701487312 0.841202311363 -0.0045357441775
vn -0.665603549735 0.74630397877 0.00151190309803
vn -0.540701487312 0.841202311363 -0.0045357441775
vn -0.402364191308 0.915418522276 -0.0105823733811
vn -0.254274200889 0.9670018953 -0.0158734132733
vn -0.402364191308 0.915418522276 -0.0105823733811
vn -0.254274200889 0.9670018953 -0.0158734132733
vn -0.099778401815 0.994784618227 -0.0211620856965
vn 0.0569785897157 0.998025010695 -0.0264484090434
vn -0.099778401815 0.994784618227 -0.0211620856965
vn 0.0569785897157 0.998025010695 -0.0264484090434
vn 0.212415580607 0.976711832365 -0.0302261084935
vn 0.36258834377 0.931356339009 -0.0332424841116
vn 0.212415580607 0.976711832365 -0.0302261084935
vn 0.36258834377 0.931356339009 -0.0332424841116
vn 0.503801804555 0.863089144729 -0.0355087310003
vn 0.63252474478 0.77361872532 -0.0377692345129
vn 0.503801804555 0.863089144729 -0.0355087310003
vn 0.63252474478 0.77361872532 -0.0377692345129
vn 0.745772286316 0.665129353218 -0.0377708942315
vn 0.840610690759 0.540321209137 -0.0377711204319
vn 0.745772286316 0.665129353218 -0.0377708942315
vn 0.840610690759 0.540321209137 -0.0377711204319
vn 0.914851449368 0.402158858724 -0.0362640033531
vn 0.966564060759 0.254059125115 -0.0347545305635
vn 0.914851449368 0.402158858724 -0.0362640033531
vn 0.966564060759 0.254059125115 -0.0347545305635
vn 0.994506299879 0.099750484533 -0.0317342139599
vn 0.997978291136 -0.0570758805543 -0.0279584384388
vn 0.994506299879 0.099750484533 -0.0317342139599
vn 0.997978291136 -0.0570758805543 -0.0279584384388
vn 0.976890070671 -0.212454345388 -0.023429488892
vn 0.931718047178 -0.362729162918 -0.0181393200481
vn 0.976890070671 -0.212454345388 -0.023429488892
vn 0.931718047178 -0.362729162918 -0.0181393200481
vn 0.863587893646 -0.504034561489 -0.0128495436708
vn 0.77414899069 -0.632958293721 -0.00755900945911
vn 0.863587893646 -0.504034561489 -0.0128495436708
vn 0.77414899069 -0.632958293721 -0.00755900945911
vn 0.665603549735 -0.74630397877 -0.00151190309803
vn 0.540701487312 -0.841202311363 0.0045357441775
vn 0.665603549735 -0.74630397877 -0.00151190309803
vn 0.540701487312 -0.841202311363 0.0045357441775
vn 0.402364191308 -0.915418522276 0.0105823733811
vn 0.254274200889 -0.9670018953 0.0158734132733
vn 0.402364191308 -0.915418522276 0.0105823733811
vn 0.254274200889 -0.9670018953 0.0158734132733
vn 0.099778401815 -0.994784618227 0.0211620856965
vn -0.0569785897157 -0.998025010695 0.0264484090434
vn 0.099778401815 -0.994784618227 0.0211620856965
vn -0.0569785897157 -0.998025010695 0.0264484090434
vn -0.212415580607 -0.976711832365 0.0302261084935
vn -0.36258834377 -0.931356339009 0.0332424841116
vn -0.212415580607 -0.976711832365 0.0302261084935
vn -0.36258834377 -0.931356339009 0.0332424841116
vn -0.503801804555 -0.863089144729 0.0355087310003
vn -0.63252474478 -0.77361872532 0.0377692345129
vn -0.503801804555 -0.863089144729 0.0355087310003
vn -0.63252474478 -0.77361872532 0.0377692345129
vn -0.745772286316 -0.665129353218 0.0377708942315
vn -0.840610690759 -0.540321209137 0.0377711204319
vn -0.745772286316 -0.665129353218 0.0377708942315
vn -0.840610690759 -0.540321209137 0.0377711204319
vn -0.914851449368 -0.402158858724 0.0362640033531
vn -0.966564060759 -0.254059125115 0.0347545305635
vn -0.914851449368 -0.402158858724 0.0362640033531
vn -0.966564060759 -0.254059125115 0.0347545305635
vn -0.9911329824 -0.100119469774 0.0873584739516
vn -0.994995699533 0.0569110023799 0.0821260964573
vn -0.9634514696 -0.252716743301 0.0888567013806
vn -0.952017212636 -0.250090361652 0.176403055114
vn -0.980046770384 -0.0982312930119 0.172797398515
vn -0.9839774716 0.0562920676065 0.169173102201
vn -0.974280359147 0.211266895995 0.0783841848617
vn -0.929362696583 0.361851025196 0.0731355848007
vn -0.963646373842 0.209715649612 0.165544593659
vn -0.919756968476 0.358187875108 0.160463594204
vn -0.861959333325 0.502310797602 0.0686292234177
vn -0.772647884336 0.631812573647 0.0618717917353
vn -0.853097001679 0.498084548952 0.155361796528
vn -0.76539691899 0.625946126094 0.149529273482
vn -0.665062866414 0.744638771094 0.0566081646163
vn -0.539944065521 0.84017934089 0.0505873625504
vn -0.65863820496 0.738617121227 0.143667892018
vn -0.535453847182 0.833247423479 0.137796621161
vn -0.40258609176 0.914260024967 0.0453105447852
vn -0.254016504511 0.966401886661 0.0392811518825
vn -0.398820942455 0.907384574455 0.132646484686
vn -0.252094074593 0.95936628001 0.126747458886
vn -0.100445601574 0.994361462999 0.0339994415538
vn 0.057074659711 0.997956924263 0.0287134208062
vn -0.0989720874192 0.987636176661 0.121570179164
vn 0.0567164580146 0.991494977658 0.117136470274
vn 0.211828250253 0.97696910282 0.0256936671003
vn 0.362707613593 0.931662700952 0.0211612545934
vn 0.211256693224 0.970826865713 0.113427538003
vn 0.360632542517 0.926233204265 0.109709710578
vn 0.503400696221 0.863829602333 0.0196508823472
vn 0.632880728898 0.774054127255 0.0173836437185
vn 0.501199519193 0.858631037549 0.10747922273
vn 0.629399417085 0.769818434781 0.105999770017
vn 0.745722022621 0.666030347653 0.0173850793153
vn 0.841083839289 0.540625337291 0.0173844748267
vn 0.742164178373 0.661900642181 0.105260971974
vn 0.836487424842 0.53763536052 0.106004750839
vn 0.914999720942 0.403011789352 0.0188946637759
vn 0.966922344356 0.254253288383 0.0204069922165
vn 0.910223747158 0.400124576984 0.10673824527
vn 0.961357758637 0.252816210605 0.108973499363
vn 0.994645682531 0.100474309007 0.0241842811001
vn 0.9980047807 -0.0569774353108 0.0272034844371
vn 0.988742942776 0.09928175669 0.111939831603
vn 0.99167555763 -0.0566217617613 0.115644128663
vn 0.976796508199 -0.211690884478 0.0324892443696
vn 0.931292274898 -0.362463464425 0.0362620417621
vn 0.97010176441 -0.210900319575 0.120098384214
vn 0.924671785341 -0.359826129422 0.124528093134
vn 0.863266679535 -0.502972733144 0.0422973961197
vn 0.773371095688 -0.632222384353 0.0468188538725
vn 0.856342503704 -0.499665336549 0.130430317803
vn 0.767079450667 -0.627060948704 0.135586440968
vn 0.665146427543 -0.744732324576 0.0543506638211
vn 0.539745377194 -0.839714832598 0.0596148279707
vn 0.659009304261 -0.738712205535 0.141460292278
vn 0.534826344948 -0.832018049576 0.147332094021
vn 0.402231509901 -0.913128382873 0.066380485348
vn 0.253680070103 -0.964742397905 0.0701322159779
vn 0.397747205809 -0.904617893501 0.153178415672
vn 0.251149259256 -0.954920236769 0.158276312141
vn 0.100304937745 -0.991981973647 0.0768809691948
vn -0.0568186257216 -0.995123371158 0.0806295228005
vn 0.0985773365948 -0.98162899114 0.163361661549
vn -0.0562079051022 -0.984230043538 0.167725647415
vn -0.211040998249 -0.973698147065 0.0858697587041
vn -0.361325012622 -0.928267563566 0.0881110985313
vn -0.209316679579 -0.962718754102 0.171345055811
vn -0.357121563853 -0.917524674607 0.174964739641
vn -0.501330180578 -0.860447506734 0.0910941172496
vn -0.630290051969 -0.770907770875 0.0918458447283
vn -0.496087422963 -0.850013659422 0.177127207325
vn -0.622782707652 -0.761747497316 0.178556571939
vn -0.742579116986 -0.663223311878 0.093333239516
vn -0.837642766291 -0.538313932507 0.0925889094279
vn -0.73422323852 -0.654807859343 0.179284420294
vn -0.827613019579 -0.531896357157 0.179284564498
vn -0.911252302272 -0.401305520476 0.0925911488121
vn -0.96319415798 -0.253697569064 0.088851322358
vn -0.900864673063 -0.395998530216 0.177842640821
vn -0.951970317932 -0.250274960723 0.176394324772
vn -0.966564060759 -0.254059125115 0.0347545305635
vn -0.914851449368 -0.402158858724 0.0362640033531
vn -0.914851449368 -0.402158858724 0.0362640033531
vn -0.966564060759 -0.254059125115 0.0347545305635
vn -0.840610690759 -0.540321209137 0.0377711204319
vn -0.840610690759 -0.540321209137 0.0377711204319
vn -0.745772286316 -0.665129353218 0.0377708942315
vn -0.745772286316 -0.665129353218 0.0377708942315
vn -0.63252474478 -0.77361872532 0.0377692345129
vn -0.63252474478 -0.77361872532 0.0377692345129
vn -0.503801804555 -0.863089144729 0.0355087310003
vn -0.503801804555 -0.863089144729 0.0355087310003
vn -0.36258834377 -0.931356339009 0.0332424841116
vn -0.36258834377 -0.931356339009 0.0332424841116
vn -0.212415580607 -0.976711832365 0.0302261084935
vn -0.212415580607 -0.976711832365 0.0302261084935
vn -0.0569785897157 -0.998025010695 0.0264484090434
vn -0.0569785897157 -0.998025010695 0.0264484090434
vn 0.099778401815 -0.994784618227 0.0211620856965
vn 0.099778401815 -0.994784618227 0.0211620856965
vn 0.254274200889 -0.9670018953 0.0158734132733
vn 0.254274200889 -0.9670018953 0.0158734132733
vn 0.402364191308 -0.915418522276 0.0105823733811
vn 0.402364191308 -0.915418522276 0.0105823733811
vn 0.540701487312 -0.841202311363 0.0045357441775
vn 0.540701487312 -0.841202311363 0.0045357441775
vn 0.665603549735 -0.74630397877 -0.00151190309803
vn 0.665603549735 -0.74630397877 -0.00151190309803
vn 0.77414899069 -0.632958293721 -0.00755900945911
vn 0.774153191344 -0.632961731019 -0.00680319016892
vn 0.863587893646 -0.504034561489 -0.0128495436708
vn 0.863587893646 -0.504034561489 -0.0128495436708
vn 0.931718047178 -0.362729162918 -0.0181393200481
vn 0.931718047178 -0.362729162918 -0.0181393200481
vn 0.976890070671 -0.212454345388 -0.023429488892
vn 0.976890070671 -0.212454345388 -0.023429488892
vn 0.997978291136 -0.0570758805543 -0.0279584384388
vn 0.997978291136 -0.0570758805543 -0.0279584384388
vn 0.994506299879 0.099750484533 -0.0317342139599
vn 0.994506299879 0.099750484533 -0.0317342139599
vn 0.966564060759 0.254059125115 -0.0347545305635
vn 0.966564060759 0.254059125115 -0.0347545305635
vn 0.914851449368 0.402158858724 -0.0362640033531
vn 0.914851449368 0.402158858724 -0.0362640033531
vn 0.840610690759 0.540321209137 -0.0377711204319
vn 0.840610690759 0.540321209137 -0.0377711204319
vn 0.745772286316 0.665129353218 -0.0377708942315
vn 0.745772286316 0.665129353218 -0.0377708942315
vn 0.63252474478 0.77361872532 -0.0377692345129
vn 0.63252474478 0.77361872532 -0.0377692345129
vn 0.503801804555 0.863089144729 -0.0355087310003
vn 0.503801804555 0.863089144729 -0.0355087310003
vn 0.36258834377 0.931356339009 -0.0332424841116
vn 0.36258834377 0.931356339009 -0.0332424841116
vn 0.212415580607 0.976711832365 -0.0302261084935
vn 0.212415580607 0.976711832365 -0.0302261084935
vn 0.0569785897157 0.998025010695 -0.0264484090434
vn 0.0569785897157 0.998025010695 -0.0264484090434
vn -0.099778401815 0.994784618227 -0.0211620856965
vn -0.099778401815 0.994784618227 -0.0211620856965
vn -0.254274200889 0.9670018953 -0.0158734132733
vn -0.254274200889 0.9670018953 -0.0158734132733
vn -0.402364191308 0.915418522276 -0.0105823733811
vn -0.402364191308 0.915418522276 -0.0105823733811
vn -0.540701487312 0.841202311363 -0.0045357441775
vn -0.540701487312 0.841202311363 -0.0045357441775
vn -0.665603549735 0.74630397877 0.00151190309803
vn -0.665603549735 0.74630397877 0.00151190309803
vn -0.77414899069 0.632958293721 0.00755900945911
vn -0.77414899069 0.632958293721 0.00755900945911
vn -0.863587893646 0.504034561489 0.0128495436708
vn -0.863587893646 0.504034561489 0.0128495436708
vn -0.931718047178 0.362729162918 0.0181393200481
vn -0.931718047178 0.362729162918 0.0181393200481
vn -0.976890070671 0.212454345388 0.023429488892
vn -0.976890070671 0.212454345388 0.023429488892
vn -0.997978291136 0.0570758805543 0.0279584384388
vn -0.997978291136 0.0570758805543 0.0279584384388
vn -0.994506299879 -0.099750484533 0.0317342139599
vn -0.994506299879 -0.099750484533 0.0317342139599
vn -0.966539514306 -0.254152617208 0.0347536250001
vn -0.966539514306 -0.254152617208 0.0347536250001
vn -0.957959540238 -0.252047687644 -0.137060141615
vn -0.907075955514 -0.398784399947 -0.134848853491
vn -0.914806084106 -0.401751345338 -0.0415413649589
vn -0.966097735257 -0.254562260491 -0.0430490588191
vn -0.833711113659 -0.535850947764 -0.133377437153
vn -0.84067950963 -0.539937260956 -0.0415417418932
vn -0.739642201848 -0.659651415831 -0.133376995159
vn -0.745871569485 -0.664839842728 -0.040787073386
vn -0.627295467612 -0.767145986901 -0.134117228929
vn -0.632716205484 -0.773308709118 -0.0407902405064
vn -0.49943358038 -0.855676385405 -0.1355876921
vn -0.503828350968 -0.862692401062 -0.0438042681795
vn -0.359395361494 -0.922956612525 -0.137789932626
vn -0.362756317037 -0.930818110218 -0.0445589512831
vn -0.210513046381 -0.96740943608 -0.140723986179
vn -0.212534759721 -0.975882103286 -0.0498306772655
vn -0.056504993978 -0.98779829552 -0.145126541415
vn -0.057324998592 -0.99699559112 -0.0520925697537
vn 0.0986005384842 -0.983829632119 -0.149523204803
vn 0.0993398976113 -0.993398926193 -0.0573599004564
vn 0.251087143579 -0.955534306577 -0.154626761218
vn 0.253421036003 -0.965375436976 -0.0618711903374
vn 0.397127391136 -0.90375608071 -0.159733471096
vn 0.401150382533 -0.913437682796 -0.0686292229428
vn 0.533081604002 -0.82970935971 -0.165548729636
vn 0.538885945978 -0.839197911399 -0.0731355093751
vn 0.655701113898 -0.735323375415 -0.171334709853
vn 0.66325148239 -0.744201462477 -0.0791306157807
vn 0.761861102771 -0.623054519486 -0.177117830363
vn 0.771094386279 -0.630904468501 -0.0858661695625
vn 0.849150039203 -0.495739164434 -0.182172697646
vn 0.859802977121 -0.502298610814 -0.0918419626742
vn 0.915218958313 -0.356458871434 -0.18791309513
vn 0.927464700442 -0.36148822498 -0.0955797710603
vn 0.958905327096 -0.208705233227 -0.192204836804
vn 0.97202125227 -0.21181507083 -0.101533545709
vn 0.978904065747 -0.0560074350194 -0.196494267819
vn 0.992727121608 -0.0570795700057 -0.105994267353
vn 0.97489708046 0.0977249515057 -0.200063780738
vn 0.989119956372 0.0988225142849 -0.108976247767
vn 0.947036857327 0.248905733793 -0.202896837208
vn 0.961061604743 0.252314698885 -0.112684890804
vn 0.896029045304 0.393818034679 -0.205034888574
vn 0.909515943301 0.399471721696 -0.114904710292
vn 0.823261241902 0.52906454428 -0.205746532335
vn 0.835848330165 0.536798823759 -0.114911234317
vn 0.730195639762 0.6513031811 -0.20644247131
vn 0.741489108677 0.660922697339 -0.115650723539
vn 0.61940306416 0.757635586245 -0.205738092156
vn 0.628934630873 0.768808259713 -0.115650723674
vn 0.493466420126 0.845424800061 -0.204322782994
vn 0.500940813388 0.857818910955 -0.114913086683
vn 0.355226032712 0.912654636509 -0.202178090164
vn 0.360808849139 0.926076045792 -0.110454206774
vn 0.208245617443 0.957694541879 -0.198632644019
vn 0.211552566985 0.97127284287 -0.108970528612
vn 0.0558280875457 0.979199101073 -0.195070103037
vn 0.0569894761421 0.99288986736 -0.104507946603
vn -0.0980943767325 0.976721528443 -0.190768312696
vn -0.0990217184329 0.990117669965 -0.0993060869322
vn -0.249952729369 0.950272514784 -0.185757316754
vn -0.252805599035 0.962931469063 -0.0940867418141
vn -0.395958480542 0.900451300131 -0.180012048985
vn -0.400544556965 0.911958572702 -0.0888572988621
vn -0.532431203407 0.828193488185 -0.174964452865
vn -0.538556219306 0.838429574256 -0.08362444415
vn -0.656101980955 0.735465182421 -0.169177882815
vn -0.663473542032 0.74423902495 -0.0768838914509
vn -0.763875930291 0.624343493412 -0.163366965319
vn -0.772004750006 0.631567703556 -0.0716303133702
vn -0.852908824131 0.497719469099 -0.157549572515
vn -0.861659668039 0.503225215679 -0.0656277287394
vn -0.921020198697 0.358443628014 -0.152446577948
vn -0.930119954036 0.362384395602 -0.0596189644952
vn -0.966511915219 0.210119884483 -0.147323969147
vn -0.975611579316 0.212475837526 -0.0551004970318
vn -0.988017260953 0.0564185323032 -0.143662247204
vn -0.997078588628 0.0572298889039 -0.0505868354012
vn -0.985196527504 -0.0989355971332 -0.139998392182
vn -0.993980864632 -0.0993980884611 -0.0460658306845
vn -0.957940819892 -0.251719511246 -0.137792137811
vn -0.966387356151 -0.253460638689 -0.043048606325
vt 0.00377700 0.34520400
vt 0.02858800 0.34520400
vt 0.02858800 0.28816400
vt 0.00377700 0.28816400
vt 0.05340000 0.34520400
vt 0.05340000 0.28816400
vt 0.05340000 0.23112500
vt 0.02858800 0.23112500
vt 0.00377700 0.23112500
vt 0.07821100 0.34520400
vt 0.07821100 0.28816400
vt 0.10302200 0.34520400
vt 0.10302200 0.28816400
vt 0.10302200 0.23112500
vt 0.07821100 0.23112500
vt 0.12783300 0.34520400
vt 0.12783300 0.28816400
vt 0.15264400 0.34520400
vt 0.15264400 0.28816400
vt 0.15264400 0.23112500
vt 0.12783300 0.23112500
vt 0.17745500 0.34520400
vt 0.17745500 0.28816400
vt 0.20226600 0.34520400
vt 0.20226600 0.28816400
vt 0.20226600 0.23112500
vt 0.17745500 0.23112500
vt 0.22707700 0.34520400
vt 0.22707700 0.28816400
vt 0.25188900 0.34520400
vt 0.25188900 0.28816400
vt 0.25188900 0.23112500
vt 0.22707700 0.23112500
vt 0.27670000 0.34520400
vt 0.27670000 0.28816400
vt 0.30151100 0.34520400
vt 0.30151100 0.28816400
vt 0.30151100 0.23112500
vt 0.27670000 0.23112500
vt 0.32632200 0.34520400
vt 0.32632200 0.28816400
vt 0.35113300 0.34520400
vt 0.35113300 0.28816400
vt 0.35113300 0.23112500
vt 0.32632200 0.23112500
vt 0.37594400 0.34520400
vt 0.37594400 0.28816400
vt 0.40075500 0.34520400
vt 0.40075500 0.28816400
vt 0.40075500 0.23112500
vt 0.37594400 0.23112500
vt 0.42556600 0.34520400
vt 0.42556600 0.28816400
vt 0.45037800 0.34520400
vt 0.45037800 0.28816400
vt 0.45037800 0.23112500
vt 0.42556600 0.23112500
vt 0.47518900 0.34520400
vt 0.47518900 0.28816400
vt 0.50000000 0.34520400
vt 0.50000000 0.28816400
vt 0.50000000 0.23112500
vt 0.47518900 0.23112500
vt 0.52481100 0.34520400
vt 0.52481100 0.28816400
vt 0.54962200 0.34520400
vt 0.54962200 0.28816400
vt 0.54962200 0.23112500
vt 0.52481100 0.23112500
vt 0.57443300 0.34520400
vt 0.57443300 0.28816400
vt 0.59924400 0.34520400
vt 0.59924400 0.28816400
vt 0.59924400 0.23112500
vt 0.57443300 0.23112500
vt 0.62405600 0.34520400
vt 0.62405600 0.28816400
vt 0.64886700 0.34520400
vt 0.64886700 0.28816400
vt 0.64886700 0.23112500
vt 0.62405600 0.23112500
vt 0.67367800 0.34520400
vt 0.67367800 0.28816400
vt 0.69848900 0.34520400
vt 0.69848900 0.28816400
vt 0.69848900 0.23112500
vt 0.67367800 0.23112500
vt 0.72330000 0.34520400
vt 0.72330000 0.28816400
vt 0.74811100 0.34520400
vt 0.74811100 0.28816400
vt 0.74811100 0.23112500
vt 0.72330000 0.23112500
vt 0.77292200 0.34520400
vt 0.77292200 0.28816400
vt 0.79773300 0.34520400
vt 0.79773300 0.28816400
vt 0.79773300 0.23112500
vt 0.77292200 0.23112500
vt 0.82254500 0.34520400
vt 0.82254500 0.28816400
vt 0.84735600 0.34520400
vt 0.84735600 0.28816400
vt 0.84735600 0.23112500
vt 0.82254500 0.23112500
vt 0.87216700 0.34520400
vt 0.87216700 0.28816400
vt 0.89697800 0.34520400
vt 0.89697800 0.28816400
vt 0.89697800 0.23112500
vt 0.87216700 0.23112500
vt 0.92178900 0.34520400
vt 0.92178900 0.28816400
vt 0.94660000 0.34520400
vt 0.94660000 0.28816400
vt 0.94660000 0.23112500
vt 0.92178900 0.23112500
vt 0.97141100 0.34520400
vt 0.97141100 0.28816400
vt 0.99622200 0.34520400
vt 0.99622200 0.28816400
vt 0.99622200 0.23112500
vt 0.97141100 0.23112500
vt 0.00377700 0.68744200
vt 0.02858800 0.68744200
vt 0.02858800 0.63040300
vt 0.00377700 0.63040300
vt 0.05340000 0.68744200
vt 0.05340000 0.63040300
vt 0.05340000 0.57336300
vt 0.02858800 0.57336300
vt 0.00377700 0.57336300
vt 0.07821100 0.68744200
vt 0.07821100 0.63040300
vt 0.10302200 0.68744200
vt 0.10302200 0.63040300
vt 0.10302200 0.57336300
vt 0.07821100 0.57336300
vt 0.12783300 0.68744200
vt 0.12783300 0.63040300
vt 0.15264400 0.68744200
vt 0.15264400 0.63040300
vt 0.15264400 0.57336300
vt 0.12783300 0.57336300
vt 0.17745500 0.68744200
vt 0.17745500 0.63040300
vt 0.20226600 0.68744200
vt 0.20226600 0.63040300
vt 0.20226600 0.57336300
vt 0.17745500 0.57336300
vt 0.22707700 0.68744200
vt 0.22707700 0.63040300
vt 0.25188900 0.68744200
vt 0.25188900 0.63040300
vt 0.25188900 0.57336300
vt 0.22707700 0.57336300
vt 0.27670000 0.68744200
vt 0.27670000 0.63040300
vt 0.30151100 0.68744200
vt 0.30151100 0.63040300
vt 0.30151100 0.57336300
vt 0.27670000 0.57336300
vt 0.32632200 0.68744200
vt 0.32632200 0.63040300
vt 0.35113300 0.68744200
vt 0.35113300 0.63040300
vt 0.35113300 0.57336300
vt 0.32632200 0.57336300
vt 0.37594400 0.68744200
vt 0.37594400 0.63040300
vt 0.40075500 0.68744200
vt 0.40075500 0.63040300
vt 0.40075500 0.57336300
vt 0.37594400 0.57336300
vt 0.42556600 0.68744200
vt 0.42556600 0.63040300
vt 0.45037800 0.68744200
vt 0.45037800 0.63040300
vt 0.45037800 0.57336300
vt 0.42556600 0.57336300
vt 0.47518900 0.68744200
vt 0.47518900 0.63040300
vt 0.50000000 0.68744200
vt 0.50000000 0.63040300
vt 0.50000000 0.57336300
vt 0.47518900 0.57336300
vt 0.52481100 0.68744200
vt 0.52481100 0.63040300
vt 0.54962200 0.68744200
vt 0.54962200 0.63040300
vt 0.54962200 0.57336300
vt 0.52481100 0.57336300
vt 0.57443300 0.68744200
vt 0.57443300 0.63040300
vt 0.59924400 0.68744200
vt 0.59924400 0.63040300
vt 0.59924400 0.57336300
vt 0.57443300 0.57336300
vt 0.62405600 0.68744200
vt 0.62405600 0.63040300
vt 0.64886700 0.68744200
vt 0.64886700 0.63040300
vt 0.64886700 0.57336300
vt 0.62405600 0.57336300
vt 0.67367800 0.68744200
vt 0.67367800 0.63040300
vt 0.69848900 0.68744200
vt 0.69848900 0.63040300
vt 0.69848900 0.57336300
vt 0.67367800 0.57336300
vt 0.72330000 0.68744200
vt 0.72330000 0.63040300
vt 0.74811100 0.68744200
vt 0.74811100 0.63040300
vt 0.74811100 0.57336300
vt 0.72330000 0.57336300
vt 0.77292200 0.68744200
vt 0.77292200 0.63040300
vt 0.79773300 0.68744200
vt 0.79773300 0.63040300
vt 0.79773300 0.57336300
vt 0.77292200 0.57336300
vt 0.82254500 0.68744200
vt 0.82254500 0.63040300
vt 0.84735600 0.68744200
vt 0.84735600 0.63040300
vt 0.84735600 0.57336300
vt 0.82254500 0.57336300
vt 0.87216700 0.68744200
vt 0.87216700 0.63040300
vt 0.89697800 0.68744200
vt 0.89697800 0.63040300
vt 0.89697800 0.57336300
vt 0.87216700 0.57336300
vt 0.92178900 0.68744200
vt 0.92178900 0.63040300
vt 0.94660000 0.68744200
vt 0.94660000 0.63040300
vt 0.94660000 0.57336300
vt 0.92178900 0.57336300
vt 0.97141100 0.68744200
vt 0.97141100 0.63040300
vt 0.99622200 0.68744200
vt 0.99622200 0.63040300
vt 0.99622200 0.57336300
vt 0.97141100 0.57336300
vt 0.97141100 0.17408500
vt 0.94660000 0.17408500
vt 0.99622200 0.17408500
vt 0.99622200 0.12469700
vt 0.97141100 0.12417500
vt 0.94660000 0.12417500
vt 0.92178900 0.17408500
vt 0.89697800 0.17408500
vt 0.92178900 0.12417500
vt 0.89697800 0.12417500
vt 0.87216700 0.17408500
vt 0.84735600 0.17408500
vt 0.87216700 0.12417500
vt 0.84735600 0.12417500
vt 0.82254500 0.17408500
vt 0.79773300 0.17408500
vt 0.82254500 0.12417500
vt 0.79773300 0.12417500
vt 0.77292200 0.17408500
vt 0.74811100 0.17408500
vt 0.77292200 0.12417500
vt 0.74811100 0.12417500
vt 0.72330000 0.17408500
vt 0.69848900 0.17408500
vt 0.72330000 0.12417500
vt 0.69848900 0.12417500
vt 0.67367800 0.17408500
vt 0.64886700 0.17408500
vt 0.67367800 0.12417500
vt 0.64886700 0.12417500
vt 0.62405600 0.17408500
vt 0.59924400 0.17408500
vt 0.62405600 0.12417500
vt 0.59924400 0.12417500
vt 0.57443300 0.17408500
vt 0.54962200 0.17408500
vt 0.57443300 0.12417500
vt 0.54962200 0.12417500
vt 0.52481100 0.17408500
vt 0.50000000 0.17408500
vt 0.52481100 0.12417500
vt 0.50000000 0.12417500
vt 0.47518900 0.17408500
vt 0.45037800 0.17408500
vt 0.47518900 0.12417500
vt 0.45037800 0.12417500
vt 0.42556600 0.17408500
vt 0.40075500 0.17408500
vt 0.42556600 0.12417500
vt 0.40075500 0.12417500
vt 0.37594400 0.17408500
vt 0.35113300 0.17408500
vt 0.37594400 0.12417500
vt 0.35113300 0.12417500
vt 0.32632200 0.17408500
vt 0.30151100 0.17408500
vt 0.32632200 0.12417500
vt 0.30151100 0.12417500
vt 0.27670000 0.17408500
vt 0.25188900 0.17408500
vt 0.27670000 0.12417500
vt 0.25188900 0.12417500
vt 0.22707700 0.17408500
vt 0.20226600 0.17408500
vt 0.22707700 0.12417500
vt 0.20226600 0.12417500
vt 0.17745500 0.17408500
vt 0.15264400 0.17408500
vt 0.17745500 0.12417500
vt 0.15264400 0.12417500
vt 0.12783300 0.17408500
vt 0.10302200 0.17408500
vt 0.12783300 0.12417500
vt 0.10302200 0.12417500
vt 0.07821100 0.17408500
vt 0.05340000 0.17408500
vt 0.07821100 0.12417500
vt 0.05340000 0.12417500
vt 0.02858800 0.17408500
vt 0.00377700 0.17408500
vt 0.02858800 0.12417500
vt 0.00377700 0.12469700
vt 0.00377700 0.79387000
vt 0.02858800 0.79439200
vt 0.02858800 0.74448200
vt 0.00377700 0.74448200
vt 0.05340000 0.79439200
vt 0.05340000 0.74448200
vt 0.07821100 0.79439200
vt 0.07821100 0.74448200
vt 0.10302200 0.79439200
vt 0.10302200 0.74448200
vt 0.12783300 0.79439200
vt 0.12783300 0.74448200
vt 0.15264400 0.79439200
vt 0.15264400 0.74448200
vt 0.17745500 0.79439200
vt 0.17745500 0.74448200
vt 0.20226600 0.79439200
vt 0.20226600 0.74448200
vt 0.22707700 0.79439200
vt 0.22707700 0.74448200
vt 0.25188900 0.79439200
vt 0.25188900 0.74448200
vt 0.27670000 0.79439200
vt 0.27670000 0.74448200
vt 0.30151100 0.79439200
vt 0.30151100 0.74448200
vt 0.32632200 0.79439200
vt 0.32632200 0.74448200
vt 0.35113300 0.79439200
vt 0.35113300 0.74448200
vt 0.37594400 0.79439200
vt 0.37594400 0.74448200
vt 0.40075500 0.79439200
vt 0.40075500 0.74448200
vt 0.42556600 0.79439200
vt 0.42556600 0.74448200
vt 0.45037800 0.79439200
vt 0.45037800 0.74448200
vt 0.47518900 0.79439200
vt 0.47518900 0.74448200
vt 0.50000000 0.79439200
vt 0.50000000 0.74448200
vt 0.52481100 0.79439200
vt 0.52481100 0.74448200
vt 0.54962200 0.79439200
vt 0.54962200 0.74448200
vt 0.57443300 0.79439200
vt 0.57443300 0.74448200
vt 0.59924400 0.79439200
vt 0.59924400 0.74448200
vt 0.62405600 0.79439200
vt 0.62405600 0.74448200
vt 0.64886700 0.79439200
vt 0.64886700 0.74448200
vt 0.67367800 0.79439200
vt 0.67367800 0.74448200
vt 0.69848900 0.79439200
vt 0.69848900 0.74448200
vt 0.72330000 0.79439200
vt 0.72330000 0.74448200
vt 0.74811100 0.79439200
vt 0.74811100 0.74448200
vt 0.77292200 0.79439200
vt 0.77292200 0.74448200
vt 0.79773300 0.79439200
vt 0.79773300 0.74448200
vt 0.82254500 0.79439200
vt 0.82254500 0.74448200
vt 0.84735600 0.79439200
vt 0.84735600 0.74448200
vt 0.87216700 0.79439200
vt 0.87216700 0.74448200
vt 0.89697800 0.79439200
vt 0.89697800 0.74448200
vt 0.92178900 0.79439200
vt 0.92178900 0.74448200
vt 0.94660000 0.79439200
vt 0.94660000 0.74448200
vt 0.97141100 0.79439200
vt 0.97141100 0.74448200
vt 0.99622200 0.79387000
vt 0.99622200 0.74448200
vt 0.97141100 0.08852500
vt 0.94660000 0.08852500
vt 0.99622200 0.08852500
vt 0.99622200 0.06383100
vt 0.97141100 0.06285700
vt 0.94660000 0.06285700
vt 0.92178900 0.08852500
vt 0.89697800 0.08852500
vt 0.92178900 0.06285700
vt 0.89697800 0.06285700
vt 0.87216700 0.08852500
vt 0.84735600 0.08852500
vt 0.87216700 0.06285700
vt 0.84735600 0.06285700
vt 0.82254500 0.08852500
vt 0.79773300 0.08852500
vt 0.82254500 0.06285700
vt 0.79773300 0.06285700
vt 0.77292200 0.08852500
vt 0.74811100 0.08852500
vt 0.77292200 0.06285700
vt 0.74811100 0.06285700
vt 0.72330000 0.08852500
vt 0.69848900 0.08852500
vt 0.72330000 0.06285700
vt 0.69848900 0.06285700
vt 0.67367800 0.08852500
vt 0.64886700 0.08852500
vt 0.67367800 0.06285700
vt 0.64886700 0.06285700
vt 0.62405600 0.08852500
vt 0.59924400 0.08852500
vt 0.62405600 0.06285700
vt 0.59924400 0.06285700
vt 0.57443300 0.08852500
vt 0.54962200 0.08852500
vt 0.57443300 0.06285700
vt 0.54962200 0.06285700
vt 0.52481100 0.08852500
vt 0.50000000 0.08852500
vt 0.52481100 0.06285700
vt 0.50000000 0.06285700
vt 0.47518900 0.08852500
vt 0.45037800 0.08852500
vt 0.47518900 0.06285700
vt 0.45037800 0.06285700
vt 0.42556600 0.08852500
vt 0.40075500 0.08852500
vt 0.42556600 0.06285700
vt 0.40075500 0.06285700
vt 0.37594400 0.08852500
vt 0.35113300 0.08852500
vt 0.37594400 0.06285700
vt 0.35113300 0.06285700
vt 0.32632200 0.08852500
vt 0.30151100 0.08852500
vt 0.32632200 0.06285700
vt 0.30151100 0.06285700
vt 0.27670000 0.08852500
vt 0.25188900 0.08852500
vt 0.27670000 0.06285700
vt 0.25188900 0.06285700
vt 0.22707700 0.08852500
vt 0.20226600 0.08852500
vt 0.22707700 0.06285700
vt 0.20226600 0.06285700
vt 0.17745500 0.08852500
vt 0.15264400 0.08852500
vt 0.17745500 0.06285700
vt 0.15264400 0.06285700
vt 0.12783300 0.08852500
vt 0.10302200 0.08852500
vt 0.12783300 0.06285700
vt 0.10302200 0.06285700
vt 0.07821100 0.08852500
vt 0.05340000 0.08852500
vt 0.07821100 0.06285700
vt 0.05340000 0.06285700
vt 0.02858800 0.08852500
vt 0.00377700 0.08852500
vt 0.02858800 0.06285700
vt 0.00377700 0.06383100
vt 0.00377700 0.45928300
vt 0.02858800 0.45928300
vt 0.02858800 0.40224400
vt 0.00377700 0.40224400
vt 0.05340000 0.45928300
vt 0.05340000 0.40224400
vt 0.07821100 0.45928300
vt 0.07821100 0.40224400
vt 0.10302200 0.45928300
vt 0.10302200 0.40224400
vt 0.12783300 0.45928300
vt 0.12783300 0.40224400
vt 0.15264400 0.45928300
vt 0.15264400 0.40224400
vt 0.17745500 0.45928300
vt 0.17745500 0.40224400
vt 0.20226600 0.45928300
vt 0.20226600 0.40224400
vt 0.22707700 0.45928300
vt 0.22707700 0.40224400
vt 0.25188900 0.45928300
vt 0.25188900 0.40224400
vt 0.27670000 0.45928300
vt 0.27670000 0.40224400
vt 0.30151100 0.45928300
vt 0.30151100 0.40224400
vt 0.32632200 0.45928300
vt 0.32632200 0.40224400
vt 0.35113300 0.45928300
vt 0.35113300 0.40224400
vt 0.37594400 0.45928300
vt 0.37594400 0.40224400
vt 0.40075500 0.45928300
vt 0.40075500 0.40224400
vt 0.42556600 0.45928300
vt 0.42556600 0.40224400
vt 0.45037800 0.45928300
vt 0.45037800 0.40224400
vt 0.47518900 0.45928300
vt 0.47518900 0.40224400
vt 0.50000000 0.45928300
vt 0.50000000 0.40224400
vt 0.52481100 0.45928300
vt 0.52481100 0.40224400
vt 0.54962200 0.45928300
vt 0.54962200 0.40224400
vt 0.57443300 0.45928300
vt 0.57443300 0.40224400
vt 0.59924400 0.45928300
vt 0.59924400 0.40224400
vt 0.62405600 0.45928300
vt 0.62405600 0.40224400
vt 0.64886700 0.45928300
vt 0.64886700 0.40224400
vt 0.67367800 0.45928300
vt 0.67367800 0.40224400
vt 0.69848900 0.45928300
vt 0.69848900 0.40224400
vt 0.72330000 0.45928300
vt 0.72330000 0.40224400
vt 0.74811100 0.45928300
vt 0.74811100 0.40224400
vt 0.77292200 0.45928300
vt 0.77292200 0.40224400
vt 0.79773300 0.45928300
vt 0.79773300 0.40224400
vt 0.82254500 0.45928300
vt 0.82254500 0.40224400
vt 0.84735600 0.45928300
vt 0.84735600 0.40224400
vt 0.87216700 0.45928300
vt 0.87216700 0.40224400
vt 0.89697800 0.45928300
vt 0.89697800 0.40224400
vt 0.92178900 0.45928300
vt 0.92178900 0.40224400
vt 0.94660000 0.45928300
vt 0.94660000 0.40224400
vt 0.97141100 0.45928300
vt 0.97141100 0.40224400
vt 0.99622200 0.45928300
vt 0.99622200 0.40224400
vt 0.97141100 0.51632300
vt 0.94660000 0.51632300
vt 0.99622200 0.51632300
vt 0.92178900 0.51632300
vt 0.89697800 0.51632300
vt 0.87216700 0.51632300
vt 0.84735600 0.51632300
vt 0.82254500 0.51632300
vt 0.79773300 0.51632300
vt 0.77292200 0.51632300
vt 0.74811100 0.51632300
vt 0.72330000 0.51632300
vt 0.69848900 0.51632300
vt 0.67367800 0.51632300
vt 0.64886700 0.51632300
vt 0.62405600 0.51632300
vt 0.59924400 0.51632300
vt 0.57443300 0.51632300
vt 0.54962200 0.51632300
vt 0.52481100 0.51632300
vt 0.50000000 0.51632300
vt 0.47518900 0.51632300
vt 0.45037800 0.51632300
vt 0.42556600 0.51632300
vt 0.40075500 0.51632300
vt 0.37594400 0.51632300
vt 0.35113300 0.51632300
vt 0.32632200 0.51632300
vt 0.30151100 0.51632300
vt 0.27670000 0.51632300
vt 0.25188900 0.51632300
vt 0.22707700 0.51632300
vt 0.20226600 0.51632300
vt 0.17745500 0.51632300
vt 0.15264400 0.51632300
vt 0.12783300 0.51632300
vt 0.10302200 0.51632300
vt 0.07821100 0.51632300
vt 0.05340000 0.51632300
vt 0.02858800 0.51632300
vt 0.00377700 0.51632300
vt 0.00377700 0.85473500
vt 0.02858800 0.85499700
vt 0.02858800 0.83004200
vt 0.00377700 0.83004200
vt 0.05340000 0.85499700
vt 0.05340000 0.83004200
vt 0.07821100 0.85499700
vt 0.07821100 0.83004200
vt 0.10302200 0.85499700
vt 0.10302200 0.83004200
vt 0.12783300 0.85499700
vt 0.12783300 0.83004200
vt 0.15264400 0.85499700
vt 0.15264400 0.83004200
vt 0.17745500 0.85499700
vt 0.17745500 0.83004200
vt 0.20226600 0.85499700
vt 0.20226600 0.83004200
vt 0.22707700 0.85499700
vt 0.22707700 0.83004200
vt 0.25188900 0.85499700
vt 0.25188900 0.83004200
vt 0.27670000 0.85499700
vt 0.27670000 0.83004200
vt 0.30151100 0.85499700
vt 0.30151100 0.83004200
vt 0.32632200 0.85499700
vt 0.32632200 0.83004200
vt 0.35113300 0.85499700
vt 0.35113300 0.83004200
vt 0.37594400 0.85499700
vt 0.37594400 0.83004200
vt 0.40075500 0.85499700
vt 0.40075500 0.83004200
vt 0.42556600 0.85499700
vt 0.42556600 0.83004200
vt 0.45037800 0.85499700
vt 0.45037800 0.83004200
vt 0.47518900 0.85499700
vt 0.47518900 0.83004200
vt 0.50000000 0.85499700
vt 0.50000000 0.83004200
vt 0.52481100 0.85499700
vt 0.52481100 0.83004200
vt 0.54962200 0.85499700
vt 0.54962200 0.83004200
vt 0.57443300 0.85499700
vt 0.57443300 0.83004200
vt 0.59924400 0.85499700
vt 0.59924400 0.83004200
vt 0.62405600 0.85499700
vt 0.62405600 0.83004200
vt 0.64886700 0.85499700
vt 0.64886700 0.83004200
vt 0.67367800 0.85499700
vt 0.67367800 0.83004200
vt 0.69848900 0.85499700
vt 0.69848900 0.83004200
vt 0.72330000 0.85499700
vt 0.72330000 0.83004200
vt 0.74811100 0.85499700
vt 0.74811100 0.83004200
vt 0.77292200 0.85499700
vt 0.77292200 0.83004200
vt 0.79773300 0.85499700
vt 0.79773300 0.83004200
vt 0.82254500 0.85499700
vt 0.82254500 0.83004200
vt 0.84735600 0.85499700
vt 0.84735600 0.83004200
vt 0.87216700 0.85499700
vt 0.87216700 0.83004200
vt 0.89697800 0.85499700
vt 0.89697800 0.83004200
vt 0.92178900 0.85499700
vt 0.92178900 0.83004200
vt 0.94660000 0.85499700
vt 0.94660000 0.83004200
vt 0.97141100 0.85499700
vt 0.97141100 0.83004200
vt 0.99622200 0.85473500
vt 0.99622200 0.83004200
vt 0.97141100 0.04289300
vt 0.94660000 0.04289300
vt 0.99622200 0.04289300
vt 0.99622200 0.02769500
vt 0.97141100 0.02720800
vt 0.94660000 0.02720800
vt 0.92178900 0.04289300
vt 0.89697800 0.04289300
vt 0.92178900 0.02720800
vt 0.89697800 0.02720800
vt 0.87216700 0.04289300
vt 0.84735600 0.04289300
vt 0.87216700 0.02720800
vt 0.84735600 0.02720800
vt 0.82254500 0.04289300
vt 0.79773300 0.04289300
vt 0.82254500 0.02720800
vt 0.79773300 0.02720800
vt 0.77292200 0.04289300
vt 0.74811100 0.04289300
vt 0.77292200 0.02720800
vt 0.74811100 0.02720800
vt 0.72330000 0.04289300
vt 0.69848900 0.04289300
vt 0.72330000 0.02720800
vt 0.69848900 0.02720800
vt 0.67367800 0.04289300
vt 0.64886700 0.04289300
vt 0.67367800 0.02720800
vt 0.64886700 0.02720800
vt 0.62405600 0.04289300
vt 0.59924400 0.04289300
vt 0.62405600 0.02720800
vt 0.59924400 0.02720800
vt 0.57443300 0.04289300
vt 0.54962200 0.04289300
vt 0.57443300 0.02720800
vt 0.54962200 0.02720800
vt 0.52481100 0.04289300
vt 0.50000000 0.04289300
vt 0.52481100 0.02720800
vt 0.50000000 0.02720800
vt 0.47518900 0.04289300
vt 0.45037800 0.04289300
vt 0.47518900 0.02720800
vt 0.45037800 0.02720800
vt 0.42556600 0.04289300
vt 0.40075500 0.04289300
vt 0.42556600 0.02720800
vt 0.40075500 0.02720800
vt 0.37594400 0.04289300
vt 0.35113300 0.04289300
vt 0.37594400 0.02720800
vt 0.35113300 0.02720800
vt 0.32632200 0.04289300
vt 0.30151100 0.04289300
vt 0.32632200 0.02720800
vt 0.30151100 0.02720800
vt 0.27670000 0.04289300
vt 0.25188900 0.04289300
vt 0.27670000 0.02720800
vt 0.25188900 0.02720800
vt 0.22707700 0.04289300
vt 0.20226600 0.04289300
vt 0.22707700 0.02720800
vt 0.20226600 0.02720800
vt 0.17745500 0.04289300
vt 0.15264400 0.04289300
vt 0.17745500 0.02720800
vt 0.15264400 0.02720800
vt 0.12783300 0.04289300
vt 0.10302200 0.04289300
vt 0.12783300 0.02720800
vt 0.10302200 0.02720800
vt 0.07821100 0.04289300
vt 0.05340000 0.04289300
vt 0.07821100 0.02720800
vt 0.05340000 0.02720800
vt 0.02858800 0.04289300
vt 0.00377700 0.04289300
vt 0.02858800 0.02720800
vt 0.00377700 0.02769500
vt 0.97141100 0.01437400
vt 0.94660000 0.01437400
vt 0.99622200 0.01437400
vt 0.99622200 0.00296600
vt 0.97141100 0.00296600
vt 0.94660000 0.00296600
vt 0.92178900 0.01437400
vt 0.89697800 0.01437400
vt 0.92178900 0.00296600
vt 0.89697800 0.00296600
vt 0.87216700 0.01437400
vt 0.84735600 0.01437400
vt 0.87216700 0.00296600
vt 0.84735600 0.00296600
vt 0.82254500 0.01437400
vt 0.79773300 0.01437400
vt 0.82254500 0.00296600
vt 0.79773300 0.00296600
vt 0.77292200 0.01437400
vt 0.74811100 0.01437400
vt 0.77292200 0.00296600
vt 0.74811100 0.00296600
vt 0.72330000 0.01437400
vt 0.69848900 0.01437400
vt 0.72330000 0.00296600
vt 0.69848900 0.00296600
vt 0.67367800 0.01437400
vt 0.64886700 0.01437400
vt 0.67367800 0.00296600
vt 0.64886700 0.00296600
vt 0.62405600 0.01437400
vt 0.59924400 0.01437400
vt 0.62405600 0.00296600
vt 0.59924400 0.00296600
vt 0.57443300 0.01437400
vt 0.54962200 0.01437400
vt 0.57443300 0.00296600
vt 0.54962200 0.00296600
vt 0.52481100 0.01437400
vt 0.50000000 0.01437400
vt 0.52481100 0.00296600
vt 0.50000000 0.00296600
vt 0.47518900 0.01437400
vt 0.45037800 0.01437400
vt 0.47518900 0.00296600
vt 0.45037800 0.00296600
vt 0.42556600 0.01437400
vt 0.40075500 0.01437400
vt 0.42556600 0.00296600
vt 0.40075500 0.00296600
vt 0.37594400 0.01437400
vt 0.35113300 0.01437400
vt 0.37594400 0.00296600
vt 0.35113300 0.00296600
vt 0.32632200 0.01437400
vt 0.30151100 0.01437400
vt 0.32632200 0.00296600
vt 0.30151100 0.00296600
vt 0.27670000 0.01437400
vt 0.25188900 0.01437400
vt 0.27670000 0.00296600
vt 0.25188900 0.00296600
vt 0.22707700 0.01437400
vt 0.20226600 0.01437400
vt 0.22707700 0.00296600
vt 0.20226600 0.00296600
vt 0.17745500 0.01437400
vt 0.15264400 0.01437400
vt 0.17745500 0.00296600
vt 0.15264400 0.00296600
vt 0.12783300 0.01437400
vt 0.10302200 0.01437400
vt 0.12783300 0.00296600
vt 0.10302200 0.00296600
vt 0.07821100 0.01437400
vt 0.05340000 0.01437400
vt 0.07821100 0.00296600
vt 0.05340000 0.00296600
vt 0.02858800 0.01437400
vt 0.00377700 0.01437400
vt 0.02858800 0.00296600
vt 0.00377700 0.00296600
vt 0.00377700 0.88708200
vt 0.02858800 0.88708200
vt 0.02858800 0.87282200
vt 0.00377700 0.87282200
vt 0.05340000 0.88708200
vt 0.05340000 0.87282200
vt 0.07821100 0.88708200
vt 0.07821100 0.87282200
vt 0.10302200 0.88708200
vt 0.10302200 0.87282200
vt 0.12783300 0.88708200
vt 0.12783300 0.87282200
vt 0.15264400 0.88708200
vt 0.15264400 0.87282200
vt 0.17745500 0.88708200
vt 0.17745500 0.87282200
vt 0.20226600 0.88708200
vt 0.20226600 0.87282200
vt 0.22707700 0.88708200
vt 0.22707700 0.87282200
vt 0.25188900 0.88708200
vt 0.25188900 0.87282200
vt 0.27670000 0.88708200
vt 0.27670000 0.87282200
vt 0.30151100 0.88708200
vt 0.30151100 0.87282200
vt 0.32632200 0.88708200
vt 0.32632200 0.87282200
vt 0.35113300 0.88708200
vt 0.35113300 0.87282200
vt 0.37594400 0.88708200
vt 0.37594400 0.87282200
vt 0.40075500 0.88708200
vt 0.40075500 0.87282200
vt 0.42556600 0.88708200
vt 0.42556600 0.87282200
vt 0.45037800 0.88708200
vt 0.45037800 0.87282200
vt 0.47518900 0.88708200
vt 0.47518900 0.87282200
vt 0.50000000 0.88708200
vt 0.50000000 0.87282200
vt 0.52481100 0.88708200
vt 0.52481100 0.87282200
vt 0.54962200 0.88708200
vt 0.54962200 0.87282200
vt 0.57443300 0.88708200
vt 0.57443300 0.87282200
vt 0.59924400 0.88708200
vt 0.59924400 0.87282200
vt 0.62405600 0.88708200
vt 0.62405600 0.87282200
vt 0.64886700 0.88708200
vt 0.64886700 0.87282200
vt 0.67367800 0.88708200
vt 0.67367800 0.87282200
vt 0.69848900 0.88708200
vt 0.69848900 0.87282200
vt 0.72330000 0.88708200
vt 0.72330000 0.87282200
vt 0.74811100 0.88708200
vt 0.74811100 0.87282200
vt 0.77292200 0.88708200
vt 0.77292200 0.87282200
vt 0.79773300 0.88708200
vt 0.79773300 0.87282200
vt 0.82254500 0.88708200
vt 0.82254500 0.87282200
vt 0.84735600 0.88708200
vt 0.84735600 0.87282200
vt 0.87216700 0.88708200
vt 0.87216700 0.87282200
vt 0.89697800 0.88708200
vt 0.89697800 0.87282200
vt 0.92178900 0.88708200
vt 0.92178900 0.87282200
vt 0.94660000 0.88708200
vt 0.94660000 0.87282200
vt 0.97141100 0.88708200
vt 0.97141100 0.87282200
vt 0.99622200 0.88708200
vt 0.99622200 0.87282200
vt 0.00377700 0.91560100
vt 0.02858800 0.91560100
vt 0.02858800 0.90134100
vt 0.00377700 0.90134100
vt 0.05340000 0.91560100
vt 0.05340000 0.90134100
vt 0.07821100 0.91560100
vt 0.07821100 0.90134100
vt 0.10302200 0.91560100
vt 0.10302200 0.90134100
vt 0.12783300 0.91560100
vt 0.12783300 0.90134100
vt 0.15264400 0.91560100
vt 0.15264400 0.90134100
vt 0.17745500 0.91560100
vt 0.17745500 0.90134100
vt 0.20226600 0.91560100
vt 0.20226600 0.90134100
vt 0.22707700 0.91560100
vt 0.22707700 0.90134100
vt 0.25188900 0.91560100
vt 0.25188900 0.90134100
vt 0.27670000 0.91560100
vt 0.27670000 0.90134100
vt 0.30151100 0.91560100
vt 0.30151100 0.90134100
vt 0.32632200 0.91560100
vt 0.32632200 0.90134100
vt 0.35113300 0.91560100
vt 0.35113300 0.90134100
vt 0.37594400 0.91560100
vt 0.37594400 0.90134100
vt 0.40075500 0.91560100
vt 0.40075500 0.90134100
vt 0.42556600 0.91560100
vt 0.42556600 0.90134100
vt 0.45037800 0.91560100
vt 0.45037800 0.90134100
vt 0.47518900 0.91560100
vt 0.47518900 0.90134100
vt 0.50000000 0.91560100
vt 0.50000000 0.90134100
vt 0.52481100 0.91560100
vt 0.52481100 0.90134100
vt 0.54962200 0.91560100
vt 0.54962200 0.90134100
vt 0.57443300 0.91560100
vt 0.57443300 0.90134100
vt 0.59924400 0.91560100
vt 0.59924400 0.90134100
vt 0.62405600 0.91560100
vt 0.62405600 0.90134100
vt 0.64886700 0.91560100
vt 0.64886700 0.90134100
vt 0.67367800 0.91560100
vt 0.67367800 0.90134100
vt 0.69848900 0.91560100
vt 0.69848900 0.90134100
vt 0.72330000 0.91560100
vt 0.72330000 0.90134100
vt 0.74811100 0.91560100
vt 0.74811100 0.90134100
vt 0.77292200 0.91560100
vt 0.77292200 0.90134100
vt 0.79773300 0.91560100
vt 0.79773300 0.90134100
vt 0.82254500 0.91560100
vt 0.82254500 0.90134100
vt 0.84735600 0.91560100
vt 0.84735600 0.90134100
vt 0.87216700 0.91560100
vt 0.87216700 0.90134100
vt 0.89697800 0.91560100
vt 0.89697800 0.90134100
vt 0.92178900 0.91560100
vt 0.92178900 0.90134100
vt 0.94660000 0.91560100
vt 0.94660000 0.90134100
vt 0.97141100 0.91560100
vt 0.97141100 0.90134100
vt 0.99622200 0.91560100
vt 0.99622200 0.90134100
f 1/1/1 2/2/2 3/3/3
f 1/1/1 3/3/3 4/4/4
f 2/2/2 5/5/5 6/6/6
f 2/2/2 6/6/6 3/3/3
f 3/3/3 6/6/6 7/7/7
f 3/3/3 7/7/7 8/8/8
f 4/4/4 3/3/3 8/8/8
f 4/4/4 8/8/8 9/9/9
f 5/5/5 10/10/10 11/11/11
f 5/5/5 11/11/11 6/6/6
f 10/10/10 12/12/12 13/13/13
f 10/10/10 13/13/13 11/11/11
f 11/11/11 13/13/13 14/14/14
f 11/11/11 14/14/14 15/15/15
f 6/6/6 11/11/11 15/15/15
f 6/6/6 15/15/15 7/7/7
f 12/12/12 16/16/16 17/17/17
f 12/12/12 17/17/17 13/13/13
f 16/16/16 18/18/18 19/19/19
f 16/16/16 19/19/19 17/17/17
f 17/17/17 19/19/19 20/20/20
f 17/17/17 20/20/20 21/21/21
f 13/13/13 17/17/17 21/21/21
f 13/13/13 21/21/21 14/14/14
f 18/18/18 22/22/22 23/23/23
f 18/18/18 23/23/23 19/19/19
f 22/22/22 24/24/24 25/25/25
f 22/22/22 25/25/25 23/23/23
f 23/23/23 25/25/25 26/26/26
f 23/23/23 26/26/26 27/27/27
f 19/19/19 23/23/23 27/27/27
f 19/19/19 27/27/27 20/20/20
f 24/24/24 28/28/28 29/29/29
f 24/24/24 29/29/29 25/25/25
f 28/28/28 30/30/30 31/31/31
f 28/28/28 31/31/31 29/29/29
f 29/29/29 31/31/31 32/32/32
f 29/29/29 32/32/32 33/33/33
f 25/25/25 29/29/29 33/33/33
f 25/25/25 33/33/33 26/26/26
f 30/30/30 34/34/34 35/35/35
f 30/30/30 35/35/35 31/31/31
f 34/34/34 36/36/36 37/37/37
f 34/34/34 37/37/37 35/35/35
f 35/35/35 37/37/37 38/38/38
f 35/35/35 38/38/38 39/39/39
f 31/31/31 35/35/35 39/39/39
f 31/31/31 39/39/39 32/32/32
f 36/36/36 40/40/40 41/41/41
f 36/36/36 41/41/41 37/37/37
f 40/40/40 42/42/42 43/43/43
f 40/40/40 43/43/43 41/41/41
f 41/41/41 43/43/43 44/44/44
f 41/41/41 44/44/44 45/45/45
f 37/37/37 41/41/41 45/45/45
f 37/37/37 45/45/45 38/38/38
f 42/42/42 46/46/46 47/47/47
f 42/42/42 47/47/47 43/43/43
f 46/46/46 48/48/48 49/49/49
f 46/46/46 49/49/49 47/47/47
f 47/47/47 49/49/49 50/50/50
f 47/47/47 50/50/50 51/51/51
f 43/43/43 47/47/47 51/51/51
f 43/43/43 51/51/51 44/44/44
f 48/48/48 52/52/52 53/53/53
f 48/48/48 53/53/53 49/49/49
f 52/52/52 54/54/54 55/55/55
f 52/52/52 55/55/55 53/53/53
f 53/53/53 55/55/55 56/56/56
f 53/53/53 56/56/56 57/57/57
f 49/49/49 53/53/53 57/57/57
f 49/49/49 57/57/57 50/50/50
f 54/54/54 58/58/58 59/59/59
f 54/54/54 59/59/59 55/55/55
f 58/58/58 60/60/60 61/61/61
f 58/58/58 61/61/61 59/59/59
f 59/59/59 61/61/61 62/62/62
f 59/59/59 62/62/62 63/63/63
f 55/55/55 59/59/59 63/63/63
f 55/55/55 63/63/63 56/56/56
f 60/60/60 64/64/64 65/65/65
f 60/60/60 65/65/65 61/61/61
f 64/64/64 66/66/66 67/67/67
f 64/64/64 67/67/67 65/65/65
f 65/65/65 67/67/67 68/68/68
f 65/65/65 68/68/68 69/69/69
f 61/61/61 65/65/65 69/69/69
f 61/61/61 69/69/69 62/62/62
f 66/66/66 70/70/70 71/71/71
f 66/66/66 71/71/71 67/67/67
f 70/70/70 72/72/72 73/73/73
f 70/70/70 73/73/73 71/71/71
f 71/71/71 73/73/73 74/74/74
f 71/71/71 74/74/74 75/75/75
f 67/67/67 71/71/71 75/75/75
f 67/67/67 75/75/75 68/68/68
f 72/72/72 76/76/76 77/77/77
f 72/72/72 77/77/77 73/73/73
f 76/76/76 78/78/78 79/79/79
f 76/76/76 79/79/79 77/77/77
f 77/77/77 79/79/79 80/80/80
f 77/77/77 80/80/80 81/81/81
f 73/73/73 77/77/77 81/81/81
f 73/73/73 81/81/81 74/74/74
f 78/78/78 82/82/82 83/83/83
f 78/78/78 83/83/83 79/79/79
f 82/82/82 84/84/84 85/85/85
f 82/82/82 85/85/85 83/83/83
f 83/83/83 85/85/85 86/86/86
f 83/83/83 86/86/86 87/87/87
f 79/79/79 83/83/83 87/87/87
f 79/79/79 87/87/87 80/80/80
f 84/84/84 88/88/88 89/89/89
f 84/84/84 89/89/89 85/85/85
f 88/88/88 90/90/90 91/91/91
f 88/88/88 91/91/91 89/89/89
f 89/89/89 91/91/91 92/92/92
f 89/89/89 92/92/92 93/93/93
f 85/85/85 89/89/89 93/93/93
f 85/85/85 93/93/93 86/86/86
f 90/90/90 94/94/94 95/95/95
f 90/90/90 95/95/95 91/91/91
f 94/94/94 96/96/96 97/97/97
f 94/94/94 97/97/97 95/95/95
f 95/95/95 97/97/97 98/98/98
f 95/95/95 98/98/98 99/99/99
f 91/91/91 95/95/95 99/99/99
f 91/91/91 99/99/99 92/92/92
f 96/96/96 100/100/100 101/101/101
f 96/96/96 101/101/101 97/97/97
f 100/100/100 102/102/102 103/103/103
f 100/100/100 103/103/103 101/101/101
f 101/101/101 103/103/103 104/104/104
f 101/101/101 104/104/104 105/105/105
f 97/97/97 101/101/101 105/105/105
f 97/97/97 105/105/105 98/98/98
f 102/102/102 106/106/106 107/107/107
f 102/102/102 107/107/107 103/103/103
f 106/106/106 108/108/108 109/109/109
f 106/106/106 109/109/109 107/107/107
f 107/107/107 109/109/109 110/110/110
f 107/107/107 110/110/110 111/111/111
f 103/103/103 107/107/107 111/111/111
f 103/103/103 111/111/111 104/104/104
f 108/108/108 112/112/112 113/113/113
f 108/108/108 113/113/113 109/109/109
f 112/112/112 114/114/114 115/115/115
f 112/112/112 115/115/115 113/113/113
f 113/113/113 115/115/115 116/116/116
f 113/113/113 116/116/116 117/117/117
f 109/109/109 113/113/113 117/117/117
f 109/109/109 117/117/117 110/110/110
f 114/114/114 118/118/118 119/119/119
f 114/114/114 119/119/119 115/115/115
f 118/118/118 120/120/120 121/121/121
f 118/118/118 121/121/121 119/119/119
f 119/119/119 121/121/121 122/122/122
f 119/119/119 122/122/122 123/123/123
f 115/115/115 119/119/119 123/123/123
f 115/115/115 123/123/123 116/116/116
f 124/124/124 125/125/125 126/126/126
f 124/124/124 126/126/126 127/127/127
f 125/125/125 128/128/128 129/129/129
f 125/125/125 129/129/129 126/126/126
f 126/126/126 129/129/129 130/130/130
f 126/126/126 130/130/130 131/131/131
f 127/127/127 126/126/126 131/131/131
f 127/127/127 131/131/131 132/132/132
f 128/128/128 133/133/133 134/134/134
f 128/128/128 134/134/134 129/129/129
f 133/133/133 135/135/135 136/136/136
f 133/133/133 136/136/136 134/134/134
f 134/134/134 136/136/136 137/137/137
f 134/134/134 137/137/137 138/138/138
f 129/129/129 134/134/134 138/138/138
f 129/129/129 138/138/138 130/130/130
f 135/135/135 139/139/139 140/140/140
f 135/135/135 140/140/140 136/136/136
f 139/139/139 141/141/141 142/142/142
f 139/139/139 142/142/142 140/140/140
f 140/140/140 142/142/142 143/143/143
f 140/140/140 143/143/143 144/144/144
f 136/136/136 140/140/140 144/144/144
f 136/136/136 144/144/144 137/137/137
f 141/141/141 145/145/145 146/146/146
f 141/141/141 146/146/146 142/142/142
f 145/145/145 147/147/147 148/148/148
f 145/145/145 148/148/148 146/146/146
f 146/146/146 148/148/148 149/149/149
f 146/146/146 149/149/149 150/150/150
f 142/142/142 146/146/146 150/150/150
f 142/142/142 150/150/150 143/143/143
f 147/147/147 151/151/151 152/152/152
f 147/147/147 152/152/152 148/148/148
f 151/151/151 153/153/153 154/154/154
f 151/151/151 154/154/154 152/152/152
f 152/152/152 154/154/154 155/155/155
f 152/152/152 155/155/155 156/156/156
f 148/148/148 152/152/152 156/156/156
f 148/148/148 156/156/156 149/149/149
f 153/153/153 157/157/157 158/158/158
f 153/153/153 158/158/158 154/154/154
f 157/157/157 159/159/159 160/160/160
f 157/157/157 160/160/160 158/158/158
f 158/158/158 160/160/160 161/161/161
f 158/158/158 161/161/161 162/162/162
f 154/154/154 158/158/158 162/162/162
f 154/154/154 162/162/162 155/155/155
f 159/159/159 163/163/163 164/164/164
f 159/159/159 164/164/164 160/160/160
f 163/163/163 165/165/165 166/166/166
f 163/163/163 166/166/166 164/164/164
f 164/164/164 166/166/166 167/167/167
f 164/164/164 167/167/167 168/168/168
f 160/160/160 164/164/164 168/168/168
f 160/160/160 168/168/168 161/161/161
f 165/165/165 169/169/169 170/170/170
f 165/165/165 170/170/170 166/166/166
f 169/169/169 171/171/171 172/172/172
f 169/169/169 172/172/172 170/170/170
f 170/170/170 172/172/172 173/173/173
f 170/170/170 173/173/173 174/174/174
f 166/166/166 170/170/170 174/174/174
f 166/166/166 174/174/174 167/167/167
f 171/171/171 175/175/175 176/176/176
f 171/171/171 176/176/176 172/172/172
f 175/175/175 177/177/177 178/178/178
f 175/175/175 178/178/178 176/176/176
f 176/176/176 178/178/178 179/179/179
f 176/176/176 179/179/179 180/180/180
f 172/172/172 176/176/176 180/180/180
f 172/172/172 180/180/180 173/173/173
f 177/177/177 181/181/181 182/182/182
f 177/177/177 182/182/182 178/178/178
f 181/181/181 183/183/183 184/184/184
f 181/181/181 184/184/184 182/182/182
f 182/182/182 184/184/184 185/185/185
f 182/182/182 185/185/185 186/186/186
f 178/178/178 182/182/182 186/186/186
f 178/178/178 186/186/186 179/179/179
f 183/183/183 187/187/187 188/188/188
f 183/183/183 188/188/188 184/184/184
f 187/187/187 189/189/189 190/190/190
f 187/187/187 190/190/190 188/188/188
f 188/188/188 190/190/190 191/191/191
f 188/188/188 191/191/191 192/192/192
f 184/184/184 188/188/188 192/192/192
f 184/184/184 192/192/192 185/185/185
f 189/189/189 193/193/193 194/194/194
f 189/189/189 194/194/194 190/190/190
f 193/193/193 195/195/195 196/196/196
f 193/193/193 196/196/196 194/194/194
f 194/194/194 196/196/196 197/197/197
f 194/194/194 197/197/197 198/198/198
f 190/190/190 194/194/194 198/198/198
f 190/190/190 198/198/198 191/191/191
f 195/195/195 199/199/199 200/200/200
f 195/195/195 200/200/200 196/196/196
f 199/199/199 201/201/201 202/202/202
f 199/199/199 202/202/202 200/200/200
f 200/200/200 202/202/202 203/203/203
f 200/200/200 203/203/203 204/204/204
f 196/196/196 200/200/200 204/204/204
f 196/196/196 204/204/204 197/197/197
f 201/201/201 205/205/205 206/206/206
f 201/201/201 206/206/206 202/202/202
f 205/205/205 207/207/207 208/208/208
f 205/205/205 208/208/208 206/206/206
f 206/206/206 208/208/208 209/209/209
f 206/206/206 209/209/209 210/210/210
f 202/202/202 206/206/206 210/210/210
f 202/202/202 210/210/210 203/203/203
f 207/207/207 211/211/211 212/212/212
f 207/207/207 212/212/212 208/208/208
f 211/211/211 213/213/213 214/214/214
f 211/211/211 214/214/214 212/212/212
f 212/212/212 214/214/214 215/215/215
f 212/212/212 215/215/215 216/216/216
f 208/208/208 212/212/212 216/216/216
f 208/208/208 216/216/216 209/209/209
f 213/213/213 217/217/217 218/218/218
f 213/213/213 218/218/218 214/214/214
f 217/217/217 219/219/219 220/220/220
f 217/217/217 220/220/220 218/218/218
f 218/218/218 220/220/220 221/221/221
f 218/218/218 221/221/221 222/222/222
f 214/214/214 218/218/218 222/222/222
f 214/214/214 222/222/222 215/215/215
f 219/219/219 223/223/223 224/224/224
f 219/219/219 224/224/224 220/220/220
f 223/223/223 225/225/225 226/226/226
f 223/223/223 226/226/226 224/224/224
f 224/224/224 226/226/226 227/227/227
f 224/224/224 227/227/227 228/228/228
f 220/220/220 224/224/224 228/228/228
f 220/220/220 228/228/228 221/221/221
f 225/225/225 229/229/229 230/230/230
f 225/225/225 230/230/230 226/226/226
f 229/229/229 231/231/231 232/232/232
f 229/229/229 232/232/232 230/230/230
f 230/230/230 232/232/232 233/233/233
f 230/230/230 233/233/233 234/234/234
f 226/226/226 230/230/230 234/234/234
f 226/226/226 234/234/234 227/227/227
f 231/231/231 235/235/235 236/236/236
f 231/231/231 236/236/236 232/232/232
f 235/235/235 237/237/237 238/238/238
f 235/235/235 238/238/238 236/236/236
f 236/236/236 238/238/238 239/239/239
f 236/236/236 239/239/239 240/240/240
f 232/232/232 236/236/236 240/240/240
f 232/232/232 240/240/240 233/233/233
f 237/237/237 241/241/241 242/242/242
f 237/237/237 242/242/242 238/238/238
f 241/241/241 243/243/243 244/244/244
f 241/241/241 244/244/244 242/242/242
f 242/242/242 244/244/244 245/245/245
f 242/242/242 245/245/245 246/246/246
f 238/238/238 242/242/242 246/246/246
f 238/238/238 246/246/246 239/239/239
f 116/116/116 123/123/123 247/247/247
f 116/116/116 247/247/247 248/248/248
f 123/123/123 122/122/122 249/249/249
f 123/123/123 249/249/249 247/247/247
f 247/247/247 249/249/249 250/250/250
f 247/247/247 250/250/250 251/251/251
f 248/248/248 247/247/247 251/251/251
f 248/248/248 251/251/251 252/252/252
f 110/110/110 117/117/117 253/253/253
f 110/110/110 253/253/253 254/254/254
f 117/117/117 116/116/116 248/248/248
f 117/117/117 248/248/248 253/253/253
f 253/253/253 248/248/248 252/252/252
f 253/253/253 252/252/252 255/255/255
f 254/254/254 253/253/253 255/255/255
f 254/254/254 255/255/255 256/256/256
f 104/104/104 111/111/111 257/257/257
f 104/104/104 257/257/257 258/258/258
f 111/111/111 110/110/110 254/254/254
f 111/111/111 254/254/254 257/257/257
f 257/257/257 254/254/254 256/256/256
f 257/257/257 256/256/256 259/259/259
f 258/258/258 257/257/257 259/259/259
f 258/258/258 259/259/259 260/260/260
f 98/98/98 105/105/105 261/261/261
f 98/98/98 261/261/261 262/262/262
f 105/105/105 104/104/104 258/258/258
f 105/105/105 258/258/258 261/261/261
f 261/261/261 258/258/258 260/260/260
f 261/261/261 260/260/260 263/263/263
f 262/262/262 261/261/261 263/263/263
f 262/262/262 263/263/263 264/264/264
f 92/92/92 99/99/99 265/265/265
f 92/92/92 265/265/265 266/266/266
f 99/99/99 98/98/98 262/262/262
f 99/99/99 262/262/262 265/265/265
f 265/265/265 262/262/262 264/264/264
f 265/265/265 264/264/264 267/267/267
f 266/266/266 265/265/265 267/267/267
f 266/266/266 267/267/267 268/268/268
f 86/86/86 93/93/93 269/269/269
f 86/86/86 269/269/269 270/270/270
f 93/93/93 92/92/92 266/266/266
f 93/93/93 266/266/266 269/269/269
f 269/269/269 266/266/266 268/268/268
f 269/269/269 268/268/268 271/271/271
f 270/270/270 269/269/269 271/271/271
f 270/270/270 271/271/271 272/272/272
f 80/80/80 87/87/87 273/273/273
f 80/80/80 273/273/273 274/274/274
f 87/87/87 86/86/86 270/270/270
f 87/87/87 270/270/270 273/273/273
f 273/273/273 270/270/270 272/272/272
f 273/273/273 272/272/272 275/275/275
f 274/274/274 273/273/273 275/275/275
f 274/274/274 275/275/275 276/276/276
f 74/74/74 81/81/81 277/277/277
f 74/74/74 277/277/277 278/278/278
f 81/81/81 80/80/80 274/274/274
f 81/81/81 274/274/274 277/277/277
f 277/277/277 274/274/274 276/276/276
f 277/277/277 276/276/276 279/279/279
f 278/278/278 277/277/277 279/279/279
f 278/278/278 279/279/279 280/280/280
f 68/68/68 75/75/75 281/281/281
f 68/68/68 281/281/281 282/282/282
f 75/75/75 74/74/74 278/278/278
f 75/75/75 278/278/278 281/281/281
f 281/281/281 278/278/278 280/280/280
f 281/281/281 280/280/280 283/283/283
f 282/282/282 281/281/281 283/283/283
f 282/282/282 283/283/283 284/284/284
f 62/62/62 69/69/69 285/285/285
f 62/62/62 285/285/285 286/286/286
f 69/69/69 68/68/68 282/282/282
f 69/69/69 282/282/282 285/285/285
f 285/285/285 282/282/282 284/284/284
f 285/285/285 284/284/284 287/287/287
f 286/286/286 285/285/285 287/287/287
f 286/286/286 287/287/287 288/288/288
f 56/56/56 63/63/63 289/289/289
f 56/56/56 289/289/289 290/290/290
f 63/63/63 62/62/62 286/286/286
f 63/63/63 286/286/286 289/289/289
f 289/289/289 286/286/286 288/288/288
f 289/289/289 288/288/288 291/291/291
f 290/290/290 289/289/289 291/291/291
f 290/290/290 291/291/291 292/292/292
f 50/50/50 57/57/57 293/293/293
f 50/50/50 293/293/293 294/294/294
f 57/57/57 56/56/56 290/290/290
f 57/57/57 290/290/290 293/293/293
f 293/293/293 290/290/290 292/292/292
f 293/293/293 292/292/292 295/295/295
f 294/294/294 293/293/293 295/295/295
f 294/294/294 295/295/295 296/296/296
f 44/44/44 51/51/51 297/297/297
f 44/44/44 297/297/297 298/298/298
f 51/51/51 50/50/50 294/294/294
f 51/51/51 294/294/294 297/297/297
f 297/297/297 294/294/294 296/296/296
f 297/297/297 296/296/296 299/299/299
f 298/298/298 297/297/297 299/299/299
f 298/298/298 299/299/299 300/300/300
f 38/38/38 45/45/45 301/301/301
f 38/38/38 301/301/301 302/302/302
f 45/45/45 44/44/44 298/298/298
f 45/45/45 298/298/298 301/301/301
f 301/301/301 298/298/298 300/300/300
f 301/301/301 300/300/300 303/303/303
f 302/302/302 301/301/301 303/303/303
f 302/302/302 303/303/303 304/304/304
f 32/32/32 39/39/39 305/305/305
f 32/32/32 305/305/305 306/306/306
f 39/39/39 38/38/38 302/302/302
f 39/39/39 302/302/302 305/305/305
f 305/305/305 302/302/302 304/304/304
f 305/305/305 304/304/304 307/307/307
f 306/306/306 305/305/305 307/307/307
f 306/306/306 307/307/307 308/308/308
f 26/26/26 33/33/33 309/309/309
f 26/26/26 309/309/309 310/310/310
f 33/33/33 32/32/32 306/306/306
f 33/33/33 306/306/306 309/309/309
f 309/309/309 306/306/306 308/308/308
f 309/309/309 308/308/308 311/311/311
f 310/310/310 309/309/309 311/311/311
f 310/310/310 311/311/311 312/312/312
f 20/20/20 27/27/27 313/313/313
f 20/20/20 313/313/313 314/314/314
f 27/27/27 26/26/26 310/310/310
f 27/27/27 310/310/310 313/313/313
f 313/313/313 310/310/310 312/312/312
f 313/313/313 312/312/312 315/315/315
f 314/314/314 313/313/313 315/315/315
f 314/314/314 315/315/315 316/316/316
f 14/14/14 21/21/21 317/317/317
f 14/14/14 317/317/317 318/318/318
f 21/21/21 20/20/20 314/314/314
f 21/21/21 314/314/314 317/317/317
f 317/317/317 314/314/314 316/316/316
f 317/317/317 316/316/316 319/319/319
f 318/318/318 317/317/317 319/319/319
f 318/318/318 319/319/319 320/320/320
f 7/7/7 15/15/15 321/321/321
f 7/7/7 321/321/321 322/322/322
f 15/15/15 14/14/14 318/318/318
f 15/15/15 318/318/318 321/321/321
f 321/321/321 318/318/318 320/320/320
f 321/321/321 320/320/320 323/323/323
f 322/322/322 321/321/321 323/323/323
f 322/322/322 323/323/323 324/324/324
f 9/9/9 8/8/8 325/325/325
f 9/9/9 325/325/325 326/326/326
f 8/8/8 7/7/7 322/322/322
f 8/8/8 322/322/322 325/325/325
f 325/325/325 322/322/322 324/324/324
f 325/325/325 324/324/324 327/327/327
f 326/326/326 325/325/325 327/327/327
f 326/326/326 327/327/327 328/328/328
f 329/329/329 330/330/330 331/331/331
f 329/329/329 331/331/331 332/332/332
f 330/330/330 333/333/333 334/334/334
f 330/330/330 334/334/334 331/331/331
f 331/331/331 334/334/334 128/128/128
f 331/331/331 128/128/128 125/125/125
f 332/332/332 331/331/331 125/125/125
f 332/332/332 125/125/125 124/124/124
f 333/333/333 335/335/335 336/336/336
f 333/333/333 336/336/336 334/334/334
f 335/335/335 337/337/337 338/338/338
f 335/335/335 338/338/338 336/336/336
f 336/336/336 338/338/338 135/135/135
f 336/336/336 135/135/135 133/133/133
f 334/334/334 336/336/336 133/133/133
f 334/334/334 133/133/133 128/128/128
f 337/337/337 339/339/339 340/340/340
f 337/337/337 340/340/340 338/338/338
f 339/339/339 341/341/341 342/342/342
f 339/339/339 342/342/342 340/340/340
f 340/340/340 342/342/342 141/141/141
f 340/340/340 141/141/141 139/139/139
f 338/338/338 340/340/340 139/139/139
f 338/338/338 139/139/139 135/135/135
f 341/341/341 343/343/343 344/344/344
f 341/341/341 344/344/344 342/342/342
f 343/343/343 345/345/345 346/346/346
f 343/343/343 346/346/346 344/344/344
f 344/344/344 346/346/346 147/147/147
f 344/344/344 147/147/147 145/145/145
f 342/342/342 344/344/344 145/145/145
f 342/342/342 145/145/145 141/141/141
f 345/345/345 347/347/347 348/348/348
f 345/345/345 348/348/348 346/346/346
f 347/347/347 349/349/349 350/350/350
f 347/347/347 350/350/350 348/348/348
f 348/348/348 350/350/350 153/153/153
f 348/348/348 153/153/153 151/151/151
f 346/346/346 348/348/348 151/151/151
f 346/346/346 151/151/151 147/147/147
f 349/349/349 351/351/351 352/352/352
f 349/349/349 352/352/352 350/350/350
f 351/351/351 353/353/353 354/354/354
f 351/351/351 354/354/354 352/352/352
f 352/352/352 354/354/354 159/159/159
f 352/352/352 159/159/159 157/157/157
f 350/350/350 352/352/352 157/157/157
f 350/350/350 157/157/157 153/153/153
f 353/353/353 355/355/355 356/356/356
f 353/353/353 356/356/356 354/354/354
f 355/355/355 357/357/357 358/358/358
f 355/355/355 358/358/358 356/356/356
f 356/356/356 358/358/358 165/165/165
f 356/356/356 165/165/165 163/163/163
f 354/354/354 356/356/356 163/163/163
f 354/354/354 163/163/163 159/159/159
f 357/357/357 359/359/359 360/360/360
f 357/357/357 360/360/360 358/358/358
f 359/359/359 361/361/361 362/362/362
f 359/359/359 362/362/362 360/360/360
f 360/360/360 362/362/362 171/171/171
f 360/360/360 171/171/171 169/169/169
f 358/358/358 360/360/360 169/169/169
f 358/358/358 169/169/169 165/165/165
f 361/361/361 363/363/363 364/364/364
f 361/361/361 364/364/364 362/362/362
f 363/363/363 365/365/365 366/366/366
f 363/363/363 366/366/366 364/364/364
f 364/364/364 366/366/366 177/177/177
f 364/364/364 177/177/177 175/175/175
f 362/362/362 364/364/364 175/175/175
f 362/362/362 175/175/175 171/171/171
f 365/365/365 367/367/367 368/368/368
f 365/365/365 368/368/368 366/366/366
f 367/367/367 369/369/369 370/370/370
f 367/367/367 370/370/370 368/368/368
f 368/368/368 370/370/370 183/183/183
f 368/368/368 183/183/183 181/181/181
f 366/366/366 368/368/368 181/181/181
f 366/366/366 181/181/181 177/177/177
f 369/369/369 371/371/371 372/372/372
f 369/369/369 372/372/372 370/370/370
f 371/371/371 373/373/373 374/374/374
f 371/371/371 374/374/374 372/372/372
f 372/372/372 374/374/374 189/189/189
f 372/372/372 189/189/189 187/187/187
f 370/370/370 372/372/372 187/187/187
f 370/370/370 187/187/187 183/183/183
f 373/373/373 375/375/375 376/376/376
f 373/373/373 376/376/376 374/374/374
f 375/375/375 377/377/377 378/378/378
f 375/375/375 378/378/378 376/376/376
f 376/376/376 378/378/378 195/195/195
f 376/376/376 195/195/195 193/193/193
f 374/374/374 376/376/376 193/193/193
f 374/374/374 193/193/193 189/189/189
f 377/377/377 379/379/379 380/380/380
f 377/377/377 380/380/380 378/378/378
f 379/379/379 381/381/381 382/382/382
f 379/379/379 382/382/382 380/380/380
f 380/380/380 382/382/382 201/201/201
f 380/380/380 201/201/201 199/199/199
f 378/378/378 380/380/380 199/199/199
f 378/378/378 199/199/199 195/195/195
f 381/381/381 383/383/383 384/384/384
f 381/381/381 384/384/384 382/382/382
f 383/383/383 385/385/385 386/386/386
f 383/383/383 386/386/386 384/384/384
f 384/384/384 386/386/386 207/207/207
f 384/384/384 207/207/207 205/205/205
f 382/382/382 384/384/384 205/205/205
f 382/382/382 205/205/205 201/201/201
f 385/385/385 387/387/387 388/388/388
f 385/385/385 388/388/388 386/386/386
f 387/387/387 389/389/389 390/390/390
f 387/387/387 390/390/390 388/388/388
f 388/388/388 390/390/390 213/213/213
f 388/388/388 213/213/213 211/211/211
f 386/386/386 388/388/388 211/211/211
f 386/386/386 211/211/211 207/207/207
f 389/389/389 391/391/391 392/392/392
f 389/389/389 392/392/392 390/390/390
f 391/391/391 393/393/393 394/394/394
f 391/391/391 394/394/394 392/392/392
f 392/392/392 394/394/394 219/219/219
f 392/392/392 219/219/219 217/217/217
f 390/390/390 392/392/392 217/217/217
f 390/390/390 217/217/217 213/213/213
f 393/393/393 395/395/395 396/396/396
f 393/393/393 396/396/396 394/394/394
f 395/395/395 397/397/397 398/398/398
f 395/395/395 398/398/398 396/396/396
f 396/396/396 398/398/398 225/225/225
f 396/396/396 225/225/225 223/223/223
f 394/394/394 396/396/396 223/223/223
f 394/394/394 223/223/223 219/219/219
f 397/397/397 399/399/399 400/400/400
f 397/397/397 400/400/400 398/398/398
f 399/399/399 401/401/401 402/402/402
f 399/399/399 402/402/402 400/400/400
f 400/400/400 402/402/402 231/231/231
f 400/400/400 231/231/231 229/229/229
f 398/398/398 400/400/400 229/229/229
f 398/398/398 229/229/229 225/225/225
f 401/401/401 403/403/403 404/404/404
f 401/401/401 404/404/404 402/402/402
f 403/403/403 405/405/405 406/406/406
f 403/403/403 406/406/406 404/404/404
f 404/404/404 406/406/406 237/237/237
f 404/404/404 237/237/237 235/235/235
f 402/402/402 404/404/404 235/235/235
f 402/402/402 235/235/235 231/231/231
f 405/405/405 407/407/407 408/408/408
f 405/405/405 408/408/408 406/406/406
f 407/407/407 409/409/409 410/410/410
f 407/407/407 410/410/410 408/408/408
f 408/408/408 410/410/410 243/243/243
f 408/408/408 243/243/243 241/241/241
f 406/406/406 408/408/408 241/241/241
f 406/406/406 241/241/241 237/237/237
f 252/252/252 251/251/251 411/411/411
f 252/252/252 411/411/411 412/412/412
f 251/251/251 250/250/250 413/413/413
f 251/251/251 413/413/413 411/411/411
f 411/411/411 413/413/413 414/414/414
f 411/411/411 414/414/414 415/415/415
f 412/412/412 411/411/411 415/415/415
f 412/412/412 415/415/415 416/416/416
f 256/256/256 255/255/255 417/417/417
f 256/256/256 417/417/417 418/418/418
f 255/255/255 252/252/252 412/412/412
f 255/255/255 412/412/412 417/417/417
f 417/417/417 412/412/412 416/416/416
f 417/417/417 416/416/416 419/419/419
f 418/418/418 417/417/417 419/419/419
f 418/418/418 419/419/419 420/420/420
f 260/260/260 259/259/259 421/421/421
f 260/260/260 421/421/421 422/422/422
f 259/259/259 256/256/256 418/418/418
f 259/259/259 418/418/418 421/421/421
f 421/421/421 418/418/418 420/420/420
f 421/421/421 420/420/420 423/423/423
f 422/422/422 421/421/421 423/423/423
f 422/422/422 423/423/423 424/424/424
f 264/264/264 263/263/263 425/425/425
f 264/264/264 425/425/425 426/426/426
f 263/263/263 260/260/260 422/422/422
f 263/263/263 422/422/422 425/425/425
f 425/425/425 422/422/422 424/424/424
f 425/425/425 424/424/424 427/427/427
f 426/426/426 425/425/425 427/427/427
f 426/426/426 427/427/427 428/428/428
f 268/268/268 267/267/267 429/429/429
f 268/268/268 429/429/429 430/430/430
f 267/267/267 264/264/264 426/426/426
f 267/267/267 426/426/426 429/429/429
f 429/429/429 426/426/426 428/428/428
f 429/429/429 428/428/428 431/431/431
f 430/430/430 429/429/429 431/431/431
f 430/430/430 431/431/431 432/432/432
f 272/272/272 271/271/271 433/433/433
f 272/272/272 433/433/433 434/434/434
f 271/271/271 268/268/268 430/430/430
f 271/271/271 430/430/430 433/433/433
f 433/433/433 430/430/430 432/432/432
f 433/433/433 432/432/432 435/435/435
f 434/434/434 433/433/433 435/435/435
f 434/434/434 435/435/435 436/436/436
f 276/276/276 275/275/275 437/437/437
f 276/276/276 437/437/437 438/438/438
f 275/275/275 272/272/272 434/434/434
f 275/275/275 434/434/434 437/437/437
f 437/437/437 434/434/434 436/436/436
f 437/437/437 436/436/436 439/439/439
f 438/438/438 437/437/437 439/439/439
f 438/438/438 439/439/439 440/440/440
f 280/280/280 279/279/279 441/441/441
f 280/280/280 441/441/441 442/442/442
f 279/279/279 276/276/276 438/438/438
f 279/279/279 438/438/438 441/441/441
f 441/441/441 438/438/438 440/440/440
f 441/441/441 440/440/440 443/443/443
f 442/442/442 441/441/441 443/443/443
f 442/442/442 443/443/443 444/444/444
f 284/284/284 283/283/283 445/445/445
f 284/284/284 445/445/445 446/446/446
f 283/283/283 280/280/280 442/442/442
f 283/283/283 442/442/442 445/445/445
f 445/445/445 442/442/442 444/444/444
f 445/445/445 444/444/444 447/447/447
f 446/446/446 445/445/445 447/447/447
f 446/446/446 447/447/447 448/448/448
f 288/288/288 287/287/287 449/449/449
f 288/288/288 449/449/449 450/450/450
f 287/287/287 284/284/284 446/446/446
f 287/287/287 446/446/446 449/449/449
f 449/449/449 446/446/446 448/448/448
f 449/449/449 448/448/448 451/451/451
f 450/450/450 449/449/449 451/451/451
f 450/450/450 451/451/451 452/452/452
f 292/292/292 291/291/291 453/453/453
f 292/292/292 453/453/453 454/454/454
f 291/291/291 288/288/288 450/450/450
f 291/291/291 450/450/450 453/453/453
f 453/453/453 450/450/450 452/452/452
f 453/453/453 452/452/452 455/455/455
f 454/454/454 453/453/453 455/455/455
f 454/454/454 455/455/455 456/456/456
f 296/296/296 295/295/295 457/457/457
f 296/296/296 457/457/457 458/458/458
f 295/295/295 292/292/292 454/454/454
f 295/295/295 454/454/454 457/457/457
f 457/457/457 454/454/454 456/456/456
f 457/457/457 456/456/456 459/459/459
f 458/458/458 457/457/457 459/459/459
f 458/458/458 459/459/459 460/460/460
f 300/300/300 299/299/299 461/461/461
f 300/300/300 461/461/461 462/462/462
f 299/299/299 296/296/296 458/458/458
f 299/299/299 458/458/458 461/461/461
f 461/461/461 458/458/458 460/460/460
f 461/461/461 460/460/460 463/463/463
f 462/462/462 461/461/461 463/463/463
f 462/462/462 463/463/463 464/464/464
f 304/304/304 303/303/303 465/465/465
f 304/304/304 465/465/465 466/466/466
f 303/303/303 300/300/300 462/462/462
f 303/303/303 462/462/462 465/465/465
f 465/465/465 462/462/462 464/464/464
f 465/465/465 464/464/464 467/467/467
f 466/466/466 465/465/465 467/467/467
f 466/466/466 467/467/467 468/468/468
f 308/308/308 307/307/307 469/469/469
f 308/308/308 469/469/469 470/470/470
f 307/307/307 304/304/304 466/466/466
f 307/307/307 466/466/466 469/469/469
f 469/469/469 466/466/466 468/468/468
f 469/469/469 468/468/468 471/471/471
f 470/470/470 469/469/469 471/471/471
f 470/470/470 471/471/471 472/472/472
f 312/312/312 311/311/311 473/473/473
f 312/312/312 473/473/473 474/474/474
f 311/311/311 308/308/308 470/470/470
f 311/311/311 470/470/470 473/473/473
f 473/473/473 470/470/470 472/472/472
f 473/473/473 472/472/472 475/475/475
f 474/474/474 473/473/473 475/475/475
f 474/474/474 475/475/475 476/476/476
f 316/316/316 315/315/315 477/477/477
f 316/316/316 477/477/477 478/478/478
f 315/315/315 312/312/312 474/474/474
f 315/315/315 474/474/474 477/477/477
f 477/477/477 474/474/474 476/476/476
f 477/477/477 476/476/476 479/479/479
f 478/478/478 477/477/477 479/479/479
f 478/478/478 479/479/479 480/480/480
f 320/320/320 319/319/319 481/481/481
f 320/320/320 481/481/481 482/482/482
f 319/319/319 316/316/316 478/478/478
f 319/319/319 478/478/478 481/481/481
f 481/481/481 478/478/478 480/480/480
f 481/481/481 480/480/480 483/483/483
f 482/482/482 481/481/481 483/483/483
f 482/482/482 483/483/483 484/484/484
f 324/324/324 323/323/323 485/485/485
f 324/324/324 485/485/485 486/486/486
f 323/323/323 320/320/320 482/482/482
f 323/323/323 482/482/482 485/485/485
f 485/485/485 482/482/482 484/484/484
f 485/485/485 484/484/484 487/487/487
f 486/486/486 485/485/485 487/487/487
f 486/486/486 487/487/487 488/488/488
f 328/328/328 327/327/327 489/489/489
f 328/328/328 489/489/489 490/490/490
f 327/327/327 324/324/324 486/486/486
f 327/327/327 486/486/486 489/489/489
f 489/489/489 486/486/486 488/488/488
f 489/489/489 488/488/488 491/491/491
f 490/490/490 489/489/489 491/491/491
f 490/490/490 491/491/491 492/492/492
f 493/493/493 494/494/494 495/495/495
f 493/493/493 495/495/495 496/496/496
f 494/494/494 497/497/497 498/498/498
f 494/494/494 498/498/498 495/495/495
f 495/495/495 498/498/498 5/5/5
f 495/495/495 5/5/5 2/2/2
f 496/496/496 495/495/495 2/2/2
f 496/496/496 2/2/2 1/1/1
f 497/497/497 499/499/499 500/500/500
f 497/497/497 500/500/500 498/498/498
f 499/499/499 501/501/501 502/502/502
f 499/499/499 502/502/502 500/500/500
f 500/500/500 502/502/502 12/12/12
f 500/500/500 12/12/12 10/10/10
f 498/498/498 500/500/500 10/10/10
f 498/498/498 10/10/10 5/5/5
f 501/501/501 503/503/503 504/504/504
f 501/501/501 504/504/504 502/502/502
f 503/503/503 505/505/505 506/506/506
f 503/503/503 506/506/506 504/504/504
f 504/504/504 506/506/506 18/18/18
f 504/504/504 18/18/18 16/16/16
f 502/502/502 504/504/504 16/16/16
f 502/502/502 16/16/16 12/12/12
f 505/505/505 507/507/507 508/508/508
f 505/505/505 508/508/508 506/506/506
f 507/507/507 509/509/509 510/510/510
f 507/507/507 510/510/510 508/508/508
f 508/508/508 510/510/510 24/24/24
f 508/508/508 24/24/24 22/22/22
f 506/506/506 508/508/508 22/22/22
f 506/506/506 22/22/22 18/18/18
f 509/509/509 511/511/511 512/512/512
f 509/509/509 512/512/512 510/510/510
f 511/511/511 513/513/513 514/514/514
f 511/511/511 514/514/514 512/512/512
f 512/512/512 514/514/514 30/30/30
f 512/512/512 30/30/30 28/28/28
f 510/510/510 512/512/512 28/28/28
f 510/510/510 28/28/28 24/24/24
f 513/513/513 515/515/515 516/516/516
f 513/513/513 516/516/516 514/514/514
f 515/515/515 517/517/517 518/518/518
f 515/515/515 518/518/518 516/516/516
f 516/516/516 518/518/518 36/36/36
f 516/516/516 36/36/36 34/34/34
f 514/514/514 516/516/516 34/34/34
f 514/514/514 34/34/34 30/30/30
f 517/517/517 519/519/519 520/520/520
f 517/517/517 520/520/520 518/518/518
f 519/519/519 521/521/521 522/522/522
f 519/519/519 522/522/522 520/520/520
f 520/520/520 522/522/522 42/42/42
f 520/520/520 42/42/42 40/40/40
f 518/518/518 520/520/520 40/40/40
f 518/518/518 40/40/40 36/36/36
f 521/521/521 523/523/523 524/524/524
f 521/521/521 524/524/524 522/522/522
f 523/523/523 525/525/525 526/526/526
f 523/523/523 526/526/526 524/524/524
f 524/524/524 526/526/526 48/48/48
f 524/524/524 48/48/48 46/46/46
f 522/522/522 524/524/524 46/46/46
f 522/522/522 46/46/46 42/42/42
f 525/525/525 527/527/527 528/528/528
f 525/525/525 528/528/528 526/526/526
f 527/527/527 529/529/529 530/530/530
f 527/527/527 530/530/530 528/528/528
f 528/528/528 530/530/530 54/54/54
f 528/528/528 54/54/54 52/52/52
f 526/526/526 528/528/528 52/52/52
f 526/526/526 52/52/52 48/48/48
f 529/529/529 531/531/531 532/532/532
f 529/529/529 532/532/532 530/530/530
f 531/531/531 533/533/533 534/534/534
f 531/531/531 534/534/534 532/532/532
f 532/532/532 534/534/534 60/60/60
f 532/532/532 60/60/60 58/58/58
f 530/530/530 532/532/532 58/58/58
f 530/530/530 58/58/58 54/54/54
f 533/533/533 535/535/535 536/536/536
f 533/533/533 536/536/536 534/534/534
f 535/535/535 537/537/537 538/538/538
f 535/535/535 538/538/538 536/536/536
f 536/536/536 538/538/538 66/66/66
f 536/536/536 66/66/66 64/64/64
f 534/534/534 536/536/536 64/64/64
f 534/534/534 64/64/64 60/60/60
f 537/537/537 539/539/539 540/540/540
f 537/537/537 540/540/540 538/538/538
f 539/539/539 541/541/541 542/542/542
f 539/539/539 542/542/542 540/540/540
f 540/540/540 542/542/542 72/72/72
f 540/540/540 72/72/72 70/70/70
f 538/538/538 540/540/540 70/70/70
f 538/538/538 70/70/70 66/66/66
f 541/541/541 543/543/543 544/544/544
f 541/541/541 544/544/544 542/542/542
f 543/543/543 545/545/545 546/546/546
f 543/543/543 546/546/546 544/544/544
f 544/544/544 546/546/546 78/78/78
f 544/544/544 78/78/78 76/76/76
f 542/542/542 544/544/544 76/76/76
f 542/542/542 76/76/76 72/72/72
f 545/545/545 547/547/547 548/548/548
f 545/545/545 548/548/548 546/546/546
f 547/547/547 549/549/549 550/550/550
f 547/547/547 550/550/550 548/548/548
f 548/548/548 550/550/550 84/84/84
f 548/548/548 84/84/84 82/82/82
f 546/546/546 548/548/548 82/82/82
f 546/546/546 82/82/82 78/78/78
f 549/549/549 551/551/551 552/552/552
f 549/549/549 552/552/552 550/550/550
f 551/551/551 553/553/553 554/554/554
f 551/551/551 554/554/554 552/552/552
f 552/552/552 554/554/554 90/90/90
f 552/552/552 90/90/90 88/88/88
f 550/550/550 552/552/552 88/88/88
f 550/550/550 88/88/88 84/84/84
f 553/553/553 555/555/555 556/556/556
f 553/553/553 556/556/556 554/554/554
f 555/555/555 557/557/557 558/558/558
f 555/555/555 558/558/558 556/556/556
f 556/556/556 558/558/558 96/96/96
f 556/556/556 96/96/96 94/94/94
f 554/554/554 556/556/556 94/94/94
f 554/554/554 94/94/94 90/90/90
f 557/557/557 559/559/559 560/560/560
f 557/557/557 560/560/560 558/558/558
f 559/559/559 561/561/561 562/562/562
f 559/559/559 562/562/562 560/560/560
f 560/560/560 562/562/562 102/102/102
f 560/560/560 102/102/102 100/100/100
f 558/558/558 560/560/560 100/100/100
f 558/558/558 100/100/100 96/96/96
f 561/561/561 563/563/563 564/564/564
f 561/561/561 564/564/564 562/562/562
f 563/563/563 565/565/565 566/566/566
f 563/563/563 566/566/566 564/564/564
f 564/564/564 566/566/566 108/108/108
f 564/564/564 108/108/108 106/106/106
f 562/562/562 564/564/564 106/106/106
f 562/562/562 106/106/106 102/102/102
f 565/565/565 567/567/567 568/568/568
f 565/565/565 568/568/568 566/566/566
f 567/567/567 569/569/569 570/570/570
f 567/567/567 570/570/570 568/568/568
f 568/568/568 570/570/570 114/114/114
f 568/568/568 114/114/114 112/112/112
f 566/566/566 568/568/568 112/112/112
f 566/566/566 112/112/112 108/108/108
f 569/569/569 571/571/571 572/572/572
f 569/569/569 572/572/572 570/570/570
f 571/571/571 573/573/573 574/574/574
f 571/571/571 574/574/574 572/572/572
f 572/572/572 574/574/574 120/120/120
f 572/572/572 120/120/120 118/118/118
f 570/570/570 572/572/572 118/118/118
f 570/570/570 118/118/118 114/114/114
f 239/239/239 246/246/246 575/575/575
f 239/239/239 575/575/575 576/576/576
f 246/246/246 245/245/245 577/577/577
f 246/246/246 577/577/577 575/575/575
f 575/575/575 577/577/577 573/573/573
f 575/575/575 573/573/573 571/571/571
f 576/576/576 575/575/575 571/571/571
f 576/576/576 571/571/571 569/569/569
f 233/233/233 240/240/240 578/578/578
f 233/233/233 578/578/578 579/579/579
f 240/240/240 239/239/239 576/576/576
f 240/240/240 576/576/576 578/578/578
f 578/578/578 576/576/576 569/569/569
f 578/578/578 569/569/569 567/567/567
f 579/579/579 578/578/578 567/567/567
f 579/579/579 567/567/567 565/565/565
f 227/227/227 234/234/234 580/580/580
f 227/227/227 580/580/580 581/581/581
f 234/234/234 233/233/233 579/579/579
f 234/234/234 579/579/579 580/580/580
f 580/580/580 579/579/579 565/565/565
f 580/580/580 565/565/565 563/563/563
f 581/581/581 580/580/580 563/563/563
f 581/581/581 563/563/563 561/561/561
f 221/221/221 228/228/228 582/582/582
f 221/221/221 582/582/582 583/583/583
f 228/228/228 227/227/227 581/581/581
f 228/228/228 581/581/581 582/582/582
f 582/582/582 581/581/581 561/561/561
f 582/582/582 561/561/561 559/559/559
f 583/583/583 582/582/582 559/559/559
f 583/583/583 559/559/559 557/557/557
f 215/215/215 222/222/222 584/584/584
f 215/215/215 584/584/584 585/585/585
f 222/222/222 221/221/221 583/583/583
f 222/222/222 583/583/583 584/584/584
f 584/584/584 583/583/583 557/557/557
f 584/584/584 557/557/557 555/555/555
f 585/585/585 584/584/584 555/555/555
f 585/585/585 555/555/555 553/553/553
f 209/209/209 216/216/216 586/586/586
f 209/209/209 586/586/586 587/587/587
f 216/216/216 215/215/215 585/585/585
f 216/216/216 585/585/585 586/586/586
f 586/586/586 585/585/585 553/553/553
f 586/586/586 553/553/553 551/551/551
f 587/587/587 586/586/586 551/551/551
f 587/587/587 551/551/551 549/549/549
f 203/203/203 210/210/210 588/588/588
f 203/203/203 588/588/588 589/589/589
f 210/210/210 209/209/209 587/587/587
f 210/210/210 587/587/587 588/588/588
f 588/588/588 587/587/587 549/549/549
f 588/588/588 549/549/549 547/547/547
f 589/589/589 588/588/588 547/547/547
f 589/589/589 547/547/547 545/545/545
f 197/197/197 204/204/204 590/590/590
f 197/197/197 590/590/590 591/591/591
f 204/204/204 203/203/203 589/589/589
f 204/204/204 589/589/589 590/590/590
f 590/590/590 589/589/589 545/545/545
f 590/590/590 545/545/545 543/543/543
f 591/591/591 590/590/590 543/543/543
f 591/591/591 543/543/543 541/541/541
f 191/191/191 198/198/198 592/592/592
f 191/191/191 592/592/592 593/593/593
f 198/198/198 197/197/197 591/591/591
f 198/198/198 591/591/591 592/592/592
f 592/592/592 591/591/591 541/541/541
f 592/592/592 541/541/541 539/539/539
f 593/593/593 592/592/592 539/539/539
f 593/593/593 539/539/539 537/537/537
f 185/185/185 192/192/192 594/594/594
f 185/185/185 594/594/594 595/595/595
f 192/192/192 191/191/191 593/593/593
f 192/192/192 593/593/593 594/594/594
f 594/594/594 593/593/593 537/537/537
f 594/594/594 537/537/537 535/535/535
f 595/595/595 594/594/594 535/535/535
f 595/595/595 535/535/535 533/533/533
f 179/179/179 186/186/186 596/596/596
f 179/179/179 596/596/596 597/597/597
f 186/186/186 185/185/185 595/595/595
f 186/186/186 595/595/595 596/596/596
f 596/596/596 595/595/595 533/533/533
f 596/596/596 533/533/533 531/531/531
f 597/597/597 596/596/596 531/531/531
f 597/597/597 531/531/531 529/529/529
f 173/173/173 180/180/180 598/598/598
f 173/173/173 598/598/598 599/599/599
f 180/180/180 179/179/179 597/597/597
f 180/180/180 597/597/597 598/598/598
f 598/598/598 597/597/597 529/529/529
f 598/598/598 529/529/529 527/527/527
f 599/599/599 598/598/598 527/527/527
f 599/599/599 527/527/527 525/525/525
f 167/167/167 174/174/174 600/600/600
f 167/167/167 600/600/600 601/601/601
f 174/174/174 173/173/173 599/599/599
f 174/174/174 599/599/599 600/600/600
f 600/600/600 599/599/599 525/525/525
f 600/600/600 525/525/525 523/523/523
f 601/601/601 600/600/600 523/523/523
f 601/601/601 523/523/523 521/521/521
f 161/161/161 168/168/168 602/602/602
f 161/161/161 602/602/602 603/603/603
f 168/168/168 167/167/167 601/601/601
f 168/168/168 601/601/601 602/602/602
f 602/602/602 601/601/601 521/521/521
f 602/602/602 521/521/521 519/519/519
f 603/603/603 602/602/602 519/519/519
f 603/603/603 519/519/519 517/517/517
f 155/155/155 162/162/162 604/604/604
f 155/155/155 604/604/604 605/605/605
f 162/162/162 161/161/161 603/603/603
f 162/162/162 603/603/603 604/604/604
f 604/604/604 603/603/603 517/517/517
f 604/604/604 517/517/517 515/515/515
f 605/605/605 604/604/604 515/515/515
f 605/605/605 515/515/515 513/513/513
f 149/149/149 156/156/156 606/606/606
f 149/149/149 606/606/606 607/607/607
f 156/156/156 155/155/155 605/605/605
f 156/156/156 605/605/605 606/606/606
f 606/606/606 605/605/605 513/513/513
f 606/606/606 513/513/513 511/511/511
f 607/607/607 606/606/606 511/511/511
f 607/607/607 511/511/511 509/509/509
f 143/143/143 150/150/150 608/608/608
f 143/143/143 608/608/608 609/609/609
f 150/150/150 149/149/149 607/607/607
f 150/150/150 607/607/607 608/608/608
f 608/608/608 607/607/607 509/509/509
f 608/608/608 509/509/509 507/507/507
f 609/609/609 608/608/608 507/507/507
f 609/609/609 507/507/507 505/505/505
f 137/137/137 144/144/144 610/610/610
f 137/137/137 610/610/610 611/611/611
f 144/144/144 143/143/143 609/609/609
f 144/144/144 609/609/609 610/610/610
f 610/610/610 609/609/609 505/505/505
f 610/610/610 505/505/505 503/503/503
f 611/611/611 610/610/610 503/503/503
f 611/611/611 503/503/503 501/501/501
f 130/130/130 138/138/138 612/612/612
f 130/130/130 612/612/612 613/613/613
f 138/138/138 137/137/137 611/611/611
f 138/138/138 611/611/611 612/612/612
f 612/612/612 611/611/611 501/501/501
f 612/612/612 501/501/501 499/499/499
f 613/613/613 612/612/612 499/499/499
f 613/613/613 499/499/499 497/497/497
f 132/132/132 131/131/131 614/614/614
f 132/132/132 614/614/614 615/615/615
f 131/131/131 130/130/130 613/613/613
f 131/131/131 613/613/613 614/614/614
f 614/614/614 613/613/613 497/497/497
f 614/614/614 497/497/497 494/494/494
f 615/615/615 614/614/614 494/494/494
f 615/615/615 494/494/494 493/493/493
f 616/616/616 617/617/617 618/618/618
f 616/616/616 618/618/618 619/619/619
f 617/617/617 620/620/620 621/621/621
f 617/617/617 621/621/621 618/618/618
f 618/618/618 621/621/621 333/333/333
f 618/618/618 333/333/333 330/330/330
f 619/619/619 618/618/618 330/330/330
f 619/619/619 330/330/330 329/329/329
f 620/620/620 622/622/622 623/623/623
f 620/620/620 623/623/623 621/621/621
f 622/622/622 624/624/624 625/625/625
f 622/622/622 625/625/625 623/623/623
f 623/623/623 625/625/625 337/337/337
f 623/623/623 337/337/337 335/335/335
f 621/621/621 623/623/623 335/335/335
f 621/621/621 335/335/335 333/333/333
f 624/624/624 626/626/626 627/627/627
f 624/624/624 627/627/627 625/625/625
f 626/626/626 628/628/628 629/629/629
f 626/626/626 629/629/629 627/627/627
f 627/627/627 629/629/629 341/341/341
f 627/627/627 341/341/341 339/339/339
f 625/625/625 627/627/627 339/339/339
f 625/625/625 339/339/339 337/337/337
f 628/628/628 630/630/630 631/631/631
f 628/628/628 631/631/631 629/629/629
f 630/630/630 632/632/632 633/633/633
f 630/630/630 633/633/633 631/631/631
f 631/631/631 633/633/633 345/345/345
f 631/631/631 345/345/345 343/343/343
f 629/629/629 631/631/631 343/343/343
f 629/629/629 343/343/343 341/341/341
f 632/632/632 634/634/634 635/635/635
f 632/632/632 635/635/635 633/633/633
f 634/634/634 636/636/636 637/637/637
f 634/634/634 637/637/637 635/635/635
f 635/635/635 637/637/637 349/349/349
f 635/635/635 349/349/349 347/347/347
f 633/633/633 635/635/635 347/347/347
f 633/633/633 347/347/347 345/345/345
f 636/636/636 638/638/638 639/639/639
f 636/636/636 639/639/639 637/637/637
f 638/638/638 640/640/640 641/641/641
f 638/638/638 641/641/641 639/639/639
f 639/639/639 641/641/641 353/353/353
f 639/639/639 353/353/353 351/351/351
f 637/637/637 639/639/639 351/351/351
f 637/637/637 351/351/351 349/349/349
f 640/640/640 642/642/642 643/643/643
f 640/640/640 643/643/643 641/641/641
f 642/642/642 644/644/644 645/645/645
f 642/642/642 645/645/645 643/643/643
f 643/643/643 645/645/645 357/357/357
f 643/643/643 357/357/357 355/355/355
f 641/641/641 643/643/643 355/355/355
f 641/641/641 355/355/355 353/353/353
f 644/644/644 646/646/646 647/647/647
f 644/644/644 647/647/647 645/645/645
f 646/646/646 648/648/648 649/649/649
f 646/646/646 649/649/649 647/647/647
f 647/647/647 649/649/649 361/361/361
f 647/647/647 361/361/361 359/359/359
f 645/645/645 647/647/647 359/359/359
f 645/645/645 359/359/359 357/357/357
f 648/648/648 650/650/650 651/651/651
f 648/648/648 651/651/651 649/649/649
f 650/650/650 652/652/652 653/653/653
f 650/650/650 653/653/653 651/651/651
f 651/651/651 653/653/653 365/365/365
f 651/651/651 365/365/365 363/363/363
f 649/649/649 651/651/651 363/363/363
f 649/649/649 363/363/363 361/361/361
f 652/652/652 654/654/654 655/655/655
f 652/652/652 655/655/655 653/653/653
f 654/654/654 656/656/656 657/657/657
f 654/654/654 657/657/657 655/655/655
f 655/655/655 657/657/657 369/369/369
f 655/655/655 369/369/369 367/367/367
f 653/653/653 655/655/655 367/367/367
f 653/653/653 367/367/367 365/365/365
f 656/656/656 658/658/658 659/659/659
f 656/656/656 659/659/659 657/657/657
f 658/658/658 660/660/660 661/661/661
f 658/658/658 661/661/661 659/659/659
f 659/659/659 661/661/661 373/373/373
f 659/659/659 373/373/373 371/371/371
f 657/657/657 659/659/659 371/371/371
f 657/657/657 371/371/371 369/369/369
f 660/660/660 662/662/662 663/663/663
f 660/660/660 663/663/663 661/661/661
f 662/662/662 664/664/664 665/665/665
f 662/662/662 665/665/665 663/663/663
f 663/663/663 665/665/665 377/377/377
f 663/663/663 377/377/377 375/375/375
f 661/661/661 663/663/663 375/375/375
f 661/661/661 375/375/375 373/373/373
f 664/664/664 666/666/666 667/667/667
f 664/664/664 667/667/667 665/665/665
f 666/666/666 668/668/668 669/669/669
f 666/666/666 669/669/669 667/667/667
f 667/667/667 669/669/669 381/381/381
f 667/667/667 381/381/381 379/379/379
f 665/665/665 667/667/667 379/379/379
f 665/665/665 379/379/379 377/377/377
f 668/668/668 670/670/670 671/671/671
f 668/668/668 671/671/671 669/669/669
f 670/670/670 672/672/672 673/673/673
f 670/670/670 673/673/673 671/671/671
f 671/671/671 673/673/673 385/385/385
f 671/671/671 385/385/385 383/383/383
f 669/669/669 671/671/671 383/383/383
f 669/669/669 383/383/383 381/381/381
f 672/672/672 674/674/674 675/675/675
f 672/672/672 675/675/675 673/673/673
f 674/674/674 676/676/676 677/677/677
f 674/674/674 677/677/677 675/675/675
f 675/675/675 677/677/677 389/389/389
f 675/675/675 389/389/389 387/387/387
f 673/673/673 675/675/675 387/387/387
f 673/673/673 387/387/387 385/385/385
f 676/676/676 678/678/678 679/679/679
f 676/676/676 679/679/679 677/677/677
f 678/678/678 680/680/680 681/681/681
f 678/678/678 681/681/681 679/679/679
f 679/679/679 681/681/681 393/393/393
f 679/679/679 393/393/393 391/391/391
f 677/677/677 679/679/679 391/391/391
f 677/677/677 391/391/391 389/389/389
f 680/680/680 682/682/682 683/683/683
f 680/680/680 683/683/683 681/681/681
f 682/682/682 684/684/684 685/685/685
f 682/682/682 685/685/685 683/683/683
f 683/683/683 685/685/685 397/397/397
f 683/683/683 397/397/397 395/395/395
f 681/681/681 683/683/683 395/395/395
f 681/681/681 395/395/395 393/393/393
f 684/684/684 686/686/686 687/687/687
f 684/684/684 687/687/687 685/685/685
f 686/686/686 688/688/688 689/689/689
f 686/686/686 689/689/689 687/687/687
f 687/687/687 689/689/689 401/401/401
f 687/687/687 401/401/401 399/399/399
f 685/685/685 687/687/687 399/399/399
f 685/685/685 399/399/399 397/397/397
f 688/688/688 690/690/690 691/691/691
f 688/688/688 691/691/691 689/689/689
f 690/690/690 692/692/692 693/693/693
f 690/690/690 693/693/693 691/691/691
f 691/691/691 693/693/693 405/405/405
f 691/691/691 405/405/405 403/403/403
f 689/689/689 691/691/691 403/403/403
f 689/689/689 403/403/403 401/401/401
f 692/692/692 694/694/694 695/695/695
f 692/692/692 695/695/695 693/693/693
f 694/694/694 696/696/696 697/697/697
f 694/694/694 697/697/697 695/695/695
f 695/695/695 697/697/697 409/409/409
f 695/695/695 409/409/409 407/407/407
f 693/693/693 695/695/695 407/407/407
f 693/693/693 407/407/407 405/405/405
f 416/416/416 415/415/415 698/698/698
f 416/416/416 698/698/698 699/699/699
f 415/415/415 414/414/414 700/700/700
f 415/415/415 700/700/700 698/698/698
f 698/698/698 700/700/700 701/701/701
f 698/698/698 701/701/701 702/702/702
f 699/699/699 698/698/698 702/702/702
f 699/699/699 702/702/702 703/703/703
f 420/420/420 419/419/419 704/704/704
f 420/420/420 704/704/704 705/705/705
f 419/419/419 416/416/416 699/699/699
f 419/419/419 699/699/699 704/704/704
f 704/704/704 699/699/699 703/703/703
f 704/704/704 703/703/703 706/706/706
f 705/705/705 704/704/704 706/706/706
f 705/705/705 706/706/706 707/707/707
f 424/424/424 423/423/423 708/708/708
f 424/424/424 708/708/708 709/709/709
f 423/423/423 420/420/420 705/705/705
f 423/423/423 705/705/705 708/708/708
f 708/708/708 705/705/705 707/707/707
f 708/708/708 707/707/707 710/710/710
f 709/709/709 708/708/708 710/710/710
f 709/709/709 710/710/710 711/711/711
f 428/428/428 427/427/427 712/712/712
f 428/428/428 712/712/712 713/713/713
f 427/427/427 424/424/424 709/709/709
f 427/427/427 709/709/709 712/712/712
f 712/712/712 709/709/709 711/711/711
f 712/712/712 711/711/711 714/714/714
f 713/713/713 712/712/712 714/714/714
f 713/713/713 714/714/714 715/715/715
f 432/432/432 431/431/431 716/716/716
f 432/432/432 716/716/716 717/717/717
f 431/431/431 428/428/428 713/713/713
f 431/431/431 713/713/713 716/716/716
f 716/716/716 713/713/713 715/715/715
f 716/716/716 715/715/715 718/718/718
f 717/717/717 716/716/716 718/718/718
f 717/717/717 718/718/718 719/719/719
f 436/436/436 435/435/435 720/720/720
f 436/436/436 720/720/720 721/721/721
f 435/435/435 432/432/432 717/717/717
f 435/435/435 717/717/717 720/720/720
f 720/720/720 717/717/717 719/719/719
f 720/720/720 719/719/719 722/722/722
f 721/721/721 720/720/720 722/722/722
f 721/721/721 722/722/722 723/723/723
f 440/440/440 439/439/439 724/724/724
f 440/440/440 724/724/724 725/725/725
f 439/439/439 436/436/436 721/721/721
f 439/439/439 721/721/721 724/724/724
f 724/724/724 721/721/721 723/723/723
f 724/724/724 723/723/723 726/726/726
f 725/725/725 724/724/724 726/726/726
f 725/725/725 726/726/726 727/727/727
f 444/444/444 443/443/443 728/728/728
f 444/444/444 728/728/728 729/729/729
f 443/443/443 440/440/440 725/725/725
f 443/443/443 725/725/725 728/728/728
f 728/728/728 725/725/725 727/727/727
f 728/728/728 727/727/727 730/730/730
f 729/729/729 728/728/728 730/730/730
f 729/729/729 730/730/730 731/731/731
f 448/448/448 447/447/447 732/732/732
f 448/448/448 732/732/732 733/733/733
f 447/447/447 444/444/444 729/729/729
f 447/447/447 729/729/729 732/732/732
f 732/732/732 729/729/729 731/731/731
f 732/732/732 731/731/731 734/734/734
f 733/733/733 732/732/732 734/734/734
f 733/733/733 734/734/734 735/735/735
f 452/452/452 451/451/451 736/736/736
f 452/452/452 736/736/736 737/737/737
f 451/451/451 448/448/448 733/733/733
f 451/451/451 733/733/733 736/736/736
f 736/736/736 733/733/733 735/735/735
f 736/736/736 735/735/735 738/738/738
f 737/737/737 736/736/736 738/738/738
f 737/737/737 738/738/738 739/739/739
f 456/456/456 455/455/455 740/740/740
f 456/456/456 740/740/740 741/741/741
f 455/455/455 452/452/452 737/737/737
f 455/455/455 737/737/737 740/740/740
f 740/740/740 737/737/737 739/739/739
f 740/740/740 739/739/739 742/742/742
f 741/741/741 740/740/740 742/742/742
f 741/741/741 742/742/742 743/743/743
f 460/460/460 459/459/459 744/744/744
f 460/460/460 744/744/744 745/745/745
f 459/459/459 456/456/456 741/741/741
f 459/459/459 741/741/741 744/744/744
f 744/744/744 741/741/741 743/743/743
f 744/744/744 743/743/743 746/746/746
f 745/745/745 744/744/744 746/746/746
f 745/745/745 746/746/746 747/747/747
f 464/464/464 463/463/463 748/748/748
f 464/464/464 748/748/748 749/749/749
f 463/463/463 460/460/460 745/745/745
f 463/463/463 745/745/745 748/748/748
f 748/748/748 745/745/745 747/747/747
f 748/748/748 747/747/747 750/750/750
f 749/749/749 748/748/748 750/750/750
f 749/749/749 750/750/750 751/751/751
f 468/468/468 467/467/467 752/752/752
f 468/468/468 752/752/752 753/753/753
f 467/467/467 464/464/464 749/749/749
f 467/467/467 749/749/749 752/752/752
f 752/752/752 749/749/749 751/751/751
f 752/752/752 751/751/751 754/754/754
f 753/753/753 752/752/752 754/754/754
f 753/753/753 754/754/754 755/755/755
f 472/472/472 471/471/471 756/756/756
f 472/472/472 756/756/756 757/757/757
f 471/471/471 468/468/468 753/753/753
f 471/471/471 753/753/753 756/756/756
f 756/756/756 753/753/753 755/755/755
f 756/756/756 755/755/755 758/758/758
f 757/757/757 756/756/756 758/758/758
f 757/757/757 758/758/758 759/759/759
f 476/476/476 475/475/475 760/760/760
f 476/476/476 760/760/760 761/761/761
f 475/475/475 472/472/472 757/757/757
f 475/475/475 757/757/757 760/760/760
f 760/760/760 757/757/757 759/759/759
f 760/760/760 759/759/759 762/762/762
f 761/761/761 760/760/760 762/762/762
f 761/761/761 762/762/762 763/763/763
f 480/480/480 479/479/479 764/764/764
f 480/480/480 764/764/764 765/765/765
f 479/479/479 476/476/476 761/761/761
f 479/479/479 761/761/761 764/764/764
f 764/764/764 761/761/761 763/763/763
f 764/764/764 763/763/763 766/766/766
f 765/765/765 764/764/764 766/766/766
f 765/765/765 766/766/766 767/767/767
f 484/484/484 483/483/483 768/768/768
f 484/484/484 768/768/768 769/769/769
f 483/483/483 480/480/480 765/765/765
f 483/483/483 765/765/765 768/768/768
f 768/768/768 765/765/765 767/767/767
f 768/768/768 767/767/767 770/770/770
f 769/769/769 768/768/768 770/770/770
f 769/769/769 770/770/770 771/771/771
f 488/488/488 487/487/487 772/772/772
f 488/488/488 772/772/772 773/773/773
f 487/487/487 484/484/484 769/769/769
f 487/487/487 769/769/769 772/772/772
f 772/772/772 769/769/769 771/771/771
f 772/772/772 771/771/771 774/774/774
f 773/773/773 772/772/772 774/774/774
f 773/773/773 774/774/774 775/775/775
f 492/492/492 491/491/491 776/776/776
f 492/492/492 776/776/776 777/777/777
f 491/491/491 488/488/488 773/773/773
f 491/491/491 773/773/773 776/776/776
f 776/776/776 773/773/773 775/775/775
f 776/776/776 775/775/775 778/778/778
f 777/777/777 776/776/776 778/778/778
f 777/777/777 778/778/778 779/779/779
f 703/703/703 702/702/702 780/780/780
f 703/703/703 780/780/780 781/781/781
f 702/702/702 701/701/701 782/782/782
f 702/702/702 782/782/782 780/780/780
f 780/780/780 782/782/782 783/783/783
f 780/780/780 783/783/783 784/784/784
f 781/781/781 780/780/780 784/784/784
f 781/781/781 784/784/784 785/785/785
f 707/707/707 706/706/706 786/786/786
f 707/707/707 786/786/786 787/787/787
f 706/706/706 703/703/703 781/781/781
f 706/706/706 781/781/781 786/786/786
f 786/786/786 781/781/781 785/785/785
f 786/786/786 785/785/785 788/788/788
f 787/787/787 786/786/786 788/788/788
f 787/787/787 788/788/788 789/789/789
f 711/711/711 710/710/710 790/790/790
f 711/711/711 790/790/790 791/791/791
f 710/710/710 707/707/707 787/787/787
f 710/710/710 787/787/787 790/790/790
f 790/790/790 787/787/787 789/789/789
f 790/790/790 789/789/789 792/792/792
f 791/791/791 790/790/790 792/792/792
f 791/791/791 792/792/792 793/793/793
f 715/715/715 714/714/714 794/794/794
f 715/715/715 794/794/794 795/795/795
f 714/714/714 711/711/711 791/791/791
f 714/714/714 791/791/791 794/794/794
f 794/794/794 791/791/791 793/793/793
f 794/794/794 793/793/793 796/796/796
f 795/795/795 794/794/794 796/796/796
f 795/795/795 796/796/796 797/797/797
f 719/719/719 718/718/718 798/798/798
f 719/719/719 798/798/798 799/799/799
f 718/718/718 715/715/715 795/795/795
f 718/718/718 795/795/795 798/798/798
f 798/798/798 795/795/795 797/797/797
f 798/798/798 797/797/797 800/800/800
f 799/799/799 798/798/798 800/800/800
f 799/799/799 800/800/800 801/801/801
f 723/723/723 722/722/722 802/802/802
f 723/723/723 802/802/802 803/803/803
f 722/722/722 719/719/719 799/799/799
f 722/722/722 799/799/799 802/802/802
f 802/802/802 799/799/799 801/801/801
f 802/802/802 801/801/801 804/804/804
f 803/803/803 802/802/802 804/804/804
f 803/803/803 804/804/804 805/805/805
f 727/727/727 726/726/726 806/806/806
f 727/727/727 806/806/806 807/807/807
f 726/726/726 723/723/723 803/803/803
f 726/726/726 803/803/803 806/806/806
f 806/806/806 803/803/803 805/805/805
f 806/806/806 805/805/805 808/808/808
f 807/807/807 806/806/806 808/808/808
f 807/807/807 808/808/808 809/809/809
f 731/731/731 730/730/730 810/810/810
f 731/731/731 810/810/810 811/811/811
f 730/730/730 727/727/727 807/807/807
f 730/730/730 807/807/807 810/810/810
f 810/810/810 807/807/807 809/809/809
f 810/810/810 809/809/809 812/812/812
f 811/811/811 810/810/810 812/812/812
f 811/811/811 812/812/812 813/813/813
f 735/735/735 734/734/734 814/814/814
f 735/735/735 814/814/814 815/815/815
f 734/734/734 731/731/731 811/811/811
f 734/734/734 811/811/811 814/814/814
f 814/814/814 811/811/811 813/813/813
f 814/814/814 813/813/813 816/816/816
f 815/815/815 814/814/814 816/816/816
f 815/815/815 816/816/816 817/817/817
f 739/739/739 738/738/738 818/818/818
f 739/739/739 818/818/818 819/819/819
f 738/738/738 735/735/735 815/815/815
f 738/738/738 815/815/815 818/818/818
f 818/818/818 815/815/815 817/817/817
f 818/818/818 817/817/817 820/820/820
f 819/819/819 818/818/818 820/820/820
f 819/819/819 820/820/820 821/821/821
f 743/743/743 742/742/742 822/822/822
f 743/743/743 822/822/822 823/823/823
f 742/742/742 739/739/739 819/819/819
f 742/742/742 819/819/819 822/822/822
f 822/822/822 819/819/819 821/821/821
f 822/822/822 821/821/821 824/824/824
f 823/823/823 822/822/822 824/824/824
f 823/823/823 824/824/824 825/825/825
f 747/747/747 746/746/746 826/826/826
f 747/747/747 826/826/826 827/827/827
f 746/746/746 743/743/743 823/823/823
f 746/746/746 823/823/823 826/826/826
f 826/826/826 823/823/823 825/825/825
f 826/826/826 825/825/825 828/828/828
f 827/827/827 826/826/826 828/828/828
f 827/827/827 828/828/828 829/829/829
f 751/751/751 750/750/750 830/830/830
f 751/751/751 830/830/830 831/831/831
f 750/750/750 747/747/747 827/827/827
f 750/750/750 827/827/827 830/830/830
f 830/830/830 827/827/827 829/829/829
f 830/830/830 829/829/829 832/832/832
f 831/831/831 830/830/830 832/832/832
f 831/831/831 832/832/832 833/833/833
f 755/755/755 754/754/754 834/834/834
f 755/755/755 834/834/834 835/835/835
f 754/754/754 751/751/751 831/831/831
f 754/754/754 831/831/831 834/834/834
f 834/834/834 831/831/831 833/833/833
f 834/834/834 833/833/833 836/836/836
f 835/835/835 834/834/834 836/836/836
f 835/835/835 836/836/836 837/837/837
f 759/759/759 758/758/758 838/838/838
f 759/759/759 838/838/838 839/839/839
f 758/758/758 755/755/755 835/835/835
f 758/758/758 835/835/835 838/838/838
f 838/838/838 835/835/835 837/837/837
f 838/838/838 837/837/837 840/840/840
f 839/839/839 838/838/838 840/840/840
f 839/839/839 840/840/840 841/841/841
f 763/763/763 762/762/762 842/842/842
f 763/763/763 842/842/842 843/843/843
f 762/762/762 759/759/759 839/839/839
f 762/762/762 839/839/839 842/842/842
f 842/842/842 839/839/839 841/841/841
f 842/842/842 841/841/841 844/844/844
f 843/843/843 842/842/842 844/844/844
f 843/843/843 844/844/844 845/845/845
f 767/767/767 766/766/766 846/846/846
f 767/767/767 846/846/846 847/847/847
f 766/766/766 763/763/763 843/843/843
f 766/766/766 843/843/843 846/846/846
f 846/846/846 843/843/843 845/845/845
f 846/846/846 845/845/845 848/848/848
f 847/847/847 846/846/846 848/848/848
f 847/847/847 848/848/848 849/849/849
f 771/771/771 770/770/770 850/850/850
f 771/771/771 850/850/850 851/851/851
f 770/770/770 767/767/767 847/847/847
f 770/770/770 847/847/847 850/850/850
f 850/850/850 847/847/847 849/849/849
f 850/850/850 849/849/849 852/852/852
f 851/851/851 850/850/850 852/852/852
f 851/851/851 852/852/852 853/853/853
f 775/775/775 774/774/774 854/854/854
f 775/775/775 854/854/854 855/855/855
f 774/774/774 771/771/771 851/851/851
f 774/774/774 851/851/851 854/854/854
f 854/854/854 851/851/851 853/853/853
f 854/854/854 853/853/853 856/856/856
f 855/855/855 854/854/854 856/856/856
f 855/855/855 856/856/856 857/857/857
f 779/779/779 778/778/778 858/858/858
f 779/779/779 858/858/858 859/859/859
f 778/778/778 775/775/775 855/855/855
f 778/778/778 855/855/855 858/858/858
f 858/858/858 855/855/855 857/857/857
f 858/858/858 857/857/857 860/860/860
f 859/859/859 858/858/858 860/860/860
f 859/859/859 860/860/860 861/861/861
f 862/862/862 863/863/863 864/864/864
f 862/862/862 864/864/864 865/865/865
f 863/863/863 866/866/866 867/867/867
f 863/863/863 867/867/867 864/864/864
f 864/864/864 867/867/867 620/620/620
f 864/864/864 620/620/620 617/617/617
f 865/865/865 864/864/864 617/617/617
f 865/865/865 617/617/617 616/616/616
f 866/866/866 868/868/868 869/869/869
f 866/866/866 869/869/869 867/867/867
f 868/868/868 870/870/870 871/871/871
f 868/868/868 871/871/871 869/869/869
f 869/869/869 871/871/871 624/624/624
f 869/869/869 624/624/624 622/622/622
f 867/867/867 869/869/869 622/622/622
f 867/867/867 622/622/622 620/620/620
f 870/870/870 872/872/872 873/873/873
f 870/870/870 873/873/873 871/871/871
f 872/872/872 874/874/874 875/875/875
f 872/872/872 875/875/875 873/873/873
f 873/873/873 875/875/875 628/628/628
f 873/873/873 628/628/628 626/626/626
f 871/871/871 873/873/873 626/626/626
f 871/871/871 626/626/626 624/624/624
f 874/874/874 876/876/876 877/877/877
f 874/874/874 877/877/877 875/875/875
f 876/876/876 878/878/878 879/879/879
f 876/876/876 879/879/879 877/877/877
f 877/877/877 879/879/879 632/632/632
f 877/877/877 632/632/632 630/630/630
f 875/875/875 877/877/877 630/630/630
f 875/875/875 630/630/630 628/628/628
f 878/878/878 880/880/880 881/881/881
f 878/878/878 881/881/881 879/879/879
f 880/880/880 882/882/882 883/883/883
f 880/880/880 883/883/883 881/881/881
f 881/881/881 883/883/883 636/636/636
f 881/881/881 636/636/636 634/634/634
f 879/879/879 881/881/881 634/634/634
f 879/879/879 634/634/634 632/632/632
f 882/882/882 884/884/884 885/885/885
f 882/882/882 885/885/885 883/883/883
f 884/884/884 886/886/886 887/887/887
f 884/884/884 887/887/887 885/885/885
f 885/885/885 887/887/887 640/640/640
f 885/885/885 640/640/640 638/638/638
f 883/883/883 885/885/885 638/638/638
f 883/883/883 638/638/638 636/636/636
f 886/886/886 888/888/888 889/889/889
f 886/886/886 889/889/889 887/887/887
f 888/888/888 890/890/890 891/891/891
f 888/888/888 891/891/891 889/889/889
f 889/889/889 891/891/891 644/644/644
f 889/889/889 644/644/644 642/642/642
f 887/887/887 889/889/889 642/642/642
f 887/887/887 642/642/642 640/640/640
f 890/890/890 892/892/892 893/893/893
f 890/890/890 893/893/893 891/891/891
f 892/892/892 894/894/894 895/895/895
f 892/892/892 895/895/895 893/893/893
f 893/893/893 895/895/895 648/648/648
f 893/893/893 648/648/648 646/646/646
f 891/891/891 893/893/893 646/646/646
f 891/891/891 646/646/646 644/644/644
f 894/894/894 896/896/896 897/897/897
f 894/894/894 897/897/897 895/895/895
f 896/896/896 898/898/898 899/899/899
f 896/896/896 899/899/899 897/897/897
f 897/897/897 899/899/899 652/652/652
f 897/897/897 652/652/652 650/650/650
f 895/895/895 897/897/897 650/650/650
f 895/895/895 650/650/650 648/648/648
f 898/898/898 900/900/900 901/901/901
f 898/898/898 901/901/901 899/899/899
f 900/900/900 902/902/902 903/903/903
f 900/900/900 903/903/903 901/901/901
f 901/901/901 903/903/903 656/656/656
f 901/901/901 656/656/656 654/654/654
f 899/899/899 901/901/901 654/654/654
f 899/899/899 654/654/654 652/652/652
f 902/902/902 904/904/904 905/905/905
f 902/902/902 905/905/905 903/903/903
f 904/904/904 906/906/906 907/907/907
f 904/904/904 907/907/907 905/905/905
f 905/905/905 907/907/907 660/660/660
f 905/905/905 660/660/660 658/658/658
f 903/903/903 905/905/905 658/658/658
f 903/903/903 658/658/658 656/656/656
f 906/906/906 908/908/908 909/909/909
f 906/906/906 909/909/909 907/907/907
f 908/908/908 910/910/910 911/911/911
f 908/908/908 911/911/911 909/909/909
f 909/909/909 911/911/911 664/664/664
f 909/909/909 664/664/664 662/662/662
f 907/907/907 909/909/909 662/662/662
f 907/907/907 662/662/662 660/660/660
f 910/910/910 912/912/912 913/913/913
f 910/910/910 913/913/913 911/911/911
f 912/912/912 914/914/914 915/915/915
f 912/912/912 915/915/915 913/913/913
f 913/913/913 915/915/915 668/668/668
f 913/913/913 668/668/668 666/666/666
f 911/911/911 913/913/913 666/666/666
f 911/911/911 666/666/666 664/664/664
f 914/914/914 916/916/916 917/917/917
f 914/914/914 917/917/917 915/915/915
f 916/916/916 918/918/918 919/919/919
f 916/916/916 919/919/919 917/917/917
f 917/917/917 919/919/919 672/672/672
f 917/917/917 672/672/672 670/670/670
f 915/915/915 917/917/917 670/670/670
f 915/915/915 670/670/670 668/668/668
f 918/918/918 920/920/920 921/921/921
f 918/918/918 921/921/921 919/919/919
f 920/920/920 922/922/922 923/923/923
f 920/920/920 923/923/923 921/921/921
f 921/921/921 923/923/923 676/676/676
f 921/921/921 676/676/676 674/674/674
f 919/919/919 921/921/921 674/674/674
f 919/919/919 674/674/674 672/672/672
f 922/922/922 924/924/924 925/925/925
f 922/922/922 925/925/925 923/923/923
f 924/924/924 926/926/926 927/927/927
f 924/924/924 927/927/927 925/925/925
f 925/925/925 927/927/927 680/680/680
f 925/925/925 680/680/680 678/678/678
f 923/923/923 925/925/925 678/678/678
f 923/923/923 678/678/678 676/676/676
f 926/926/926 928/928/928 929/929/929
f 926/926/926 929/929/929 927/927/927
f 928/928/928 930/930/930 931/931/931
f 928/928/928 931/931/931 929/929/929
f 929/929/929 931/931/931 684/684/684
f 929/929/929 684/684/684 682/682/682
f 927/927/927 929/929/929 682/682/682
f 927/927/927 682/682/682 680/680/680
f 930/930/930 932/932/932 933/933/933
f 930/930/930 933/933/933 931/931/931
f 932/932/932 934/934/934 935/935/935
f 932/932/932 935/935/935 933/933/933
f 933/933/933 935/935/935 688/688/688
f 933/933/933 688/688/688 686/686/686
f 931/931/931 933/933/933 686/686/686
f 931/931/931 686/686/686 684/684/684
f 934/934/934 936/936/936 937/937/937
f 934/934/934 937/937/937 935/935/935
f 936/936/936 938/938/938 939/939/939
f 936/936/936 939/939/939 937/937/937
f 937/937/937 939/939/939 692/692/692
f 937/937/937 692/692/692 690/690/690
f 935/935/935 937/937/937 690/690/690
f 935/935/935 690/690/690 688/688/688
f 938/938/938 940/940/940 941/941/941
f 938/938/938 941/941/941 939/939/939
f 940/940/940 942/942/942 943/943/943
f 940/940/940 943/943/943 941/941/941
f 941/941/941 943/943/943 696/696/696
f 941/941/941 696/696/696 694/694/694
f 939/939/939 941/941/941 694/694/694
f 939/939/939 694/694/694 692/692/692
f 944/944/944 945/945/945 946/946/946
f 944/944/944 946/946/946 947/947/947
f 945/945/945 948/948/948 949/949/949
f 945/945/945 949/949/949 946/946/946
f 946/946/946 949/949/949 866/866/866
f 946/946/946 866/866/866 863/863/863
f 947/947/947 946/946/946 863/863/863
f 947/947/947 863/863/863 862/862/862
f 948/948/948 950/950/950 951/951/951
f 948/948/948 951/951/951 949/949/949
f 950/950/950 952/952/952 953/953/953
f 950/950/950 953/953/953 951/951/951
f 951/951/951 953/953/953 870/870/870
f 951/951/951 870/870/870 868/868/868
f 949/949/949 951/951/951 868/868/868
f 949/949/949 868/868/868 866/866/866
f 952/952/952 954/954/954 955/955/955
f 952/952/952 955/955/955 953/953/953
f 954/954/954 956/956/956 957/957/957
f 954/954/954 957/957/957 955/955/955
f 955/955/955 957/957/957 874/874/874
f 955/955/955 874/874/874 872/872/872
f 953/953/953 955/955/955 872/872/872
f 953/953/953 872/872/872 870/870/870
f 956/956/956 958/958/958 959/959/959
f 956/956/956 959/959/959 957/957/957
f 958/958/958 960/960/960 961/961/961
f 958/958/958 961/961/961 959/959/959
f 959/959/959 961/961/961 878/878/878
f 959/959/959 878/878/878 876/876/876
f 957/957/957 959/959/959 876/876/876
f 957/957/957 876/876/876 874/874/874
f 960/960/960 962/962/962 963/963/963
f 960/960/960 963/963/963 961/961/961
f 962/962/962 964/964/964 965/965/965
f 962/962/962 965/965/965 963/963/963
f 963/963/963 965/965/965 882/882/882
f 963/963/963 882/882/882 880/880/880
f 961/961/961 963/963/963 880/880/880
f 961/961/961 880/880/880 878/878/878
f 964/964/964 966/966/966 967/967/967
f 964/964/964 967/967/967 965/965/965
f 966/966/966 968/968/968 969/969/969
f 966/966/966 969/969/969 967/967/967
f 967/967/967 969/969/969 886/886/886
f 967/967/967 886/886/886 884/884/884
f 965/965/965 967/967/967 884/884/884
f 965/965/965 884/884/884 882/882/882
f 968/968/968 970/970/970 971/971/971
f 968/968/968 971/971/971 969/969/969
f 970/970/970 972/972/972 973/973/973
f 970/970/970 973/973/973 971/971/971
f 971/971/971 973/973/973 890/890/890
f 971/971/971 890/890/890 888/888/888
f 969/969/969 971/971/971 888/888/888
f 969/969/969 888/888/888 886/886/886
f 972/972/972 974/974/974 975/975/975
f 972/972/972 975/975/975 973/973/973
f 974/974/974 976/976/976 977/977/977
f 974/974/974 977/977/977 975/975/975
f 975/975/975 977/977/977 894/894/894
f 975/975/975 894/894/894 892/892/892
f 973/973/973 975/975/975 892/892/892
f 973/973/973 892/892/892 890/890/890
f 976/976/976 978/978/978 979/979/979
f 976/976/976 979/979/979 977/977/977
f 978/978/978 980/980/980 981/981/981
f 978/978/978 981/981/981 979/979/979
f 979/979/979 981/981/981 898/898/898
f 979/979/979 898/898/898 896/896/896
f 977/977/977 979/979/979 896/896/896
f 977/977/977 896/896/896 894/894/894
f 980/980/980 982/982/982 983/983/983
f 980/980/980 983/983/983 981/981/981
f 982/982/982 984/984/984 985/985/985
f 982/982/982 985/985/985 983/983/983
f 983/983/983 985/985/985 902/902/902
f 983/983/983 902/902/902 900/900/900
f 981/981/981 983/983/983 900/900/900
f 981/981/981 900/900/900 898/898/898
f 984/984/984 986/986/986 987/987/987
f 984/984/984 987/987/987 985/985/985
f 986/986/986 988/988/988 989/989/989
f 986/986/986 989/989/989 987/987/987
f 987/987/987 989/989/989 906/906/906
f 987/987/987 906/906/906 904/904/904
f 985/985/985 987/987/987 904/904/904
f 985/985/985 904/904/904 902/902/902
f 988/988/988 990/990/990 991/991/991
f 988/988/988 991/991/991 989/989/989
f 990/990/990 992/992/992 993/993/993
f 990/990/990 993/993/993 991/991/991
f 991/991/991 993/993/993 910/910/910
f 991/991/991 910/910/910 908/908/908
f 989/989/989 991/991/991 908/908/908
f 989/989/989 908/908/908 906/906/906
f 992/992/992 994/994/994 995/995/995
f 992/992/992 995/995/995 993/993/993
f 994/994/994 996/996/996 997/997/997
f 994/994/994 997/997/997 995/995/995
f 995/995/995 997/997/997 914/914/914
f 995/995/995 914/914/914 912/912/912
f 993/993/993 995/995/995 912/912/912
f 993/993/993 912/912/912 910/910/910
f 996/996/996 998/998/998 999/999/999
f 996/996/996 999/999/999 997/997/997
f 998/998/998 1000/1000/1000 1001/1001/1001
f 998/998/998 1001/1001/1001 999/999/999
f 999/999/999 1001/1001/1001 918/918/918
f 999/999/999 918/918/918 916/916/916
f 997/997/997 999/999/999 916/916/916
f 997/997/997 916/916/916 914/914/914
f 1000/1000/1000 1002/1002/1002 1003/1003/1003
f 1000/1000/1000 1003/1003/1003 1001/1001/1001
f 1002/1002/1002 1004/1004/1004 1005/1005/1005
f 1002/1002/1002 1005/1005/1005 1003/1003/1003
f 1003/1003/1003 1005/1005/1005 922/922/922
f 1003/1003/1003 922/922/922 920/920/920
f 1001/1001/1001 1003/1003/1003 920/920/920
f 1001/1001/1001 920/920/920 918/918/918
f 1004/1004/1004 1006/1006/1006 1007/1007/1007
f 1004/1004/1004 1007/1007/1007 1005/1005/1005
f 1006/1006/1006 1008/1008/1008 1009/1009/1009
f 1006/1006/1006 1009/1009/1009 1007/1007/1007
f 1007/1007/1007 1009/1009/1009 926/926/926
f 1007/1007/1007 926/926/926 924/924/924
f 1005/1005/1005 1007/1007/1007 924/924/924
f 1005/1005/1005 924/924/924 922/922/922
f 1008/1008/1008 1010/1010/1010 1011/1011/1011
f 1008/1008/1008 1011/1011/1011 1009/1009/1009
f 1010/1010/1010 1012/1012/1012 1013/1013/1013
f 1010/1010/1010 1013/1013/1013 1011/1011/1011
f 1011/1011/1011 1013/1013/1013 930/930/930
f 1011/1011/1011 930/930/930 928/928/928
f 1009/1009/1009 1011/1011/1011 928/928/928
f 1009/1009/1009 928/928/928 926/926/926
f 1012/1012/1012 1014/1014/1014 1015/1015/1015
f 1012/1012/1012 1015/1015/1015 1013/1013/1013
f 1014/1014/1014 1016/1016/1016 1017/1017/1017
f 1014/1014/1014 1017/1017/1017 1015/1015/1015
f 1015/1015/1015 1017/1017/1017 934/934/934
f 1015/1015/1015 934/934/934 932/932/932
f 1013/1013/1013 1015/1015/1015 932/932/932
f 1013/1013/1013 932/932/932 930/930/930
f 1016/1016/1016 1018/1018/1018 1019/1019/1019
f 1016/1016/1016 1019/1019/1019 1017/1017/1017
f 1018/1018/1018 1020/1020/1020 1021/1021/1021
f 1018/1018/1018 1021/1021/1021 1019/1019/1019
f 1019/1019/1019 1021/1021/1021 938/938/938
f 1019/1019/1019 938/938/938 936/936/936
f 1017/1017/1017 1019/1019/1019 936/936/936
f 1017/1017/1017 936/936/936 934/934/934
f 1020/1020/1020 1022/1022/1022 1023/1023/1023
f 1020/1020/1020 1023/1023/1023 1021/1021/1021
f 1022/1022/1022 1024/1024/1024 1025/1025/1025
f 1022/1022/1022 1025/1025/1025 1023/1023/1023
f 1023/1023/1023 1025/1025/1025 942/942/942
f 1023/1023/1023 942/942/942 940/940/940
f 1021/1021/1021 1023/1023/1023 940/940/940
f 1021/1021/1021 940/940/940 938/938/938
