# ABC bottle geometry; canonical radius 1 and height 1, bottom z=0.
# https://github.com/mikedh/trimesh
v -0.317382880201 -0.200800798213 0.982041770569
v -0.367350324304 -0.0871312518398 0.982018688508
v 0.0164710949854 0.0137709259104 0.981778906397
v -0.23473546678 -0.29346649277 0.98203904746
v -0.12749814885 -0.356057731641 0.98201091527
v -0.00616821124581 -0.38244754925 0.981960037695
v 0.117377838953 -0.37005273906 0.981891445059
v 0.231046412198 -0.320086567509 0.981811831258
v 0.323710834202 -0.23744005236 0.981728979434
v 0.386300501097 -0.130203333279 0.98165104901
v 0.41268874673 -0.00887339567448 0.981585585474
v 0.400292364563 0.114673103661 0.981539074775
v 0.35032492046 0.228342500321 0.981516032323
v 0.267677581895 0.321008269735 0.981518715823
v 0.160440338821 0.383599358894 0.981546887622
v 0.0391104012167 0.409989176503 0.981597715686
v -0.0844355741262 0.397594366313 0.981666318224
v -0.198104072515 0.347628269618 0.981745932024
v -0.290768569376 0.264981829325 0.981828783849
v -0.353358161414 0.157745110243 0.981906743979
v -0.379746481903 0.0364152474953 0.981972177809
v -0.292262545905 -0.0671801002917 0.994588222226
v -0.252022193004 -0.158721681934 0.994606769072
v 0.0168404346086 0.0140794824419 0.994395059738
v -0.185463809421 -0.2333480478 0.99460461039
v -0.0991024143616 -0.283754747053 0.99458193432
v -0.00139164834493 -0.305007120869 0.994540978763
v 0.0981036104314 -0.295025219761 0.994485734311
v 0.189644443514 -0.2547859897 0.994421627378
v 0.264269836251 -0.188228354677 0.994354916163
v 0.314675188096 -0.101867333898 0.994292136126
v 0.335926364215 -0.00415671759292 0.994239406837
v 0.325943265411 0.0953389903196 0.994201946761
v 0.285702912509 0.186880497106 0.994183390012
v 0.219144678638 0.261506862972 0.994185558597
v 0.132783208723 0.311913487369 0.994208234667
v 0.0350725924181 0.333165861185 0.994249180322
v -0.0644226663582 0.323184034933 0.994304434676
v -0.155963424585 0.282944730016 0.994368541609
v -0.230588817322 0.216387169849 0.994435242922
v -0.280994169166 0.130026149069 0.994498032861
v -0.302245345286 0.0323155327647 0.994550752248
v -0.410143567053 -0.098622998955 0.966361387022
v -0.354666495005 -0.224850317083 0.966369447424
v -0.352393342119 -0.223522670639 0.9814899895
v -0.407612086028 -0.0982319510848 0.98148698913
v -0.262903264674 -0.327738275442 0.966363912086
v -0.261082541599 -0.325831318227 0.981483978857
v -0.143837721801 -0.39723348542 0.966331937837
v -0.142607762468 -0.394955766317 0.981452083825
v -0.00912517391171 -0.426534154384 0.966275287271
v -0.00856472685891 -0.424103728992 0.981395631304
v 0.128047966347 -0.412772098913 0.966199287779
v 0.127925876172 -0.410417053537 0.981320107118
v 0.254254249932 -0.357294502872 0.966111613577
v 0.25350306973 -0.35524045357 0.981232928026
v 0.357139663186 -0.265530898262 0.966022196585
v 0.355873024402 -0.264000915985 0.981144461647
v 0.426634573741 -0.146445892822 0.965953158349
v 0.425004808383 -0.145817027363 0.981080750802
v 0.455929553647 -0.0117567748686 0.965791890893
v 0.45418473458 -0.0112617519809 0.980924503768
v 0.442167348464 0.12539772624 0.965828875662
v 0.440521563917 0.125746480457 0.980956596844
v 0.386689078719 0.251623996384 0.965785731716
v 0.385301397743 0.251036002314 0.980908917683
v 0.294925773533 0.354511879887 0.965786167413
v 0.293990522367 0.35334450019 0.980908957292
v 0.175860305515 0.424007089865 0.965816695939
v 0.175515743236 0.422468873425 0.980939287774
v 0.0411477576259 0.453307609117 0.965873029634
v 0.0414727076268 0.451616761244 0.980995255087
v -0.096025307777 0.439545703358 0.965949355899
v -0.095017820548 0.437930160645 0.981071254579
v -0.22223144165 0.384068107317 0.966038465922
v -0.220594864394 0.382753710389 0.981160008123
v -0.325116705192 0.292304577563 0.966133012261
v -0.322964594498 0.29151424766 0.981254485146
v -0.394610642618 0.173220545252 0.966237104334
v -0.392095180783 0.173331556735 0.981362825269
v -0.42391078759 0.0385272353606 0.966221122161
v -0.421280047477 0.0387721642716 0.98135160606
v -0.410143567053 -0.098622998955 0.966361387022
v -0.407612086028 -0.0982319510848 0.98148698913
v -0.403716129396 -0.0965860916819 0.988324022265
v -0.348990462117 -0.221079968859 0.988349272911
v -0.313079931365 -0.197973935317 0.992910262364
v -0.36245107238 -0.0856610795256 0.99288747737
v -0.348990462117 -0.221079968859 0.988349272911
v -0.258472910885 -0.322569841254 0.988346341855
v -0.23141897063 -0.289533632117 0.992907618473
v -0.313079931365 -0.197973935317 0.992910262364
v -0.258472910885 -0.322569841254 0.988346341855
v -0.141023883853 -0.391121416193 0.988315496459
v -0.125461541001 -0.351377882724 0.992879773448
v -0.23141897063 -0.289533632117 0.992907618473
v -0.141023883853 -0.391121416193 0.988315496459
v -0.00814014348994 -0.420024075676 0.988259796505
v -0.00557976803999 -0.377452706183 0.992829539516
v -0.125461541001 -0.351377882724 0.992879773448
v -0.00814014348994 -0.420024075676 0.988259796505
v 0.127170653744 -0.406449010553 0.98818467831
v 0.116491693339 -0.365205811496 0.992761739057
v -0.00557976803999 -0.377452706183 0.992829539516
v 0.127170653744 -0.406449010553 0.98818467831
v 0.251663482937 -0.35172476554 0.98809745961
v 0.228803725714 -0.315835943034 0.992683095674
v 0.116491693339 -0.365205811496 0.992761739057
v 0.251663482937 -0.35172476554 0.98809745961
v 0.353151933068 -0.261208187436 0.98800675533
v 0.320362149962 -0.234175880571 0.992601234071
v 0.228803725714 -0.315835943034 0.992683095674
v 0.353151933068 -0.261208187436 0.98800675533
v 0.421701786318 -0.143759759252 0.987921368539
v 0.382204753736 -0.12821904979 0.992524194847
v 0.320362149962 -0.234175880571 0.992601234071
v 0.421701786318 -0.143759759252 0.987921368539
v 0.450602724113 -0.0108760937445 0.987849686412
v 0.408278005219 -0.00833727682954 0.992459572999
v 0.382204753736 -0.12821904979 0.992524194847
v 0.450602724113 -0.0108760937445 0.987849686412
v 0.437026012157 0.124435152626 0.987798729619
v 0.396029538556 0.113734633686 0.992413567312
v 0.408278005219 -0.00833727682954 0.992459572999
v 0.437026012157 0.124435152626 0.987798729619
v 0.382300270023 0.248929029802 0.987773488876
v 0.346658547253 0.226047489477 0.992390821927
v 0.396029538556 0.113734633686 0.992413567312
v 0.382300270023 0.248929029802 0.987773488876
v 0.291782868503 0.350418752486 0.987776449638
v 0.264997661374 0.317607111421 0.992393455916
v 0.346658547253 0.226047489477 0.992390821927
v 0.291782868503 0.350418752486 0.987776449638
v 0.174333916327 0.418970252568 0.987807255425
v 0.159040306601 0.379451287172 0.992421271235
v 0.264997661374 0.317607111421 0.992393455916
v 0.174333916327 0.418970252568 0.987807255425
v 0.0414501759635 0.447873061764 0.987862994988
v 0.0391585336402 0.405525960919 0.992471544775
v 0.159040306601 0.379451287172 0.992421271235
v 0.0414501759635 0.447873061764 0.987862994988
v -0.0938605464146 0.434297921785 0.987938113183
v -0.082912927739 0.393279215945 0.992539295723
v 0.0391585336402 0.405525960919 0.992471544775
v -0.0938605464146 0.434297921785 0.987938113183
v -0.218353300751 0.379573601915 0.988025302177
v -0.195224885258 0.343909422338 0.992617988617
v -0.082912927739 0.393279215945 0.992539295723
v -0.218353300751 0.379573601915 0.988025302177
v -0.319841825738 0.289057248379 0.988116046065
v -0.286783309506 0.262249359875 0.992699840318
v -0.195224885258 0.343909422338 0.992617988617
v -0.319841825738 0.289057248379 0.988116046065
v -0.388391604132 0.171608820196 0.988201422954
v -0.34862591328 0.156292603951 0.992776849836
v -0.286783309506 0.262249359875 0.992699840318
v -0.388391604132 0.171608820196 0.988201422954
v -0.417292616783 0.0387252295444 0.988273105081
v -0.374699239619 0.0364109058459 0.992841511293
v -0.34862591328 0.156292603951 0.992776849836
v -0.417292616783 0.0387252295444 0.988273105081
v -0.403716129396 -0.0965860916819 0.988324022265
v -0.36245107238 -0.0856610795256 0.99288747737
v -0.374699239619 0.0364109058459 0.992841511293
v -0.418024933267 -0.100399931256 0.985221628927
v -0.36144830108 -0.229104310079 0.985247701456
v -0.36144830108 -0.229104310079 0.985247701456
v -0.267869288172 -0.334026780318 0.985244661476
v -0.267869288172 -0.334026780318 0.985244661476
v -0.146447951363 -0.404896796036 0.985212815956
v -0.146447951363 -0.404896796036 0.985212815956
v -0.00906993016588 -0.434777150052 0.985155194973
v -0.00906993016588 -0.434777150052 0.985155194973
v 0.130817414673 -0.42074284322 0.985077541811
v 0.130817414673 -0.42074284322 0.985077541811
v 0.259520745511 -0.364167708154 0.984987401958
v 0.259520745511 -0.364167708154 0.984987401958
v 0.36444171863 -0.27058974323 0.984893568578
v 0.36444171863 -0.27058974323 0.984893568578
v 0.435310087515 -0.149169005269 0.984805300243
v 0.435310087515 -0.149169005269 0.984805300243
v 0.46518857013 -0.0117909840717 0.984731221781
v 0.46518857013 -0.0117909840717 0.984731221781
v 0.451152616466 0.128096735047 0.9846785321
v 0.451152616466 0.128096735047 0.9846785321
v 0.394576059135 0.25680111387 0.984652449669
v 0.394576059135 0.25680111387 0.984652449669
v 0.300997046227 0.361723584109 0.984655489648
v 0.300997046227 0.361723584109 0.984655489648
v 0.179575709418 0.432593450115 0.984687394582
v 0.179575709418 0.432593450115 0.984687394582
v 0.0421976882206 0.46247380413 0.984744966054
v 0.0421976882206 0.46247380413 0.984744966054
v -0.0976895069058 0.448439647011 0.984822648922
v -0.0976895069058 0.448439647011 0.984822648922
v -0.226392762888 0.391864511944 0.984912798678
v -0.226392762888 0.391864511944 0.984912798678
v -0.331313810863 0.298286621877 0.985006592448
v -0.331313810863 0.298286621877 0.985006592448
v -0.402182104893 0.176865958772 0.985094850881
v -0.402182104893 0.176865958772 0.985094850881
v -0.432060662363 0.0394879375745 0.985168939246
v -0.432060662363 0.0394879375745 0.985168939246
v -0.418024933267 -0.100399931256 0.985221628927
v -0.292262545905 -0.0671801002917 0.994588222226
v -0.302245345286 0.0323155327647 0.994550752248
v -0.302245345286 0.0323155327647 0.994550752248
v -0.280994169166 0.130026149069 0.994498032861
v -0.280994169166 0.130026149069 0.994498032861
v -0.230588817322 0.216387169849 0.994435242922
v -0.230588817322 0.216387169849 0.994435242922
v -0.155963424585 0.282944730016 0.994368541609
v -0.155963424585 0.282944730016 0.994368541609
v -0.0644226663582 0.323184034933 0.994304434676
v -0.0644226663582 0.323184034933 0.994304434676
v 0.0350725924181 0.333165861185 0.994249180322
v 0.0350725924181 0.333165861185 0.994249180322
v 0.132783208723 0.311913487369 0.994208234667
v 0.132783208723 0.311913487369 0.994208234667
v 0.219144678638 0.261506862972 0.994185558597
v 0.219144678638 0.261506862972 0.994185558597
v 0.285702912509 0.186880497106 0.994183390012
v 0.285702912509 0.186880497106 0.994183390012
v 0.325943265411 0.0953389903196 0.994201946761
v 0.325943265411 0.0953389903196 0.994201946761
v 0.335926364215 -0.00415671759292 0.994239406837
v 0.335926364215 -0.00415671759292 0.994239406837
v 0.314675188096 -0.101867333898 0.994292136126
v 0.314675188096 -0.101867333898 0.994292136126
v 0.264269836251 -0.188228354677 0.994354916163
v 0.264269836251 -0.188228354677 0.994354916163
v 0.189644443514 -0.2547859897 0.994421627378
v 0.189644443514 -0.2547859897 0.994421627378
v 0.0981036104314 -0.295025219761 0.994485734311
v 0.0981036104314 -0.295025219761 0.994485734311
v -0.00139164834493 -0.305007120869 0.994540978763
v -0.00139164834493 -0.305007120869 0.994540978763
v -0.0991024143616 -0.283754747053 0.99458193432
v -0.0991024143616 -0.283754747053 0.99458193432
v -0.185463809421 -0.2333480478 0.99460461039
v -0.185463809421 -0.2333480478 0.99460461039
v -0.252022193004 -0.158721681934 0.994606769072
v -0.252022193004 -0.158721681934 0.994606769072
v -0.292262545905 -0.0671801002917 0.994588222226
v -0.42448598128 -0.102826464135 0.941781180737
v -0.367233848331 -0.233067637134 0.94180758004
v -0.366564785187 -0.232596044182 0.949182026131
v -0.423749023722 -0.102509149449 0.949155666437
v -0.272537384694 -0.339242972649 0.941804490549
v -0.271980605587 -0.338645621576 0.94917893664
v -0.149666311265 -0.410959160864 0.941772239038
v -0.149254902556 -0.410276848204 0.949146724738
v -0.0106478202989 -0.44119627869 0.941713994216
v -0.0104011696993 -0.440478035139 0.949088519525
v 0.130909787006 -0.426994444077 0.941635380539
v 0.130988685256 -0.426293117987 0.949010034577
v 0.261149837165 -0.369743808248 0.941544151442
v 0.261074532005 -0.36911022686 0.948918914404
v 0.367323600704 -0.275048542308 0.941449228819
v 0.367122462567 -0.274527095244 0.948824080901
v 0.43903806723 -0.152177918015 0.941359881143
v 0.438751967506 -0.151802140774 0.94873489166
v 0.469273463368 -0.0131595767612 0.941284921383
v 0.468951507608 -0.0129484827731 0.948659971509
v 0.455069757354 0.128398554536 0.94123163757
v 0.454764644199 0.128441896174 0.948606727305
v 0.397817774117 0.258639652679 0.941205238267
v 0.39758048052 0.258528716051 0.948580367611
v 0.30312131048 0.364814913338 0.941208278247
v 0.30299630092 0.36457821859 0.9485834472
v 0.180250237051 0.436531101553 0.941240569367
v 0.180270747602 0.436209370362 0.948615669004
v 0.0412318957971 0.46676821938 0.941298824091
v 0.0414170896008 0.466410707008 0.948673874218
v -0.100325561796 0.45256630991 0.941377437768
v -0.0999727653544 0.452225715 0.948752359165
v -0.230565686811 0.395315748938 0.941468656963
v -0.230058537247 0.395042973586 0.948843518947
v -0.336739525205 0.300620557854 0.941563579586
v -0.336106467809 0.300459916826 0.948938302939
v -0.408453991732 0.177749933561 0.941652887653
v -0.407736047604 0.177734962356 0.949027541691
v -0.438689238158 0.0387316671625 0.941727887022
v -0.43793551285 0.0388812294988 0.949102412331
v -0.42448598128 -0.102826464135 0.941781180737
v -0.423749023722 -0.102509149449 0.949155666437
v -0.432368694903 0.0394499855702 0.983042369484
v -0.418325255636 -0.100514460973 0.983095098773
v -0.418292917834 -0.100502109729 0.983324869746
v -0.432335458828 0.0394541026516 0.983272189968
v -0.402473818819 0.176903237072 0.982968251413
v -0.402442304433 0.176899194846 0.983198071896
v -0.331566674513 0.298390372326 0.982879943469
v -0.331539352064 0.298379218779 0.983109763952
v -0.226588137111 0.392019613626 0.98278607048
v -0.226567027713 0.392002845877 0.983015881062
v -0.0978143667541 0.448625739087 0.982695881116
v -0.0978008926698 0.448605602816 0.982925701599
v 0.0421494809411 0.462667681233 0.982618158638
v 0.0421547208628 0.462646721546 0.982848018731
v 0.179602807298 0.432771008604 0.982560537655
v 0.179599813057 0.432751770606 0.982790397748
v 0.301090541401 0.361862217466 0.982528652526
v 0.301080510694 0.361847171405 0.982758512619
v 0.394720830686 0.2568822578 0.982525602645
v 0.394705185777 0.256873424789 0.982755462737
v 0.451328453267 0.128107364602 0.982551724685
v 0.451309439837 0.128106166906 0.982781545169
v 0.465372117101 -0.011857081941 0.982604424268
v 0.465352280255 -0.0118498957627 0.982834264556
v 0.435477166161 -0.149310333442 0.982678581948
v 0.435459200716 -0.149295062813 0.982908392529
v 0.364570021855 -0.270797693265 0.98276687999
v 0.364556173491 -0.270775161602 0.982996690571
v 0.259591634166 -0.364426859709 0.982860713369
v 0.259583923996 -0.364398863556 0.983090523951
v 0.130817788953 -0.421032910314 0.982950942343
v 0.130817714097 -0.421001620496 0.983180713315
v -0.00914620845449 -0.435074927316 0.983028635113
v -0.00913797429184 -0.435042739225 0.983258445695
v -0.146599534812 -0.405178254687 0.983086285803
v -0.146583141343 -0.405147863141 0.983316056776
v -0.268087418627 -0.334269388693 0.983118170932
v -0.268063913835 -0.334243189084 0.983347951807
v -0.361717782767 -0.229289429027 0.983121220814
v -0.361688663774 -0.229269442468 0.983351001689
v -0.418325255636 -0.100514460973 0.983095098773
v -0.418292917834 -0.100502109729 0.983324869746
v -0.420957492869 -0.101620683298 0.949923286063
v -0.364137503748 -0.230974887267 0.949946358222
v -0.359134725942 -0.227636757726 0.950529232242
v -0.415199268068 -0.0997995859425 0.950513052024
v -0.357020118116 -0.226385314714 0.982541713547
v -0.41292918428 -0.099367067835 0.982527216705
v -0.410100375127 -0.098765599681 0.982229516545
v -0.354557354921 -0.224862892895 0.982237893818
v -0.27014880382 -0.336375612644 0.949942803327
v -0.266380776132 -0.331693068909 0.950524588103
v -0.264556534824 -0.330020485906 0.982537148626
v -0.262705644771 -0.327793219763 0.982232606036
v -0.148194941254 -0.407563242473 0.949910621132
v -0.146026811371 -0.401961242193 0.950492534637
v -0.144584410642 -0.400031379035 0.982505253595
v -0.143528042429 -0.397333343356 0.982200720907
v -0.010214104495 -0.437576465931 0.949852722887
v -0.00985539442727 -0.431584690334 0.950435369156
v -0.00884670950188 -0.42955137615 0.982448236647
v -0.00868966156321 -0.426655720568 0.982143981221
v 0.130287209454 -0.423478830903 0.949774762756
v 0.128803862479 -0.417668132028 0.950358428953
v 0.129369923734 -0.415688265046 0.98237163312
v 0.128610958505 -0.412886404062 0.98206794212
v 0.259555852987 -0.36664888593 0.949684375347
v 0.256378214762 -0.361569380699 0.950269566485
v 0.25653563698 -0.359801655689 0.982282919185
v 0.254933643208 -0.357376919355 0.981980069873
v 0.36493838835 -0.272642370268 0.949590650892
v 0.360381003888 -0.268757941463 0.950178218561
v 0.36020172371 -0.267375350697 0.982191818817
v 0.357911803075 -0.265581351222 0.981890326108
v 0.436122574802 -0.150603920396 0.949505165079
v 0.430642215562 -0.148140408641 0.950100416866
v 0.430215536224 -0.147553836836 0.982115898542
v 0.427457316302 -0.146633032883 0.981820931393
v 0.46612337216 -0.0127674060507 0.949407311401
v 0.460230780795 -0.0124163312974 0.949954369113
v 0.459751253104 -0.0115516693625 0.982000735794
v 0.456804620569 -0.0113915523268 0.981684310547
v 0.452018176673 0.127591082604 0.949377951336
v 0.446294685067 0.12579895453 0.949975173664
v 0.445899295547 0.126932349591 0.981990358274
v 0.443053194653 0.126316434225 0.981696123888
v 0.395198112696 0.256944987148 0.949348541761
v 0.390229768661 0.253635602321 0.949939357356
v 0.389989480823 0.253949922766 0.981953423016
v 0.387509201319 0.25241275431 0.981653455248
v 0.301209412768 0.362345712526 0.949351056923
v 0.297475594283 0.357691838648 0.94994071396
v 0.297525897531 0.357585019102 0.981954947957
v 0.295657266601 0.355342931467 0.981654168208
v 0.179255550202 0.433533267498 0.949382912345
v 0.177121704378 0.42795986222 0.949971806912
v 0.177553848205 0.427595837375 0.981986031006
v 0.176479739115 0.424882980204 0.98168490468
v 0.0412747882989 0.463546565812 0.949440731373
v 0.0409503622903 0.457583385217 0.950028813957
v 0.0418162219216 0.457115759634 0.982042859812
v 0.0416414331052 0.454205432271 0.981741238375
v -0.0992264507936 0.449448930785 0.949518780623
v -0.0977088197601 0.443666752055 0.950105902693
v -0.096400336458 0.443252723386 0.982119700992
v -0.0956591121068 0.440436115765 0.981817643858
v -0.228495094327 0.392618985812 0.949609484903
v -0.22528302233 0.387568150438 0.950195735578
v -0.223565974849 0.387366114029 0.982209167495
v -0.221981721953 0.384926631058 0.98190670437
v -0.333877479978 0.298612545006 0.949704199579
v -0.329285811457 0.294756860914 0.950290361134
v -0.327232061578 0.294940033605 0.982303317746
v -0.324959732109 0.293131212638 0.982001062567
v -0.405061591574 0.176574244845 0.949796072321
v -0.399546499138 0.17413992694 0.950387808822
v -0.397245125532 0.175119118592 0.982401725948
v -0.394504272208 0.17418379257 0.982104718943
v -0.435063661484 0.0387366076601 0.949846959798
v -0.429139331165 0.0384122565075 0.950388284128
v -0.426783312661 0.0391149300062 0.982433254597
v -0.423855319276 0.0389393177735 0.982113928002
v -0.420957492869 -0.101620683298 0.949923286063
v -0.415199268068 -0.0997995859425 0.950513052024
v -0.41292918428 -0.099367067835 0.982527216705
v -0.410100375127 -0.098765599681 0.982229516545
v -0.34480616008 -0.218697526178 0.933928229961
v -0.398667090567 -0.0961707156039 0.933903385307
v -0.375983993561 -0.0902076098642 0.933889244945
v -0.325076058371 -0.206016765975 0.933912713192
v -0.255718808045 -0.318583757969 0.933925338515
v -0.34480616008 -0.218697526178 0.933928229961
v -0.325076058371 -0.206016765975 0.933912713192
v -0.240873061912 -0.300426680751 0.933909950474
v -0.240873061912 -0.300426680751 0.933909950474
v -0.140125536707 -0.386052091381 0.933895008034
v -0.140125536707 -0.386052091381 0.933895008034
v -0.255718808045 -0.318583757969 0.933925338515
v -0.255718808045 -0.318583757969 0.933925338515
v -0.240873061912 -0.300426680751 0.933909950474
v -0.240873061912 -0.300426680751 0.933909950474
v -0.131617326147 -0.364196003731 0.933881313272
v -0.131617326147 -0.364196003731 0.933881313272
v -0.00934150782149 -0.414498129118 0.93384015967
v -0.140125536707 -0.386052091381 0.933895008034
v -0.131617326147 -0.364196003731 0.933881313272
v -0.131617326147 -0.364196003731 0.933881313272
v -0.0080036061019 -0.391082565916 0.933829455377
v -0.0080036061019 -0.391082565916 0.933829455377
v -0.0080036061019 -0.391082565916 0.933829455377
v 0.123831251651 -0.40113760136 0.933766239643
v -0.00934150782149 -0.414498129118 0.93384015967
v -0.0080036061019 -0.391082565916 0.933829455377
v -0.0080036061019 -0.391082565916 0.933829455377
v 0.117867996199 -0.378454429498 0.933759595258
v 0.117867996199 -0.378454429498 0.933759595258
v 0.117867996199 -0.378454429498 0.933759595258
v 0.246357014241 -0.347278018281 0.933680417155
v 0.246357014241 -0.347278018281 0.933680417155
v 0.123831251651 -0.40113760136 0.933766239643
v 0.123831251651 -0.40113760136 0.933766239643
v 0.117867996199 -0.378454429498 0.933759595258
v 0.117867996199 -0.378454429498 0.933759595258
v 0.117867996199 -0.378454429498 0.933759595258
v 0.23367602947 -0.32754776686 0.933678456517
v 0.23367602947 -0.32754776686 0.933678456517
v 0.346241823767 -0.258191714231 0.933591118989
v 0.346241823767 -0.258191714231 0.933591118989
v 0.246357014241 -0.347278018281 0.933680417155
v 0.246357014241 -0.347278018281 0.933680417155
v 0.23367602947 -0.32754776686 0.933678456517
v 0.23367602947 -0.32754776686 0.933678456517
v 0.328084671693 -0.243345668673 0.933594079751
v 0.328084671693 -0.243345668673 0.933594079751
v 0.413708510347 -0.142599041741 0.933507088802
v 0.346241823767 -0.258191714231 0.933591118989
v 0.328084671693 -0.243345668673 0.933594079751
v 0.328084671693 -0.243345668673 0.933594079751
v 0.391852497552 -0.134090382044 0.933514634289
v 0.391852497552 -0.134090382044 0.933514634289
v 0.391852497552 -0.134090382044 0.933514634289
v 0.442152976107 -0.0118150128554 0.93343654543
v 0.413708510347 -0.142599041741 0.933507088802
v 0.391852497552 -0.134090382044 0.933514634289
v 0.391852497552 -0.134090382044 0.933514634289
v 0.418737338049 -0.0104768117117 0.933447962682
v 0.418737338049 -0.0104768117117 0.933447962682
v 0.42879072666 0.121358270609 0.933386380814
v 0.442152976107 -0.0118150128554 0.93343654543
v 0.418737338049 -0.0104768117117 0.933447962682
v 0.406107629655 0.115395239726 0.933400560784
v 0.374929721317 0.243884931471 0.933361536159
v 0.42879072666 0.121358270609 0.933386380814
v 0.406107629655 0.115395239726 0.933400560784
v 0.355199619608 0.231204171269 0.933377082635
v 0.355199619608 0.231204171269 0.933377082635
v 0.285842444138 0.343771163262 0.933364457312
v 0.374929721317 0.243884931471 0.933361536159
v 0.355199619608 0.231204171269 0.933377082635
v 0.270996698005 0.3256141609 0.933379805744
v 0.270996698005 0.3256141609 0.933379805744
v 0.170249247657 0.411239421818 0.933394797696
v 0.285842444138 0.343771163262 0.933364457312
v 0.270996698005 0.3256141609 0.933379805744
v 0.16174096224 0.389383334168 0.933408492458
v 0.16174096224 0.389383334168 0.933408492458
v 0.0394652936272 0.439685534411 0.933449636157
v 0.0394652936272 0.439685534411 0.933449636157
v 0.170249247657 0.411239421818 0.933394797696
v 0.170249247657 0.411239421818 0.933394797696
v 0.16174096224 0.389383334168 0.933408492458
v 0.16174096224 0.389383334168 0.933408492458
v 0.0381273170516 0.416269896353 0.93346034045
v 0.0381273170516 0.416269896353 0.93346034045
v 0.0381273170516 0.416269896353 0.93346034045
v -0.0937074658453 0.426324931797 0.933523556184
v -0.0937074658453 0.426324931797 0.933523556184
v 0.0394652936272 0.439685534411 0.933449636157
v 0.0394652936272 0.439685534411 0.933449636157
v 0.0381273170516 0.416269896353 0.93346034045
v 0.0381273170516 0.416269896353 0.93346034045
v -0.0877440606815 0.403641834792 0.933530210471
v -0.0877440606815 0.403641834792 0.933530210471
v -0.216233153579 0.372465423574 0.933609378672
v -0.216233153579 0.372465423574 0.933609378672
v -0.0937074658453 0.426324931797 0.933523556184
v -0.0937074658453 0.426324931797 0.933523556184
v -0.0877440606815 0.403641834792 0.933530210471
v -0.0877440606815 0.403641834792 0.933530210471
v -0.203552243664 0.352735247009 0.93361133931
v -0.203552243664 0.352735247009 0.93361133931
v -0.316118037961 0.28337919438 0.93369868674
v -0.216233153579 0.372465423574 0.933609378672
v -0.216233153579 0.372465423574 0.933609378672
v -0.203552243664 0.352735247009 0.93361133931
v -0.297960811032 0.268533148823 0.933695725978
v -0.297960811032 0.268533148823 0.933695725978
v -0.383584724541 0.167786521891 0.933782707025
v -0.316118037961 0.28337919438 0.93369868674
v -0.297960811032 0.268533148823 0.933695725978
v -0.297960811032 0.268533148823 0.933695725978
v -0.361728562035 0.15927793705 0.933775181342
v -0.361728562035 0.15927793705 0.933775181342
v -0.412029115445 0.0370025678607 0.933853260299
v -0.383584724541 0.167786521891 0.933782707025
v -0.361728562035 0.15927793705 0.933775181342
v -0.388613552244 0.035664291861 0.933841843047
v -0.388613552244 0.035664291861 0.933841843047
v -0.398667090567 -0.0961707156039 0.933903385307
v -0.412029115445 0.0370025678607 0.933853260299
v -0.388613552244 0.035664291861 0.933841843047
v -0.375983993561 -0.0902076098642 0.933889244945
v -0.321601765722 -0.20377976855 0.934623286163
v -0.371992894922 -0.0891465257219 0.934600055569
v -0.370135866675 -0.0883404011979 0.953567498842
v -0.319914211514 -0.202588210357 0.953590650219
v -0.238253625059 -0.297231151936 0.934620563054
v -0.238253625059 -0.297231151936 0.934620563054
v -0.321601765722 -0.20377976855 0.934623286163
v -0.321601765722 -0.20377976855 0.934623286163
v -0.319914211514 -0.202588210357 0.953590650219
v -0.236846406661 -0.295725273299 0.953587976621
v -0.130107180716 -0.360353045163 0.934592193211
v -0.238253625059 -0.297231151936 0.934620563054
v -0.236846406661 -0.295725273299 0.953587976621
v -0.129063612883 -0.358634949697 0.953559685996
v -0.0077484967716 -0.386966607428 0.934540870036
v -0.130107180716 -0.360353045163 0.934592193211
v -0.130107180716 -0.360353045163 0.934592193211
v -0.129063612883 -0.358634949697 0.953559685996
v -0.0071164125037 -0.385158984157 0.953508560865
v 0.116845013773 -0.374466624524 0.934471712974
v -0.0077484967716 -0.386966607428 0.934540870036
v -0.0071164125037 -0.385158984157 0.953508560865
v 0.11705820373 -0.372701070338 0.953439611749
v 0.231477358329 -0.324076842733 0.934391415921
v 0.116845013773 -0.374466624524 0.934471712974
v 0.11705820373 -0.372701070338 0.953439611749
v 0.231304890049 -0.322480762586 0.953359591958
v 0.324927544019 -0.240729675197 0.934307890747
v 0.231477358329 -0.324076842733 0.934391415921
v 0.231477358329 -0.324076842733 0.934391415921
v 0.231304890049 -0.322480762586 0.953359591958
v 0.32444083015 -0.239413856005 0.953276294535
v 0.388047790413 -0.13258367999 0.934229247363
v 0.388047790413 -0.13258367999 0.934229247363
v 0.324927544019 -0.240729675197 0.934307890747
v 0.324927544019 -0.240729675197 0.934307890747
v 0.32444083015 -0.239413856005 0.953276294535
v 0.387348859716 -0.131631511363 0.953197977924
v 0.387348859716 -0.131631511363 0.953197977924
v 0.414659705846 -0.0102251457585 0.934163249107
v 0.388047790413 -0.13258367999 0.934229247363
v 0.387348859716 -0.131631511363 0.953197977924
v 0.413871322199 -0.00968446069613 0.953132187615
v 0.402158375533 0.114368813922 0.934116332418
v 0.402158375533 0.114368813922 0.934116332418
v 0.414659705846 -0.0102251457585 0.934163249107
v 0.414659705846 -0.0102251457585 0.934163249107
v 0.413871322199 -0.00968446069613 0.953132187615
v 0.40141191126 0.114490529818 0.953085429361
v 0.351767246333 0.22900205675 0.934093091921
v 0.402158375533 0.114368813922 0.934116332418
v 0.402158375533 0.114368813922 0.934116332418
v 0.40141191126 0.114490529818 0.953085429361
v 0.351190330955 0.228738338977 0.953062268082
v 0.268419030814 0.322453440137 0.934095824933
v 0.351767246333 0.22900205675 0.934093091921
v 0.351190330955 0.228738338977 0.953062268082
v 0.268122526102 0.321875401918 0.953064951582
v 0.160272661327 0.385575333363 0.934124184873
v 0.268419030814 0.322453440137 0.934095824933
v 0.268122526102 0.321875401918 0.953064951582
v 0.160339732324 0.38478500346 0.953093281816
v 0.0379140522388 0.412188895629 0.934175508048
v 0.0379140522388 0.412188895629 0.934175508048
v 0.160272661327 0.385575333363 0.934124184873
v 0.160272661327 0.385575333363 0.934124184873
v 0.160339732324 0.38478500346 0.953093281816
v 0.0383926068011 0.411308963065 0.953144397045
v -0.0866794583061 0.399688912724 0.93424466511
v 0.0379140522388 0.412188895629 0.934175508048
v 0.0383926068011 0.411308963065 0.953144397045
v -0.0857819345765 0.398851124102 0.953213356063
v -0.201311728006 0.349299130933 0.934324962163
v -0.0866794583061 0.399688912724 0.93424466511
v -0.0866794583061 0.399688912724 0.93424466511
v -0.0857819345765 0.398851124102 0.953213356063
v -0.200028695752 0.348630816349 0.953293365951
v -0.29476183884 0.265952038254 0.934408487338
v -0.201311728006 0.349299130933 0.934324962163
v -0.200028695752 0.348630816349 0.953293365951
v -0.293164560996 0.265563984625 0.953376623766
v -0.35788216009 0.157806192759 0.934487140624
v -0.29476183884 0.265952038254 0.934408487338
v -0.293164560996 0.265563984625 0.953376623766
v -0.356072665418 0.157781714839 0.953454989888
v -0.384494075523 0.0354475836711 0.93455313888
v -0.35788216009 0.157806192759 0.934487140624
v -0.35788216009 0.157806192759 0.934487140624
v -0.356072665418 0.157781714839 0.953454989888
v -0.382595053046 0.0358345893159 0.953520740588
v -0.371992894922 -0.0891465257219 0.934600055569
v -0.384494075523 0.0354475836711 0.93455313888
v -0.382595053046 0.0358345893159 0.953520740588
v -0.370135866675 -0.0883404011979 0.953567498842
v -0.425218297764 -0.103141832565 0.934451799622
v -0.367898794393 -0.233536310701 0.934478248435
v -0.273090870137 -0.339836730633 0.934475158945
v -0.150075100013 -0.411637356443 0.934442867825
v -0.010892973778 -0.441910105737 0.934384484371
v 0.130831263037 -0.427691503374 0.934305801379
v 0.261224693189 -0.370373497123 0.934214493065
v 0.367523466288 -0.275566695708 0.934119451615
v 0.439322445266 -0.152551449576 0.934030034623
v 0.469593323159 -0.0133693981969 0.933954946135
v 0.455372999108 0.12835536261 0.933901583104
v 0.398053495737 0.258749840747 0.93387513429
v 0.303245646337 0.36505003611 0.933878223781
v 0.180229876213 0.436850736776 0.933910524803
v 0.0410478996897 0.467123411214 0.933968898354
v -0.100676337125 0.452904883707 0.934047581346
v -0.231069767277 0.395586877457 0.934138889661
v -0.337368540376 0.300780150897 0.934233931111
v -0.409167519354 0.177764979622 0.934323348103
v -0.439438322391 0.0385829282425 0.934398436591
v -0.425218297764 -0.103141832565 0.934451799622
v -0.423700442162 -0.102488189762 0.949642340449
v -0.437885733594 0.038891110494 0.949589096244
v -0.407688738597 0.177733914372 0.949514215703
v -0.336064698148 0.30044928727 0.949424996755
v -0.230025076604 0.395024933284 0.949330192958
v -0.0999494851309 0.452203183337 0.949239082688
v 0.0414292911327 0.466387127361 0.949160587838
v 0.18027209501 0.436188186107 0.949102382624
v 0.302987991901 0.364562573681 0.949070170722
v 0.397564835611 0.258521455017 0.949067081231
v 0.454744507929 0.128444740703 0.949093490436
v 0.468930323353 -0.0129345595526 0.949146695032
v 0.438733028932 -0.151777288574 0.949221615182
v 0.36710921305 -0.274492736329 0.949310804423
v 0.261069516651 -0.369068532054 0.949405588415
v 0.130993850322 -0.426246856964 0.949496708588
v -0.0103848510861 -0.440430651275 0.949575193536
v -0.149227804676 -0.410231784877 0.949633408652
v -0.271943851279 -0.338606172452 0.949665630456
v -0.366520545277 -0.232564904076 0.949668700142
v -0.423700442162 -0.102488189762 0.949642340449
v -0.425271520397 -0.103164738508 0.933920011124
v -0.367947076529 -0.233570370192 0.933946450035
v -0.273131067822 -0.339879847702 0.933943370446
v -0.150104742999 -0.411686611707 0.933911079327
v -0.0109107146557 -0.441961831249 0.933852745384
v 0.130825648835 -0.42774203119 0.933774012881
v 0.261230157679 -0.370419159298 0.933682704566
v 0.367538063213 -0.275604198576 0.933587673019
v 0.439343030672 -0.152578472601 0.933498206516
v 0.469616603382 -0.0133845939698 0.933423157636
v 0.455395006779 0.128352218657 0.933369784703
v 0.39807056291 0.258757775485 0.933343345792
v 0.303254703915 0.36506717814 0.93334642538
v 0.180228453948 0.436874017 0.933378726402
v 0.0410345004614 0.467149236543 0.933437060345
v -0.100701788174 0.452929436483 0.933515743337
v -0.231106297017 0.395606639447 0.933607101163
v -0.337414202551 0.300791678725 0.93370213271
v -0.409219244867 0.177766102462 0.933791559604
v -0.439492742721 0.0385721489751 0.933866638191
v -0.425271520397 -0.103164738508 0.933920011124
v -0.419763464428 -0.101716723577 0.933916575056
v -0.433806828839 0.0382471989742 0.933863875473
v -0.433806828839 0.0382471989742 0.933863875473
v -0.433806828839 0.0382471989742 0.933863875473
v -0.403912027611 0.175699926483 0.933789757401
v -0.403912027611 0.175699926483 0.933789757401
v -0.403912027611 0.175699926483 0.933789757401
v -0.403912027611 0.175699926483 0.933789757401
v -0.403912027611 0.175699926483 0.933789757401
v -0.333005107873 0.297186762314 0.933701419751
v -0.333005107873 0.297186762314 0.933701419751
v -0.333005107873 0.297186762314 0.933701419751
v -0.333005107873 0.297186762314 0.933701419751
v -0.228027094464 0.390815554478 0.933607586371
v -0.228027094464 0.390815554478 0.933607586371
v -0.228027094464 0.390815554478 0.933607586371
v -0.228027094464 0.390815554478 0.933607586371
v -0.0992536983864 0.447421380514 0.933517397007
v -0.0992536983864 0.447421380514 0.933517397007
v -0.0992536983864 0.447421380514 0.933517397007
v -0.0992536983864 0.447421380514 0.933517397007
v 0.0407096253166 0.46146332266 0.933439664627
v 0.0407096253166 0.46146332266 0.933439664627
v 0.0407096253166 0.46146332266 0.933439664627
v 0.0407096253166 0.46146332266 0.933439664627
v 0.178162427682 0.431566724888 0.933382053546
v 0.178162427682 0.431566724888 0.933382053546
v 0.178162427682 0.431566724888 0.933382053546
v 0.178162427682 0.431566724888 0.933382053546
v 0.299649712649 0.360658158317 0.933350158515
v 0.299649712649 0.360658158317 0.933350158515
v 0.299649712649 0.360658158317 0.933350158515
v 0.299649712649 0.360658158317 0.933350158515
v 0.393279627653 0.255678572932 0.933347108633
v 0.393279627653 0.255678572932 0.933347108633
v 0.393279627653 0.255678572932 0.933347108633
v 0.449887025666 0.126904278582 0.933373200967
v 0.449887025666 0.126904278582 0.933373200967
v 0.449887025666 0.126904278582 0.933373200967
v 0.449887025666 0.126904278582 0.933373200967
v 0.463930614644 -0.0130596439689 0.933425920354
v 0.463930614644 -0.0130596439689 0.933425920354
v 0.463930614644 -0.0130596439689 0.933425920354
v 0.434035888272 -0.150512446334 0.933500038426
v 0.434035888272 -0.150512446334 0.933500038426
v 0.434035888272 -0.150512446334 0.933500038426
v 0.434035888272 -0.150512446334 0.933500038426
v 0.363128968534 -0.271999282165 0.933588385978
v 0.363128968534 -0.271999282165 0.933588385978
v 0.363128968534 -0.271999282165 0.933588385978
v 0.258150880269 -0.365628149185 0.933682219358
v 0.258150880269 -0.365628149185 0.933682219358
v 0.258150880269 -0.365628149185 0.933682219358
v 0.129377484192 -0.422234050077 0.933772408723
v 0.129377484192 -0.422234050077 0.933772408723
v 0.129377484192 -0.422234050077 0.933772408723
v 0.129377484192 -0.422234050077 0.933772408723
v -0.0105858395109 -0.436275917367 0.933850141102
v -0.0105858395109 -0.436275917367 0.933850141102
v -0.0105858395109 -0.436275917367 0.933850141102
v -0.0105858395109 -0.436275917367 0.933850141102
v -0.148038716732 -0.406379394451 0.933907752183
v -0.148038716732 -0.406379394451 0.933907752183
v -0.148038716732 -0.406379394451 0.933907752183
v -0.148038716732 -0.406379394451 0.933907752183
v -0.269526076555 -0.335470753024 0.933939647214
v -0.269526076555 -0.335470753024 0.933939647214
v -0.269526076555 -0.335470753024 0.933939647214
v -0.363156066415 -0.230491167639 0.933942687194
v -0.363156066415 -0.230491167639 0.933942687194
v -0.363156066415 -0.230491167639 0.933942687194
v -0.419763464428 -0.101716723577 0.933916575056
v -0.425271520397 -0.103164738508 0.933920011124
v -0.439492742721 0.0385721489751 0.933866638191
v -0.439492742721 0.0385721489751 0.933866638191
v -0.439492742721 0.0385721489751 0.933866638191
v -0.409219244867 0.177766102462 0.933791559604
v -0.409219244867 0.177766102462 0.933791559604
v -0.409219244867 0.177766102462 0.933791559604
v -0.337414202551 0.300791678725 0.93370213271
v -0.337414202551 0.300791678725 0.93370213271
v -0.337414202551 0.300791678725 0.93370213271
v -0.231106297017 0.395606639447 0.933607101163
v -0.231106297017 0.395606639447 0.933607101163
v -0.231106297017 0.395606639447 0.933607101163
v -0.100701788174 0.452929436483 0.933515743337
v -0.100701788174 0.452929436483 0.933515743337
v -0.100701788174 0.452929436483 0.933515743337
v 0.0410345004614 0.467149236543 0.933437060345
v 0.0410345004614 0.467149236543 0.933437060345
v 0.0410345004614 0.467149236543 0.933437060345
v 0.180228453948 0.436874017 0.933378726402
v 0.180228453948 0.436874017 0.933378726402
v 0.303254703915 0.36506717814 0.93334642538
v 0.303254703915 0.36506717814 0.93334642538
v 0.303254703915 0.36506717814 0.93334642538
v 0.39807056291 0.258757775485 0.933343345792
v 0.39807056291 0.258757775485 0.933343345792
v 0.39807056291 0.258757775485 0.933343345792
v 0.455395006779 0.128352218657 0.933369784703
v 0.455395006779 0.128352218657 0.933369784703
v 0.455395006779 0.128352218657 0.933369784703
v 0.469616603382 -0.0133845939698 0.933423157636
v 0.469616603382 -0.0133845939698 0.933423157636
v 0.469616603382 -0.0133845939698 0.933423157636
v 0.439343030672 -0.152578472601 0.933498206516
v 0.439343030672 -0.152578472601 0.933498206516
v 0.439343030672 -0.152578472601 0.933498206516
v 0.367538063213 -0.275604198576 0.933587673019
v 0.367538063213 -0.275604198576 0.933587673019
v 0.367538063213 -0.275604198576 0.933587673019
v 0.261230157679 -0.370419159298 0.933682704566
v 0.261230157679 -0.370419159298 0.933682704566
v 0.261230157679 -0.370419159298 0.933682704566
v 0.130825648835 -0.42774203119 0.933774012881
v 0.130825648835 -0.42774203119 0.933774012881
v -0.0109107146557 -0.441961831249 0.933852745384
v -0.0109107146557 -0.441961831249 0.933852745384
v -0.0109107146557 -0.441961831249 0.933852745384
v -0.150104742999 -0.411686611707 0.933911079327
v -0.150104742999 -0.411686611707 0.933911079327
v -0.150104742999 -0.411686611707 0.933911079327
v -0.273131067822 -0.339879847702 0.933943370446
v -0.273131067822 -0.339879847702 0.933943370446
v -0.273131067822 -0.339879847702 0.933943370446
v -0.367947076529 -0.233570370192 0.933946450035
v -0.367947076529 -0.233570370192 0.933946450035
v -0.425271520397 -0.103164738508 0.933920011124
v -0.372062735592 -0.0891767675557 0.933886799098
v -0.321665243631 -0.203824607308 0.933910039594
v -0.321665243631 -0.203824607308 0.933910039594
v -0.321665243631 -0.203824607308 0.933910039594
v -0.238306623124 -0.297287743091 0.933907306583
v -0.238306623124 -0.297287743091 0.933907306583
v -0.238306623124 -0.297287743091 0.933907306583
v -0.130146405272 -0.360417645912 0.933878907034
v -0.130146405272 -0.360417645912 0.933878907034
v -0.130146405272 -0.360417645912 0.933878907034
v -0.00777230098728 -0.387034576698 0.933827623468
v -0.00777230098728 -0.387034576698 0.933827623468
v -0.00777230098728 -0.387034576698 0.933827623468
v 0.116837004179 -0.374533021817 0.933758426796
v 0.116837004179 -0.374533021817 0.933758426796
v 0.116837004179 -0.374533021817 0.933758426796
v 0.231483795947 -0.324136877264 0.933678129744
v 0.231483795947 -0.324136877264 0.933678129744
v 0.231483795947 -0.324136877264 0.933678129744
v 0.324945808889 -0.240779229885 0.933594555058
v 0.324945808889 -0.240779229885 0.933594555058
v 0.324945808889 -0.240779229885 0.933594555058
v 0.388073990021 -0.13261946117 0.933515941381
v 0.388073990021 -0.13261946117 0.933515941381
v 0.388073990021 -0.13261946117 0.933515941381
v 0.414689423687 -0.0102454317411 0.933449923321
v 0.414689423687 -0.0102454317411 0.933449923321
v 0.40218629683 0.114364322561 0.933403006631
v 0.40218629683 0.114364322561 0.933403006631
v 0.40218629683 0.114364322561 0.933403006631
v 0.351788879724 0.229012012601 0.933379766135
v 0.351788879724 0.229012012601 0.933379766135
v 0.351788879724 0.229012012601 0.933379766135
v 0.268430259217 0.32247522324 0.933382489244
v 0.268430259217 0.32247522324 0.933382489244
v 0.268430259217 0.32247522324 0.933382489244
v 0.160270116222 0.385604976349 0.933410849184
v 0.160270116222 0.385604976349 0.933410849184
v 0.160270116222 0.385604976349 0.933410849184
v 0.0378960119369 0.412221907135 0.933462182262
v 0.0378960119369 0.412221907135 0.933462182262
v 0.0378960119369 0.412221907135 0.933462182262
v -0.086713218373 0.399720427111 0.93353136903
v -0.086713218373 0.399720427111 0.93353136903
v -0.086713218373 0.399720427111 0.93353136903
v -0.201360010141 0.349324282557 0.933611666083
v -0.201360010141 0.349324282557 0.933611666083
v -0.201360010141 0.349324282557 0.933611666083
v -0.294821873371 0.265966635179 0.933695240769
v -0.294821873371 0.265966635179 0.933695240769
v -0.294821873371 0.265966635179 0.933695240769
v -0.357950204216 0.157807016175 0.933773854446
v -0.357950204216 0.157807016175 0.933773854446
v -0.357950204216 0.157807016175 0.933773854446
v -0.384565563026 0.0354330616024 0.933839832897
v -0.384565563026 0.0354330616024 0.933839832897
v -0.372062735592 -0.0891767675557 0.933886799098
v -0.423700442162 -0.102488189762 0.949642340449
v -0.366520545277 -0.232564904076 0.949668700142
v -0.271943851279 -0.338606172452 0.949665630456
v -0.149227804676 -0.410231784877 0.949633408652
v -0.0103848510861 -0.440430651275 0.949575193536
v 0.130993850322 -0.426246856964 0.949496708588
v 0.261069516651 -0.369068532054 0.949405588415
v 0.36710921305 -0.274492736329 0.949310804423
v 0.438733028932 -0.151777288574 0.949221615182
v 0.468930323353 -0.0129345595526 0.949146695032
v 0.454744507929 0.128444740703 0.949093490436
v 0.397564835611 0.258521455017 0.949067081231
v 0.302987991901 0.364562573681 0.949070170722
v 0.18027209501 0.436188186107 0.949102382624
v 0.0414292911327 0.466387127361 0.949160587838
v -0.0999494851309 0.452203183337 0.949239082688
v -0.230025076604 0.395024933284 0.949330192958
v -0.336064698148 0.30044928727 0.949424996755
v -0.407688738597 0.177733914372 0.949514215703
v -0.437885733594 0.038891110494 0.949589096244
v -0.423700442162 -0.102488189762 0.949642340449
v -0.356945187236 -0.226181182336 0.95121143537
v -0.264728404255 -0.329650098298 0.951206345632
v -0.145070825087 -0.399517043293 0.951174292165
v -0.00968696837294 -0.428970643114 0.951117443555
v 0.128170430803 -0.415133057915 0.951040998463
v 0.255007301535 -0.359353567529 0.950952779639
v 0.358409445924 -0.267064623341 0.950862421937
v 0.428268381324 -0.147076405114 0.95078805631
v 0.457678714363 -0.0122531451648 0.950621758529
v 0.443817175236 0.125047998895 0.950663664698
v 0.388080277928 0.25221356243 0.950624996553
v 0.295863270379 0.355682178968 0.950625867948
v 0.176205691211 0.425549049107 0.95065660442
v 0.0408219842088 0.45500279864 0.950713294595
v -0.0970353401108 0.441165138584 0.950789947633
v -0.223872210843 0.38538579791 0.950879414136
v -0.32727420552 0.293097003435 0.950974000084
v -0.397132467216 0.173109384056 0.951073883716
v -0.426548189889 0.0382815578893 0.951053098969
v -0.412681560552 -0.0990150199534 0.951198334741
v -0.412681560552 -0.0990150199534 0.951198334741
v -0.357010536545 -0.226219433765 0.950776728177
v -0.264780728616 -0.329704892908 0.950771628537
v -0.14510615713 -0.399582467458 0.950739614679
v -0.00970306241813 -0.429040558641 0.950682736362
v 0.128174023892 -0.415200802616 0.950606281368
v 0.255028934926 -0.359412628932 0.950518062544
v 0.358445900808 -0.267108638683 0.950427665233
v 0.428315316051 -0.147094445415 0.950353151073
v 0.457728793044 -0.0122672929533 0.950186675052
v 0.443864484243 0.125038043044 0.950228739657
v 0.388120176188 0.252230479891 0.950190239849
v 0.295890218548 0.355715789323 0.950191081537
v 0.176215572206 0.425593289017 0.950221857618
v 0.0408126272058 0.4550513802 0.950278508184
v -0.0970643093921 0.441211549319 0.950355190929
v -0.223919220427 0.385423600202 0.950444697041
v -0.327336111452 0.29311968481 0.950539253282
v -0.397204778135 0.173106165247 0.950639057697
v -0.426623794473 0.038274521423 0.95061809471
v -0.412754245751 -0.0990263232131 0.950763459211
v -0.412754245751 -0.0990263232131 0.950763459211
v -0.352322378608 -0.223481200401 0.981962206279
v -0.407533112923 -0.0982197495529 0.981959314833
v -0.407533112923 -0.0982197495529 0.981959314833
v -0.421197930419 0.0387798744421 0.981824129808
v -0.392016581957 0.173335000112 0.981835190581
v -0.322897448644 0.291489545172 0.981726741534
v -0.22054373773 0.382712614432 0.981632224902
v -0.0949863061618 0.43787978254 0.981543510967
v 0.04148281319 0.451563987747 0.981467511475
v 0.175504889112 0.422420815857 0.981411544161
v 0.293961253661 0.35330797045 0.98138121368
v 0.385258056105 0.251017662588 0.98138121368
v 0.440470062972 0.125757409436 0.981429051276
v 0.454130389107 -0.011246256784 0.981397116636
v 0.424953831431 -0.145797340229 0.981553205234
v 0.355833425565 -0.263953082985 0.981616718035
v 0.253479639794 -0.355176301957 0.981705144805
v 0.127922058515 -0.410343470065 0.981792313995
v -0.00854713569324 -0.424027824984 0.981867848083
v -0.142569361328 -0.394884578239 0.981924260996
v -0.261025725877 -0.325771807687 0.981956156027
v -0.359361165415 -0.227832581085 0.982830501714
v -0.415618386947 -0.0999388930035 0.982810231882
v -0.415618386947 -0.0999388930035 0.982810231882
v -0.429566833919 0.039281933796 0.98273682677
v -0.399850938589 0.176008183591 0.982684067774
v -0.329392181867 0.296659551336 0.982590670092
v -0.225072078054 0.389685228513 0.982496678278
v -0.0971050310693 0.445930323369 0.982406845393
v 0.0419823274392 0.459882587998 0.982329568515
v 0.178574959231 0.430174926831 0.98227234362
v 0.299302380696 0.359716619246 0.98224085458
v 0.392347370728 0.25541126207 0.982238577071
v 0.44860496654 0.127517948268 0.982270155231
v 0.462552440384 -0.0117038516596 0.98230159476
v 0.432837667894 -0.148429203182 0.982396309437
v 0.362378686604 -0.269080870351 0.982478408693
v 0.258058582792 -0.362106622385 0.982570885469
v 0.13009146095 -0.418351792097 0.982660302461
v -0.008995897558 -0.432304056726 0.982737470414
v -0.145588679062 -0.402596395558 0.982794804233
v -0.266316250239 -0.332137938261 0.982826689362
v -0.432266740998 0.0394625613823 0.983746367385
v -0.418225846836 -0.100476508969 0.983799086772
v -0.418158850695 -0.100450983065 0.98427326419
v -0.432198023168 0.039471020113 0.984220584411
v -0.402377179692 0.176890885828 0.983672249314
v -0.402312129807 0.176882501953 0.98414646634
v -0.331482910622 0.298356088267 0.98358394137
v -0.331426544035 0.298332957756 0.984058158396
v -0.226523536363 0.391968187538 0.983490147599
v -0.226479970157 0.391933678911 0.983964364625
v -0.0977730462288 0.448564057723 0.983399958234
v -0.0977451249318 0.448522662342 0.983874175261
v 0.0421655001302 0.46260352962 0.983322235757
v 0.0421762045417 0.462560337694 0.98379648249
v 0.179593824575 0.432712246625 0.983264614774
v 0.179587761238 0.432672722645 0.983738881311
v 0.301059700719 0.361816255867 0.983232729645
v 0.301038815889 0.361785340329 0.983706976378
v 0.39467292283 0.256855384487 0.983229729274
v 0.394640585028 0.256837344186 0.983703936398
v 0.45127021528 0.128103921225 0.983255801804
v 0.451230990723 0.128101525833 0.983730058439
v 0.46531133401 -0.0118351491259 0.983308481582
v 0.46527046262 -0.0118204773452 0.983782748119
v 0.43542184756 -0.149263548427 0.983382609556
v 0.435384644116 -0.149232034041 0.983856866191
v 0.36452757849 -0.270728825723 0.9834709175
v 0.364498983488 -0.270682414988 0.983945134526
v 0.259568129375 -0.364341074705 0.983564750879
v 0.259552334753 -0.364283285855 0.984038967905
v 0.130817639241 -0.420936870035 0.983654940244
v 0.130817564385 -0.42087219443 0.984129117661
v -0.00912098197435 -0.434976341932 0.983732633014
v -0.00910391480085 -0.434909944638 0.984206840138
v -0.14654930642 -0.405085133793 0.983790234193
v -0.146515546353 -0.405022329589 0.98426441161
v -0.26801525742 -0.334189068179 0.983822139126
v -0.267966601004 -0.334134947273 0.984296316544
v -0.361628554386 -0.229228121943 0.983825179106
v -0.361568444999 -0.229186876274 0.984299346621
v -0.418225846836 -0.100476508969 0.983799086772
v -0.418158850695 -0.100450983065 0.98427326419
v -0.412754245751 -0.0990263232131 0.950763459211
v -0.426623794473 0.038274521423 0.95061809471
v -0.397204778135 0.173106165247 0.950639057697
v -0.327336111452 0.29311968481 0.950539253282
v -0.223919220427 0.385423600202 0.950444697041
v -0.0970643093921 0.441211549319 0.950355190929
v 0.0408126272058 0.4550513802 0.950278508184
v 0.176215572206 0.425593289017 0.950221857618
v 0.295890218548 0.355715789323 0.950191081537
v 0.388120176188 0.252230479891 0.950190239849
v 0.443864484243 0.125038043044 0.950228739657
v 0.457728793044 -0.0122672929533 0.950186675052
v 0.428315316051 -0.147094445415 0.950353151073
v 0.358445900808 -0.267108638683 0.950427665233
v 0.255028934926 -0.359412628932 0.950518062544
v 0.128174023892 -0.415200802616 0.950606281368
v -0.00970306241813 -0.429040558641 0.950682736362
v -0.14510615713 -0.399582467458 0.950739614679
v -0.264780728616 -0.329704892908 0.950771628537
v -0.357010536545 -0.226219433765 0.950776728177
v -0.412754245751 -0.0990263232131 0.950763459211
v -0.352322378608 -0.223481200401 0.981962206279
v -0.261025725877 -0.325771807687 0.981956156027
v -0.142569361328 -0.394884578239 0.981924260996
v -0.00854713569324 -0.424027824984 0.981867848083
v 0.127922058515 -0.410343470065 0.981792313995
v 0.253479639794 -0.355176301957 0.981705144805
v 0.355833425565 -0.263953082985 0.981616718035
v 0.424953831431 -0.145797340229 0.981553205234
v 0.454130389107 -0.011246256784 0.981397116636
v 0.440470062972 0.125757409436 0.981429051276
v 0.385258056105 0.251017662588 0.98138121368
v 0.293961253661 0.35330797045 0.98138121368
v 0.175504889112 0.422420815857 0.981411544161
v 0.04148281319 0.451563987747 0.981467511475
v -0.0949863061618 0.43787978254 0.981543510967
v -0.22054373773 0.382712614432 0.981632224902
v -0.322897448644 0.291489545172 0.981726741534
v -0.392016581957 0.173335000112 0.981835190581
v -0.421197930419 0.0387798744421 0.981824129808
v -0.407533112923 -0.0982197495529 0.981959314833
v -0.407533112923 -0.0982197495529 0.981959314833
v -0.361717782767 -0.229289429027 0.983121220814
v -0.418325255636 -0.100514460973 0.983095098773
v -0.418325255636 -0.100514460973 0.983095098773
v -0.432368694903 0.0394499855702 0.983042369484
v -0.402473818819 0.176903237072 0.982968251413
v -0.331566674513 0.298390372326 0.982879943469
v -0.226588137111 0.392019613626 0.98278607048
v -0.0978143667541 0.448625739087 0.982695881116
v 0.0421494809411 0.462667681233 0.982618158638
v 0.179602807298 0.432771008604 0.982560537655
v 0.301090541401 0.361862217466 0.982528652526
v 0.394720830686 0.2568822578 0.982525602645
v 0.451328453267 0.128107364602 0.982551724685
v 0.465372117101 -0.011857081941 0.982604424268
v 0.435477166161 -0.149310333442 0.982678581948
v 0.364570021855 -0.270797693265 0.98276687999
v 0.259591634166 -0.364426859709 0.982860713369
v 0.130817788953 -0.421032910314 0.982950942343
v -0.00914620845449 -0.435074927316 0.983028635113
v -0.146599534812 -0.405178254687 0.983086285803
v -0.268087418627 -0.334269388693 0.983118170932
v -0.418091929409 -0.10042545716 0.984747451509
v -0.432129305337 0.0394795536998 0.984694761829
v -0.402247154778 0.17687426779 0.984620643757
v -0.331370252305 0.298309752388 0.984532375422
v -0.226436329095 0.391899170283 0.984438581652
v -0.0977172784908 0.448481117248 0.984348392287
v 0.0421869838092 0.462516996056 0.984270709418
v 0.179581847612 0.432633198664 0.984213128044
v 0.301017931058 0.361754424791 0.984181242915
v 0.394608247225 0.256819229028 0.984178193034
v 0.451191766167 0.12809913044 0.984204275465
v 0.465229516375 -0.0118057307084 0.984256965146
v 0.435347290959 -0.149200519655 0.984331083217
v 0.364470313631 -0.270636079109 0.984419351552
v 0.259536540132 -0.36422557186 0.984513184932
v 0.130817489529 -0.420807518825 0.984603334687
v -0.00908692248337 -0.434843547345 0.984681017556
v -0.14648171143 -0.404959600241 0.984738589028
v -0.267917869732 -0.334080901224 0.984770493961
v -0.361508485324 -0.229145555748 0.984773524039
v -0.418091929409 -0.10042545716 0.984747451509
v -0.372062735592 -0.0891767675557 0.933886799098
v -0.384565563026 0.0354330616024 0.933839832897
v -0.384565563026 0.0354330616024 0.933839832897
v -0.384565563026 0.0354330616024 0.933839832897
v -0.357950204216 0.157807016175 0.933773854446
v -0.357950204216 0.157807016175 0.933773854446
v -0.294821873371 0.265966635179 0.933695240769
v -0.294821873371 0.265966635179 0.933695240769
v -0.201360010141 0.349324282557 0.933611666083
v -0.201360010141 0.349324282557 0.933611666083
v -0.201360010141 0.349324282557 0.933611666083
v -0.086713218373 0.399720427111 0.93353136903
v -0.086713218373 0.399720427111 0.93353136903
v 0.0378960119369 0.412221907135 0.933462182262
v 0.0378960119369 0.412221907135 0.933462182262
v 0.0378960119369 0.412221907135 0.933462182262
v 0.160270116222 0.385604976349 0.933410849184
v 0.160270116222 0.385604976349 0.933410849184
v 0.268430259217 0.32247522324 0.933382489244
v 0.268430259217 0.32247522324 0.933382489244
v 0.351788879724 0.229012012601 0.933379766135
v 0.351788879724 0.229012012601 0.933379766135
v 0.351788879724 0.229012012601 0.933379766135
v 0.40218629683 0.114364322561 0.933403006631
v 0.40218629683 0.114364322561 0.933403006631
v 0.40218629683 0.114364322561 0.933403006631
v 0.414689423687 -0.0102454317411 0.933449923321
v 0.414689423687 -0.0102454317411 0.933449923321
v 0.388073990021 -0.13261946117 0.933515941381
v 0.388073990021 -0.13261946117 0.933515941381
v 0.388073990021 -0.13261946117 0.933515941381
v 0.324945808889 -0.240779229885 0.933594555058
v 0.324945808889 -0.240779229885 0.933594555058
v 0.324945808889 -0.240779229885 0.933594555058
v 0.231483795947 -0.324136877264 0.933678129744
v 0.231483795947 -0.324136877264 0.933678129744
v 0.116837004179 -0.374533021817 0.933758426796
v 0.116837004179 -0.374533021817 0.933758426796
v -0.00777230098728 -0.387034576698 0.933827623468
v -0.00777230098728 -0.387034576698 0.933827623468
v -0.00777230098728 -0.387034576698 0.933827623468
v -0.130146405272 -0.360417645912 0.933878907034
v -0.130146405272 -0.360417645912 0.933878907034
v -0.238306623124 -0.297287743091 0.933907306583
v -0.238306623124 -0.297287743091 0.933907306583
v -0.321665243631 -0.203824607308 0.933910039594
v -0.321665243631 -0.203824607308 0.933910039594
v -0.372062735592 -0.0891767675557 0.933886799098
v -0.317519193021 -0.20089706306 0.980510106016
v -0.317519193021 -0.20089706306 0.980510106016
v -0.367500335777 -0.0871963017248 0.980487063564
v -0.367500335777 -0.0871963017248 0.980487063564
v -0.367419940407 -0.0871614936736 0.981307254044
v -0.367419940407 -0.0871614936736 0.981307254044
v -0.317446133542 -0.200845487259 0.981330286594
v -0.234849098224 -0.293588133809 0.980507412614
v -0.234849098224 -0.293588133809 0.980507412614
v -0.317519193021 -0.20089706306 0.980510106016
v -0.317446133542 -0.200845487259 0.981330286594
v -0.317446133542 -0.200845487259 0.981330286594
v -0.234788240277 -0.293523083924 0.981327603094
v -0.234788240277 -0.293523083924 0.981327603094
v -0.127582511589 -0.35619651471 0.980479250718
v -0.234849098224 -0.293588133809 0.980507412614
v -0.234788240277 -0.293523083924 0.981327603094
v -0.234788240277 -0.293523083924 0.981327603094
v -0.127537373407 -0.356122182678 0.981299431295
v -0.127537373407 -0.356122182678 0.981299431295
v -0.00621926305428 -0.382593518498 0.980428373142
v -0.127582511589 -0.35619651471 0.980479250718
v -0.127537373407 -0.356122182678 0.981299431295
v -0.00619201546149 -0.382515443664 0.981248543818
v 0.117360622068 -0.370195339786 0.980359780506
v -0.00621926305428 -0.382593518498 0.980428373142
v -0.00619201546149 -0.382515443664 0.981248543818
v 0.117369829359 -0.370118911785 0.981179961084
v 0.231060335418 -0.320215469583 0.980280117195
v 0.231060335418 -0.320215469583 0.980280117195
v 0.117360622068 -0.370195339786 0.980359780506
v 0.117360622068 -0.370195339786 0.980359780506
v 0.117369829359 -0.370118911785 0.981179961084
v 0.117369829359 -0.370118911785 0.981179961084
v 0.231052849816 -0.320146452329 0.981100307675
v 0.231052849816 -0.320146452329 0.981100307675
v 0.323750133615 -0.237546273058 0.980197275273
v 0.231060335418 -0.320215469583 0.980280117195
v 0.231052849816 -0.320146452329 0.981100307675
v 0.231052849816 -0.320146452329 0.981100307675
v 0.323729099072 -0.237489457336 0.981017495459
v 0.323729099072 -0.237489457336 0.981017495459
v 0.386356867684 -0.130280210415 0.980119255729
v 0.386356867684 -0.130280210415 0.980119255729
v 0.323750133615 -0.237546273058 0.980197275273
v 0.323750133615 -0.237546273058 0.980197275273
v 0.323729099072 -0.237489457336 0.981017495459
v 0.323729099072 -0.237489457336 0.981017495459
v 0.386326700706 -0.130238964746 0.980939525427
v 0.386326700706 -0.130238964746 0.980939525427
v 0.412752374351 -0.00891703673656 0.980053831802
v 0.386356867684 -0.130280210415 0.980119255729
v 0.386326700706 -0.130238964746 0.980939525427
v 0.41271831486 -0.00889375651305 0.980874051988
v 0.400352623662 0.114663222665 0.980007271592
v 0.412752374351 -0.00891703673656 0.980053831802
v 0.41271831486 -0.00889375651305 0.980874051988
v 0.41271831486 -0.00889375651305 0.980874051988
v 0.400320360716 0.114668462587 0.980827551191
v 0.400320360716 0.114668462587 0.980827551191
v 0.350371480907 0.228363759432 0.979984239042
v 0.350371480907 0.228363759432 0.979984239042
v 0.400352623662 0.114663222665 0.980007271592
v 0.400352623662 0.114663222665 0.980007271592
v 0.400320360716 0.114668462587 0.980827551191
v 0.400320360716 0.114668462587 0.980827551191
v 0.350346553851 0.228352456173 0.980804498837
v 0.267701460966 0.321054979894 0.979986922542
v 0.350371480907 0.228363759432 0.979984239042
v 0.350346553851 0.228352456173 0.980804498837
v 0.350346553851 0.228352456173 0.980804498837
v 0.267688660586 0.321029903126 0.980807192239
v 0.267688660586 0.321029903126 0.980807192239
v 0.160434874331 0.383663136227 0.980015084439
v 0.160434874331 0.383663136227 0.980015084439
v 0.267701460966 0.321054979894 0.979986922542
v 0.267688660586 0.321029903126 0.980807192239
v 0.267688660586 0.321029903126 0.980807192239
v 0.160437793716 0.38362900188 0.980835314527
v 0.160437793716 0.38362900188 0.980835314527
v 0.0390717755082 0.41006021487 0.980065971916
v 0.0390717755082 0.41006021487 0.980065971916
v 0.160434874331 0.383663136227 0.980015084439
v 0.160437793716 0.38362900188 0.980835314527
v 0.160437793716 0.38362900188 0.980835314527
v 0.0390924357709 0.41002218801 0.980886192102
v 0.0390924357709 0.41002218801 0.980886192102
v -0.0845081096136 0.397661961302 0.980134574454
v 0.0390717755082 0.41006021487 0.980065971916
v 0.0390924357709 0.41002218801 0.980886192102
v -0.0844692593371 0.397625656131 0.980954794641
v -0.198207673252 0.347682165955 0.980214217961
v -0.198207673252 0.347682165955 0.980214217961
v -0.0845081096136 0.397661961302 0.980134574454
v -0.0844692593371 0.397625656131 0.980954794641
v -0.0844692593371 0.397625656131 0.980954794641
v -0.198152279794 0.34765327153 0.98103444805
v -0.198152279794 0.34765327153 0.98103444805
v -0.290897621161 0.265013193999 0.980297069785
v -0.198207673252 0.347682165955 0.980214217961
v -0.198152279794 0.34765327153 0.98103444805
v -0.290828529051 0.26499642625 0.981117289972
v -0.290828529051 0.26499642625 0.981117289972
v -0.35350435523 0.157747131356 0.980375039818
v -0.290897621161 0.265013193999 0.980297069785
v -0.290828529051 0.26499642625 0.981117289972
v -0.353426055828 0.157746083372 0.981195269906
v -0.379899787041 0.0363839576772 0.980440513257
v -0.379899787041 0.0363839576772 0.980440513257
v -0.35350435523 0.157747131356 0.980375039818
v -0.353426055828 0.157746083372 0.981195269906
v -0.353426055828 0.157746083372 0.981195269906
v -0.379817669982 0.0364007254266 0.981260693834
v -0.379817669982 0.0364007254266 0.981260693834
v -0.367500335777 -0.0871963017248 0.980487063564
v -0.367500335777 -0.0871963017248 0.980487063564
v -0.379899787041 0.0363839576772 0.980440513257
v -0.379817669982 0.0364007254266 0.981260693834
v -0.379817669982 0.0364007254266 0.981260693834
v -0.367419940407 -0.0871614936736 0.981307254044
v -0.367419940407 -0.0871614936736 0.981307254044
v -0.367350324304 -0.0871312518398 0.982018688508
v -0.317382880201 -0.200800798213 0.982041770569
v -0.317382880201 -0.200800798213 0.982041770569
v -0.317382880201 -0.200800798213 0.982041770569
v -0.23473546678 -0.29346649277 0.98203904746
v -0.23473546678 -0.29346649277 0.98203904746
v -0.23473546678 -0.29346649277 0.98203904746
v -0.12749814885 -0.356057731641 0.98201091527
v -0.12749814885 -0.356057731641 0.98201091527
v -0.00616821124581 -0.38244754925 0.981960037695
v -0.00616821124581 -0.38244754925 0.981960037695
v 0.117377838953 -0.37005273906 0.981891445059
v 0.117377838953 -0.37005273906 0.981891445059
v 0.117377838953 -0.37005273906 0.981891445059
v 0.231046412198 -0.320086567509 0.981811831258
v 0.231046412198 -0.320086567509 0.981811831258
v 0.231046412198 -0.320086567509 0.981811831258
v 0.323710834202 -0.23744005236 0.981728979434
v 0.323710834202 -0.23744005236 0.981728979434
v 0.323710834202 -0.23744005236 0.981728979434
v 0.386300501097 -0.130203333279 0.98165104901
v 0.386300501097 -0.130203333279 0.98165104901
v 0.41268874673 -0.00887339567448 0.981585585474
v 0.41268874673 -0.00887339567448 0.981585585474
v 0.41268874673 -0.00887339567448 0.981585585474
v 0.400292364563 0.114673103661 0.981539074775
v 0.400292364563 0.114673103661 0.981539074775
v 0.35032492046 0.228342500321 0.981516032323
v 0.35032492046 0.228342500321 0.981516032323
v 0.35032492046 0.228342500321 0.981516032323
v 0.267677581895 0.321008269735 0.981518715823
v 0.267677581895 0.321008269735 0.981518715823
v 0.160440338821 0.383599358894 0.981546887622
v 0.160440338821 0.383599358894 0.981546887622
v 0.0391104012167 0.409989176503 0.981597715686
v 0.0391104012167 0.409989176503 0.981597715686
v -0.0844355741262 0.397594366313 0.981666318224
v -0.0844355741262 0.397594366313 0.981666318224
v -0.0844355741262 0.397594366313 0.981666318224
v -0.198104072515 0.347628269618 0.981745932024
v -0.198104072515 0.347628269618 0.981745932024
v -0.198104072515 0.347628269618 0.981745932024
v -0.290768569376 0.264981829325 0.981828783849
v -0.290768569376 0.264981829325 0.981828783849
v -0.353358161414 0.157745110243 0.981906743979
v -0.353358161414 0.157745110243 0.981906743979
v -0.353358161414 0.157745110243 0.981906743979
v -0.379746481903 0.0364152474953 0.981972177809
v -0.379746481903 0.0364152474953 0.981972177809
v -0.367350324304 -0.0871312518398 0.982018688508
v -0.418024933267 -0.100399931256 0.985221628927
v -0.432060662363 0.0394879375745 0.985168939246
v -0.402182104893 0.176865958772 0.985094850881
v -0.331313810863 0.298286621877 0.985006592448
v -0.226392762888 0.391864511944 0.984912798678
v -0.0976895069058 0.448439647011 0.984822648922
v 0.0421976882206 0.46247380413 0.984744966054
v 0.179575709418 0.432593450115 0.984687394582
v 0.300997046227 0.361723584109 0.984655489648
v 0.394576059135 0.25680111387 0.984652449669
v 0.451152616466 0.128096735047 0.9846785321
v 0.46518857013 -0.0117909840717 0.984731221781
v 0.435310087515 -0.149169005269 0.984805300243
v 0.36444171863 -0.27058974323 0.984893568578
v 0.259520745511 -0.364167708154 0.984987401958
v 0.130817414673 -0.42074284322 0.985077541811
v -0.00906993016588 -0.434777150052 0.985155194973
v -0.146447951363 -0.404896796036 0.985212815956
v -0.267869288172 -0.334026780318 0.985244661476
v -0.36144830108 -0.229104310079 0.985247701456
v -0.418024933267 -0.100399931256 0.985221628927
v 0.049052628632 0.457120999555 0.949055297597
v 0.0327942744672 0.458050187383 0.949063239172
v 0.0335956082057 0.455564218821 0.982905946682
v 0.0498541120825 0.454635030994 0.982898015009
v 0.0498541120825 0.454635030994 0.982898015009
v 0.0335956082057 0.455564218821 0.982905946682
v 0.022610561518 0.443418080343 0.982894370994
v 0.0593829096764 0.441316497465 0.982876457889
v 0.0593829096764 0.441316497465 0.982876457889
v 0.022610561518 0.443418080343 0.982894370994
v 0.0218091529235 0.445904048905 0.949051693191
v 0.0585814262259 0.443802466027 0.949033750379
v 0.0585814262259 0.443802466027 0.949033750379
v 0.0218091529235 0.445904048905 0.949051693191
v 0.0327942744672 0.458050187383 0.949063239172
v 0.049052628632 0.457120999555 0.949055297597
v 0.0327942744672 0.458050187383 0.949063239172
v 0.0218091529235 0.445904048905 0.949051693191
v 0.022610561518 0.443418080343 0.982894370994
v 0.0335956082057 0.455564218821 0.982905946682
v 0.0585814262259 0.443802466027 0.949033750379
v 0.049052628632 0.457120999555 0.949055297597
v 0.0498541120825 0.454635030994 0.982898015009
v 0.0593829096764 0.441316497465 0.982876457889
v 0.0179890254431 0.458378655617 0.949070685637
v 0.00170536994214 0.458171454142 0.949079142128
v 0.00273838307538 0.455680320515 0.982921691203
v 0.0190220385764 0.45588752199 0.982913284223
v 0.0190220385764 0.45588752199 0.982913284223
v 0.00273838307538 0.455680320515 0.982921691203
v -0.00737264467435 0.442797523903 0.982910036297
v 0.0294565940625 0.443266272326 0.982890964633
v 0.0294565940625 0.443266272326 0.982890964633
v -0.00737264467435 0.442797523903 0.982910036297
v -0.0084056578076 0.44528865753 0.949067437711
v 0.0284236557852 0.445757331098 0.949048366047
v 0.0284236557852 0.445757331098 0.949048366047
v 0.0284236557852 0.445757331098 0.949048366047
v -0.0084056578076 0.44528865753 0.949067437711
v 0.00170536994214 0.458171454142 0.949079142128
v 0.00170536994214 0.458171454142 0.949079142128
v 0.0179890254431 0.458378655617 0.949070685637
v 0.00170536994214 0.458171454142 0.949079142128
v -0.0084056578076 0.44528865753 0.949067437711
v -0.00737264467435 0.442797523903 0.982910036297
v 0.00273838307538 0.455680320515 0.982921691203
v 0.0284236557852 0.445757331098 0.949048366047
v 0.0179890254431 0.458378655617 0.949070685637
v 0.0190220385764 0.45588752199 0.982913284223
v 0.0294565940625 0.443266272326 0.982890964633
v -0.0130866295656 0.457466310395 0.949086994584
v -0.0293161641612 0.456123692746 0.949095896674
v -0.0280516962012 0.45364363781 0.98293831702
v -0.0118222364618 0.454986255459 0.982929424832
v -0.0118222364618 0.454986255459 0.982929424832
v -0.0280516962012 0.45364363781 0.98293831702
v -0.0372395994612 0.440086912412 0.98292646407
v -0.000532675467837 0.443123521888 0.982906352673
v -0.000532675467837 0.443123521888 0.982906352673
v -0.0372395994612 0.440086912412 0.98292646407
v -0.0385039925651 0.442567042204 0.94908402392
v -0.00179706857172 0.44560365168 0.949063912523
v -0.00179706857172 0.44560365168 0.949063912523
v -0.0385039925651 0.442567042204 0.94908402392
v -0.0293161641612 0.456123692746 0.949095896674
v -0.0130866295656 0.457466310395 0.949086994584
v -0.0293161641612 0.456123692746 0.949095896674
v -0.0385039925651 0.442567042204 0.94908402392
v -0.0372395994612 0.440086912412 0.98292646407
v -0.0280516962012 0.45364363781 0.98293831702
v -0.00179706857172 0.44560365168 0.949063912523
v -0.0130866295656 0.457466310395 0.949086994584
v -0.0118222364618 0.454986255459 0.982929424832
v -0.000532675467837 0.443123521888 0.982906352673
v -0.0440229775135 0.454388530106 0.949104174925
v -0.060119268386 0.451917158469 0.949113473104
v -0.0586247678639 0.449464126557 0.982955784525
v -0.0425284769913 0.451935573051 0.982946486346
v -0.0425284769913 0.451935573051 0.982946486346
v -0.0586247678639 0.449464126557 0.982955784525
v -0.0668446330195 0.4352996451 0.98294368402
v -0.0304389296673 0.440889368991 0.98292266162
v -0.0304389296673 0.440889368991 0.98292266162
v -0.0668446330195 0.4352996451 0.98294368402
v -0.0683391335416 0.437752527299 0.949101372598
v -0.0319334301895 0.443342326047 0.949080300687
v -0.0319334301895 0.443342326047 0.949080300687
v -0.0683391335416 0.437752527299 0.949101372598
v -0.060119268386 0.451917158469 0.949113473104
v -0.0440229775135 0.454388530106 0.949104174925
v -0.060119268386 0.451917158469 0.949113473104
v -0.0683391335416 0.437752527299 0.949101372598
v -0.0668446330195 0.4352996451 0.98294368402
v -0.0586247678639 0.449464126557 0.982955784525
v -0.0319334301895 0.443342326047 0.949080300687
v -0.0440229775135 0.454388530106 0.949104174925
v -0.0425284769913 0.451935573051 0.982946486346
v -0.0304389296673 0.440889368991 0.98292266162
v -0.0746692583677 0.449160211099 0.94912208803
v -0.0905538564039 0.445571987582 0.9491317922
v -0.0888317935684 0.443162147596 0.982973935284
v -0.0729471206761 0.44675044597 0.982964280625
v -0.0729471206761 0.44675044597 0.982964280625
v -0.0729471206761 0.44675044597 0.982964280625
v -0.0888317935684 0.443162147596 0.982973935284
v -0.0960434977908 0.428458777621 0.982961567418
v -0.0960434977908 0.428458777621 0.982961567418
v -0.0601165735691 0.436574443191 0.982939683525
v -0.0601165735691 0.436574443191 0.982939683525
v -0.0960434977908 0.428458777621 0.982961567418
v -0.0977656354824 0.430868542751 0.949119364921
v -0.0618386364046 0.438984283177 0.94909749093
v -0.0618386364046 0.438984283177 0.94909749093
v -0.0977656354824 0.430868542751 0.949119364921
v -0.0905538564039 0.445571987582 0.9491317922
v -0.0746692583677 0.449160211099 0.94912208803
v -0.0905538564039 0.445571987582 0.9491317922
v -0.0977656354824 0.430868542751 0.949119364921
v -0.0960434977908 0.428458777621 0.982961567418
v -0.0888317935684 0.443162147596 0.982973935284
v -0.0618386364046 0.438984283177 0.94909749093
v -0.0746692583677 0.449160211099 0.94912208803
v -0.0729471206761 0.44675044597 0.982964280625
v -0.0601165735691 0.436574443191 0.982939683525
v -0.104875984648 0.441806879279 0.949140714094
v -0.120471713287 0.437119245335 0.949150695526
v -0.118525531515 0.434768391897 0.982992739588
v -0.102929877732 0.439455950985 0.982982758156
v -0.102929877732 0.439455950985 0.982982758156
v -0.102929877732 0.439455950985 0.982982758156
v -0.118525531515 0.434768391897 0.982992739588
v -0.124694117041 0.419597770619 0.982980025145
v -0.124694117041 0.419597770619 0.982980025145
v -0.0894208356224 0.430199779031 0.982957438195
v -0.0894208356224 0.430199779031 0.982957438195
v -0.124694117041 0.419597770619 0.982980025145
v -0.126640298813 0.421948624057 0.949138000888
v -0.0913669425382 0.432550782181 0.949115364427
v -0.0913669425382 0.432550782181 0.949115364427
v -0.126640298813 0.421948624057 0.949138000888
v -0.120471713287 0.437119245335 0.949150695526
v -0.104875984648 0.441806879279 0.949140714094
v -0.120471713287 0.437119245335 0.949150695526
v -0.126640298813 0.421948624057 0.949138000888
v -0.124694117041 0.419597770619 0.982980025145
v -0.118525531515 0.434768391897 0.982992739588
v -0.0913669425382 0.432550782181 0.949115364427
v -0.104875984648 0.441806879279 0.949140714094
v -0.102929877732 0.439455950985 0.982982758156
v -0.0894208356224 0.430199779031 0.982957438195
v -0.134496288835 0.432364240969 0.949159954096
v -0.149727019501 0.426600252254 0.94917021279
v -0.147561434722 0.424323655991 0.983012128123
v -0.132330778913 0.430087644707 0.983001859527
v -0.132330778913 0.430087644707 0.983001859527
v -0.147561434722 0.424323655991 0.983012128123
v -0.15265680943 0.408759741163 0.982999017591
v -0.118208965389 0.421796516616 0.982975786998
v -0.118208965389 0.421796516616 0.982975786998
v -0.15265680943 0.408759741163 0.982999017591
v -0.154822319352 0.411036262569 0.949157102258
v -0.120374550168 0.424073112879 0.949133871665
v -0.120374550168 0.424073112879 0.949133871665
v -0.120374550168 0.424073112879 0.949133871665
v -0.154822319352 0.411036262569 0.949157102258
v -0.149727019501 0.426600252254 0.94917021279
v -0.149727019501 0.426600252254 0.94917021279
v -0.134496288835 0.432364240969 0.949159954096
v -0.149727019501 0.426600252254 0.94917021279
v -0.154822319352 0.411036262569 0.949157102258
v -0.15265680943 0.408759741163 0.982999017591
v -0.147561434722 0.424323655991 0.983012128123
v -0.120374550168 0.424073112879 0.949133871665
v -0.134496288835 0.432364240969 0.949159954096
v -0.132330778913 0.430087644707 0.983001859527
v -0.118208965389 0.421796516616 0.982975786998
v -0.163385698803 0.42087840748 0.949179659502
v -0.163385698803 0.42087840748 0.949179659502
v -0.178177174318 0.41406598529 0.949190165751
v -0.175797950447 0.411878991689 0.983031912746
v -0.175797950447 0.411878991689 0.983031912746
v -0.161006549787 0.418691413878 0.983021416399
v -0.161006549787 0.418691413878 0.983021416399
v -0.175797950447 0.411878991689 0.983031912746
v -0.179795262136 0.395997537606 0.98301837642
v -0.146340832392 0.411405527336 0.982994660617
v -0.146340832392 0.411405527336 0.982994660617
v -0.179795262136 0.395997537606 0.98301837642
v -0.182174486008 0.398184606063 0.949176619522
v -0.148720056264 0.413592520938 0.94915290372
v -0.148720056264 0.413592520938 0.94915290372
v -0.182174486008 0.398184606063 0.949176619522
v -0.178177174318 0.41406598529 0.949190165751
v -0.163385698803 0.42087840748 0.949179659502
v -0.178177174318 0.41406598529 0.949190165751
v -0.182174486008 0.398184606063 0.949176619522
v -0.179795262136 0.395997537606 0.98301837642
v -0.175797950447 0.411878991689 0.983031912746
v -0.148720056264 0.413592520938 0.94915290372
v -0.163385698803 0.42087840748 0.949179659502
v -0.161006549787 0.418691413878 0.983021416399
v -0.146340832392 0.411405527336 0.982994660617
v -0.191403560081 0.407405371118 0.949199780801
v -0.205683768952 0.399577676672 0.949210435583
v -0.203097717886 0.397494882657 0.983052024143
v -0.188817434159 0.405322502246 0.983041379263
v -0.188817434159 0.405322502246 0.983041379263
v -0.188817434159 0.405322502246 0.983041379263
v -0.203097717886 0.397494882657 0.983052024143
v -0.205977429135 0.381373365304 0.983038042217
v -0.205977429135 0.381373365304 0.983038042217
v -0.173679225539 0.399077488719 0.983013930326
v -0.173679225539 0.399077488719 0.983013930326
v -0.205977429135 0.381373365304 0.983038042217
v -0.208563480201 0.38345615932 0.949196453657
v -0.176265426318 0.401160282735 0.949172331864
v -0.176265426318 0.401160282735 0.949172331864
v -0.176265426318 0.401160282735 0.949172331864
v -0.208563480201 0.38345615932 0.949196453657
v -0.205683768952 0.399577676672 0.949210435583
v -0.205683768952 0.399577676672 0.949210435583
v -0.191403560081 0.407405371118 0.949199780801
v -0.205683768952 0.399577676672 0.949210435583
v -0.208563480201 0.38345615932 0.949196453657
v -0.205977429135 0.381373365304 0.983038042217
v -0.203097717886 0.397494882657 0.983052024143
v -0.176265426318 0.401160282735 0.949172331864
v -0.191403560081 0.407405371118 0.949199780801
v -0.188817434159 0.405322502246 0.983041379263
v -0.173679225539 0.399077488719 0.983013930326
v -0.218413335282 0.392010705759 0.94922021897
v -0.232112736262 0.383205915631 0.949230992579
v -0.229327493315 0.381241468989 0.983072422703
v -0.215628092336 0.390046259118 0.983061649095
v -0.215628092336 0.390046259118 0.983061649095
v -0.215628092336 0.390046259118 0.983061649095
v -0.229327493315 0.381241468989 0.983072422703
v -0.231075606047 0.364958412337 0.98305791596
v -0.231075606047 0.364958412337 0.98305791596
v -0.200091125676 0.384872360441 0.983033516905
v -0.200091125676 0.384872360441 0.983033516905
v -0.231075606047 0.364958412337 0.98305791596
v -0.23386092385 0.366922784122 0.949216485836
v -0.202876443478 0.386836807082 0.94919208678
v -0.202876443478 0.386836807082 0.94919208678
v -0.202876443478 0.386836807082 0.94919208678
v -0.23386092385 0.366922784122 0.949216485836
v -0.232112736262 0.383205915631 0.949230992579
v -0.232112736262 0.383205915631 0.949230992579
v -0.218413335282 0.392010705759 0.94922021897
v -0.232112736262 0.383205915631 0.949230992579
v -0.23386092385 0.366922784122 0.949216485836
v -0.231075606047 0.364958412337 0.98305791596
v -0.229327493315 0.381241468989 0.983072422703
v -0.202876443478 0.386836807082 0.94919208678
v -0.218413335282 0.392010705759 0.94922021897
v -0.215628092336 0.390046259118 0.983061649095
v -0.200091125676 0.384872360441 0.983033516905
v -0.24428335266 0.374769342286 0.949240805673
v -0.257335174174 0.365030423832 0.9492516585
v -0.254359497502 0.363197873505 0.9830929797
v -0.241307675988 0.372936866814 0.983082116971
v -0.241307675988 0.372936866814 0.983082116971
v -0.254359497502 0.363197873505 0.9830929797
v -0.254967627842 0.346832550081 0.983077918432
v -0.22544778044 0.368859534035 0.983053351039
v -0.22544778044 0.368859534035 0.983053351039
v -0.254967627842 0.346832550081 0.983077918432
v -0.257943304514 0.348664950696 0.949236597232
v -0.228423457112 0.370692009506 0.949212029839
v -0.228423457112 0.370692009506 0.949212029839
v -0.257943304514 0.348664950696 0.949236597232
v -0.257335174174 0.365030423832 0.9492516585
v -0.24428335266 0.374769342286 0.949240805673
v -0.257335174174 0.365030423832 0.9492516585
v -0.257943304514 0.348664950696 0.949236597232
v -0.254967627842 0.346832550081 0.983077918432
v -0.254359497502 0.363197873505 0.9830929797
v -0.228423457112 0.370692009506 0.949212029839
v -0.24428335266 0.374769342286 0.949240805673
v -0.241307675988 0.372936866814 0.983082116971
v -0.22544778044 0.368859534035 0.983053351039
v -0.268887554669 0.355765418867 0.949261550811
v -0.281228243954 0.345139755951 0.949272453149
v -0.27807186484 0.343452201743 0.983113576305
v -0.265731250411 0.354077939515 0.983102713576
v -0.265731250411 0.354077939515 0.983102713576
v -0.265731250411 0.354077939515 0.983102713576
v -0.27807186484 0.343452201743 0.983113576305
v -0.277537018547 0.327084258359 0.983097940709
v -0.277537018547 0.327084258359 0.983097940709
v -0.249625602535 0.351116784911 0.983073343609
v -0.249625602535 0.351116784911 0.983073343609
v -0.277537018547 0.327084258359 0.983097940709
v -0.280693322805 0.328771887423 0.949256787846
v -0.252781981649 0.35280433912 0.949232230356
v -0.252781981649 0.35280433912 0.949232230356
v -0.280693322805 0.328771887423 0.949256787846
v -0.281228243954 0.345139755951 0.949272453149
v -0.268887554669 0.355765418867 0.949261550811
v -0.281228243954 0.345139755951 0.949272453149
v -0.280693322805 0.328771887423 0.949256787846
v -0.277537018547 0.327084258359 0.983097940709
v -0.27807186484 0.343452201743 0.983113576305
v -0.252781981649 0.35280433912 0.949232230356
v -0.268887554669 0.355765418867 0.949261550811
v -0.265731250411 0.354077939515 0.983102713576
v -0.249625602535 0.351116784911 0.983073343609
v -0.292106246527 0.33509145755 0.949282305852
v -0.292106246527 0.33509145755 0.949282305852
v -0.303675694195 0.323630775685 0.949293128972
v -0.300349092482 0.322100419127 0.983134123399
v -0.300349092482 0.322100419127 0.983134123399
v -0.28877971967 0.333561026136 0.983123310181
v -0.28877971967 0.333561026136 0.983123310181
v -0.300349092482 0.322100419127 0.983134123399
v -0.298673814662 0.30580972716 0.983117854061
v -0.272506843436 0.331730796346 0.983093375788
v -0.272506843436 0.331730796346 0.983093375788
v -0.272506843436 0.331730796346 0.983093375788
v -0.298673814662 0.30580972716 0.983117854061
v -0.302000341519 0.307340083717 0.949276899243
v -0.302000341519 0.307340083717 0.949276899243
v -0.275833370294 0.333261078047 0.949252381361
v -0.275833370294 0.333261078047 0.949252381361
v -0.275833370294 0.333261078047 0.949252381361
v -0.302000341519 0.307340083717 0.949276899243
v -0.303675694195 0.323630775685 0.949293128972
v -0.303675694195 0.323630775685 0.949293128972
v -0.292106246527 0.33509145755 0.949282305852
v -0.303675694195 0.323630775685 0.949293128972
v -0.302000341519 0.307340083717 0.949276899243
v -0.298673814662 0.30580972716 0.983117854061
v -0.300349092482 0.322100419127 0.983134123399
v -0.275833370294 0.333261078047 0.949252381361
v -0.292106246527 0.33509145755 0.949282305852
v -0.28877971967 0.333561026136 0.983123310181
v -0.272506843436 0.331730796346 0.983093375788
v -0.313826245926 0.312848139686 0.949302991577
v -0.324568010535 0.300608281466 0.949313725577
v -0.321082714051 0.299246725243 0.983154551666
v -0.310340949441 0.311486433751 0.983143817666
v -0.310340949441 0.311486433751 0.983143817666
v -0.310340949441 0.311486433751 0.983143817666
v -0.321082714051 0.299246725243 0.983154551666
v -0.318275089153 0.283112557222 0.983137648587
v -0.318275089153 0.283112557222 0.983137648587
v -0.293980042524 0.310795737216 0.983113328749
v -0.293980042524 0.310795737216 0.983113328749
v -0.318275089153 0.283112557222 0.983137648587
v -0.321760385637 0.284474263157 0.949296812595
v -0.297465339008 0.312157443151 0.94927250266
v -0.297465339008 0.312157443151 0.94927250266
v -0.297465339008 0.312157443151 0.94927250266
v -0.321760385637 0.284474263157 0.949296812595
v -0.324568010535 0.300608281466 0.949313725577
v -0.324568010535 0.300608281466 0.949313725577
v -0.313826245926 0.312848139686 0.949302991577
v -0.324568010535 0.300608281466 0.949313725577
v -0.321760385637 0.284474263157 0.949296812595
v -0.318275089153 0.283112557222 0.983137648587
v -0.321082714051 0.299246725243 0.983154551666
v -0.297465339008 0.312157443151 0.94927250266
v -0.313826245926 0.312848139686 0.949302991577
v -0.310340949441 0.311486433751 0.983143817666
v -0.293980042524 0.310795737216 0.983113328749
v -0.333941706447 0.289143856799 0.949323380235
v -0.343803463636 0.276184557331 0.949333995409
v -0.340171524201 0.275002281285 0.983174663063
v -0.330309767011 0.287961580754 0.983164087498
v -0.330309767011 0.287961580754 0.983164087498
v -0.340171524201 0.275002281285 0.983174663063
v -0.336245325734 0.259103310893 0.983157076731
v -0.313940551075 0.288413860852 0.983133113373
v -0.313940551075 0.288413860852 0.983133113373
v -0.336245325734 0.259103310893 0.983157076731
v -0.33987726517 0.260285661794 0.949316409077
v -0.317572565366 0.289596211753 0.949292455621
v -0.317572565366 0.289596211753 0.949292455621
v -0.317572565366 0.289596211753 0.949292455621
v -0.33987726517 0.260285661794 0.949316409077
v -0.343803463636 0.276184557331 0.949333995409
v -0.343803463636 0.276184557331 0.949333995409
v -0.333941706447 0.289143856799 0.949323380235
v -0.343803463636 0.276184557331 0.949333995409
v -0.33987726517 0.260285661794 0.949316409077
v -0.336245325734 0.259103310893 0.983157076731
v -0.340171524201 0.275002281285 0.983174663063
v -0.317572565366 0.289596211753 0.949292455621
v -0.333941706447 0.289143856799 0.949323380235
v -0.330309767011 0.287961580754 0.983164087498
v -0.313940551075 0.288413860852 0.983133113373
v -0.352354491843 0.264094186591 0.949343570849
v -0.361288258901 0.250478549502 0.949353987979
v -0.35752255175 0.249485359774 0.983194497197
v -0.348588859548 0.263100996862 0.98318408997
v -0.348588859548 0.263100996862 0.98318408997
v -0.348588859548 0.263100996862 0.98318408997
v -0.35752255175 0.249485359774 0.983194497197
v -0.352496942857 0.233899062994 0.983176237515
v -0.352496942857 0.233899062994 0.983176237515
v -0.33229120597 0.264694082768 0.983152719756
v -0.33229120597 0.264694082768 0.983152719756
v -0.352496942857 0.233899062994 0.983176237515
v -0.356262724863 0.234892252722 0.949335688687
v -0.336056913121 0.265687272497 0.949312161027
v -0.336056913121 0.265687272497 0.949312161027
v -0.336056913121 0.265687272497 0.949312161027
v -0.356262724863 0.234892252722 0.949335688687
v -0.361288258901 0.250478549502 0.949353987979
v -0.361288258901 0.250478549502 0.949353987979
v -0.352354491843 0.264094186591 0.949343570849
v -0.361288258901 0.250478549502 0.949353987979
v -0.356262724863 0.234892252722 0.949335688687
v -0.352496942857 0.233899062994 0.983176237515
v -0.35752255175 0.249485359774 0.983194497197
v -0.336056913121 0.265687272497 0.949312161027
v -0.352354491843 0.264094186591 0.949343570849
v -0.348588859548 0.263100996862 0.98318408997
v -0.33229120597 0.264694082768 0.983152719756
v -0.36897522402 0.237821069523 0.949363325766
v -0.376937434741 0.223615342396 0.949373465633
v -0.373051433959 0.222820146852 0.983213856025
v -0.365089223239 0.237025799123 0.983203716158
v -0.365089223239 0.237025799123 0.983203716158
v -0.373051433959 0.222820146852 0.983213856025
v -0.366950892559 0.207622502549 0.983194863579
v -0.348942479406 0.239752055522 0.983171910247
v -0.348942479406 0.239752055522 0.983171910247
v -0.366950892559 0.207622502549 0.983194863579
v -0.370836818485 0.208417623238 0.949354473187
v -0.352828480188 0.240547176211 0.949331519855
v -0.352828480188 0.240547176211 0.949331519855
v -0.352828480188 0.240547176211 0.949331519855
v -0.370836818485 0.208417623238 0.949354473187
v -0.376937434741 0.223615342396 0.949373465633
v -0.376937434741 0.223615342396 0.949373465633
v -0.36897522402 0.237821069523 0.949363325766
v -0.376937434741 0.223615342396 0.949373465633
v -0.370836818485 0.208417623238 0.949354473187
v -0.366950892559 0.207622502549 0.983194863579
v -0.373051433959 0.222820146852 0.983213856025
v -0.352828480188 0.240547176211 0.949331519855
v -0.36897522402 0.237821069523 0.949363325766
v -0.365089223239 0.237025799123 0.983203716158
v -0.348942479406 0.239752055522 0.983171910247
v -0.383722684194 0.210452509398 0.949382605377
v -0.390674563156 0.195726008912 0.94939245808
v -0.386682416533 0.19513674229 0.983232729645
v -0.37973053757 0.209863242776 0.983222827431
v -0.37973053757 0.209863242776 0.983222827431
v -0.386682416533 0.19513674229 0.983232729645
v -0.379536585611 0.180401558504 0.983212974728
v -0.363813302307 0.213709195585 0.983190655138
v -0.363813302307 0.213709195585 0.983190655138
v -0.379536585611 0.180401558504 0.983212974728
v -0.383528732235 0.180990899982 0.949372742772
v -0.367805448931 0.214298387351 0.949350423182
v -0.367805448931 0.214298387351 0.949350423182
v -0.367805448931 0.214298387351 0.949350423182
v -0.383528732235 0.180990899982 0.949372742772
v -0.390674563156 0.195726008912 0.94939245808
v -0.390674563156 0.195726008912 0.94939245808
v -0.383722684194 0.210452509398 0.949382605377
v -0.390674563156 0.195726008912 0.94939245808
v -0.383528732235 0.180990899982 0.949372742772
v -0.379536585611 0.180401558504 0.983212974728
v -0.386682416533 0.19513674229 0.983232729645
v -0.367805448931 0.214298387351 0.949350423182
v -0.383722684194 0.210452509398 0.949382605377
v -0.37973053757 0.209863242776 0.983222827431
v -0.363813302307 0.213709195585 0.983190655138
v -0.39652501058 0.182121824795 0.949401261148
v -0.402432648005 0.166946263019 0.949410757371
v -0.39834902732 0.166569737218 0.983250880403
v -0.392441389894 0.18174537385 0.98324138418
v -0.392441389894 0.18174537385 0.98324138418
v -0.39834902732 0.166569737218 0.983250880403
v -0.390192789785 0.152369025445 0.983230392723
v -0.376831288899 0.186692234205 0.983208885114
v -0.376831288899 0.186692234205 0.983208885114
v -0.390192789785 0.152369025445 0.983230392723
v -0.394276485326 0.152745551246 0.949390289495
v -0.380914909584 0.187068760007 0.949368781886
v -0.380914909584 0.187068760007 0.949368781886
v -0.394276485326 0.152745551246 0.949390289495
v -0.402432648005 0.166946263019 0.949410757371
v -0.39652501058 0.182121824795 0.949401261148
v -0.402432648005 0.166946263019 0.949410757371
v -0.394276485326 0.152745551246 0.949390289495
v -0.390192789785 0.152369025445 0.983230392723
v -0.39834902732 0.166569737218 0.983250880403
v -0.380914909584 0.187068760007 0.949368781886
v -0.39652501058 0.182121824795 0.949401261148
v -0.392441389894 0.18174537385 0.98324138418
v -0.376831288899 0.186692234205 0.983208885114
v -0.407319922966 0.152967125078 0.949419302982
v -0.412154574142 0.137416384909 0.949428432823
v -0.4079944506 0.137258663267 0.983268387518
v -0.40315987428 0.152809403435 0.983259247774
v -0.40315987428 0.152809403435 0.983259247774
v -0.4079944506 0.137258663267 0.983268387518
v -0.398867629855 0.123661515616 0.983247147269
v -0.387932886416 0.15883321741 0.983226511055
v -0.387932886416 0.15883321741 0.983226511055
v -0.398867629855 0.123661515616 0.983247147269
v -0.403027678541 0.123819312115 0.949407202476
v -0.392093009958 0.158990939053 0.949386516751
v -0.392093009958 0.158990939053 0.949386516751
v -0.403027678541 0.123819312115 0.949407202476
v -0.412154574142 0.137416384909 0.949428432823
v -0.407319922966 0.152967125078 0.949419302982
v -0.412154574142 0.137416384909 0.949428432823
v -0.403027678541 0.123819312115 0.949407202476
v -0.398867629855 0.123661515616 0.983247147269
v -0.4079944506 0.137258663267 0.983268387518
v -0.392093009958 0.158990939053 0.949386516751
v -0.407319922966 0.152967125078 0.949419302982
v -0.40315987428 0.152809403435 0.983259247774
v -0.387932886416 0.15883321741 0.983226511055
v -0.416054797568 0.123130412125 0.949436522932
v -0.419792957702 0.107280322716 0.949445217076
v -0.4155718265 0.107346046305 0.983285052944
v -0.411833666366 0.123196060858 0.9832763588
v -0.411833666366 0.123196060858 0.9832763588
v -0.4155718265 0.107346046305 0.983285052944
v -0.405518662457 0.0944187103587 0.983263050224
v -0.39706404881 0.130267484891 0.983243374525
v -0.39706404881 0.130267484891 0.983243374525
v -0.405518662457 0.0944187103587 0.983263050224
v -0.409739868515 0.0943529867695 0.949423224258
v -0.401285254867 0.130201836158 0.949403558462
v -0.401285254867 0.130201836158 0.949403558462
v -0.401285254867 0.130201836158 0.949403558462
v -0.409739868515 0.0943529867695 0.949423224258
v -0.419792957702 0.107280322716 0.949445217076
v -0.419792957702 0.107280322716 0.949445217076
v -0.416054797568 0.123130412125 0.949436522932
v -0.419792957702 0.107280322716 0.949445217076
v -0.409739868515 0.0943529867695 0.949423224258
v -0.405518662457 0.0944187103587 0.983263050224
v -0.4155718265 0.107346046305 0.983285052944
v -0.401285254867 0.130201836158 0.949403558462
v -0.416054797568 0.123130412125 0.949436522932
v -0.411833666366 0.123196060858 0.9832763588
v -0.39706404881 0.130267484891 0.983243374525
v -0.422687191019 0.0927569814786 0.949452911096
v -0.425310595242 0.0766847193899 0.949461120031
v -0.421044176145 0.0769776310124 0.983300866779
v -0.418420771923 0.0930499679572 0.983292628137
v -0.418420771923 0.0930499679572 0.983292628137
v -0.421044176145 0.0769776310124 0.983300866779
v -0.410113849211 0.0647831355425 0.983278121394
v -0.404180461313 0.101134418565 0.983259485427
v -0.404180461313 0.101134418565 0.983259485427
v -0.410113849211 0.0647831355425 0.983278121394
v -0.414380268308 0.06449022392 0.949438374646
v -0.40844688041 0.100841506943 0.949419778288
v -0.40844688041 0.100841506943 0.949419778288
v -0.414380268308 0.06449022392 0.949438374646
v -0.425310595242 0.0766847193899 0.949461120031
v -0.422687191019 0.0927569814786 0.949452911096
v -0.425310595242 0.0766847193899 0.949461120031
v -0.414380268308 0.06449022392 0.949438374646
v -0.410113849211 0.0647831355425 0.983278121394
v -0.421044176145 0.0769776310124 0.983300866779
v -0.40844688041 0.100841506943 0.949419778288
v -0.422687191019 0.0927569814786 0.949452911096
v -0.418420771923 0.0930499679572 0.983292628137
v -0.404180461313 0.101134418565 0.983259485427
v -0.427184615806 0.0619949732111 0.949468378354
v -0.428680463737 0.0457788378439 0.949476111983
v -0.424384701079 0.0463014826045 0.983315700296
v -0.422888853148 0.0625176928277 0.983308006276
v -0.422888853148 0.0625176928277 0.983308006276
v -0.424384701079 0.0463014826045 0.983315700296
v -0.412630433887 0.0348991884382 0.983292182538
v -0.409247315876 0.0715757957418 0.983274754641
v -0.409247315876 0.0715757957418 0.983274754641
v -0.412630433887 0.0348991884382 0.983292182538
v -0.416926121689 0.0343764688216 0.949452594225
v -0.413543003678 0.0710531509812 0.949435156426
v -0.413543003678 0.0710531509812 0.949435156426
v -0.416926121689 0.0343764688216 0.949452594225
v -0.428680463737 0.0457788378439 0.949476111983
v -0.427184615806 0.0619949732111 0.949468378354
v -0.428680463737 0.0457788378439 0.949476111983
v -0.416926121689 0.0343764688216 0.949452594225
v -0.412630433887 0.0348991884382 0.983292182538
v -0.424384701079 0.0463014826045 0.983315700296
v -0.413543003678 0.0710531509812 0.949435156426
v -0.427184615806 0.0619949732111 0.949468378354
v -0.422888853148 0.0625176928277 0.983308006276
v -0.409247315876 0.0715757957418 0.983274754641
v -0.429525139113 0.0309940993704 0.949482885098
v -0.429886169718 0.0147130638303 0.949490014692
v -0.4255772324 0.0154670137055 0.983329523787
v -0.425216276651 0.0317480492457 0.983322354584
v -0.425216276651 0.0317480492457 0.983322354584
v -0.425216276651 0.0317480492457 0.983322354584
v -0.4255772324 0.0154670137055 0.983329523787
v -0.413056289809 0.00491246401272 0.983305243558
v -0.413056289809 0.00491246401272 0.983305243558
v -0.412239760297 0.0417358639796 0.983289053438
v -0.412239760297 0.0417358639796 0.983289053438
v -0.413056289809 0.00491246401272 0.983305243558
v -0.417365227127 0.0041585141375 0.949465734463
v -0.416548697615 0.0409818392484 0.949449544343
v -0.416548697615 0.0409818392484 0.949449544343
v -0.416548697615 0.0409818392484 0.949449544343
v -0.417365227127 0.0041585141375 0.949465734463
v -0.429886169718 0.0147130638303 0.949490014692
v -0.429886169718 0.0147130638303 0.949490014692
v -0.429525139113 0.0309940993704 0.949482885098
v -0.429886169718 0.0147130638303 0.949490014692
v -0.417365227127 0.0041585141375 0.949465734463
v -0.413056289809 0.00491246401272 0.983305243558
v -0.4255772324 0.0154670137055 0.983329523787
v -0.416548697615 0.0409818392484 0.949449544343
v -0.429525139113 0.0309940993704 0.949482885098
v -0.425216276651 0.0317480492457 0.983322354584
v -0.412239760297 0.0417358639796 0.983289053438
v -0.429697607393 -9.46554425351e-05 0.949496262989
v -0.428921949271 -0.016361168914 0.949502838059
v -0.424616006194 -0.015375464788 0.983342218425
v -0.425391664316 0.000890973827421 0.983335653257
v -0.425391664316 0.000890973827421 0.983335653257
v -0.424616006194 -0.015375464788 0.983342218425
v -0.411389321007 -0.0250309187748 0.983317225237
v -0.413143497077 0.0117596942536 0.983302362014
v -0.413143497077 0.0117596942536 0.983302362014
v -0.411389321007 -0.0250309187748 0.983317225237
v -0.41569533894 -0.0260166229007 0.94947779536
v -0.417449440154 0.0107740649836 0.949462971745
v -0.417449440154 0.0107740649836 0.949462971745
v -0.41569533894 -0.0260166229007 0.94947779536
v -0.428921949271 -0.016361168914 0.949502838059
v -0.429697607393 -9.46554425351e-05 0.949496262989
v -0.428921949271 -0.016361168914 0.949502838059
v -0.41569533894 -0.0260166229007 0.94947779536
v -0.411389321007 -0.0250309187748 0.983317225237
v -0.424616006194 -0.015375464788 0.983342218425
v -0.417449440154 0.0107740649836 0.949462971745
v -0.429697607393 -9.46554425351e-05 0.949496262989
v -0.425391664316 0.000890973827421 0.983335653257
v -0.413143497077 0.0117596942536 0.983302362014
v -0.427700897805 -0.0311196329229 0.949508482321
v -0.425792518325 -0.0472924266521 0.949514413747
v -0.42150573839 -0.0460759414037 0.983353724797
v -0.423414043014 -0.0299030728185 0.983347793371
v -0.423414043014 -0.0299030728185 0.983347793371
v -0.423414043014 -0.0299030728185 0.983347793371
v -0.42150573839 -0.0460759414037 0.983353724797
v -0.407637761645 -0.0547851403892 0.983327998846
v -0.407637761645 -0.0547851403892 0.983327998846
v -0.411954034853 -0.0182065196213 0.983314531835
v -0.411954034853 -0.0182065196213 0.983314531835
v -0.407637761645 -0.0547851403892 0.983327998846
v -0.411924616436 -0.0560017004937 0.949488648186
v -0.416240889644 -0.0194229300137 0.949475230686
v -0.416240889644 -0.0194229300137 0.949475230686
v -0.416240889644 -0.0194229300137 0.949475230686
v -0.411924616436 -0.0560017004937 0.949488648186
v -0.425792518325 -0.0472924266521 0.949514413747
v -0.425792518325 -0.0472924266521 0.949514413747
v -0.427700897805 -0.0311196329229 0.949508482321
v -0.425792518325 -0.0472924266521 0.949514413747
v -0.411924616436 -0.0560017004937 0.949488648186
v -0.407637761645 -0.0547851403892 0.983327998846
v -0.42150573839 -0.0460759414037 0.983353724797
v -0.416240889644 -0.0194229300137 0.949475230686
v -0.427700897805 -0.0311196329229 0.949508482321
v -0.423414043014 -0.0299030728185 0.983347793371
v -0.411954034853 -0.0182065196213 0.983314531835
v -0.4235449662 -0.061929773614 0.949519543094
v -0.420513072654 -0.0779300990636 0.949524830876
v -0.416261325338 -0.0764846292373 0.983364052807
v -0.419293293741 -0.0604843037877 0.983358774927
v -0.419293293741 -0.0604843037877 0.983358774927
v -0.416261325338 -0.0764846292373 0.983364052807
v -0.40181972688 -0.0842052047119 0.983337613895
v -0.408677062684 -0.0480166586858 0.983325642119
v -0.408677062684 -0.0480166586858 0.983325642119
v -0.40181972688 -0.0842052047119 0.983337613895
v -0.406071474195 -0.0856506745382 0.949498342454
v -0.412928809999 -0.0494622033681 0.949486370677
v -0.412928809999 -0.0494622033681 0.949486370677
v -0.406071474195 -0.0856506745382 0.949498342454
v -0.420513072654 -0.0779300990636 0.949524830876
v -0.4235449662 -0.061929773614 0.949519543094
v -0.420513072654 -0.0779300990636 0.949524830876
v -0.406071474195 -0.0856506745382 0.949498342454
v -0.40181972688 -0.0842052047119 0.983337613895
v -0.416261325338 -0.0764846292373 0.983364052807
v -0.412928809999 -0.0494622033681 0.949486370677
v -0.4235449662 -0.061929773614 0.949519543094
v -0.419293293741 -0.0604843037877 0.983358774927
v -0.408677062684 -0.0480166586858 0.983325642119
v -0.417249948849 -0.0923750660434 0.949529356188
v -0.413109287874 -0.10812484838 0.949533970619
v -0.408908592367 -0.106453463073 0.983373113332
v -0.413049253342 -0.0907035310242 0.983368508803
v -0.413049253342 -0.0907035310242 0.983368508803
v -0.408908592367 -0.106453463073 0.983373113332
v -0.393963662001 -0.113147837313 0.98334595156
v -0.403328674615 -0.0775257268212 0.983335484919
v -0.403328674615 -0.0775257268212 0.983335484919
v -0.393963662001 -0.113147837313 0.98334595156
v -0.398164357509 -0.11481922262 0.949506798944
v -0.407529295266 -0.0791971869844 0.949496352109
v -0.407529295266 -0.0791971869844 0.949496352109
v -0.398164357509 -0.11481922262 0.949506798944
v -0.413109287874 -0.10812484838 0.949533970619
v -0.417249948849 -0.0923750660434 0.949529356188
v -0.413109287874 -0.10812484838 0.949533970619
v -0.398164357509 -0.11481922262 0.949506798944
v -0.393963662001 -0.113147837313 0.98334595156
v -0.408908592367 -0.106453463073 0.983373113332
v -0.407529295266 -0.0791971869844 0.949496352109
v -0.417249948849 -0.0923750660434 0.949529356188
v -0.413049253342 -0.0907035310242 0.983368508803
v -0.403328674615 -0.0775257268212 0.983335484919
v -0.40884638701 -0.122306995859 0.949537852287
v -0.403617319444 -0.13772965737 0.949541773564
v -0.399483320654 -0.135836398808 0.98338088657
v -0.404712463077 -0.120413737296 0.983376965294
v -0.404712463077 -0.120413737296 0.983376965294
v -0.399483320654 -0.135836398808 0.98338088657
v -0.384107818438 -0.141471934586 0.983353041545
v -0.395934845685 -0.106589775893 0.983344139454
v -0.395934845685 -0.106589775893 0.983344139454
v -0.384107818438 -0.141471934586 0.983353041545
v -0.388241817228 -0.143365118292 0.949513928538
v -0.400068844475 -0.108483109312 0.949505075959
v -0.400068844475 -0.108483109312 0.949505075959
v -0.388241817228 -0.143365118292 0.949513928538
v -0.403617319444 -0.13772965737 0.949541773564
v -0.40884638701 -0.122306995859 0.949537852287
v -0.403617319444 -0.13772965737 0.949541773564
v -0.388241817228 -0.143365118292 0.949513928538
v -0.384107818438 -0.141471934586 0.983353041545
v -0.399483320654 -0.135836398808 0.98338088657
v -0.400068844475 -0.108483109312 0.949505075959
v -0.40884638701 -0.122306995859 0.949537852287
v -0.404712463077 -0.120413737296 0.983376965294
v -0.395934845685 -0.106589775893 0.983344139454
v -0.398375526353 -0.151579893238 0.94954502149
v -0.392083203819 -0.166600278476 0.949548229807
v -0.388031247232 -0.164490311723 0.983387303205
v -0.394323569766 -0.149469926486 0.983384094888
v -0.394323569766 -0.149469926486 0.983384094888
v -0.388031247232 -0.164490311723 0.983387303205
v -0.372300178901 -0.169039462023 0.983358804633
v -0.3865316565 -0.135067402872 0.983351556213
v -0.3865316565 -0.135067402872 0.983351556213
v -0.372300178901 -0.169039462023 0.983358804633
v -0.376352210344 -0.171149428775 0.949519741138
v -0.390583613087 -0.137177294768 0.949512492717
v -0.390583613087 -0.137177294768 0.949512492717
v -0.376352210344 -0.171149428775 0.949519741138
v -0.392083203819 -0.166600278476 0.949548229807
v -0.398375526353 -0.151579893238 0.94954502149
v -0.392083203819 -0.166600278476 0.949548229807
v -0.376352210344 -0.171149428775 0.949519741138
v -0.372300178901 -0.169039462023 0.983358804633
v -0.388031247232 -0.164490311723 0.983387303205
v -0.390583613087 -0.137177294768 0.949512492717
v -0.398375526353 -0.151579893238 0.94954502149
v -0.394323569766 -0.149469926486 0.983384094888
v -0.3865316565 -0.135067402872 0.983351556213
v -0.38588811926 -0.180051082599 0.94955083409
v -0.378563382441 -0.194595982371 0.949553279937
v -0.374608364406 -0.192275520479 0.983392313725
v -0.381933101224 -0.177730695562 0.983389818367
v -0.381933101224 -0.177730695562 0.983389818367
v -0.374608364406 -0.192275520479 0.983392313725
v -0.358598382529 -0.195716202772 0.98336317151
v -0.375164844089 -0.16281960012 0.983357606465
v -0.375164844089 -0.16281960012 0.983357606465
v -0.358598382529 -0.195716202772 0.98336317151
v -0.362553400565 -0.198036664665 0.949524197134
v -0.379120011837 -0.165139987157 0.949518582579
v -0.379120011837 -0.165139987157 0.949518582579
v -0.362553400565 -0.198036664665 0.949524197134
v -0.378563382441 -0.194595982371 0.949553279937
v -0.38588811926 -0.180051082599 0.94955083409
v -0.378563382441 -0.194595982371 0.949553279937
v -0.362553400565 -0.198036664665 0.949524197134
v -0.358598382529 -0.195716202772 0.98336317151
v -0.374608364406 -0.192275520479 0.983392313725
v -0.379120011837 -0.165139987157 0.949518582579
v -0.38588811926 -0.180051082599 0.94955083409
v -0.381933101224 -0.177730695562 0.983389818367
v -0.375164844089 -0.16281960012 0.983357606465
v -0.371445173393 -0.207581930584 0.949555200966
v -0.363123653757 -0.22158038138 0.949556923951
v -0.359279946629 -0.219056835094 0.983395908229
v -0.367601391409 -0.205058384298 0.983394195146
v -0.367601391409 -0.205058384298 0.983394195146
v -0.359279946629 -0.219056835094 0.983395908229
v -0.343068976327 -0.221372281633 0.983366221392
v -0.361889951623 -0.189711402227 0.983362290213
v -0.361889951623 -0.189711402227 0.983362290213
v -0.343068976327 -0.221372281633 0.983366221392
v -0.346912683455 -0.223895827919 0.949527237114
v -0.365733658751 -0.192234948513 0.949523305935
v -0.365733658751 -0.192234948513 0.949523305935
v -0.346912683455 -0.223895827919 0.949527237114
v -0.363123653757 -0.22158038138 0.949556923951
v -0.371445173393 -0.207581930584 0.949555200966
v -0.363123653757 -0.22158038138 0.949556923951
v -0.346912683455 -0.223895827919 0.949527237114
v -0.343068976327 -0.221372281633 0.983366221392
v -0.359279946629 -0.219056835094 0.983395908229
v -0.365733658751 -0.192234948513 0.949523305935
v -0.371445173393 -0.207581930584 0.949555200966
v -0.367601391409 -0.205058384298 0.983394195146
v -0.361889951623 -0.189711402227 0.983362290213
v -0.355116903702 -0.234038145487 0.949558132021
v -0.345839248069 -0.24742210318 0.949559082634
v -0.342120849925 -0.244703631807 0.983398076814
v -0.351398505558 -0.231319674114 0.983397106397
v -0.351398505558 -0.231319674114 0.983397106397
v -0.342120849925 -0.244703631807 0.983398076814
v -0.325787864304 -0.245882614188 0.98336782555
v -0.346771430138 -0.215611736295 0.983365627259
v -0.346771430138 -0.215611736295 0.983365627259
v -0.325787864304 -0.245882614188 0.98336782555
v -0.329506337304 -0.248601085561 0.949528880881
v -0.350489903137 -0.218330132812 0.949526672688
v -0.350489903137 -0.218330132812 0.949526672688
v -0.329506337304 -0.248601085561 0.949528880881
v -0.345839248069 -0.24742210318 0.949559082634
v -0.355116903702 -0.234038145487 0.949558132021
v -0.345839248069 -0.24742210318 0.949559082634
v -0.329506337304 -0.248601085561 0.949528880881
v -0.325787864304 -0.245882614188 0.98336782555
v -0.342120849925 -0.244703631807 0.983398076814
v -0.350489903137 -0.218330132812 0.949526672688
v -0.355116903702 -0.234038145487 0.949558132021
v -0.351398505558 -0.231319674114 0.983397106397
v -0.346771430138 -0.215611736295 0.983365627259
v -0.336982956996 -0.259290974945 0.94955964706
v -0.326794303549 -0.271995165083 0.949559894615
v -0.32321438905 -0.269091050771 0.983398829382
v -0.333403042497 -0.256386935488 0.983398591729
v -0.333403042497 -0.256386935488 0.983398591729
v -0.333403042497 -0.256386935488 0.983398591729
v -0.32321438905 -0.269091050771 0.983398829382
v -0.30683903492 -0.269127805078 0.983368073106
v -0.30683903492 -0.269127805078 0.983368073106
v -0.329883012818 -0.240394320209 0.983367587897
v -0.329883012818 -0.240394320209 0.983367587897
v -0.30683903492 -0.269127805078 0.983368073106
v -0.310418874563 -0.272031919391 0.949529118535
v -0.333463002172 -0.243298434522 0.949528633326
v -0.333463002172 -0.243298434522 0.949528633326
v -0.333463002172 -0.243298434522 0.949528633326
v -0.310418874563 -0.272031919391 0.949529118535
v -0.326794303549 -0.271995165083 0.949559894615
v -0.326794303549 -0.271995165083 0.949559894615
v -0.336982956996 -0.259290974945 0.94955964706
v -0.326794303549 -0.271995165083 0.949559894615
v -0.310418874563 -0.272031919391 0.949529118535
v -0.30683903492 -0.269127805078 0.983368073106
v -0.32321438905 -0.269091050771 0.983398829382
v -0.333463002172 -0.243298434522 0.949528633326
v -0.336982956996 -0.259290974945 0.94955964706
v -0.333403042497 -0.256386935488 0.983398591729
v -0.329883012818 -0.240394320209 0.983367587897
v -0.317131663384 -0.283217430512 0.949559726278
v -0.306081641667 -0.295179872307 0.949559211363
v -0.302652861481 -0.292100220617 0.983398156032
v -0.313702883198 -0.280137778822 0.983398720458
v -0.313702883198 -0.280137778822 0.983398720458
v -0.313702883198 -0.280137778822 0.983398720458
v -0.302652861481 -0.292100220617 0.983398156032
v -0.286314860507 -0.290994447428 0.983366944253
v -0.286314860507 -0.290994447428 0.983366944253
v -0.311307116145 -0.26393848606 0.98336818203
v -0.311307116145 -0.26393848606 0.98336818203
v -0.286314860507 -0.290994447428 0.983366944253
v -0.289743640693 -0.294074173974 0.949527999584
v -0.314735896331 -0.267018212606 0.949529197752
v -0.314735896331 -0.267018212606 0.949529197752
v -0.314735896331 -0.267018212606 0.949529197752
v -0.289743640693 -0.294074173974 0.949527999584
v -0.306081641667 -0.295179872307 0.949559211363
v -0.306081641667 -0.295179872307 0.949559211363
v -0.317131663384 -0.283217430512 0.949559726278
v -0.306081641667 -0.295179872307 0.949559211363
v -0.289743640693 -0.294074173974 0.949527999584
v -0.286314860507 -0.290994447428 0.983366944253
v -0.302652861481 -0.292100220617 0.983398156032
v -0.314735896331 -0.267018212606 0.949529197752
v -0.317131663384 -0.283217430512 0.949559726278
v -0.313702883198 -0.280137778822 0.983398720458
v -0.311307116145 -0.26393848606 0.98336818203
v -0.295659736849 -0.305700736789 0.949558369675
v -0.283802168344 -0.316863267109 0.949557092289
v -0.280536499435 -0.313619007023 0.983396027056
v -0.292393993084 -0.302456551558 0.983397353952
v -0.292393993084 -0.302456551558 0.983397353952
v -0.280536499435 -0.313619007023 0.983396027056
v -0.26431542357 -0.311376320539 0.983364429091
v -0.291134166197 -0.286129554419 0.983367340342
v -0.291134166197 -0.286129554419 0.983367340342
v -0.26431542357 -0.311376320539 0.983364429091
v -0.267581167335 -0.314620580626 0.949525434911
v -0.294399835107 -0.289373814506 0.949528356064
v -0.294399835107 -0.289373814506 0.949528356064
v -0.267581167335 -0.314620580626 0.949525434911
v -0.283802168344 -0.316863267109 0.949557092289
v -0.295659736849 -0.305700736789 0.949558369675
v -0.283802168344 -0.316863267109 0.949557092289
v -0.267581167335 -0.314620580626 0.949525434911
v -0.26431542357 -0.311376320539 0.983364429091
v -0.280536499435 -0.313619007023 0.983396027056
v -0.294399835107 -0.289373814506 0.949528356064
v -0.295659736849 -0.305700736789 0.949558369675
v -0.292393993084 -0.302456551558 0.983397353952
v -0.291134166197 -0.286129554419 0.983367340342
v -0.272671751258 -0.326631454269 0.949555527739
v -0.272671751258 -0.326631454269 0.949555527739
v -0.260064424815 -0.336939727642 0.949553477981
v -0.256972796161 -0.333542761266 0.983392472161
v -0.256972796161 -0.333542761266 0.983392472161
v -0.26958019746 -0.323234487893 0.983394502115
v -0.26958019746 -0.323234487893 0.983394502115
v -0.26958019746 -0.323234487893 0.983394502115
v -0.256972796161 -0.333542761266 0.983392472161
v -0.24094784308 -0.330173791043 0.983360458303
v -0.24094784308 -0.330173791043 0.983360458303
v -0.269462299222 -0.30685935833 0.983365062832
v -0.269462299222 -0.30685935833 0.983365062832
v -0.24094784308 -0.330173791043 0.983360458303
v -0.244039396877 -0.333570832275 0.949521464123
v -0.27255385302 -0.310256399562 0.949526068653
v -0.27255385302 -0.310256399562 0.949526068653
v -0.244039396877 -0.333570832275 0.949521464123
v -0.260064424815 -0.336939727642 0.949553477981
v -0.272671751258 -0.326631454269 0.949555527739
v -0.260064424815 -0.336939727642 0.949553477981
v -0.244039396877 -0.333570832275 0.949521464123
v -0.24094784308 -0.330173791043 0.983360458303
v -0.256972796161 -0.333542761266 0.983392472161
v -0.27255385302 -0.310256399562 0.949526068653
v -0.272671751258 -0.326631454269 0.949555527739
v -0.26958019746 -0.323234487893 0.983394502115
v -0.269462299222 -0.30685935833 0.983365062832
v -0.248279691221 -0.345907778759 0.949551269787
v -0.234984063636 -0.355311491937 0.949548507069
v -0.23207680537 -0.351774170515 0.983387540858
v -0.245372507811 -0.342370457338 0.983390303576
v -0.245372507811 -0.342370457338 0.983390303576
v -0.245372507811 -0.342370457338 0.983390303576
v -0.23207680537 -0.351774170515 0.983387540858
v -0.216325975049 -0.347295534591 0.983355160619
v -0.216325975049 -0.347295534591 0.983355160619
v -0.246397211926 -0.326026991874 0.983361448524
v -0.246397211926 -0.326026991874 0.983361448524
v -0.216325975049 -0.347295534591 0.983355160619
v -0.219233158459 -0.350832856012 0.949516136732
v -0.249304395336 -0.329564238439 0.949522424638
v -0.249304395336 -0.329564238439 0.949522424638
v -0.219233158459 -0.350832856012 0.949516136732
v -0.234984063636 -0.355311491937 0.949548507069
v -0.248279691221 -0.345907778759 0.949551269787
v -0.234984063636 -0.355311491937 0.949548507069
v -0.219233158459 -0.350832856012 0.949516136732
v -0.216325975049 -0.347295534591 0.983355160619
v -0.23207680537 -0.351774170515 0.983387540858
v -0.249304395336 -0.329564238439 0.949522424638
v -0.248279691221 -0.345907778759 0.949551269787
v -0.245372507811 -0.342370457338 0.983390303576
v -0.246397211926 -0.326026991874 0.983361448524
v -0.222602502962 -0.363435541381 0.949545625525
v -0.208683324696 -0.371888957332 0.949542139946
v -0.205969718964 -0.368224530382 0.983381213343
v -0.21988889723 -0.359771114431 0.983384738532
v -0.21988889723 -0.359771114431 0.983384738532
v -0.205969718964 -0.368224530382 0.983381213343
v -0.190569663972 -0.362658086715 0.983348555842
v -0.222051338056 -0.343538885019 0.983356527124
v -0.222051338056 -0.343538885019 0.983356527124
v -0.190569663972 -0.362658086715 0.983348555842
v -0.193283194848 -0.366322438809 0.949509492346
v -0.224764794075 -0.347203311969 0.949517414118
v -0.224764794075 -0.347203311969 0.949517414118
v -0.224764794075 -0.347203311969 0.949517414118
v -0.193283194848 -0.366322438809 0.949509492346
v -0.208683324696 -0.371888957332 0.949542139946
v -0.208683324696 -0.371888957332 0.949542139946
v -0.222602502962 -0.363435541381 0.949545625525
v -0.208683324696 -0.371888957332 0.949542139946
v -0.208683324696 -0.371888957332 0.949542139946
v -0.193283194848 -0.366322438809 0.949509492346
v -0.190569663972 -0.362658086715 0.983348555842
v -0.190569663972 -0.362658086715 0.983348555842
v -0.205969718964 -0.368224530382 0.983381213343
v -0.224764794075 -0.347203311969 0.949517414118
v -0.222602502962 -0.363435541381 0.949545625525
v -0.21988889723 -0.359771114431 0.983384738532
v -0.222051338056 -0.343538885019 0.983356527124
v -0.19576519604 -0.379129630836 0.949538614758
v -0.181290211795 -0.386591354179 0.949534406317
v -0.178778717329 -0.382813670065 0.983373509421
v -0.193253701574 -0.375351871865 0.983377767373
v -0.193253701574 -0.375351871865 0.983377767373
v -0.193253701574 -0.375351871865 0.983377767373
v -0.178778717329 -0.382813670065 0.983373509421
v -0.163804518258 -0.376186516535 0.983340624168
v -0.163804518258 -0.376186516535 0.983340624168
v -0.196543099843 -0.359309926466 0.983350189707
v -0.196543099843 -0.359309926466 0.983350189707
v -0.163804518258 -0.376186516535 0.983340624168
v -0.166316012724 -0.379964200649 0.949501521064
v -0.199054594309 -0.363087610581 0.949511056896
v -0.199054594309 -0.363087610581 0.949511056896
v -0.199054594309 -0.363087610581 0.949511056896
v -0.166316012724 -0.379964200649 0.949501521064
v -0.181290211795 -0.386591354179 0.949534406317
v -0.181290211795 -0.386591354179 0.949534406317
v -0.19576519604 -0.379129630836 0.949538614758
v -0.181290211795 -0.386591354179 0.949534406317
v -0.166316012724 -0.379964200649 0.949501521064
v -0.163804518258 -0.376186516535 0.983340624168
v -0.178778717329 -0.382813670065 0.983373509421
v -0.199054594309 -0.363087610581 0.949511056896
v -0.19576519604 -0.379129630836 0.949538614758
v -0.193253701574 -0.375351871865 0.983377767373
v -0.196543099843 -0.359309926466 0.983350189707
v -0.167898469075 -0.392913244843 0.949530237485
v -0.152938342937 -0.399347120118 0.949525316084
v -0.150636370482 -0.395470551196 0.983364498406
v -0.16559649662 -0.38903667592 0.983369419807
v -0.16559649662 -0.38903667592 0.983369419807
v -0.16559649662 -0.38903667592 0.983369419807
v -0.150636370482 -0.395470551196 0.983364498406
v -0.1361609371 -0.387814875894 0.983331444816
v -0.1361609371 -0.387814875894 0.983331444816
v -0.169997057712 -0.373263164224 0.983342545198
v -0.169997057712 -0.373263164224 0.983342545198
v -0.1361609371 -0.387814875894 0.983331444816
v -0.138462909555 -0.391691519672 0.949492252592
v -0.172299030166 -0.377139808002 0.949503352974
v -0.172299030166 -0.377139808002 0.949503352974
v -0.172299030166 -0.377139808002 0.949503352974
v -0.138462909555 -0.391691519672 0.949492252592
v -0.152938342937 -0.399347120118 0.949525316084
v -0.152938342937 -0.399347120118 0.949525316084
v -0.167898469075 -0.392913244843 0.949530237485
v -0.152938342937 -0.399347120118 0.949525316084
v -0.138462909555 -0.391691519672 0.949492252592
v -0.1361609371 -0.387814875894 0.983331444816
v -0.150636370482 -0.395470551196 0.983364498406
v -0.172299030166 -0.377139808002 0.949503352974
v -0.167898469075 -0.392913244843 0.949530237485
v -0.16559649662 -0.38903667592 0.983369419807
v -0.169997057712 -0.373263164224 0.983342545198
v -0.139138260605 -0.404719462115 0.949520543217
v -0.123765677774 -0.410094049793 0.949514968271
v -0.121679590093 -0.406133492411 0.983354249615
v -0.137052172924 -0.400758829878 0.983359854268
v -0.137052172924 -0.400758829878 0.983359854268
v -0.137052172924 -0.400758829878 0.983359854268
v -0.121679590093 -0.406133492411 0.983354249615
v -0.107773511631 -0.39748672335 0.983321067296
v -0.107773511631 -0.39748672335 0.983321067296
v -0.142542263447 -0.385330703877 0.98333365301
v -0.142542263447 -0.385330703877 0.98333365301
v -0.107773511631 -0.39748672335 0.983321067296
v -0.109859599312 -0.401447355588 0.949481805756
v -0.144628351128 -0.389291336114 0.949494381568
v -0.144628351128 -0.389291336114 0.949494381568
v -0.109859599312 -0.401447355588 0.949481805756
v -0.123765677774 -0.410094049793 0.949514968271
v -0.139138260605 -0.404719462115 0.949520543217
v -0.123765677774 -0.410094049793 0.949514968271
v -0.109859599312 -0.401447355588 0.949481805756
v -0.107773511631 -0.39748672335 0.983321067296
v -0.121679590093 -0.406133492411 0.983354249615
v -0.144628351128 -0.389291336114 0.949494381568
v -0.139138260605 -0.404719462115 0.949520543217
v -0.137052172924 -0.400758829878 0.983359854268
v -0.142542263447 -0.385330703877 0.98333365301
v -0.109624551396 -0.414490793227 0.949509601271
v -0.093914442752 -0.418779968555 0.949503392583
v -0.0920495546224 -0.414750543631 0.983342743242
v -0.107759663266 -0.410461368303 0.983348991539
v -0.107759663266 -0.410461368303 0.983348991539
v -0.107759663266 -0.410461368303 0.983348991539
v -0.0920495546224 -0.414750543631 0.983342743242
v -0.078780650638 -0.405154749896 0.983309491608
v -0.078780650638 -0.405154749896 0.983309491608
v -0.11431255962 -0.395453633734 0.983323562654
v -0.11431255962 -0.395453633734 0.983323562654
v -0.078780650638 -0.405154749896 0.983309491608
v -0.0806455387676 -0.409184174819 0.949470140948
v -0.11617744775 -0.399483058658 0.949484162483
v -0.11617744775 -0.399483058658 0.949484162483
v -0.11617744775 -0.399483058658 0.949484162483
v -0.0806455387676 -0.409184174819 0.949470140948
v -0.093914442752 -0.418779968555 0.949503392583
v -0.093914442752 -0.418779968555 0.949503392583
v -0.109624551396 -0.414490793227 0.949509601271
v -0.093914442752 -0.418779968555 0.949503392583
v -0.0806455387676 -0.409184174819 0.949470140948
v -0.078780650638 -0.405154749896 0.983309491608
v -0.0920495546224 -0.414750543631 0.983342743242
v -0.11617744775 -0.399483058658 0.949484162483
v -0.109624551396 -0.414490793227 0.949509601271
v -0.107759663266 -0.410461368303 0.983348991539
v -0.11431255962 -0.395453633734 0.983323562654
v -0.0795011398704 -0.42217940518 0.949497461157
v -0.0635301579823 -0.425362283326 0.949490658336
v -0.0618907361974 -0.421279635769 0.983330117919
v -0.0778616432295 -0.418096832479 0.983336940545
v -0.0778616432295 -0.418096832479 0.983336940545
v -0.0778616432295 -0.418096832479 0.983336940545
v -0.0618907361974 -0.421279635769 0.983330117919
v -0.0493235325834 -0.410781677231 0.983296787067
v -0.0493235325834 -0.410781677231 0.983296787067
v -0.0854456064601 -0.403582773388 0.983312214717
v -0.0854456064601 -0.403582773388 0.983312214717
v -0.0493235325834 -0.410781677231 0.983296787067
v -0.0509629543682 -0.414864175076 0.949457367092
v -0.0870850282449 -0.407665346089 0.949472784839
v -0.0870850282449 -0.407665346089 0.949472784839
v -0.0870850282449 -0.407665346089 0.949472784839
v -0.0509629543682 -0.414864175076 0.949457367092
v -0.0635301579823 -0.425362283326 0.949490658336
v -0.0635301579823 -0.425362283326 0.949490658336
v -0.0795011398704 -0.42217940518 0.949497461157
v -0.0635301579823 -0.425362283326 0.949490658336
v -0.0509629543682 -0.414864175076 0.949457367092
v -0.0493235325834 -0.410781677231 0.983296787067
v -0.0618907361974 -0.421279635769 0.983330117919
v -0.0870850282449 -0.407665346089 0.949472784839
v -0.0795011398704 -0.42217940518 0.949497461157
v -0.0778616432295 -0.418096832479 0.983336940545
v -0.0854456064601 -0.403582773388 0.983312214717
v -0.0489147438355 -0.427748094528 0.949484162483
v -0.0327606641123 -0.429809180297 0.949476795236
v -0.0313499274812 -0.42568925444 0.98331634394
v -0.0475039323484 -0.423628168671 0.983323711187
v -0.0475039323484 -0.423628168671 0.983323711187
v -0.0475039323484 -0.423628168671 0.983323711187
v -0.0313499274812 -0.42568925444 0.98331634394
v -0.0195456564653 -0.414340108051 0.983283052697
v -0.0195456564653 -0.414340108051 0.983283052697
v -0.0560819087236 -0.409678524003 0.983299787438
v -0.0560819087236 -0.409678524003 0.983299787438
v -0.0195456564653 -0.414340108051 0.983283052697
v -0.0209563930964 -0.418459959052 0.94944349409
v -0.0574926453547 -0.413798375004 0.949460238734
v -0.0574926453547 -0.413798375004 0.949460238734
v -0.0574926453547 -0.413798375004 0.949460238734
v -0.0209563930964 -0.418459959052 0.94944349409
v -0.0327606641123 -0.429809180297 0.949476795236
v -0.0327606641123 -0.429809180297 0.949476795236
v -0.0489147438355 -0.427748094528 0.949484162483
v -0.0327606641123 -0.429809180297 0.949476795236
v -0.0209563930964 -0.418459959052 0.94944349409
v -0.0195456564653 -0.414340108051 0.983283052697
v -0.0313499274812 -0.42568925444 0.98331634394
v -0.0574926453547 -0.413798375004 0.949460238734
v -0.0489147438355 -0.427748094528 0.949484162483
v -0.0475039323484 -0.423628168671 0.983323711187
v -0.0560819087236 -0.409678524003 0.983299787438
v -0.0180144016353 -0.431169538824 0.949469814175
v -0.00175604747049 -0.432098726652 0.949461892404
v -0.000575942249794 -0.427957541684 0.983301510423
v -0.0168343712706 -0.427028353856 0.983309451999
v -0.0168343712706 -0.427028353856 0.983309451999
v -0.0168343712706 -0.427028353856 0.983309451999
v -0.000575942249794 -0.427957541684 0.983301510423
v 0.0104078318855 -0.415812526046 0.983268347909
v 0.0104078318855 -0.415812526046 0.983268347909
v -0.026364516273 -0.413710943168 0.983286251112
v -0.026364516273 -0.413710943168 0.983286251112
v 0.0104078318855 -0.415812526046 0.983268347909
v 0.00922772666479 -0.419953711014 0.949428680378
v -0.0275446214937 -0.41785205328 0.949446613288
v -0.0275446214937 -0.41785205328 0.949446613288
v -0.0275446214937 -0.41785205328 0.949446613288
v 0.00922772666479 -0.419953711014 0.949428680378
v -0.00175604747049 -0.432098726652 0.949461892404
v -0.00175604747049 -0.432098726652 0.949461892404
v -0.0180144016353 -0.431169538824 0.949469814175
v -0.00175604747049 -0.432098726652 0.949461892404
v 0.00922772666479 -0.419953711014 0.949428680378
v 0.0104078318855 -0.415812526046 0.983268347909
v -0.000575942249794 -0.427957541684 0.983301510423
v -0.0275446214937 -0.41785205328 0.949446613288
v -0.0180144016353 -0.431169538824 0.949469814175
v -0.0168343712706 -0.427028353856 0.983309451999
v -0.026364516273 -0.413710943168 0.983286251112
v 0.0130492015536 -0.432427194885 0.949454436037
v 0.0293328570545 -0.432219993411 0.949445979546
v 0.0302813577365 -0.428073718233 0.983285765903
v 0.0139977022355 -0.428280919708 0.983294182785
v 0.0139977022355 -0.428280919708 0.983294182785
v 0.0302813577365 -0.428073718233 0.983285765903
v 0.0403911129338 -0.415192044462 0.983252712313
v 0.00356179934101 -0.415660643173 0.983271793879
v 0.00356179934101 -0.415660643173 0.983271793879
v 0.0403911129338 -0.415192044462 0.983252712313
v 0.0394426122519 -0.419338319639 0.949412925956
v 0.00261329865903 -0.419806993206 0.94943199762
v 0.00261329865903 -0.419806993206 0.94943199762
v 0.00261329865903 -0.419806993206 0.94943199762
v 0.0394426122519 -0.419338319639 0.949412925956
v 0.0293328570545 -0.432219993411 0.949445979546
v 0.0293328570545 -0.432219993411 0.949445979546
v 0.0130492015536 -0.432427194885 0.949454436037
v 0.0293328570545 -0.432219993411 0.949445979546
v 0.0394426122519 -0.419338319639 0.949412925956
v 0.0403911129338 -0.415192044462 0.983252712313
v 0.0302813577365 -0.428073718233 0.983285765903
v 0.00261329865903 -0.419806993206 0.94943199762
v 0.0130492015536 -0.432427194885 0.949454436037
v 0.0139977022355 -0.428280919708 0.983294182785
v 0.00356179934101 -0.415660643173 0.983271793879
v 0.0441248565623 -0.431514849663 0.94943812709
v 0.0603543911578 -0.430172232014 0.949429234902
v 0.0610714370131 -0.426037035528 0.983269140086
v 0.0448419772737 -0.427379578321 0.983278042176
v 0.0448419772737 -0.427379578321 0.983278042176
v 0.0610714370131 -0.426037035528 0.983269140086
v 0.0702579928647 -0.412481358115 0.983236244931
v 0.0335510688713 -0.415518042447 0.983256356328
v 0.0335510688713 -0.415518042447 0.983256356328
v 0.0702579928647 -0.412481358115 0.983236244931
v 0.0695408721533 -0.416616704313 0.949396339748
v 0.03283394816 -0.419653313789 0.949416451144
v 0.03283394816 -0.419653313789 0.949416451144
v 0.0695408721533 -0.416616704313 0.949396339748
v 0.0603543911578 -0.430172232014 0.949429234902
v 0.0441248565623 -0.431514849663 0.94943812709
v 0.0603543911578 -0.430172232014 0.949429234902
v 0.0695408721533 -0.416616704313 0.949396339748
v 0.0702579928647 -0.412481358115 0.983236244931
v 0.0610714370131 -0.426037035528 0.983269140086
v 0.03283394816 -0.419653313789 0.949416451144
v 0.0441248565623 -0.431514849663 0.94943812709
v 0.0448419772737 -0.427379578321 0.983278042176
v 0.0335510688713 -0.415518042447 0.983256356328
v 0.0750612045101 -0.42843714423 0.949420936847
v 0.0911574205266 -0.425965697737 0.949411638668
v 0.0916445086758 -0.421857524276 0.98325167258
v 0.0755482178032 -0.424328895913 0.983260970759
v 0.0755482178032 -0.424328895913 0.983260970759
v 0.0755482178032 -0.424328895913 0.983260970759
v 0.0916445086758 -0.421857524276 0.98325167258
v 0.099863026423 -0.407694015947 0.983219024981
v 0.099863026423 -0.407694015947 0.983219024981
v 0.0634573979268 -0.413283814694 0.983240057284
v 0.0634573979268 -0.413283814694 0.983240057284
v 0.099863026423 -0.407694015947 0.983219024981
v 0.0993759382739 -0.411802189408 0.949378991069
v 0.0629703846337 -0.417391988155 0.949400023371
v 0.0629703846337 -0.417391988155 0.949400023371
v 0.0993759382739 -0.411802189408 0.949378991069
v 0.0911574205266 -0.425965697737 0.949411638668
v 0.0750612045101 -0.42843714423 0.949420936847
v 0.0911574205266 -0.425965697737 0.949411638668
v 0.0993759382739 -0.411802189408 0.949378991069
v 0.099863026423 -0.407694015947 0.983219024981
v 0.0916445086758 -0.421857524276 0.98325167258
v 0.0629703846337 -0.417391988155 0.949400023371
v 0.0750612045101 -0.42843714423 0.949420936847
v 0.0755482178032 -0.424328895913 0.983260970759
v 0.0634573979268 -0.413283814694 0.983240057284
v 0.105707410508 -0.423208750368 0.949403033644
v 0.121592083401 -0.419620601706 0.949393339377
v 0.12185153438 -0.415555470459 0.983233521822
v 0.105966861488 -0.419143768832 0.983243176481
v 0.105966861488 -0.419143768832 0.983243176481
v 0.105966861488 -0.419143768832 0.983243176481
v 0.12185153438 -0.415555470459 0.983233521822
v 0.12906196605 -0.400853223324 0.983201161387
v 0.12906196605 -0.400853223324 0.983201161387
v 0.0931349669726 -0.408968814038 0.983223025476
v 0.0931349669726 -0.408968814038 0.983223025476
v 0.12906196605 -0.400853223324 0.983201161387
v 0.128802515071 -0.404918204859 0.949360998746
v 0.0928755159929 -0.413033945285 0.949382872737
v 0.0928755159929 -0.413033945285 0.949382872737
v 0.0928755159929 -0.413033945285 0.949382872737
v 0.128802515071 -0.404918204859 0.949360998746
v 0.121592083401 -0.419620601706 0.949393339377
v 0.121592083401 -0.419620601706 0.949393339377
v 0.105707410508 -0.423208750368 0.949403033644
v 0.121592083401 -0.419620601706 0.949393339377
v 0.128802515071 -0.404918204859 0.949360998746
v 0.12906196605 -0.400853223324 0.983201161387
v 0.12185153438 -0.415555470459 0.983233521822
v 0.0928755159929 -0.413033945285 0.949382872737
v 0.105707410508 -0.423208750368 0.949403033644
v 0.105966861488 -0.419143768832 0.983243176481
v 0.0931349669726 -0.408968814038 0.983223025476
v 0.135914211645 -0.415855493404 0.949384397678
v 0.135914211645 -0.415855493404 0.949384397678
v 0.151509865428 -0.411167859459 0.949374416246
v 0.151545272327 -0.407161789615 0.983214737322
v 0.151545272327 -0.407161789615 0.983214737322
v 0.135949618544 -0.411849273847 0.983224718754
v 0.135949618544 -0.411849273847 0.983224718754
v 0.135949618544 -0.411849273847 0.983224718754
v 0.151545272327 -0.407161789615 0.983214737322
v 0.157712510445 -0.391992216321 0.983182683856
v 0.157712510445 -0.391992216321 0.983182683856
v 0.122439229026 -0.402594224734 0.983205320317
v 0.122439229026 -0.402594224734 0.983205320317
v 0.157712510445 -0.391992216321 0.983182683856
v 0.157677178401 -0.395998286166 0.949342372682
v 0.122403896982 -0.40660044429 0.949365009143
v 0.122403896982 -0.40660044429 0.949365009143
v 0.122403896982 -0.40660044429 0.949365009143
v 0.157677178401 -0.395998286166 0.949342372682
v 0.151509865428 -0.411167859459 0.949374416246
v 0.151509865428 -0.411167859459 0.949374416246
v 0.135914211645 -0.415855493404 0.949384397678
v 0.151509865428 -0.411167859459 0.949374416246
v 0.157677178401 -0.395998286166 0.949342372682
v 0.157712510445 -0.391992216321 0.983182683856
v 0.151545272327 -0.407161789615 0.983214737322
v 0.122403896982 -0.40660044429 0.949365009143
v 0.135914211645 -0.415855493404 0.949384397678
v 0.135949618544 -0.411849273847 0.983224718754
v 0.122439229026 -0.402594224734 0.983205320317
v 0.165534515832 -0.406412780237 0.949365167578
v 0.180765246497 -0.400648791522 0.949354918787
v 0.180581175534 -0.396716978854 0.983195348788
v 0.165350444869 -0.402481117281 0.983205597579
v 0.165350444869 -0.402481117281 0.983205597579
v 0.165350444869 -0.402481117281 0.983205597579
v 0.180581175534 -0.396716978854 0.983195348788
v 0.185675202833 -0.381154186865 0.98316369141
v 0.185675202833 -0.381154186865 0.98316369141
v 0.151227358793 -0.394190962319 0.983186922003
v 0.151227358793 -0.394190962319 0.983186922003
v 0.185675202833 -0.381154186865 0.98316369141
v 0.185859198941 -0.385085924678 0.949323261409
v 0.151411429756 -0.398122774987 0.949346501905
v 0.151411429756 -0.398122774987 0.949346501905
v 0.151411429756 -0.398122774987 0.949346501905
v 0.185859198941 -0.385085924678 0.949323261409
v 0.180765246497 -0.400648791522 0.949354918787
v 0.180765246497 -0.400648791522 0.949354918787
v 0.165534515832 -0.406412780237 0.949365167578
v 0.180765246497 -0.400648791522 0.949354918787
v 0.185859198941 -0.385085924678 0.949323261409
v 0.185675202833 -0.381154186865 0.98316369141
v 0.180581175534 -0.396716978854 0.983195348788
v 0.151411429756 -0.398122774987 0.949346501905
v 0.165534515832 -0.406412780237 0.949365167578
v 0.165350444869 -0.402481117281 0.983205597579
v 0.151227358793 -0.394190962319 0.983186922003
v 0.1944239258 -0.394927021604 0.94934545227
v 0.209215401315 -0.388114524559 0.949334955923
v 0.208817691259 -0.384272314551 0.983175554262
v 0.194026215743 -0.391084811597 0.983186040706
v 0.194026215743 -0.391084811597 0.983186040706
v 0.208817691259 -0.384272314551 0.983175554262
v 0.212813730396 -0.368392058164 0.983144332581
v 0.179359300652 -0.383799973039 0.983168058286
v 0.179359300652 -0.383799973039 0.983168058286
v 0.212813730396 -0.368392058164 0.983144332581
v 0.213211440452 -0.372234268172 0.949303744145
v 0.179756860996 -0.387642257902 0.94932746985
v 0.179756860996 -0.387642257902 0.94932746985
v 0.179756860996 -0.387642257902 0.94932746985
v 0.213211440452 -0.372234268172 0.949303744145
v 0.209215401315 -0.388114524559 0.949334955923
v 0.209215401315 -0.388114524559 0.949334955923
v 0.1944239258 -0.394927021604 0.94934545227
v 0.209215401315 -0.388114524559 0.949334955923
v 0.213211440452 -0.372234268172 0.949303744145
v 0.212813730396 -0.368392058164 0.983144332581
v 0.208817691259 -0.384272314551 0.983175554262
v 0.179756860996 -0.387642257902 0.94932746985
v 0.1944239258 -0.394927021604 0.94934545227
v 0.194026215743 -0.391084811597 0.983186040706
v 0.179359300652 -0.383799973039 0.983168058286
v 0.222441787078 -0.381453985242 0.949325340874
v 0.236722070805 -0.373626215941 0.949314686091
v 0.236117383842 -0.369888205519 0.983155432963
v 0.221837174971 -0.377715899964 0.983166097647
v 0.221837174971 -0.377715899964 0.983166097647
v 0.236117383842 -0.369888205519 0.983155432963
v 0.238995822538 -0.353767811007 0.983124666784
v 0.206697768655 -0.371471934422 0.983148788578
v 0.206697768655 -0.371471934422 0.983148788578
v 0.238995822538 -0.353767811007 0.983124666784
v 0.239600434645 -0.357505821428 0.949283919913
v 0.207302380762 -0.375209944844 0.949308031804
v 0.207302380762 -0.375209944844 0.949308031804
v 0.207302380762 -0.375209944844 0.949308031804
v 0.239600434645 -0.357505821428 0.949283919913
v 0.236722070805 -0.373626215941 0.949314686091
v 0.236722070805 -0.373626215941 0.949314686091
v 0.222441787078 -0.381453985242 0.949325340874
v 0.236722070805 -0.373626215941 0.949314686091
v 0.239600434645 -0.357505821428 0.949283919913
v 0.238995822538 -0.353767811007 0.983124666784
v 0.236117383842 -0.369888205519 0.983155432963
v 0.207302380762 -0.375209944844 0.949308031804
v 0.207302380762 -0.375209944844 0.949308031804
v 0.222441787078 -0.381453985242 0.949325340874
v 0.221837174971 -0.377715899964 0.983166097647
v 0.221837174971 -0.377715899964 0.983166097647
v 0.206697768655 -0.371471934422 0.983148788578
v 0.249451562279 -0.366059245028 0.949304912606
v 0.263150888402 -0.357254454899 0.949294138997
v 0.262347234127 -0.353634791852 0.983135044305
v 0.248647833148 -0.36243958198 0.983145827816
v 0.248647833148 -0.36243958198 0.983145827816
v 0.248647833148 -0.36243958198 0.983145827816
v 0.262347234127 -0.353634791852 0.983135044305
v 0.264093999451 -0.337352783183 0.983104793041
v 0.264093999451 -0.337352783183 0.983104793041
v 0.233109519079 -0.357266880999 0.983129192096
v 0.233109519079 -0.357266880999 0.983129192096
v 0.264093999451 -0.337352783183 0.983104793041
v 0.264897803438 -0.340972521087 0.949263887734
v 0.233913323067 -0.360886544047 0.949288286789
v 0.233913323067 -0.360886544047 0.949288286789
v 0.264897803438 -0.340972521087 0.949263887734
v 0.263150888402 -0.357254454899 0.949294138997
v 0.249451562279 -0.366059245028 0.949304912606
v 0.263150888402 -0.357254454899 0.949294138997
v 0.264897803438 -0.340972521087 0.949263887734
v 0.264093999451 -0.337352783183 0.983104793041
v 0.262347234127 -0.353634791852 0.983135044305
v 0.233913323067 -0.360886544047 0.949288286789
v 0.249451562279 -0.366059245028 0.949304912606
v 0.248647833148 -0.36243958198 0.983145827816
v 0.233109519079 -0.357266880999 0.983129192096
v 0.275321579656 -0.34881795641 0.949284316001
v 0.288373401171 -0.3390789631 0.949273453272
v 0.287379238314 -0.335591271223 0.983114487308
v 0.2743274168 -0.345330264533 0.983125350037
v 0.2743274168 -0.345330264533 0.983125350037
v 0.287379238314 -0.335591271223 0.983114487308
v 0.287986021246 -0.31922707064 0.983084800471
v 0.258466248699 -0.341253979738 0.983109357962
v 0.258466248699 -0.341253979738 0.983109357962
v 0.287986021246 -0.31922707064 0.983084800471
v 0.288980109247 -0.322714762517 0.949243776337
v 0.2594603367 -0.344741671615 0.949268333828
v 0.2594603367 -0.344741671615 0.949268333828
v 0.2594603367 -0.344741671615 0.949268333828
v 0.288980109247 -0.322714762517 0.949243776337
v 0.288373401171 -0.3390789631 0.949273453272
v 0.288373401171 -0.3390789631 0.949273453272
v 0.275321579656 -0.34881795641 0.949284316001
v 0.288373401171 -0.3390789631 0.949273453272
v 0.288980109247 -0.322714762517 0.949243776337
v 0.287986021246 -0.31922707064 0.983084800471
v 0.287379238314 -0.335591271223 0.983114487308
v 0.2594603367 -0.344741671615 0.949268333828
v 0.275321579656 -0.34881795641 0.949284316001
v 0.2743274168 -0.345330264533 0.983125350037
v 0.258466248699 -0.341253979738 0.983109357962
v 0.299925781666 -0.329813958135 0.949263560961
v 0.312266470951 -0.31918829522 0.949252668525
v 0.311091605652 -0.315845599461 0.983093900606
v 0.298750991223 -0.326471187521 0.983104753432
v 0.298750991223 -0.326471187521 0.983104753432
v 0.311091605652 -0.315845599461 0.983093900606
v 0.310555411951 -0.299478704061 0.983064768292
v 0.282644070795 -0.323511230614 0.983089375294
v 0.282644070795 -0.323511230614 0.983089375294
v 0.310555411951 -0.299478704061 0.983064768292
v 0.311730202394 -0.302821549532 0.949223575821
v 0.283818936094 -0.326854076084 0.949248133311
v 0.283818936094 -0.326854076084 0.949248133311
v 0.311730202394 -0.302821549532 0.949223575821
v 0.312266470951 -0.31918829522 0.949252668525
v 0.299925781666 -0.329813958135 0.949263560961
v 0.312266470951 -0.31918829522 0.949252668525
v 0.311730202394 -0.302821549532 0.949223575821
v 0.310555411951 -0.299478704061 0.983064768292
v 0.311091605652 -0.315845599461 0.983093900606
v 0.283818936094 -0.326854076084 0.949248133311
v 0.299925781666 -0.329813958135 0.949263560961
v 0.298750991223 -0.326471187521 0.983104753432
v 0.282644070795 -0.323511230614 0.983089375294
v 0.323144473524 -0.309139996818 0.94924280592
v 0.334713921192 -0.297679314953 0.949231943192
v 0.33336890815 -0.294493741989 0.983073343609
v 0.321799460482 -0.305954423854 0.983084166729
v 0.321799460482 -0.305954423854 0.983084166729
v 0.321799460482 -0.305954423854 0.983084166729
v 0.33336890815 -0.294493741989 0.983073343609
v 0.331692208065 -0.278204172862 0.983044864842
v 0.331692208065 -0.278204172862 0.983044864842
v 0.305525311696 -0.304125167192 0.983069333213
v 0.305525311696 -0.304125167192 0.983069333213
v 0.331692208065 -0.278204172862 0.983044864842
v 0.333037295963 -0.281389745826 0.949203464424
v 0.306870324738 -0.307310740156 0.949227992208
v 0.306870324738 -0.307310740156 0.949227992208
v 0.306870324738 -0.307310740156 0.949227992208
v 0.333037295963 -0.281389745826 0.949203464424
v 0.334713921192 -0.297679314953 0.949231943192
v 0.334713921192 -0.297679314953 0.949231943192
v 0.323144473524 -0.309139996818 0.94924280592
v 0.334713921192 -0.297679314953 0.949231943192
v 0.333037295963 -0.281389745826 0.949203464424
v 0.331692208065 -0.278204172862 0.983044864842
v 0.33336890815 -0.294493741989 0.983073343609
v 0.306870324738 -0.307310740156 0.949227992208
v 0.323144473524 -0.309139996818 0.94924280592
v 0.321799460482 -0.305954423854 0.983084166729
v 0.305525311696 -0.304125167192 0.983069333213
v 0.344864472922 -0.286896678955 0.94922214
v 0.355606237532 -0.27465689559 0.949211396098
v 0.354102380007 -0.271639973249 0.98305290544
v 0.343360615397 -0.283879831469 0.983063649342
v 0.343360615397 -0.283879831469 0.983063649342
v 0.354102380007 -0.271639973249 0.98305290544
v 0.351293557412 -0.25550707778 0.983025060414
v 0.326998435927 -0.283190182919 0.983049390154
v 0.326998435927 -0.283190182919 0.983049390154
v 0.351293557412 -0.25550707778 0.983025060414
v 0.352797340082 -0.258523925266 0.949183551072
v 0.328502218596 -0.286207030404 0.949207870909
v 0.328502218596 -0.286207030404 0.949207870909
v 0.352797340082 -0.258523925266 0.949183551072
v 0.355606237532 -0.27465689559 0.949211396098
v 0.344864472922 -0.286896678955 0.94922214
v 0.355606237532 -0.27465689559 0.949211396098
v 0.352797340082 -0.258523925266 0.949183551072
v 0.351293557412 -0.25550707778 0.983025060414
v 0.354102380007 -0.271639973249 0.98305290544
v 0.328502218596 -0.286207030404 0.949207870909
v 0.344864472922 -0.286896678955 0.94922214
v 0.343360615397 -0.283879831469 0.983063649342
v 0.326998435927 -0.283190182919 0.983049390154
v 0.364979933444 -0.263192396068 0.94920170183
v 0.374841690633 -0.250233171455 0.949191126266
v 0.373191190156 -0.247395604148 0.983032794043
v 0.363329507823 -0.260354903616 0.983043369608
v 0.363329507823 -0.260354903616 0.983043369608
v 0.373191190156 -0.247395604148 0.983032794043
v 0.369263719137 -0.231497831451 0.98300563227
v 0.346958944478 -0.260808306555 0.983029585726
v 0.346958944478 -0.260808306555 0.983029585726
v 0.369263719137 -0.231497831451 0.98300563227
v 0.370914144758 -0.234335323903 0.949163964493
v 0.348609519811 -0.263645873862 0.949187917948
v 0.348609519811 -0.263645873862 0.949187917948
v 0.370914144758 -0.234335323903 0.949163964493
v 0.374841690633 -0.250233171455 0.949191126266
v 0.364979933444 -0.263192396068 0.94920170183
v 0.374841690633 -0.250233171455 0.949191126266
v 0.370914144758 -0.234335323903 0.949163964493
v 0.369263719137 -0.231497831451 0.98300563227
v 0.373191190156 -0.247395604148 0.983032794043
v 0.348609519811 -0.263645873862 0.949187917948
v 0.364979933444 -0.263192396068 0.94920170183
v 0.363329507823 -0.260354903616 0.983043369608
v 0.346958944478 -0.260808306555 0.983029585726
v 0.383392718839 -0.238142725859 0.949181540923
v 0.392326485897 -0.224527088771 0.949171133696
v 0.390542217706 -0.221878682636 0.983012959909
v 0.381608525504 -0.235494319725 0.98302338694
v 0.381608525504 -0.235494319725 0.98302338694
v 0.390542217706 -0.221878682636 0.983012959909
v 0.38551533626 -0.206293433841 0.982986471486
v 0.365309599374 -0.237088603327 0.983010048658
v 0.365309599374 -0.237088603327 0.983010048658
v 0.38551533626 -0.206293433841 0.982986471486
v 0.387299604452 -0.208941914831 0.949144684882
v 0.367093792709 -0.239736934605 0.94916820264
v 0.367093792709 -0.239736934605 0.94916820264
v 0.387299604452 -0.208941914831 0.949144684882
v 0.392326485897 -0.224527088771 0.949171133696
v 0.383392718839 -0.238142725859 0.949181540923
v 0.392326485897 -0.224527088771 0.949171133696
v 0.387299604452 -0.208941914831 0.949144684882
v 0.38551533626 -0.206293433841 0.982986471486
v 0.390542217706 -0.221878682636 0.983012959909
v 0.367093792709 -0.239736934605 0.94916820264
v 0.383392718839 -0.238142725859 0.949181540923
v 0.381608525504 -0.235494319725 0.98302338694
v 0.365309599374 -0.237088603327 0.983010048658
v 0.400013451017 -0.211869608791 0.949161795908
v 0.407975661738 -0.197663881665 0.949151616432
v 0.406071099915 -0.19521354457 0.982993620885
v 0.398108964051 -0.209419271697 0.98300375085
v 0.398108964051 -0.209419271697 0.98300375085
v 0.406071099915 -0.19521354457 0.982993620885
v 0.399969285963 -0.180016948252 0.982967855324
v 0.381960872809 -0.212146501225 0.982990798754
v 0.381960872809 -0.212146501225 0.982990798754
v 0.399969285963 -0.180016948252 0.982967855324
v 0.401873772929 -0.182467285346 0.949125900382
v 0.38386528492 -0.214596838319 0.949148853714
v 0.38386528492 -0.214596838319 0.949148853714
v 0.38386528492 -0.214596838319 0.949148853714
v 0.401873772929 -0.182467285346 0.949125900382
v 0.407975661738 -0.197663881665 0.949151616432
v 0.407975661738 -0.197663881665 0.949151616432
v 0.400013451017 -0.211869608791 0.949161795908
v 0.407975661738 -0.197663881665 0.949151616432
v 0.401873772929 -0.182467285346 0.949125900382
v 0.399969285963 -0.180016948252 0.982967855324
v 0.406071099915 -0.19521354457 0.982993620885
v 0.38386528492 -0.214596838319 0.949148853714
v 0.400013451017 -0.211869608791 0.949161795908
v 0.398108964051 -0.209419271697 0.98300375085
v 0.381960872809 -0.212146501225 0.982990798754
v 0.414760836334 -0.184501048667 0.9491425262
v 0.421712790153 -0.16977454818 0.949132673497
v 0.419702082488 -0.167530065152 0.982974747265
v 0.412750278382 -0.182256565638 0.982984639577
v 0.412750278382 -0.182256565638 0.982984639577
v 0.419702082488 -0.167530065152 0.982974747265
v 0.412555053871 -0.152796079063 0.982949734273
v 0.396831695711 -0.186103566431 0.982972053863
v 0.396831695711 -0.186103566431 0.982972053863
v 0.412555053871 -0.152796079063 0.982949734273
v 0.414565611823 -0.155040562091 0.949107620895
v 0.398842328519 -0.18834804946 0.949129940486
v 0.398842328519 -0.18834804946 0.949129940486
v 0.414565611823 -0.155040562091 0.949107620895
v 0.421712790153 -0.16977454818 0.949132673497
v 0.414760836334 -0.184501048667 0.9491425262
v 0.421712790153 -0.16977454818 0.949132673497
v 0.414565611823 -0.155040562091 0.949107620895
v 0.412555053871 -0.152796079063 0.982949734273
v 0.419702082488 -0.167530065152 0.982974747265
v 0.398842328519 -0.18834804946 0.949129940486
v 0.414760836334 -0.184501048667 0.9491425262
v 0.412750278382 -0.182256565638 0.982984639577
v 0.396831695711 -0.186103566431 0.982972053863
v 0.427563237576 -0.156170364063 0.949123850624
v 0.433470875002 -0.140994802288 0.949114354401
v 0.431368693276 -0.138963134936 0.982956596507
v 0.425461130706 -0.154138771568 0.98296609273
v 0.425461130706 -0.154138771568 0.98296609273
v 0.431368693276 -0.138963134936 0.982956596507
v 0.423211258044 -0.124763471148 0.982932316278
v 0.409849682302 -0.159086754764 0.982953833789
v 0.409849682302 -0.159086754764 0.982953833789
v 0.423211258044 -0.124763471148 0.982932316278
v 0.425313364915 -0.126795213355 0.949090074172
v 0.411951789172 -0.161118422115 0.949111591683
v 0.411951789172 -0.161118422115 0.949111591683
v 0.411951789172 -0.161118422115 0.949111591683
v 0.425313364915 -0.126795213355 0.949090074172
v 0.433470875002 -0.140994802288 0.949114354401
v 0.433470875002 -0.140994802288 0.949114354401
v 0.427563237576 -0.156170364063 0.949123850624
v 0.433470875002 -0.140994802288 0.949114354401
v 0.425313364915 -0.126795213355 0.949090074172
v 0.423211258044 -0.124763471148 0.982932316278
v 0.431368693276 -0.138963134936 0.982956596507
v 0.411951789172 -0.161118422115 0.949111591683
v 0.427563237576 -0.156170364063 0.949123850624
v 0.425461130706 -0.154138771568 0.98296609273
v 0.409849682302 -0.159086754764 0.982953833789
v 0.438358149963 -0.127015664346 0.949105828595
v 0.443192801138 -0.111464999034 0.949096688851
v 0.441014191412 -0.109651986129 0.982939089393
v 0.436179540236 -0.125202726297 0.982948209332
v 0.436179540236 -0.125202726297 0.982948209332
v 0.436179540236 -0.125202726297 0.982948209332
v 0.441014191412 -0.109651986129 0.982939089393
v 0.431886023259 -0.0960558864628 0.982915561732
v 0.431886023259 -0.0960558864628 0.982915561732
v 0.420951279819 -0.131227663113 0.982936197946
v 0.420951279819 -0.131227663113 0.982936197946
v 0.431886023259 -0.0960558864628 0.982915561732
v 0.434064632986 -0.0978689742237 0.949073171093
v 0.423129889546 -0.133040601162 0.949093846916
v 0.423129889546 -0.133040601162 0.949093846916
v 0.434064632986 -0.0978689742237 0.949073171093
v 0.443192801138 -0.111464999034 0.949096688851
v 0.438358149963 -0.127015664346 0.949105828595
v 0.443192801138 -0.111464999034 0.949096688851
v 0.434064632986 -0.0978689742237 0.949073171093
v 0.431886023259 -0.0960558864628 0.982915561732
v 0.441014191412 -0.109651986129 0.982939089393
v 0.423129889546 -0.133040601162 0.949093846916
v 0.438358149963 -0.127015664346 0.949105828595
v 0.436179540236 -0.125202726297 0.982948209332
v 0.420951279819 -0.131227663113 0.982936197946
v 0.447093024565 -0.0971789513931 0.94908858884
v 0.450831184698 -0.081328861984 0.949079904599
v 0.448591492456 -0.0797393691673 0.982922414064
v 0.444853407178 -0.0955894585764 0.98293111811
v 0.444853407178 -0.0955894585764 0.98293111811
v 0.448591492456 -0.0797393691673 0.982922414064
v 0.438537130716 -0.0668131560614 0.982899658777
v 0.430082517069 -0.102661930594 0.982919334476
v 0.430082517069 -0.102661930594 0.982919334476
v 0.438537130716 -0.0668131560614 0.982899658777
v 0.440776822959 -0.0684026488781 0.949057149311
v 0.4323220596 -0.104251498267 0.949076815108
v 0.4323220596 -0.104251498267 0.949076815108
v 0.440776822959 -0.0684026488781 0.949057149311
v 0.450831184698 -0.081328861984 0.949079904599
v 0.447093024565 -0.0971789513931 0.94908858884
v 0.450831184698 -0.081328861984 0.949079904599
v 0.440776822959 -0.0684026488781 0.949057149311
v 0.438537130716 -0.0668131560614 0.982899658777
v 0.448591492456 -0.0797393691673 0.982922414064
v 0.4323220596 -0.104251498267 0.949076815108
v 0.447093024565 -0.0971789513931 0.94908858884
v 0.444853407178 -0.0955894585764 0.98293111811
v 0.430082517069 -0.102661930594 0.982919334476
v 0.45372534316 -0.0668055956029 0.949072210578
v 0.456348747382 -0.0507332586581 0.949063991741
v 0.454063916957 -0.0493709538747 0.982906629935
v 0.451440512735 -0.0654432908195 0.982914848773
v 0.451440512735 -0.0654432908195 0.982914848773
v 0.454063916957 -0.0493709538747 0.982906629935
v 0.443132242615 -0.0371775812452 0.982884637118
v 0.437198929573 -0.0735288642678 0.982903233476
v 0.437198929573 -0.0735288642678 0.982903233476
v 0.443132242615 -0.0371775812452 0.982884637118
v 0.445417147896 -0.0385398860287 0.949041998923
v 0.439483759998 -0.0748911690513 0.949060595281
v 0.439483759998 -0.0748911690513 0.949060595281
v 0.445417147896 -0.0385398860287 0.949041998923
v 0.456348747382 -0.0507332586581 0.949063991741
v 0.45372534316 -0.0668055956029 0.949072210578
v 0.456348747382 -0.0507332586581 0.949063991741
v 0.445417147896 -0.0385398860287 0.949041998923
v 0.443132242615 -0.0371775812452 0.982884637118
v 0.454063916957 -0.0493709538747 0.982906629935
v 0.439483759998 -0.0748911690513 0.949060595281
v 0.45372534316 -0.0668055956029 0.949072210578
v 0.451440512735 -0.0654432908195 0.982914848773
v 0.437198929573 -0.0735288642678 0.982903233476
v 0.458222842803 -0.0360435124793 0.94905674332
v 0.459718690733 -0.0198273771121 0.949049009691
v 0.457404441891 -0.0186948803228 0.982891766712
v 0.45590859396 -0.03491101569 0.982899460732
v 0.45590859396 -0.03491101569 0.982899460732
v 0.457404441891 -0.0186948803228 0.982891766712
v 0.445648902147 -0.00729363414087 0.982870536365
v 0.442265709279 -0.0439702414444 0.98288795436
v 0.442265709279 -0.0439702414444 0.98288795436
v 0.445648902147 -0.00729363414087 0.982870536365
v 0.447963001277 -0.0084261309302 0.949027779344
v 0.444579883266 -0.0451028130898 0.949045207241
v 0.444579883266 -0.0451028130898 0.949045207241
v 0.444579883266 -0.0451028130898 0.949045207241
v 0.447963001277 -0.0084261309302 0.949027779344
v 0.459718690733 -0.0198273771121 0.949049009691
v 0.459718690733 -0.0198273771121 0.949049009691
v 0.458222842803 -0.0360435124793 0.94905674332
v 0.459718690733 -0.0198273771121 0.949049009691
v 0.447963001277 -0.0084261309302 0.949027779344
v 0.445648902147 -0.00729363414087 0.982870536365
v 0.457404441891 -0.0186948803228 0.982891766712
v 0.444579883266 -0.0451028130898 0.949045207241
v 0.458222842803 -0.0360435124793 0.94905674332
v 0.45590859396 -0.03491101569 0.982899460732
v 0.442265709279 -0.0439702414444 0.98288795436
v 0.46056336611 -0.00504263863871 0.949042246479
v 0.460924396714 0.0112383969014 0.949035106983
v 0.458596973212 0.0121396634322 0.982877933319
v 0.458235942607 -0.00414137210797 0.982885112424
v 0.458235942607 -0.00414137210797 0.982885112424
v 0.458235942607 -0.00414137210797 0.982885112424
v 0.458596973212 0.0121396634322 0.982877933319
v 0.446074683212 0.0226930902846 0.982857465443
v 0.446074683212 0.0226930902846 0.982857465443
v 0.445258153701 -0.0141302348263 0.982873655563
v 0.445258153701 -0.0141302348263 0.982873655563
v 0.446074683212 0.0226930902846 0.982857465443
v 0.448402106715 0.0217918986099 0.949014629204
v 0.447585577203 -0.015031501357 0.949030829226
v 0.447585577203 -0.015031501357 0.949030829226
v 0.448402106715 0.0217918986099 0.949014629204
v 0.460924396714 0.0112383969014 0.949035106983
v 0.46056336611 -0.00504263863871 0.949042246479
v 0.460924396714 0.0112383969014 0.949035106983
v 0.448402106715 0.0217918986099 0.949014629204
v 0.446074683212 0.0226930902846 0.982857465443
v 0.458596973212 0.0121396634322 0.982877933319
v 0.447585577203 -0.015031501357 0.949030829226
v 0.46056336611 -0.00504263863871 0.949042246479
v 0.458235942607 -0.00414137210797 0.982885112424
v 0.445258153701 -0.0141302348263 0.982873655563
v 0.460735759534 0.0260460413182 0.949028858686
v 0.460735759534 0.0260460413182 0.949028858686
v 0.459960176267 0.0423125547897 0.949022283616
v 0.457635747006 0.0429821419257 0.982865238681
v 0.457635747006 0.0429821419257 0.982865238681
v 0.458411330272 0.0267156284542 0.982871813751
v 0.458411330272 0.0267156284542 0.982871813751
v 0.457635747006 0.0429821419257 0.982865238681
v 0.444407789266 0.0526364730721 0.982845493666
v 0.44616189048 0.0158458600437 0.982860356889
v 0.44616189048 0.0158458600437 0.982860356889
v 0.44616189048 0.0158458600437 0.982860356889
v 0.444407789266 0.0526364730721 0.982845493666
v 0.446732218528 0.0519668859361 0.949002568308
v 0.446732218528 0.0519668859361 0.949002568308
v 0.448486394598 0.0151762729077 0.949017401824
v 0.448486394598 0.0151762729077 0.949017401824
v 0.446732218528 0.0519668859361 0.949002568308
v 0.459960176267 0.0423125547897 0.949022283616
v 0.460735759534 0.0260460413182 0.949028858686
v 0.459960176267 0.0423125547897 0.949022283616
v 0.446732218528 0.0519668859361 0.949002568308
v 0.444407789266 0.0526364730721 0.982845493666
v 0.457635747006 0.0429821419257 0.982865238681
v 0.448486394598 0.0151762729077 0.949017401824
v 0.460735759534 0.0260460413182 0.949028858686
v 0.458411330272 0.0267156284542 0.982871813751
v 0.44616189048 0.0158458600437 0.982860356889
v 0.458739124801 0.0570710936547 0.949016639354
v 0.456830745322 0.0732438873839 0.949010707927
v 0.454525479202 0.0736826185414 0.982853742211
v 0.456433783826 0.0575097499562 0.982859673637
v 0.456433783826 0.0575097499562 0.982859673637
v 0.454525479202 0.0736826185414 0.982853742211
v 0.440656155048 0.0823906946866 0.982834710155
v 0.444972428256 0.0458119990626 0.982848177166
v 0.444972428256 0.0458119990626 0.982848177166
v 0.440656155048 0.0823906946866 0.982834710155
v 0.442961496024 0.0819520383851 0.948991715481
v 0.447277769232 0.045373267905 0.949005132981
v 0.447277769232 0.045373267905 0.949005132981
v 0.442961496024 0.0819520383851 0.948991715481
v 0.456830745322 0.0732438873839 0.949010707927
v 0.458739124801 0.0570710936547 0.949016639354
v 0.456830745322 0.0732438873839 0.949010707927
v 0.442961496024 0.0819520383851 0.948991715481
v 0.440656155048 0.0823906946866 0.982834710155
v 0.454525479202 0.0736826185414 0.982853742211
v 0.447277769232 0.045373267905 0.949005132981
v 0.458739124801 0.0570710936547 0.949016639354
v 0.456433783826 0.0575097499562 0.982859673637
v 0.444972428256 0.0458119990626 0.982848177166
v 0.454583193197 0.0878811594897 0.949005578581
v 0.451551299651 0.103881559795 0.949000290798
v 0.449281141006 0.104091306375 0.982843404299
v 0.452313034552 0.0880909809254 0.982848701984
v 0.452313034552 0.0880909809254 0.982848701984
v 0.449281141006 0.104091306375 0.982843404299
v 0.434838195139 0.111810759009 0.982825134714
v 0.441695456087 0.0756222129831 0.982837066882
v 0.441695456087 0.0756222129831 0.982837066882
v 0.434838195139 0.111810759009 0.982825134714
v 0.437108353784 0.11160101243 0.948982021214
v 0.443965764444 0.0754125412595 0.948994002892
v 0.443965764444 0.0754125412595 0.948994002892
v 0.443965764444 0.0754125412595 0.948994002892
v 0.437108353784 0.11160101243 0.948982021214
v 0.451551299651 0.103881559795 0.949000290798
v 0.451551299651 0.103881559795 0.949000290798
v 0.454583193197 0.0878811594897 0.949005578581
v 0.451551299651 0.103881559795 0.949000290798
v 0.437108353784 0.11160101243 0.948982021214
v 0.434838195139 0.111810759009 0.982825134714
v 0.449281141006 0.104091306375 0.982843404299
v 0.443965764444 0.0754125412595 0.948994002892
v 0.454583193197 0.0878811594897 0.949005578581
v 0.452313034552 0.0880909809254 0.982848701984
v 0.441695456087 0.0756222129831 0.982837066882
v 0.44828810099 0.118326451919 0.948995765487
v 0.444147440014 0.134076309112 0.948991160957
v 0.441928333178 0.134060140211 0.982834353676
v 0.446068994154 0.118310208162 0.982838958205
v 0.446068994154 0.118310208162 0.982838958205
v 0.446068994154 0.118310208162 0.982838958205
v 0.441928333178 0.134060140211 0.982834353676
v 0.426982055405 0.140753316754 0.982816757441
v 0.426982055405 0.140753316754 0.982816757441
v 0.436347068018 0.105131281118 0.982827214179
v 0.436347068018 0.105131281118 0.982827214179
v 0.426982055405 0.140753316754 0.982816757441
v 0.429201237097 0.140769635367 0.948973564723
v 0.43856624971 0.105147524876 0.948984021461
v 0.43856624971 0.105147524876 0.948984021461
v 0.43856624971 0.105147524876 0.948984021461
v 0.429201237097 0.140769635367 0.948973564723
v 0.444147440014 0.134076309112 0.948991160957
v 0.444147440014 0.134076309112 0.948991160957
v 0.44828810099 0.118326451919 0.948995765487
v 0.444147440014 0.134076309112 0.948991160957
v 0.429201237097 0.140769635367 0.948973564723
v 0.426982055405 0.140753316754 0.982816757441
v 0.441928333178 0.134060140211 0.982834353676
v 0.43856624971 0.105147524876 0.948984021461
v 0.44828810099 0.118326451919 0.948995765487
v 0.446068994154 0.118310208162 0.982838958205
v 0.436347068018 0.105131281118 0.982827214179
v 0.439884614007 0.148258456591 0.948987269387
v 0.434655471584 0.163681118102 0.948983338208
v 0.43250298661 0.163443001089 0.982826580438
v 0.437732129033 0.148020339578 0.982830501714
v 0.437732129033 0.148020339578 0.982830501714
v 0.43250298661 0.163443001089 0.982826580438
v 0.417126211841 0.169077414027 0.982809667456
v 0.428953239089 0.13419533019 0.982818559644
v 0.428953239089 0.13419533019 0.982818559644
v 0.417126211841 0.169077414027 0.982809667456
v 0.419278696816 0.16931553104 0.948966435129
v 0.431105724063 0.134433447203 0.948975287708
v 0.431105724063 0.134433447203 0.948975287708
v 0.431105724063 0.134433447203 0.948975287708
v 0.419278696816 0.16931553104 0.948966435129
v 0.434655471584 0.163681118102 0.948983338208
v 0.434655471584 0.163681118102 0.948983338208
v 0.439884614007 0.148258456591 0.948987269387
v 0.434655471584 0.163681118102 0.948983338208
v 0.419278696816 0.16931553104 0.948966435129
v 0.417126211841 0.169077414027 0.982809667456
v 0.43250298661 0.163443001089 0.982826580438
v 0.431105724063 0.134433447203 0.948975287708
v 0.439884614007 0.148258456591 0.948987269387
v 0.437732129033 0.148020339578 0.982830501714
v 0.428953239089 0.13419533019 0.982818559644
v 0.429413753349 0.17753135397 0.948980100184
v 0.423121430816 0.192551739208 0.948976891867
v 0.421050988044 0.192096914005 0.982820173705
v 0.427343235721 0.177076603623 0.98282337212
v 0.427343235721 0.177076603623 0.98282337212
v 0.427343235721 0.177076603623 0.98282337212
v 0.421050988044 0.192096914005 0.982820173705
v 0.405318572304 0.196644941464 0.982803943977
v 0.405318572304 0.196644941464 0.982803943977
v 0.419550049903 0.162672957169 0.982811152788
v 0.419550049903 0.162672957169 0.982811152788
v 0.405318572304 0.196644941464 0.982803943977
v 0.407389015076 0.197099766667 0.948960622529
v 0.421620492675 0.163127707516 0.948967880852
v 0.421620492675 0.163127707516 0.948967880852
v 0.407389015076 0.197099766667 0.948960622529
v 0.423121430816 0.192551739208 0.948976891867
v 0.429413753349 0.17753135397 0.948980100184
v 0.423121430816 0.192551739208 0.948976891867
v 0.407389015076 0.197099766667 0.948960622529
v 0.405318572304 0.196644941464 0.982803943977
v 0.421050988044 0.192096914005 0.982820173705
v 0.421620492675 0.163127707516 0.948967880852
v 0.429413753349 0.17753135397 0.948980100184
v 0.427343235721 0.177076603623 0.98282337212
v 0.419550049903 0.162672957169 0.982811152788
v 0.416926346257 0.206002543331 0.948974287584
v 0.409601684294 0.220547368247 0.948971841738
v 0.407628105217 0.21988212276 0.982815163185
v 0.41495276718 0.205337297844 0.982817638738
v 0.41495276718 0.205337297844 0.982817638738
v 0.407628105217 0.21988212276 0.982815163185
v 0.391616701076 0.223321831926 0.982799537491
v 0.408183237493 0.190425229274 0.982805102536
v 0.408183237493 0.190425229274 0.982805102536
v 0.391616701076 0.223321831926 0.982799537491
v 0.393590355009 0.223987002556 0.948956176435
v 0.410156816569 0.191090325048 0.94896179099
v 0.410156816569 0.191090325048 0.94896179099
v 0.410156816569 0.191090325048 0.94896179099
v 0.393590355009 0.223987002556 0.948956176435
v 0.409601684294 0.220547368247 0.948971841738
v 0.409601684294 0.220547368247 0.948971841738
v 0.416926346257 0.206002543331 0.948974287584
v 0.409601684294 0.220547368247 0.948971841738
v 0.393590355009 0.223987002556 0.948956176435
v 0.391616701076 0.223321831926 0.982799537491
v 0.407628105217 0.21988212276 0.982815163185
v 0.410156816569 0.191090325048 0.94896179099
v 0.416926346257 0.206002543331 0.948974287584
v 0.41495276718 0.205337297844 0.982817638738
v 0.408183237493 0.190425229274 0.982805102536
v 0.40248340039 0.23353331646 0.948969920708
v 0.394161880753 0.247531767256 0.948968197723
v 0.392299687441 0.246663512232 0.982811558779
v 0.400621207077 0.23266498658 0.982813281764
v 0.400621207077 0.23266498658 0.982813281764
v 0.400621207077 0.23266498658 0.982813281764
v 0.392299687441 0.246663512232 0.982811558779
v 0.376087369731 0.24897783593 0.982796527218
v 0.376087369731 0.24897783593 0.982796527218
v 0.394908345026 0.217316956525 0.982800418788
v 0.394908345026 0.217316956525 0.982800418788
v 0.376087369731 0.24897783593 0.982796527218
v 0.377949637899 0.249846240666 0.948953136455
v 0.396770538339 0.218185286405 0.948957067634
v 0.396770538339 0.218185286405 0.948957067634
v 0.396770538339 0.218185286405 0.948957067634
v 0.377949637899 0.249846240666 0.948953136455
v 0.394161880753 0.247531767256 0.948968197723
v 0.394161880753 0.247531767256 0.948968197723
v 0.40248340039 0.23353331646 0.948969920708
v 0.394161880753 0.247531767256 0.948968197723
v 0.377949637899 0.249846240666 0.948953136455
v 0.376087369731 0.24897783593 0.982796527218
v 0.392299687441 0.246663512232 0.982811558779
v 0.396770538339 0.218185286405 0.948957067634
v 0.40248340039 0.23353331646 0.948969920708
v 0.400621207077 0.23266498658 0.982813281764
v 0.394908345026 0.217316956525 0.982800418788
v 0.386155130698 0.259989531362 0.948966999555
v 0.376877475066 0.273373489056 0.948965989529
v 0.375140590737 0.272310308945 0.982809400096
v 0.38441824637 0.258926351252 0.982810350709
v 0.38441824637 0.258926351252 0.982810350709
v 0.375140590737 0.272310308945 0.982809400096
v 0.358806257708 0.273488168485 0.982794893353
v 0.379789823541 0.243217215736 0.982797081742
v 0.379789823541 0.243217215736 0.982797081742
v 0.358806257708 0.273488168485 0.982794893353
v 0.360543291748 0.274551423452 0.948951482786
v 0.381526857581 0.244280470703 0.948953690979
v 0.381526857581 0.244280470703 0.948953690979
v 0.381526857581 0.244280470703 0.948953690979
v 0.360543291748 0.274551423452 0.948951482786
v 0.376877475066 0.273373489056 0.948965989529
v 0.376877475066 0.273373489056 0.948965989529
v 0.386155130698 0.259989531362 0.948966999555
v 0.376877475066 0.273373489056 0.948965989529
v 0.360543291748 0.274551423452 0.948951482786
v 0.358806257708 0.273488168485 0.982794893353
v 0.375140590737 0.272310308945 0.982809400096
v 0.381526857581 0.244280470703 0.948953690979
v 0.386155130698 0.259989531362 0.948966999555
v 0.38441824637 0.258926351252 0.982810350709
v 0.379789823541 0.243217215736 0.982797081742
v 0.368021183993 0.285242435677 0.948965474614
v 0.35783245569 0.297946550959 0.948965236961
v 0.356234129862 0.296697727908 0.982808627724
v 0.366422708453 0.283993612626 0.982808865377
v 0.366422708453 0.283993612626 0.982808865377
v 0.356234129862 0.296697727908 0.982808627724
v 0.339857428323 0.29673328452 0.982794645798
v 0.362901555933 0.267999874507 0.982795121104
v 0.362901555933 0.267999874507 0.982795121104
v 0.339857428323 0.29673328452 0.982794645798
v 0.341455829007 0.297982257283 0.948951255035
v 0.364499881761 0.269248772413 0.948951730341
v 0.364499881761 0.269248772413 0.948951730341
v 0.364499881761 0.269248772413 0.948951730341
v 0.341455829007 0.297982257283 0.948951255035
v 0.35783245569 0.297946550959 0.948965236961
v 0.35783245569 0.297946550959 0.948965236961
v 0.368021183993 0.285242435677 0.948965474614
v 0.35783245569 0.297946550959 0.948965236961
v 0.341455829007 0.297982257283 0.948951255035
v 0.339857428323 0.29673328452 0.982794645798
v 0.356234129862 0.296697727908 0.982808627724
v 0.364499881761 0.269248772413 0.948951730341
v 0.368021183993 0.285242435677 0.948965474614
v 0.366422708453 0.283993612626 0.982808865377
v 0.362901555933 0.267999874507 0.982795121104
v 0.348169890381 0.309168741531 0.948965345885
v 0.337119868664 0.321131258182 0.948965920214
v 0.335672602293 0.319706897755 0.982809310977
v 0.34672262401 0.307744381104 0.98280874655
v 0.34672262401 0.307744381104 0.98280874655
v 0.34672262401 0.307744381104 0.98280874655
v 0.335672602293 0.319706897755 0.982809310977
v 0.319333328766 0.318600076582 0.98279577465
v 0.319333328766 0.318600076582 0.98279577465
v 0.344325509549 0.291544040358 0.982794526971
v 0.344325509549 0.291544040358 0.982794526971
v 0.319333328766 0.318600076582 0.98279577465
v 0.320780595137 0.320024511865 0.948952364083
v 0.345772775919 0.292968475641 0.948951175817
v 0.345772775919 0.292968475641 0.948951175817
v 0.345772775919 0.292968475641 0.948951175817
v 0.320780595137 0.320024511865 0.948952364083
v 0.337119868664 0.321131258182 0.948965920214
v 0.337119868664 0.321131258182 0.948965920214
v 0.348169890381 0.309168741531 0.948965345885
v 0.337119868664 0.321131258182 0.948965920214
v 0.320780595137 0.320024511865 0.948952364083
v 0.319333328766 0.318600076582 0.98279577465
v 0.335672602293 0.319706897755 0.982809310977
v 0.345772775919 0.292968475641 0.948951175817
v 0.348169890381 0.309168741531 0.948965345885
v 0.34672262401 0.307744381104 0.98280874655
v 0.344325509549 0.291544040358 0.982794526971
v 0.326697963846 0.33165219752 0.948966761902
v 0.314840395341 0.342814727841 0.948968039287
v 0.313556165391 0.341225684161 0.98281143005
v 0.325413733896 0.33006315384 0.982810113056
v 0.325413733896 0.33006315384 0.982810113056
v 0.325413733896 0.33006315384 0.982810113056
v 0.313556165391 0.341225684161 0.98281143005
v 0.297333891829 0.338981799981 0.982798339323
v 0.297333891829 0.338981799981 0.982798339323
v 0.324152484745 0.313735108716 0.982795358757
v 0.324152484745 0.313735108716 0.982795358757
v 0.297333891829 0.338981799981 0.982798339323
v 0.298618046924 0.340570918517 0.948954938658
v 0.325436714695 0.315324152397 0.948952007603
v 0.325436714695 0.315324152397 0.948952007603
v 0.298618046924 0.340570918517 0.948954938658
v 0.314840395341 0.342814727841 0.948968039287
v 0.326697963846 0.33165219752 0.948966761902
v 0.314840395341 0.342814727841 0.948968039287
v 0.298618046924 0.340570918517 0.948954938658
v 0.297333891829 0.338981799981 0.982798339323
v 0.313556165391 0.341225684161 0.98281143005
v 0.325436714695 0.315324152397 0.948952007603
v 0.326697963846 0.33165219752 0.948966761902
v 0.325413733896 0.33006315384 0.982810113056
v 0.324152484745 0.313735108716 0.982795358757
v 0.303709978254 0.352582915 0.948969603837
v 0.291102651811 0.362891113518 0.948971643693
v 0.289992536973 0.361149288692 0.98281500475
v 0.302599863416 0.350841090174 0.982812954991
v 0.302599863416 0.350841090174 0.982812954991
v 0.302599863416 0.350841090174 0.982812954991
v 0.289992536973 0.361149288692 0.98281500475
v 0.273966236483 0.357779345341 0.9828022606
v 0.273966236483 0.357779345341 0.9828022606
v 0.302480692626 0.334464912628 0.982797656071
v 0.302480692626 0.334464912628 0.982797656071
v 0.273966236483 0.357779345341 0.9828022606
v 0.275076351321 0.359521245023 0.948958899544
v 0.303590807464 0.336206737454 0.948954295015
v 0.303590807464 0.336206737454 0.948954295015
v 0.275076351321 0.359521245023 0.948958899544
v 0.291102651811 0.362891113518 0.948971643693
v 0.303709978254 0.352582915 0.948969603837
v 0.291102651811 0.362891113518 0.948971643693
v 0.275076351321 0.359521245023 0.948958899544
v 0.273966236483 0.357779345341 0.9828022606
v 0.289992536973 0.361149288692 0.98281500475
v 0.303590807464 0.336206737454 0.948954295015
v 0.303709978254 0.352582915 0.948969603837
v 0.302599863416 0.350841090174 0.982812954991
v 0.302480692626 0.334464912628 0.982797656071
v 0.279317918218 0.371859239491 0.948973851887
v 0.266022290633 0.381262877812 0.948976604703
v 0.265096546182 0.379380772797 0.98281992615
v 0.278392248623 0.369977134476 0.982817163432
v 0.278392248623 0.369977134476 0.982817163432
v 0.265096546182 0.379380772797 0.98281992615
v 0.249344368452 0.374901163744 0.982807548382
v 0.279415680185 0.353632471315 0.982801260477
v 0.279415680185 0.353632471315 0.982801260477
v 0.249344368452 0.374901163744 0.982807548382
v 0.250270038047 0.376783268759 0.948964236837
v 0.28034134978 0.35551457633 0.948957948931
v 0.28034134978 0.35551457633 0.948957948931
v 0.250270038047 0.376783268759 0.948964236837
v 0.266022290633 0.381262877812 0.948976604703
v 0.279317918218 0.371859239491 0.948973851887
v 0.266022290633 0.381262877812 0.948976604703
v 0.250270038047 0.376783268759 0.948964236837
v 0.249344368452 0.374901163744 0.982807548382
v 0.265096546182 0.379380772797 0.98281992615
v 0.28034134978 0.35551457633 0.948957948931
v 0.279317918218 0.371859239491 0.948973851887
v 0.278392248623 0.369977134476 0.982817163432
v 0.279415680185 0.353632471315 0.982801260477
v 0.253640729958 0.389387002113 0.94897945654
v 0.239721476836 0.397840268352 0.948982981728
v 0.238989459776 0.395831132664 0.982826263567
v 0.252908638042 0.387377791569 0.982822738379
v 0.252908638042 0.387377791569 0.982822738379
v 0.252908638042 0.387377791569 0.982822738379
v 0.238989459776 0.395831132664 0.982826263567
v 0.223588057376 0.390263641012 0.982814153159
v 0.223588057376 0.390263641012 0.982814153159
v 0.255069731459 0.371144439316 0.982806221486
v 0.255069731459 0.371144439316 0.982806221486
v 0.223588057376 0.390263641012 0.982814153159
v 0.224320074436 0.3922727767 0.948970881223
v 0.25580174852 0.37315364986 0.948962949549
v 0.25580174852 0.37315364986 0.948962949549
v 0.25580174852 0.37315364986 0.948962949549
v 0.224320074436 0.3922727767 0.948970881223
v 0.239721476836 0.397840268352 0.948982981728
v 0.239721476836 0.397840268352 0.948982981728
v 0.253640729958 0.389387002113 0.94897945654
v 0.239721476836 0.397840268352 0.948982981728
v 0.224320074436 0.3922727767 0.948970881223
v 0.223588057376 0.390263641012 0.982814153159
v 0.238989459776 0.395831132664 0.982826263567
v 0.25580174852 0.37315364986 0.948962949549
v 0.253640729958 0.389387002113 0.94897945654
v 0.252908638042 0.387377791569 0.982822738379
v 0.255069731459 0.371144439316 0.982806221486
v 0.226803423037 0.405081016712 0.948986516819
v 0.212328438791 0.412542814911 0.948990715357
v 0.21179845814 0.410420272346 0.982833947685
v 0.226273442386 0.402958474147 0.982829709537
v 0.226273442386 0.402958474147 0.982829709537
v 0.226273442386 0.402958474147 0.982829709537
v 0.21179845814 0.410420272346 0.982833947685
v 0.196822986517 0.403791995976 0.982822094735
v 0.196822986517 0.403791995976 0.982822094735
v 0.229561493247 0.38691555562 0.982812519294
v 0.229561493247 0.38691555562 0.982812519294
v 0.196822986517 0.403791995976 0.982822094735
v 0.197352892312 0.405914538541 0.948978852505
v 0.230091473898 0.389037948472 0.948969316673
v 0.230091473898 0.389037948472 0.948969316673
v 0.230091473898 0.389037948472 0.948969316673
v 0.197352892312 0.405914538541 0.948978852505
v 0.212328438791 0.412542814911 0.948990715357
v 0.212328438791 0.412542814911 0.948990715357
v 0.226803423037 0.405081016712 0.948986516819
v 0.212328438791 0.412542814911 0.948990715357
v 0.197352892312 0.405914538541 0.948978852505
v 0.196822986517 0.403791995976 0.982822094735
v 0.21179845814 0.410420272346 0.982833947685
v 0.230091473898 0.389037948472 0.948969316673
v 0.226803423037 0.405081016712 0.948986516819
v 0.226273442386 0.402958474147 0.982829709537
v 0.229561493247 0.38691555562 0.982812519294
v 0.198936696071 0.418864705574 0.948994884189
v 0.183976569933 0.42529858085 0.94899980559
v 0.183656036438 0.423077228333 0.9828429587
v 0.198616237432 0.416643278202 0.982838037299
v 0.198616237432 0.416643278202 0.982838037299
v 0.183656036438 0.423077228333 0.9828429587
v 0.16917940536 0.415420505047 0.982831264185
v 0.203015451115 0.400868793377 0.982820173705
v 0.203015451115 0.400868793377 0.982820173705
v 0.16917940536 0.415420505047 0.982831264185
v 0.169499863999 0.417641782708 0.948988111075
v 0.203335909754 0.403090071038 0.948977010693
v 0.203335909754 0.403090071038 0.948977010693
v 0.169499863999 0.417641782708 0.948988111075
v 0.183976569933 0.42529858085 0.94899980559
v 0.198936696071 0.418864705574 0.948994884189
v 0.183976569933 0.42529858085 0.94899980559
v 0.169499863999 0.417641782708 0.948988111075
v 0.16917940536 0.415420505047 0.982831264185
v 0.183656036438 0.423077228333 0.9828429587
v 0.203335909754 0.403090071038 0.948977010693
v 0.198936696071 0.418864705574 0.948994884189
v 0.198616237432 0.416643278202 0.982838037299
v 0.203015451115 0.400868793377 0.982820173705
v 0.170176487602 0.430670922847 0.949004538848
v 0.15480390477 0.436045510525 0.949010143501
v 0.154699330905 0.433740094693 0.982853227295
v 0.170071913736 0.428365432159 0.982847662251
v 0.170071913736 0.428365432159 0.982847662251
v 0.154699330905 0.433740094693 0.982853227295
v 0.140791905034 0.425092202791 0.982841641705
v 0.17556065685 0.412936258174 0.982829065893
v 0.17556065685 0.412936258174 0.982829065893
v 0.140791905034 0.425092202791 0.982841641705
v 0.140896553756 0.427397693479 0.948998567813
v 0.175665230716 0.41524159915 0.948985992001
v 0.175665230716 0.41524159915 0.948985992001
v 0.175665230716 0.41524159915 0.948985992001
v 0.140896553756 0.427397693479 0.948998567813
v 0.15480390477 0.436045510525 0.949010143501
v 0.15480390477 0.436045510525 0.949010143501
v 0.170176487602 0.430670922847 0.949004538848
v 0.15480390477 0.436045510525 0.949010143501
v 0.140896553756 0.427397693479 0.948998567813
v 0.140791905034 0.425092202791 0.982841641705
v 0.154699330905 0.433740094693 0.982853227295
v 0.175665230716 0.41524159915 0.948985992001
v 0.170176487602 0.430670922847 0.949004538848
v 0.170071913736 0.428365432159 0.982847662251
v 0.17556065685 0.412936258174 0.982829065893
v 0.140662778393 0.440442253959 0.949015510501
v 0.124952669749 0.444731429287 0.949021729092
v 0.125069295434 0.442357220769 0.982864723766
v 0.140779404078 0.438067970585 0.982858475469
v 0.140779404078 0.438067970585 0.982858475469
v 0.140779404078 0.438067970585 0.982858475469
v 0.125069295434 0.442357220769 0.982864723766
v 0.111799044041 0.432760304193 0.982853227295
v 0.111799044041 0.432760304193 0.982853227295
v 0.14733102788 0.423059262887 0.98283920576
v 0.14733102788 0.423059262887 0.98283920576
v 0.111799044041 0.432760304193 0.982853227295
v 0.111682418356 0.435134512711 0.949010232621
v 0.147214402194 0.425433396549 0.948996211086
v 0.147214402194 0.425433396549 0.948996211086
v 0.147214402194 0.425433396549 0.948996211086
v 0.111682418356 0.435134512711 0.949010232621
v 0.124952669749 0.444731429287 0.949021729092
v 0.124952669749 0.444731429287 0.949021729092
v 0.140662778393 0.440442253959 0.949015510501
v 0.124952669749 0.444731429287 0.949021729092
v 0.111682418356 0.435134512711 0.949010232621
v 0.111799044041 0.432760304193 0.982853227295
v 0.125069295434 0.442357220769 0.982864723766
v 0.147214402194 0.425433396549 0.948996211086
v 0.140662778393 0.440442253959 0.949015510501
v 0.140779404078 0.438067970585 0.982858475469
v 0.14733102788 0.423059262887 0.98283920576
v 0.110539366867 0.448130865911 0.949027650615
v 0.094568384979 0.451313744058 0.949034473241
v 0.0949104770093 0.448886387763 0.982877339186
v 0.110881384041 0.445703509616 0.982870536365
v 0.110881384041 0.445703509616 0.982870536365
v 0.0949104770093 0.448886387763 0.982877339186
v 0.0823419259868 0.438387156672 0.982865921934
v 0.118463999864 0.431188402542 0.982850494284
v 0.118463999864 0.431188402542 0.982850494284
v 0.0823419259868 0.438387156672 0.982865921934
v 0.0819998339565 0.440814587823 0.949023016379
v 0.118121907833 0.433615683981 0.949007578828
v 0.118121907833 0.433615683981 0.949007578828
v 0.118121907833 0.433615683981 0.949007578828
v 0.0819998339565 0.440814587823 0.949023016379
v 0.094568384979 0.451313744058 0.949034473241
v 0.094568384979 0.451313744058 0.949034473241
v 0.110539366867 0.448130865911 0.949027650615
v 0.094568384979 0.451313744058 0.949034473241
v 0.0819998339565 0.440814587823 0.949023016379
v 0.0823419259868 0.438387156672 0.982865921934
v 0.0949104770093 0.448886387763 0.982877339186
v 0.118121907833 0.433615683981 0.949007578828
v 0.110539366867 0.448130865911 0.949027650615
v 0.110881384041 0.445703509616 0.982870536365
v 0.118463999864 0.431188402542 0.982850494284
v 0.0799529708322 0.45369955526 0.949040959191
v 0.063798891109 0.455760641029 0.94904833634
v 0.0643695934371 0.453295856722 0.98289113297
v 0.0805236731603 0.451234770953 0.982883755821
v 0.0805236731603 0.451234770953 0.982883755821
v 0.0805236731603 0.451234770953 0.982883755821
v 0.0643695934371 0.453295856722 0.98289113297
v 0.0525640498687 0.441945587492 0.982879666207
v 0.0525640498687 0.441945587492 0.982879666207
v 0.089100302127 0.437284003444 0.982862961172
v 0.089100302127 0.437284003444 0.982862961172
v 0.0525640498687 0.441945587492 0.982879666207
v 0.0519933475406 0.444410296943 0.949036879479
v 0.0885295249429 0.439748712895 0.949020124933
v 0.0885295249429 0.439748712895 0.949020124933
v 0.0885295249429 0.439748712895 0.949020124933
v 0.0519933475406 0.444410296943 0.949036879479
v 0.063798891109 0.455760641029 0.94904833634
v 0.063798891109 0.455760641029 0.94904833634
v 0.0799529708322 0.45369955526 0.949040959191
v 0.063798891109 0.455760641029 0.94904833634
v 0.0519933475406 0.444410296943 0.949036879479
v 0.0525640498687 0.441945587492 0.982879666207
v 0.0643695934371 0.453295856722 0.98289113297
v 0.0885295249429 0.439748712895 0.949020124933
v 0.0799529708322 0.45369955526 0.949040959191
v 0.0805236731603 0.451234770953 0.982883755821
v 0.089100302127 0.437284003444 0.982862961172
vn -0.000515905331314 -0.000423307074191 -0.999999777326
vn -0.000515905331314 -0.000423307074191 -0.999999777326
vn -0.000515905331314 -0.000423307074191 -0.999999777326
vn -0.000515905331314 -0.000423307074191 -0.999999777326
vn -0.000515905331314 -0.000423307074191 -0.999999777326
vn -0.000515905331314 -0.000423307074191 -0.999999777326
vn -0.000515905331314 -0.000423307074191 -0.999999777326
vn -0.000515905331314 -0.000423307074191 -0.999999777326
vn -0.000515905331314 -0.000423307074191 -0.999999777326
vn -0.000515905331314 -0.000423307074191 -0.999999777326
vn -0.000515905331314 -0.000423307074191 -0.999999777326
vn -0.000515905331314 -0.000423307074191 -0.999999777326
vn -0.000515905331314 -0.000423307074191 -0.999999777326
vn -0.000515905331314 -0.000423307074191 -0.999999777326
vn -0.000515905331314 -0.000423307074191 -0.999999777326
vn -0.000515905331314 -0.000423307074191 -0.999999777326
vn -0.000515905331314 -0.000423307074191 -0.999999777326
vn -0.000515905331314 -0.000423307074191 -0.999999777326
vn -0.000515905331314 -0.000423307074191 -0.999999777326
vn -0.000515905331314 -0.000423307074191 -0.999999777326
vn -0.000515905331314 -0.000423307074191 -0.999999777326
vn 0.000515905331314 0.000423307074191 0.999999777326
vn 0.000515905331314 0.000423307074191 0.999999777326
vn 0.000515905331314 0.000423307074191 0.999999777326
vn 0.000515905331314 0.000423307074191 0.999999777326
vn 0.000515905331314 0.000423307074191 0.999999777326
vn 0.000515905331314 0.000423307074191 0.999999777326
vn 0.000515905331314 0.000423307074191 0.999999777326
vn 0.000515905331314 0.000423307074191 0.999999777326
vn 0.000515905331314 0.000423307074191 0.999999777326
vn 0.000515905331314 0.000423307074191 0.999999777326
vn 0.000515905331314 0.000423307074191 0.999999777326
vn 0.000515905331314 0.000423307074191 0.999999777326
vn 0.000515905331314 0.000423307074191 0.999999777326
vn 0.000515905331314 0.000423307074191 0.999999777326
vn 0.000515905331314 0.000423307074191 0.999999777326
vn 0.000515905331314 0.000423307074191 0.999999777326
vn 0.000515905331314 0.000423307074191 0.999999777326
vn 0.000515905331314 0.000423307074191 0.999999777326
vn 0.000515905331314 0.000423307074191 0.999999777326
vn 0.000515905331314 0.000423307074191 0.999999777326
vn 0.000515905331314 0.000423307074191 0.999999777326
vn -0.953316050322 -0.250628753933 0.168445053059
vn -0.828982014155 -0.532614292581 0.170618977684
vn -0.828684180493 -0.53284521259 0.171343247376
vn -0.953379372053 -0.250868549832 0.167728183823
vn -0.623594384738 -0.76274029014 0.171339700949
vn -0.623566707699 -0.762925540192 0.17061412946
vn -0.357631350794 -0.918679703635 0.167712310395
vn -0.35750395095 -0.918859120557 0.166999525819
vn -0.0562767520604 -0.985435488112 0.160467523026
vn -0.0562767520604 -0.985435488112 0.160467523026
vn 0.251439534113 -0.956023940618 0.150984719924
vn 0.251346904041 -0.956047697838 0.150988520382
vn 0.535413419321 -0.833030389084 0.13925818207
vn 0.535242645086 -0.833017790315 0.139988113426
vn 0.767863958824 -0.627801442141 0.127476625249
vn 0.767436134887 -0.628172807803 0.128221302467
vn 0.925672296126 -0.359978146184 0.116389580524
vn 0.925639377012 -0.360301995517 0.115646944411
vn 0.991748597496 -0.0568303162058 0.114913160797
vn 0.991669968312 -0.0567207784009 0.115643535255
vn 0.962167826546 0.253128747197 0.100791422765
vn 0.962288410669 0.253259980813 0.0992995307665
vn 0.83732900935 0.538012748959 0.0970691097043
vn 0.836970542012 0.538571486098 0.0970621768122
vn 0.629943776594 0.770362522336 0.0985516235816
vn 0.629821927078 0.770556480106 0.0978113037357
vn 0.360920014106 0.926971524065 0.102276766621
vn 0.360833485006 0.927004799248 0.102280488218
vn 0.0567592041243 0.992341696164 0.109710303989
vn 0.0567592041243 0.992341696164 0.109710303989
vn -0.252326944459 0.960252487558 0.119357753153
vn -0.252302889337 0.960260224907 0.119346355174
vn -0.535947872184 0.834115366756 0.130427885216
vn -0.535762174887 0.834234170497 0.130430980733
vn -0.766266365542 0.626756178057 0.141465721312
vn -0.766211285678 0.62699015416 0.140725307906
vn -0.921067822843 0.358324837573 0.152438107114
vn -0.921059579607 0.358656661821 0.151705799973
vn -0.983966519117 0.0564886124436 0.169171291658
vn -0.983971994197 0.0563903350139 0.169172233992
vn -0.953435497454 -0.250660153747 0.167720718808
vn -0.953332179749 -0.251053347638 0.167719920388
vn -0.132991676344 -0.058507734291 0.98938873
vn -0.133206426752 -0.0581054607367 0.989383547116
vn -0.0669073330446 -0.029614227005 0.997319610929
vn -0.0672466881955 -0.028953643958 0.997316183278
vn -0.108239456234 -0.0968602354634 0.989394923628
vn -0.108532772279 -0.0965278876944 0.989395271991
vn -0.0543193333901 -0.0489794151793 0.997321626612
vn -0.0548534008398 -0.0484417679381 0.997318654962
vn -0.0728714258005 -0.125735479918 0.989383820563
vn -0.0732624638244 -0.125520151538 0.989382283525
vn -0.0363728232705 -0.0634978070316 0.997318929044
vn -0.0370449179817 -0.0631800709203 0.997314370041
vn -0.0303207845259 -0.142364795411 0.989349743545
vn -0.030751445941 -0.142267034213 0.989350513998
vn -0.0148212800281 -0.0717971780632 0.997309127042
vn -0.0155625649431 -0.0716844067071 0.997305947244
vn 0.0153247962491 -0.145076040181 0.989301821076
vn 0.0148958592372 -0.145136624595 0.989299486293
vn 0.00826138870931 -0.0730536376208 0.997293795973
vn 0.00752217212861 -0.0731825763374 0.997290192194
vn 0.0596495977027 -0.133588406982 0.989240144259
vn 0.05925702255 -0.133765023057 0.989239871763
vn 0.0306077355441 -0.0671102942972 0.997275977312
vn 0.0299459928594 -0.0674654054469 0.997272107591
vn 0.0983302572496 -0.108928140127 0.989174312646
vn 0.0980155362589 -0.109222930282 0.989173041562
vn 0.0500393512022 -0.0545471281804 0.997256573876
vn 0.049521077043 -0.0550889827481 0.997252659514
vn 0.127553812653 -0.0734561867906 0.989107786593
vn 0.127336383834 -0.073861012455 0.989105654716
vn 0.0646644064224 -0.0365942095322 0.997235868975
vn 0.0643384618655 -0.037264521797 0.997232128313
vn 0.14438553096 -0.0306326135042 0.989047249346
vn 0.144306253482 -0.031086203363 0.989044666922
vn 0.0730187014359 -0.0149552725082 0.997218435983
vn 0.0729056268882 -0.0156994864748 0.997215270487
vn 0.147120072924 0.0153636802433 0.988999313181
vn 0.147159723366 0.014909499711 0.989000365337
vn 0.0742724833597 0.00820196176223 0.997204254924
vn 0.0744020346779 0.00745991386044 0.997200424649
vn 0.135428918367 0.0599776399831 0.988970015103
vn 0.135606873749 0.0595626808909 0.988970708786
vn 0.0682766734784 0.0306198594308 0.997196430031
vn 0.068640930039 0.0299593008138 0.997191487638
vn 0.11044586798 0.0987648549863 0.988962695791
vn 0.110742379621 0.0984288863946 0.988963032514
vn 0.0556345855304 0.0500984291283 0.997193532015
vn 0.0561781154121 0.049578742615 0.997189033047
vn 0.0746499867986 0.127881076992 0.988976142088
vn 0.0750253843938 0.127663685116 0.988975821342
vn 0.0375961513551 0.0646975329365 0.99719644937
vn 0.0382677165763 0.0643558950625 0.997193010725
vn 0.0316067997066 0.144431821436 0.989009837751
vn 0.0320458655685 0.14435448185 0.989007000011
vn 0.0159018346131 0.0729756293426 0.997206944008
vn 0.016648379108 0.0728707758188 0.997202427547
vn -0.014414624824 0.146828031705 0.989056999215
vn -0.0139610942404 0.146867563344 0.989057635674
vn -0.00725629222487 0.0741232566424 0.997222687792
vn -0.00651546320794 0.0742611199122 0.99721754638
vn -0.0588267117093 0.134840744197 0.989119503242
vn -0.0584132892039 0.135017977154 0.98911982767
vn -0.0296229925393 0.0680708231433 0.997240613568
vn -0.0289634842968 0.0684192300542 0.997236143316
vn -0.0972851262169 0.109725829921 0.989189489666
vn -0.0969650636517 0.110056231051 0.989184210568
vn -0.0490204050253 0.0554031916381 0.997259989294
vn -0.048496378694 0.0559387428833 0.997255713595
vn -0.126073926942 0.0740549412613 0.989252864853
vn -0.125858018859 0.0744277296491 0.989252380411
vn -0.0635288720941 0.0373708131514 0.997280053312
vn -0.0631955127922 0.0380442735135 0.997275769492
vn -0.142409051604 0.0312872818863 0.989313281026
vn -0.14233200184 0.0317229501214 0.989310495086
vn -0.07175373413 0.0157640778384 0.997297796793
vn -0.0716490145017 0.0165076676532 0.997293294688
vn -0.144769912722 -0.0143830610901 0.989360803713
vn -0.144849511174 -0.0139349880201 0.989355565619
vn -0.0729059240564 -0.00731926650192 0.99731196452
vn -0.0730430052296 -0.00658126667293 0.997307077242
vn -0.189907681403 -0.0832816920559 0.978263375739
vn -0.189907681403 -0.0832816920559 0.978263375739
vn -0.154676772347 -0.13798731963 0.978281450155
vn -0.154676772347 -0.13798731963 0.978281450155
vn -0.104370988313 -0.179256989933 0.97825028922
vn -0.104370988313 -0.179256989933 0.97825028922
vn -0.0437605993032 -0.203090299562 0.978181649885
vn -0.0437605993032 -0.203090299562 0.978181649885
vn 0.0213308349275 -0.207178809492 0.978070517079
vn 0.0213308349275 -0.207178809492 0.978070517079
vn 0.0846460671983 -0.190988065088 0.977935888646
vn 0.0846460671983 -0.190988065088 0.977935888646
vn 0.139985021165 -0.155968530432 0.977792417318
vn 0.140010507387 -0.155996929562 0.97778423785
vn 0.181939101494 -0.105474805857 0.977636552445
vn 0.181939101494 -0.105474805857 0.977636552445
vn 0.206195244563 -0.0443066193916 0.977507260637
vn 0.206195244563 -0.0443066193916 0.977507260637
vn 0.210333579098 0.021462104396 0.977394067702
vn 0.210333579098 0.021462104396 0.977394067702
vn 0.193729411874 0.085355047082 0.977334861198
vn 0.193729411874 0.085355047082 0.977334861198
vn 0.158091222594 0.140969429918 0.977309973942
vn 0.158091222594 0.140969429918 0.977309973942
vn 0.106891347222 0.182682520758 0.97734402157
vn 0.106891347222 0.182682520758 0.97734402157
vn 0.0453117310753 0.206417354384 0.9774143046
vn 0.0453117310753 0.206417354384 0.9774143046
vn -0.0205007962257 0.209805494766 0.977528194847
vn -0.0205007962257 0.209805494766 0.977528194847
vn -0.0839984807324 0.192648692349 0.977665963697
vn -0.0839984807324 0.192648692349 0.977665963697
vn -0.138926070026 0.156750360687 0.977818424602
vn -0.138926070026 0.156750360687 0.977818424602
vn -0.179982311261 0.105744826363 0.977969528836
vn -0.179982311261 0.105744826363 0.977969528836
vn -0.203282382766 0.0447544772065 0.978096779274
vn -0.203282382766 0.0447544772065 0.978096779274
vn -0.20667678446 -0.0203593528209 0.978197425634
vn -0.20667678446 -0.0203593528209 0.978197425634
vn -0.0237027018313 -0.00200209836397 0.999717046733
vn -0.0237027018313 -0.00200209836397 0.999717046733
vn -0.0232639328142 0.00560431033217 0.99971364957
vn -0.0232639328142 0.00560431033217 0.99971364957
vn -0.0205128886302 0.0127029359896 0.999708886035
vn -0.0205128886302 0.0127029359896 0.999708886035
vn -0.0156918247628 0.0185962234443 0.999703929726
vn -0.0156918247628 0.0185962234443 0.999703929726
vn -0.00929417482462 0.0227176008918 0.999698719077
vn -0.00929417482462 0.0227176008918 0.999698719077
vn -0.00192397358514 0.0246753021515 0.999693666975
vn -0.00192397525767 0.0246618561051 0.999693998768
vn 0.00569233414479 0.0242361525433 0.999690055088
vn 0.00569233414479 0.0242361525433 0.999690055088
vn 0.0127989253806 0.0214795846055 0.999687358605
vn 0.0127989294057 0.0214661329347 0.999687647489
vn 0.0186955873665 0.0166497048509 0.999686582055
vn 0.0186955873665 0.0166497048509 0.999686582055
vn 0.0228254182276 0.0102283715279 0.999687141409
vn 0.0228254182276 0.0102283715279 0.999687141409
vn 0.0247609581412 0.00286634951838 0.999689291226
vn 0.0247609581412 0.00286634951838 0.999689291226
vn 0.0243120212598 -0.00474938789923 0.999693137386
vn 0.0243120212598 -0.00474938789923 0.999693137386
vn 0.0215495890884 -0.0118509288232 0.999697539607
vn 0.0215495890884 -0.0118509288232 0.999697539607
vn 0.0167154251734 -0.0177374463674 0.999702944658
vn 0.0167154212717 -0.0177508909171 0.99970270609
vn 0.0103112515478 -0.0218593143571 0.999707881567
vn 0.0103112515478 -0.0218593143571 0.999707881567
vn 0.00294326741273 -0.023788054159 0.999712691555
vn 0.00294326741273 -0.023788054159 0.999712691555
vn -0.00466260397791 -0.0233533277638 0.999716400889
vn -0.00466260505151 -0.0233398980589 0.999716714511
vn -0.0117561213689 -0.0205832896069 0.999719021425
vn -0.0117561213689 -0.0205832896069 0.999719021425
vn -0.0176391295137 -0.0157583393381 0.99972022879
vn -0.0176391295137 -0.0157583393381 0.99972022879
vn -0.0217656249483 -0.00936459240132 0.999719241577
vn -0.0217656249483 -0.00936459240132 0.999719241577
vn -0.961623257665 -0.252760455131 0.106737353535
vn -0.836079231509 -0.537373005147 0.110461631251
vn -0.836079231509 -0.537373005147 0.110461631251
vn -0.961623257665 -0.252760455131 0.106737353535
vn -0.629144351643 -0.769506467093 0.109714091609
vn -0.629144351643 -0.769506467093 0.109714091609
vn -0.360692240174 -0.926641930408 0.10599924853
vn -0.360692240174 -0.926641930408 0.10599924853
vn -0.0567267024367 -0.993513461269 0.098554977081
vn -0.0567267024367 -0.993513461269 0.098554977081
vn 0.253300425931 -0.963298633456 0.088851769851
vn 0.253300425931 -0.963298633456 0.088851769851
vn 0.539075358011 -0.838672446381 0.0776291573275
vn 0.539075358011 -0.838672446381 0.0776291573275
vn 0.772551023808 -0.631551982785 0.0656278039686
vn 0.772551023808 -0.631551982785 0.0656278039686
vn 0.93052784817 -0.362165948964 0.0543484056037
vn 0.93052784817 -0.362165948964 0.0543484056037
vn 0.997348933247 -0.0569399886515 0.0453094145226
vn 0.997348933247 -0.0569399886515 0.0453094145226
vn 0.966405751524 0.25411744944 0.0385259044194
vn 0.966405751524 0.25411744944 0.0385259044194
vn 0.840680493234 0.540366082044 0.0355078255026
vn 0.840680493234 0.540366082044 0.0355078255026
vn 0.632577263507 0.773682963902 0.0355060144413
vn 0.632577263507 0.773682963902 0.0355060144413
vn 0.362508898555 0.931152263823 0.0392779842335
vn 0.362508898555 0.931152263823 0.0392779842335
vn 0.0570355902982 0.997273875768 0.0468162167393
vn 0.0570355902982 0.997273875768 0.0468162167393
vn -0.253805061578 0.965597477918 0.0566083152471
vn -0.253805061578 0.965597477918 0.0566083152471
vn -0.539389171944 0.839315896424 0.067883335209
vn -0.539389171944 0.839315896424 0.067883335209
vn -0.771657410427 0.631002637011 0.0798781135121
vn -0.771657410427 0.631002637011 0.0798781135121
vn -0.927983680807 0.361314098534 0.0910956110737
vn -0.927983680807 0.361314098534 0.0910956110737
vn -0.993359434386 0.0568174106955 0.100044070082
vn -0.993284407078 0.0568131253831 0.100788667223
vn -0.961615774301 -0.252784623857 0.106747536537
vn -0.961615774301 -0.252784623857 0.106747536537
vn -0.988223104148 0.056529295533 0.142195411931
vn -0.956475307564 -0.251459328599 0.148064823914
vn -0.956369160615 -0.251431417177 0.148796072131
vn -0.988223104148 0.056529295533 0.142195411931
vn -0.923519224069 0.359614439347 0.133378025883
vn -0.923519224069 0.359614439347 0.133378025883
vn -0.768327013731 0.628261194651 0.122317093111
vn -0.768279091635 0.628321278388 0.122309478296
vn -0.537257644014 0.836153797902 0.110458364112
vn -0.537328345094 0.836109140585 0.110452499237
vn -0.252863183487 0.962392700559 0.0993000521027
vn -0.252956333056 0.962368482553 0.0992975193807
vn 0.0568742083872 0.99435240106 0.0896026055826
vn 0.0568742083872 0.99435240106 0.0896026055826
vn 0.361597044221 0.928710378963 0.0821255722481
vn 0.361597044221 0.928710378963 0.0821255722481
vn 0.631077903392 0.771749447748 0.0783802893048
vn 0.631077903392 0.771749447748 0.0783802893048
vn 0.838597784842 0.539191161353 0.0776314805821
vn 0.838642871596 0.539120438636 0.0776356011491
vn 0.963916399589 0.253462866788 0.0813741344827
vn 0.963916399589 0.253462866788 0.0813741344827
vn 0.994491100021 -0.0567825232457 0.0881090065417
vn 0.994556812796 -0.0567862790056 0.0873616886149
vn 0.927491485978 -0.361022923094 0.0970669482333
vn 0.927491485978 -0.361022923094 0.0970669482333
vn 0.76968066011 -0.629187344553 0.108235700702
vn 0.76963251026 -0.629247404269 0.108228939623
vn 0.536816760742 -0.835213800609 0.119355237249
vn 0.536816760742 -0.835213800609 0.119355237249
vn 0.252065440423 -0.958879927535 0.130431201459
vn 0.252065440423 -0.958879927535 0.130431201459
vn -0.056448484517 -0.98854179591 0.139995308262
vn -0.056448484517 -0.98854179591 0.139995308262
vn -0.358724895885 -0.921742917182 0.147331068335
vn -0.358724895885 -0.921742917182 0.147331068335
vn -0.625758170752 -0.765265954242 0.150979240345
vn -0.625687389228 -0.765179397848 0.151709525312
vn -0.831534614885 -0.534353177304 0.151713104752
vn -0.831534614885 -0.534353177304 0.151713104752
vn -0.956507513673 -0.251342871995 0.148054506803
vn -0.956507513673 -0.251342871995 0.148054506803
vn -0.0946247343694 -0.0178124825539 0.99535364324
vn -0.0812263157423 -0.0520723364719 0.995334495235
vn -0.0812915942201 -0.051974384383 0.995334285593
vn -0.0946898869567 -0.0175188531517 0.995352658655
vn -0.0875410314466 -0.0565257273604 -0.99455588579
vn -0.102142261544 -0.0198446856827 -0.994571840973
vn -0.102142090015 -0.0199285272121 -0.994570182164
vn -0.0875133340929 -0.056518678898 -0.994558723903
vn -0.0609066384892 -0.0746608020866 0.995347248964
vn -0.0609067121937 -0.0746445762769 0.995348461415
vn -0.0662831553769 -0.0809044401702 -0.994515467388
vn -0.0662831553769 -0.0809044401702 -0.994515467388
vn -0.0346955947873 -0.0899702805027 0.99533992401
vn -0.0346955947873 -0.0899702805027 0.99533992401
vn -0.0382123078902 -0.0973119959601 -0.994520082737
vn -0.0382123078902 -0.0973119959601 -0.994520082737
vn -0.00503010260287 -0.0964865242536 0.995321580548
vn -0.00503010260287 -0.0964865242536 0.995321580548
vn -0.00643113438552 -0.104157510201 -0.994540021105
vn -0.0064311464311 -0.104140902802 -0.994541760169
vn 0.0252207906971 -0.0935277797704 0.995297174781
vn 0.0252238931889 -0.0935392841237 0.995296015032
vn 0.0258668308933 -0.1008001211 -0.994570380941
vn 0.0258668308933 -0.1008001211 -0.994570380941
vn 0.0531438479043 -0.0814261293441 0.995261531905
vn 0.0531439180301 -0.0814098697764 0.995262858284
vn 0.0554827134423 -0.0875963495032 -0.994609746616
vn 0.0554827134423 -0.0875963495032 -0.994609746616
vn 0.0760464227861 -0.0612928607078 0.995218632667
vn 0.0761376849083 -0.0612183713888 0.99521623979
vn 0.0791890726396 -0.065757001951 -0.994688447439
vn 0.0792055879005 -0.065773548689 -0.994686038476
vn 0.0906188533614 -0.0350661250821 0.995268099703
vn 0.0906949792546 -0.034714059504 0.99527350754
vn 0.095500588369 -0.0376694915205 -0.994716365116
vn 0.095488605681 -0.0376647639212 -0.994717694496
vn 0.0955868678661 -0.00494863853664 0.995408791235
vn 0.09559847569 -0.00516088565217 0.995406598685
vn 0.103721628636 -0.00625313772626 -0.994586709152
vn 0.103688392174 -0.00635374300074 -0.994589537085
vn 0.0942360430553 0.0254191483926 0.995225318752
vn 0.0943129582743 0.0252910838993 0.99522129548
vn 0.098968118536 0.0254584648324 -0.994764885831
vn 0.0989513683767 0.0255584096489 -0.994763989292
vn 0.0828279590748 0.0533005638266 0.995137467434
vn 0.0828937048312 0.0532019105018 0.995137272148
vn 0.0858572249844 0.0552450856426 -0.994774606346
vn 0.0858406925435 0.0552451647533 -0.994776028699
vn 0.0623619909243 0.0760504077862 0.995151906778
vn 0.062378360975 0.0760503295133 0.995150886782
vn 0.0647676355885 0.0794291720516 -0.994734215762
vn 0.0647674637947 0.0794623213963 -0.994731579428
vn 0.035932839705 0.0913758334914 0.995167969784
vn 0.035932839705 0.0913758334914 0.995167969784
vn 0.0369350791815 0.095800881737 -0.994715030038
vn 0.0369350791815 0.095800881737 -0.994715030038
vn 0.00607271484397 0.0978199371028 0.995185601805
vn 0.00607271484397 0.0978199371028 0.995185601805
vn 0.00539554546816 0.10276593759 -0.994690931979
vn 0.00539554546816 0.10276593759 -0.994690931979
vn -0.0242836944364 0.0946752518121 0.995211986905
vn -0.0242866514664 0.0947031847744 0.995209257068
vn -0.0268004063408 0.0996112389216 -0.99466544089
vn -0.0268004063408 0.0996112389216 -0.99466544089
vn -0.0521633058924 0.0823570783941 0.995236806573
vn -0.0521732140639 0.0823468582172 0.995237132886
vn -0.0564486797603 0.0866561709707 -0.994637750433
vn -0.0564486797603 0.0866561709707 -0.994637750433
vn -0.0749302231184 0.0620625889758 0.995255593661
vn -0.0750119978393 0.0619806688979 0.99525453873
vn -0.0803438304174 0.0650012035457 -0.994645521003
vn -0.0803170144845 0.0650097731765 -0.994647126661
vn -0.0892748138392 0.0357914560557 0.995363742201
vn -0.0893510344286 0.0354404575406 0.995369462369
vn -0.0968769430248 0.0369717117513 -0.994609446185
vn -0.0968770624337 0.0369382539135 -0.994610677689
vn -0.0940745017977 0.00578147677311 0.995548372827
vn -0.0940858507584 0.00599272941988 0.99554605111
vn -0.105327594099 0.00542908419918 -0.994422758673
vn -0.10531086174 0.00553025401524 -0.994423973308
vn -0.0905024271503 -0.0309703499358 0.995414560927
vn -0.0905513978599 -0.030775106912 0.995416162788
vn -0.0992601817232 -0.0332380385484 -0.994506233825
vn -0.099260069391 -0.0332716250392 -0.994505121953
vn -0.000515905331314 -0.000423307074191 -0.999999777326
vn -0.000515905331314 -0.000423307074191 -0.999999777326
vn -0.000515905331314 -0.000423307074191 -0.999999777326
vn -0.000515905331314 -0.000423307074191 -0.999999777326
vn -0.000515905331314 -0.000423307074191 -0.999999777326
vn -0.000515905331314 -0.000423307074191 -0.999999777326
vn -0.000515905331314 -0.000423307074191 -0.999999777326
vn -0.000515905498631 -0.000436535727192 -0.999999771639
vn -0.000515905331314 -0.000423307074191 -0.999999777326
vn -0.000515905331314 -0.000423307074191 -0.999999777326
vn -0.000515905498631 -0.000436535727192 -0.999999771639
vn -0.000515905331314 -0.000423307074191 -0.999999777326
vn -0.000515905498631 -0.000436535727192 -0.999999771639
vn -0.000515905331314 -0.000423307074191 -0.999999777326
vn -0.000515905665857 -0.000449763065842 -0.999999765777
vn -0.000515905665857 -0.000449763065842 -0.999999765777
vn -0.000515905331314 -0.000423307074191 -0.999999777326
vn -0.000515905331314 -0.000423307074191 -0.999999777326
vn -0.000515905331314 -0.000423307074191 -0.999999777326
vn -0.000515905665857 -0.000449763065842 -0.999999765777
vn -0.000515905331314 -0.000423307074191 -0.999999777326
vn -0.000515905331314 -0.000423307074191 -0.999999777326
vn -0.000515905665857 -0.000449763065842 -0.999999765777
vn -0.000515905498631 -0.000436535727192 -0.999999771639
vn -0.000515905331314 -0.000423307074191 -0.999999777326
vn -0.000515905331314 -0.000423307074191 -0.999999777326
vn -0.000515905174225 -0.000410078437901 -0.999999782839
vn -0.000515905331314 -0.000423307074191 -0.999999777326
vn -0.000515905331314 -0.000423307074191 -0.999999777326
vn -0.000515905498631 -0.000436535727192 -0.999999771639
vn -0.000515905174225 -0.000410078437901 -0.999999782839
vn -0.000515905498631 -0.000436535727192 -0.999999771639
vn -0.000515905331314 -0.000423307074191 -0.999999777326
vn -0.000515905498631 -0.000436535727192 -0.999999771639
vn -0.000515905331314 -0.000423307074191 -0.999999777326
vn -0.000515905498631 -0.000436535727192 -0.999999771639
vn -0.000515905331314 -0.000423307074191 -0.999999777326
vn -0.000515905665857 -0.000449763065842 -0.999999765777
vn -0.000515905331314 -0.000423307074191 -0.999999777326
vn -0.000515905665857 -0.000449763065842 -0.999999765777
vn -0.000515905331314 -0.000423307074191 -0.999999777326
vn -0.000515905498631 -0.000436535727192 -0.999999771639
vn -0.000515905331314 -0.000423307074191 -0.999999777326
vn -0.000515905498631 -0.000436535727192 -0.999999771639
vn -0.000515905331314 -0.000423307074191 -0.999999777326
vn -0.000515905498631 -0.000436535727192 -0.999999771639
vn -0.000515905331314 -0.000423307074191 -0.999999777326
vn -0.000502676790256 -0.000436535559882 -0.999999778376
vn -0.000515905331314 -0.000423307074191 -0.999999777326
vn -0.000515905331314 -0.000423307074191 -0.999999777326
vn -0.000515905331314 -0.000423307074191 -0.999999777326
vn -0.000502676632256 -0.000423306916184 -0.999999784064
vn -0.000515905331314 -0.000423307074191 -0.999999777326
vn -0.000502676632256 -0.000423306916184 -0.999999784064
vn -0.000515905498631 -0.000436535727192 -0.999999771639
vn -0.000515905331314 -0.000423307074191 -0.999999777326
vn -0.000515905331314 -0.000423307074191 -0.999999777326
vn -0.000515905498631 -0.000436535727192 -0.999999771639
vn -0.000515905331314 -0.000423307074191 -0.999999777326
vn -0.000515905331314 -0.000423307074191 -0.999999777326
vn -0.000515905498631 -0.000436535727192 -0.999999771639
vn -0.000515905331314 -0.000423307074191 -0.999999777326
vn -0.000515905331314 -0.000423307074191 -0.999999777326
vn -0.000515905331314 -0.000423307074191 -0.999999777326
vn -0.000515905331314 -0.000423307074191 -0.999999777326
vn -0.000515905331314 -0.000423307074191 -0.999999777326
vn -0.000515905331314 -0.000423307074191 -0.999999777326
vn -0.000515905331314 -0.000423307074191 -0.999999777326
vn -0.000515905498631 -0.000436535727192 -0.999999771639
vn -0.000515905331314 -0.000423307074191 -0.999999777326
vn -0.000515905331314 -0.000423307074191 -0.999999777326
vn -0.000515905331314 -0.000423307074191 -0.999999777326
vn -0.000515905331314 -0.000423307074191 -0.999999777326
vn -0.000515905665857 -0.000449763065842 -0.999999765777
vn -0.000515905331314 -0.000423307074191 -0.999999777326
vn -0.000515905331314 -0.000423307074191 -0.999999777326
vn -0.000515905331314 -0.000423307074191 -0.999999777326
vn -0.000515905331314 -0.000423307074191 -0.999999777326
vn -0.000515905331314 -0.000423307074191 -0.999999777326
vn -0.000515905498631 -0.000436535727192 -0.999999771639
vn -0.000515905331314 -0.000423307074191 -0.999999777326
vn -0.000515905498631 -0.000436535727192 -0.999999771639
vn -0.000515905498631 -0.000436535727192 -0.999999771639
vn -0.000515905331314 -0.000423307074191 -0.999999777326
vn -0.000515905331314 -0.000423307074191 -0.999999777326
vn -0.000515905498631 -0.000436535727192 -0.999999771639
vn -0.000515905174225 -0.000410078437901 -0.999999782839
vn -0.000515905498631 -0.000436535727192 -0.999999771639
vn -0.000515905331314 -0.000423307074191 -0.999999777326
vn -0.000515905331314 -0.000423307074191 -0.999999777326
vn -0.000515905498631 -0.000436535727192 -0.999999771639
vn -0.000515905498631 -0.000436535727192 -0.999999771639
vn -0.000515905331314 -0.000423307074191 -0.999999777326
vn -0.000515905498631 -0.000436535727192 -0.999999771639
vn -0.000515905331314 -0.000423307074191 -0.999999777326
vn -0.000515905331314 -0.000423307074191 -0.999999777326
vn -0.000515905498631 -0.000436535727192 -0.999999771639
vn -0.000515905331314 -0.000423307074191 -0.999999777326
vn -0.000515905498631 -0.000436535727192 -0.999999771639
vn -0.000515905331314 -0.000423307074191 -0.999999777326
vn -0.000515905498631 -0.000436535727192 -0.999999771639
vn -0.000515905498631 -0.000436535727192 -0.999999771639
vn -0.000515905331314 -0.000423307074191 -0.999999777326
vn -0.000515905498631 -0.000436535727192 -0.999999771639
vn -0.000515905331314 -0.000423307074191 -0.999999777326
vn -0.000515905331314 -0.000423307074191 -0.999999777326
vn -0.000515905331314 -0.000423307074191 -0.999999777326
vn -0.000515905498631 -0.000436535727192 -0.999999771639
vn -0.000515905331314 -0.000423307074191 -0.999999777326
vn -0.000502676790256 -0.000436535559882 -0.999999778376
vn -0.000515905331314 -0.000423307074191 -0.999999777326
vn -0.000515905331314 -0.000423307074191 -0.999999777326
vn -0.000515905331314 -0.000423307074191 -0.999999777326
vn -0.000515905331314 -0.000423307074191 -0.999999777326
vn -0.000502676790256 -0.000436535559882 -0.999999778376
vn -0.000502676790256 -0.000436535559882 -0.999999778376
vn -0.000515905331314 -0.000423307074191 -0.999999777326
vn -0.000515905331314 -0.000423307074191 -0.999999777326
vn -0.000515905331314 -0.000423307074191 -0.999999777326
vn -0.000515905331314 -0.000423307074191 -0.999999777326
vn -0.000515905331314 -0.000423307074191 -0.999999777326
vn -0.000515905498631 -0.000436535727192 -0.999999771639
vn -0.000515905331314 -0.000423307074191 -0.999999777326
vn -0.000515905331314 -0.000423307074191 -0.999999777326
vn -0.000515905331314 -0.000423307074191 -0.999999777326
vn -0.000515905331314 -0.000423307074191 -0.999999777326
vn 0.910296530419 0.400156574637 -0.105995011591
vn 0.910296530419 0.400156574637 -0.105995011591
vn 0.910296530419 0.400156574637 -0.105995011591
vn 0.910296530419 0.400156574637 -0.105995011591
vn 0.741937321379 0.661797755589 -0.107483681753
vn 0.741986149482 0.661741863937 -0.107490741416
vn 0.741937321379 0.661797755589 -0.107483681753
vn 0.741986149482 0.661741863937 -0.107490741416
vn 0.741986149482 0.661741863937 -0.107490741416
vn 0.741986149482 0.661741863937 -0.107490741416
vn 0.501245295202 0.858879831821 -0.10525487413
vn 0.501245295202 0.858879831821 -0.10525487413
vn 0.501245295202 0.858879831821 -0.10525487413
vn 0.501245295202 0.858879831821 -0.10525487413
vn 0.21144652708 0.972255992151 -0.10004325021
vn 0.211462380556 0.972328890812 -0.0992984879136
vn 0.21144652708 0.972255992151 -0.10004325021
vn 0.21144652708 0.972255992151 -0.10004325021
vn 0.21144652708 0.972255992151 -0.10004325021
vn -0.0994942568219 0.990859178192 -0.0910987478063
vn -0.0994942568219 0.990859178192 -0.0910987478063
vn -0.0994942568219 0.990859178192 -0.0910987478063
vn -0.0994942568219 0.990859178192 -0.0910987478063
vn -0.401113362531 0.912473098658 -0.08062824954
vn -0.401113362531 0.912473098658 -0.08062824954
vn -0.401113362531 0.912473098658 -0.08062824954
vn -0.401113362531 0.912473098658 -0.08062824954
vn -0.664084266211 0.744500721024 -0.0686350039357
vn -0.664084266211 0.744500721024 -0.0686350039357
vn -0.664034941064 0.744545185998 -0.068629899117
vn -0.664084266211 0.744500721024 -0.0686350039357
vn -0.664084266211 0.744500721024 -0.0686350039357
vn -0.86228078944 0.503171845777 -0.0573579443459
vn -0.862211857852 0.503289714538 -0.0573600507301
vn -0.86228078944 0.503171845777 -0.0573579443459
vn -0.862211857852 0.503289714538 -0.0573600507301
vn -0.86228078944 0.503171845777 -0.0573579443459
vn -0.86228078944 0.503171845777 -0.0573579443459
vn -0.862255179525 0.503215164709 -0.0573629095276
vn -0.976086680159 0.212279625899 -0.0468204361774
vn -0.976086680159 0.212279625899 -0.0468204361774
vn -0.976086680159 0.212279625899 -0.0468204361774
vn -0.976086680159 0.212279625899 -0.0468204361774
vn -0.994258863727 -0.099825587632 -0.038524848535
vn -0.994268776782 -0.099726658866 -0.0385252258596
vn -0.994258863727 -0.099825587632 -0.038524848535
vn -0.994268776782 -0.099726658866 -0.0385252258596
vn -0.994268776782 -0.099726658866 -0.0385252258596
vn -0.994268776782 -0.099726658866 -0.0385252258596
vn -0.914947546985 -0.402201103693 -0.0332454275651
vn -0.914963823116 -0.402164325423 -0.0332424088465
vn -0.914947546985 -0.402201103693 -0.0332454275651
vn -0.914947546985 -0.402201103693 -0.0332454275651
vn -0.914947546985 -0.402201103693 -0.0332454275651
vn -0.745928950301 -0.665269073955 -0.0317342140561
vn -0.745928950301 -0.665269073955 -0.0317342140561
vn -0.745928950301 -0.665269073955 -0.0317342140561
vn -0.745928950301 -0.665269073955 -0.0317342140561
vn -0.503828257136 -0.863134473969 -0.033999517023
vn -0.503828257136 -0.863134473969 -0.033999517023
vn -0.503828257136 -0.863134473969 -0.033999517023
vn -0.503828257136 -0.863134473969 -0.033999517023
vn -0.212342303216 -0.976374869909 -0.0400357299939
vn -0.212437715091 -0.976354148838 -0.0400349004368
vn -0.212342303216 -0.976374869909 -0.0400357299939
vn -0.212437715091 -0.976354148838 -0.0400349004368
vn -0.212342303216 -0.976374869909 -0.0400357299939
vn -0.212342303216 -0.976374869909 -0.0400357299939
vn 0.099684143605 -0.993844949594 -0.048324814335
vn 0.099684143605 -0.993844949594 -0.048324814335
vn 0.099684143605 -0.993844949594 -0.048324814335
vn 0.099684143605 -0.993844949594 -0.048324814335
vn 0.401707766127 -0.913825267801 -0.0596175356938
vn 0.401671120067 -0.913841734253 -0.0596120461131
vn 0.401707766127 -0.913825267801 -0.0596175356938
vn 0.401707766127 -0.913825267801 -0.0596175356938
vn 0.401707766127 -0.913825267801 -0.0596175356938
vn 0.663874371784 -0.744476999127 -0.0708859383799
vn 0.663874371784 -0.744476999127 -0.0708859383799
vn 0.663874371784 -0.744476999127 -0.0708859383799
vn 0.663874371784 -0.744476999127 -0.0708859383799
vn 0.860663058083 -0.502385651569 -0.0828719346229
vn 0.860663058083 -0.502385651569 -0.0828719346229
vn 0.860663058083 -0.502385651569 -0.0828719346229
vn 0.860663058083 -0.502385651569 -0.0828719346229
vn 0.972872329125 -0.211680128969 -0.0933324928596
vn 0.972892824889 -0.211585020327 -0.0933345083695
vn 0.972872329125 -0.211680128969 -0.0933324928596
vn 0.972872329125 -0.211680128969 -0.0933324928596
vn 0.972872329125 -0.211680128969 -0.0933324928596
vn 0.989939341025 0.0993023920656 -0.100792539512
vn 0.989939341025 0.0993023920656 -0.100792539512
vn 0.989939341025 0.0993023920656 -0.100792539512
vn 0.989939341025 0.0993023920656 -0.100792539512
vn -0.961623257665 -0.252760455131 0.106737353535
vn -0.836109140585 -0.537328345094 0.110452499237
vn -0.629144351643 -0.769506467093 0.109714091609
vn -0.360692240174 -0.926641930408 0.10599924853
vn -0.0567267024367 -0.993513461269 0.098554977081
vn 0.253300425931 -0.963298633456 0.088851769851
vn 0.539075358011 -0.838672446381 0.0776291573275
vn 0.772551023808 -0.631551982785 0.0656278039686
vn 0.93052784817 -0.362165948964 0.0543484056037
vn 0.997348933247 -0.0569399886515 0.0453094145226
vn 0.966405751524 0.25411744944 0.0385259044194
vn 0.840680493234 0.540366082044 0.0355078255026
vn 0.632626172377 0.773642844404 0.0355088063212
vn 0.362508898555 0.931152263823 0.0392779842335
vn 0.0570355902982 0.997273875768 0.0468162167393
vn -0.253805061578 0.965597477918 0.0566083152471
vn -0.539389171944 0.839315896424 0.067883335209
vn -0.771657410427 0.631002637011 0.0798781135121
vn -0.927983680807 0.361314098534 0.0910956110737
vn -0.993359434386 0.0568174106955 0.100044070082
vn -0.961615774301 -0.252784623857 0.106747536537
vn -0.961615774301 -0.252784623857 0.106747536537
vn -0.993284407078 0.0568131253831 0.100788667223
vn -0.927983680807 0.361314098534 0.0910956110737
vn -0.771657410427 0.631002637011 0.0798781135121
vn -0.539273251569 0.839390545646 0.0678813083476
vn -0.253805061578 0.965597477918 0.0566083152471
vn 0.0570412820396 0.997273334447 0.0468208131433
vn 0.362508898555 0.931152263823 0.0392779842335
vn 0.632577263507 0.773682963902 0.0355060144413
vn 0.840680493234 0.540366082044 0.0355078255026
vn 0.966405751524 0.25411744944 0.0385259044194
vn 0.997348933247 -0.0569399886515 0.0453094145226
vn 0.93052784817 -0.362165948964 0.0543484056037
vn 0.772551023808 -0.631551982785 0.0656278039686
vn 0.539075358011 -0.838672446381 0.0776291573275
vn 0.253300425931 -0.963298633456 0.088851769851
vn -0.0567267024367 -0.993513461269 0.098554977081
vn -0.360692240174 -0.926641930408 0.10599924853
vn -0.629144351643 -0.769506467093 0.109714091609
vn -0.836079231509 -0.537373005147 0.110461631251
vn -0.961647423718 -0.252667367609 0.106740029055
vn -0.961615774301 -0.252784623857 0.106747536537
vn -0.836109140585 -0.537328345094 0.110452499237
vn -0.629144351643 -0.769506467093 0.109714091609
vn -0.360692240174 -0.926641930408 0.10599924853
vn -0.0567267024367 -0.993513461269 0.098554977081
vn 0.253300425931 -0.963298633456 0.088851769851
vn 0.539120438636 -0.838642871596 0.0776356011491
vn 0.772551023808 -0.631551982785 0.0656278039686
vn 0.930494193726 -0.362252700425 0.0543464486163
vn 0.997348933247 -0.0569399886515 0.0453094145226
vn 0.966430288526 0.254023968453 0.038526885043
vn 0.840680493234 0.540366082044 0.0355078255026
vn 0.632626172377 0.773642844404 0.0355088063212
vn 0.362422105045 0.931185988483 0.039279417357
vn 0.0570412820396 0.997273334447 0.0468208131433
vn -0.253805061578 0.965597477918 0.0566083152471
vn -0.539389171944 0.839315896424 0.067883335209
vn -0.771657410427 0.631002637011 0.0798781135121
vn -0.927983680807 0.361314098534 0.0910956110737
vn -0.993284407078 0.0568131253831 0.100788667223
vn -0.961615774301 -0.252784623857 0.106747536537
vn -0.000515905331314 -0.000423307074191 -0.999999777326
vn -0.000515905331314 -0.000423307074191 -0.999999777326
vn -0.000515905498631 -0.000436535727192 -0.999999771639
vn -0.000515905331314 -0.000423307074191 -0.999999777326
vn -0.000515905498631 -0.000436535727192 -0.999999771639
vn -0.000502676632256 -0.000423306916184 -0.999999784064
vn -0.000515905331314 -0.000423307074191 -0.999999777326
vn -0.000515905331314 -0.000423307074191 -0.999999777326
vn -0.000502676632256 -0.000423306916184 -0.999999784064
vn -0.000515905331314 -0.000423307074191 -0.999999777326
vn -0.000502676632256 -0.000423306916184 -0.999999784064
vn -0.000515905498631 -0.000436535727192 -0.999999771639
vn -0.000515905331314 -0.000423307074191 -0.999999777326
vn -0.000515905331314 -0.000423307074191 -0.999999777326
vn -0.000515905498631 -0.000436535727192 -0.999999771639
vn -0.000515905331314 -0.000423307074191 -0.999999777326
vn -0.000515905498631 -0.000436535727192 -0.999999771639
vn -0.000515905331314 -0.000423307074191 -0.999999777326
vn -0.000515905498631 -0.000436535727192 -0.999999771639
vn -0.000515905331314 -0.000423307074191 -0.999999777326
vn -0.000515905498631 -0.000436535727192 -0.999999771639
vn -0.000515905331314 -0.000423307074191 -0.999999777326
vn -0.000515905498631 -0.000436535727192 -0.999999771639
vn -0.000515905331314 -0.000423307074191 -0.999999777326
vn -0.000515905498631 -0.000436535727192 -0.999999771639
vn -0.000515905331314 -0.000423307074191 -0.999999777326
vn -0.000515905498631 -0.000436535727192 -0.999999771639
vn -0.000515905498631 -0.000436535727192 -0.999999771639
vn -0.000515905331314 -0.000423307074191 -0.999999777326
vn -0.000515905498631 -0.000436535727192 -0.999999771639
vn -0.000515905331314 -0.000423307074191 -0.999999777326
vn -0.000515905498631 -0.000436535727192 -0.999999771639
vn -0.000515905331314 -0.000423307074191 -0.999999777326
vn -0.000515905498631 -0.000436535727192 -0.999999771639
vn -0.000515905331314 -0.000423307074191 -0.999999777326
vn -0.000515905331314 -0.000423307074191 -0.999999777326
vn -0.000515905331314 -0.000423307074191 -0.999999777326
vn -0.000502676790256 -0.000436535559882 -0.999999778376
vn -0.000502676632256 -0.000423306916184 -0.999999784064
vn -0.000515905331314 -0.000423307074191 -0.999999777326
vn -0.000502676632256 -0.000423306916184 -0.999999784064
vn -0.000515905331314 -0.000423307074191 -0.999999777326
vn -0.000515905331314 -0.000423307074191 -0.999999777326
vn -0.000515905331314 -0.000423307074191 -0.999999777326
vn -0.000515905498631 -0.000436535727192 -0.999999771639
vn -0.000515905498631 -0.000436535727192 -0.999999771639
vn -0.000515905331314 -0.000423307074191 -0.999999777326
vn -0.000515905498631 -0.000436535727192 -0.999999771639
vn -0.000515905331314 -0.000423307074191 -0.999999777326
vn -0.000515905331314 -0.000423307074191 -0.999999777326
vn -0.000515905498631 -0.000436535727192 -0.999999771639
vn -0.000515905331314 -0.000423307074191 -0.999999777326
vn -0.000515905331314 -0.000423307074191 -0.999999777326
vn -0.000515905331314 -0.000423307074191 -0.999999777326
vn -0.000515905498631 -0.000436535727192 -0.999999771639
vn -0.000515905331314 -0.000423307074191 -0.999999777326
vn -0.000515905498631 -0.000436535727192 -0.999999771639
vn -0.000515905331314 -0.000423307074191 -0.999999777326
vn -0.000515905498631 -0.000436535727192 -0.999999771639
vn -0.000515905498631 -0.000436535727192 -0.999999771639
vn -0.000515905331314 -0.000423307074191 -0.999999777326
vn -0.000515905331314 -0.000423307074191 -0.999999777326
vn -0.000515905498631 -0.000436535727192 -0.999999771639
vn -0.000515905331314 -0.000423307074191 -0.999999777326
vn -0.000515905498631 -0.000436535727192 -0.999999771639
vn -0.000515905498631 -0.000436535727192 -0.999999771639
vn -0.000515905331314 -0.000423307074191 -0.999999777326
vn -0.000515905331314 -0.000423307074191 -0.999999777326
vn -0.000515905498631 -0.000436535727192 -0.999999771639
vn -0.000515905331314 -0.000423307074191 -0.999999777326
vn -0.000515905331314 -0.000423307074191 -0.999999777326
vn -0.000515905331314 -0.000423307074191 -0.999999777326
vn -0.000515905331314 -0.000423307074191 -0.999999777326
vn -0.000515905331314 -0.000423307074191 -0.999999777326
vn -0.000502676632256 -0.000423306916184 -0.999999784064
vn -0.000515905498631 -0.000436535727192 -0.999999771639
vn -0.000502676632256 -0.000423306916184 -0.999999784064
vn -0.000515905331314 -0.000423307074191 -0.999999777326
vn -0.000502676632256 -0.000423306916184 -0.999999784064
vn -0.000515905331314 -0.000423307074191 -0.999999777326
vn -0.000515905498631 -0.000436535727192 -0.999999771639
vn -0.000515905331314 -0.000423307074191 -0.999999777326
vn -0.000515905498631 -0.000436535727192 -0.999999771639
vn -0.000515905331314 -0.000423307074191 -0.999999777326
vn -0.000515905498631 -0.000436535727192 -0.999999771639
vn -0.000515905498631 -0.000436535727192 -0.999999771639
vn -0.000515905331314 -0.000423307074191 -0.999999777326
vn -0.000515905498631 -0.000436535727192 -0.999999771639
vn -0.000515905331314 -0.000423307074191 -0.999999777326
vn -0.000515905331314 -0.000423307074191 -0.999999777326
vn -0.000515905498631 -0.000436535727192 -0.999999771639
vn -0.000515905498631 -0.000436535727192 -0.999999771639
vn -0.000515905498631 -0.000436535727192 -0.999999771639
vn -0.000515905498631 -0.000436535727192 -0.999999771639
vn -0.000515905331314 -0.000423307074191 -0.999999777326
vn -0.000515905498631 -0.000436535727192 -0.999999771639
vn -0.000515905331314 -0.000423307074191 -0.999999777326
vn -0.000502676790256 -0.000436535559882 -0.999999778376
vn -0.000515905331314 -0.000423307074191 -0.999999777326
vn -0.000502676790256 -0.000436535559882 -0.999999778376
vn -0.000502676632256 -0.000423306916184 -0.999999784064
vn -0.000515905331314 -0.000423307074191 -0.999999777326
vn -0.000515905331314 -0.000423307074191 -0.999999777326
vn -0.000515905498631 -0.000436535727192 -0.999999771639
vn -0.000515905331314 -0.000423307074191 -0.999999777326
vn -0.000515905498631 -0.000436535727192 -0.999999771639
vn -0.000515905498631 -0.000436535727192 -0.999999771639
vn -0.000515905331314 -0.000423307074191 -0.999999777326
vn -0.000515905331314 -0.000423307074191 -0.999999777326
vn -0.000515905498631 -0.000436535727192 -0.999999771639
vn -0.000515905331314 -0.000423307074191 -0.999999777326
vn -0.000515905498631 -0.000436535727192 -0.999999771639
vn -0.000515905498631 -0.000436535727192 -0.999999771639
vn -0.000515905331314 -0.000423307074191 -0.999999777326
vn -0.000515905498631 -0.000436535727192 -0.999999771639
vn -0.000515905498631 -0.000436535727192 -0.999999771639
vn -0.000515905498631 -0.000436535727192 -0.999999771639
vn -0.000515905498631 -0.000436535727192 -0.999999771639
vn -0.000515905331314 -0.000423307074191 -0.999999777326
vn -0.000515905331314 -0.000423307074191 -0.999999777326
vn -0.000515905331314 -0.000423307074191 -0.999999777326
vn -0.000515905498631 -0.000436535727192 -0.999999771639
vn -0.000515905331314 -0.000423307074191 -0.999999777326
vn -0.000515905498631 -0.000436535727192 -0.999999771639
vn -0.000515905331314 -0.000423307074191 -0.999999777326
vn -0.000515905498631 -0.000436535727192 -0.999999771639
vn -0.000515905331314 -0.000423307074191 -0.999999777326
vn -0.000515905331314 -0.000423307074191 -0.999999777326
vn -0.000515905331314 -0.000423307074191 -0.999999777326
vn -0.000515905331314 -0.000423307074191 -0.999999777326
vn -0.000515905498631 -0.000436535727192 -0.999999771639
vn -0.000515905331314 -0.000423307074191 -0.999999777326
vn -0.000515905498631 -0.000436535727192 -0.999999771639
vn -0.000515905665857 -0.000449763065842 -0.999999765777
vn -0.000515905331314 -0.000423307074191 -0.999999777326
vn -0.000515905331314 -0.000423307074191 -0.999999777326
vn -0.000515905665857 -0.000449763065842 -0.999999765777
vn -0.000515905498631 -0.000436535727192 -0.999999771639
vn -0.000515905498631 -0.000436535727192 -0.999999771639
vn -0.000515905174225 -0.000410078437901 -0.999999782839
vn -0.000515905498631 -0.000436535727192 -0.999999771639
vn -0.000515905498631 -0.000436535727192 -0.999999771639
vn -0.000515905331314 -0.000423307074191 -0.999999777326
vn -0.000515905665857 -0.000449763065842 -0.999999765777
vn -0.000515905331314 -0.000423307074191 -0.999999777326
vn -0.000515905331314 -0.000423307074191 -0.999999777326
vn -0.000502676790256 -0.000436535559882 -0.999999778376
vn -0.000502676790256 -0.000436535559882 -0.999999778376
vn -0.000502676632256 -0.000423306916184 -0.999999784064
vn -0.000515905498631 -0.000436535727192 -0.999999771639
vn -0.000515905498631 -0.000436535727192 -0.999999771639
vn -0.000515905498631 -0.000436535727192 -0.999999771639
vn -0.000515905331314 -0.000423307074191 -0.999999777326
vn -0.000515905331314 -0.000423307074191 -0.999999777326
vn -0.000515905331314 -0.000423307074191 -0.999999777326
vn -0.000515905331314 -0.000423307074191 -0.999999777326
vn -0.000515905498631 -0.000436535727192 -0.999999771639
vn -0.000515905331314 -0.000423307074191 -0.999999777326
vn -0.000515905498631 -0.000436535727192 -0.999999771639
vn -0.000515905665857 -0.000449763065842 -0.999999765777
vn -0.000515905331314 -0.000423307074191 -0.999999777326
vn -0.000515905665857 -0.000449763065842 -0.999999765777
vn -0.000515905498631 -0.000436535727192 -0.999999771639
vn -0.000515905331314 -0.000423307074191 -0.999999777326
vn -0.000515905498631 -0.000436535727192 -0.999999771639
vn -0.000515905498631 -0.000436535727192 -0.999999771639
vn -0.000515905174225 -0.000410078437901 -0.999999782839
vn -0.000515905174225 -0.000410078437901 -0.999999782839
vn -0.000515905331314 -0.000423307074191 -0.999999777326
vn -0.000515905498631 -0.000436535727192 -0.999999771639
vn -0.000515905498631 -0.000436535727192 -0.999999771639
vn -0.000515905498631 -0.000436535727192 -0.999999771639
vn -0.000515905331314 -0.000423307074191 -0.999999777326
vn -0.000515905498631 -0.000436535727192 -0.999999771639
vn -0.000502676790256 -0.000436535559882 -0.999999778376
vn -0.000515905331314 -0.000423307074191 -0.999999777326
vn -0.000502676790256 -0.000436535559882 -0.999999778376
vn -0.000502676790256 -0.000436535559882 -0.999999778376
vn -0.000515905331314 -0.000423307074191 -0.999999777326
vn -0.000515905331314 -0.000423307074191 -0.999999777326
vn -0.000515905498631 -0.000436535727192 -0.999999771639
vn -0.000515905331314 -0.000423307074191 -0.999999777326
vn -0.000515905498631 -0.000436535727192 -0.999999771639
vn -0.000515905331314 -0.000423307074191 -0.999999777326
vn -0.000515905331314 -0.000423307074191 -0.999999777326
vn -0.0948303907255 -0.0181888868364 0.995327263462
vn -0.0811446827479 -0.0522029169736 0.995334313646
vn -0.0608650480403 -0.0747350983974 0.995344217341
vn -0.0346629449376 -0.0899865710256 0.995339588926
vn -0.00503009461936 -0.0965027033131 0.995320012057
vn 0.0251881213006 -0.0935278575611 0.995297994776
vn 0.0530783523254 -0.0814751884427 0.995261012088
vn 0.0759481000714 -0.0614076368837 0.995219065446
vn 0.0904879235217 -0.0354097407914 0.995267846338
vn 0.0955868606421 -0.00496491744752 0.995408710866
vn 0.0941261075894 0.0257765262131 0.995226530277
vn 0.0827723757057 0.0534222193219 0.995135568806
vn 0.0623126514916 0.0760996540044 0.995151232791
vn 0.0359044198618 0.0914035187103 0.995166453113
vn 0.00607271484397 0.0978199371028 0.995185601805
vn -0.0242509191284 0.0946753265032 0.995212778994
vn -0.052114079617 0.082406104604 0.995235327262
vn -0.0748320131927 0.0621772020982 0.995255829092
vn -0.0891714243759 0.0361382369852 0.995360479878
vn -0.094058441356 0.00579767952966 0.995549796104
vn -0.090932636948 -0.0314578653549 0.995360064622
vn -0.82909985854 -0.532429554352 0.170622959246
vn -0.623808556211 -0.762564082635 0.171344404849
vn -0.357663746235 -0.918664312995 0.167727531008
vn -0.0562767520604 -0.985435488112 0.160467523026
vn 0.251532152263 -0.956000165353 0.150980992921
vn 0.535643064018 -0.832881381779 0.139266334251
vn 0.768338958238 -0.6273693423 0.126739708048
vn 0.92578605236 -0.359923044602 0.115652873811
vn 0.991669968312 -0.0567207784009 0.115643535255
vn 0.962320545962 0.252844224224 0.100044815437
vn 0.837580917788 0.537485076249 0.0978161488064
vn 0.630100389448 0.770233285561 0.0985605653015
vn 0.361039819062 0.926924228014 0.102282572186
vn 0.0567592041243 0.992341696164 0.109710303989
vn -0.252419919158 0.960228428813 0.119354718849
vn -0.536177870309 0.833966329801 0.130435624544
vn -0.766748458123 0.626331398406 0.140733014385
vn -0.921309344729 0.35831992533 0.150983185906
vn -0.983847700029 0.056383211944 0.169895958043
vn -0.953585703038 -0.250082042799 0.167729779204
vn -0.953442715348 -0.2501431446 0.168449979993
vn -0.829589175652 -0.531899140301 0.16989733426
vn -0.623915631156 -0.762475958294 0.171346719326
vn -0.357749739892 -0.918631913463 0.167721588278
vn -0.0561783328457 -0.985440961736 0.160468395182
vn 0.251532152263 -0.956000165353 0.150980992921
vn 0.535657689208 -0.832750136998 0.139993033118
vn 0.768490398485 -0.627033412552 0.127481790775
vn 0.925866431219 -0.359716990043 0.115650502014
vn 0.99167555763 -0.0566217617613 0.115644128663
vn 0.962448842015 0.252354245689 0.100047794507
vn 0.837685110339 0.537324696431 0.0978050434388
vn 0.630160398703 0.770184981574 0.0985543812537
vn 0.361039819062 0.926924228014 0.102282572186
vn 0.0567592041243 0.992341696164 0.109710303989
vn -0.252512891739 0.960204351808 0.119351758575
vn -0.536248521463 0.83392198582 0.130428696208
vn -0.766844160104 0.626049786354 0.141462712828
vn -0.921502316887 0.357823700204 0.150982381568
vn -0.983853163364 0.056284956524 0.169896899935
vn -0.954035191901 -0.250298579446 0.164825585823
vn -0.953917673128 -0.250267748905 0.165550979317
vn -0.828373859137 -0.533328493789 0.171340208976
vn -0.953767317388 -0.250846033021 0.165542055078
vn -0.953734801162 -0.250962071017 0.16555351994
vn -0.983853163364 0.056284956524 0.169896899935
vn -0.920931560029 0.358980406064 0.151717269302
vn -0.765864948496 0.627246857912 0.141464694903
vn -0.535576441145 0.834352939258 0.130434076996
vn -0.252302889337 0.960260224907 0.119346355174
vn 0.0567592041243 0.992341696164 0.109710303989
vn 0.360746950315 0.927038075484 0.102284135823
vn 0.629667057028 0.770588281169 0.0985550517153
vn 0.836759802562 0.538763029982 0.0978132421577
vn 0.962199584603 0.253886137681 0.0985585535738
vn 0.991589163735 -0.056616826867 0.116384987339
vn 0.925445084247 -0.360563016998 0.116386025003
vn 0.767347534866 -0.628280673147 0.128223073136
vn 0.535171982584 -0.833061943042 0.139995528901
vn 0.251323154579 -0.956056203229 0.150974197269
vn -0.0562767520604 -0.985435488112 0.160467523026
vn -0.357459352468 -0.918744485211 0.167724125357
vn -0.623380172324 -0.762916429712 0.171334999426
vn -0.0874966804075 -0.0565187608919 -0.994560184496
vn -0.102146147101 -0.0197583183583 -0.994573161456
vn -0.0992601817232 -0.0332380385484 -0.994506233825
vn -0.105327535466 0.00553024403539 -0.994422207452
vn -0.0968817542417 0.0368499064076 -0.994613497844
vn -0.0803170144845 0.0650097731765 -0.994647126661
vn -0.0564487623415 0.0866395616808 -0.994639192663
vn -0.0268004063408 0.0996112389216 -0.99466544089
vn 0.00539487662602 0.102736505307 -0.994693975946
vn 0.0369350791815 0.095800881737 -0.994715030038
vn 0.0647675492759 0.0794457472987 -0.994732897715
vn 0.0858134127962 0.0552383243882 -0.994778762189
vn 0.098968118536 0.0254584648324 -0.994764885831
vn 0.103734637479 -0.00635452275154 -0.99458470983
vn 0.0955054999217 -0.0375647179561 -0.994719855763
vn 0.0791625267148 -0.0657488292534 -0.994691100702
vn 0.0554827950064 -0.0875797265248 -0.994611205929
vn 0.0258668308933 -0.1008001211 -0.994570380941
vn -0.0064311464311 -0.104140902802 -0.994541760169
vn -0.0382123704741 -0.0972953507812 -0.994521708893
vn -0.0662915326037 -0.0809146633375 -0.994514077307
vn -0.988223104148 0.056529295533 0.142195411931
vn -0.956369160615 -0.251431417177 0.148796072131
vn -0.956369160615 -0.251431417177 0.148796072131
vn -0.988223104148 0.056529295533 0.142195411931
vn -0.923519224069 0.359614439347 0.133378025883
vn -0.923611279354 0.3596502828 0.13264191921
vn -0.768279091635 0.628321278388 0.122309478296
vn -0.768279091635 0.628321278388 0.122309478296
vn -0.537328345094 0.836109140585 0.110452499237
vn -0.537257644014 0.836153797902 0.110458364112
vn -0.252956333056 0.962368482553 0.0992975193807
vn -0.252956333056 0.962368482553 0.0992975193807
vn 0.0568742083872 0.99435240106 0.0896026055826
vn 0.0568742083872 0.99435240106 0.0896026055826
vn 0.361597044221 0.928710378963 0.0821255722481
vn 0.361597044221 0.928710378963 0.0821255722481
vn 0.631077903392 0.771749447748 0.0783802893048
vn 0.631077903392 0.771749447748 0.0783802893048
vn 0.838672446381 0.539075358011 0.0776291573275
vn 0.838672446381 0.539075358011 0.0776291573275
vn 0.963999587436 0.253385061549 0.0806275759707
vn 0.963916399589 0.253462866788 0.0813741344827
vn 0.994556812796 -0.0567862790056 0.0873616886149
vn 0.994556812796 -0.0567862790056 0.0873616886149
vn 0.927491485978 -0.361022923094 0.0970669482333
vn 0.927491485978 -0.361022923094 0.0970669482333
vn 0.76963251026 -0.629247404269 0.108228939623
vn 0.76963251026 -0.629247404269 0.108228939623
vn 0.536887442859 -0.835169276431 0.119348872663
vn 0.536887442859 -0.835169276431 0.119348872663
vn 0.252133579334 -0.958761960011 0.131164637792
vn 0.252133579334 -0.958761960011 0.131164637792
vn -0.0564425598821 -0.988437924419 0.14072919741
vn -0.0564425598821 -0.988437924419 0.14072919741
vn -0.358811090554 -0.921710197828 0.147325871843
vn -0.358811090554 -0.921710197828 0.147325871843
vn -0.625627230576 -0.765226731865 0.151718875556
vn -0.625627230576 -0.765226731865 0.151718875556
vn -0.831490680162 -0.534423800491 0.15170514254
vn -0.831490680162 -0.534423800491 0.15170514254
vn -0.956401378689 -0.251314987223 0.148785684928
vn -0.956401378689 -0.251314987223 0.148785684928
vn -0.0912318075914 -0.0308129595822 0.995352861454
vn -0.094145594083 0.00579905743131 0.995541550136
vn -0.0894597062532 0.0352328102473 0.995367073013
vn -0.0750611391149 0.0619152072507 0.995254908305
vn -0.0522451387069 0.0823241829805 0.9952352357
vn -0.0243030408235 0.0947031459316 0.995208860671
vn 0.00607271484397 0.0978199371028 0.995185601805
vn 0.0359700327464 0.0914033040098 0.995164103432
vn 0.0624277000365 0.0760010821997 0.995151555178
vn 0.0829696386887 0.0531262201682 0.995134987721
vn 0.0943556367944 0.0248752788153 0.995227729873
vn 0.0956586752903 -0.00498239245605 0.995401724736
vn 0.0907878925223 -0.0345219784003 0.995271717461
vn 0.0761938687298 -0.0611288578899 0.995217442121
vn 0.0532093440461 -0.0813770705097 0.995262044942
vn 0.0252565669367 -0.0935392067716 0.99529519371
vn -0.00503010260287 -0.0964865242536 0.995321580548
vn -0.0347119458056 -0.0899540423419 0.995340821571
vn -0.0609644711793 -0.074586449848 0.995349282791
vn -0.0813405855711 -0.0518927798185 0.995334541017
vn -0.0950655245352 -0.0173440285246 0.995319913756
vn -0.0874462261801 -0.0566193758075 -0.994558899116
vn -0.0662410580804 -0.0809650286772 -0.994513341467
vn -0.0381787491728 -0.0973121199746 -0.994521359458
vn -0.0064311464311 -0.104140902802 -0.994541760169
vn 0.0258333045223 -0.100800210493 -0.994571243271
vn 0.0554323678254 -0.0876464632364 -0.994608138957
vn 0.079105453476 -0.0658738768701 -0.994687367758
vn 0.0953670792103 -0.0380032971335 -0.994716476997
vn 0.103688392174 -0.00635374300074 -0.994589537085
vn 0.0988804175984 0.0258948710345 -0.994762342808
vn 0.0857906207866 0.0553450264803 -0.994774797343
vn 0.0647254947505 0.0795222765644 -0.99472951995
vn 0.0369229856176 0.0958295032491 -0.994712722066
vn 0.00537884262583 0.102765947869 -0.994691021378
vn -0.0267669920384 0.0996113289144 -0.994666331635
vn -0.0563817056461 0.0867063278522 -0.99463717806
vn -0.0802601878471 0.0651016040771 -0.994645707472
vn -0.0967309141146 0.0372686208071 -0.994612577921
vn -0.105310853149 0.00554711301778 -0.994423880318
vn -0.0995014603201 -0.0335823732246 -0.994470554417
vn -0.102613934482 -0.0203547055441 -0.994512979509
vn -0.0876249682228 -0.0563914746907 -0.994556115323
vn -0.102841147562 -0.0195527641081 -0.994505599674
vn -0.0996449683889 -0.0329513332914 -0.994477294818
vn -0.105327525592 0.00554710399088 -0.994422114592
vn -0.0970490466867 0.0364645805845 -0.994611389891
vn -0.0804274709497 0.0649008025587 -0.99464531756
vn -0.056508625621 0.0865785091369 -0.99464110964
vn -0.026833863615 0.0995945974851 -0.994666205275
vn 0.00539487662602 0.102736505307 -0.994693975946
vn 0.0369684723533 0.0957842270114 -0.99471539342
vn 0.064834159766 0.0794122541506 -0.994731232855
vn 0.0859405165597 0.0551118548672 -0.994774804198
vn 0.0990391989518 0.0250555014295 -0.994768042771
vn 0.103734637479 -0.00635452275154 -0.99458470983
vn 0.0956556916067 -0.0371808930141 -0.99471984491
vn 0.0792793324609 -0.0656317949637 -0.994689526905
vn 0.0555428452224 -0.0875185055533 -0.994613243191
vn 0.025900358878 -0.100800035019 -0.994569517103
vn -0.0064311464311 -0.104140902802 -0.994541760169
vn -0.038262772083 -0.0972785182547 -0.994521417647
vn -0.0663587401134 -0.080864208167 -0.994513698975
vn -0.956369160615 -0.251431417177 0.148796072131
vn -0.988223104148 0.056529295533 0.142195411931
vn -0.923611279354 0.3596502828 0.13264191921
vn -0.768327013731 0.628261194651 0.122317093111
vn -0.537328345094 0.836109140585 0.110452499237
vn -0.252956333056 0.962368482553 0.0992975193807
vn 0.0568742083872 0.99435240106 0.0896026055826
vn 0.361597044221 0.928710378963 0.0821255722481
vn 0.631017903629 0.771798004957 0.0783852335814
vn 0.838717522029 0.539004631036 0.0776332787151
vn 0.963975232729 0.253478343536 0.0806255545289
vn 0.994556812796 -0.0567862790056 0.0873616886149
vn 0.927491485978 -0.361022923094 0.0970669482333
vn 0.76963251026 -0.629247404269 0.108228939623
vn 0.536887442859 -0.835169276431 0.119348872663
vn 0.252158293582 -0.958855955012 0.130427959104
vn -0.0564425598821 -0.988437924419 0.14072919741
vn -0.358811090554 -0.921710197828 0.147325871843
vn -0.625627230576 -0.765226731865 0.151718875556
vn -0.831490680162 -0.534423800491 0.15170514254
vn -0.956401378689 -0.251314987223 0.148785684928
vn 0.989939341025 0.0993023920656 -0.100792539512
vn 0.989939341025 0.0993023920656 -0.100792539512
vn 0.972892824889 -0.211585020327 -0.0933345083695
vn 0.972872329125 -0.211680128969 -0.0933324928596
vn 0.972892824889 -0.211585020327 -0.0933345083695
vn 0.860663058083 -0.502385651569 -0.0828719346229
vn 0.860663058083 -0.502385651569 -0.0828719346229
vn 0.663874371784 -0.744476999127 -0.0708859383799
vn 0.663874371784 -0.744476999127 -0.0708859383799
vn 0.401671120067 -0.913841734253 -0.0596120461131
vn 0.401707766127 -0.913825267801 -0.0596175356938
vn 0.401671120067 -0.913841734253 -0.0596120461131
vn 0.099684143605 -0.993844949594 -0.048324814335
vn 0.099684143605 -0.993844949594 -0.048324814335
vn -0.212437715091 -0.976354148838 -0.0400349004368
vn -0.212342303216 -0.976374869909 -0.0400357299939
vn -0.212342303216 -0.976374869909 -0.0400357299939
vn -0.503828257136 -0.863134473969 -0.033999517023
vn -0.503828257136 -0.863134473969 -0.033999517023
vn -0.745928950301 -0.665269073955 -0.0317342140561
vn -0.745928950301 -0.665269073955 -0.0317342140561
vn -0.914963823116 -0.402164325423 -0.0332424088465
vn -0.914947546985 -0.402201103693 -0.0332454275651
vn -0.914963823116 -0.402164325423 -0.0332424088465
vn -0.994258863727 -0.099825587632 -0.038524848535
vn -0.994268776782 -0.099726658866 -0.0385252258596
vn -0.994268776782 -0.099726658866 -0.0385252258596
vn -0.976086680159 0.212279625899 -0.0468204361774
vn -0.976086680159 0.212279625899 -0.0468204361774
vn -0.86228078944 0.503171845777 -0.0573579443459
vn -0.862211857852 0.503289714538 -0.0573600507301
vn -0.86228078944 0.503171845777 -0.0573579443459
vn -0.664084266211 0.744500721024 -0.0686350039357
vn -0.664034941064 0.744545185998 -0.068629899117
vn -0.664034941064 0.744545185998 -0.068629899117
vn -0.401113362531 0.912473098658 -0.08062824954
vn -0.401113362531 0.912473098658 -0.08062824954
vn -0.0994942568219 0.990859178192 -0.0910987478063
vn -0.0994942568219 0.990859178192 -0.0910987478063
vn 0.211462380556 0.972328890812 -0.0992984879136
vn 0.21144652708 0.972255992151 -0.10004325021
vn 0.211462380556 0.972328890812 -0.0992984879136
vn 0.501245295202 0.858879831821 -0.10525487413
vn 0.501245295202 0.858879831821 -0.10525487413
vn 0.741937321379 0.661797755589 -0.107483681753
vn 0.741937321379 0.661797755589 -0.107483681753
vn 0.910296530419 0.400156574637 -0.105995011591
vn 0.910296530419 0.400156574637 -0.105995011591
vn 0.910332749201 0.400073049446 -0.105999249236
vn 0.910296530419 0.400156574637 -0.105995011591
vn 0.910296530419 0.400156574637 -0.105995011591
vn 0.910332749201 0.400073049446 -0.105999249236
vn 0.910296530419 0.400156574637 -0.105995011591
vn 0.910332749201 0.400073049446 -0.105999249236
vn 0.910296530419 0.400156574637 -0.105995011591
vn 0.741986149482 0.661741863937 -0.107490741416
vn 0.741937321379 0.661797755589 -0.107483681753
vn 0.741986149482 0.661741863937 -0.107490741416
vn 0.741986149482 0.661741863937 -0.107490741416
vn 0.741937321379 0.661797755589 -0.107483681753
vn 0.741937321379 0.661797755589 -0.107483681753
vn 0.742030835811 0.661693047114 -0.107482789814
vn 0.501245295202 0.858879831821 -0.10525487413
vn 0.501245295202 0.858879831821 -0.10525487413
vn 0.501245295202 0.858879831821 -0.10525487413
vn 0.501319753565 0.858837011211 -0.105249669164
vn 0.501245295202 0.858879831821 -0.10525487413
vn 0.501319753565 0.858837011211 -0.105249669164
vn 0.21144652708 0.972255992151 -0.10004325021
vn 0.21144652708 0.972255992151 -0.10004325021
vn 0.21144652708 0.972255992151 -0.10004325021
vn 0.21144652708 0.972255992151 -0.10004325021
vn -0.0994942568219 0.990859178192 -0.0910987478063
vn -0.0994942568219 0.990859178192 -0.0910987478063
vn -0.0994942568219 0.990859178192 -0.0910987478063
vn -0.0994942568219 0.990859178192 -0.0910987478063
vn -0.401196998505 0.91243661308 -0.0806250302473
vn -0.401113362531 0.912473098658 -0.08062824954
vn -0.401196998505 0.91243661308 -0.0806250302473
vn -0.401113362531 0.912473098658 -0.08062824954
vn -0.401196998505 0.91243661308 -0.0806250302473
vn -0.401113362531 0.912473098658 -0.08062824954
vn -0.401113362531 0.912473098658 -0.08062824954
vn -0.401196998505 0.91243661308 -0.0806250302473
vn -0.664084266211 0.744500721024 -0.0686350039357
vn -0.664084266211 0.744500721024 -0.0686350039357
vn -0.664034941064 0.744545185998 -0.068629899117
vn -0.664084266211 0.744500721024 -0.0686350039357
vn -0.664084266211 0.744500721024 -0.0686350039357
vn -0.664034941064 0.744545185998 -0.068629899117
vn -0.86228078944 0.503171845777 -0.0573579443459
vn -0.862255179525 0.503215164709 -0.0573629095276
vn -0.86228078944 0.503171845777 -0.0573579443459
vn -0.862255179525 0.503215164709 -0.0573629095276
vn -0.862317872252 0.503193485631 -0.0566056818148
vn -0.86228078944 0.503171845777 -0.0573579443459
vn -0.86228078944 0.503171845777 -0.0573579443459
vn -0.862317872252 0.503193485631 -0.0566056818148
vn -0.976086680159 0.212279625899 -0.0468204361774
vn -0.976086680159 0.212279625899 -0.0468204361774
vn -0.976086680159 0.212279625899 -0.0468204361774
vn -0.976086680159 0.212279625899 -0.0468204361774
vn -0.994268776782 -0.099726658866 -0.0385252258596
vn -0.994268776782 -0.099726658866 -0.0385252258596
vn -0.994268776782 -0.099726658866 -0.0385252258596
vn -0.994258863727 -0.099825587632 -0.038524848535
vn -0.994258863727 -0.099825587632 -0.038524848535
vn -0.994268776782 -0.099726658866 -0.0385252258596
vn -0.914947546985 -0.402201103693 -0.0332454275651
vn -0.914963823116 -0.402164325423 -0.0332424088465
vn -0.914947546985 -0.402201103693 -0.0332454275651
vn -0.914963823116 -0.402164325423 -0.0332424088465
vn -0.914963823116 -0.402164325423 -0.0332424088465
vn -0.914947546985 -0.402201103693 -0.0332454275651
vn -0.914947546985 -0.402201103693 -0.0332454275651
vn -0.745928950301 -0.665269073955 -0.0317342140561
vn -0.745928950301 -0.665269073955 -0.0317342140561
vn -0.745928950301 -0.665269073955 -0.0317342140561
vn -0.745835006777 -0.665374381787 -0.0317344407281
vn -0.745835006777 -0.665374381787 -0.0317344407281
vn -0.745928950301 -0.665269073955 -0.0317342140561
vn -0.503784801387 -0.863159954388 -0.0339965738254
vn -0.503828257136 -0.863134473969 -0.033999517023
vn -0.503828257136 -0.863134473969 -0.033999517023
vn -0.503784801387 -0.863159954388 -0.0339965738254
vn -0.503828257136 -0.863134473969 -0.033999517023
vn -0.503828257136 -0.863134473969 -0.033999517023
vn -0.503784801387 -0.863159954388 -0.0339965738254
vn -0.212437715091 -0.976354148838 -0.0400349004368
vn -0.212342303216 -0.976374869909 -0.0400357299939
vn -0.212342303216 -0.976374869909 -0.0400357299939
vn -0.212437715091 -0.976354148838 -0.0400349004368
vn -0.212342303216 -0.976374869909 -0.0400357299939
vn -0.212342303216 -0.976374869909 -0.0400357299939
vn -0.212437715091 -0.976354148838 -0.0400349004368
vn 0.099684143605 -0.993844949594 -0.048324814335
vn 0.099684143605 -0.993844949594 -0.048324814335
vn 0.099684143605 -0.993844949594 -0.048324814335
vn 0.099684143605 -0.993844949594 -0.048324814335
vn 0.401707766127 -0.913825267801 -0.0596175356938
vn 0.4015874083 -0.913878367493 -0.0596144522968
vn 0.401707766127 -0.913825267801 -0.0596175356938
vn 0.4015874083 -0.913878367493 -0.0596144522968
vn 0.401707766127 -0.913825267801 -0.0596175356938
vn 0.4015874083 -0.913878367493 -0.0596144522968
vn 0.401707766127 -0.913825267801 -0.0596175356938
vn 0.663874371784 -0.744476999127 -0.0708859383799
vn 0.663874371784 -0.744476999127 -0.0708859383799
vn 0.663874371784 -0.744476999127 -0.0708859383799
vn 0.663874371784 -0.744476999127 -0.0708859383799
vn 0.663930152555 -0.744427696804 -0.0708812863787
vn 0.860663058083 -0.502385651569 -0.0828719346229
vn 0.860663058083 -0.502385651569 -0.0828719346229
vn 0.860663058083 -0.502385651569 -0.0828719346229
vn 0.860663058083 -0.502385651569 -0.0828719346229
vn 0.972892824889 -0.211585020327 -0.0933345083695
vn 0.972872329125 -0.211680128969 -0.0933324928596
vn 0.972872329125 -0.211680128969 -0.0933324928596
vn 0.972892824889 -0.211585020327 -0.0933345083695
vn 0.972872329125 -0.211680128969 -0.0933324928596
vn 0.972892824889 -0.211585020327 -0.0933345083695
vn 0.972872329125 -0.211680128969 -0.0933324928596
vn 0.989864021091 0.0992948310489 -0.101536969994
vn 0.989939341025 0.0993023920656 -0.100792539512
vn 0.989939341025 0.0993023920656 -0.100792539512
vn 0.989864021091 0.0992948310489 -0.101536969994
vn 0.989939341025 0.0993023920656 -0.100792539512
vn 0.989939341025 0.0993023920656 -0.100792539512
vn 0.989864021091 0.0992948310489 -0.101536969994
vn 0.910296530419 0.400156574637 -0.105995011591
vn 0.910296530419 0.400156574637 -0.105995011591
vn 0.741937321379 0.661797755589 -0.107483681753
vn 0.742030835811 0.661693047114 -0.107482789814
vn 0.742030835811 0.661693047114 -0.107482789814
vn 0.501319753565 0.858837011211 -0.105249669164
vn 0.501245295202 0.858879831821 -0.10525487413
vn 0.501245295202 0.858879831821 -0.10525487413
vn 0.21144652708 0.972255992151 -0.10004325021
vn 0.21144652708 0.972255992151 -0.10004325021
vn -0.0994942568219 0.990859178192 -0.0910987478063
vn -0.0994942568219 0.990859178192 -0.0910987478063
vn -0.401196998505 0.91243661308 -0.0806250302473
vn -0.401113362531 0.912473098658 -0.08062824954
vn -0.401196998505 0.91243661308 -0.0806250302473
vn -0.664034941064 0.744545185998 -0.068629899117
vn -0.664084266211 0.744500721024 -0.0686350039357
vn -0.664084266211 0.744500721024 -0.0686350039357
vn -0.86228078944 0.503171845777 -0.0573579443459
vn -0.862317872252 0.503193485631 -0.0566056818148
vn -0.86228078944 0.503171845777 -0.0573579443459
vn -0.976086680159 0.212279625899 -0.0468204361774
vn -0.976086680159 0.212279625899 -0.0468204361774
vn -0.994258863727 -0.099825587632 -0.038524848535
vn -0.994268776782 -0.099726658866 -0.0385252258596
vn -0.994268776782 -0.099726658866 -0.0385252258596
vn -0.914947546985 -0.402201103693 -0.0332454275651
vn -0.914947546985 -0.402201103693 -0.0332454275651
vn -0.745928950301 -0.665269073955 -0.0317342140561
vn -0.745835006777 -0.665374381787 -0.0317344407281
vn -0.745928950301 -0.665269073955 -0.0317342140561
vn -0.503828257136 -0.863134473969 -0.033999517023
vn -0.503828257136 -0.863134473969 -0.033999517023
vn -0.212342303216 -0.976374869909 -0.0400357299939
vn -0.212342303216 -0.976374869909 -0.0400357299939
vn 0.099684143605 -0.993844949594 -0.048324814335
vn 0.099684143605 -0.993844949594 -0.048324814335
vn 0.4015874083 -0.913878367493 -0.0596144522968
vn 0.401707766127 -0.913825267801 -0.0596175356938
vn 0.401707766127 -0.913825267801 -0.0596175356938
vn 0.663930152555 -0.744427696804 -0.0708812863787
vn 0.663874371784 -0.744476999127 -0.0708859383799
vn 0.663930152555 -0.744427696804 -0.0708812863787
vn 0.860663058083 -0.502385651569 -0.0828719346229
vn 0.860663058083 -0.502385651569 -0.0828719346229
vn 0.972872329125 -0.211680128969 -0.0933324928596
vn 0.972892824889 -0.211585020327 -0.0933345083695
vn 0.972892824889 -0.211585020327 -0.0933345083695
vn 0.989939341025 0.0993023920656 -0.100792539512
vn 0.989939341025 0.0993023920656 -0.100792539512
vn -0.956483735791 -0.251435540146 0.148050776152
vn -0.988223104148 0.056529295533 0.142195411931
vn -0.923611279354 0.3596502828 0.13264191921
vn -0.768279091635 0.628321278388 0.122309478296
vn -0.537328345094 0.836109140585 0.110452499237
vn -0.252863183487 0.962392700559 0.0993000521027
vn 0.0568742083872 0.99435240106 0.0896026055826
vn 0.361597044221 0.928710378963 0.0821255722481
vn 0.631017903629 0.771798004957 0.0783852335814
vn 0.838717522029 0.539004631036 0.0776332787151
vn 0.963975232729 0.253478343536 0.0806255545289
vn 0.994556812796 -0.0567862790056 0.0873616886149
vn 0.927491485978 -0.361022923094 0.0970669482333
vn 0.769694909222 -0.629298413837 0.107486059835
vn 0.536839197497 -0.835094224911 0.120088765298
vn 0.252158293582 -0.958855955012 0.130427959104
vn -0.0564425598821 -0.988437924419 0.14072919741
vn -0.358724895885 -0.921742917182 0.147331068335
vn -0.625627230576 -0.765226731865 0.151718875556
vn -0.831490680162 -0.534423800491 0.15170514254
vn -0.956507513673 -0.251342871995 0.148054506803
vn 0.0569571983347 0.995803284004 0.0716358647908
vn 0.0569571983347 0.995803284004 0.0716358647908
vn 0.0569571983347 0.995803284004 0.0716358647908
vn 0.0569571983347 0.995803284004 0.0716358647908
vn 0.00041011933417 -0.00132296538073 0.999999040782
vn 0.00041011933417 -0.00132296538073 0.999999040782
vn 0.00041011933417 -0.00132296538073 0.999999040782
vn 0.00041011933417 -0.00132296538073 0.999999040782
vn -0.0569571983347 -0.995803284004 -0.0716358647908
vn -0.0569571983347 -0.995803284004 -0.0716358647908
vn -0.0569571983347 -0.995803284004 -0.0716358647908
vn -0.0569571983347 -0.995803284004 -0.0716358647908
vn -0.00041011933417 0.00132296538073 -0.999999040782
vn -0.00041011933417 0.00132296538073 -0.999999040782
vn -0.00041011933417 0.00132296538073 -0.999999040782
vn -0.00041011933417 0.00132296538073 -0.999999040782
vn -0.740079964541 0.669235038301 0.0663785326358
vn -0.740079964541 0.669235038301 0.0663785326358
vn -0.740079964541 0.669235038301 0.0663785326358
vn -0.740079964541 0.669235038301 0.0663785326358
vn 0.813097848191 0.581655382263 0.0234287334509
vn 0.813097848191 0.581655382263 0.0234287334509
vn 0.813097848191 0.581655382263 0.0234287334509
vn 0.813097848191 0.581655382263 0.0234287334509
vn -0.0126655397092 0.997186537115 0.0738823003194
vn -0.0126655397092 0.997186537115 0.0738823003194
vn -0.0126655397092 0.997186537115 0.0738823003194
vn -0.0126655397092 0.997186537115 0.0738823003194
vn 0.000529186493282 -0.00132296557175 0.999998984861
vn 0.000529186493282 -0.00132296557175 0.999998984861
vn 0.000529186493282 -0.00132296557175 0.999998984861
vn 0.000529186493282 -0.00132296557175 0.999998984861
vn 0.0126655397092 -0.997186537115 -0.0738823003194
vn 0.0126655397092 -0.997186537115 -0.0738823003194
vn 0.0126655397092 -0.997186537115 -0.0738823003194
vn 0.0126655397092 -0.997186537115 -0.0738823003194
vn -0.000529186493282 0.00132296557175 -0.999998984861
vn -0.000542416344842 0.0013361952001 -0.999998960183
vn -0.000529186493282 0.00132296557175 -0.999998984861
vn -0.000542416344842 0.0013361952001 -0.999998960183
vn -0.000529186493282 0.00132296557175 -0.999998984861
vn -0.000542416344842 0.0013361952001 -0.999998960183
vn -0.784783086566 0.615874135043 0.0693870076096
vn -0.784783086566 0.615874135043 0.0693870076096
vn -0.784783086566 0.615874135043 0.0693870076096
vn -0.784783086566 0.615874135043 0.0693870076096
vn 0.770487563306 0.637024364601 0.0234280535975
vn 0.770487563306 0.637024364601 0.0234280535975
vn 0.770487563306 0.637024364601 0.0234280535975
vn 0.770487563306 0.637024364601 0.0234280535975
vn -0.0821689522225 0.993705896753 0.0761370740803
vn -0.0821689522225 0.993705896753 0.0761370740803
vn -0.0821689522225 0.993705896753 0.0761370740803
vn -0.0821689522225 0.993705896753 0.0761370740803
vn 0.000661483064803 -0.00132296480669 0.999998906102
vn 0.000661483064803 -0.00132296480669 0.999998906102
vn 0.000661483064803 -0.00132296480669 0.999998906102
vn 0.000661483064803 -0.00132296480669 0.999998906102
vn 0.0821689522225 -0.993705896753 -0.0761370740803
vn 0.0821689522225 -0.993705896753 -0.0761370740803
vn 0.0821689522225 -0.993705896753 -0.0761370740803
vn 0.0821689522225 -0.993705896753 -0.0761370740803
vn -0.000661483064803 0.00132296480669 -0.999998906102
vn -0.000661483064803 0.00132296480669 -0.999998906102
vn -0.000661483064803 0.00132296480669 -0.999998906102
vn -0.000661483064803 0.00132296480669 -0.999998906102
vn -0.825684290806 0.559566183413 0.0716319642076
vn -0.825684290806 0.559566183413 0.0716319642076
vn -0.825684290806 0.559566183413 0.0716319642076
vn -0.825684290806 0.559566183413 0.0716319642076
vn 0.724191140181 0.689201228191 0.0234277515747
vn 0.724191140181 0.689201228191 0.0234277515747
vn 0.724191140181 0.689201228191 0.0234277515747
vn 0.724191140181 0.689201228191 0.0234277515747
vn -0.151237283951 0.985385193025 0.0783792403068
vn -0.151237283951 0.985385193025 0.0783792403068
vn -0.151237283951 0.985385193025 0.0783792403068
vn -0.151237283951 0.985385193025 0.0783792403068
vn 0.000780549813735 -0.00130973538819 0.999998837667
vn 0.000780549813735 -0.00130973538819 0.999998837667
vn 0.000780549813735 -0.00130973538819 0.999998837667
vn 0.000780549813735 -0.00130973538819 0.999998837667
vn 0.151237283951 -0.985385193025 -0.0783792403068
vn 0.151237283951 -0.985385193025 -0.0783792403068
vn 0.151237283951 -0.985385193025 -0.0783792403068
vn 0.151237283951 -0.985385193025 -0.0783792403068
vn -0.000780549813735 0.00130973538819 -0.999998837667
vn -0.000780549813735 0.00130973538819 -0.999998837667
vn -0.000780549813735 0.00130973538819 -0.999998837667
vn -0.000780549813735 0.00130973538819 -0.999998837667
vn -0.862550090191 0.500436627525 0.0746359413575
vn -0.862550090191 0.500436627525 0.0746359413575
vn -0.862550090191 0.500436627525 0.0746359413575
vn -0.862550090191 0.500436627525 0.0746359413575
vn 0.674406614681 0.737988384052 0.0234278270059
vn 0.674406614681 0.737988384052 0.0234278270059
vn 0.674406614681 0.737988384052 0.0234278270059
vn 0.674406614681 0.737988384052 0.0234278270059
vn -0.219589683528 0.97225501098 0.0806260783592
vn -0.219589683528 0.97225501098 0.0806260783592
vn -0.219589683528 0.97225501098 0.0806260783592
vn -0.219589683528 0.97225501098 0.0806260783592
vn 0.000899616879439 -0.00129650558972 0.999998754881
vn 0.000899616013105 -0.00128327640595 0.999998771946
vn 0.000899616879439 -0.00129650558972 0.999998754881
vn 0.000899616879439 -0.00129650558972 0.999998754881
vn 0.000899616013105 -0.00128327640595 0.999998771946
vn 0.000899616013105 -0.00128327640595 0.999998771946
vn 0.219589683528 -0.97225501098 -0.0806260783592
vn 0.219589683528 -0.97225501098 -0.0806260783592
vn 0.219589683528 -0.97225501098 -0.0806260783592
vn 0.219589683528 -0.97225501098 -0.0806260783592
vn -0.000899616013105 0.00128327640595 -0.999998771946
vn -0.000899616013105 0.00128327640595 -0.999998771946
vn -0.000899616013105 0.00128327640595 -0.999998771946
vn -0.000899616013105 0.00128327640595 -0.999998771946
vn -0.895183428696 0.439016772675 0.0768823926437
vn -0.895183428696 0.439016772675 0.0768823926437
vn -0.895183428696 0.439016772675 0.0768823926437
vn -0.895183428696 0.439016772675 0.0768823926437
vn 0.621215096556 0.783266858647 0.0241832991383
vn 0.621215096556 0.783266858647 0.0241832991383
vn 0.621215096556 0.783266858647 0.0241832991383
vn 0.621215096556 0.783266858647 0.0241832991383
vn -0.286834801204 0.954388485854 0.0828759005183
vn -0.286834801204 0.954388485854 0.0828759005183
vn -0.286834801204 0.954388485854 0.0828759005183
vn -0.286834801204 0.954388485854 0.0828759005183
vn 0.00101868262793 -0.00125681696805 0.999998691348
vn 0.00101868299989 -0.00124358781197 0.999998707886
vn 0.00101868299989 -0.00124358781197 0.999998707886
vn 0.00101868299989 -0.00124358781197 0.999998707886
vn 0.00101868262793 -0.00125681696805 0.999998691348
vn 0.00101868262793 -0.00125681696805 0.999998691348
vn 0.286834801204 -0.954388485854 -0.0828759005183
vn 0.286834801204 -0.954388485854 -0.0828759005183
vn 0.286834801204 -0.954388485854 -0.0828759005183
vn 0.286834801204 -0.954388485854 -0.0828759005183
vn -0.00101868299989 0.00124358781197 -0.999998707886
vn -0.00101868299989 0.00124358781197 -0.999998707886
vn -0.00101868299989 0.00124358781197 -0.999998707886
vn -0.00101868299989 0.00124358781197 -0.999998707886
vn -0.923460276077 0.375445466467 0.0791316638086
vn -0.923460276077 0.375445466467 0.0791316638086
vn -0.923460276077 0.375445466467 0.0791316638086
vn -0.923460276077 0.375445466467 0.0791316638086
vn 0.565117376129 0.824633512384 0.0249383530044
vn 0.565117376129 0.824633512384 0.0249383530044
vn 0.565117376129 0.824633512384 0.0249383530044
vn 0.565117376129 0.824633512384 0.0249383530044
vn -0.352643083666 0.931878516771 0.0851192429696
vn -0.352643083666 0.931878516771 0.0851192429696
vn -0.352643083666 0.931878516771 0.0851192429696
vn -0.352643083666 0.931878516771 0.0851192429696
vn 0.00113775023192 -0.00121712781665 0.999998612061
vn 0.00113775023192 -0.00121712781665 0.999998612061
vn 0.00113775023192 -0.00121712781665 0.999998612061
vn 0.00113775023192 -0.00121712781665 0.999998612061
vn 0.352643083666 -0.931878516771 -0.0851192429696
vn 0.352643083666 -0.931878516771 -0.0851192429696
vn 0.352643083666 -0.931878516771 -0.0851192429696
vn 0.352643083666 -0.931878516771 -0.0851192429696
vn -0.00113775052626 0.00120389867422 -0.999998628075
vn -0.00113775023192 0.00121712781665 -0.999998612061
vn -0.00113775023192 0.00121712781665 -0.999998612061
vn -0.00113775023192 0.00121712781665 -0.999998612061
vn -0.00113775052626 0.00120389867422 -0.999998628075
vn -0.00113775052626 0.00120389867422 -0.999998628075
vn -0.947217627165 0.310090927803 0.0813780270282
vn -0.947217627165 0.310090927803 0.0813780270282
vn -0.947217627165 0.310090927803 0.0813780270282
vn -0.947217627165 0.310090927803 0.0813780270282
vn 0.506157891523 0.862057971777 0.0256951774693
vn 0.506157891523 0.862057971777 0.0256951774693
vn 0.506157891523 0.862057971777 0.0256951774693
vn 0.506157891523 0.862057971777 0.0256951774693
vn -0.416594435809 0.904812832005 0.0881068390811
vn -0.416676756346 0.904775281928 0.0881031777708
vn -0.416594435809 0.904812832005 0.0881068390811
vn -0.416676756346 0.904775281928 0.0881031777708
vn -0.416594435809 0.904812832005 0.0881068390811
vn -0.416676756346 0.904775281928 0.0881031777708
vn 0.00124358700068 -0.00116420913516 0.999998549053
vn 0.00124358700068 -0.00116420913516 0.999998549053
vn 0.00124358700068 -0.00116420913516 0.999998549053
vn 0.00124358700068 -0.00116420913516 0.999998549053
vn 0.416676756346 -0.904775281928 -0.0881031777708
vn 0.416676756346 -0.904775281928 -0.0881031777708
vn 0.416676756346 -0.904775281928 -0.0881031777708
vn 0.416676756346 -0.904775281928 -0.0881031777708
vn -0.00124358700068 0.00116420913516 -0.999998549053
vn -0.00124358700068 0.00116420913516 -0.999998549053
vn -0.00124358700068 0.00116420913516 -0.999998549053
vn -0.00124358700068 0.00116420913516 -0.999998549053
vn -0.96637409869 0.243163122317 0.0836229473606
vn -0.96637409869 0.243163122317 0.0836229473606
vn -0.96637409869 0.243163122317 0.0836229473606
vn -0.96637409869 0.243163122317 0.0836229473606
vn 0.444856494807 0.895211209035 0.0264497683764
vn 0.444856494807 0.895211209035 0.0264497683764
vn 0.444856494807 0.895211209035 0.0264497683764
vn 0.444856494807 0.895211209035 0.0264497683764
vn -0.478651298087 0.873344402749 0.0903464942621
vn -0.478651298087 0.873344402749 0.0903464942621
vn -0.478651298087 0.873344402749 0.0903464942621
vn -0.478651298087 0.873344402749 0.0903464942621
vn 0.00134942425598 -0.00111129095285 0.999998472042
vn 0.00134942446504 -0.00109806056549 0.999998486657
vn 0.00134942425598 -0.00111129095285 0.999998472042
vn 0.00134942425598 -0.00111129095285 0.999998472042
vn 0.00134942446504 -0.00109806056549 0.999998486657
vn 0.00134942446504 -0.00109806056549 0.999998486657
vn 0.478651298087 -0.873344402749 -0.0903464942621
vn 0.478651298087 -0.873344402749 -0.0903464942621
vn 0.478651298087 -0.873344402749 -0.0903464942621
vn 0.478651298087 -0.873344402749 -0.0903464942621
vn -0.00134942425598 0.00111129095285 -0.999998472042
vn -0.00134942404669 0.00112452003891 -0.999998457254
vn -0.00134942425598 0.00111129095285 -0.999998472042
vn -0.00134942425598 0.00111129095285 -0.999998472042
vn -0.00134942404669 0.00112452003891 -0.999998457254
vn -0.00134942404669 0.00112452003891 -0.999998457254
vn -0.980789617269 0.175155236254 0.0858625056114
vn -0.980789617269 0.175155236254 0.0858625056114
vn -0.980789617269 0.175155236254 0.0858625056114
vn -0.980789617269 0.175155236254 0.0858625056114
vn 0.381254451789 0.924047241967 0.0279595708844
vn 0.381254451789 0.924047241967 0.0279595708844
vn 0.381254451789 0.924047241967 0.0279595708844
vn 0.381254451789 0.924047241967 0.0279595708844
vn -0.538313932507 0.837642766291 0.0925889094279
vn -0.538313932507 0.837642766291 0.0925889094279
vn -0.538313932507 0.837642766291 0.0925889094279
vn -0.538313932507 0.837642766291 0.0925889094279
vn 0.00145526092447 -0.00105837182197 0.999998381031
vn 0.00145526110336 -0.00104514277472 0.999998394945
vn 0.00145526092447 -0.00105837182197 0.999998381031
vn 0.00145526110336 -0.00104514277472 0.999998394945
vn 0.00145526092447 -0.00105837182197 0.999998381031
vn 0.00145526110336 -0.00104514277472 0.999998394945
vn 0.538313932507 -0.837642766291 -0.0925889094279
vn 0.538313932507 -0.837642766291 -0.0925889094279
vn 0.538313932507 -0.837642766291 -0.0925889094279
vn 0.538313932507 -0.837642766291 -0.0925889094279
vn -0.00145526092447 0.00105837182197 -0.999998381031
vn -0.0014552613111 0.00103191244579 -0.999998408684
vn -0.00145526092447 0.00105837182197 -0.999998381031
vn -0.00145526092447 0.00105837182197 -0.999998381031
vn -0.0014552613111 0.00103191244579 -0.999998408684
vn -0.0014552613111 0.00103191244579 -0.999998408684
vn -0.990488586642 0.1063016792 0.0873631085207
vn -0.990488586642 0.1063016792 0.0873631085207
vn -0.990488586642 0.1063016792 0.0873631085207
vn -0.990488586642 0.1063016792 0.0873631085207
vn 0.315857474959 0.948372080807 0.0287132697255
vn 0.315857474959 0.948372080807 0.0287132697255
vn 0.315857474959 0.948372080807 0.0287132697255
vn 0.315857474959 0.948372080807 0.0287132697255
vn -0.595244140741 0.797840195399 0.0955794722735
vn -0.595244140741 0.797840195399 0.0955794722735
vn -0.595244140741 0.797840195399 0.0955794722735
vn -0.595244140741 0.797840195399 0.0955794722735
vn 0.00156109892372 -0.000978993567607 0.999998302269
vn 0.00156109892372 -0.000978993567607 0.999998302269
vn 0.00156109892372 -0.000978993567607 0.999998302269
vn 0.00156109892372 -0.000978993567607 0.999998302269
vn 0.595244140741 -0.797840195399 -0.0955794722735
vn 0.595244140741 -0.797840195399 -0.0955794722735
vn 0.595244140741 -0.797840195399 -0.0955794722735
vn 0.595244140741 -0.797840195399 -0.0955794722735
vn -0.00156109892372 0.000978993567607 -0.999998302269
vn -0.00156109892372 0.000978993567607 -0.999998302269
vn -0.00156109892372 0.000978993567607 -0.999998302269
vn -0.00156109892372 0.000978993567607 -0.999998302269
vn -0.995295083269 0.0368554005168 0.0896067892179
vn -0.995295083269 0.0368554005168 0.0896067892179
vn -0.995295083269 0.0368554005168 0.0896067892179
vn -0.995295083269 0.0368554005168 0.0896067892179
vn 0.248887083371 0.968060797192 0.0302243721283
vn 0.248887083371 0.968060797192 0.0302243721283
vn 0.248887083371 0.968060797192 0.0302243721283
vn 0.248887083371 0.968060797192 0.0302243721283
vn -0.649308745045 0.754209330805 0.097808174169
vn -0.649308745045 0.754209330805 0.097808174169
vn -0.649308745045 0.754209330805 0.097808174169
vn -0.649308745045 0.754209330805 0.097808174169
vn 0.00165370512483 -0.00089961570433 0.999998227974
vn 0.00165370622964 -0.000912845976347 0.999998215982
vn 0.00165370512483 -0.00089961570433 0.999998227974
vn 0.00165370622964 -0.000912845976347 0.999998215982
vn 0.00165370512483 -0.00089961570433 0.999998227974
vn 0.00165370622964 -0.000912845976347 0.999998215982
vn 0.649308745045 -0.754209330805 -0.097808174169
vn 0.649308745045 -0.754209330805 -0.097808174169
vn 0.649308745045 -0.754209330805 -0.097808174169
vn 0.649308745045 -0.754209330805 -0.097808174169
vn -0.00165370512483 0.00089961570433 -0.999998227974
vn -0.00165370512483 0.00089961570433 -0.999998227974
vn -0.00165370512483 0.00089961570433 -0.999998227974
vn -0.00165370512483 0.00089961570433 -0.999998227974
vn -0.995309496468 -0.0325661629581 0.0910958356434
vn -0.995309496468 -0.0325661629581 0.0910958356434
vn -0.995309496468 -0.0325661629581 0.0910958356434
vn -0.995309496468 -0.0325661629581 0.0910958356434
vn 0.180804765404 0.98298225331 0.0324888670903
vn 0.180804765404 0.98298225331 0.0324888670903
vn 0.180804765404 0.98298225331 0.0324888670903
vn 0.180804765404 0.98298225331 0.0324888670903
vn -0.700165020061 0.706831361883 0.100788742135
vn -0.700114288391 0.706880602753 0.100795816596
vn -0.700165020061 0.706831361883 0.100788742135
vn -0.700165020061 0.706831361883 0.100788742135
vn -0.700114288391 0.706880602753 0.100795816596
vn -0.700114288391 0.706880602753 0.100795816596
vn 0.0017463135561 -0.000820237864722 0.999998138798
vn 0.0017463135561 -0.000820237864722 0.999998138798
vn 0.0017463135561 -0.000820237864722 0.999998138798
vn 0.0017463135561 -0.000820237864722 0.999998138798
vn 0.700165020061 -0.706831361883 -0.100788742135
vn 0.700114288391 -0.706880602753 -0.100795816596
vn 0.700165020061 -0.706831361883 -0.100788742135
vn 0.700165020061 -0.706831361883 -0.100788742135
vn 0.700114288391 -0.706880602753 -0.100795816596
vn 0.700114288391 -0.706880602753 -0.100795816596
vn -0.0017463135561 0.000820237864722 -0.999998138798
vn -0.00174631250954 0.000807008975722 -0.999998149563
vn -0.0017463135561 0.000820237864722 -0.999998138798
vn -0.00174631250954 0.000807008975722 -0.999998149563
vn -0.0017463135561 0.000820237864722 -0.999998138798
vn -0.00174631250954 0.000807008975722 -0.999998149563
vn -0.990470053568 -0.101964541034 0.0925867450398
vn -0.990470053568 -0.101964541034 0.0925867450398
vn -0.990470053568 -0.101964541034 0.0925867450398
vn -0.990470053568 -0.101964541034 0.0925867450398
vn 0.111738774238 0.993155828505 0.0339992152487
vn 0.111738774238 0.993155828505 0.0339992152487
vn 0.111738774238 0.993155828505 0.0339992152487
vn 0.111738774238 0.993155828505 0.0339992152487
vn -0.747566846444 0.656147830466 0.103023466611
vn -0.747566846444 0.656147830466 0.103023466611
vn -0.747566846444 0.656147830466 0.103023466611
vn -0.747566846444 0.656147830466 0.103023466611
vn 0.00182569118209 -0.000727629987552 0.999998068701
vn 0.00183892049908 -0.000740859857307 0.999998034747
vn 0.00182569118209 -0.000727629987552 0.999998068701
vn 0.00182569118209 -0.000727629987552 0.999998068701
vn 0.00183892049908 -0.000740859857307 0.999998034747
vn 0.00183892049908 -0.000740859857307 0.999998034747
vn 0.747566846444 -0.656147830466 -0.103023466611
vn 0.747566846444 -0.656147830466 -0.103023466611
vn 0.747566846444 -0.656147830466 -0.103023466611
vn 0.747566846444 -0.656147830466 -0.103023466611
vn -0.00182569118209 0.000727629987552 -0.999998068701
vn -0.00183892081001 0.000727630974154 -0.99999804446
vn -0.00182569118209 0.000727629987552 -0.999998068701
vn -0.00182569118209 0.000727629987552 -0.999998068701
vn -0.00183892081001 0.000727630974154 -0.99999804446
vn -0.00183892081001 0.000727630974154 -0.99999804446
vn -0.980811758595 -0.170753439892 0.0940827134265
vn -0.980811758595 -0.170753439892 0.0940827134265
vn -0.980811758595 -0.170753439892 0.0940827134265
vn -0.980811758595 -0.170753439892 0.0940827134265
vn 0.0421737747697 0.998479132363 0.0355076746124
vn 0.0421737747697 0.998479132363 0.0355076746124
vn 0.0421737747697 0.998479132363 0.0355076746124
vn 0.0421737747697 0.998479132363 0.0355076746124
vn -0.791261162296 0.602221644834 0.105994639188
vn -0.791261162296 0.602221644834 0.105994639188
vn -0.791261162296 0.602221644834 0.105994639188
vn -0.791261162296 0.602221644834 0.105994639188
vn 0.00190506835976 -0.000635023227581 0.999997983728
vn 0.00190506835976 -0.000635023227581 0.999997983728
vn 0.00190506835976 -0.000635023227581 0.999997983728
vn 0.00190506835976 -0.000635023227581 0.999997983728
vn 0.791261162296 -0.602221644834 -0.105994639188
vn 0.791261162296 -0.602221644834 -0.105994639188
vn 0.791261162296 -0.602221644834 -0.105994639188
vn 0.791261162296 -0.602221644834 -0.105994639188
vn -0.00190506835976 0.000635023227581 -0.999997983728
vn -0.00190506880309 0.000621793096964 -0.999997992041
vn -0.00190506835976 0.000635023227581 -0.999997983728
vn -0.00190506835976 0.000635023227581 -0.999997983728
vn -0.00190506880309 0.000621793096964 -0.999997992041
vn -0.00190506880309 0.000621793096964 -0.999997992041
vn -0.966370853484 -0.238730529903 0.0955777569767
vn -0.966370853484 -0.238730529903 0.0955777569767
vn -0.966370853484 -0.238730529903 0.0955777569767
vn -0.966370853484 -0.238730529903 0.0955777569767
vn -0.0274809794359 0.998908459136 0.0377714976746
vn -0.0274809794359 0.998908459136 0.0377714976746
vn -0.0274809794359 0.998908459136 0.0377714976746
vn -0.0274809794359 0.998908459136 0.0377714976746
vn -0.831148683339 0.545416463355 0.108225448415
vn -0.831148683339 0.545416463355 0.108225448415
vn -0.831148683339 0.545416463355 0.108225448415
vn -0.831148683339 0.545416463355 0.108225448415
vn 0.00198444664831 -0.000542414720428 0.999997883877
vn 0.00197121701933 -0.000529185137704 0.999997917131
vn 0.00198444664831 -0.000542414720428 0.999997883877
vn 0.00197121701933 -0.000529185137704 0.999997917131
vn 0.00198444664831 -0.000542414720428 0.999997883877
vn 0.00197121701933 -0.000529185137704 0.999997917131
vn 0.831148683339 -0.545416463355 -0.108225448415
vn 0.831148683339 -0.545416463355 -0.108225448415
vn 0.831148683339 -0.545416463355 -0.108225448415
vn 0.831148683339 -0.545416463355 -0.108225448415
vn -0.00198444664831 0.000542414720428 -0.999997883877
vn -0.00198444584865 0.000529185912439 -0.999997890966
vn -0.00198444664831 0.000542414720428 -0.999997883877
vn -0.00198444664831 0.000542414720428 -0.999997883877
vn -0.00198444584865 0.000529185912439 -0.999997890966
vn -0.00198444584865 0.000529185912439 -0.999997890966
vn -0.947273998409 -0.30560437307 0.0963220592491
vn -0.947273998409 -0.30560437307 0.0963220592491
vn -0.947273998409 -0.30560437307 0.0963220592491
vn -0.947273998409 -0.30560437307 0.0963220592491
vn -0.0971283389275 0.994466293046 0.0400359560069
vn -0.0971283389275 0.994466293046 0.0400359560069
vn -0.0971283389275 0.994466293046 0.0400359560069
vn -0.0971283389275 0.994466293046 0.0400359560069
vn -0.866896343881 0.485927109326 0.111200599766
vn -0.866896343881 0.485927109326 0.111200599766
vn -0.866896343881 0.485927109326 0.111200599766
vn -0.866896343881 0.485927109326 0.111200599766
vn 0.00203736462741 -0.000436578039945 0.99999782927
vn 0.00203736462741 -0.000436578039945 0.99999782927
vn 0.00203736462741 -0.000436578039945 0.99999782927
vn 0.00203736462741 -0.000436578039945 0.99999782927
vn 0.866896343881 -0.485927109326 -0.111200599766
vn 0.866896343881 -0.485927109326 -0.111200599766
vn 0.866896343881 -0.485927109326 -0.111200599766
vn 0.866896343881 -0.485927109326 -0.111200599766
vn -0.00203736462741 0.000436578039945 -0.99999782927
vn -0.00203736396659 0.000423347944331 -0.99999783496
vn -0.00203736462741 0.000436578039945 -0.99999782927
vn -0.00203736396659 0.000423347944331 -0.99999783496
vn -0.00203736462741 0.000436578039945 -0.99999782927
vn -0.00203736396659 0.000423347944331 -0.99999783496
vn -0.923597329364 -0.370872251301 0.0970656808915
vn -0.923597329364 -0.370872251301 0.0970656808915
vn -0.923597329364 -0.370872251301 0.0970656808915
vn -0.923597329364 -0.370872251301 0.0970656808915
vn -0.166260640107 0.985174244271 0.0422978483678
vn -0.166260640107 0.985174244271 0.0422978483678
vn -0.166260640107 0.985174244271 0.0422978483678
vn -0.166260640107 0.985174244271 0.0422978483678
vn -0.898445375073 0.424183072899 0.113422346456
vn -0.898445375073 0.424183072899 0.113422346456
vn -0.898445375073 0.424183072899 0.113422346456
vn -0.898445375073 0.424183072899 0.113422346456
vn 0.00210351206115 -0.000317511379324 0.999997737209
vn 0.00210351206115 -0.000317511379324 0.999997737209
vn 0.00210351206115 -0.000317511379324 0.999997737209
vn 0.00210351206115 -0.000317511379324 0.999997737209
vn 0.898445375073 -0.424183072899 -0.113422346456
vn 0.898445375073 -0.424183072899 -0.113422346456
vn 0.898445375073 -0.424183072899 -0.113422346456
vn 0.898445375073 -0.424183072899 -0.113422346456
vn -0.00210351206115 0.000317511379324 -0.999997737209
vn -0.00210351255703 0.000330741483975 -0.99999773292
vn -0.00210351206115 0.000317511379324 -0.999997737209
vn -0.00210351255703 0.000330741483975 -0.99999773292
vn -0.00210351206115 0.000317511379324 -0.999997737209
vn -0.00210351255703 0.000330741483975 -0.99999773292
vn -0.895428787482 -0.434328242972 0.0978072794084
vn -0.895428787482 -0.434328242972 0.0978072794084
vn -0.895428787482 -0.434328242972 0.0978072794084
vn -0.895428787482 -0.434328242972 0.0978072794084
vn -0.234576755992 0.97107582548 0.0445588006658
vn -0.234576755992 0.97107582548 0.0445588006658
vn -0.234576755992 0.97107582548 0.0445588006658
vn -0.234576755992 0.97107582548 0.0445588006658
vn -0.92559200975 0.360421568892 0.115653465857
vn -0.92559200975 0.360421568892 0.115653465857
vn -0.92559200975 0.360421568892 0.115653465857
vn -0.92559200975 0.360421568892 0.115653465857
vn 0.00214320096314 -0.000211674479534 0.999997680939
vn 0.00214320096314 -0.000211674479534 0.999997680939
vn 0.00214320096314 -0.000211674479534 0.999997680939
vn 0.00214320096314 -0.000211674479534 0.999997680939
vn 0.92559200975 -0.360421568892 -0.115653465857
vn 0.92559200975 -0.360421568892 -0.115653465857
vn 0.92559200975 -0.360421568892 -0.115653465857
vn 0.92559200975 -0.360421568892 -0.115653465857
vn -0.00214320096314 0.000211674479534 -0.999997680939
vn -0.00214320096314 0.000211674479534 -0.999997680939
vn -0.00214320096314 0.000211674479534 -0.999997680939
vn -0.00214320096314 0.000211674479534 -0.999997680939
vn -0.862868340709 -0.495726320587 0.0985578088173
vn -0.862868340709 -0.495726320587 0.0985578088173
vn -0.862868340709 -0.495726320587 0.0985578088173
vn -0.862868340709 -0.495726320587 0.0985578088173
vn -0.301671119013 0.952261838192 0.0468180251148
vn -0.301671119013 0.952261838192 0.0468180251148
vn -0.301671119013 0.952261838192 0.0468180251148
vn -0.301671119013 0.952261838192 0.0468180251148
vn -0.948242505749 0.294860911887 0.117869389288
vn -0.948242505749 0.294860911887 0.117869389288
vn -0.948242505749 0.294860911887 0.117869389288
vn -0.948242505749 0.294860911887 0.117869389288
vn 0.00218289020837 -9.26068620165e-05 0.999997613204
vn 0.00218289020837 -9.26068620165e-05 0.999997613204
vn 0.00218289020837 -9.26068620165e-05 0.999997613204
vn 0.00218289020837 -9.26068620165e-05 0.999997613204
vn 0.948242505749 -0.294860911887 -0.117869389288
vn 0.948242505749 -0.294860911887 -0.117869389288
vn 0.948242505749 -0.294860911887 -0.117869389288
vn 0.948242505749 -0.294860911887 -0.117869389288
vn -0.00218289020837 9.26068620165e-05 -0.999997613204
vn -0.00218289020837 9.26068620165e-05 -0.999997613204
vn -0.00218289020837 9.26068620165e-05 -0.999997613204
vn -0.00218289020837 9.26068620165e-05 -0.999997613204
vn -0.826127324566 -0.554665586175 0.0992961787726
vn -0.826127324566 -0.554665586175 0.0992961787726
vn -0.826127324566 -0.554665586175 0.0992961787726
vn -0.826127324566 -0.554665586175 0.0992961787726
vn -0.367344745697 0.928748995346 0.049831129349
vn -0.367344745697 0.928748995346 0.049831129349
vn -0.367344745697 0.928748995346 0.049831129349
vn -0.367344745697 0.928748995346 0.049831129349
vn -0.966237314114 0.227957342397 0.120087063669
vn -0.966237314114 0.227957342397 0.120087063669
vn -0.966237314114 0.227957342397 0.120087063669
vn -0.966237314114 0.227957342397 0.120087063669
vn 0.00222257907502 2.64590384494e-05 0.999997529718
vn 0.00222257907502 2.64590384494e-05 0.999997529718
vn 0.00222257907502 2.64590384494e-05 0.999997529718
vn 0.00222257907502 2.64590384494e-05 0.999997529718
vn 0.966237314114 -0.227957342397 -0.120087063669
vn 0.966237314114 -0.227957342397 -0.120087063669
vn 0.966237314114 -0.227957342397 -0.120087063669
vn 0.966237314114 -0.227957342397 -0.120087063669
vn -0.00222257907502 -2.64590384494e-05 -0.999997529718
vn -0.00222257903115 -1.32301804726e-05 -0.999997529981
vn -0.00222257907502 -2.64590384494e-05 -0.999997529718
vn -0.00222257907502 -2.64590384494e-05 -0.999997529718
vn -0.00222257903115 -1.32301804726e-05 -0.999997529981
vn -0.00222257903115 -1.32301804726e-05 -0.999997529981
vn -0.785412819491 -0.61095404186 0.0993069066804
vn -0.785412819491 -0.61095404186 0.0993069066804
vn -0.785412819491 -0.61095404186 0.0993069066804
vn -0.785412819491 -0.61095404186 0.0993069066804
vn -0.431120612981 0.900789419 0.0520906870863
vn -0.431120612981 0.900789419 0.0520906870863
vn -0.431120612981 0.900789419 0.0520906870863
vn -0.431120612981 0.900789419 0.0520906870863
vn -0.979524331534 0.159912209207 0.122311770817
vn -0.979524331534 0.159912209207 0.122311770817
vn -0.979524331534 0.159912209207 0.122311770817
vn -0.979524331534 0.159912209207 0.122311770817
vn 0.00224903760372 0.000145525939246 0.999997460323
vn 0.00224903760372 0.000145525939246 0.999997460323
vn 0.00224903760372 0.000145525939246 0.999997460323
vn 0.00224903760372 0.000145525939246 0.999997460323
vn 0.979524331534 -0.159912209207 -0.122311770817
vn 0.979524331534 -0.159912209207 -0.122311770817
vn 0.979524331534 -0.159912209207 -0.122311770817
vn 0.979524331534 -0.159912209207 -0.122311770817
vn -0.00224903760372 -0.000145525939246 -0.999997460323
vn -0.00224903760372 -0.000145525939246 -0.999997460323
vn -0.00224903760372 -0.000145525939246 -0.999997460323
vn -0.00224903760372 -0.000145525939246 -0.999997460323
vn -0.740880857512 -0.664255174018 0.099300648345
vn -0.740880857512 -0.664255174018 0.099300648345
vn -0.740880857512 -0.664255174018 0.099300648345
vn -0.740880857512 -0.664255174018 0.099300648345
vn -0.492865804795 0.86840637912 0.05434757739
vn -0.492865804795 0.86840637912 0.05434757739
vn -0.492865804795 0.86840637912 0.05434757739
vn -0.492865804795 0.86840637912 0.05434757739
vn -0.988107387856 0.0912083813091 0.123793462039
vn -0.988107387856 0.0912083813091 0.123793462039
vn -0.988107387856 0.0912083813091 0.123793462039
vn -0.988107387856 0.0912083813091 0.123793462039
vn 0.00226226811212 0.000264592220061 0.999997406064
vn 0.00226226811212 0.000264592220061 0.999997406064
vn 0.00226226811212 0.000264592220061 0.999997406064
vn 0.00226226811212 0.000264592220061 0.999997406064
vn 0.988107387856 -0.0912083813091 -0.123793462039
vn 0.988107387856 -0.0912083813091 -0.123793462039
vn 0.988107387856 -0.0912083813091 -0.123793462039
vn 0.988107387856 -0.0912083813091 -0.123793462039
vn -0.00226226811212 -0.000264592220061 -0.999997406064
vn -0.00226226811212 -0.000264592220061 -0.999997406064
vn -0.00226226811212 -0.000264592220061 -0.999997406064
vn -0.00226226811212 -0.000264592220061 -0.999997406064
vn -0.692731387521 -0.714326379779 0.0993028090969
vn -0.692731387521 -0.714326379779 0.0993028090969
vn -0.692731387521 -0.714326379779 0.0993028090969
vn -0.692731387521 -0.714326379779 0.0993028090969
vn -0.552196245706 0.831738728221 0.0573584710904
vn -0.552196245706 0.831738728221 0.0573584710904
vn -0.552196245706 0.831738728221 0.0573584710904
vn -0.552196245706 0.831738728221 0.0573584710904
vn -0.991784780237 0.0220264277871 0.126007087776
vn -0.991784780237 0.0220264277871 0.126007087776
vn -0.991784780237 0.0220264277871 0.126007087776
vn -0.991784780237 0.0220264277871 0.126007087776
vn 0.0022624940379 0.000383697269965 0.999997366945
vn 0.00226249335941 0.000396929007712 0.999997361782
vn 0.00226249335941 0.000396929007712 0.999997361782
vn 0.00226249335941 0.000396929007712 0.999997361782
vn 0.0022624940379 0.000383697269965 0.999997366945
vn 0.0022624940379 0.000383697269965 0.999997366945
vn 0.991784780237 -0.0220264277871 -0.126007087776
vn 0.991784780237 -0.0220264277871 -0.126007087776
vn 0.991784780237 -0.0220264277871 -0.126007087776
vn 0.991784780237 -0.0220264277871 -0.126007087776
vn -0.00227572419421 -0.000383697914668 -0.999997336924
vn -0.00226249335941 -0.000396929007712 -0.999997361782
vn -0.00226249335941 -0.000396929007712 -0.999997361782
vn -0.00226249335941 -0.000396929007712 -0.999997361782
vn -0.00227572419421 -0.000383697914668 -0.999997336924
vn -0.00227572419421 -0.000383697914668 -0.999997336924
vn -0.641247695475 -0.760977787657 0.0985606399173
vn -0.641247695475 -0.760977787657 0.0985606399173
vn -0.641247695475 -0.760977787657 0.0985606399173
vn -0.641247695475 -0.760977787657 0.0985606399173
vn -0.608742069363 0.79112511656 0.059616633038
vn -0.608742069363 0.79112511656 0.059616633038
vn -0.608742069363 0.79112511656 0.059616633038
vn -0.608742069363 0.79112511656 0.059616633038
vn -0.990715912385 -0.0472194660566 0.12748452052
vn -0.990715912385 -0.0472194660566 0.12748452052
vn -0.990715912385 -0.0472194660566 0.12748452052
vn -0.990715912385 -0.0472194660566 0.12748452052
vn 0.0022624936587 0.000516007302456 0.999997307426
vn 0.0022624936587 0.000516007302456 0.999997307426
vn 0.0022624936587 0.000516007302456 0.999997307426
vn 0.0022624936587 0.000516007302456 0.999997307426
vn 0.990715912385 0.0472194660566 -0.12748452052
vn 0.990715912385 0.0472194660566 -0.12748452052
vn 0.990715912385 0.0472194660566 -0.12748452052
vn 0.990715912385 0.0472194660566 -0.12748452052
vn -0.0022624936587 -0.000516007302456 -0.999997307426
vn -0.0022624936587 -0.000516007302456 -0.999997307426
vn -0.0022624936587 -0.000516007302456 -0.999997307426
vn -0.0022624936587 -0.000516007302456 -0.999997307426
vn -0.586640654245 -0.803918659099 0.0978137635424
vn -0.586640654245 -0.803918659099 0.0978137635424
vn -0.586640654245 -0.803918659099 0.0978137635424
vn -0.586640654245 -0.803918659099 0.0978137635424
vn -0.662340832219 0.74658069233 0.0626250095131
vn -0.662340832219 0.74658069233 0.0626250095131
vn -0.662340832219 0.74658069233 0.0626250095131
vn -0.662340832219 0.74658069233 0.0626250095131
vn -0.984826566191 -0.116136145339 0.128953597353
vn -0.984826566191 -0.116136145339 0.128953597353
vn -0.984826566191 -0.116136145339 0.128953597353
vn -0.984826566191 -0.116136145339 0.128953597353
vn 0.00224926316726 0.000621855095382 0.999997277052
vn 0.00224926290533 0.000635085763322 0.999997268737
vn 0.00224926316726 0.000621855095382 0.999997277052
vn 0.00224926316726 0.000621855095382 0.999997277052
vn 0.00224926290533 0.000635085763322 0.999997268737
vn 0.00224926290533 0.000635085763322 0.999997268737
vn 0.984826566191 0.116136145339 -0.128953597353
vn 0.984826566191 0.116136145339 -0.128953597353
vn 0.984826566191 0.116136145339 -0.128953597353
vn 0.984826566191 0.116136145339 -0.128953597353
vn -0.00224926290533 -0.000635085763322 -0.999997268737
vn -0.00226249309011 -0.000635085501144 -0.999997238892
vn -0.00224926290533 -0.000635085763322 -0.999997268737
vn -0.00224926290533 -0.000635085763322 -0.999997268737
vn -0.00226249309011 -0.000635085501144 -0.999997238892
vn -0.00226249309011 -0.000635085501144 -0.999997238892
vn -0.529204278192 -0.842924771846 0.0970600893831
vn -0.529204278192 -0.842924771846 0.0970600893831
vn -0.529204278192 -0.842924771846 0.0970600893831
vn -0.529204278192 -0.842924771846 0.0970600893831
vn -0.712716175332 0.698445883546 0.064876815412
vn -0.712716175332 0.698445883546 0.064876815412
vn -0.712716175332 0.698445883546 0.064876815412
vn -0.712716175332 0.698445883546 0.064876815412
vn -0.974133217418 -0.184533984718 0.130428843464
vn -0.974133217418 -0.184533984718 0.130428843464
vn -0.974133217418 -0.184533984718 0.130428843464
vn -0.974133217418 -0.184533984718 0.130428843464
vn 0.00223603125016 0.000754164026032 0.999997215697
vn 0.00223603125016 0.000754164026032 0.999997215697
vn 0.00223603125016 0.000754164026032 0.999997215697
vn 0.00223603125016 0.000754164026032 0.999997215697
vn 0.974133217418 0.184533984718 -0.130428843464
vn 0.974133217418 0.184533984718 -0.130428843464
vn 0.974133217418 0.184533984718 -0.130428843464
vn 0.974133217418 0.184533984718 -0.130428843464
vn -0.00223603125016 -0.000754164026032 -0.999997215697
vn -0.00223603125016 -0.000754164026032 -0.999997215697
vn -0.00223603125016 -0.000754164026032 -0.999997215697
vn -0.00223603125016 -0.000754164026032 -0.999997215697
vn -0.46913892082 -0.877856176445 0.0963182560576
vn -0.46913892082 -0.877856176445 0.0963182560576
vn -0.46913892082 -0.877856176445 0.0963182560576
vn -0.46913892082 -0.877856176445 0.0963182560576
vn -0.759544024058 0.646904436574 0.0678787555681
vn -0.759544024058 0.646904436574 0.0678787555681
vn -0.759544024058 0.646904436574 0.0678787555681
vn -0.759544024058 0.646904436574 0.0678787555681
vn -0.958785920908 -0.25204072275 0.131167953193
vn -0.958785920908 -0.25204072275 0.131167953193
vn -0.958785920908 -0.25204072275 0.131167953193
vn -0.958785920908 -0.25204072275 0.131167953193
vn 0.00220956984146 0.000873243582843 0.999997177619
vn 0.00220956984146 0.000873243582843 0.999997177619
vn 0.00220956984146 0.000873243582843 0.999997177619
vn 0.00220956984146 0.000873243582843 0.999997177619
vn 0.958785920908 0.25204072275 -0.131167953193
vn 0.958785920908 0.25204072275 -0.131167953193
vn 0.958785920908 0.25204072275 -0.131167953193
vn 0.958785920908 0.25204072275 -0.131167953193
vn -0.00220956984146 -0.000873243582843 -0.999997177619
vn -0.00220956984146 -0.000873243582843 -0.999997177619
vn -0.00220956984146 -0.000873243582843 -0.999997177619
vn -0.00220956984146 -0.000873243582843 -0.999997177619
vn -0.406771633063 -0.908516373998 0.0955763397159
vn -0.406771633063 -0.908516373998 0.0955763397159
vn -0.406771633063 -0.908516373998 0.0955763397159
vn -0.406771633063 -0.908516373998 0.0955763397159
vn -0.802674513889 0.592279212406 0.0701352928667
vn -0.802674513889 0.592279212406 0.0701352928667
vn -0.802674513889 0.592279212406 0.0701352928667
vn -0.802674513889 0.592279212406 0.0701352928667
vn -0.938692285423 -0.318217576906 0.132643759881
vn -0.938692285423 -0.318217576906 0.132643759881
vn -0.938692285423 -0.318217576906 0.132643759881
vn -0.938692285423 -0.318217576906 0.132643759881
vn 0.00216987616525 0.00099232155418 0.999997153464
vn 0.00216987616525 0.00099232155418 0.999997153464
vn 0.00216987616525 0.00099232155418 0.999997153464
vn 0.00216987616525 0.00099232155418 0.999997153464
vn 0.938692285423 0.318217576906 -0.132643759881
vn 0.938692285423 0.318217576906 -0.132643759881
vn 0.938692285423 0.318217576906 -0.132643759881
vn 0.938692285423 0.318217576906 -0.132643759881
vn -0.00216987616525 -0.00099232155418 -0.999997153464
vn -0.00216987616525 -0.00099232155418 -0.999997153464
vn -0.00216987616525 -0.00099232155418 -0.999997153464
vn -0.00216987616525 -0.00099232155418 -0.999997153464
vn -0.342496598354 -0.934796679564 0.0940810713806
vn -0.342496598354 -0.934796679564 0.0940810713806
vn -0.342496598354 -0.934796679564 0.0940810713806
vn -0.342496598354 -0.934796679564 0.0940810713806
vn -0.841878301666 0.534688962831 0.0731343845946
vn -0.841878301666 0.534688962831 0.0731343845946
vn -0.841878301666 0.534688962831 0.0731343845946
vn -0.841878301666 0.534688962831 0.0731343845946
vn -0.914106321997 -0.382909645479 0.13337854207
vn -0.914106321997 -0.382909645479 0.13337854207
vn -0.914106321997 -0.382909645479 0.13337854207
vn -0.914106321997 -0.382909645479 0.13337854207
vn 0.00213018426529 0.00111139950833 0.999997113549
vn 0.00213018426529 0.00111139950833 0.999997113549
vn 0.00213018426529 0.00111139950833 0.999997113549
vn 0.00213018426529 0.00111139950833 0.999997113549
vn 0.914106321997 0.382909645479 -0.13337854207
vn 0.914106321997 0.382909645479 -0.13337854207
vn 0.914106321997 0.382909645479 -0.13337854207
vn 0.914106321997 0.382909645479 -0.13337854207
vn -0.00213018426529 -0.00111139950833 -0.999997113549
vn -0.00213018426529 -0.00111139950833 -0.999997113549
vn -0.00213018426529 -0.00111139950833 -0.999997113549
vn -0.00213018426529 -0.00111139950833 -0.999997113549
vn -0.276433178426 -0.956562360418 0.0925912981702
vn -0.276433178426 -0.956562360418 0.0925912981702
vn -0.276433178426 -0.956562360418 0.0925912981702
vn -0.276433178426 -0.956562360418 0.0925912981702
vn -0.876974219223 0.474587259402 0.0753866833865
vn -0.876974219223 0.474587259402 0.0753866833865
vn -0.876974219223 0.474587259402 0.0753866833865
vn -0.876974219223 0.474587259402 0.0753866833865
vn -0.88507452287 -0.445708860288 0.134114506401
vn -0.88507452287 -0.445708860288 0.134114506401
vn -0.88507452287 -0.445708860288 0.134114506401
vn -0.88507452287 -0.445708860288 0.134114506401
vn 0.00207725972515 0.00121724820894 0.999997101645
vn 0.00207725972515 0.00121724820894 0.999997101645
vn 0.00207725972515 0.00121724820894 0.999997101645
vn 0.00207725972515 0.00121724820894 0.999997101645
vn 0.88507452287 0.445708860288 -0.134114506401
vn 0.88507452287 0.445708860288 -0.134114506401
vn 0.88507452287 0.445708860288 -0.134114506401
vn 0.88507452287 0.445708860288 -0.134114506401
vn -0.00207725972515 -0.00121724820894 -0.999997101645
vn -0.00207725972515 -0.00121724820894 -0.999997101645
vn -0.00207725972515 -0.00121724820894 -0.999997101645
vn -0.00207725972515 -0.00121724820894 -0.999997101645
vn -0.209052282197 -0.973651775814 0.0911008384238
vn -0.209052282197 -0.973651775814 0.0911008384238
vn -0.209052282197 -0.973651775814 0.0911008384238
vn -0.209052282197 -0.973651775814 0.0911008384238
vn -0.9077931511 0.412170989724 0.0776316304454
vn -0.9077931511 0.412170989724 0.0776316304454
vn -0.9077931511 0.412170989724 0.0776316304454
vn -0.9077931511 0.412170989724 0.0776316304454
vn -0.851752565551 -0.506294800712 0.134844880694
vn -0.851752565551 -0.506294800712 0.134844880694
vn -0.851752565551 -0.506294800712 0.134844880694
vn -0.851752565551 -0.506294800712 0.134844880694
vn 0.00202433538261 0.00132309544504 0.999997075738
vn 0.00202433538261 0.00132309544504 0.999997075738
vn 0.00202433538261 0.00132309544504 0.999997075738
vn 0.00202433538261 0.00132309544504 0.999997075738
vn 0.851752565551 0.506294800712 -0.134844880694
vn 0.851752565551 0.506294800712 -0.134844880694
vn 0.851752565551 0.506294800712 -0.134844880694
vn 0.851752565551 0.506294800712 -0.134844880694
vn -0.00202433538261 -0.00132309544504 -0.999997075738
vn -0.00202433538261 -0.00132309544504 -0.999997075738
vn -0.00202433538261 -0.00132309544504 -0.999997075738
vn -0.00202433538261 -0.00132309544504 -0.999997075738
vn -0.140643317329 -0.985997283396 0.089603651853
vn -0.140643317329 -0.985997283396 0.089603651853
vn -0.140643317329 -0.985997283396 0.089603651853
vn -0.140643317329 -0.985997283396 0.089603651853
vn -0.934158023986 0.347804643145 0.0798793867618
vn -0.934158023986 0.347804643145 0.0798793867618
vn -0.934158023986 0.347804643145 0.0798793867618
vn -0.934158023986 0.347804643145 0.0798793867618
vn -0.81434287333 -0.564500062061 0.134853122288
vn -0.81434287333 -0.564500062061 0.134853122288
vn -0.81434287333 -0.564500062061 0.134853122288
vn -0.81434287333 -0.564500062061 0.134853122288
vn 0.00195818166725 0.00142894334305 0.999997061818
vn 0.00195818166725 0.00142894334305 0.999997061818
vn 0.00195818166725 0.00142894334305 0.999997061818
vn 0.00195818166725 0.00142894334305 0.999997061818
vn 0.81434287333 0.564500062061 -0.134853122288
vn 0.81434287333 0.564500062061 -0.134853122288
vn 0.81434287333 0.564500062061 -0.134853122288
vn 0.81434287333 0.564500062061 -0.134853122288
vn -0.00195818166725 -0.00142894334305 -0.999997061818
vn -0.00195818166725 -0.00142894334305 -0.999997061818
vn -0.00195818166725 -0.00142894334305 -0.999997061818
vn -0.00195818166725 -0.00142894334305 -0.999997061818
vn -0.0715339490014 -0.993604624795 0.0873655751762
vn -0.0715339490014 -0.993604624795 0.0873655751762
vn -0.0715339490014 -0.993604624795 0.0873655751762
vn -0.0715339490014 -0.993604624795 0.0873655751762
vn -0.955959256677 0.281774243745 0.0821290151856
vn -0.955959256677 0.281774243745 0.0821290151856
vn -0.955959256677 0.281774243745 0.0821290151856
vn -0.955959256677 0.281774243745 0.0821290151856
vn -0.773010469298 -0.619894932737 0.134852092019
vn -0.773010469298 -0.619894932737 0.134852092019
vn -0.773010469298 -0.619894932737 0.134852092019
vn -0.773010469298 -0.619894932737 0.134852092019
vn 0.00187879500944 0.00153479060619 0.999997057269
vn 0.00187879553255 0.00152155967842 0.999997077487
vn 0.00187879500944 0.00153479060619 0.999997057269
vn 0.00187879500944 0.00153479060619 0.999997057269
vn 0.00187879553255 0.00152155967842 0.999997077487
vn 0.00187879553255 0.00152155967842 0.999997077487
vn 0.773010469298 0.619894932737 -0.134852092019
vn 0.773010469298 0.619894932737 -0.134852092019
vn 0.773010469298 0.619894932737 -0.134852092019
vn 0.773010469298 0.619894932737 -0.134852092019
vn -0.00187879500944 -0.00153479060619 -0.999997057269
vn -0.00187879553255 -0.00152155967842 -0.999997077487
vn -0.00187879500944 -0.00153479060619 -0.999997057269
vn -0.00187879553255 -0.00152155967842 -0.999997077487
vn -0.00187879500944 -0.00153479060619 -0.999997057269
vn -0.00187879553255 -0.00152155967842 -0.999997077487
vn -0.00209244930037 -0.996304270191 0.0858686372043
vn -0.00209244930037 -0.996304270191 0.0858686372043
vn -0.00209244930037 -0.996304270191 0.0858686372043
vn -0.00209244930037 -0.996304270191 0.0858686372043
vn -0.973105549078 0.214352282708 0.0843723251483
vn -0.973105549078 0.214352282708 0.0843723251483
vn -0.973105549078 0.214352282708 0.0843723251483
vn -0.973105549078 0.214352282708 0.0843723251483
vn -0.727847802393 -0.672347426103 0.134857388244
vn -0.727847802393 -0.672347426103 0.134857388244
vn -0.727847802393 -0.672347426103 0.134857388244
vn -0.727847802393 -0.672347426103 0.134857388244
vn 0.00179940969862 0.00161417586088 0.999997078276
vn 0.00179940922758 0.00162740702087 0.999997056832
vn 0.00179940969862 0.00161417586088 0.999997078276
vn 0.00179940969862 0.00161417586088 0.999997078276
vn 0.00179940922758 0.00162740702087 0.999997056832
vn 0.00179940922758 0.00162740702087 0.999997056832
vn 0.727847802393 0.672347426103 -0.134857388244
vn 0.727847802393 0.672347426103 -0.134857388244
vn 0.727847802393 0.672347426103 -0.134857388244
vn 0.727847802393 0.672347426103 -0.134857388244
vn -0.00179940922758 -0.00162740702087 -0.999997056832
vn -0.00179940969862 -0.00161417586088 -0.999997078276
vn -0.00179940969862 -0.00161417586088 -0.999997078276
vn -0.00179940969862 -0.00161417586088 -0.999997078276
vn -0.00179940922758 -0.00162740702087 -0.999997056832
vn -0.00179940922758 -0.00162740702087 -0.999997056832
vn 0.0674699796615 -0.994210517963 0.0836256409036
vn 0.0674699796615 -0.994210517963 0.0836256409036
vn 0.0674699796615 -0.994210517963 0.0836256409036
vn 0.0674699796615 -0.994210517963 0.0836256409036
vn -0.985493384731 0.145951053251 0.0866087680727
vn -0.985493384731 0.145951053251 0.0866087680727
vn -0.985493384731 0.145951053251 0.0866087680727
vn -0.985493384731 0.145951053251 0.0866087680727
vn -0.679169131613 -0.721487122738 0.134854078125
vn -0.679169131613 -0.721487122738 0.134854078125
vn -0.679169131613 -0.721487122738 0.134854078125
vn -0.679169131613 -0.721487122738 0.134854078125
vn 0.00172002400333 0.0017067934769 0.999997064182
vn 0.00172002400333 0.0017067934769 0.999997064182
vn 0.00172002400333 0.0017067934769 0.999997064182
vn 0.00172002400333 0.0017067934769 0.999997064182
vn 0.679169131613 0.721487122738 -0.134854078125
vn 0.679169131613 0.721487122738 -0.134854078125
vn 0.679169131613 0.721487122738 -0.134854078125
vn 0.679169131613 0.721487122738 -0.134854078125
vn -0.00172002400333 -0.0017067934769 -0.999997064182
vn -0.00172002400333 -0.0017067934769 -0.999997064182
vn -0.00172002400333 -0.0017067934769 -0.999997064182
vn -0.00172002400333 -0.0017067934769 -0.999997064182
vn 0.136653036694 -0.987270876537 0.0813766791143
vn 0.136653036694 -0.987270876537 0.0813766791143
vn 0.136653036694 -0.987270876537 0.0813766791143
vn 0.136653036694 -0.987270876537 0.0813766791143
vn -0.993146037163 0.0768019660718 0.0881045224452
vn -0.993146037163 0.0768019660718 0.0881045224452
vn -0.993146037163 0.0768019660718 0.0881045224452
vn -0.993146037163 0.0768019660718 0.0881045224452
vn -0.627295467612 -0.767145986901 0.134117228929
vn -0.62724777733 -0.767186769016 0.134106999372
vn -0.627295467612 -0.767145986901 0.134117228929
vn -0.627295467612 -0.767145986901 0.134117228929
vn -0.62724777733 -0.767186769016 0.134106999372
vn -0.62724777733 -0.767186769016 0.134106999372
vn 0.00162740749193 0.00178617895455 0.999997080551
vn 0.00162740799526 0.001772947429 0.999997104096
vn 0.00162740799526 0.001772947429 0.999997104096
vn 0.00162740799526 0.001772947429 0.999997104096
vn 0.00162740749193 0.00178617895455 0.999997080551
vn 0.00162740749193 0.00178617895455 0.999997080551
vn 0.627295467612 0.767145986901 -0.134117228929
vn 0.627295467612 0.767145986901 -0.134117228929
vn 0.627295467612 0.767145986901 -0.134117228929
vn 0.627295467612 0.767145986901 -0.134117228929
vn -0.00162740749193 -0.00178617895455 -0.999997080551
vn -0.00162740749193 -0.00178617895455 -0.999997080551
vn -0.00162740749193 -0.00178617895455 -0.999997080551
vn -0.00162740749193 -0.00178617895455 -0.999997080551
vn 0.205269008205 -0.975501308116 0.079131739107
vn 0.205269008205 -0.975501308116 0.079131739107
vn 0.205269008205 -0.975501308116 0.079131739107
vn 0.205269008205 -0.975501308116 0.079131739107
vn -0.995882815765 0.00737026536733 0.0903498558535
vn -0.995882815765 0.00737026536733 0.0903498558535
vn -0.995882815765 0.00737026536733 0.0903498558535
vn -0.995882815765 0.00737026536733 0.0903498558535
vn -0.572250075524 -0.809159424815 0.133382443734
vn -0.572250075524 -0.809159424815 0.133382443734
vn -0.572250075524 -0.809159424815 0.133382443734
vn -0.572250075524 -0.809159424815 0.133382443734
vn 0.00152156021646 0.00186556507744 0.999997102257
vn 0.00152155943118 0.00185233333561 0.999997126855
vn 0.00152156021646 0.00186556507744 0.999997102257
vn 0.00152156021646 0.00186556507744 0.999997102257
vn 0.00152155943118 0.00185233333561 0.999997126855
vn 0.00152155943118 0.00185233333561 0.999997126855
vn 0.572250075524 0.809159424815 -0.133382443734
vn 0.572250075524 0.809159424815 -0.133382443734
vn 0.572250075524 0.809159424815 -0.133382443734
vn 0.572250075524 0.809159424815 -0.133382443734
vn -0.00152156021646 -0.00186556507744 -0.999997102257
vn -0.00152156021646 -0.00186556507744 -0.999997102257
vn -0.00152156021646 -0.00186556507744 -0.999997102257
vn -0.00152156021646 -0.00186556507744 -0.999997102257
vn 0.272801623517 -0.958993434029 0.0768821676019
vn 0.272801623517 -0.958993434029 0.0768821676019
vn 0.272801623517 -0.958993434029 0.0768821676019
vn 0.272801623517 -0.958993434029 0.0768821676019
vn -0.993832929901 -0.0621394574253 0.0918411415162
vn -0.993832929901 -0.0621394574253 0.0918411415162
vn -0.993832929901 -0.0621394574253 0.0918411415162
vn -0.993832929901 -0.0621394574253 0.0918411415162
vn -0.5144908119 -0.847175046979 0.132641035306
vn -0.5144908119 -0.847175046979 0.132641035306
vn -0.5144908119 -0.847175046979 0.132641035306
vn -0.5144908119 -0.847175046979 0.132641035306
vn 0.00142894247109 0.00191848842221 0.999997138759
vn 0.00142894247109 0.00191848842221 0.999997138759
vn 0.00142894247109 0.00191848842221 0.999997138759
vn 0.00142894247109 0.00191848842221 0.999997138759
vn 0.5144908119 0.847175046979 -0.132641035306
vn 0.5144908119 0.847175046979 -0.132641035306
vn 0.5144908119 0.847175046979 -0.132641035306
vn 0.5144908119 0.847175046979 -0.132641035306
vn -0.00141571252869 -0.00193171961457 -0.999997132105
vn -0.00142894319825 -0.00193171901872 -0.999997113287
vn -0.00142894319825 -0.00193171901872 -0.999997113287
vn -0.00142894319825 -0.00193171901872 -0.999997113287
vn -0.00141571252869 -0.00193171961457 -0.999997132105
vn -0.00141571252869 -0.00193171961457 -0.999997132105
vn 0.339148146971 -0.937768050869 0.0746298678583
vn 0.33905988951 -0.937799767955 0.0746323425097
vn 0.339148146971 -0.937768050869 0.0746298678583
vn 0.339148146971 -0.937768050869 0.0746298678583
vn 0.33905988951 -0.937799767955 0.0746323425097
vn 0.33905988951 -0.937799767955 0.0746323425097
vn -0.986934860887 -0.13133243382 0.0933347319766
vn -0.986934860887 -0.13133243382 0.0933347319766
vn -0.986934860887 -0.13133243382 0.0933347319766
vn -0.986934860887 -0.13133243382 0.0933347319766
vn -0.454178079955 -0.881091600253 0.13190854276
vn -0.454178079955 -0.881091600253 0.13190854276
vn -0.454178079955 -0.881091600253 0.13190854276
vn -0.454178079955 -0.881091600253 0.13190854276
vn 0.00132309553041 0.00197141219478 0.999997181472
vn 0.00132309546172 0.0019978736709 0.999997128955
vn 0.00132309553041 0.00197141219478 0.999997181472
vn 0.00132309553041 0.00197141219478 0.999997181472
vn 0.00132309546172 0.0019978736709 0.999997128955
vn 0.00132309546172 0.0019978736709 0.999997128955
vn 0.454178079955 0.881091600253 -0.13190854276
vn 0.454178079955 0.881091600253 -0.13190854276
vn 0.454178079955 0.881091600253 -0.13190854276
vn 0.454178079955 0.881091600253 -0.13190854276
vn -0.00132309483466 -0.00198464291351 -0.999997155302
vn -0.00130986441162 -0.0019846436092 -0.999997172718
vn -0.00132309483466 -0.00198464291351 -0.999997155302
vn -0.00132309483466 -0.00198464291351 -0.999997155302
vn -0.00130986441162 -0.0019846436092 -0.999997172718
vn -0.00130986441162 -0.0019846436092 -0.999997172718
vn 0.40379881161 -0.912038668215 0.0716378909701
vn 0.40379881161 -0.912038668215 0.0716378909701
vn 0.40379881161 -0.912038668215 0.0716378909701
vn 0.40379881161 -0.912038668215 0.0716378909701
vn -0.975236212995 -0.199805949743 0.0948256890798
vn -0.975236212995 -0.199805949743 0.0948256890798
vn -0.975236212995 -0.199805949743 0.0948256890798
vn -0.975236212995 -0.199805949743 0.0948256890798
vn -0.39165229596 -0.91071553723 0.131170459011
vn -0.39165229596 -0.91071553723 0.131170459011
vn -0.39165229596 -0.91071553723 0.131170459011
vn -0.39165229596 -0.91071553723 0.131170459011
vn 0.00120401691155 0.00205079854501 0.99999717228
vn 0.00120401640063 0.00203756764127 0.999997199327
vn 0.00120401691155 0.00205079854501 0.99999717228
vn 0.00120401691155 0.00205079854501 0.99999717228
vn 0.00120401640063 0.00203756764127 0.999997199327
vn 0.00120401640063 0.00203756764127 0.999997199327
vn 0.39165229596 0.91071553723 -0.131170459011
vn 0.39165229596 0.91071553723 -0.131170459011
vn 0.39165229596 0.91071553723 -0.131170459011
vn 0.39165229596 0.91071553723 -0.131170459011
vn -0.00120401723663 -0.00202433681796 -0.999997226198
vn -0.00120401640063 -0.00203756764127 -0.999997199327
vn -0.00120401640063 -0.00203756764127 -0.999997199327
vn -0.00120401640063 -0.00203756764127 -0.999997199327
vn -0.00120401723663 -0.00202433681796 -0.999997226198
vn -0.00120401723663 -0.00202433681796 -0.999997226198
vn 0.466489712168 -0.881801234196 0.0693825036504
vn 0.466489712168 -0.881801234196 0.0693825036504
vn 0.466489712168 -0.881801234196 0.0693825036504
vn 0.466489712168 -0.881801234196 0.0693825036504
vn -0.95886440321 -0.267291421704 0.0955738046761
vn -0.95886440321 -0.267291421704 0.0955738046761
vn -0.95886440321 -0.267291421704 0.0955738046761
vn -0.95886440321 -0.267291421704 0.0955738046761
vn -0.327180040662 -0.93601855324 0.129701538089
vn -0.327180040662 -0.93601855324 0.129701538089
vn -0.327180040662 -0.93601855324 0.129701538089
vn -0.327180040662 -0.93601855324 0.129701538089
vn 0.00109816919805 0.00207725953738 0.999997239505
vn 0.00108493827831 0.00209049147433 0.999997226373
vn 0.00109816919805 0.00207725953738 0.999997239505
vn 0.00109816919805 0.00207725953738 0.999997239505
vn 0.00108493827831 0.00209049147433 0.999997226373
vn 0.00108493827831 0.00209049147433 0.999997226373
vn 0.327180040662 0.93601855324 -0.129701538089
vn 0.327180040662 0.93601855324 -0.129701538089
vn 0.327180040662 0.93601855324 -0.129701538089
vn 0.327180040662 0.93601855324 -0.129701538089
vn -0.00108493791679 -0.00207726048906 -0.999997253946
vn -0.00108493791679 -0.00207726048906 -0.999997253946
vn -0.00108493791679 -0.00207726048906 -0.999997253946
vn -0.00108493791679 -0.00207726048906 -0.999997253946
vn 0.526971952285 -0.847286275776 0.0663816871375
vn 0.526971952285 -0.847286275776 0.0663816871375
vn 0.526971952285 -0.847286275776 0.0663816871375
vn 0.526971952285 -0.847286275776 0.0663816871375
vn -0.937724398806 -0.333543625763 0.0970649349541
vn -0.937724398806 -0.333543625763 0.0970649349541
vn -0.937724398806 -0.333543625763 0.0970649349541
vn -0.937724398806 -0.333543625763 0.0970649349541
vn -0.261155547148 -0.956743793118 0.128215032364
vn -0.261155547148 -0.956743793118 0.128215032364
vn -0.261155547148 -0.956743793118 0.128215032364
vn -0.261155547148 -0.956743793118 0.128215032364
vn 0.000979090546529 0.00210372150819 0.999997307865
vn 0.000979090979185 0.00213018360526 0.999997251846
vn 0.000979090546529 0.00210372150819 0.999997307865
vn 0.000979090546529 0.00210372150819 0.999997307865
vn 0.000979090979185 0.00213018360526 0.999997251846
vn 0.000979090979185 0.00213018360526 0.999997251846
vn 0.261155547148 0.956743793118 -0.128215032364
vn 0.261155547148 0.956743793118 -0.128215032364
vn 0.261155547148 0.956743793118 -0.128215032364
vn 0.261155547148 0.956743793118 -0.128215032364
vn -0.000979090979185 -0.00213018360526 -0.999997251846
vn -0.000979090762942 -0.00211695253611 -0.999997279943
vn -0.000979090979185 -0.00213018360526 -0.999997251846
vn -0.000979090762942 -0.00211695253611 -0.999997279943
vn -0.000979090979185 -0.00213018360526 -0.999997251846
vn -0.000979090762942 -0.00211695253611 -0.999997279943
vn 0.584912060659 -0.808557835566 0.0641257190285
vn 0.584912060659 -0.808557835566 0.0641257190285
vn 0.584912060659 -0.808557835566 0.0641257190285
vn 0.584912060659 -0.808557835566 0.0641257190285
vn -0.912101950028 -0.398123944698 0.0978128693627
vn -0.912101950028 -0.398123944698 0.0978128693627
vn -0.912101950028 -0.398123944698 0.0978128693627
vn -0.912101950028 -0.398123944698 0.0978128693627
vn -0.193847768977 -0.972810224714 0.126741110749
vn -0.193847768977 -0.972810224714 0.126741110749
vn -0.193847768977 -0.972810224714 0.126741110749
vn -0.193847768977 -0.972810224714 0.126741110749
vn 0.000860012305975 0.0021566459389 0.999997304625
vn 0.000860012251439 0.00214341480372 0.999997333072
vn 0.000860012251439 0.00214341480372 0.999997333072
vn 0.000860012251439 0.00214341480372 0.999997333072
vn 0.000860012305975 0.0021566459389 0.999997304625
vn 0.000860012305975 0.0021566459389 0.999997304625
vn 0.193847768977 0.972810224714 -0.126741110749
vn 0.193847768977 0.972810224714 -0.126741110749
vn 0.193847768977 0.972810224714 -0.126741110749
vn 0.193847768977 0.972810224714 -0.126741110749
vn -0.000860012305975 -0.0021566459389 -0.999997304625
vn -0.000860012251439 -0.00214341480372 -0.999997333072
vn -0.000860012251439 -0.00214341480372 -0.999997333072
vn -0.000860012251439 -0.00214341480372 -0.999997333072
vn -0.000860012305975 -0.0021566459389 -0.999997304625
vn -0.000860012305975 -0.0021566459389 -0.999997304625
vn 0.639988506655 -0.765950058483 0.0611164401713
vn 0.639988506655 -0.765950058483 0.0611164401713
vn 0.639988506655 -0.765950058483 0.0611164401713
vn 0.639988506655 -0.765950058483 0.0611164401713
vn -0.88207134406 -0.460691442363 0.098557287516
vn -0.88207134406 -0.460691442363 0.098557287516
vn -0.88207134406 -0.460691442363 0.098557287516
vn -0.88207134406 -0.460691442363 0.098557287516
vn -0.125524265469 -0.984149895205 0.125270277982
vn -0.125524265469 -0.984149895205 0.125270277982
vn -0.125524265469 -0.984149895205 0.125270277982
vn -0.125524265469 -0.984149895205 0.125270277982
vn 0.000727702912645 0.0021831074149 0.999997352242
vn 0.00074085977216 0.00215643057915 0.999997400464
vn 0.000727702912645 0.0021831074149 0.999997352242
vn 0.00074085977216 0.00215643057915 0.999997400464
vn 0.000727702912645 0.0021831074149 0.999997352242
vn 0.00074085977216 0.00215643057915 0.999997400464
vn 0.125524265469 0.984149895205 -0.125270277982
vn 0.125524265469 0.984149895205 -0.125270277982
vn 0.125524265469 0.984149895205 -0.125270277982
vn 0.125524265469 0.984149895205 -0.125270277982
vn -0.000740933754633 -0.00216987742428 -0.999997371321
vn -0.000727630425323 -0.00215643073691 -0.999997410177
vn -0.000740933754633 -0.00216987742428 -0.999997371321
vn -0.000727630425323 -0.00215643073691 -0.999997410177
vn -0.000740933754633 -0.00216987742428 -0.999997371321
vn -0.000727630425323 -0.00215643073691 -0.999997410177
vn 0.691918848034 -0.719571648033 0.0588638350934
vn 0.691918848034 -0.719571648033 0.0588638350934
vn 0.691918848034 -0.719571648033 0.0588638350934
vn 0.691918848034 -0.719571648033 0.0588638350934
vn -0.84777117215 -0.521123491107 0.0985613853825
vn -0.84777117215 -0.521123491107 0.0985613853825
vn -0.84777117215 -0.521123491107 0.0985613853825
vn -0.84777117215 -0.521123491107 0.0985613853825
vn -0.0565766314157 -0.990785778423 0.123055377991
vn -0.0565766314157 -0.990785778423 0.123055377991
vn -0.0565766314157 -0.990785778423 0.123055377991
vn -0.0565766314157 -0.990785778423 0.123055377991
vn 0.000608563855192 0.00218288987465 0.999997432318
vn 0.000608562874524 0.00216966009441 0.99999746111
vn 0.000608563855192 0.00218288987465 0.999997432318
vn 0.000608562874524 0.00216966009441 0.99999746111
vn 0.000608563855192 0.00218288987465 0.999997432318
vn 0.000608562874524 0.00216966009441 0.99999746111
vn 0.0565766314157 0.990785778423 -0.123055377991
vn 0.0565766314157 0.990785778423 -0.123055377991
vn 0.0565766314157 0.990785778423 -0.123055377991
vn 0.0565766314157 0.990785778423 -0.123055377991
vn -0.000608563855192 -0.00218288987465 -0.999997432318
vn -0.000608562874524 -0.00216966009441 -0.99999746111
vn -0.000608563855192 -0.00218288987465 -0.999997432318
vn -0.000608563855192 -0.00218288987465 -0.999997432318
vn -0.000608562874524 -0.00216966009441 -0.99999746111
vn -0.000608562874524 -0.00216966009441 -0.99999746111
vn 0.740557933082 -0.669667257853 0.0558543777032
vn 0.740557933082 -0.669667257853 0.0558543777032
vn 0.740557933082 -0.669667257853 0.0558543777032
vn 0.740557933082 -0.669667257853 0.0558543777032
vn -0.809267340413 -0.578986398756 0.0993031812001
vn -0.809267340413 -0.578986398756 0.0993031812001
vn -0.809267340413 -0.578986398756 0.0993031812001
vn -0.809267340413 -0.578986398756 0.0993031812001
vn 0.0127065588206 -0.992501485609 0.121570327083
vn 0.0127065588206 -0.992501485609 0.121570327083
vn 0.0127065588206 -0.992501485609 0.121570327083
vn 0.0127065588206 -0.992501485609 0.121570327083
vn 0.000489496399087 0.00218288981212 0.99999749769
vn 0.000489496399087 0.00218288981212 0.99999749769
vn 0.000489496399087 0.00218288981212 0.99999749769
vn 0.000489496399087 0.00218288981212 0.99999749769
vn -0.0127065588206 0.992501485609 -0.121570327083
vn -0.0127065588206 0.992501485609 -0.121570327083
vn -0.0127065588206 0.992501485609 -0.121570327083
vn -0.0127065588206 0.992501485609 -0.121570327083
vn -0.000489496928415 -0.00216966005868 -0.999997526481
vn -0.000489495869671 -0.00219611960809 -0.999997468723
vn -0.000489496928415 -0.00216966005868 -0.999997526481
vn -0.000489496928415 -0.00216966005868 -0.999997526481
vn -0.000489495869671 -0.00219611960809 -0.999997468723
vn -0.000489495869671 -0.00219611960809 -0.999997468723
vn 0.78558646004 -0.616426240735 0.0535966746736
vn 0.78558646004 -0.616426240735 0.0535966746736
vn 0.78558646004 -0.616426240735 0.0535966746736
vn 0.78558646004 -0.616426240735 0.0535966746736
vn -0.766938910464 -0.63399089795 0.0992987861593
vn -0.766938910464 -0.63399089795 0.0992987861593
vn -0.766938910464 -0.63399089795 0.0992987861593
vn -0.766938910464 -0.63399089795 0.0992987861593
vn 0.0819177644902 -0.989467282546 0.119348132081
vn 0.0819177644902 -0.989467282546 0.119348132081
vn 0.0819177644902 -0.989467282546 0.119348132081
vn 0.0819177644902 -0.989467282546 0.119348132081
vn 0.000370430106915 0.00218289014219 0.999997548883
vn 0.000370430106915 0.00218289014219 0.999997548883
vn 0.000370430106915 0.00218289014219 0.999997548883
vn 0.000370430106915 0.00218289014219 0.999997548883
vn -0.0819177644902 0.989467282546 -0.119348132081
vn -0.0819177644902 0.989467282546 -0.119348132081
vn -0.0819177644902 0.989467282546 -0.119348132081
vn -0.0819177644902 0.989467282546 -0.119348132081
vn -0.000370429509991 -0.00216966044854 -0.999997577675
vn -0.000370429509991 -0.00216966044854 -0.999997577675
vn -0.000370429509991 -0.00216966044854 -0.999997577675
vn -0.000370429509991 -0.00216966044854 -0.999997577675
vn 0.826828905655 -0.560174339782 0.0505832959004
vn 0.826828905655 -0.560174339782 0.0505832959004
vn 0.826828905655 -0.560174339782 0.0505832959004
vn 0.826828905655 -0.560174339782 0.0505832959004
vn -0.720811726604 -0.685980282705 0.0993051183519
vn -0.720811726604 -0.685980282705 0.0993051183519
vn -0.720811726604 -0.685980282705 0.0993051183519
vn -0.720811726604 -0.685980282705 0.0993051183519
vn 0.150771682501 -0.981605076507 0.117129729495
vn 0.150771682501 -0.981605076507 0.117129729495
vn 0.150771682501 -0.981605076507 0.117129729495
vn 0.150771682501 -0.981605076507 0.117129729495
vn 0.000251362972378 0.00216965989759 0.999997614693
vn 0.000251362569794 0.00215643161832 0.999997643307
vn 0.000251362972378 0.00216965989759 0.999997614693
vn 0.000251362972378 0.00216965989759 0.999997614693
vn 0.000251362569794 0.00215643161832 0.999997643307
vn 0.000251362569794 0.00215643161832 0.999997643307
vn -0.150771682501 0.981605076507 -0.117129729495
vn -0.150771682501 0.981605076507 -0.117129729495
vn -0.150771682501 0.981605076507 -0.117129729495
vn -0.150771682501 0.981605076507 -0.117129729495
vn -0.000251362569794 -0.00215643161832 -0.999997643307
vn -0.000251362569794 -0.00215643161832 -0.999997643307
vn -0.000251362569794 -0.00215643161832 -0.999997643307
vn -0.000251362569794 -0.00215643161832 -0.999997643307
vn 0.863977241335 -0.501206684593 0.0483237599307
vn 0.863977241335 -0.501206684593 0.0483237599307
vn 0.863977241335 -0.501206684593 0.0483237599307
vn 0.863977241335 -0.501206684593 0.0483237599307
vn -0.671253481724 -0.734646885864 0.0985531144303
vn -0.671253481724 -0.734646885864 0.0985531144303
vn -0.671253481724 -0.734646885864 0.0985531144303
vn -0.671253481724 -0.734646885864 0.0985531144303
vn 0.21896353449 -0.968943436947 0.114906860377
vn 0.21896353449 -0.968943436947 0.114906860377
vn 0.21896353449 -0.968943436947 0.114906860377
vn 0.21896353449 -0.968943436947 0.114906860377
vn 0.000119066544896 0.00214320177714 0.999997696252
vn 0.000119066355348 0.00212997229825 0.999997724518
vn 0.000119066355348 0.00212997229825 0.999997724518
vn 0.000119066355348 0.00212997229825 0.999997724518
vn 0.000119066544896 0.00214320177714 0.999997696252
vn 0.000119066544896 0.00214320177714 0.999997696252
vn -0.21896353449 0.968943436947 -0.114906860377
vn -0.21896353449 0.968943436947 -0.114906860377
vn -0.21896353449 0.968943436947 -0.114906860377
vn -0.21896353449 0.968943436947 -0.114906860377
vn -0.0001322964044 -0.00212997250774 -0.999997722855
vn -0.000132296824272 -0.00215643148829 -0.999997666148
vn -0.0001322964044 -0.00212997250774 -0.999997722855
vn -0.0001322964044 -0.00212997250774 -0.999997722855
vn -0.000132296824272 -0.00215643148829 -0.999997666148
vn -0.000132296824272 -0.00215643148829 -0.999997666148
vn 0.896946661602 -0.439732621258 0.0460641730979
vn 0.896946661602 -0.439732621258 0.0460641730979
vn 0.896946661602 -0.439732621258 0.0460641730979
vn 0.896946661602 -0.439732621258 0.0460641730979
vn -0.618420077371 -0.779643212701 0.0985549024347
vn -0.618420077371 -0.779643212701 0.0985549024347
vn -0.618420077371 -0.779643212701 0.0985549024347
vn -0.618420077371 -0.779643212701 0.0985549024347
vn 0.286110167971 -0.951547372209 0.112687932923
vn 0.28608312274 -0.951556768765 0.112677250149
vn 0.286110167971 -0.951547372209 0.112687932923
vn 0.286110167971 -0.951547372209 0.112687932923
vn 0.28608312274 -0.951556768765 0.112677250149
vn 0.28608312274 -0.951556768765 0.112677250149
vn 0 0.00211674205049 0.999997759699
vn 1.32300100407e-05 0.00211674207147 0.999997759611
vn 0 0.00211674205049 0.999997759699
vn 0 0.00211674205049 0.999997759699
vn 1.32300100407e-05 0.00211674207147 0.999997759611
vn 1.32300100407e-05 0.00211674207147 0.999997759611
vn -0.286110167971 0.951547372209 -0.112687932923
vn -0.286110167971 0.951547372209 -0.112687932923
vn -0.286110167971 0.951547372209 -0.112687932923
vn -0.286110167971 0.951547372209 -0.112687932923
vn -1.32300100407e-05 -0.00211674207147 -0.999997759611
vn -1.32299892394e-05 -0.00210351272311 -0.999997787527
vn -1.32300100407e-05 -0.00211674207147 -0.999997759611
vn -1.32299892394e-05 -0.00210351272311 -0.999997787527
vn -1.32300100407e-05 -0.00211674207147 -0.999997759611
vn -1.32299892394e-05 -0.00210351272311 -0.999997787527
vn 0.925525046803 -0.376144405061 0.0438038158231
vn 0.925525046803 -0.376144405061 0.0438038158231
vn 0.925525046803 -0.376144405061 0.0438038158231
vn 0.925525046803 -0.376144405061 0.0438038158231
vn -0.562515110665 -0.820981452166 0.097806980694
vn -0.562515110665 -0.820981452166 0.097806980694
vn -0.562515110665 -0.820981452166 0.097806980694
vn -0.562515110665 -0.820981452166 0.097806980694
vn 0.351910686597 -0.92958103718 0.10971765571
vn 0.351910686597 -0.92958103718 0.10971765571
vn 0.351910686597 -0.92958103718 0.10971765571
vn 0.351910686597 -0.92958103718 0.10971765571
vn -0.000105836972572 0.00207705356347 0.999997837321
vn -0.000105836809287 0.00206382439606 0.999997864711
vn -0.000105836809287 0.00206382439606 0.999997864711
vn -0.000105836809287 0.00206382439606 0.999997864711
vn -0.000105836972572 0.00207705356347 0.999997837321
vn -0.000105836972572 0.00207705356347 0.999997837321
vn -0.351910686597 0.92958103718 -0.10971765571
vn -0.351910686597 0.92958103718 -0.10971765571
vn -0.351910686597 0.92958103718 -0.10971765571
vn -0.351910686597 0.92958103718 -0.10971765571
vn 0.000105836809287 -0.00206382439606 -0.999997864711
vn 0.000105836972572 -0.00207705356347 -0.999997837321
vn 0.000105836809287 -0.00206382439606 -0.999997864711
vn 0.000105836809287 -0.00206382439606 -0.999997864711
vn 0.000105836972572 -0.00207705356347 -0.999997837321
vn 0.000105836972572 -0.00207705356347 -0.999997837321
vn 0.949588523655 -0.310734463664 0.0415418925223
vn 0.949588523655 -0.310734463664 0.0415418925223
vn 0.949588523655 -0.310734463664 0.0415418925223
vn 0.949588523655 -0.310734463664 0.0415418925223
vn -0.503934357617 -0.858270984362 0.0970622512379
vn -0.503934357617 -0.858270984362 0.0970622512379
vn -0.503934357617 -0.858270984362 0.0970622512379
vn -0.503934357617 -0.858270984362 0.0970622512379
vn 0.416000016082 -0.902990478239 0.107481081258
vn 0.416000016082 -0.902990478239 0.107481081258
vn 0.416000016082 -0.902990478239 0.107481081258
vn 0.416000016082 -0.902990478239 0.107481081258
vn -0.000224904097783 0.00202413555706 0.999997926145
vn -0.000224904097783 0.00202413555706 0.999997926145
vn -0.000224904097783 0.00202413555706 0.999997926145
vn -0.000224904097783 0.00202413555706 0.999997926145
vn -0.416000016082 0.902990478239 -0.107481081258
vn -0.416000016082 0.902990478239 -0.107481081258
vn -0.416000016082 0.902990478239 -0.107481081258
vn -0.416000016082 0.902990478239 -0.107481081258
vn 0.000224904097783 -0.00202413555706 -0.999997926145
vn 0.000224904438135 -0.00203736455755 -0.99999789928
vn 0.000224904097783 -0.00202413555706 -0.999997926145
vn 0.000224904097783 -0.00202413555706 -0.999997926145
vn 0.000224904438135 -0.00203736455755 -0.99999789928
vn 0.000224904438135 -0.00203736455755 -0.99999789928
vn 0.969051945101 -0.243711864384 0.0392791911162
vn 0.969051945101 -0.243711864384 0.0392791911162
vn 0.969051945101 -0.243711864384 0.0392791911162
vn 0.969051945101 -0.243711864384 0.0392791911162
vn -0.442863278619 -0.891400460315 0.0963189275309
vn -0.442863278619 -0.891400460315 0.0963189275309
vn -0.442863278619 -0.891400460315 0.0963189275309
vn -0.442863278619 -0.891400460315 0.0963189275309
vn 0.478103305377 -0.872063613224 0.104509731026
vn 0.478103305377 -0.872063613224 0.104509731026
vn 0.478103305377 -0.872063613224 0.104509731026
vn 0.478103305377 -0.872063613224 0.104509731026
vn -0.000330740448069 0.00197121682776 0.999998002455
vn -0.000330740448069 0.00197121682776 0.999998002455
vn -0.000330740448069 0.00197121682776 0.999998002455
vn -0.000330740448069 0.00197121682776 0.999998002455
vn -0.478103305377 0.872063613224 -0.104509731026
vn -0.478103305377 0.872063613224 -0.104509731026
vn -0.478103305377 0.872063613224 -0.104509731026
vn -0.478103305377 0.872063613224 -0.104509731026
vn 0.000330740448069 -0.00197121682776 -0.999998002455
vn 0.000330741290096 -0.00195798679687 -0.999998028447
vn 0.000330740448069 -0.00197121682776 -0.999998002455
vn 0.000330740448069 -0.00197121682776 -0.999998002455
vn 0.000330741290096 -0.00195798679687 -0.999998028447
vn 0.000330741290096 -0.00195798679687 -0.999998028447
vn 0.983767673102 -0.175587139704 0.0370178569105
vn 0.983767673102 -0.175587139704 0.0370178569105
vn 0.983767673102 -0.175587139704 0.0370178569105
vn 0.983767673102 -0.175587139704 0.0370178569105
vn -0.379634637776 -0.920263038509 0.0948339694106
vn -0.37959985998 -0.92027827629 0.0948253156721
vn -0.37959985998 -0.92027827629 0.0948253156721
vn -0.37959985998 -0.92027827629 0.0948253156721
vn -0.379634637776 -0.920263038509 0.0948339694106
vn -0.379634637776 -0.920263038509 0.0948339694106
vn 0.53791662848 -0.836770248193 0.102280264681
vn 0.53791662848 -0.836770248193 0.102280264681
vn 0.53791662848 -0.836770248193 0.102280264681
vn 0.53791662848 -0.836770248193 0.102280264681
vn -0.000436578262956 0.00190506890408 0.999998090054
vn -0.000436578880656 0.00191829873686 0.999998064763
vn -0.000436578880656 0.00191829873686 0.999998064763
vn -0.000436578880656 0.00191829873686 0.999998064763
vn -0.000436578262956 0.00190506890408 0.999998090054
vn -0.000436578262956 0.00190506890408 0.999998090054
vn -0.53791662848 0.836770248193 -0.102280264681
vn -0.53791662848 0.836770248193 -0.102280264681
vn -0.53791662848 0.836770248193 -0.102280264681
vn -0.53791662848 0.836770248193 -0.102280264681
vn 0.000436578262956 -0.00190506890408 -0.999998090054
vn 0.000436578262956 -0.00190506890408 -0.999998090054
vn 0.000436578262956 -0.00190506890408 -0.999998090054
vn 0.000436578262956 -0.00190506890408 -0.999998090054
vn 0.993701342514 -0.106535814999 0.0347528705
vn 0.993701342514 -0.106535814999 0.0347528705
vn 0.993701342514 -0.106535814999 0.0347528705
vn 0.993701342514 -0.106535814999 0.0347528705
vn -0.314548560615 -0.944641412887 0.0933370455566
vn -0.314548560615 -0.944641412887 0.0933370455566
vn -0.314548560615 -0.944641412887 0.0933370455566
vn -0.314548560615 -0.944641412887 0.0933370455566
vn 0.595090231054 -0.797500524732 0.0993002011868
vn 0.595090231054 -0.797500524732 0.0993002011868
vn 0.595090231054 -0.797500524732 0.0993002011868
vn 0.595090231054 -0.797500524732 0.0993002011868
vn -0.000542415506823 0.00183892057419 0.999998162077
vn -0.000542415506823 0.00183892057419 0.999998162077
vn -0.000542415506823 0.00183892057419 0.999998162077
vn -0.000542415506823 0.00183892057419 0.999998162077
vn -0.595090231054 0.797500524732 -0.0993002011868
vn -0.595090231054 0.797500524732 -0.0993002011868
vn -0.595090231054 0.797500524732 -0.0993002011868
vn -0.595090231054 0.797500524732 -0.0993002011868
vn 0.00054241609433 -0.00182569103362 -0.999998186317
vn 0.000542415506823 -0.00183892057419 -0.999998162077
vn 0.000542415506823 -0.00183892057419 -0.999998162077
vn 0.000542415506823 -0.00183892057419 -0.999998162077
vn 0.00054241609433 -0.00182569103362 -0.999998186317
vn 0.00054241609433 -0.00182569103362 -0.999998186317
vn 0.998762888706 -0.0369801167248 0.0332439936
vn 0.998762888706 -0.0369801167248 0.0332439936
vn 0.998762888706 -0.0369801167248 0.0332439936
vn 0.998762888706 -0.0369801167248 0.0332439936
vn -0.247972390875 -0.964403488686 0.0918455462926
vn -0.247972390875 -0.964403488686 0.0918455462926
vn -0.247972390875 -0.964403488686 0.0918455462926
vn -0.247972390875 -0.964403488686 0.0918455462926
vn 0.649462659429 -0.754172960971 0.0970638910577
vn 0.649462659429 -0.754172960971 0.0970638910577
vn 0.649462659429 -0.754172960971 0.0970638910577
vn 0.649462659429 -0.754172960971 0.0970638910577
vn -0.000635022985288 0.00175954285507 0.999998250376
vn -0.000635022985288 0.00175954285507 0.999998250376
vn -0.000635022985288 0.00175954285507 0.999998250376
vn -0.000635022985288 0.00175954285507 0.999998250376
vn -0.649462659429 0.754172960971 -0.0970638910577
vn -0.649462659429 0.754172960971 -0.0970638910577
vn -0.649462659429 0.754172960971 -0.0970638910577
vn -0.649462659429 0.754172960971 -0.0970638910577
vn 0.000635022985288 -0.00175954285507 -0.999998250376
vn 0.000635022985288 -0.00175954285507 -0.999998250376
vn 0.000635022985288 -0.00175954285507 -0.999998250376
vn 0.000635022985288 -0.00175954285507 -0.999998250376
vn 0.998958635768 0.0327822314923 0.0317327799548
vn 0.998958635768 0.0327822314923 0.0317327799548
vn 0.998958635768 0.0327822314923 0.0317327799548
vn 0.998958635768 0.0327822314923 0.0317327799548
vn -0.180081711552 -0.979493109712 0.0903538886327
vn -0.180081711552 -0.979493109712 0.0903538886327
vn -0.180081711552 -0.979493109712 0.0903538886327
vn -0.180081711552 -0.979493109712 0.0903538886327
vn 0.700676483078 -0.707248126407 0.0940880106947
vn 0.700676483078 -0.707248126407 0.0940880106947
vn 0.700676483078 -0.707248126407 0.0940880106947
vn 0.700676483078 -0.707248126407 0.0940880106947
vn -0.000727630154255 0.0016801646795 0.999998323799
vn -0.000727630569144 0.00166693565405 0.999998345938
vn -0.000727630154255 0.0016801646795 0.999998323799
vn -0.000727630569144 0.00166693565405 0.999998345938
vn -0.000727630154255 0.0016801646795 0.999998323799
vn -0.000727630569144 0.00166693565405 0.999998345938
vn -0.700676483078 0.707248126407 -0.0940880106947
vn -0.700676483078 0.707248126407 -0.0940880106947
vn -0.700676483078 0.707248126407 -0.0940880106947
vn -0.700676483078 0.707248126407 -0.0940880106947
vn 0.000727630154255 -0.0016801646795 -0.999998323799
vn 0.000727630569144 -0.00166693565405 -0.999998345938
vn 0.000727630154255 -0.0016801646795 -0.999998323799
vn 0.000727630569144 -0.00166693565405 -0.999998345938
vn 0.000727630154255 -0.0016801646795 -0.999998323799
vn 0.000727630569144 -0.00166693565405 -0.999998345938
vn 0.994288354407 0.102357621121 0.0302255800491
vn 0.994288354407 0.102357621121 0.0302255800491
vn 0.994288354407 0.102357621121 0.0302255800491
vn 0.994288354407 0.102357621121 0.0302255800491
vn -0.111361210428 -0.989799954911 0.0888522935609
vn -0.111361210428 -0.989799954911 0.0888522935609
vn -0.111361210428 -0.989799954911 0.0888522935609
vn -0.111361210428 -0.989799954911 0.0888522935609
vn 0.748482152489 -0.656764203902 0.0918436055409
vn 0.748482152489 -0.656764203902 0.0918436055409
vn 0.748482152489 -0.656764203902 0.0918436055409
vn 0.748482152489 -0.656764203902 0.0918436055409
vn -0.000807008892772 0.00158755741489 0.999998414198
vn -0.000807008892772 0.00158755741489 0.999998414198
vn -0.000807008892772 0.00158755741489 0.999998414198
vn -0.000807008892772 0.00158755741489 0.999998414198
vn -0.748482152489 0.656764203902 -0.0918436055409
vn -0.748482152489 0.656764203902 -0.0918436055409
vn -0.748482152489 0.656764203902 -0.0918436055409
vn -0.748482152489 0.656764203902 -0.0918436055409
vn 0.000807008892772 -0.00158755741489 -0.999998414198
vn 0.000807008892772 -0.00158755741489 -0.999998414198
vn 0.000807008892772 -0.00158755741489 -0.999998414198
vn 0.000807008892772 -0.00158755741489 -0.999998414198
vn 0.984761487711 0.171523618713 0.0287134209757
vn 0.984761487711 0.171523618713 0.0287134209757
vn 0.984761487711 0.171523618713 0.0287134209757
vn 0.984761487711 0.171523618713 0.0287134209757
vn -0.0420459823481 -0.995354003983 0.0866172160951
vn -0.0420459823481 -0.995354003983 0.0866172160951
vn -0.0420459823481 -0.995354003983 0.0866172160951
vn -0.0420459823481 -0.995354003983 0.0866172160951
vn 0.792681009833 -0.603126858123 0.0888527414418
vn 0.792681009833 -0.603126858123 0.0888527414418
vn 0.792681009833 -0.603126858123 0.0888527414418
vn 0.792681009833 -0.603126858123 0.0888527414418
vn -0.000886386251022 0.00149494970881 0.999998489721
vn -0.000886386251022 0.00149494970881 0.999998489721
vn -0.000886386251022 0.00149494970881 0.999998489721
vn -0.000886386251022 0.00149494970881 0.999998489721
vn -0.792681009833 0.603126858123 -0.0888527414418
vn -0.792681009833 0.603126858123 -0.0888527414418
vn -0.792681009833 0.603126858123 -0.0888527414418
vn -0.792681009833 0.603126858123 -0.0888527414418
vn 0.000886386251022 -0.00149494970881 -0.999998489721
vn 0.000886386251022 -0.00149494970881 -0.999998489721
vn 0.000886386251022 -0.00149494970881 -0.999998489721
vn 0.000886386251022 -0.00149494970881 -0.999998489721
vn 0.970438448286 0.239810657705 0.0272041640074
vn 0.970438448286 0.239810657705 0.0272041640074
vn 0.970438448286 0.239810657705 0.0272041640074
vn 0.970438448286 0.239810657705 0.0272041640074
vn 0.0275003651611 -0.995991615157 0.0851142317904
vn 0.0275003651611 -0.995991615157 0.0851142317904
vn 0.0275003651611 -0.995991615157 0.0851142317904
vn 0.0275003651611 -0.995991615157 0.0851142317904
vn 0.832993281245 -0.546461925202 0.0866115333197
vn 0.832993281245 -0.546461925202 0.0866115333197
vn 0.832993281245 -0.546461925202 0.0866115333197
vn 0.832993281245 -0.546461925202 0.0866115333197
vn -0.000952535291098 0.00138911341496 0.999998581519
vn -0.000952535291098 0.00138911341496 0.999998581519
vn -0.000952535291098 0.00138911341496 0.999998581519
vn -0.000952535291098 0.00138911341496 0.999998581519
vn -0.832993281245 0.546461925202 -0.0866115333197
vn -0.832993281245 0.546461925202 -0.0866115333197
vn -0.832993281245 0.546461925202 -0.0866115333197
vn -0.832993281245 0.546461925202 -0.0866115333197
vn 0.000952535291098 -0.00138911341496 -0.999998581519
vn 0.000952535291098 -0.00138911341496 -0.999998581519
vn 0.000952535291098 -0.00138911341496 -0.999998581519
vn 0.000952535291098 -0.00138911341496 -0.999998581519
vn 0.951375667892 0.306895376739 0.0264493152713
vn 0.951375667892 0.306895376739 0.0264493152713
vn 0.951375667892 0.306895376739 0.0264493152713
vn 0.951375667892 0.306895376739 0.0264493152713
vn 0.0969706159908 -0.991830993081 0.0828732815703
vn 0.0969706159908 -0.991830993081 0.0828732815703
vn 0.0969706159908 -0.991830993081 0.0828732815703
vn 0.0969706159908 -0.991830993081 0.0828732815703
vn 0.869220178988 -0.487173851094 0.0843677619109
vn 0.869220178988 -0.487173851094 0.0843677619109
vn 0.869220178988 -0.487173851094 0.0843677619109
vn 0.869220178988 -0.487173851094 0.0843677619109
vn -0.00101868322679 0.00128327670223 0.999998657742
vn -0.00101868322679 0.00128327670223 0.999998657742
vn -0.00101868322679 0.00128327670223 0.999998657742
vn -0.00101868322679 0.00128327670223 0.999998657742
vn -0.869220178988 0.487173851094 -0.0843677619109
vn -0.869220178988 0.487173851094 -0.0843677619109
vn -0.869220178988 0.487173851094 -0.0843677619109
vn -0.869220178988 0.487173851094 -0.0843677619109
vn 0.00101868322679 -0.00128327670223 -0.999998657742
vn 0.00101868357873 -0.0012700461486 -0.999998674632
vn 0.00101868322679 -0.00128327670223 -0.999998657742
vn 0.00101868322679 -0.00128327670223 -0.999998657742
vn 0.00101868357873 -0.0012700461486 -0.999998674632
vn 0.00101868357873 -0.0012700461486 -0.999998674632
vn 0.927704534342 0.372481365945 0.024938504059
vn 0.927704534342 0.372481365945 0.024938504059
vn 0.927704534342 0.372481365945 0.024938504059
vn 0.927704534342 0.372481365945 0.024938504059
vn 0.165964715119 -0.982830111492 0.0806268272943
vn 0.165964715119 -0.982830111492 0.0806268272943
vn 0.165964715119 -0.982830111492 0.0806268272943
vn 0.165964715119 -0.982830111492 0.0806268272943
vn 0.90128291194 -0.425376037691 0.0821239258868
vn 0.90128291194 -0.425376037691 0.0821239258868
vn 0.90128291194 -0.425376037691 0.0821239258868
vn 0.90128291194 -0.425376037691 0.0821239258868
vn -0.00107160138415 0.00117743965216 0.999998732652
vn -0.00107160138415 0.00117743965216 0.999998732652
vn -0.00107160138415 0.00117743965216 0.999998732652
vn -0.00107160138415 0.00117743965216 0.999998732652
vn -0.90128291194 0.425376037691 -0.0821239258868
vn -0.90128291194 0.425376037691 -0.0821239258868
vn -0.90128291194 0.425376037691 -0.0821239258868
vn -0.90128291194 0.425376037691 -0.0821239258868
vn 0.00107160138415 -0.00117743965216 -0.999998732652
vn 0.00107160138415 -0.00117743965216 -0.999998732652
vn 0.00107160138415 -0.00117743965216 -0.999998732652
vn 0.00107160138415 -0.00117743965216 -0.999998732652
vn 0.899440313704 0.436374012936 0.0241835257605
vn 0.899440313704 0.436374012936 0.0241835257605
vn 0.899440313704 0.436374012936 0.0241835257605
vn 0.899440313704 0.436374012936 0.0241835257605
vn 0.23408759016 -0.969050821746 0.0783805141947
vn 0.23408759016 -0.969050821746 0.0783805141947
vn 0.23408759016 -0.969050821746 0.0783805141947
vn 0.23408759016 -0.969050821746 0.0783805141947
vn 0.928969596371 -0.36159827597 0.0791339107729
vn 0.928969596371 -0.36159827597 0.0791339107729
vn 0.928969596371 -0.36159827597 0.0791339107729
vn 0.928969596371 -0.36159827597 0.0791339107729
vn -0.0011245204082 0.00105837160416 0.999998807651
vn -0.0011245204082 0.00105837160416 0.999998807651
vn -0.0011245204082 0.00105837160416 0.999998807651
vn -0.0011245204082 0.00105837160416 0.999998807651
vn -0.928969596371 0.36159827597 -0.0791339107729
vn -0.928969596371 0.36159827597 -0.0791339107729
vn -0.928969596371 0.36159827597 -0.0791339107729
vn -0.928969596371 0.36159827597 -0.0791339107729
vn 0.00112451998036 -0.00107160168876 -0.999998793562
vn 0.0011245204082 -0.00105837160416 -0.999998807651
vn 0.00112451998036 -0.00107160168876 -0.999998793562
vn 0.0011245204082 -0.00105837160416 -0.999998807651
vn 0.00112451998036 -0.00107160168876 -0.999998793562
vn 0.0011245204082 -0.00105837160416 -0.999998807651
vn 0.866817969157 0.498037959663 0.0241826194028
vn 0.866817969157 0.498037959663 0.0241826194028
vn 0.866817969157 0.498037959663 0.0241826194028
vn 0.866817969157 0.498037959663 0.0241826194028
vn 0.301245053256 -0.95050242534 0.0761351253521
vn 0.301245053256 -0.95050242534 0.0761351253521
vn 0.301245053256 -0.95050242534 0.0761351253521
vn 0.301245053256 -0.95050242534 0.0761351253521
vn 0.952109757634 -0.295932741917 0.0768818683429
vn 0.952109757634 -0.295932741917 0.0768818683429
vn 0.952109757634 -0.295932741917 0.0768818683429
vn 0.952109757634 -0.295932741917 0.0768818683429
vn -0.0011642094141 0.000952534494109 0.999998868647
vn -0.0011642099133 0.000939305966032 0.999998881159
vn -0.0011642099133 0.000939305966032 0.999998881159
vn -0.0011642099133 0.000939305966032 0.999998881159
vn -0.0011642094141 0.000952534494109 0.999998868647
vn -0.0011642094141 0.000952534494109 0.999998868647
vn -0.952109757634 0.295932741917 -0.0768818683429
vn -0.952109757634 0.295932741917 -0.0768818683429
vn -0.952109757634 0.295932741917 -0.0768818683429
vn -0.952109757634 0.295932741917 -0.0768818683429
vn 0.0011642094141 -0.000952534494109 -0.999998868647
vn 0.0011642094141 -0.000952534494109 -0.999998868647
vn 0.0011642094141 -0.000952534494109 -0.999998868647
vn 0.0011642094141 -0.000952534494109 -0.999998868647
vn 0.830002494617 0.557267388924 0.0234289600805
vn 0.830002494617 0.557267388924 0.0234289600805
vn 0.830002494617 0.557267388924 0.0234289600805
vn 0.830002494617 0.557267388924 0.0234289600805
vn 0.366850757324 -0.927400310066 0.0731381346451
vn 0.366850757324 -0.927400310066 0.0731381346451
vn 0.366850757324 -0.927400310066 0.0731381346451
vn 0.366850757324 -0.927400310066 0.0731381346451
vn 0.970593844665 -0.228861901653 0.0746312178023
vn 0.970593844665 -0.228861901653 0.0746312178023
vn 0.970593844665 -0.228861901653 0.0746312178023
vn 0.970593844665 -0.228861901653 0.0746312178023
vn -0.0011906693708 0.000833468294974 0.999998943818
vn -0.0011906693708 0.000833468294974 0.999998943818
vn -0.0011906693708 0.000833468294974 0.999998943818
vn -0.0011906693708 0.000833468294974 0.999998943818
vn -0.970593844665 0.228861901653 -0.0746312178023
vn -0.970593844665 0.228861901653 -0.0746312178023
vn -0.970593844665 0.228861901653 -0.0746312178023
vn -0.970593844665 0.228861901653 -0.0746312178023
vn 0.0011906693708 -0.000833468294974 -0.999998943818
vn 0.0011906693708 -0.000833468294974 -0.999998943818
vn 0.0011906693708 -0.000833468294974 -0.999998943818
vn 0.0011906693708 -0.000833468294974 -0.999998943818
vn 0.789087106046 0.613834389957 0.0234282047445
vn 0.789087106046 0.613834389957 0.0234282047445
vn 0.789087106046 0.613834389957 0.0234282047445
vn 0.789087106046 0.613834389957 0.0234282047445
vn 0.430740751174 -0.899687554316 0.0708851880618
vn 0.430740751174 -0.899687554316 0.0708851880618
vn 0.430740751174 -0.899687554316 0.0708851880618
vn 0.430740751174 -0.899687554316 0.0708851880618
vn 0.984309991832 -0.16057747341 0.0731349096784
vn 0.984309991832 -0.16057747341 0.0731349096784
vn 0.984309991832 -0.16057747341 0.0731349096784
vn 0.984309991832 -0.16057747341 0.0731349096784
vn -0.00121712880968 0.000714401059943 0.999999004114
vn -0.00121712880968 0.000714401059943 0.999999004114
vn -0.00121712880968 0.000714401059943 0.999999004114
vn -0.00121712880968 0.000714401059943 0.999999004114
vn -0.984309991832 0.16057747341 -0.0731349096784
vn -0.984309991832 0.16057747341 -0.0731349096784
vn -0.984309991832 0.16057747341 -0.0731349096784
vn -0.984309991832 0.16057747341 -0.0731349096784
vn 0.00121712880968 -0.000714401059943 -0.999999004114
vn 0.00121712880968 -0.000714401059943 -0.999999004114
vn 0.00121712880968 -0.000714401059943 -0.999999004114
vn 0.00121712880968 -0.000714401059943 -0.999999004114
vn 0.744351391298 0.667377102001 0.023426694126
vn 0.744351391298 0.667377102001 0.023426694126
vn 0.744351391298 0.667377102001 0.023426694126
vn 0.744351391298 0.667377102001 0.023426694126
vn 0.492575084029 -0.867618577602 0.0678807070779
vn 0.492575084029 -0.867618577602 0.0678807070779
vn 0.492575084029 -0.867618577602 0.0678807070779
vn 0.492575084029 -0.867618577602 0.0678807070779
vn 0.993271842046 -0.0915761374916 0.0708862387265
vn 0.993271842046 -0.0915761374916 0.0708862387265
vn 0.993271842046 -0.0915761374916 0.0708862387265
vn 0.993271842046 -0.0915761374916 0.0708862387265
vn -0.00123035759681 0.000595334577083 0.999999065898
vn -0.00123035759681 0.000595334577083 0.999999065898
vn -0.00123035759681 0.000595334577083 0.999999065898
vn -0.00123035759681 0.000595334577083 0.999999065898
vn -0.993271842046 0.0915761374916 -0.0708862387265
vn -0.993271842046 0.0915761374916 -0.0708862387265
vn -0.993271842046 0.0915761374916 -0.0708862387265
vn -0.993271842046 0.0915761374916 -0.0708862387265
vn 0.00123035759681 -0.000595334577083 -0.999999065898
vn 0.00124358777297 -0.000595335121031 -0.999999049532
vn 0.00123035759681 -0.000595334577083 -0.999999065898
vn 0.00123035759681 -0.000595334577083 -0.999999065898
vn 0.00124358777297 -0.000595335121031 -0.999999049532
vn 0.00124358777297 -0.000595335121031 -0.999999049532
vn 0.695982874541 0.717676113286 0.0234272227392
vn 0.695982874541 0.717676113286 0.0234272227392
vn 0.695982874541 0.717676113286 0.0234272227392
vn 0.695982874541 0.717676113286 0.0234272227392
vn 0.551914483504 -0.831314328344 0.0656269029379
vn 0.551914483504 -0.831314328344 0.0656269029379
vn 0.551914483504 -0.831314328344 0.0656269029379
vn 0.551914483504 -0.831314328344 0.0656269029379
vn 0.997346362913 -0.0220479721117 0.0693838548238
vn 0.997346362913 -0.0220479721117 0.0693838548238
vn 0.997346362913 -0.0220479721117 0.0693838548238
vn 0.997346362913 -0.0220479721117 0.0693838548238
vn -0.00124358729412 0.000476267980986 0.999999113329
vn -0.00124358817703 0.000463037489572 0.999999119542
vn -0.00124358729412 0.000476267980986 0.999999113329
vn -0.00124358729412 0.000476267980986 0.999999113329
vn -0.00124358817703 0.000463037489572 0.999999119542
vn -0.00124358817703 0.000463037489572 0.999999119542
vn -0.997346362913 0.0220479721117 -0.0693838548238
vn -0.997346362913 0.0220479721117 -0.0693838548238
vn -0.997346362913 0.0220479721117 -0.0693838548238
vn -0.997346362913 0.0220479721117 -0.0693838548238
vn 0.00124358817703 -0.000463037489572 -0.999999119542
vn 0.00124358817703 -0.000463037489572 -0.999999119542
vn 0.00124358817703 -0.000463037489572 -0.999999119542
vn 0.00124358817703 -0.000463037489572 -0.999999119542
vn 0.644205922437 0.764469686245 0.0241832237166
vn 0.644205922437 0.764469686245 0.0241832237166
vn 0.644205922437 0.764469686245 0.0241832237166
vn 0.644205922437 0.764469686245 0.0241832237166
vn 0.608740666373 -0.790893758699 0.0626247838708
vn 0.608740666373 -0.790893758699 0.0626247838708
vn 0.608740666373 -0.790893758699 0.0626247838708
vn 0.608740666373 -0.790893758699 0.0626247838708
vn 0.996557484097 0.0475929053146 0.0678829599738
vn 0.996562213126 0.0474933504839 0.0678832602947
vn 0.996557484097 0.0475929053146 0.0678829599738
vn 0.996557484097 0.0475929053146 0.0678829599738
vn 0.996562213126 0.0474933504839 0.0678832602947
vn 0.996562213126 0.0474933504839 0.0678832602947
vn -0.00124346311048 0.000343937196109 0.999999167753
vn -0.00124346311048 0.000343937196109 0.999999167753
vn -0.00124346311048 0.000343937196109 0.999999167753
vn -0.00124346311048 0.000343937196109 0.999999167753
vn -0.996562213126 -0.0474933504839 -0.0678832602947
vn -0.996557484097 -0.0475929053146 -0.0678829599738
vn -0.996562213126 -0.0474933504839 -0.0678832602947
vn -0.996562213126 -0.0474933504839 -0.0678832602947
vn -0.996557484097 -0.0475929053146 -0.0678829599738
vn -0.996557484097 -0.0475929053146 -0.0678829599738
vn 0.00124346311048 -0.000343937196109 -0.999999167753
vn 0.00124346311048 -0.000343937196109 -0.999999167753
vn 0.00124346311048 -0.000343937196109 -0.999999167753
vn 0.00124346311048 -0.000343937196109 -0.999999167753
vn 0.5893125468 0.807543135561 0.0241827705593
vn 0.5893125468 0.807543135561 0.0241827705593
vn 0.5893125468 0.807543135561 0.0241827705593
vn 0.5893125468 0.807543135561 0.0241827705593
vn 0.66248906285 -0.746635254338 0.0603658726709
vn 0.66248906285 -0.746635254338 0.0603658726709
vn 0.66248906285 -0.746635254338 0.0603658726709
vn 0.66248906285 -0.746635254338 0.0603658726709
vn 0.990967326482 0.116948308941 0.0656266019276
vn 0.990967326482 0.116948308941 0.0656266019276
vn 0.990967326482 0.116948308941 0.0656266019276
vn 0.990967326482 0.116948308941 0.0656266019276
vn -0.00123023464575 0.000224881175172 0.999999217975
vn -0.00123023464575 0.000224881175172 0.999999217975
vn -0.00123023464575 0.000224881175172 0.999999217975
vn -0.00123023464575 0.000224881175172 0.999999217975
vn -0.990967326482 -0.116948308941 -0.0656266019276
vn -0.990967326482 -0.116948308941 -0.0656266019276
vn -0.990967326482 -0.116948308941 -0.0656266019276
vn -0.990967326482 -0.116948308941 -0.0656266019276
vn 0.00123023464575 -0.000224881175172 -0.999999217975
vn 0.00123023464575 -0.000224881175172 -0.999999217975
vn 0.00123023464575 -0.000224881175172 -0.999999217975
vn 0.00123023464575 -0.000224881175172 -0.999999217975
vn 0.5315493745 0.846660080578 0.024939334878
vn 0.5315493745 0.846660080578 0.024939334878
vn 0.5315493745 0.846660080578 0.024939334878
vn 0.5315493745 0.846660080578 0.024939334878
vn 0.713044936329 -0.698768067676 0.0573594488456
vn 0.713044936329 -0.698768067676 0.0573594488456
vn 0.713044936329 -0.698768067676 0.0573594488456
vn 0.713044936329 -0.698768067676 0.0573594488456
vn 0.980441647829 0.185809903401 0.0648756888274
vn 0.980441647829 0.185809903401 0.0648756888274
vn 0.980441647829 0.185809903401 0.0648756888274
vn 0.980441647829 0.185809903401 0.0648756888274
vn -0.00121700723615 0.00010582723384 0.999999253847
vn -0.00121700723615 0.00010582723384 0.999999253847
vn -0.00121700723615 0.00010582723384 0.999999253847
vn -0.00121700723615 0.00010582723384 0.999999253847
vn -0.980441647829 -0.185809903401 -0.0648756888274
vn -0.980441647829 -0.185809903401 -0.0648756888274
vn -0.980441647829 -0.185809903401 -0.0648756888274
vn -0.980441647829 -0.185809903401 -0.0648756888274
vn 0.00120377857048 -0.000105827138169 -0.999999269859
vn 0.00121700714038 -9.25983262394e-05 -0.999999255159
vn 0.00121700714038 -9.25983262394e-05 -0.999999255159
vn 0.00121700714038 -9.25983262394e-05 -0.999999255159
vn 0.00120377857048 -0.000105827138169 -0.999999269859
vn 0.00120377857048 -0.000105827138169 -0.999999269859
vn 0.471165419249 0.881648175586 0.0264507502628
vn 0.471165419249 0.881648175586 0.0264507502628
vn 0.471165419249 0.881648175586 0.0264507502628
vn 0.471165419249 0.881648175586 0.0264507502628
vn 0.760192478237 -0.647356869551 0.0551042600642
vn 0.760192478237 -0.647356869551 0.0551042600642
vn 0.760192478237 -0.647356869551 0.0551042600642
vn 0.760192478237 -0.647356869551 0.0551042600642
vn 0.965179682564 0.253795049869 0.0633739144164
vn 0.965179682564 0.253795049869 0.0633739144164
vn 0.965179682564 0.253795049869 0.0633739144164
vn 0.965179682564 0.253795049869 0.0633739144164
vn -0.00119055092429 -2.64564226289e-05 0.999999290944
vn -0.00117732232176 -1.322886093e-05 0.999999306868
vn -0.00119055092429 -2.64564226289e-05 0.999999290944
vn -0.00119055092429 -2.64564226289e-05 0.999999290944
vn -0.00117732232176 -1.322886093e-05 0.999999306868
vn -0.00117732232176 -1.322886093e-05 0.999999306868
vn -0.965179682564 -0.253795049869 -0.0633739144164
vn -0.965179682564 -0.253795049869 -0.0633739144164
vn -0.965179682564 -0.253795049869 -0.0633739144164
vn -0.965179682564 -0.253795049869 -0.0633739144164
vn 0.00119055092429 2.64564226289e-05 -0.999999290944
vn 0.00117732232176 1.322886093e-05 -0.999999306868
vn 0.00119055092429 2.64564226289e-05 -0.999999290944
vn 0.00119055092429 2.64564226289e-05 -0.999999290944
vn 0.00117732232176 1.322886093e-05 -0.999999306868
vn 0.00117732232176 1.322886093e-05 -0.999999306868
vn 0.408537111692 0.912336233476 0.0272034089327
vn 0.408537111692 0.912336233476 0.0272034089327
vn 0.408537111692 0.912336233476 0.0272034089327
vn 0.408537111692 0.912336233476 0.0272034089327
vn 0.803598812092 -0.592887553155 0.0520893320894
vn 0.803598812092 -0.592887553155 0.0520893320894
vn 0.803598812092 -0.592887553155 0.0520893320894
vn 0.803598812092 -0.592887553155 0.0520893320894
vn 0.945181789949 0.320483495594 0.0626235818262
vn 0.945181789949 0.320483495594 0.0626235818262
vn 0.945181789949 0.320483495594 0.0626235818262
vn 0.945181789949 0.320483495594 0.0626235818262
vn -0.00115086580949 -0.000132283152677 0.999999329004
vn -0.00115086580949 -0.000132283152677 0.999999329004
vn -0.00115086580949 -0.000132283152677 0.999999329004
vn -0.00115086580949 -0.000132283152677 0.999999329004
vn -0.945181789949 -0.320483495594 -0.0626235818262
vn -0.945181789949 -0.320483495594 -0.0626235818262
vn -0.945181789949 -0.320483495594 -0.0626235818262
vn -0.945181789949 -0.320483495594 -0.0626235818262
vn 0.00115086580949 0.000132283152677 -0.999999329004
vn 0.00115086593397 0.000145512012839 -0.999999327167
vn 0.00115086580949 0.000132283152677 -0.999999329004
vn 0.00115086580949 0.000132283152677 -0.999999329004
vn 0.00115086593397 0.000145512012839 -0.999999327167
vn 0.00115086593397 0.000145512012839 -0.999999327167
vn 0.343848360869 0.938586085478 0.028713496382
vn 0.343848360869 0.938586085478 0.028713496382
vn 0.343848360869 0.938586085478 0.028713496382
vn 0.343848360869 0.938586085478 0.028713496382
vn 0.843090028504 -0.535458550902 0.0498331626828
vn 0.843090028504 -0.535458550902 0.0498331626828
vn 0.843090028504 -0.535458550902 0.0498331626828
vn 0.843090028504 -0.535458550902 0.0498331626828
vn 0.920559588815 0.38567085518 0.0618711152791
vn 0.920559588815 0.38567085518 0.0618711152791
vn 0.920559588815 0.38567085518 0.0618711152791
vn 0.920559588815 0.38567085518 0.0618711152791
vn -0.0010979521459 -0.000251338267715 0.999999365665
vn -0.00111118054635 -0.000251338472661 0.999999351053
vn -0.0010979521459 -0.000251338267715 0.999999365665
vn -0.00111118054635 -0.000251338472661 0.999999351053
vn -0.0010979521459 -0.000251338267715 0.999999365665
vn -0.00111118054635 -0.000251338472661 0.999999351053
vn -0.920559588815 -0.38567085518 -0.0618711152791
vn -0.920559588815 -0.38567085518 -0.0618711152791
vn -0.920559588815 -0.38567085518 -0.0618711152791
vn -0.920559588815 -0.38567085518 -0.0618711152791
vn 0.00111118054635 0.000251338472661 -0.999999351053
vn 0.00111118054635 0.000251338472661 -0.999999351053
vn 0.00111118054635 0.000251338472661 -0.999999351053
vn 0.00111118054635 0.000251338472661 -0.999999351053
vn 0.277564564162 0.96023146373 0.0302233152344
vn 0.277564564162 0.96023146373 0.0302233152344
vn 0.277564564162 0.96023146373 0.0302233152344
vn 0.277564564162 0.96023146373 0.0302233152344
vn 0.878503816011 -0.475360958523 0.0475710454663
vn 0.878503816011 -0.475360958523 0.0475710454663
vn 0.878503816011 -0.475360958523 0.0475710454663
vn 0.878503816011 -0.475360958523 0.0475710454663
vn 0.891453654646 0.448970837796 0.0611192966812
vn 0.891453654646 0.448970837796 0.0611192966812
vn 0.891453654646 0.448970837796 0.0611192966812
vn 0.891453654646 0.448970837796 0.0611192966812
vn -0.00105826638265 -0.000357164623031 0.999999376253
vn -0.00105826638265 -0.000357164623031 0.999999376253
vn -0.00105826638265 -0.000357164623031 0.999999376253
vn -0.00105826638265 -0.000357164623031 0.999999376253
vn -0.891453654646 -0.448970837796 -0.0611192966812
vn -0.891453654646 -0.448970837796 -0.0611192966812
vn -0.891453654646 -0.448970837796 -0.0611192966812
vn -0.891453654646 -0.448970837796 -0.0611192966812
vn 0.00105826667388 0.00037039353429 -0.99999937144
vn 0.00104503808513 0.000357165668709 -0.999999390164
vn 0.00105826667388 0.00037039353429 -0.99999937144
vn 0.00105826667388 0.00037039353429 -0.99999937144
vn 0.00104503808513 0.000357165668709 -0.999999390164
vn 0.00104503808513 0.000357165668709 -0.999999390164
vn 0.209894515498 0.977208903765 0.0317340631726
vn 0.209894515498 0.977208903765 0.0317340631726
vn 0.209894515498 0.977208903765 0.0317340631726
vn 0.209894515498 0.977208903765 0.0317340631726
vn 0.909636674583 -0.413008022713 0.0445588759665
vn 0.909636674583 -0.413008022713 0.0445588759665
vn 0.909636674583 -0.413008022713 0.0445588759665
vn 0.909636674583 -0.413008022713 0.0445588759665
vn 0.858018185691 0.510059675394 0.0603648951031
vn 0.858018185691 0.510059675394 0.0603648951031
vn 0.858018185691 0.510059675394 0.0603648951031
vn 0.858018185691 0.510059675394 0.0603648951031
vn -0.000992124949767 -0.000462991819609 0.999999400663
vn -0.000992125290859 -0.000476220774595 0.99999939445
vn -0.000992124949767 -0.000462991819609 0.999999400663
vn -0.000992124949767 -0.000462991819609 0.999999400663
vn -0.000992125290859 -0.000476220774595 0.99999939445
vn -0.000992125290859 -0.000476220774595 0.99999939445
vn -0.858018185691 -0.510059675394 -0.0603648951031
vn -0.858018185691 -0.510059675394 -0.0603648951031
vn -0.858018185691 -0.510059675394 -0.0603648951031
vn -0.858018185691 -0.510059675394 -0.0603648951031
vn 0.000992124949767 0.000462991819609 -0.999999400663
vn 0.000992125290859 0.000476220774595 -0.99999939445
vn 0.000992124949767 0.000462991819609 -0.999999400663
vn 0.000992124949767 0.000462991819609 -0.999999400663
vn 0.000992125290859 0.000476220774595 -0.99999939445
vn 0.000992125290859 0.000476220774595 -0.99999939445
vn 0.141217266728 0.989420348405 0.0332424087551
vn 0.141217266728 0.989420348405 0.0332424087551
vn 0.141217266728 0.989420348405 0.0332424087551
vn 0.141217266728 0.989420348405 0.0332424087551
vn 0.936326271633 -0.348574731 0.0422938524759
vn 0.936326271633 -0.348574731 0.0422938524759
vn 0.936326271633 -0.348574731 0.0422938524759
vn 0.936326271633 -0.348574731 0.0422938524759
vn 0.820373855135 0.568711345828 0.0596166330598
vn 0.820373855135 0.568711345828 0.0596166330598
vn 0.820373855135 0.568711345828 0.0596166330598
vn 0.820373855135 0.568711345828 0.0596166330598
vn -0.000925983175133 -0.000568817895984 0.999999409501
vn -0.000925983175133 -0.000568817895984 0.999999409501
vn -0.000925983175133 -0.000568817895984 0.999999409501
vn -0.000925983175133 -0.000568817895984 0.999999409501
vn -0.820373855135 -0.568711345828 -0.0596166330598
vn -0.820373855135 -0.568711345828 -0.0596166330598
vn -0.820373855135 -0.568711345828 -0.0596166330598
vn -0.820373855135 -0.568711345828 -0.0596166330598
vn 0.00093921261504 0.000568818292841 -0.999999397163
vn 0.00092598357553 0.000582046932294 -0.999999401888
vn 0.00092598357553 0.000582046932294 -0.999999401888
vn 0.00092598357553 0.000582046932294 -0.999999401888
vn 0.00093921261504 0.000568818292841 -0.999999397163
vn 0.00093921261504 0.000568818292841 -0.999999397163
vn 0.07185741722 0.996809271307 0.0347532477083
vn 0.07185741722 0.996809271307 0.0347532477083
vn 0.07185741722 0.996809271307 0.0347532477083
vn 0.07185741722 0.996809271307 0.0347532477083
vn 0.958465787978 -0.282383685927 0.0400348248061
vn 0.958465787978 -0.282383685927 0.0400348248061
vn 0.958465787978 -0.282383685927 0.0400348248061
vn 0.958465787978 -0.282383685927 0.0400348248061
vn 0.778739222902 0.624508728154 0.0596160311723
vn 0.778739222902 0.624508728154 0.0596160311723
vn 0.778739222902 0.624508728154 0.0596160311723
vn 0.778739222902 0.624508728154 0.0596160311723
vn -0.000859842227287 -0.000674645785855 0.999999402762
vn -0.000859842227287 -0.000674645785855 0.999999402762
vn -0.000859842227287 -0.000674645785855 0.999999402762
vn -0.000859842227287 -0.000674645785855 0.999999402762
vn -0.778739222902 -0.624508728154 -0.0596160311723
vn -0.778739222902 -0.624508728154 -0.0596160311723
vn -0.778739222902 -0.624508728154 -0.0596160311723
vn -0.778739222902 -0.624508728154 -0.0596160311723
vn 0.000859842227287 0.000674645785855 -0.999999402762
vn 0.000859841796352 0.000661416664665 -0.9999994116
vn 0.000859842227287 0.000674645785855 -0.999999402762
vn 0.000859841796352 0.000661416664665 -0.9999994116
vn 0.000859842227287 0.000674645785855 -0.999999402762
vn 0.000859841796352 0.000661416664665 -0.9999994116
vn 0.00209855601182 0.999312462246 0.0370161973072
vn 0.00209855601182 0.999312462246 0.0370161973072
vn 0.00209855601182 0.999312462246 0.0370161973072
vn 0.00209855601182 0.999312462246 0.0370161973072
vn 0.975888381061 -0.214843331887 0.0385254520187
vn 0.975888381061 -0.214843331887 0.0385254520187
vn 0.975888381061 -0.214843331887 0.0385254520187
vn 0.975888381061 -0.214843331887 0.0385254520187
vn 0.733247577721 0.677343067897 0.0596184378995
vn 0.733247577721 0.677343067897 0.0596184378995
vn 0.733247577721 0.677343067897 0.0596184378995
vn 0.733247577721 0.677343067897 0.0596184378995
vn -0.000780472203782 -0.000767243412911 0.9999994011
vn -0.00078047176675 -0.000754015522703 0.999999411162
vn -0.00078047176675 -0.000754015522703 0.999999411162
vn -0.000780472203782 -0.000767243412911 0.9999994011
vn -0.00078047176675 -0.000754015522703 0.999999411162
vn -0.000780472203782 -0.000767243412911 0.9999994011
vn -0.733247577721 -0.677343067897 -0.0596184378995
vn -0.733247577721 -0.677343067897 -0.0596184378995
vn -0.733247577721 -0.677343067897 -0.0596184378995
vn -0.733247577721 -0.677343067897 -0.0596184378995
vn 0.000780472203782 0.000767243412911 -0.9999994011
vn 0.00076724297575 0.00076724297575 -0.999999411338
vn 0.000780472203782 0.000767243412911 -0.9999994011
vn 0.000780472203782 0.000767243412911 -0.9999994011
vn 0.00076724297575 0.00076724297575 -0.999999411338
vn 0.00076724297575 0.00076724297575 -0.999999411338
vn -0.0675486733126 0.996942468925 0.039279643431
vn -0.0675486733126 0.996942468925 0.039279643431
vn -0.0675486733126 0.996942468925 0.039279643431
vn -0.0675486733126 0.996942468925 0.039279643431
vn 0.988574304527 -0.146307395665 0.0362627964073
vn 0.988574304527 -0.146307395665 0.0362627964073
vn 0.988574304527 -0.146307395665 0.0362627964073
vn 0.988574304527 -0.146307395665 0.0362627964073
vn 0.684183188854 0.726807382675 0.0603688046773
vn 0.684183188854 0.726807382675 0.0603688046773
vn 0.684183188854 0.726807382675 0.0603688046773
vn 0.684183188854 0.726807382675 0.0603688046773
vn -0.000687873164817 -0.000846613329449 0.999999405038
vn -0.000687873597307 -0.000859841335194 0.999999393751
vn -0.000687873597307 -0.000859841335194 0.999999393751
vn -0.000687873164817 -0.000846613329449 0.999999405038
vn -0.000687873597307 -0.000859841335194 0.999999393751
vn -0.000687873164817 -0.000846613329449 0.999999405038
vn -0.684183188854 -0.726807382675 -0.0603688046773
vn -0.684183188854 -0.726807382675 -0.0603688046773
vn -0.684183188854 -0.726807382675 -0.0603688046773
vn -0.684183188854 -0.726807382675 -0.0603688046773
vn 0.000687873164817 0.000846613329449 -0.999999405038
vn 0.000687873164817 0.000846613329449 -0.999999405038
vn 0.000687873164817 0.000846613329449 -0.999999405038
vn 0.000687873164817 0.000846613329449 -0.999999405038
vn -0.136891356498 0.989714514862 0.0415443809425
vn -0.136891356498 0.989714514862 0.0415443809425
vn -0.136891356498 0.989714514862 0.0415443809425
vn -0.136891356498 0.989714514862 0.0415443809425
vn 0.996454484331 -0.076957871707 0.0339992152687
vn 0.996454484331 -0.076957871707 0.0339992152687
vn 0.996454484331 -0.076957871707 0.0339992152687
vn 0.996454484331 -0.076957871707 0.0339992152687
vn 0.631870848172 0.772719161261 0.0603682785194
vn 0.631870848172 0.772719161261 0.0603682785194
vn 0.631870848172 0.772719161261 0.0603682785194
vn 0.631870848172 0.772719161261 0.0603682785194
vn -0.000595274657061 -0.000925983975766 0.999999394101
vn -0.000595275072378 -0.000939212104233 0.999999381764
vn -0.000595275072378 -0.000939212104233 0.999999381764
vn -0.000595274657061 -0.000925983975766 0.999999394101
vn -0.000595275072378 -0.000939212104233 0.999999381764
vn -0.000595274657061 -0.000925983975766 0.999999394101
vn -0.631870848172 -0.772719161261 -0.0603682785194
vn -0.631870848172 -0.772719161261 -0.0603682785194
vn -0.631870848172 -0.772719161261 -0.0603682785194
vn -0.631870848172 -0.772719161261 -0.0603682785194
vn 0.000595274657061 0.000925983975766 -0.999999394101
vn 0.000595274657061 0.000925983975766 -0.999999394101
vn 0.000595274657061 0.000925983975766 -0.999999394101
vn 0.000595274657061 0.000925983975766 -0.999999394101
vn -0.205601275223 0.977655062165 0.0438029114416
vn -0.205601275223 0.977655062165 0.0438029114416
vn -0.205601275223 0.977655062165 0.0438029114416
vn -0.205601275223 0.977655062165 0.0438029114416
vn 0.999445496975 -0.00729595412389 0.0324879612918
vn 0.999445496975 -0.00729595412389 0.0324879612918
vn 0.999445496975 -0.00729595412389 0.0324879612918
vn 0.999445496975 -0.00729595412389 0.0324879612918
vn 0.576349382308 0.814914502539 0.0611207253306
vn 0.576349382308 0.814914502539 0.0611207253306
vn 0.576349382308 0.814914502539 0.0611207253306
vn 0.576349382308 0.814914502539 0.0611207253306
vn -0.000502676461345 -0.00100535424557 0.999999368289
vn -0.000502676461345 -0.00100535424557 0.999999368289
vn -0.000502676461345 -0.00100535424557 0.999999368289
vn -0.000502676461345 -0.00100535424557 0.999999368289
vn -0.576349382308 -0.814914502539 -0.0611207253306
vn -0.576349382308 -0.814914502539 -0.0611207253306
vn -0.576349382308 -0.814914502539 -0.0611207253306
vn -0.576349382308 -0.814914502539 -0.0611207253306
vn 0.000502676461345 0.00100535424557 -0.999999368289
vn 0.000502676461345 0.00100535424557 -0.999999368289
vn 0.000502676461345 0.00100535424557 -0.999999368289
vn 0.000502676461345 0.00100535424557 -0.999999368289
vn -0.273320992929 0.960819209444 0.0460660567897
vn -0.273320992929 0.960819209444 0.0460660567897
vn -0.273320992929 0.960819209444 0.0460660567897
vn -0.273320992929 0.960819209444 0.0460660567897
vn 0.997565713864 0.0624728031626 0.0309805646685
vn 0.997565713864 0.0624728031626 0.0309805646685
vn 0.997565713864 0.0624728031626 0.0309805646685
vn 0.997565713864 0.0624728031626 0.0309805646685
vn 0.518111495 0.853072431908 0.0618700627663
vn 0.518111495 0.853072431908 0.0618700627663
vn 0.518111495 0.853072431908 0.0618700627663
vn 0.518111495 0.853072431908 0.0618700627663
vn -0.000396850063497 -0.00105826727695 0.99999936129
vn -0.000396850375399 -0.00107149561671 0.999999347203
vn -0.000396850063497 -0.00105826727695 0.99999936129
vn -0.000396850063497 -0.00105826727695 0.99999936129
vn -0.000396850375399 -0.00107149561671 0.999999347203
vn -0.000396850375399 -0.00107149561671 0.999999347203
vn -0.518111495 -0.853072431908 -0.0618700627663
vn -0.518111495 -0.853072431908 -0.0618700627663
vn -0.518111495 -0.853072431908 -0.0618700627663
vn -0.518111495 -0.853072431908 -0.0618700627663
vn 0.000396850375399 0.00107149561671 -0.999999347203
vn 0.000396850063497 0.00105826727695 -0.99999936129
vn 0.000396850375399 0.00107149561671 -0.999999347203
vn 0.000396850063497 0.00105826727695 -0.99999936129
vn 0.000396850375399 0.00107149561671 -0.999999347203
vn 0.000396850063497 0.00105826727695 -0.99999936129
vn -0.339610882179 0.93932373981 0.0483255681238
vn -0.339610882179 0.93932373981 0.0483255681238
vn -0.339610882179 0.93932373981 0.0483255681238
vn -0.339610882179 0.93932373981 0.0483255681238
vn 0.990833181208 0.131837883449 0.029468279643
vn 0.990833181208 0.131837883449 0.029468279643
vn 0.990833181208 0.131837883449 0.029468279643
vn 0.990833181208 0.131837883449 0.029468279643
vn 0.457320616131 0.887094206757 0.0626236568736
vn 0.457320616131 0.887094206757 0.0626236568736
vn 0.457320616131 0.887094206757 0.0626236568736
vn 0.457320616131 0.887094206757 0.0626236568736
vn -0.000291022974437 -0.00113763682712 0.999999310544
vn -0.000291024051387 -0.0011244083416 0.999999325505
vn -0.000291022974437 -0.00113763682712 0.999999310544
vn -0.000291022974437 -0.00113763682712 0.999999310544
vn -0.000291024051387 -0.0011244083416 0.999999325505
vn -0.000291024051387 -0.0011244083416 0.999999325505
vn -0.457320616131 -0.887094206757 -0.0626236568736
vn -0.457320616131 -0.887094206757 -0.0626236568736
vn -0.457320616131 -0.887094206757 -0.0626236568736
vn -0.457320616131 -0.887094206757 -0.0626236568736
vn 0.000291022974437 0.00113763682712 -0.999999310544
vn 0.000291024051387 0.0011244083416 -0.999999325505
vn 0.000291024051387 0.0011244083416 -0.999999325505
vn 0.000291022974437 0.00113763682712 -0.999999310544
vn 0.000291024051387 0.0011244083416 -0.999999325505
vn 0.000291022974437 0.00113763682712 -0.999999310544
vn -0.404283716134 0.913233768343 0.0505841993735
vn -0.404283716134 0.913233768343 0.0505841993735
vn -0.404283716134 0.913233768343 0.0505841993735
vn -0.404283716134 0.913233768343 0.0505841993735
vn 0.97924795839 0.200727837134 0.0279601750564
vn 0.97924795839 0.200727837134 0.0279601750564
vn 0.97924795839 0.200727837134 0.0279601750564
vn 0.97924795839 0.200727837134 0.0279601750564
vn 0.394300616128 0.916741450658 0.0641259445654
vn 0.394300616128 0.916741450658 0.0641259445654
vn 0.394300616128 0.916741450658 0.0641259445654
vn 0.394300616128 0.916741450658 0.0641259445654
vn -0.000185196455974 -0.00119055072437 0.999999274145
vn -0.000185196455974 -0.00119055072437 0.999999274145
vn -0.000185196455974 -0.00119055072437 0.999999274145
vn -0.000185196455974 -0.00119055072437 0.999999274145
vn -0.394300616128 -0.916741450658 -0.0641259445654
vn -0.394300616128 -0.916741450658 -0.0641259445654
vn -0.394300616128 -0.916741450658 -0.0641259445654
vn -0.394300616128 -0.916741450658 -0.0641259445654
vn 0.000185196455974 0.00119055072437 -0.999999274145
vn 0.000185196455974 0.00119055072437 -0.999999274145
vn 0.000185196455974 0.00119055072437 -0.999999274145
vn 0.000185196455974 0.00119055072437 -0.999999274145
vn -0.466944469589 0.882660855663 0.0535973525522
vn -0.466944469589 0.882660855663 0.0535973525522
vn -0.466944469589 0.882660855663 0.0535973525522
vn -0.466944469589 0.882660855663 0.0535973525522
vn 0.962911053355 0.268519424108 0.0264503724666
vn 0.962911053355 0.268519424108 0.0264503724666
vn 0.962911053355 0.268519424108 0.0264503724666
vn 0.962911053355 0.268519424108 0.0264503724666
vn 0.329329877312 0.941983243509 0.0648798956335
vn 0.329329877312 0.941983243509 0.0648798956335
vn 0.329329877312 0.941983243509 0.0648798956335
vn 0.329329877312 0.941983243509 0.0648798956335
vn -6.61419032293e-05 -0.00123023569597 0.999999241072
vn -6.61419032293e-05 -0.00123023569597 0.999999241072
vn -6.61419032293e-05 -0.00123023569597 0.999999241072
vn -6.61419032293e-05 -0.00123023569597 0.999999241072
vn -0.329329877312 -0.941983243509 -0.0648798956335
vn -0.329329877312 -0.941983243509 -0.0648798956335
vn -0.329329877312 -0.941983243509 -0.0648798956335
vn -0.329329877312 -0.941983243509 -0.0648798956335
vn 6.61419032293e-05 0.00123023569597 -0.999999241072
vn 6.61418427854e-05 0.00121700699689 -0.999999257259
vn 6.61419032293e-05 0.00123023569597 -0.999999241072
vn 6.61419032293e-05 0.00123023569597 -0.999999241072
vn 6.61418427854e-05 0.00121700699689 -0.999999257259
vn 6.61418427854e-05 0.00121700699689 -0.999999257259
vn -0.527267677265 0.847861611316 0.0558523461302
vn -0.527267677265 0.847861611316 0.0558523461302
vn -0.527267677265 0.847861611316 0.0558523461302
vn -0.527267677265 0.847861611316 0.0558523461302
vn 0.941873480382 0.334983871365 0.0256934404002
vn 0.941873480382 0.334983871365 0.0256934404002
vn 0.941873480382 0.334983871365 0.0256934404002
vn 0.941873480382 0.334983871365 0.0256934404002
vn 0.262840985473 0.962552834045 0.0663826636041
vn 0.262840985473 0.962552834045 0.0663826636041
vn 0.262840985473 0.962552834045 0.0663826636041
vn 0.262840985473 0.962552834045 0.0663826636041
vn 5.29131883834e-05 -0.00128314812554 0.999999175365
vn 5.29130885632e-05 -0.0012566918064 0.999999208963
vn 5.29131883834e-05 -0.00128314812554 0.999999175365
vn 5.29130885632e-05 -0.0012566918064 0.999999208963
vn 5.29131883834e-05 -0.00128314812554 0.999999175365
vn 5.29130885632e-05 -0.0012566918064 0.999999208963
vn -0.262840985473 -0.962552834045 -0.0663826636041
vn -0.262840985473 -0.962552834045 -0.0663826636041
vn -0.262840985473 -0.962552834045 -0.0663826636041
vn -0.262840985473 -0.962552834045 -0.0663826636041
vn -5.29131384778e-05 0.00126992061505 -0.999999192251
vn -5.29130885632e-05 0.0012566918064 -0.999999208963
vn -5.29131384778e-05 0.00126992061505 -0.999999192251
vn -5.29131384778e-05 0.00126992061505 -0.999999192251
vn -5.29130885632e-05 0.0012566918064 -0.999999208963
vn -5.29130885632e-05 0.0012566918064 -0.999999208963
vn -0.584989168702 0.808902263529 0.0588625565077
vn -0.584989168702 0.808902263529 0.0588625565077
vn -0.584989168702 0.808902263529 0.0588625565077
vn -0.584989168702 0.808902263529 0.0588625565077
vn 0.916227658735 0.399881134861 0.024939032692
vn 0.916227658735 0.399881134861 0.024939032692
vn 0.916227658735 0.399881134861 0.024939032692
vn 0.916227658735 0.399881134861 0.024939032692
vn 0.195049796901 0.978441623447 0.0678790559378
vn 0.195049796901 0.978441623447 0.0678790559378
vn 0.195049796901 0.978441623447 0.0678790559378
vn 0.195049796901 0.978441623447 0.0678790559378
vn 0.000171968653814 -0.00128314909643 0.999999161977
vn 0.000171968653814 -0.00128314909643 0.999999161977
vn 0.000171968653814 -0.00128314909643 0.999999161977
vn 0.000171968653814 -0.00128314909643 0.999999161977
vn -0.195049796901 -0.978441623447 -0.0678790559378
vn -0.195049796901 -0.978441623447 -0.0678790559378
vn -0.195049796901 -0.978441623447 -0.0678790559378
vn -0.195049796901 -0.978441623447 -0.0678790559378
vn -0.000171968653814 0.00128314909643 -0.999999161977
vn -0.000171968817698 0.00129637665462 -0.999999144917
vn -0.000171968653814 0.00128314909643 -0.999999161977
vn -0.000171968653814 0.00128314909643 -0.999999161977
vn -0.000171968817698 0.00129637665462 -0.999999144917
vn -0.000171968817698 0.00129637665462 -0.999999144917
vn -0.639929572143 0.765998985375 0.0611203493225
vn -0.639929572143 0.765998985375 0.0611203493225
vn -0.639929572143 0.765998985375 0.0611203493225
vn -0.639929572143 0.765998985375 0.0611203493225
vn 0.8861080116 0.462847487132 0.0241825440084
vn 0.8861080116 0.462847487132 0.0241825440084
vn 0.8861080116 0.462847487132 0.0241825440084
vn 0.8861080116 0.462847487132 0.0241825440084
vn 0.12629500441 0.989510369055 0.0701341670862
vn 0.12629500441 0.989510369055 0.0701341670862
vn 0.12629500441 0.989510369055 0.0701341670862
vn 0.12629500441 0.989510369055 0.0701341670862
vn 0.000291052872361 -0.00130973594127 0.99999909994
vn 0.000291051835458 -0.00132296625583 0.999999082524
vn 0.000291052872361 -0.00130973594127 0.99999909994
vn 0.000291052872361 -0.00130973594127 0.99999909994
vn 0.000291051835458 -0.00132296625583 0.999999082524
vn 0.000291051835458 -0.00132296625583 0.999999082524
vn -0.12629500441 -0.989510369055 -0.0701341670862
vn -0.12629500441 -0.989510369055 -0.0701341670862
vn -0.12629500441 -0.989510369055 -0.0701341670862
vn -0.12629500441 -0.989510369055 -0.0701341670862
vn -0.000291052872361 0.00130973594127 -0.99999909994
vn -0.000291051835458 0.00132296625583 -0.999999082524
vn -0.000291052872361 0.00130973594127 -0.99999909994
vn -0.000291052872361 0.00130973594127 -0.99999909994
vn -0.000291051835458 0.00132296625583 -0.999999082524
vn -0.000291051835458 0.00132296625583 -0.999999082524
vn -0.691694147525 0.71933796515 0.0641256436464
vn -0.691694147525 0.71933796515 0.0641256436464
vn -0.691694147525 0.71933796515 0.0641256436464
vn -0.691694147525 0.71933796515 0.0641256436464
vn 0.851668177386 0.523557483367 0.0234281292357
vn 0.851668177386 0.523557483367 0.0234281292357
vn 0.851668177386 0.523557483367 0.0234281292357
vn 0.851668177386 0.523557483367 0.0234281292357
vt 0.62640900 0.93559200
vt 0.64860300 0.89203400
vt 0.50000000 0.85000000
vt 0.59184200 0.97015900
vt 0.54828400 0.99235300
vt 0.50000000 1.00000000
vt 0.45171600 0.99235300
vt 0.40815900 0.97015900
vt 0.37359100 0.93559100
vt 0.35139700 0.89203400
vt 0.34375000 0.84375000
vt 0.35139700 0.79546600
vt 0.37359100 0.75190900
vt 0.40815900 0.71734100
vt 0.45171600 0.69514700
vt 0.50000000 0.68750000
vt 0.54828400 0.69514700
vt 0.59184100 0.71734100
vt 0.62640900 0.75190900
vt 0.64860300 0.79546600
vt 0.65625000 0.84375000
vt 0.64860300 0.10796600
vt 0.62640900 0.06440900
vt 0.50000000 0.16250000
vt 0.59184100 0.02984100
vt 0.54828400 0.00764700
vt 0.50000000 0.00000000
vt 0.45171600 0.00764700
vt 0.40815900 0.02984100
vt 0.37359100 0.06440900
vt 0.35139700 0.10796600
vt 0.34375000 0.15625000
vt 0.35139700 0.20453400
vt 0.37359100 0.24809100
vt 0.40815900 0.28265900
vt 0.45171600 0.30485300
vt 0.50000000 0.31250000
vt 0.54828400 0.30485300
vt 0.59184200 0.28265900
vt 0.62640900 0.24809200
vt 0.64860300 0.20453400
vt 0.65625000 0.15625000
vt 0.37500000 0.43843500
vt 0.38750000 0.43843500
vt 0.38750000 0.33051400
vt 0.37500000 0.33051400
vt 0.40000000 0.43843500
vt 0.40000000 0.33051400
vt 0.41250000 0.43843500
vt 0.41250000 0.33051400
vt 0.42500000 0.43843500
vt 0.42500000 0.33051400
vt 0.43750000 0.43843500
vt 0.43750000 0.33051400
vt 0.45000000 0.43843500
vt 0.45000000 0.33051400
vt 0.46250000 0.43843500
vt 0.46250000 0.33051400
vt 0.47500000 0.43843500
vt 0.47500000 0.33051400
vt 0.48750000 0.43843500
vt 0.48750000 0.33051400
vt 0.50000000 0.43843500
vt 0.50000000 0.33051400
vt 0.51250000 0.43843500
vt 0.51250000 0.33051400
vt 0.52500000 0.43843500
vt 0.52500000 0.33051400
vt 0.53750000 0.43843500
vt 0.53750000 0.33051400
vt 0.55000000 0.43843500
vt 0.55000000 0.33051400
vt 0.56250000 0.43843500
vt 0.56250000 0.33051400
vt 0.57500000 0.43843500
vt 0.57500000 0.33051400
vt 0.58750000 0.43843500
vt 0.58750000 0.33051400
vt 0.60000000 0.43843500
vt 0.60000000 0.33051400
vt 0.61250000 0.43843500
vt 0.61250000 0.33051400
vt 0.62500000 0.43843500
vt 0.62500000 0.33051400
vt 0.64860300 0.10796600
vt 0.62640900 0.06440900
vt 0.62640900 0.06440900
vt 0.64860300 0.10796600
vt 0.62640900 0.06440900
vt 0.59184100 0.02984100
vt 0.59184100 0.02984100
vt 0.62640900 0.06440900
vt 0.59184100 0.02984100
vt 0.54828400 0.00764700
vt 0.54828400 0.00764700
vt 0.59184100 0.02984100
vt 0.54828400 0.00764700
vt 0.50000000 0.00000000
vt 0.50000000 0.00000000
vt 0.54828400 0.00764700
vt 0.50000000 0.00000000
vt 0.45171600 0.00764700
vt 0.45171600 0.00764700
vt 0.50000000 0.00000000
vt 0.45171600 0.00764700
vt 0.40815900 0.02984100
vt 0.40815900 0.02984100
vt 0.45171600 0.00764700
vt 0.40815900 0.02984100
vt 0.37359100 0.06440900
vt 0.37359100 0.06440900
vt 0.40815900 0.02984100
vt 0.37359100 0.06440900
vt 0.35139700 0.10796600
vt 0.35139700 0.10796600
vt 0.37359100 0.06440900
vt 0.35139700 0.10796600
vt 0.34375000 0.15625000
vt 0.34375000 0.15625000
vt 0.35139700 0.10796600
vt 0.34375000 0.15625000
vt 0.35139700 0.20453400
vt 0.35139700 0.20453400
vt 0.34375000 0.15625000
vt 0.35139700 0.20453400
vt 0.37359100 0.24809100
vt 0.37359100 0.24809100
vt 0.35139700 0.20453400
vt 0.37359100 0.24809100
vt 0.40815900 0.28265900
vt 0.40815900 0.28265900
vt 0.37359100 0.24809100
vt 0.40815900 0.28265900
vt 0.45171600 0.30485300
vt 0.45171600 0.30485300
vt 0.40815900 0.28265900
vt 0.45171600 0.30485300
vt 0.50000000 0.31250000
vt 0.50000000 0.31250000
vt 0.45171600 0.30485300
vt 0.50000000 0.31250000
vt 0.54828400 0.30485300
vt 0.54828400 0.30485300
vt 0.50000000 0.31250000
vt 0.54828400 0.30485300
vt 0.59184200 0.28265900
vt 0.59184200 0.28265900
vt 0.54828400 0.30485300
vt 0.59184200 0.28265900
vt 0.62640900 0.24809100
vt 0.62640900 0.24809100
vt 0.59184200 0.28265900
vt 0.62640900 0.24809100
vt 0.64860300 0.20453400
vt 0.64860300 0.20453400
vt 0.62640900 0.24809100
vt 0.64860300 0.20453400
vt 0.65625000 0.15625000
vt 0.65625000 0.15625000
vt 0.64860300 0.20453400
vt 0.65625000 0.15625000
vt 0.64860300 0.10796600
vt 0.64860300 0.10796600
vt 0.65625000 0.15625000
vt 0.64860300 0.10796600
vt 0.62640900 0.06440900
vt 0.62640900 0.06440900
vt 0.59184100 0.02984100
vt 0.59184100 0.02984100
vt 0.54828400 0.00764700
vt 0.54828400 0.00764700
vt 0.50000000 0.00000000
vt 0.50000000 0.00000000
vt 0.45171600 0.00764700
vt 0.45171600 0.00764700
vt 0.40815900 0.02984100
vt 0.40815900 0.02984100
vt 0.37359100 0.06440900
vt 0.37359100 0.06440900
vt 0.35139700 0.10796600
vt 0.35139700 0.10796600
vt 0.34375000 0.15625000
vt 0.34375000 0.15625000
vt 0.35139700 0.20453400
vt 0.35139700 0.20453400
vt 0.37359100 0.24809100
vt 0.37359100 0.24809100
vt 0.40815900 0.28265900
vt 0.40815900 0.28265900
vt 0.45171600 0.30485300
vt 0.45171600 0.30485300
vt 0.50000000 0.31250000
vt 0.50000000 0.31250000
vt 0.54828400 0.30485300
vt 0.54828400 0.30485300
vt 0.59184200 0.28265900
vt 0.59184200 0.28265900
vt 0.62640900 0.24809200
vt 0.62640900 0.24809200
vt 0.64860300 0.20453400
vt 0.64860300 0.20453400
vt 0.65625000 0.15625000
vt 0.65625000 0.15625000
vt 0.64860300 0.10796600
vt 0.64860300 0.10796600
vt 0.65625000 0.15625000
vt 0.65625000 0.15625000
vt 0.64860300 0.20453400
vt 0.64860300 0.20453400
vt 0.62640900 0.24809200
vt 0.62640900 0.24809200
vt 0.59184200 0.28265900
vt 0.59184200 0.28265900
vt 0.54828400 0.30485300
vt 0.54828400 0.30485300
vt 0.50000000 0.31250000
vt 0.50000000 0.31250000
vt 0.45171600 0.30485300
vt 0.45171600 0.30485300
vt 0.40815900 0.28265900
vt 0.40815900 0.28265900
vt 0.37359100 0.24809100
vt 0.37359100 0.24809100
vt 0.35139700 0.20453400
vt 0.35139700 0.20453400
vt 0.34375000 0.15625000
vt 0.34375000 0.15625000
vt 0.35139700 0.10796600
vt 0.35139700 0.10796600
vt 0.37359100 0.06440900
vt 0.37359100 0.06440900
vt 0.40815900 0.02984100
vt 0.40815900 0.02984100
vt 0.45171600 0.00764700
vt 0.45171600 0.00764700
vt 0.50000000 0.00000000
vt 0.50000000 0.00000000
vt 0.54828400 0.00764700
vt 0.54828400 0.00764700
vt 0.59184100 0.02984100
vt 0.59184100 0.02984100
vt 0.62640900 0.06440900
vt 0.62640900 0.06440900
vt 0.64860300 0.10796600
vt 0.37500000 0.61861300
vt 0.38750000 0.61861300
vt 0.38750000 0.55399100
vt 0.37500000 0.55399100
vt 0.40000000 0.61861300
vt 0.40000000 0.55399100
vt 0.41250000 0.61861300
vt 0.41250000 0.55399100
vt 0.42500000 0.61861300
vt 0.42500000 0.55399100
vt 0.43750000 0.61861300
vt 0.43750000 0.55399100
vt 0.45000000 0.61861300
vt 0.45000000 0.55399100
vt 0.46250000 0.61861300
vt 0.46250000 0.55399100
vt 0.47500000 0.61861300
vt 0.47500000 0.55399100
vt 0.48750000 0.61861300
vt 0.48750000 0.55399100
vt 0.50000000 0.61861300
vt 0.50000000 0.55399100
vt 0.51250000 0.61861300
vt 0.51250000 0.55399100
vt 0.52500000 0.61861300
vt 0.52500000 0.55399100
vt 0.53750000 0.61861300
vt 0.53750000 0.55399100
vt 0.55000000 0.61861300
vt 0.55000000 0.55399100
vt 0.56250000 0.61861300
vt 0.56250000 0.55399100
vt 0.57500000 0.61861300
vt 0.57500000 0.55399100
vt 0.58750000 0.61861300
vt 0.58750000 0.55399100
vt 0.60000000 0.61861300
vt 0.60000000 0.55399100
vt 0.61250000 0.61861300
vt 0.61250000 0.55399100
vt 0.62500000 0.61861300
vt 0.62500000 0.55399100
vt 0.61250000 0.32714300
vt 0.62500000 0.32714300
vt 0.62500000 0.32545900
vt 0.61250000 0.32545900
vt 0.60000000 0.32714300
vt 0.60000000 0.32545900
vt 0.58750000 0.32714300
vt 0.58750000 0.32545900
vt 0.57500000 0.32714300
vt 0.57500000 0.32545900
vt 0.56250000 0.32714300
vt 0.56250000 0.32545900
vt 0.55000000 0.32714300
vt 0.55000000 0.32545900
vt 0.53750000 0.32714300
vt 0.53750000 0.32545900
vt 0.52500000 0.32714300
vt 0.52500000 0.32545900
vt 0.51250000 0.32714300
vt 0.51250000 0.32545900
vt 0.50000000 0.32714300
vt 0.50000000 0.32545900
vt 0.48750000 0.32714300
vt 0.48750000 0.32545900
vt 0.47500000 0.32714300
vt 0.47500000 0.32545900
vt 0.46250000 0.32714300
vt 0.46250000 0.32545900
vt 0.45000000 0.32714300
vt 0.45000000 0.32545900
vt 0.43750000 0.32714300
vt 0.43750000 0.32545900
vt 0.42500000 0.32714300
vt 0.42500000 0.32545900
vt 0.41250000 0.32714300
vt 0.41250000 0.32545900
vt 0.40000000 0.32714300
vt 0.40000000 0.32545900
vt 0.38750000 0.32714300
vt 0.38750000 0.32545900
vt 0.37500000 0.32714300
vt 0.37500000 0.32545900
vt 0.37500000 0.54972600
vt 0.38750000 0.54972600
vt 0.38750000 0.54972600
vt 0.37500000 0.54972600
vt 0.38750000 0.32714300
vt 0.37500000 0.32714300
vt 0.37500000 0.32714300
vt 0.38750000 0.32714300
vt 0.40000000 0.54972600
vt 0.40000000 0.54972600
vt 0.40000000 0.32714300
vt 0.40000000 0.32714300
vt 0.41250000 0.54972600
vt 0.41250000 0.54972600
vt 0.41250000 0.32714300
vt 0.41250000 0.32714300
vt 0.42500000 0.54972600
vt 0.42500000 0.54972600
vt 0.42500000 0.32714300
vt 0.42500000 0.32714300
vt 0.43750000 0.54972600
vt 0.43750000 0.54972600
vt 0.43750000 0.32714300
vt 0.43750000 0.32714300
vt 0.45000000 0.54972600
vt 0.45000000 0.54972600
vt 0.45000000 0.32714300
vt 0.45000000 0.32714300
vt 0.46250000 0.54972600
vt 0.46250000 0.54972600
vt 0.46250000 0.32714300
vt 0.46250000 0.32714300
vt 0.47500000 0.54972600
vt 0.47500000 0.54972600
vt 0.47500000 0.32714300
vt 0.47500000 0.32714300
vt 0.48750000 0.54972600
vt 0.48750000 0.54972600
vt 0.48750000 0.32714300
vt 0.48750000 0.32714300
vt 0.50000000 0.54972600
vt 0.50000000 0.54972600
vt 0.50000000 0.32714300
vt 0.50000000 0.32714300
vt 0.51250000 0.54972600
vt 0.51250000 0.54972600
vt 0.51250000 0.32714300
vt 0.51250000 0.32714300
vt 0.52500000 0.54972600
vt 0.52500000 0.54972600
vt 0.52500000 0.32714300
vt 0.52500000 0.32714300
vt 0.53750000 0.54972600
vt 0.53750000 0.54972600
vt 0.53750000 0.32714300
vt 0.53750000 0.32714300
vt 0.55000000 0.54972600
vt 0.55000000 0.54972600
vt 0.55000000 0.32714300
vt 0.55000000 0.32714300
vt 0.56250000 0.54972600
vt 0.56250000 0.54972600
vt 0.56250000 0.32714300
vt 0.56250000 0.32714300
vt 0.57500000 0.54972600
vt 0.57500000 0.54972600
vt 0.57500000 0.32714300
vt 0.57500000 0.32714300
vt 0.58750000 0.54972600
vt 0.58750000 0.54972600
vt 0.58750000 0.32714300
vt 0.58750000 0.32714300
vt 0.60000000 0.54972600
vt 0.60000000 0.54972600
vt 0.60000000 0.32714300
vt 0.60000000 0.32714300
vt 0.61250000 0.54972600
vt 0.61250000 0.54972600
vt 0.61250000 0.32714300
vt 0.61250000 0.32714300
vt 0.62500000 0.54972600
vt 0.62500000 0.54972600
vt 0.62500000 0.32714300
vt 0.62500000 0.32714300
vt 0.62640900 0.93559200
vt 0.64860300 0.89203400
vt 0.64860300 0.89203400
vt 0.62640900 0.93559200
vt 0.59184200 0.97015900
vt 0.62640900 0.93559200
vt 0.62640900 0.93559200
vt 0.59184200 0.97015900
vt 0.59184200 0.97015900
vt 0.54828400 0.99235300
vt 0.54828400 0.99235300
vt 0.59184200 0.97015900
vt 0.59184200 0.97015900
vt 0.59184200 0.97015900
vt 0.59184200 0.97015900
vt 0.54828400 0.99235300
vt 0.54828400 0.99235300
vt 0.50000000 1.00000000
vt 0.54828400 0.99235300
vt 0.54828400 0.99235300
vt 0.54828400 0.99235300
vt 0.50000000 1.00000000
vt 0.50000000 1.00000000
vt 0.50000000 1.00000000
vt 0.45171600 0.99235300
vt 0.50000000 1.00000000
vt 0.50000000 1.00000000
vt 0.50000000 1.00000000
vt 0.45171600 0.99235300
vt 0.45171600 0.99235300
vt 0.45171600 0.99235300
vt 0.40815900 0.97015900
vt 0.40815900 0.97015900
vt 0.45171600 0.99235300
vt 0.45171600 0.99235300
vt 0.45171600 0.99235300
vt 0.45171600 0.99235300
vt 0.45171600 0.99235300
vt 0.40815800 0.97015900
vt 0.40815800 0.97015900
vt 0.37359100 0.93559100
vt 0.37359100 0.93559100
vt 0.40815900 0.97015900
vt 0.40815900 0.97015900
vt 0.40815800 0.97015900
vt 0.40815800 0.97015900
vt 0.37359100 0.93559100
vt 0.37359100 0.93559100
vt 0.35139700 0.89203400
vt 0.37359100 0.93559100
vt 0.37359100 0.93559100
vt 0.37359100 0.93559100
vt 0.35139700 0.89203400
vt 0.35139700 0.89203400
vt 0.35139700 0.89203400
vt 0.34375000 0.84375000
vt 0.35139700 0.89203400
vt 0.35139700 0.89203400
vt 0.35139700 0.89203400
vt 0.34375000 0.84375000
vt 0.34375000 0.84375000
vt 0.35139700 0.79546600
vt 0.34375000 0.84375000
vt 0.34375000 0.84375000
vt 0.35139700 0.79546600
vt 0.37359100 0.75190900
vt 0.35139700 0.79546600
vt 0.35139700 0.79546600
vt 0.37359100 0.75190900
vt 0.37359100 0.75190900
vt 0.40815900 0.71734100
vt 0.37359100 0.75190900
vt 0.37359100 0.75190900
vt 0.40815900 0.71734100
vt 0.40815900 0.71734100
vt 0.45171600 0.69514700
vt 0.40815900 0.71734100
vt 0.40815900 0.71734100
vt 0.45171600 0.69514700
vt 0.45171600 0.69514700
vt 0.50000000 0.68750000
vt 0.50000000 0.68750000
vt 0.45171600 0.69514700
vt 0.45171600 0.69514700
vt 0.45171600 0.69514700
vt 0.45171600 0.69514700
vt 0.50000000 0.68750000
vt 0.50000000 0.68750000
vt 0.50000000 0.68750000
vt 0.54828400 0.69514700
vt 0.54828400 0.69514700
vt 0.50000000 0.68750000
vt 0.50000000 0.68750000
vt 0.50000000 0.68750000
vt 0.50000000 0.68750000
vt 0.54828400 0.69514700
vt 0.54828400 0.69514700
vt 0.59184100 0.71734100
vt 0.59184100 0.71734100
vt 0.54828400 0.69514700
vt 0.54828400 0.69514700
vt 0.54828400 0.69514700
vt 0.54828400 0.69514700
vt 0.59184100 0.71734100
vt 0.59184100 0.71734100
vt 0.62640900 0.75190900
vt 0.59184100 0.71734100
vt 0.59184100 0.71734100
vt 0.59184100 0.71734100
vt 0.62640900 0.75190900
vt 0.62640900 0.75190900
vt 0.64860300 0.79546600
vt 0.62640900 0.75190900
vt 0.62640900 0.75190900
vt 0.62640900 0.75190900
vt 0.64860300 0.79546600
vt 0.64860300 0.79546600
vt 0.65625000 0.84375000
vt 0.64860300 0.79546600
vt 0.64860300 0.79546600
vt 0.65625000 0.84375000
vt 0.65625000 0.84375000
vt 0.64860300 0.89203400
vt 0.65625000 0.84375000
vt 0.65625000 0.84375000
vt 0.64860300 0.89203400
vt 0.62640900 0.93559200
vt 0.64860300 0.89203400
vt 0.64860300 0.89203400
vt 0.62640900 0.93559200
vt 0.59184200 0.97015900
vt 0.59184200 0.97015900
vt 0.62640900 0.93559200
vt 0.62640900 0.93559200
vt 0.62640900 0.93559200
vt 0.59184200 0.97015900
vt 0.54828400 0.99235300
vt 0.59184200 0.97015900
vt 0.59184200 0.97015900
vt 0.54828400 0.99235300
vt 0.50000000 1.00000000
vt 0.54828400 0.99235300
vt 0.54828400 0.99235300
vt 0.54828400 0.99235300
vt 0.50000000 1.00000000
vt 0.45171600 0.99235300
vt 0.50000000 1.00000000
vt 0.50000000 1.00000000
vt 0.45171600 0.99235300
vt 0.40815900 0.97015900
vt 0.45171600 0.99235300
vt 0.45171600 0.99235300
vt 0.40815900 0.97015900
vt 0.37359100 0.93559100
vt 0.40815900 0.97015900
vt 0.40815900 0.97015900
vt 0.40815900 0.97015900
vt 0.37359100 0.93559100
vt 0.35139700 0.89203400
vt 0.35139700 0.89203400
vt 0.37359100 0.93559100
vt 0.37359100 0.93559100
vt 0.37359100 0.93559100
vt 0.35139700 0.89203400
vt 0.35139700 0.89203400
vt 0.34375000 0.84375000
vt 0.35139700 0.89203400
vt 0.35139700 0.89203400
vt 0.34375000 0.84375000
vt 0.35139700 0.79546600
vt 0.35139700 0.79546600
vt 0.34375000 0.84375000
vt 0.34375000 0.84375000
vt 0.34375000 0.84375000
vt 0.35139700 0.79546600
vt 0.37359100 0.75190900
vt 0.35139700 0.79546600
vt 0.35139700 0.79546600
vt 0.35139700 0.79546600
vt 0.37359100 0.75190900
vt 0.40815900 0.71734100
vt 0.37359100 0.75190900
vt 0.37359100 0.75190900
vt 0.40815900 0.71734100
vt 0.45171600 0.69514700
vt 0.40815900 0.71734100
vt 0.40815900 0.71734100
vt 0.45171600 0.69514700
vt 0.50000000 0.68750000
vt 0.50000000 0.68750000
vt 0.45171600 0.69514700
vt 0.45171600 0.69514700
vt 0.45171600 0.69514700
vt 0.50000000 0.68750000
vt 0.54828400 0.69514700
vt 0.50000000 0.68750000
vt 0.50000000 0.68750000
vt 0.54828400 0.69514700
vt 0.59184100 0.71734100
vt 0.54828400 0.69514700
vt 0.54828400 0.69514700
vt 0.54828400 0.69514700
vt 0.59184100 0.71734100
vt 0.62640900 0.75190900
vt 0.59184100 0.71734100
vt 0.59184100 0.71734100
vt 0.62640900 0.75190900
vt 0.64860300 0.79546600
vt 0.62640900 0.75190900
vt 0.62640900 0.75190900
vt 0.64860300 0.79546600
vt 0.65625000 0.84375000
vt 0.64860300 0.79546600
vt 0.64860300 0.79546600
vt 0.64860300 0.79546600
vt 0.65625000 0.84375000
vt 0.64860300 0.89203400
vt 0.65625000 0.84375000
vt 0.65625000 0.84375000
vt 0.64860300 0.89203400
vt 0.37500000 0.68284000
vt 0.38750000 0.68284000
vt 0.40000000 0.68284000
vt 0.41250000 0.68284000
vt 0.42500000 0.68284000
vt 0.43750000 0.68284000
vt 0.45000000 0.68284000
vt 0.46250000 0.68284000
vt 0.47500000 0.68284000
vt 0.48750000 0.68284000
vt 0.50000000 0.68284000
vt 0.51250000 0.68284000
vt 0.52500000 0.68284000
vt 0.53750000 0.68284000
vt 0.55000000 0.68284000
vt 0.56250000 0.68284000
vt 0.57500000 0.68284000
vt 0.58750000 0.68284000
vt 0.60000000 0.68284000
vt 0.61250000 0.68284000
vt 0.62500000 0.68284000
vt 0.62500000 0.54972600
vt 0.61250000 0.54972600
vt 0.60000000 0.54972600
vt 0.58750000 0.54972600
vt 0.57500000 0.54972600
vt 0.56250000 0.54972600
vt 0.55000000 0.54972600
vt 0.53750000 0.54972600
vt 0.52500000 0.54972600
vt 0.51250000 0.54972600
vt 0.50000000 0.54972600
vt 0.48750000 0.54972600
vt 0.47500000 0.54972600
vt 0.46250000 0.54972600
vt 0.45000000 0.54972600
vt 0.43750000 0.54972600
vt 0.42500000 0.54972600
vt 0.41250000 0.54972600
vt 0.40000000 0.54972600
vt 0.38750000 0.54972600
vt 0.37500000 0.54972600
vt 0.37500000 0.68750000
vt 0.38750000 0.68750000
vt 0.40000000 0.68750000
vt 0.41250000 0.68750000
vt 0.42500000 0.68750000
vt 0.43750000 0.68750000
vt 0.45000000 0.68750000
vt 0.46250000 0.68750000
vt 0.47500000 0.68750000
vt 0.48750000 0.68750000
vt 0.50000000 0.68750000
vt 0.51250000 0.68750000
vt 0.52500000 0.68750000
vt 0.53750000 0.68750000
vt 0.55000000 0.68750000
vt 0.56250000 0.68750000
vt 0.57500000 0.68750000
vt 0.58750000 0.68750000
vt 0.60000000 0.68750000
vt 0.61250000 0.68750000
vt 0.62500000 0.68750000
vt 0.64860300 0.89203400
vt 0.65625000 0.84375000
vt 0.65625000 0.84375000
vt 0.65625000 0.84375000
vt 0.64860300 0.79546600
vt 0.64860300 0.79546600
vt 0.64860300 0.79546600
vt 0.64860300 0.79546600
vt 0.64860300 0.79546600
vt 0.62640900 0.75190900
vt 0.62640900 0.75190900
vt 0.62640900 0.75190900
vt 0.62640900 0.75190900
vt 0.59184100 0.71734100
vt 0.59184100 0.71734100
vt 0.59184100 0.71734100
vt 0.59184100 0.71734100
vt 0.54828400 0.69514700
vt 0.54828400 0.69514700
vt 0.54828400 0.69514700
vt 0.54828400 0.69514700
vt 0.50000000 0.68750000
vt 0.50000000 0.68750000
vt 0.50000000 0.68750000
vt 0.50000000 0.68750000
vt 0.45171600 0.69514700
vt 0.45171600 0.69514700
vt 0.45171600 0.69514700
vt 0.45171600 0.69514700
vt 0.40815900 0.71734100
vt 0.40815900 0.71734100
vt 0.40815900 0.71734100
vt 0.40815900 0.71734100
vt 0.37359100 0.75190900
vt 0.37359100 0.75190900
vt 0.37359100 0.75190900
vt 0.35139700 0.79546600
vt 0.35139700 0.79546600
vt 0.35139700 0.79546600
vt 0.35139700 0.79546600
vt 0.34375000 0.84375000
vt 0.34375000 0.84375000
vt 0.34375000 0.84375000
vt 0.35139700 0.89203400
vt 0.35139700 0.89203400
vt 0.35139700 0.89203400
vt 0.35139700 0.89203400
vt 0.37359100 0.93559100
vt 0.37359100 0.93559100
vt 0.37359100 0.93559100
vt 0.40815800 0.97015900
vt 0.40815800 0.97015900
vt 0.40815800 0.97015900
vt 0.45171600 0.99235300
vt 0.45171600 0.99235300
vt 0.45171600 0.99235300
vt 0.45171600 0.99235300
vt 0.50000000 1.00000000
vt 0.50000000 1.00000000
vt 0.50000000 1.00000000
vt 0.50000000 1.00000000
vt 0.54828400 0.99235300
vt 0.54828400 0.99235300
vt 0.54828400 0.99235300
vt 0.54828400 0.99235300
vt 0.59184200 0.97015900
vt 0.59184200 0.97015900
vt 0.59184200 0.97015900
vt 0.62640900 0.93559200
vt 0.62640900 0.93559200
vt 0.62640900 0.93559200
vt 0.64860300 0.89203400
vt 0.64860300 0.89203400
vt 0.65625000 0.84375000
vt 0.65625000 0.84375000
vt 0.65625000 0.84375000
vt 0.64860300 0.79546600
vt 0.64860300 0.79546600
vt 0.64860300 0.79546600
vt 0.62640900 0.75190900
vt 0.62640900 0.75190900
vt 0.62640900 0.75190900
vt 0.59184100 0.71734100
vt 0.59184100 0.71734100
vt 0.59184100 0.71734100
vt 0.54828400 0.69514700
vt 0.54828400 0.69514700
vt 0.54828400 0.69514700
vt 0.50000000 0.68750000
vt 0.50000000 0.68750000
vt 0.50000000 0.68750000
vt 0.45171600 0.69514700
vt 0.45171600 0.69514700
vt 0.40815900 0.71734100
vt 0.40815900 0.71734100
vt 0.40815900 0.71734100
vt 0.37359100 0.75190900
vt 0.37359100 0.75190900
vt 0.37359100 0.75190900
vt 0.35139700 0.79546600
vt 0.35139700 0.79546600
vt 0.35139700 0.79546600
vt 0.34375000 0.84375000
vt 0.34375000 0.84375000
vt 0.34375000 0.84375000
vt 0.35139700 0.89203400
vt 0.35139700 0.89203400
vt 0.35139700 0.89203400
vt 0.37359100 0.93559100
vt 0.37359100 0.93559100
vt 0.37359100 0.93559100
vt 0.40815900 0.97015900
vt 0.40815900 0.97015900
vt 0.40815900 0.97015900
vt 0.45171600 0.99235300
vt 0.45171600 0.99235300
vt 0.50000000 1.00000000
vt 0.50000000 1.00000000
vt 0.50000000 1.00000000
vt 0.54828400 0.99235300
vt 0.54828400 0.99235300
vt 0.54828400 0.99235300
vt 0.59184200 0.97015900
vt 0.59184200 0.97015900
vt 0.59184200 0.97015900
vt 0.62640900 0.93559200
vt 0.62640900 0.93559200
vt 0.64860300 0.89203400
vt 0.64860300 0.89203400
vt 0.62640900 0.93559200
vt 0.62640900 0.93559200
vt 0.62640900 0.93559200
vt 0.59184200 0.97015900
vt 0.59184200 0.97015900
vt 0.59184200 0.97015900
vt 0.54828400 0.99235300
vt 0.54828400 0.99235300
vt 0.54828400 0.99235300
vt 0.50000000 1.00000000
vt 0.50000000 1.00000000
vt 0.50000000 1.00000000
vt 0.45171600 0.99235300
vt 0.45171600 0.99235300
vt 0.45171600 0.99235300
vt 0.40815900 0.97015900
vt 0.40815900 0.97015900
vt 0.40815900 0.97015900
vt 0.37359100 0.93559100
vt 0.37359100 0.93559100
vt 0.37359100 0.93559100
vt 0.35139700 0.89203400
vt 0.35139700 0.89203400
vt 0.35139700 0.89203400
vt 0.34375000 0.84375000
vt 0.34375000 0.84375000
vt 0.35139700 0.79546600
vt 0.35139700 0.79546600
vt 0.35139700 0.79546600
vt 0.37359100 0.75190900
vt 0.37359100 0.75190900
vt 0.37359100 0.75190900
vt 0.40815900 0.71734100
vt 0.40815900 0.71734100
vt 0.40815900 0.71734100
vt 0.45171600 0.69514700
vt 0.45171600 0.69514700
vt 0.45171600 0.69514700
vt 0.50000000 0.68750000
vt 0.50000000 0.68750000
vt 0.50000000 0.68750000
vt 0.54828400 0.69514700
vt 0.54828400 0.69514700
vt 0.54828400 0.69514700
vt 0.59184100 0.71734100
vt 0.59184100 0.71734100
vt 0.59184100 0.71734100
vt 0.62640900 0.75190900
vt 0.62640900 0.75190900
vt 0.62640900 0.75190900
vt 0.64860300 0.79546600
vt 0.64860300 0.79546600
vt 0.64860300 0.79546600
vt 0.65625000 0.84375000
vt 0.65625000 0.84375000
vt 0.64860300 0.89203400
vt 0.37500000 0.54972600
vt 0.38750000 0.54972600
vt 0.40000000 0.54972600
vt 0.41250000 0.54972600
vt 0.42500000 0.54972600
vt 0.43750000 0.54972600
vt 0.45000000 0.54972600
vt 0.46250000 0.54972600
vt 0.47500000 0.54972600
vt 0.48750000 0.54972600
vt 0.50000000 0.54972600
vt 0.51250000 0.54972600
vt 0.52500000 0.54972600
vt 0.53750000 0.54972600
vt 0.55000000 0.54972600
vt 0.56250000 0.54972600
vt 0.57500000 0.54972600
vt 0.58750000 0.54972600
vt 0.60000000 0.54972600
vt 0.61250000 0.54972600
vt 0.62500000 0.54972600
vt 0.38750000 0.54662400
vt 0.40000000 0.54662400
vt 0.41250000 0.54662400
vt 0.42500000 0.54662400
vt 0.43750000 0.54662400
vt 0.45000000 0.54662400
vt 0.46250000 0.54662400
vt 0.47500000 0.54662400
vt 0.48750000 0.54662400
vt 0.50000000 0.54662400
vt 0.51250000 0.54662400
vt 0.52500000 0.54662400
vt 0.53750000 0.54662400
vt 0.55000000 0.54662400
vt 0.56250000 0.54662400
vt 0.57500000 0.54662400
vt 0.58750000 0.54662400
vt 0.60000000 0.54662400
vt 0.61250000 0.54662400
vt 0.62500000 0.54662400
vt 0.37500000 0.54662400
vt 0.38750000 0.54972600
vt 0.40000000 0.54972600
vt 0.41250000 0.54972600
vt 0.42500000 0.54972600
vt 0.43750000 0.54972600
vt 0.45000000 0.54972600
vt 0.46250000 0.54972600
vt 0.47500000 0.54972600
vt 0.48750000 0.54972600
vt 0.50000000 0.54972600
vt 0.51250000 0.54972600
vt 0.52500000 0.54972600
vt 0.53750000 0.54972600
vt 0.55000000 0.54972600
vt 0.56250000 0.54972600
vt 0.57500000 0.54972600
vt 0.58750000 0.54972600
vt 0.60000000 0.54972600
vt 0.61250000 0.54972600
vt 0.62500000 0.54972600
vt 0.37500000 0.54972600
vt 0.38750000 0.32714300
vt 0.37500000 0.32714300
vt 0.62500000 0.32714300
vt 0.61250000 0.32714300
vt 0.60000000 0.32714300
vt 0.58750000 0.32714300
vt 0.57500000 0.32714300
vt 0.56250000 0.32714300
vt 0.55000000 0.32714300
vt 0.53750000 0.32714300
vt 0.52500000 0.32714300
vt 0.51250000 0.32714300
vt 0.50000000 0.32714300
vt 0.48750000 0.32714300
vt 0.47500000 0.32714300
vt 0.46250000 0.32714300
vt 0.45000000 0.32714300
vt 0.43750000 0.32714300
vt 0.42500000 0.32714300
vt 0.41250000 0.32714300
vt 0.40000000 0.32714300
vt 0.38750000 0.32714300
vt 0.37500000 0.32714300
vt 0.62500000 0.32714300
vt 0.61250000 0.32714300
vt 0.60000000 0.32714300
vt 0.58750000 0.32714300
vt 0.57500000 0.32714300
vt 0.56250000 0.32714300
vt 0.55000000 0.32714300
vt 0.53750000 0.32714300
vt 0.52500000 0.32714300
vt 0.51250000 0.32714300
vt 0.50000000 0.32714300
vt 0.48750000 0.32714300
vt 0.47500000 0.32714300
vt 0.46250000 0.32714300
vt 0.45000000 0.32714300
vt 0.43750000 0.32714300
vt 0.42500000 0.32714300
vt 0.41250000 0.32714300
vt 0.40000000 0.32714300
vt 0.61250000 0.32198500
vt 0.62500000 0.32198500
vt 0.62500000 0.31851000
vt 0.61250000 0.31851000
vt 0.60000000 0.32198500
vt 0.60000000 0.31851000
vt 0.58750000 0.32198500
vt 0.58750000 0.31851000
vt 0.57500000 0.32198500
vt 0.57500000 0.31851000
vt 0.56250000 0.32198500
vt 0.56250000 0.31851000
vt 0.55000000 0.32198500
vt 0.55000000 0.31851000
vt 0.53750000 0.32198500
vt 0.53750000 0.31851000
vt 0.52500000 0.32198500
vt 0.52500000 0.31851000
vt 0.51250000 0.32198500
vt 0.51250000 0.31851000
vt 0.50000000 0.32198500
vt 0.50000000 0.31851000
vt 0.48750000 0.32198500
vt 0.48750000 0.31851000
vt 0.47500000 0.32198500
vt 0.47500000 0.31851000
vt 0.46250000 0.32198500
vt 0.46250000 0.31851000
vt 0.45000000 0.32198500
vt 0.45000000 0.31851000
vt 0.43750000 0.32198500
vt 0.43750000 0.31851000
vt 0.42500000 0.32198500
vt 0.42500000 0.31851000
vt 0.41250000 0.32198500
vt 0.41250000 0.31851000
vt 0.40000000 0.32198500
vt 0.40000000 0.31851000
vt 0.38750000 0.32198500
vt 0.38750000 0.31851000
vt 0.37500000 0.32198500
vt 0.37500000 0.31851000
vt 0.62500000 0.54972600
vt 0.61250000 0.54972600
vt 0.60000000 0.54972600
vt 0.58750000 0.54972600
vt 0.57500000 0.54972600
vt 0.56250000 0.54972600
vt 0.55000000 0.54972600
vt 0.53750000 0.54972600
vt 0.52500000 0.54972600
vt 0.51250000 0.54972600
vt 0.50000000 0.54972600
vt 0.48750000 0.54972600
vt 0.47500000 0.54972600
vt 0.46250000 0.54972600
vt 0.45000000 0.54972600
vt 0.43750000 0.54972600
vt 0.42500000 0.54972600
vt 0.41250000 0.54972600
vt 0.40000000 0.54972600
vt 0.38750000 0.54972600
vt 0.37500000 0.54972600
vt 0.38750000 0.32714300
vt 0.40000000 0.32714300
vt 0.41250000 0.32714300
vt 0.42500000 0.32714300
vt 0.43750000 0.32714300
vt 0.45000000 0.32714300
vt 0.46250000 0.32714300
vt 0.47500000 0.32714300
vt 0.48750000 0.32714300
vt 0.50000000 0.32714300
vt 0.51250000 0.32714300
vt 0.52500000 0.32714300
vt 0.53750000 0.32714300
vt 0.55000000 0.32714300
vt 0.56250000 0.32714300
vt 0.57500000 0.32714300
vt 0.58750000 0.32714300
vt 0.60000000 0.32714300
vt 0.61250000 0.32714300
vt 0.62500000 0.32714300
vt 0.37500000 0.32714300
vt 0.38750000 0.32714300
vt 0.37500000 0.32714300
vt 0.62500000 0.32714300
vt 0.61250000 0.32714300
vt 0.60000000 0.32714300
vt 0.58750000 0.32714300
vt 0.57500000 0.32714300
vt 0.56250000 0.32714300
vt 0.55000000 0.32714300
vt 0.53750000 0.32714300
vt 0.52500000 0.32714300
vt 0.51250000 0.32714300
vt 0.50000000 0.32714300
vt 0.48750000 0.32714300
vt 0.47500000 0.32714300
vt 0.46250000 0.32714300
vt 0.45000000 0.32714300
vt 0.43750000 0.32714300
vt 0.42500000 0.32714300
vt 0.41250000 0.32714300
vt 0.40000000 0.32714300
vt 0.62500000 0.31503500
vt 0.61250000 0.31503500
vt 0.60000000 0.31503500
vt 0.58750000 0.31503500
vt 0.57500000 0.31503500
vt 0.56250000 0.31503500
vt 0.55000000 0.31503500
vt 0.53750000 0.31503500
vt 0.52500000 0.31503500
vt 0.51250000 0.31503500
vt 0.50000000 0.31503500
vt 0.48750000 0.31503500
vt 0.47500000 0.31503500
vt 0.46250000 0.31503500
vt 0.45000000 0.31503500
vt 0.43750000 0.31503500
vt 0.42500000 0.31503500
vt 0.41250000 0.31503500
vt 0.40000000 0.31503500
vt 0.38750000 0.31503500
vt 0.37500000 0.31503500
vt 0.64860300 0.89203400
vt 0.65625000 0.84375000
vt 0.65625000 0.84375000
vt 0.65625000 0.84375000
vt 0.64860300 0.79546600
vt 0.64860300 0.79546600
vt 0.62640900 0.75190900
vt 0.62640900 0.75190900
vt 0.59184100 0.71734100
vt 0.59184100 0.71734100
vt 0.59184100 0.71734100
vt 0.54828400 0.69514700
vt 0.54828400 0.69514700
vt 0.50000000 0.68750000
vt 0.50000000 0.68750000
vt 0.50000000 0.68750000
vt 0.45171600 0.69514700
vt 0.45171600 0.69514700
vt 0.40815900 0.71734100
vt 0.40815900 0.71734100
vt 0.37359100 0.75190900
vt 0.37359100 0.75190900
vt 0.37359100 0.75190900
vt 0.35139700 0.79546600
vt 0.35139700 0.79546600
vt 0.35139700 0.79546600
vt 0.34375000 0.84375000
vt 0.34375000 0.84375000
vt 0.35139700 0.89203400
vt 0.35139700 0.89203400
vt 0.35139700 0.89203400
vt 0.37359100 0.93559100
vt 0.37359100 0.93559100
vt 0.37359100 0.93559100
vt 0.40815900 0.97015900
vt 0.40815900 0.97015900
vt 0.45171600 0.99235300
vt 0.45171600 0.99235300
vt 0.50000000 1.00000000
vt 0.50000000 1.00000000
vt 0.50000000 1.00000000
vt 0.54828400 0.99235300
vt 0.54828400 0.99235300
vt 0.59184200 0.97015900
vt 0.59184200 0.97015900
vt 0.62640900 0.93559200
vt 0.62640900 0.93559200
vt 0.64860300 0.89203400
vt 0.62640900 0.93559200
vt 0.62640900 0.93559200
vt 0.64860300 0.89203400
vt 0.64860300 0.89203400
vt 0.64860300 0.89203400
vt 0.64860300 0.89203400
vt 0.62640900 0.93559200
vt 0.59184200 0.97015900
vt 0.59184200 0.97015900
vt 0.62640900 0.93559200
vt 0.62640900 0.93559200
vt 0.62640900 0.93559200
vt 0.59184200 0.97015900
vt 0.59184200 0.97015900
vt 0.54828400 0.99235300
vt 0.59184200 0.97015900
vt 0.59184200 0.97015900
vt 0.59184200 0.97015900
vt 0.54828400 0.99235300
vt 0.54828400 0.99235300
vt 0.50000000 1.00000000
vt 0.54828400 0.99235300
vt 0.54828400 0.99235300
vt 0.50000000 1.00000000
vt 0.45171600 0.99235300
vt 0.50000000 1.00000000
vt 0.50000000 1.00000000
vt 0.45171600 0.99235300
vt 0.40815900 0.97015900
vt 0.40815900 0.97015900
vt 0.45171600 0.99235300
vt 0.45171600 0.99235300
vt 0.45171600 0.99235300
vt 0.45171600 0.99235300
vt 0.40815900 0.97015900
vt 0.40815900 0.97015900
vt 0.37359100 0.93559100
vt 0.40815900 0.97015900
vt 0.40815900 0.97015900
vt 0.40815900 0.97015900
vt 0.37359100 0.93559100
vt 0.37359100 0.93559100
vt 0.35139700 0.89203400
vt 0.35139700 0.89203400
vt 0.37359100 0.93559100
vt 0.37359100 0.93559100
vt 0.37359100 0.93559100
vt 0.37359100 0.93559100
vt 0.35139700 0.89203400
vt 0.35139700 0.89203400
vt 0.34375000 0.84375000
vt 0.35139700 0.89203400
vt 0.35139700 0.89203400
vt 0.34375000 0.84375000
vt 0.35139700 0.79546600
vt 0.34375000 0.84375000
vt 0.34375000 0.84375000
vt 0.34375000 0.84375000
vt 0.35139700 0.79546600
vt 0.35139700 0.79546600
vt 0.37359100 0.75190900
vt 0.37359100 0.75190900
vt 0.35139700 0.79546600
vt 0.35139700 0.79546600
vt 0.35139700 0.79546600
vt 0.35139700 0.79546600
vt 0.37359100 0.75190900
vt 0.40815900 0.71734100
vt 0.37359100 0.75190900
vt 0.37359100 0.75190900
vt 0.37359100 0.75190900
vt 0.40815900 0.71734100
vt 0.40815900 0.71734100
vt 0.45171600 0.69514700
vt 0.45171600 0.69514700
vt 0.40815900 0.71734100
vt 0.40815900 0.71734100
vt 0.40815900 0.71734100
vt 0.45171600 0.69514700
vt 0.45171600 0.69514700
vt 0.50000000 0.68750000
vt 0.50000000 0.68750000
vt 0.45171600 0.69514700
vt 0.45171600 0.69514700
vt 0.45171600 0.69514700
vt 0.50000000 0.68750000
vt 0.50000000 0.68750000
vt 0.54828400 0.69514700
vt 0.50000000 0.68750000
vt 0.50000000 0.68750000
vt 0.54828400 0.69514700
vt 0.59184100 0.71734100
vt 0.59184100 0.71734100
vt 0.54828400 0.69514700
vt 0.54828400 0.69514700
vt 0.54828400 0.69514700
vt 0.59184100 0.71734100
vt 0.59184100 0.71734100
vt 0.62640900 0.75190900
vt 0.59184100 0.71734100
vt 0.59184100 0.71734100
vt 0.62640900 0.75190900
vt 0.62640900 0.75190900
vt 0.64860300 0.79546600
vt 0.62640900 0.75190900
vt 0.62640900 0.75190900
vt 0.64860300 0.79546600
vt 0.65625000 0.84375000
vt 0.65625000 0.84375000
vt 0.64860300 0.79546600
vt 0.64860300 0.79546600
vt 0.64860300 0.79546600
vt 0.65625000 0.84375000
vt 0.65625000 0.84375000
vt 0.64860300 0.89203400
vt 0.64860300 0.89203400
vt 0.65625000 0.84375000
vt 0.65625000 0.84375000
vt 0.65625000 0.84375000
vt 0.64860300 0.89203400
vt 0.64860300 0.89203400
vt 0.64860300 0.89203400
vt 0.62640900 0.93559200
vt 0.62640900 0.93559200
vt 0.62640900 0.93559200
vt 0.59184200 0.97015900
vt 0.59184200 0.97015900
vt 0.59184200 0.97015900
vt 0.54828400 0.99235300
vt 0.54828400 0.99235300
vt 0.50000000 1.00000000
vt 0.50000000 1.00000000
vt 0.45171600 0.99235300
vt 0.45171600 0.99235300
vt 0.45171600 0.99235300
vt 0.40815900 0.97015900
vt 0.40815900 0.97015900
vt 0.40815900 0.97015900
vt 0.37359100 0.93559100
vt 0.37359100 0.93559100
vt 0.37359100 0.93559100
vt 0.35139700 0.89203400
vt 0.35139700 0.89203400
vt 0.34375000 0.84375000
vt 0.34375000 0.84375000
vt 0.34375000 0.84375000
vt 0.35139700 0.79546600
vt 0.35139700 0.79546600
vt 0.37359100 0.75190900
vt 0.37359100 0.75190900
vt 0.37359100 0.75190900
vt 0.40815900 0.71734100
vt 0.40815900 0.71734100
vt 0.45171600 0.69514700
vt 0.45171600 0.69514700
vt 0.50000000 0.68750000
vt 0.50000000 0.68750000
vt 0.54828400 0.69514700
vt 0.54828400 0.69514700
vt 0.54828400 0.69514700
vt 0.59184100 0.71734100
vt 0.59184100 0.71734100
vt 0.59184100 0.71734100
vt 0.62640900 0.75190900
vt 0.62640900 0.75190900
vt 0.64860300 0.79546600
vt 0.64860300 0.79546600
vt 0.64860300 0.79546600
vt 0.65625000 0.84375000
vt 0.65625000 0.84375000
vt 0.64860300 0.89203400
vt 0.62500000 0.31156000
vt 0.61250000 0.31156000
vt 0.60000000 0.31156000
vt 0.58750000 0.31156000
vt 0.57500000 0.31156000
vt 0.56250000 0.31156000
vt 0.55000000 0.31156000
vt 0.53750000 0.31156000
vt 0.52500000 0.31156000
vt 0.51250000 0.31156000
vt 0.50000000 0.31156000
vt 0.48750000 0.31156000
vt 0.47500000 0.31156000
vt 0.46250000 0.31156000
vt 0.45000000 0.31156000
vt 0.43750000 0.31156000
vt 0.42500000 0.31156000
vt 0.41250000 0.31156000
vt 0.40000000 0.31156000
vt 0.38750000 0.31156000
vt 0.37500000 0.31156000
vt 0.37500000 1.00000000
vt 0.62500000 1.00000000
vt 0.62500000 0.75000000
vt 0.37500000 0.75000000
vt 0.37500000 0.75000000
vt 0.62500000 0.75000000
vt 0.62500000 0.50000000
vt 0.37500000 0.50000000
vt 0.37500000 0.50000000
vt 0.62500000 0.50000000
vt 0.62500000 0.25000000
vt 0.37500000 0.25000000
vt 0.37500000 0.25000000
vt 0.62500000 0.25000000
vt 0.62500000 0.00000000
vt 0.37500000 0.00000000
vt 0.62500000 1.00000000
vt 0.87500000 1.00000000
vt 0.87500000 0.75000000
vt 0.62500000 0.75000000
vt 0.12500000 1.00000000
vt 0.37500000 1.00000000
vt 0.37500000 0.75000000
vt 0.12500000 0.75000000
vt 0.37500000 1.00000000
vt 0.62500000 1.00000000
vt 0.62500000 0.75000000
vt 0.37500000 0.75000000
vt 0.37500000 0.75000000
vt 0.62500000 0.75000000
vt 0.62500000 0.50000000
vt 0.37500000 0.50000000
vt 0.37500000 0.50000000
vt 0.62500000 0.50000000
vt 0.62500000 0.25000000
vt 0.37500000 0.25000000
vt 0.37500000 0.25000000
vt 0.37500000 0.25000000
vt 0.62500000 0.25000000
vt 0.62500000 0.00000000
vt 0.62500000 0.00000000
vt 0.37500000 0.00000000
vt 0.62500000 1.00000000
vt 0.87500000 1.00000000
vt 0.87500000 0.75000000
vt 0.62500000 0.75000000
vt 0.12500000 1.00000000
vt 0.37500000 1.00000000
vt 0.37500000 0.75000000
vt 0.12500000 0.75000000
vt 0.37500000 1.00000000
vt 0.62500000 1.00000000
vt 0.62500000 0.75000000
vt 0.37500000 0.75000000
vt 0.37500000 0.75000000
vt 0.62500000 0.75000000
vt 0.62500000 0.50000000
vt 0.37500000 0.50000000
vt 0.37500000 0.50000000
vt 0.62500000 0.50000000
vt 0.62500000 0.25000000
vt 0.37500000 0.25000000
vt 0.37500000 0.25000000
vt 0.62500000 0.25000000
vt 0.62500000 0.00000000
vt 0.37500000 0.00000000
vt 0.62500000 1.00000000
vt 0.87500000 1.00000000
vt 0.87500000 0.75000000
vt 0.62500000 0.75000000
vt 0.12500000 1.00000000
vt 0.37500000 1.00000000
vt 0.37500000 0.75000000
vt 0.12500000 0.75000000
vt 0.37500000 1.00000000
vt 0.62500000 1.00000000
vt 0.62500000 0.75000000
vt 0.37500000 0.75000000
vt 0.37500000 0.75000000
vt 0.62500000 0.75000000
vt 0.62500000 0.50000000
vt 0.37500000 0.50000000
vt 0.37500000 0.50000000
vt 0.62500000 0.50000000
vt 0.62500000 0.25000000
vt 0.37500000 0.25000000
vt 0.37500000 0.25000000
vt 0.62500000 0.25000000
vt 0.62500000 0.00000000
vt 0.37500000 0.00000000
vt 0.62500000 1.00000000
vt 0.87500000 1.00000000
vt 0.87500000 0.75000000
vt 0.62500000 0.75000000
vt 0.12500000 1.00000000
vt 0.37500000 1.00000000
vt 0.37500000 0.75000000
vt 0.12500000 0.75000000
vt 0.37500000 1.00000000
vt 0.62500000 1.00000000
vt 0.62500000 0.75000000
vt 0.37500000 0.75000000
vt 0.37500000 0.75000000
vt 0.37500000 0.75000000
vt 0.62500000 0.75000000
vt 0.62500000 0.50000000
vt 0.62500000 0.50000000
vt 0.37500000 0.50000000
vt 0.37500000 0.50000000
vt 0.62500000 0.50000000
vt 0.62500000 0.25000000
vt 0.37500000 0.25000000
vt 0.37500000 0.25000000
vt 0.62500000 0.25000000
vt 0.62500000 0.00000000
vt 0.37500000 0.00000000
vt 0.62500000 1.00000000
vt 0.87500000 1.00000000
vt 0.87500000 0.75000000
vt 0.62500000 0.75000000
vt 0.12500000 1.00000000
vt 0.37500000 1.00000000
vt 0.37500000 0.75000000
vt 0.12500000 0.75000000
vt 0.37500000 1.00000000
vt 0.62500000 1.00000000
vt 0.62500000 0.75000000
vt 0.37500000 0.75000000
vt 0.37500000 0.75000000
vt 0.37500000 0.75000000
vt 0.62500000 0.75000000
vt 0.62500000 0.50000000
vt 0.62500000 0.50000000
vt 0.37500000 0.50000000
vt 0.37500000 0.50000000
vt 0.62500000 0.50000000
vt 0.62500000 0.25000000
vt 0.37500000 0.25000000
vt 0.37500000 0.25000000
vt 0.62500000 0.25000000
vt 0.62500000 0.00000000
vt 0.37500000 0.00000000
vt 0.62500000 1.00000000
vt 0.87500000 1.00000000
vt 0.87500000 0.75000000
vt 0.62500000 0.75000000
vt 0.12500000 1.00000000
vt 0.37500000 1.00000000
vt 0.37500000 0.75000000
vt 0.12500000 0.75000000
vt 0.37500000 1.00000000
vt 0.62500000 1.00000000
vt 0.62500000 0.75000000
vt 0.37500000 0.75000000
vt 0.37500000 0.75000000
vt 0.62500000 0.75000000
vt 0.62500000 0.50000000
vt 0.37500000 0.50000000
vt 0.37500000 0.50000000
vt 0.62500000 0.50000000
vt 0.62500000 0.25000000
vt 0.37500000 0.25000000
vt 0.37500000 0.25000000
vt 0.37500000 0.25000000
vt 0.62500000 0.25000000
vt 0.62500000 0.00000000
vt 0.62500000 0.00000000
vt 0.37500000 0.00000000
vt 0.62500000 1.00000000
vt 0.87500000 1.00000000
vt 0.87500000 0.75000000
vt 0.62500000 0.75000000
vt 0.12500000 1.00000000
vt 0.37500000 1.00000000
vt 0.37500000 0.75000000
vt 0.12500000 0.75000000
vt 0.37500000 1.00000000
vt 0.37500000 1.00000000
vt 0.62500000 1.00000000
vt 0.62500000 0.75000000
vt 0.62500000 0.75000000
vt 0.37500000 0.75000000
vt 0.37500000 0.75000000
vt 0.62500000 0.75000000
vt 0.62500000 0.50000000
vt 0.37500000 0.50000000
vt 0.37500000 0.50000000
vt 0.62500000 0.50000000
vt 0.62500000 0.25000000
vt 0.37500000 0.25000000
vt 0.37500000 0.25000000
vt 0.62500000 0.25000000
vt 0.62500000 0.00000000
vt 0.37500000 0.00000000
vt 0.62500000 1.00000000
vt 0.87500000 1.00000000
vt 0.87500000 0.75000000
vt 0.62500000 0.75000000
vt 0.12500000 1.00000000
vt 0.37500000 1.00000000
vt 0.37500000 0.75000000
vt 0.12500000 0.75000000
vt 0.37500000 1.00000000
vt 0.62500000 1.00000000
vt 0.62500000 0.75000000
vt 0.37500000 0.75000000
vt 0.37500000 0.75000000
vt 0.37500000 0.75000000
vt 0.62500000 0.75000000
vt 0.62500000 0.50000000
vt 0.62500000 0.50000000
vt 0.37500000 0.50000000
vt 0.37500000 0.50000000
vt 0.62500000 0.50000000
vt 0.62500000 0.25000000
vt 0.37500000 0.25000000
vt 0.37500000 0.25000000
vt 0.37500000 0.25000000
vt 0.62500000 0.25000000
vt 0.62500000 0.00000000
vt 0.62500000 0.00000000
vt 0.37500000 0.00000000
vt 0.62500000 1.00000000
vt 0.87500000 1.00000000
vt 0.87500000 0.75000000
vt 0.62500000 0.75000000
vt 0.12500000 1.00000000
vt 0.37500000 1.00000000
vt 0.37500000 0.75000000
vt 0.12500000 0.75000000
vt 0.37500000 1.00000000
vt 0.62500000 1.00000000
vt 0.62500000 0.75000000
vt 0.37500000 0.75000000
vt 0.37500000 0.75000000
vt 0.37500000 0.75000000
vt 0.62500000 0.75000000
vt 0.62500000 0.50000000
vt 0.62500000 0.50000000
vt 0.37500000 0.50000000
vt 0.37500000 0.50000000
vt 0.62500000 0.50000000
vt 0.62500000 0.25000000
vt 0.37500000 0.25000000
vt 0.37500000 0.25000000
vt 0.37500000 0.25000000
vt 0.62500000 0.25000000
vt 0.62500000 0.00000000
vt 0.62500000 0.00000000
vt 0.37500000 0.00000000
vt 0.62500000 1.00000000
vt 0.87500000 1.00000000
vt 0.87500000 0.75000000
vt 0.62500000 0.75000000
vt 0.12500000 1.00000000
vt 0.37500000 1.00000000
vt 0.37500000 0.75000000
vt 0.12500000 0.75000000
vt 0.37500000 1.00000000
vt 0.62500000 1.00000000
vt 0.62500000 0.75000000
vt 0.37500000 0.75000000
vt 0.37500000 0.75000000
vt 0.62500000 0.75000000
vt 0.62500000 0.50000000
vt 0.37500000 0.50000000
vt 0.37500000 0.50000000
vt 0.62500000 0.50000000
vt 0.62500000 0.25000000
vt 0.37500000 0.25000000
vt 0.37500000 0.25000000
vt 0.62500000 0.25000000
vt 0.62500000 0.00000000
vt 0.37500000 0.00000000
vt 0.62500000 1.00000000
vt 0.87500000 1.00000000
vt 0.87500000 0.75000000
vt 0.62500000 0.75000000
vt 0.12500000 1.00000000
vt 0.37500000 1.00000000
vt 0.37500000 0.75000000
vt 0.12500000 0.75000000
vt 0.37500000 1.00000000
vt 0.62500000 1.00000000
vt 0.62500000 0.75000000
vt 0.37500000 0.75000000
vt 0.37500000 0.75000000
vt 0.37500000 0.75000000
vt 0.62500000 0.75000000
vt 0.62500000 0.50000000
vt 0.62500000 0.50000000
vt 0.37500000 0.50000000
vt 0.37500000 0.50000000
vt 0.62500000 0.50000000
vt 0.62500000 0.25000000
vt 0.37500000 0.25000000
vt 0.37500000 0.25000000
vt 0.62500000 0.25000000
vt 0.62500000 0.00000000
vt 0.37500000 0.00000000
vt 0.62500000 1.00000000
vt 0.87500000 1.00000000
vt 0.87500000 0.75000000
vt 0.62500000 0.75000000
vt 0.12500000 1.00000000
vt 0.37500000 1.00000000
vt 0.37500000 0.75000000
vt 0.12500000 0.75000000
vt 0.37500000 1.00000000
vt 0.37500000 1.00000000
vt 0.62500000 1.00000000
vt 0.62500000 0.75000000
vt 0.62500000 0.75000000
vt 0.37500000 0.75000000
vt 0.37500000 0.75000000
vt 0.62500000 0.75000000
vt 0.62500000 0.50000000
vt 0.37500000 0.50000000
vt 0.37500000 0.50000000
vt 0.37500000 0.50000000
vt 0.62500000 0.50000000
vt 0.62500000 0.25000000
vt 0.62500000 0.25000000
vt 0.37500000 0.25000000
vt 0.37500000 0.25000000
vt 0.37500000 0.25000000
vt 0.62500000 0.25000000
vt 0.62500000 0.00000000
vt 0.62500000 0.00000000
vt 0.37500000 0.00000000
vt 0.62500000 1.00000000
vt 0.87500000 1.00000000
vt 0.87500000 0.75000000
vt 0.62500000 0.75000000
vt 0.12500000 1.00000000
vt 0.37500000 1.00000000
vt 0.37500000 0.75000000
vt 0.12500000 0.75000000
vt 0.37500000 1.00000000
vt 0.62500000 1.00000000
vt 0.62500000 0.75000000
vt 0.37500000 0.75000000
vt 0.37500000 0.75000000
vt 0.37500000 0.75000000
vt 0.62500000 0.75000000
vt 0.62500000 0.50000000
vt 0.62500000 0.50000000
vt 0.37500000 0.50000000
vt 0.37500000 0.50000000
vt 0.62500000 0.50000000
vt 0.62500000 0.25000000
vt 0.37500000 0.25000000
vt 0.37500000 0.25000000
vt 0.37500000 0.25000000
vt 0.62500000 0.25000000
vt 0.62500000 0.00000000
vt 0.62500000 0.00000000
vt 0.37500000 0.00000000
vt 0.62500000 1.00000000
vt 0.87500000 1.00000000
vt 0.87500000 0.75000000
vt 0.62500000 0.75000000
vt 0.12500000 1.00000000
vt 0.37500000 1.00000000
vt 0.37500000 0.75000000
vt 0.12500000 0.75000000
vt 0.37500000 1.00000000
vt 0.62500000 1.00000000
vt 0.62500000 0.75000000
vt 0.37500000 0.75000000
vt 0.37500000 0.75000000
vt 0.62500000 0.75000000
vt 0.62500000 0.50000000
vt 0.37500000 0.50000000
vt 0.37500000 0.50000000
vt 0.62500000 0.50000000
vt 0.62500000 0.25000000
vt 0.37500000 0.25000000
vt 0.37500000 0.25000000
vt 0.37500000 0.25000000
vt 0.62500000 0.25000000
vt 0.62500000 0.00000000
vt 0.62500000 0.00000000
vt 0.37500000 0.00000000
vt 0.62500000 1.00000000
vt 0.87500000 1.00000000
vt 0.87500000 0.75000000
vt 0.62500000 0.75000000
vt 0.12500000 1.00000000
vt 0.37500000 1.00000000
vt 0.37500000 0.75000000
vt 0.12500000 0.75000000
vt 0.37500000 1.00000000
vt 0.62500000 1.00000000
vt 0.62500000 0.75000000
vt 0.37500000 0.75000000
vt 0.37500000 0.75000000
vt 0.37500000 0.75000000
vt 0.62500000 0.75000000
vt 0.62500000 0.50000000
vt 0.62500000 0.50000000
vt 0.37500000 0.50000000
vt 0.37500000 0.50000000
vt 0.62500000 0.50000000
vt 0.62500000 0.25000000
vt 0.37500000 0.25000000
vt 0.37500000 0.25000000
vt 0.37500000 0.25000000
vt 0.62500000 0.25000000
vt 0.62500000 0.00000000
vt 0.62500000 0.00000000
vt 0.37500000 0.00000000
vt 0.62500000 1.00000000
vt 0.87500000 1.00000000
vt 0.87500000 0.75000000
vt 0.62500000 0.75000000
vt 0.12500000 1.00000000
vt 0.37500000 1.00000000
vt 0.37500000 0.75000000
vt 0.12500000 0.75000000
vt 0.37500000 1.00000000
vt 0.62500000 1.00000000
vt 0.62500000 0.75000000
vt 0.37500000 0.75000000
vt 0.37500000 0.75000000
vt 0.62500000 0.75000000
vt 0.62500000 0.50000000
vt 0.37500000 0.50000000
vt 0.37500000 0.50000000
vt 0.62500000 0.50000000
vt 0.62500000 0.25000000
vt 0.37500000 0.25000000
vt 0.37500000 0.25000000
vt 0.37500000 0.25000000
vt 0.62500000 0.25000000
vt 0.62500000 0.00000000
vt 0.62500000 0.00000000
vt 0.37500000 0.00000000
vt 0.62500000 1.00000000
vt 0.87500000 1.00000000
vt 0.87500000 0.75000000
vt 0.62500000 0.75000000
vt 0.12500000 1.00000000
vt 0.37500000 1.00000000
vt 0.37500000 0.75000000
vt 0.12500000 0.75000000
vt 0.37500000 1.00000000
vt 0.62500000 1.00000000
vt 0.62500000 0.75000000
vt 0.37500000 0.75000000
vt 0.37500000 0.75000000
vt 0.62500000 0.75000000
vt 0.62500000 0.50000000
vt 0.37500000 0.50000000
vt 0.37500000 0.50000000
vt 0.62500000 0.50000000
vt 0.62500000 0.25000000
vt 0.37500000 0.25000000
vt 0.37500000 0.25000000
vt 0.37500000 0.25000000
vt 0.62500000 0.25000000
vt 0.62500000 0.00000000
vt 0.62500000 0.00000000
vt 0.37500000 0.00000000
vt 0.62500000 1.00000000
vt 0.87500000 1.00000000
vt 0.87500000 0.75000000
vt 0.62500000 0.75000000
vt 0.12500000 1.00000000
vt 0.37500000 1.00000000
vt 0.37500000 0.75000000
vt 0.12500000 0.75000000
vt 0.37500000 1.00000000
vt 0.62500000 1.00000000
vt 0.62500000 0.75000000
vt 0.37500000 0.75000000
vt 0.37500000 0.75000000
vt 0.62500000 0.75000000
vt 0.62500000 0.50000000
vt 0.37500000 0.50000000
vt 0.37500000 0.50000000
vt 0.62500000 0.50000000
vt 0.62500000 0.25000000
vt 0.37500000 0.25000000
vt 0.37500000 0.25000000
vt 0.62500000 0.25000000
vt 0.62500000 0.00000000
vt 0.37500000 0.00000000
vt 0.62500000 1.00000000
vt 0.87500000 1.00000000
vt 0.87500000 0.75000000
vt 0.62500000 0.75000000
vt 0.12500000 1.00000000
vt 0.37500000 1.00000000
vt 0.37500000 0.75000000
vt 0.12500000 0.75000000
vt 0.37500000 1.00000000
vt 0.62500000 1.00000000
vt 0.62500000 0.75000000
vt 0.37500000 0.75000000
vt 0.37500000 0.75000000
vt 0.62500000 0.75000000
vt 0.62500000 0.50000000
vt 0.37500000 0.50000000
vt 0.37500000 0.50000000
vt 0.62500000 0.50000000
vt 0.62500000 0.25000000
vt 0.37500000 0.25000000
vt 0.37500000 0.25000000
vt 0.62500000 0.25000000
vt 0.62500000 0.00000000
vt 0.37500000 0.00000000
vt 0.62500000 1.00000000
vt 0.87500000 1.00000000
vt 0.87500000 0.75000000
vt 0.62500000 0.75000000
vt 0.12500000 1.00000000
vt 0.37500000 1.00000000
vt 0.37500000 0.75000000
vt 0.12500000 0.75000000
vt 0.37500000 1.00000000
vt 0.62500000 1.00000000
vt 0.62500000 0.75000000
vt 0.37500000 0.75000000
vt 0.37500000 0.75000000
vt 0.62500000 0.75000000
vt 0.62500000 0.50000000
vt 0.37500000 0.50000000
vt 0.37500000 0.50000000
vt 0.62500000 0.50000000
vt 0.62500000 0.25000000
vt 0.37500000 0.25000000
vt 0.37500000 0.25000000
vt 0.37500000 0.25000000
vt 0.62500000 0.25000000
vt 0.62500000 0.00000000
vt 0.62500000 0.00000000
vt 0.37500000 0.00000000
vt 0.62500000 1.00000000
vt 0.87500000 1.00000000
vt 0.87500000 0.75000000
vt 0.62500000 0.75000000
vt 0.12500000 1.00000000
vt 0.37500000 1.00000000
vt 0.37500000 0.75000000
vt 0.12500000 0.75000000
vt 0.37500000 1.00000000
vt 0.62500000 1.00000000
vt 0.62500000 0.75000000
vt 0.37500000 0.75000000
vt 0.37500000 0.75000000
vt 0.62500000 0.75000000
vt 0.62500000 0.50000000
vt 0.37500000 0.50000000
vt 0.37500000 0.50000000
vt 0.62500000 0.50000000
vt 0.62500000 0.25000000
vt 0.37500000 0.25000000
vt 0.37500000 0.25000000
vt 0.62500000 0.25000000
vt 0.62500000 0.00000000
vt 0.37500000 0.00000000
vt 0.62500000 1.00000000
vt 0.87500000 1.00000000
vt 0.87500000 0.75000000
vt 0.62500000 0.75000000
vt 0.12500000 1.00000000
vt 0.37500000 1.00000000
vt 0.37500000 0.75000000
vt 0.12500000 0.75000000
vt 0.37500000 1.00000000
vt 0.62500000 1.00000000
vt 0.62500000 0.75000000
vt 0.37500000 0.75000000
vt 0.37500000 0.75000000
vt 0.62500000 0.75000000
vt 0.62500000 0.50000000
vt 0.37500000 0.50000000
vt 0.37500000 0.50000000
vt 0.62500000 0.50000000
vt 0.62500000 0.25000000
vt 0.37500000 0.25000000
vt 0.37500000 0.25000000
vt 0.62500000 0.25000000
vt 0.62500000 0.00000000
vt 0.37500000 0.00000000
vt 0.62500000 1.00000000
vt 0.87500000 1.00000000
vt 0.87500000 0.75000000
vt 0.62500000 0.75000000
vt 0.12500000 1.00000000
vt 0.37500000 1.00000000
vt 0.37500000 0.75000000
vt 0.12500000 0.75000000
vt 0.37500000 1.00000000
vt 0.62500000 1.00000000
vt 0.62500000 0.75000000
vt 0.37500000 0.75000000
vt 0.37500000 0.75000000
vt 0.37500000 0.75000000
vt 0.62500000 0.75000000
vt 0.62500000 0.50000000
vt 0.62500000 0.50000000
vt 0.37500000 0.50000000
vt 0.37500000 0.50000000
vt 0.62500000 0.50000000
vt 0.62500000 0.25000000
vt 0.37500000 0.25000000
vt 0.37500000 0.25000000
vt 0.37500000 0.25000000
vt 0.62500000 0.25000000
vt 0.62500000 0.00000000
vt 0.62500000 0.00000000
vt 0.37500000 0.00000000
vt 0.62500000 1.00000000
vt 0.87500000 1.00000000
vt 0.87500000 0.75000000
vt 0.62500000 0.75000000
vt 0.12500000 1.00000000
vt 0.37500000 1.00000000
vt 0.37500000 0.75000000
vt 0.12500000 0.75000000
vt 0.37500000 1.00000000
vt 0.62500000 1.00000000
vt 0.62500000 0.75000000
vt 0.37500000 0.75000000
vt 0.37500000 0.75000000
vt 0.62500000 0.75000000
vt 0.62500000 0.50000000
vt 0.37500000 0.50000000
vt 0.37500000 0.50000000
vt 0.62500000 0.50000000
vt 0.62500000 0.25000000
vt 0.37500000 0.25000000
vt 0.37500000 0.25000000
vt 0.62500000 0.25000000
vt 0.62500000 0.00000000
vt 0.37500000 0.00000000
vt 0.62500000 1.00000000
vt 0.87500000 1.00000000
vt 0.87500000 0.75000000
vt 0.62500000 0.75000000
vt 0.12500000 1.00000000
vt 0.37500000 1.00000000
vt 0.37500000 0.75000000
vt 0.12500000 0.75000000
vt 0.37500000 1.00000000
vt 0.62500000 1.00000000
vt 0.62500000 0.75000000
vt 0.37500000 0.75000000
vt 0.37500000 0.75000000
vt 0.37500000 0.75000000
vt 0.62500000 0.75000000
vt 0.62500000 0.50000000
vt 0.62500000 0.50000000
vt 0.37500000 0.50000000
vt 0.37500000 0.50000000
vt 0.62500000 0.50000000
vt 0.62500000 0.25000000
vt 0.37500000 0.25000000
vt 0.37500000 0.25000000
vt 0.37500000 0.25000000
vt 0.62500000 0.25000000
vt 0.62500000 0.00000000
vt 0.62500000 0.00000000
vt 0.37500000 0.00000000
vt 0.62500000 1.00000000
vt 0.87500000 1.00000000
vt 0.87500000 0.75000000
vt 0.62500000 0.75000000
vt 0.12500000 1.00000000
vt 0.37500000 1.00000000
vt 0.37500000 0.75000000
vt 0.12500000 0.75000000
vt 0.37500000 1.00000000
vt 0.62500000 1.00000000
vt 0.62500000 0.75000000
vt 0.37500000 0.75000000
vt 0.37500000 0.75000000
vt 0.62500000 0.75000000
vt 0.62500000 0.50000000
vt 0.37500000 0.50000000
vt 0.37500000 0.50000000
vt 0.62500000 0.50000000
vt 0.62500000 0.25000000
vt 0.37500000 0.25000000
vt 0.37500000 0.25000000
vt 0.62500000 0.25000000
vt 0.62500000 0.00000000
vt 0.37500000 0.00000000
vt 0.62500000 1.00000000
vt 0.87500000 1.00000000
vt 0.87500000 0.75000000
vt 0.62500000 0.75000000
vt 0.12500000 1.00000000
vt 0.37500000 1.00000000
vt 0.37500000 0.75000000
vt 0.12500000 0.75000000
vt 0.37500000 1.00000000
vt 0.62500000 1.00000000
vt 0.62500000 0.75000000
vt 0.37500000 0.75000000
vt 0.37500000 0.75000000
vt 0.62500000 0.75000000
vt 0.62500000 0.50000000
vt 0.37500000 0.50000000
vt 0.37500000 0.50000000
vt 0.62500000 0.50000000
vt 0.62500000 0.25000000
vt 0.37500000 0.25000000
vt 0.37500000 0.25000000
vt 0.62500000 0.25000000
vt 0.62500000 0.00000000
vt 0.37500000 0.00000000
vt 0.62500000 1.00000000
vt 0.87500000 1.00000000
vt 0.87500000 0.75000000
vt 0.62500000 0.75000000
vt 0.12500000 1.00000000
vt 0.37500000 1.00000000
vt 0.37500000 0.75000000
vt 0.12500000 0.75000000
vt 0.37500000 1.00000000
vt 0.62500000 1.00000000
vt 0.62500000 0.75000000
vt 0.37500000 0.75000000
vt 0.37500000 0.75000000
vt 0.62500000 0.75000000
vt 0.62500000 0.50000000
vt 0.37500000 0.50000000
vt 0.37500000 0.50000000
vt 0.62500000 0.50000000
vt 0.62500000 0.25000000
vt 0.37500000 0.25000000
vt 0.37500000 0.25000000
vt 0.62500000 0.25000000
vt 0.62500000 0.00000000
vt 0.37500000 0.00000000
vt 0.62500000 1.00000000
vt 0.87500000 1.00000000
vt 0.87500000 0.75000000
vt 0.62500000 0.75000000
vt 0.12500000 1.00000000
vt 0.37500000 1.00000000
vt 0.37500000 0.75000000
vt 0.12500000 0.75000000
vt 0.37500000 1.00000000
vt 0.62500000 1.00000000
vt 0.62500000 0.75000000
vt 0.37500000 0.75000000
vt 0.37500000 0.75000000
vt 0.62500000 0.75000000
vt 0.62500000 0.50000000
vt 0.37500000 0.50000000
vt 0.37500000 0.50000000
vt 0.62500000 0.50000000
vt 0.62500000 0.25000000
vt 0.37500000 0.25000000
vt 0.37500000 0.25000000
vt 0.62500000 0.25000000
vt 0.62500000 0.00000000
vt 0.37500000 0.00000000
vt 0.62500000 1.00000000
vt 0.87500000 1.00000000
vt 0.87500000 0.75000000
vt 0.62500000 0.75000000
vt 0.12500000 1.00000000
vt 0.37500000 1.00000000
vt 0.37500000 0.75000000
vt 0.12500000 0.75000000
vt 0.37500000 1.00000000
vt 0.62500000 1.00000000
vt 0.62500000 0.75000000
vt 0.37500000 0.75000000
vt 0.37500000 0.75000000
vt 0.62500000 0.75000000
vt 0.62500000 0.50000000
vt 0.37500000 0.50000000
vt 0.37500000 0.50000000
vt 0.62500000 0.50000000
vt 0.62500000 0.25000000
vt 0.37500000 0.25000000
vt 0.37500000 0.25000000
vt 0.62500000 0.25000000
vt 0.62500000 0.00000000
vt 0.37500000 0.00000000
vt 0.62500000 1.00000000
vt 0.87500000 1.00000000
vt 0.87500000 0.75000000
vt 0.62500000 0.75000000
vt 0.12500000 1.00000000
vt 0.37500000 1.00000000
vt 0.37500000 0.75000000
vt 0.12500000 0.75000000
vt 0.37500000 1.00000000
vt 0.62500000 1.00000000
vt 0.62500000 0.75000000
vt 0.37500000 0.75000000
vt 0.37500000 0.75000000
vt 0.62500000 0.75000000
vt 0.62500000 0.50000000
vt 0.37500000 0.50000000
vt 0.37500000 0.50000000
vt 0.62500000 0.50000000
vt 0.62500000 0.25000000
vt 0.37500000 0.25000000
vt 0.37500000 0.25000000
vt 0.62500000 0.25000000
vt 0.62500000 0.00000000
vt 0.37500000 0.00000000
vt 0.62500000 1.00000000
vt 0.87500000 1.00000000
vt 0.87500000 0.75000000
vt 0.62500000 0.75000000
vt 0.12500000 1.00000000
vt 0.37500000 1.00000000
vt 0.37500000 0.75000000
vt 0.12500000 0.75000000
vt 0.37500000 1.00000000
vt 0.62500000 1.00000000
vt 0.62500000 0.75000000
vt 0.37500000 0.75000000
vt 0.37500000 0.75000000
vt 0.62500000 0.75000000
vt 0.62500000 0.50000000
vt 0.37500000 0.50000000
vt 0.37500000 0.50000000
vt 0.62500000 0.50000000
vt 0.62500000 0.25000000
vt 0.37500000 0.25000000
vt 0.37500000 0.25000000
vt 0.62500000 0.25000000
vt 0.62500000 0.00000000
vt 0.37500000 0.00000000
vt 0.62500000 1.00000000
vt 0.87500000 1.00000000
vt 0.87500000 0.75000000
vt 0.62500000 0.75000000
vt 0.12500000 1.00000000
vt 0.37500000 1.00000000
vt 0.37500000 0.75000000
vt 0.12500000 0.75000000
vt 0.37500000 1.00000000
vt 0.62500000 1.00000000
vt 0.62500000 0.75000000
vt 0.37500000 0.75000000
vt 0.37500000 0.75000000
vt 0.37500000 0.75000000
vt 0.62500000 0.75000000
vt 0.62500000 0.50000000
vt 0.62500000 0.50000000
vt 0.37500000 0.50000000
vt 0.37500000 0.50000000
vt 0.62500000 0.50000000
vt 0.62500000 0.25000000
vt 0.37500000 0.25000000
vt 0.37500000 0.25000000
vt 0.37500000 0.25000000
vt 0.62500000 0.25000000
vt 0.62500000 0.00000000
vt 0.62500000 0.00000000
vt 0.37500000 0.00000000
vt 0.62500000 1.00000000
vt 0.87500000 1.00000000
vt 0.87500000 0.75000000
vt 0.62500000 0.75000000
vt 0.12500000 1.00000000
vt 0.37500000 1.00000000
vt 0.37500000 0.75000000
vt 0.12500000 0.75000000
vt 0.37500000 1.00000000
vt 0.62500000 1.00000000
vt 0.62500000 0.75000000
vt 0.37500000 0.75000000
vt 0.37500000 0.75000000
vt 0.37500000 0.75000000
vt 0.62500000 0.75000000
vt 0.62500000 0.50000000
vt 0.62500000 0.50000000
vt 0.37500000 0.50000000
vt 0.37500000 0.50000000
vt 0.62500000 0.50000000
vt 0.62500000 0.25000000
vt 0.37500000 0.25000000
vt 0.37500000 0.25000000
vt 0.37500000 0.25000000
vt 0.62500000 0.25000000
vt 0.62500000 0.00000000
vt 0.62500000 0.00000000
vt 0.37500000 0.00000000
vt 0.62500000 1.00000000
vt 0.87500000 1.00000000
vt 0.87500000 0.75000000
vt 0.62500000 0.75000000
vt 0.12500000 1.00000000
vt 0.37500000 1.00000000
vt 0.37500000 0.75000000
vt 0.12500000 0.75000000
vt 0.37500000 1.00000000
vt 0.62500000 1.00000000
vt 0.62500000 0.75000000
vt 0.37500000 0.75000000
vt 0.37500000 0.75000000
vt 0.62500000 0.75000000
vt 0.62500000 0.50000000
vt 0.37500000 0.50000000
vt 0.37500000 0.50000000
vt 0.62500000 0.50000000
vt 0.62500000 0.25000000
vt 0.37500000 0.25000000
vt 0.37500000 0.25000000
vt 0.62500000 0.25000000
vt 0.62500000 0.00000000
vt 0.37500000 0.00000000
vt 0.62500000 1.00000000
vt 0.87500000 1.00000000
vt 0.87500000 0.75000000
vt 0.62500000 0.75000000
vt 0.12500000 1.00000000
vt 0.37500000 1.00000000
vt 0.37500000 0.75000000
vt 0.12500000 0.75000000
vt 0.37500000 1.00000000
vt 0.37500000 1.00000000
vt 0.62500000 1.00000000
vt 0.62500000 0.75000000
vt 0.62500000 0.75000000
vt 0.37500000 0.75000000
vt 0.37500000 0.75000000
vt 0.37500000 0.75000000
vt 0.62500000 0.75000000
vt 0.62500000 0.50000000
vt 0.62500000 0.50000000
vt 0.37500000 0.50000000
vt 0.37500000 0.50000000
vt 0.62500000 0.50000000
vt 0.62500000 0.25000000
vt 0.37500000 0.25000000
vt 0.37500000 0.25000000
vt 0.62500000 0.25000000
vt 0.62500000 0.00000000
vt 0.37500000 0.00000000
vt 0.62500000 1.00000000
vt 0.87500000 1.00000000
vt 0.87500000 0.75000000
vt 0.62500000 0.75000000
vt 0.12500000 1.00000000
vt 0.37500000 1.00000000
vt 0.37500000 0.75000000
vt 0.12500000 0.75000000
vt 0.37500000 1.00000000
vt 0.62500000 1.00000000
vt 0.62500000 0.75000000
vt 0.37500000 0.75000000
vt 0.37500000 0.75000000
vt 0.37500000 0.75000000
vt 0.62500000 0.75000000
vt 0.62500000 0.50000000
vt 0.62500000 0.50000000
vt 0.37500000 0.50000000
vt 0.37500000 0.50000000
vt 0.62500000 0.50000000
vt 0.62500000 0.25000000
vt 0.37500000 0.25000000
vt 0.37500000 0.25000000
vt 0.62500000 0.25000000
vt 0.62500000 0.00000000
vt 0.37500000 0.00000000
vt 0.62500000 1.00000000
vt 0.87500000 1.00000000
vt 0.87500000 0.75000000
vt 0.62500000 0.75000000
vt 0.12500000 1.00000000
vt 0.37500000 1.00000000
vt 0.37500000 0.75000000
vt 0.12500000 0.75000000
vt 0.37500000 1.00000000
vt 0.62500000 1.00000000
vt 0.62500000 0.75000000
vt 0.37500000 0.75000000
vt 0.37500000 0.75000000
vt 0.62500000 0.75000000
vt 0.62500000 0.50000000
vt 0.37500000 0.50000000
vt 0.37500000 0.50000000
vt 0.62500000 0.50000000
vt 0.62500000 0.25000000
vt 0.37500000 0.25000000
vt 0.37500000 0.25000000
vt 0.37500000 0.25000000
vt 0.62500000 0.25000000
vt 0.62500000 0.00000000
vt 0.62500000 0.00000000
vt 0.37500000 0.00000000
vt 0.62500000 1.00000000
vt 0.62500000 1.00000000
vt 0.87500000 1.00000000
vt 0.87500000 0.75000000
vt 0.87500000 0.75000000
vt 0.62500000 0.75000000
vt 0.12500000 1.00000000
vt 0.37500000 1.00000000
vt 0.37500000 0.75000000
vt 0.12500000 0.75000000
vt 0.37500000 1.00000000
vt 0.62500000 1.00000000
vt 0.62500000 0.75000000
vt 0.37500000 0.75000000
vt 0.37500000 0.75000000
vt 0.37500000 0.75000000
vt 0.62500000 0.75000000
vt 0.62500000 0.50000000
vt 0.62500000 0.50000000
vt 0.37500000 0.50000000
vt 0.37500000 0.50000000
vt 0.62500000 0.50000000
vt 0.62500000 0.25000000
vt 0.37500000 0.25000000
vt 0.37500000 0.25000000
vt 0.37500000 0.25000000
vt 0.62500000 0.25000000
vt 0.62500000 0.00000000
vt 0.62500000 0.00000000
vt 0.37500000 0.00000000
vt 0.62500000 1.00000000
vt 0.87500000 1.00000000
vt 0.87500000 0.75000000
vt 0.62500000 0.75000000
vt 0.12500000 1.00000000
vt 0.37500000 1.00000000
vt 0.37500000 0.75000000
vt 0.12500000 0.75000000
vt 0.37500000 1.00000000
vt 0.62500000 1.00000000
vt 0.62500000 0.75000000
vt 0.37500000 0.75000000
vt 0.37500000 0.75000000
vt 0.37500000 0.75000000
vt 0.62500000 0.75000000
vt 0.62500000 0.50000000
vt 0.62500000 0.50000000
vt 0.37500000 0.50000000
vt 0.37500000 0.50000000
vt 0.62500000 0.50000000
vt 0.62500000 0.25000000
vt 0.37500000 0.25000000
vt 0.37500000 0.25000000
vt 0.37500000 0.25000000
vt 0.62500000 0.25000000
vt 0.62500000 0.00000000
vt 0.62500000 0.00000000
vt 0.37500000 0.00000000
vt 0.62500000 1.00000000
vt 0.87500000 1.00000000
vt 0.87500000 0.75000000
vt 0.62500000 0.75000000
vt 0.12500000 1.00000000
vt 0.37500000 1.00000000
vt 0.37500000 0.75000000
vt 0.12500000 0.75000000
vt 0.37500000 1.00000000
vt 0.62500000 1.00000000
vt 0.62500000 0.75000000
vt 0.37500000 0.75000000
vt 0.37500000 0.75000000
vt 0.37500000 0.75000000
vt 0.62500000 0.75000000
vt 0.62500000 0.50000000
vt 0.62500000 0.50000000
vt 0.37500000 0.50000000
vt 0.37500000 0.50000000
vt 0.62500000 0.50000000
vt 0.62500000 0.25000000
vt 0.37500000 0.25000000
vt 0.37500000 0.25000000
vt 0.62500000 0.25000000
vt 0.62500000 0.00000000
vt 0.37500000 0.00000000
vt 0.62500000 1.00000000
vt 0.87500000 1.00000000
vt 0.87500000 0.75000000
vt 0.62500000 0.75000000
vt 0.12500000 1.00000000
vt 0.37500000 1.00000000
vt 0.37500000 0.75000000
vt 0.12500000 0.75000000
vt 0.37500000 1.00000000
vt 0.62500000 1.00000000
vt 0.62500000 0.75000000
vt 0.37500000 0.75000000
vt 0.37500000 0.75000000
vt 0.37500000 0.75000000
vt 0.62500000 0.75000000
vt 0.62500000 0.50000000
vt 0.62500000 0.50000000
vt 0.37500000 0.50000000
vt 0.37500000 0.50000000
vt 0.62500000 0.50000000
vt 0.62500000 0.25000000
vt 0.37500000 0.25000000
vt 0.37500000 0.25000000
vt 0.37500000 0.25000000
vt 0.62500000 0.25000000
vt 0.62500000 0.00000000
vt 0.62500000 0.00000000
vt 0.37500000 0.00000000
vt 0.62500000 1.00000000
vt 0.87500000 1.00000000
vt 0.87500000 0.75000000
vt 0.62500000 0.75000000
vt 0.12500000 1.00000000
vt 0.37500000 1.00000000
vt 0.37500000 0.75000000
vt 0.12500000 0.75000000
vt 0.37500000 1.00000000
vt 0.62500000 1.00000000
vt 0.62500000 0.75000000
vt 0.37500000 0.75000000
vt 0.37500000 0.75000000
vt 0.37500000 0.75000000
vt 0.62500000 0.75000000
vt 0.62500000 0.50000000
vt 0.62500000 0.50000000
vt 0.37500000 0.50000000
vt 0.37500000 0.50000000
vt 0.62500000 0.50000000
vt 0.62500000 0.25000000
vt 0.37500000 0.25000000
vt 0.37500000 0.25000000
vt 0.37500000 0.25000000
vt 0.62500000 0.25000000
vt 0.62500000 0.00000000
vt 0.62500000 0.00000000
vt 0.37500000 0.00000000
vt 0.62500000 1.00000000
vt 0.87500000 1.00000000
vt 0.87500000 0.75000000
vt 0.62500000 0.75000000
vt 0.12500000 1.00000000
vt 0.37500000 1.00000000
vt 0.37500000 0.75000000
vt 0.12500000 0.75000000
vt 0.37500000 1.00000000
vt 0.62500000 1.00000000
vt 0.62500000 0.75000000
vt 0.37500000 0.75000000
vt 0.37500000 0.75000000
vt 0.37500000 0.75000000
vt 0.62500000 0.75000000
vt 0.62500000 0.50000000
vt 0.62500000 0.50000000
vt 0.37500000 0.50000000
vt 0.37500000 0.50000000
vt 0.62500000 0.50000000
vt 0.62500000 0.25000000
vt 0.37500000 0.25000000
vt 0.37500000 0.25000000
vt 0.37500000 0.25000000
vt 0.62500000 0.25000000
vt 0.62500000 0.00000000
vt 0.62500000 0.00000000
vt 0.37500000 0.00000000
vt 0.62500000 1.00000000
vt 0.87500000 1.00000000
vt 0.87500000 0.75000000
vt 0.62500000 0.75000000
vt 0.12500000 1.00000000
vt 0.37500000 1.00000000
vt 0.37500000 0.75000000
vt 0.12500000 0.75000000
vt 0.37500000 1.00000000
vt 0.62500000 1.00000000
vt 0.62500000 0.75000000
vt 0.37500000 0.75000000
vt 0.37500000 0.75000000
vt 0.37500000 0.75000000
vt 0.62500000 0.75000000
vt 0.62500000 0.50000000
vt 0.62500000 0.50000000
vt 0.37500000 0.50000000
vt 0.37500000 0.50000000
vt 0.62500000 0.50000000
vt 0.62500000 0.25000000
vt 0.37500000 0.25000000
vt 0.37500000 0.25000000
vt 0.37500000 0.25000000
vt 0.62500000 0.25000000
vt 0.62500000 0.00000000
vt 0.62500000 0.00000000
vt 0.37500000 0.00000000
vt 0.62500000 1.00000000
vt 0.87500000 1.00000000
vt 0.87500000 0.75000000
vt 0.62500000 0.75000000
vt 0.12500000 1.00000000
vt 0.37500000 1.00000000
vt 0.37500000 0.75000000
vt 0.12500000 0.75000000
vt 0.37500000 1.00000000
vt 0.62500000 1.00000000
vt 0.62500000 0.75000000
vt 0.37500000 0.75000000
vt 0.37500000 0.75000000
vt 0.62500000 0.75000000
vt 0.62500000 0.50000000
vt 0.37500000 0.50000000
vt 0.37500000 0.50000000
vt 0.62500000 0.50000000
vt 0.62500000 0.25000000
vt 0.37500000 0.25000000
vt 0.37500000 0.25000000
vt 0.37500000 0.25000000
vt 0.62500000 0.25000000
vt 0.62500000 0.00000000
vt 0.62500000 0.00000000
vt 0.37500000 0.00000000
vt 0.62500000 1.00000000
vt 0.87500000 1.00000000
vt 0.87500000 0.75000000
vt 0.62500000 0.75000000
vt 0.12500000 1.00000000
vt 0.37500000 1.00000000
vt 0.37500000 0.75000000
vt 0.12500000 0.75000000
vt 0.37500000 1.00000000
vt 0.62500000 1.00000000
vt 0.62500000 0.75000000
vt 0.37500000 0.75000000
vt 0.37500000 0.75000000
vt 0.62500000 0.75000000
vt 0.62500000 0.50000000
vt 0.37500000 0.50000000
vt 0.37500000 0.50000000
vt 0.62500000 0.50000000
vt 0.62500000 0.25000000
vt 0.37500000 0.25000000
vt 0.37500000 0.25000000
vt 0.62500000 0.25000000
vt 0.62500000 0.00000000
vt 0.37500000 0.00000000
vt 0.62500000 1.00000000
vt 0.87500000 1.00000000
vt 0.87500000 0.75000000
vt 0.62500000 0.75000000
vt 0.12500000 1.00000000
vt 0.37500000 1.00000000
vt 0.37500000 0.75000000
vt 0.12500000 0.75000000
vt 0.37500000 1.00000000
vt 0.62500000 1.00000000
vt 0.62500000 0.75000000
vt 0.37500000 0.75000000
vt 0.37500000 0.75000000
vt 0.37500000 0.75000000
vt 0.62500000 0.75000000
vt 0.62500000 0.50000000
vt 0.62500000 0.50000000
vt 0.37500000 0.50000000
vt 0.37500000 0.50000000
vt 0.62500000 0.50000000
vt 0.62500000 0.25000000
vt 0.37500000 0.25000000
vt 0.37500000 0.25000000
vt 0.62500000 0.25000000
vt 0.62500000 0.00000000
vt 0.37500000 0.00000000
vt 0.62500000 1.00000000
vt 0.87500000 1.00000000
vt 0.87500000 0.75000000
vt 0.62500000 0.75000000
vt 0.12500000 1.00000000
vt 0.37500000 1.00000000
vt 0.37500000 0.75000000
vt 0.12500000 0.75000000
vt 0.37500000 1.00000000
vt 0.62500000 1.00000000
vt 0.62500000 0.75000000
vt 0.37500000 0.75000000
vt 0.37500000 0.75000000
vt 0.37500000 0.75000000
vt 0.62500000 0.75000000
vt 0.62500000 0.50000000
vt 0.62500000 0.50000000
vt 0.37500000 0.50000000
vt 0.37500000 0.50000000
vt 0.62500000 0.50000000
vt 0.62500000 0.25000000
vt 0.37500000 0.25000000
vt 0.37500000 0.25000000
vt 0.37500000 0.25000000
vt 0.62500000 0.25000000
vt 0.62500000 0.00000000
vt 0.62500000 0.00000000
vt 0.37500000 0.00000000
vt 0.62500000 1.00000000
vt 0.87500000 1.00000000
vt 0.87500000 0.75000000
vt 0.62500000 0.75000000
vt 0.12500000 1.00000000
vt 0.37500000 1.00000000
vt 0.37500000 0.75000000
vt 0.12500000 0.75000000
vt 0.37500000 1.00000000
vt 0.37500000 1.00000000
vt 0.62500000 1.00000000
vt 0.62500000 0.75000000
vt 0.62500000 0.75000000
vt 0.37500000 0.75000000
vt 0.37500000 0.75000000
vt 0.37500000 0.75000000
vt 0.62500000 0.75000000
vt 0.62500000 0.50000000
vt 0.62500000 0.50000000
vt 0.37500000 0.50000000
vt 0.37500000 0.50000000
vt 0.62500000 0.50000000
vt 0.62500000 0.25000000
vt 0.37500000 0.25000000
vt 0.37500000 0.25000000
vt 0.37500000 0.25000000
vt 0.62500000 0.25000000
vt 0.62500000 0.00000000
vt 0.62500000 0.00000000
vt 0.37500000 0.00000000
vt 0.62500000 1.00000000
vt 0.87500000 1.00000000
vt 0.87500000 0.75000000
vt 0.62500000 0.75000000
vt 0.12500000 1.00000000
vt 0.37500000 1.00000000
vt 0.37500000 0.75000000
vt 0.12500000 0.75000000
vt 0.37500000 1.00000000
vt 0.62500000 1.00000000
vt 0.62500000 0.75000000
vt 0.37500000 0.75000000
vt 0.37500000 0.75000000
vt 0.37500000 0.75000000
vt 0.62500000 0.75000000
vt 0.62500000 0.50000000
vt 0.62500000 0.50000000
vt 0.37500000 0.50000000
vt 0.37500000 0.50000000
vt 0.62500000 0.50000000
vt 0.62500000 0.25000000
vt 0.37500000 0.25000000
vt 0.37500000 0.25000000
vt 0.37500000 0.25000000
vt 0.62500000 0.25000000
vt 0.62500000 0.00000000
vt 0.62500000 0.00000000
vt 0.37500000 0.00000000
vt 0.62500000 1.00000000
vt 0.87500000 1.00000000
vt 0.87500000 0.75000000
vt 0.62500000 0.75000000
vt 0.12500000 1.00000000
vt 0.37500000 1.00000000
vt 0.37500000 0.75000000
vt 0.12500000 0.75000000
vt 0.37500000 1.00000000
vt 0.62500000 1.00000000
vt 0.62500000 0.75000000
vt 0.37500000 0.75000000
vt 0.37500000 0.75000000
vt 0.62500000 0.75000000
vt 0.62500000 0.50000000
vt 0.37500000 0.50000000
vt 0.37500000 0.50000000
vt 0.62500000 0.50000000
vt 0.62500000 0.25000000
vt 0.37500000 0.25000000
vt 0.37500000 0.25000000
vt 0.37500000 0.25000000
vt 0.62500000 0.25000000
vt 0.62500000 0.00000000
vt 0.62500000 0.00000000
vt 0.37500000 0.00000000
vt 0.62500000 1.00000000
vt 0.87500000 1.00000000
vt 0.87500000 0.75000000
vt 0.62500000 0.75000000
vt 0.12500000 1.00000000
vt 0.37500000 1.00000000
vt 0.37500000 0.75000000
vt 0.12500000 0.75000000
vt 0.37500000 1.00000000
vt 0.62500000 1.00000000
vt 0.62500000 0.75000000
vt 0.37500000 0.75000000
vt 0.37500000 0.75000000
vt 0.62500000 0.75000000
vt 0.62500000 0.50000000
vt 0.37500000 0.50000000
vt 0.37500000 0.50000000
vt 0.62500000 0.50000000
vt 0.62500000 0.25000000
vt 0.37500000 0.25000000
vt 0.37500000 0.25000000
vt 0.37500000 0.25000000
vt 0.62500000 0.25000000
vt 0.62500000 0.00000000
vt 0.62500000 0.00000000
vt 0.37500000 0.00000000
vt 0.62500000 1.00000000
vt 0.87500000 1.00000000
vt 0.87500000 0.75000000
vt 0.62500000 0.75000000
vt 0.12500000 1.00000000
vt 0.12500000 1.00000000
vt 0.37500000 1.00000000
vt 0.37500000 0.75000000
vt 0.37500000 0.75000000
vt 0.12500000 0.75000000
vt 0.37500000 1.00000000
vt 0.62500000 1.00000000
vt 0.62500000 0.75000000
vt 0.37500000 0.75000000
vt 0.37500000 0.75000000
vt 0.37500000 0.75000000
vt 0.62500000 0.75000000
vt 0.62500000 0.50000000
vt 0.62500000 0.50000000
vt 0.37500000 0.50000000
vt 0.37500000 0.50000000
vt 0.62500000 0.50000000
vt 0.62500000 0.25000000
vt 0.37500000 0.25000000
vt 0.37500000 0.25000000
vt 0.62500000 0.25000000
vt 0.62500000 0.00000000
vt 0.37500000 0.00000000
vt 0.62500000 1.00000000
vt 0.87500000 1.00000000
vt 0.87500000 0.75000000
vt 0.62500000 0.75000000
vt 0.12500000 1.00000000
vt 0.37500000 1.00000000
vt 0.37500000 0.75000000
vt 0.12500000 0.75000000
vt 0.37500000 1.00000000
vt 0.62500000 1.00000000
vt 0.62500000 0.75000000
vt 0.37500000 0.75000000
vt 0.37500000 0.75000000
vt 0.62500000 0.75000000
vt 0.62500000 0.50000000
vt 0.37500000 0.50000000
vt 0.37500000 0.50000000
vt 0.62500000 0.50000000
vt 0.62500000 0.25000000
vt 0.37500000 0.25000000
vt 0.37500000 0.25000000
vt 0.37500000 0.25000000
vt 0.62500000 0.25000000
vt 0.62500000 0.00000000
vt 0.62500000 0.00000000
vt 0.37500000 0.00000000
vt 0.62500000 1.00000000
vt 0.87500000 1.00000000
vt 0.87500000 0.75000000
vt 0.62500000 0.75000000
vt 0.12500000 1.00000000
vt 0.37500000 1.00000000
vt 0.37500000 0.75000000
vt 0.12500000 0.75000000
vt 0.37500000 1.00000000
vt 0.62500000 1.00000000
vt 0.62500000 0.75000000
vt 0.37500000 0.75000000
vt 0.37500000 0.75000000
vt 0.62500000 0.75000000
vt 0.62500000 0.50000000
vt 0.37500000 0.50000000
vt 0.37500000 0.50000000
vt 0.62500000 0.50000000
vt 0.62500000 0.25000000
vt 0.37500000 0.25000000
vt 0.37500000 0.25000000
vt 0.62500000 0.25000000
vt 0.62500000 0.00000000
vt 0.37500000 0.00000000
vt 0.62500000 1.00000000
vt 0.87500000 1.00000000
vt 0.87500000 0.75000000
vt 0.62500000 0.75000000
vt 0.12500000 1.00000000
vt 0.37500000 1.00000000
vt 0.37500000 0.75000000
vt 0.12500000 0.75000000
vt 0.37500000 1.00000000
vt 0.62500000 1.00000000
vt 0.62500000 0.75000000
vt 0.37500000 0.75000000
vt 0.37500000 0.75000000
vt 0.37500000 0.75000000
vt 0.62500000 0.75000000
vt 0.62500000 0.50000000
vt 0.62500000 0.50000000
vt 0.37500000 0.50000000
vt 0.37500000 0.50000000
vt 0.62500000 0.50000000
vt 0.62500000 0.25000000
vt 0.37500000 0.25000000
vt 0.37500000 0.25000000
vt 0.37500000 0.25000000
vt 0.62500000 0.25000000
vt 0.62500000 0.00000000
vt 0.62500000 0.00000000
vt 0.37500000 0.00000000
vt 0.62500000 1.00000000
vt 0.87500000 1.00000000
vt 0.87500000 0.75000000
vt 0.62500000 0.75000000
vt 0.12500000 1.00000000
vt 0.37500000 1.00000000
vt 0.37500000 0.75000000
vt 0.12500000 0.75000000
vt 0.37500000 1.00000000
vt 0.62500000 1.00000000
vt 0.62500000 0.75000000
vt 0.37500000 0.75000000
vt 0.37500000 0.75000000
vt 0.62500000 0.75000000
vt 0.62500000 0.50000000
vt 0.37500000 0.50000000
vt 0.37500000 0.50000000
vt 0.62500000 0.50000000
vt 0.62500000 0.25000000
vt 0.37500000 0.25000000
vt 0.37500000 0.25000000
vt 0.62500000 0.25000000
vt 0.62500000 0.00000000
vt 0.37500000 0.00000000
vt 0.62500000 1.00000000
vt 0.87500000 1.00000000
vt 0.87500000 0.75000000
vt 0.62500000 0.75000000
vt 0.12500000 1.00000000
vt 0.37500000 1.00000000
vt 0.37500000 0.75000000
vt 0.12500000 0.75000000
vt 0.37500000 1.00000000
vt 0.62500000 1.00000000
vt 0.62500000 0.75000000
vt 0.37500000 0.75000000
vt 0.37500000 0.75000000
vt 0.62500000 0.75000000
vt 0.62500000 0.50000000
vt 0.37500000 0.50000000
vt 0.37500000 0.50000000
vt 0.62500000 0.50000000
vt 0.62500000 0.25000000
vt 0.37500000 0.25000000
vt 0.37500000 0.25000000
vt 0.62500000 0.25000000
vt 0.62500000 0.00000000
vt 0.37500000 0.00000000
vt 0.62500000 1.00000000
vt 0.87500000 1.00000000
vt 0.87500000 0.75000000
vt 0.62500000 0.75000000
vt 0.12500000 1.00000000
vt 0.37500000 1.00000000
vt 0.37500000 0.75000000
vt 0.12500000 0.75000000
vt 0.37500000 1.00000000
vt 0.62500000 1.00000000
vt 0.62500000 0.75000000
vt 0.37500000 0.75000000
vt 0.37500000 0.75000000
vt 0.62500000 0.75000000
vt 0.62500000 0.50000000
vt 0.37500000 0.50000000
vt 0.37500000 0.50000000
vt 0.62500000 0.50000000
vt 0.62500000 0.25000000
vt 0.37500000 0.25000000
vt 0.37500000 0.25000000
vt 0.62500000 0.25000000
vt 0.62500000 0.00000000
vt 0.37500000 0.00000000
vt 0.62500000 1.00000000
vt 0.87500000 1.00000000
vt 0.87500000 0.75000000
vt 0.62500000 0.75000000
vt 0.12500000 1.00000000
vt 0.37500000 1.00000000
vt 0.37500000 0.75000000
vt 0.12500000 0.75000000
vt 0.37500000 1.00000000
vt 0.62500000 1.00000000
vt 0.62500000 0.75000000
vt 0.37500000 0.75000000
vt 0.37500000 0.75000000
vt 0.62500000 0.75000000
vt 0.62500000 0.50000000
vt 0.37500000 0.50000000
vt 0.37500000 0.50000000
vt 0.62500000 0.50000000
vt 0.62500000 0.25000000
vt 0.37500000 0.25000000
vt 0.37500000 0.25000000
vt 0.37500000 0.25000000
vt 0.62500000 0.25000000
vt 0.62500000 0.00000000
vt 0.62500000 0.00000000
vt 0.37500000 0.00000000
vt 0.62500000 1.00000000
vt 0.87500000 1.00000000
vt 0.87500000 0.75000000
vt 0.62500000 0.75000000
vt 0.12500000 1.00000000
vt 0.37500000 1.00000000
vt 0.37500000 0.75000000
vt 0.12500000 0.75000000
vt 0.37500000 1.00000000
vt 0.62500000 1.00000000
vt 0.62500000 0.75000000
vt 0.37500000 0.75000000
vt 0.37500000 0.75000000
vt 0.62500000 0.75000000
vt 0.62500000 0.50000000
vt 0.37500000 0.50000000
vt 0.37500000 0.50000000
vt 0.62500000 0.50000000
vt 0.62500000 0.25000000
vt 0.37500000 0.25000000
vt 0.37500000 0.25000000
vt 0.62500000 0.25000000
vt 0.62500000 0.00000000
vt 0.37500000 0.00000000
vt 0.62500000 1.00000000
vt 0.87500000 1.00000000
vt 0.87500000 0.75000000
vt 0.62500000 0.75000000
vt 0.12500000 1.00000000
vt 0.37500000 1.00000000
vt 0.37500000 0.75000000
vt 0.12500000 0.75000000
vt 0.37500000 1.00000000
vt 0.62500000 1.00000000
vt 0.62500000 0.75000000
vt 0.37500000 0.75000000
vt 0.37500000 0.75000000
vt 0.62500000 0.75000000
vt 0.62500000 0.50000000
vt 0.37500000 0.50000000
vt 0.37500000 0.50000000
vt 0.62500000 0.50000000
vt 0.62500000 0.25000000
vt 0.37500000 0.25000000
vt 0.37500000 0.25000000
vt 0.37500000 0.25000000
vt 0.62500000 0.25000000
vt 0.62500000 0.00000000
vt 0.62500000 0.00000000
vt 0.37500000 0.00000000
vt 0.62500000 1.00000000
vt 0.87500000 1.00000000
vt 0.87500000 0.75000000
vt 0.62500000 0.75000000
vt 0.12500000 1.00000000
vt 0.37500000 1.00000000
vt 0.37500000 0.75000000
vt 0.12500000 0.75000000
vt 0.37500000 1.00000000
vt 0.62500000 1.00000000
vt 0.62500000 0.75000000
vt 0.37500000 0.75000000
vt 0.37500000 0.75000000
vt 0.37500000 0.75000000
vt 0.62500000 0.75000000
vt 0.62500000 0.50000000
vt 0.62500000 0.50000000
vt 0.37500000 0.50000000
vt 0.37500000 0.50000000
vt 0.62500000 0.50000000
vt 0.62500000 0.25000000
vt 0.37500000 0.25000000
vt 0.37500000 0.25000000
vt 0.62500000 0.25000000
vt 0.62500000 0.00000000
vt 0.37500000 0.00000000
vt 0.62500000 1.00000000
vt 0.87500000 1.00000000
vt 0.87500000 0.75000000
vt 0.62500000 0.75000000
vt 0.12500000 1.00000000
vt 0.37500000 1.00000000
vt 0.37500000 0.75000000
vt 0.12500000 0.75000000
vt 0.37500000 1.00000000
vt 0.62500000 1.00000000
vt 0.62500000 0.75000000
vt 0.37500000 0.75000000
vt 0.37500000 0.75000000
vt 0.62500000 0.75000000
vt 0.62500000 0.50000000
vt 0.37500000 0.50000000
vt 0.37500000 0.50000000
vt 0.62500000 0.50000000
vt 0.62500000 0.25000000
vt 0.37500000 0.25000000
vt 0.37500000 0.25000000
vt 0.62500000 0.25000000
vt 0.62500000 0.00000000
vt 0.37500000 0.00000000
vt 0.62500000 1.00000000
vt 0.87500000 1.00000000
vt 0.87500000 0.75000000
vt 0.62500000 0.75000000
vt 0.12500000 1.00000000
vt 0.37500000 1.00000000
vt 0.37500000 0.75000000
vt 0.12500000 0.75000000
vt 0.37500000 1.00000000
vt 0.62500000 1.00000000
vt 0.62500000 0.75000000
vt 0.37500000 0.75000000
vt 0.37500000 0.75000000
vt 0.62500000 0.75000000
vt 0.62500000 0.50000000
vt 0.37500000 0.50000000
vt 0.37500000 0.50000000
vt 0.62500000 0.50000000
vt 0.62500000 0.25000000
vt 0.37500000 0.25000000
vt 0.37500000 0.25000000
vt 0.62500000 0.25000000
vt 0.62500000 0.00000000
vt 0.37500000 0.00000000
vt 0.62500000 1.00000000
vt 0.87500000 1.00000000
vt 0.87500000 0.75000000
vt 0.62500000 0.75000000
vt 0.12500000 1.00000000
vt 0.37500000 1.00000000
vt 0.37500000 0.75000000
vt 0.12500000 0.75000000
vt 0.37500000 1.00000000
vt 0.62500000 1.00000000
vt 0.62500000 0.75000000
vt 0.37500000 0.75000000
vt 0.37500000 0.75000000
vt 0.62500000 0.75000000
vt 0.62500000 0.50000000
vt 0.37500000 0.50000000
vt 0.37500000 0.50000000
vt 0.62500000 0.50000000
vt 0.62500000 0.25000000
vt 0.37500000 0.25000000
vt 0.37500000 0.25000000
vt 0.37500000 0.25000000
vt 0.62500000 0.25000000
vt 0.62500000 0.00000000
vt 0.62500000 0.00000000
vt 0.37500000 0.00000000
vt 0.62500000 1.00000000
vt 0.87500000 1.00000000
vt 0.87500000 0.75000000
vt 0.62500000 0.75000000
vt 0.12500000 1.00000000
vt 0.37500000 1.00000000
vt 0.37500000 0.75000000
vt 0.12500000 0.75000000
vt 0.37500000 1.00000000
vt 0.62500000 1.00000000
vt 0.62500000 0.75000000
vt 0.37500000 0.75000000
vt 0.37500000 0.75000000
vt 0.37500000 0.75000000
vt 0.62500000 0.75000000
vt 0.62500000 0.50000000
vt 0.62500000 0.50000000
vt 0.37500000 0.50000000
vt 0.37500000 0.50000000
vt 0.62500000 0.50000000
vt 0.62500000 0.25000000
vt 0.37500000 0.25000000
vt 0.37500000 0.25000000
vt 0.62500000 0.25000000
vt 0.62500000 0.00000000
vt 0.37500000 0.00000000
vt 0.62500000 1.00000000
vt 0.87500000 1.00000000
vt 0.87500000 0.75000000
vt 0.62500000 0.75000000
vt 0.12500000 1.00000000
vt 0.37500000 1.00000000
vt 0.37500000 0.75000000
vt 0.12500000 0.75000000
vt 0.37500000 1.00000000
vt 0.37500000 1.00000000
vt 0.62500000 1.00000000
vt 0.62500000 0.75000000
vt 0.62500000 0.75000000
vt 0.37500000 0.75000000
vt 0.37500000 0.75000000
vt 0.62500000 0.75000000
vt 0.62500000 0.50000000
vt 0.37500000 0.50000000
vt 0.37500000 0.50000000
vt 0.37500000 0.50000000
vt 0.62500000 0.50000000
vt 0.62500000 0.25000000
vt 0.62500000 0.25000000
vt 0.37500000 0.25000000
vt 0.37500000 0.25000000
vt 0.62500000 0.25000000
vt 0.62500000 0.00000000
vt 0.37500000 0.00000000
vt 0.62500000 1.00000000
vt 0.87500000 1.00000000
vt 0.87500000 0.75000000
vt 0.62500000 0.75000000
vt 0.12500000 1.00000000
vt 0.37500000 1.00000000
vt 0.37500000 0.75000000
vt 0.12500000 0.75000000
vt 0.37500000 1.00000000
vt 0.62500000 1.00000000
vt 0.62500000 0.75000000
vt 0.37500000 0.75000000
vt 0.37500000 0.75000000
vt 0.62500000 0.75000000
vt 0.62500000 0.50000000
vt 0.37500000 0.50000000
vt 0.37500000 0.50000000
vt 0.62500000 0.50000000
vt 0.62500000 0.25000000
vt 0.37500000 0.25000000
vt 0.37500000 0.25000000
vt 0.62500000 0.25000000
vt 0.62500000 0.00000000
vt 0.37500000 0.00000000
vt 0.62500000 1.00000000
vt 0.87500000 1.00000000
vt 0.87500000 0.75000000
vt 0.62500000 0.75000000
vt 0.12500000 1.00000000
vt 0.37500000 1.00000000
vt 0.37500000 0.75000000
vt 0.12500000 0.75000000
vt 0.37500000 1.00000000
vt 0.62500000 1.00000000
vt 0.62500000 0.75000000
vt 0.37500000 0.75000000
vt 0.37500000 0.75000000
vt 0.62500000 0.75000000
vt 0.62500000 0.50000000
vt 0.37500000 0.50000000
vt 0.37500000 0.50000000
vt 0.62500000 0.50000000
vt 0.62500000 0.25000000
vt 0.37500000 0.25000000
vt 0.37500000 0.25000000
vt 0.37500000 0.25000000
vt 0.62500000 0.25000000
vt 0.62500000 0.00000000
vt 0.62500000 0.00000000
vt 0.37500000 0.00000000
vt 0.62500000 1.00000000
vt 0.87500000 1.00000000
vt 0.87500000 0.75000000
vt 0.62500000 0.75000000
vt 0.12500000 1.00000000
vt 0.37500000 1.00000000
vt 0.37500000 0.75000000
vt 0.12500000 0.75000000
vt 0.37500000 1.00000000
vt 0.62500000 1.00000000
vt 0.62500000 0.75000000
vt 0.37500000 0.75000000
vt 0.37500000 0.75000000
vt 0.37500000 0.75000000
vt 0.62500000 0.75000000
vt 0.62500000 0.50000000
vt 0.62500000 0.50000000
vt 0.37500000 0.50000000
vt 0.37500000 0.50000000
vt 0.62500000 0.50000000
vt 0.62500000 0.25000000
vt 0.37500000 0.25000000
vt 0.37500000 0.25000000
vt 0.37500000 0.25000000
vt 0.62500000 0.25000000
vt 0.62500000 0.00000000
vt 0.62500000 0.00000000
vt 0.37500000 0.00000000
vt 0.62500000 1.00000000
vt 0.87500000 1.00000000
vt 0.87500000 0.75000000
vt 0.62500000 0.75000000
vt 0.12500000 1.00000000
vt 0.37500000 1.00000000
vt 0.37500000 0.75000000
vt 0.12500000 0.75000000
vt 0.37500000 1.00000000
vt 0.62500000 1.00000000
vt 0.62500000 0.75000000
vt 0.37500000 0.75000000
vt 0.37500000 0.75000000
vt 0.62500000 0.75000000
vt 0.62500000 0.50000000
vt 0.37500000 0.50000000
vt 0.37500000 0.50000000
vt 0.62500000 0.50000000
vt 0.62500000 0.25000000
vt 0.37500000 0.25000000
vt 0.37500000 0.25000000
vt 0.37500000 0.25000000
vt 0.62500000 0.25000000
vt 0.62500000 0.00000000
vt 0.62500000 0.00000000
vt 0.37500000 0.00000000
vt 0.62500000 1.00000000
vt 0.87500000 1.00000000
vt 0.87500000 0.75000000
vt 0.62500000 0.75000000
vt 0.12500000 1.00000000
vt 0.37500000 1.00000000
vt 0.37500000 0.75000000
vt 0.12500000 0.75000000
vt 0.37500000 1.00000000
vt 0.62500000 1.00000000
vt 0.62500000 0.75000000
vt 0.37500000 0.75000000
vt 0.37500000 0.75000000
vt 0.37500000 0.75000000
vt 0.62500000 0.75000000
vt 0.62500000 0.50000000
vt 0.62500000 0.50000000
vt 0.37500000 0.50000000
vt 0.37500000 0.50000000
vt 0.62500000 0.50000000
vt 0.62500000 0.25000000
vt 0.37500000 0.25000000
vt 0.37500000 0.25000000
vt 0.62500000 0.25000000
vt 0.62500000 0.00000000
vt 0.37500000 0.00000000
vt 0.62500000 1.00000000
vt 0.87500000 1.00000000
vt 0.87500000 0.75000000
vt 0.62500000 0.75000000
vt 0.12500000 1.00000000
vt 0.37500000 1.00000000
vt 0.37500000 0.75000000
vt 0.12500000 0.75000000
vt 0.37500000 1.00000000
vt 0.62500000 1.00000000
vt 0.62500000 0.75000000
vt 0.37500000 0.75000000
vt 0.37500000 0.75000000
vt 0.62500000 0.75000000
vt 0.62500000 0.50000000
vt 0.37500000 0.50000000
vt 0.37500000 0.50000000
vt 0.62500000 0.50000000
vt 0.62500000 0.25000000
vt 0.37500000 0.25000000
vt 0.37500000 0.25000000
vt 0.37500000 0.25000000
vt 0.62500000 0.25000000
vt 0.62500000 0.00000000
vt 0.62500000 0.00000000
vt 0.37500000 0.00000000
vt 0.62500000 1.00000000
vt 0.87500000 1.00000000
vt 0.87500000 0.75000000
vt 0.62500000 0.75000000
vt 0.12500000 1.00000000
vt 0.37500000 1.00000000
vt 0.37500000 0.75000000
vt 0.12500000 0.75000000
vt 0.37500000 1.00000000
vt 0.62500000 1.00000000
vt 0.62500000 0.75000000
vt 0.37500000 0.75000000
vt 0.37500000 0.75000000
vt 0.37500000 0.75000000
vt 0.62500000 0.75000000
vt 0.62500000 0.50000000
vt 0.62500000 0.50000000
vt 0.37500000 0.50000000
vt 0.37500000 0.50000000
vt 0.62500000 0.50000000
vt 0.62500000 0.25000000
vt 0.37500000 0.25000000
vt 0.37500000 0.25000000
vt 0.37500000 0.25000000
vt 0.62500000 0.25000000
vt 0.62500000 0.00000000
vt 0.62500000 0.00000000
vt 0.37500000 0.00000000
vt 0.62500000 1.00000000
vt 0.87500000 1.00000000
vt 0.87500000 0.75000000
vt 0.62500000 0.75000000
vt 0.12500000 1.00000000
vt 0.37500000 1.00000000
vt 0.37500000 0.75000000
vt 0.12500000 0.75000000
vt 0.37500000 1.00000000
vt 0.62500000 1.00000000
vt 0.62500000 0.75000000
vt 0.37500000 0.75000000
vt 0.37500000 0.75000000
vt 0.62500000 0.75000000
vt 0.62500000 0.50000000
vt 0.37500000 0.50000000
vt 0.37500000 0.50000000
vt 0.62500000 0.50000000
vt 0.62500000 0.25000000
vt 0.37500000 0.25000000
vt 0.37500000 0.25000000
vt 0.37500000 0.25000000
vt 0.62500000 0.25000000
vt 0.62500000 0.00000000
vt 0.62500000 0.00000000
vt 0.37500000 0.00000000
vt 0.62500000 1.00000000
vt 0.87500000 1.00000000
vt 0.87500000 0.75000000
vt 0.62500000 0.75000000
vt 0.12500000 1.00000000
vt 0.37500000 1.00000000
vt 0.37500000 0.75000000
vt 0.12500000 0.75000000
vt 0.37500000 1.00000000
vt 0.62500000 1.00000000
vt 0.62500000 0.75000000
vt 0.37500000 0.75000000
vt 0.37500000 0.75000000
vt 0.62500000 0.75000000
vt 0.62500000 0.50000000
vt 0.37500000 0.50000000
vt 0.37500000 0.50000000
vt 0.62500000 0.50000000
vt 0.62500000 0.25000000
vt 0.37500000 0.25000000
vt 0.37500000 0.25000000
vt 0.37500000 0.25000000
vt 0.62500000 0.25000000
vt 0.62500000 0.00000000
vt 0.62500000 0.00000000
vt 0.37500000 0.00000000
vt 0.62500000 1.00000000
vt 0.87500000 1.00000000
vt 0.87500000 0.75000000
vt 0.62500000 0.75000000
vt 0.12500000 1.00000000
vt 0.37500000 1.00000000
vt 0.37500000 0.75000000
vt 0.12500000 0.75000000
vt 0.37500000 1.00000000
vt 0.62500000 1.00000000
vt 0.62500000 0.75000000
vt 0.37500000 0.75000000
vt 0.37500000 0.75000000
vt 0.37500000 0.75000000
vt 0.62500000 0.75000000
vt 0.62500000 0.50000000
vt 0.62500000 0.50000000
vt 0.37500000 0.50000000
vt 0.37500000 0.50000000
vt 0.62500000 0.50000000
vt 0.62500000 0.25000000
vt 0.37500000 0.25000000
vt 0.37500000 0.25000000
vt 0.37500000 0.25000000
vt 0.62500000 0.25000000
vt 0.62500000 0.00000000
vt 0.62500000 0.00000000
vt 0.37500000 0.00000000
vt 0.62500000 1.00000000
vt 0.87500000 1.00000000
vt 0.87500000 0.75000000
vt 0.62500000 0.75000000
vt 0.12500000 1.00000000
vt 0.37500000 1.00000000
vt 0.37500000 0.75000000
vt 0.12500000 0.75000000
vt 0.37500000 1.00000000
vt 0.62500000 1.00000000
vt 0.62500000 0.75000000
vt 0.37500000 0.75000000
vt 0.37500000 0.75000000
vt 0.37500000 0.75000000
vt 0.62500000 0.75000000
vt 0.62500000 0.50000000
vt 0.62500000 0.50000000
vt 0.37500000 0.50000000
vt 0.37500000 0.50000000
vt 0.62500000 0.50000000
vt 0.62500000 0.25000000
vt 0.37500000 0.25000000
vt 0.37500000 0.25000000
vt 0.62500000 0.25000000
vt 0.62500000 0.00000000
vt 0.37500000 0.00000000
vt 0.62500000 1.00000000
vt 0.87500000 1.00000000
vt 0.87500000 0.75000000
vt 0.62500000 0.75000000
vt 0.12500000 1.00000000
vt 0.37500000 1.00000000
vt 0.37500000 0.75000000
vt 0.12500000 0.75000000
vt 0.37500000 1.00000000
vt 0.62500000 1.00000000
vt 0.62500000 0.75000000
vt 0.37500000 0.75000000
vt 0.37500000 0.75000000
vt 0.37500000 0.75000000
vt 0.62500000 0.75000000
vt 0.62500000 0.50000000
vt 0.62500000 0.50000000
vt 0.37500000 0.50000000
vt 0.37500000 0.50000000
vt 0.62500000 0.50000000
vt 0.62500000 0.25000000
vt 0.37500000 0.25000000
vt 0.37500000 0.25000000
vt 0.62500000 0.25000000
vt 0.62500000 0.00000000
vt 0.37500000 0.00000000
vt 0.62500000 1.00000000
vt 0.87500000 1.00000000
vt 0.87500000 0.75000000
vt 0.62500000 0.75000000
vt 0.12500000 1.00000000
vt 0.37500000 1.00000000
vt 0.37500000 0.75000000
vt 0.12500000 0.75000000
vt 0.37500000 1.00000000
vt 0.62500000 1.00000000
vt 0.62500000 0.75000000
vt 0.37500000 0.75000000
vt 0.37500000 0.75000000
vt 0.62500000 0.75000000
vt 0.62500000 0.50000000
vt 0.37500000 0.50000000
vt 0.37500000 0.50000000
vt 0.62500000 0.50000000
vt 0.62500000 0.25000000
vt 0.37500000 0.25000000
vt 0.37500000 0.25000000
vt 0.62500000 0.25000000
vt 0.62500000 0.00000000
vt 0.37500000 0.00000000
vt 0.62500000 1.00000000
vt 0.87500000 1.00000000
vt 0.87500000 0.75000000
vt 0.62500000 0.75000000
vt 0.12500000 1.00000000
vt 0.37500000 1.00000000
vt 0.37500000 0.75000000
vt 0.12500000 0.75000000
vt 0.37500000 1.00000000
vt 0.62500000 1.00000000
vt 0.62500000 0.75000000
vt 0.37500000 0.75000000
vt 0.37500000 0.75000000
vt 0.37500000 0.75000000
vt 0.62500000 0.75000000
vt 0.62500000 0.50000000
vt 0.62500000 0.50000000
vt 0.37500000 0.50000000
vt 0.37500000 0.50000000
vt 0.62500000 0.50000000
vt 0.62500000 0.25000000
vt 0.37500000 0.25000000
vt 0.37500000 0.25000000
vt 0.37500000 0.25000000
vt 0.62500000 0.25000000
vt 0.62500000 0.00000000
vt 0.62500000 0.00000000
vt 0.37500000 0.00000000
vt 0.62500000 1.00000000
vt 0.87500000 1.00000000
vt 0.87500000 0.75000000
vt 0.62500000 0.75000000
vt 0.12500000 1.00000000
vt 0.37500000 1.00000000
vt 0.37500000 0.75000000
vt 0.12500000 0.75000000
vt 0.37500000 1.00000000
vt 0.62500000 1.00000000
vt 0.62500000 0.75000000
vt 0.37500000 0.75000000
vt 0.37500000 0.75000000
vt 0.37500000 0.75000000
vt 0.62500000 0.75000000
vt 0.62500000 0.50000000
vt 0.62500000 0.50000000
vt 0.37500000 0.50000000
vt 0.37500000 0.50000000
vt 0.62500000 0.50000000
vt 0.62500000 0.25000000
vt 0.37500000 0.25000000
vt 0.37500000 0.25000000
vt 0.37500000 0.25000000
vt 0.62500000 0.25000000
vt 0.62500000 0.00000000
vt 0.62500000 0.00000000
vt 0.37500000 0.00000000
vt 0.62500000 1.00000000
vt 0.87500000 1.00000000
vt 0.87500000 0.75000000
vt 0.62500000 0.75000000
vt 0.12500000 1.00000000
vt 0.37500000 1.00000000
vt 0.37500000 0.75000000
vt 0.12500000 0.75000000
vt 0.37500000 1.00000000
vt 0.62500000 1.00000000
vt 0.62500000 0.75000000
vt 0.37500000 0.75000000
vt 0.37500000 0.75000000
vt 0.62500000 0.75000000
vt 0.62500000 0.50000000
vt 0.37500000 0.50000000
vt 0.37500000 0.50000000
vt 0.62500000 0.50000000
vt 0.62500000 0.25000000
vt 0.37500000 0.25000000
vt 0.37500000 0.25000000
vt 0.62500000 0.25000000
vt 0.62500000 0.00000000
vt 0.37500000 0.00000000
vt 0.62500000 1.00000000
vt 0.87500000 1.00000000
vt 0.87500000 0.75000000
vt 0.62500000 0.75000000
vt 0.12500000 1.00000000
vt 0.37500000 1.00000000
vt 0.37500000 0.75000000
vt 0.12500000 0.75000000
vt 0.37500000 1.00000000
vt 0.62500000 1.00000000
vt 0.62500000 0.75000000
vt 0.37500000 0.75000000
vt 0.37500000 0.75000000
vt 0.62500000 0.75000000
vt 0.62500000 0.50000000
vt 0.37500000 0.50000000
vt 0.37500000 0.50000000
vt 0.62500000 0.50000000
vt 0.62500000 0.25000000
vt 0.37500000 0.25000000
vt 0.37500000 0.25000000
vt 0.37500000 0.25000000
vt 0.62500000 0.25000000
vt 0.62500000 0.00000000
vt 0.62500000 0.00000000
vt 0.37500000 0.00000000
vt 0.62500000 1.00000000
vt 0.87500000 1.00000000
vt 0.87500000 0.75000000
vt 0.62500000 0.75000000
vt 0.12500000 1.00000000
vt 0.37500000 1.00000000
vt 0.37500000 0.75000000
vt 0.12500000 0.75000000
vt 0.37500000 1.00000000
vt 0.62500000 1.00000000
vt 0.62500000 0.75000000
vt 0.37500000 0.75000000
vt 0.37500000 0.75000000
vt 0.37500000 0.75000000
vt 0.62500000 0.75000000
vt 0.62500000 0.50000000
vt 0.62500000 0.50000000
vt 0.37500000 0.50000000
vt 0.37500000 0.50000000
vt 0.62500000 0.50000000
vt 0.62500000 0.25000000
vt 0.37500000 0.25000000
vt 0.37500000 0.25000000
vt 0.37500000 0.25000000
vt 0.62500000 0.25000000
vt 0.62500000 0.00000000
vt 0.62500000 0.00000000
vt 0.37500000 0.00000000
vt 0.62500000 1.00000000
vt 0.87500000 1.00000000
vt 0.87500000 0.75000000
vt 0.62500000 0.75000000
vt 0.12500000 1.00000000
vt 0.37500000 1.00000000
vt 0.37500000 0.75000000
vt 0.12500000 0.75000000
vt 0.37500000 1.00000000
vt 0.62500000 1.00000000
vt 0.62500000 0.75000000
vt 0.37500000 0.75000000
vt 0.37500000 0.75000000
vt 0.62500000 0.75000000
vt 0.62500000 0.50000000
vt 0.37500000 0.50000000
vt 0.37500000 0.50000000
vt 0.62500000 0.50000000
vt 0.62500000 0.25000000
vt 0.37500000 0.25000000
vt 0.37500000 0.25000000
vt 0.37500000 0.25000000
vt 0.62500000 0.25000000
vt 0.62500000 0.00000000
vt 0.62500000 0.00000000
vt 0.37500000 0.00000000
vt 0.62500000 1.00000000
vt 0.87500000 1.00000000
vt 0.87500000 0.75000000
vt 0.62500000 0.75000000
vt 0.12500000 1.00000000
vt 0.37500000 1.00000000
vt 0.37500000 0.75000000
vt 0.12500000 0.75000000
vt 0.37500000 1.00000000
vt 0.62500000 1.00000000
vt 0.62500000 0.75000000
vt 0.37500000 0.75000000
vt 0.37500000 0.75000000
vt 0.37500000 0.75000000
vt 0.62500000 0.75000000
vt 0.62500000 0.50000000
vt 0.62500000 0.50000000
vt 0.37500000 0.50000000
vt 0.37500000 0.50000000
vt 0.62500000 0.50000000
vt 0.62500000 0.25000000
vt 0.37500000 0.25000000
vt 0.37500000 0.25000000
vt 0.37500000 0.25000000
vt 0.62500000 0.25000000
vt 0.62500000 0.00000000
vt 0.62500000 0.00000000
vt 0.37500000 0.00000000
vt 0.62500000 1.00000000
vt 0.87500000 1.00000000
vt 0.87500000 0.75000000
vt 0.62500000 0.75000000
vt 0.12500000 1.00000000
vt 0.37500000 1.00000000
vt 0.37500000 0.75000000
vt 0.12500000 0.75000000
f 1/1/1 2/2/2 3/3/3
f 4/4/4 1/1/1 3/3/3
f 5/5/5 4/4/4 3/3/3
f 6/6/6 5/5/5 3/3/3
f 7/7/7 6/6/6 3/3/3
f 8/8/8 7/7/7 3/3/3
f 9/9/9 8/8/8 3/3/3
f 10/10/10 9/9/9 3/3/3
f 11/11/11 10/10/10 3/3/3
f 12/12/12 11/11/11 3/3/3
f 13/13/13 12/12/12 3/3/3
f 14/14/14 13/13/13 3/3/3
f 15/15/15 14/14/14 3/3/3
f 16/16/16 15/15/15 3/3/3
f 17/17/17 16/16/16 3/3/3
f 18/18/18 17/17/17 3/3/3
f 19/19/19 18/18/18 3/3/3
f 20/20/20 19/19/19 3/3/3
f 21/21/21 20/20/20 3/3/3
f 2/2/2 21/21/21 3/3/3
f 22/22/22 23/23/23 24/24/24
f 23/23/23 25/25/25 24/24/24
f 25/25/25 26/26/26 24/24/24
f 26/26/26 27/27/27 24/24/24
f 27/27/27 28/28/28 24/24/24
f 28/28/28 29/29/29 24/24/24
f 29/29/29 30/30/30 24/24/24
f 30/30/30 31/31/31 24/24/24
f 31/31/31 32/32/32 24/24/24
f 32/32/32 33/33/33 24/24/24
f 33/33/33 34/34/34 24/24/24
f 34/34/34 35/35/35 24/24/24
f 35/35/35 36/36/36 24/24/24
f 36/36/36 37/37/37 24/24/24
f 37/37/37 38/38/38 24/24/24
f 38/38/38 39/39/39 24/24/24
f 39/39/39 40/40/40 24/24/24
f 40/40/40 41/41/41 24/24/24
f 41/41/41 42/42/42 24/24/24
f 42/42/42 22/22/22 24/24/24
f 413/413/413 414/414/414 415/415/415
f 413/413/413 415/415/415 416/416/416
f 417/417/417 418/418/418 419/419/419
f 417/417/417 419/419/419 421/421/421
f 422/422/422 424/424/424 426/426/426
f 422/422/422 426/426/426 429/429/429
f 430/430/430 431/431/431 433/433/433
f 430/430/430 433/433/433 434/434/434
f 437/437/437 438/438/438 440/440/440
f 437/437/437 440/440/440 441/441/441
f 444/444/444 446/446/446 448/448/448
f 445/445/445 449/449/449 451/451/451
f 454/454/454 456/456/456 458/458/458
f 453/453/453 457/457/457 459/459/459
f 461/461/461 462/462/462 463/463/463
f 461/461/461 463/463/463 465/465/465
f 468/468/468 469/469/469 471/471/471
f 468/468/468 471/471/471 472/472/472
f 474/474/474 475/475/475 476/476/476
f 474/474/474 476/476/476 477/477/477
f 478/478/478 479/479/479 480/480/480
f 478/478/478 480/480/480 482/482/482
f 483/483/483 484/484/484 485/485/485
f 483/483/483 485/485/485 487/487/487
f 488/488/488 489/489/489 490/490/490
f 488/488/488 490/490/490 491/491/491
f 493/493/493 496/496/496 497/497/497
f 493/493/493 497/497/497 501/501/501
f 503/503/503 504/504/504 506/506/506
f 502/502/502 507/507/507 508/508/508
f 510/510/510 512/512/512 515/515/515
f 511/511/511 514/514/514 516/516/516
f 518/518/518 519/519/519 521/521/521
f 518/518/518 521/521/521 523/523/523
f 524/524/524 525/525/525 526/526/526
f 524/524/524 526/526/526 529/529/529
f 530/530/530 531/531/531 532/532/532
f 530/530/530 532/532/532 533/533/533
f 535/535/535 536/536/536 537/537/537
f 535/535/535 537/537/537 538/538/538
f 539/539/539 540/540/540 541/541/541
f 539/539/539 541/541/541 542/542/542
f 544/544/544 546/546/546 547/547/547
f 544/544/544 547/547/547 548/548/548
f 549/549/549 550/550/550 551/551/551
f 549/549/549 551/551/551 552/552/552
f 553/553/553 555/555/555 556/556/556
f 553/553/553 556/556/556 557/557/557
f 558/558/558 559/559/559 560/560/560
f 558/558/558 560/560/560 561/561/561
f 562/562/562 563/563/563 564/564/564
f 562/562/562 564/564/564 565/565/565
f 566/566/566 567/567/567 569/569/569
f 566/566/566 569/569/569 570/570/570
f 571/571/571 573/573/573 575/575/575
f 571/571/571 575/575/575 576/576/576
f 578/578/578 579/579/579 580/580/580
f 578/578/578 580/580/580 581/581/581
f 583/583/583 585/585/585 586/586/586
f 583/583/583 586/586/586 587/587/587
f 588/588/588 590/590/590 591/591/591
f 588/588/588 591/591/591 592/592/592
f 593/593/593 594/594/594 595/595/595
f 593/593/593 595/595/595 596/596/596
f 597/597/597 598/598/598 599/599/599
f 597/597/597 599/599/599 600/600/600
f 601/601/601 603/603/603 605/605/605
f 601/601/601 605/605/605 606/606/606
f 607/607/607 608/608/608 609/609/609
f 607/607/607 609/609/609 610/610/610
f 611/611/611 613/613/613 614/614/614
f 611/611/611 614/614/614 615/615/615
f 616/616/616 617/617/617 618/618/618
f 616/616/616 618/618/618 619/619/619
f 620/620/620 621/621/621 622/622/622
f 620/620/620 622/622/622 623/623/623
f 624/624/624 626/626/626 627/627/627
f 624/624/624 627/627/627 628/628/628
f 629/629/629 630/630/630 631/631/631
f 629/629/629 631/631/631 632/632/632
f 696/696/696 697/697/697 536/536/536
f 696/696/696 536/536/536 535/535/535
f 699/699/699 702/702/702 531/531/531
f 699/699/699 531/531/531 530/530/530
f 703/703/703 705/705/705 525/525/525
f 703/703/703 525/525/525 524/524/524
f 707/707/707 710/710/710 520/520/520
f 708/708/708 519/519/519 518/518/518
f 712/712/712 714/714/714 513/513/513
f 711/711/711 512/512/512 510/510/510
f 715/715/715 717/717/717 505/505/505
f 715/715/715 505/505/505 502/502/502
f 719/719/719 721/721/721 496/496/496
f 720/720/720 495/495/495 494/494/494
f 724/724/724 726/726/726 489/489/489
f 724/724/724 489/489/489 488/488/488
f 728/728/728 730/730/730 484/484/484
f 728/728/728 484/484/484 483/483/483
f 731/731/731 732/732/732 479/479/479
f 731/731/731 479/479/479 478/478/478
f 735/735/735 737/737/737 475/475/475
f 735/735/735 475/475/475 474/474/474
f 738/738/738 739/739/739 469/469/469
f 738/738/738 469/469/469 468/468/468
f 742/742/742 744/744/744 462/462/462
f 742/742/742 462/462/462 461/461/461
f 745/745/745 747/747/747 455/455/455
f 745/745/745 455/455/455 453/453/453
f 748/748/748 749/749/749 447/447/447
f 748/748/748 447/447/447 445/445/445
f 751/751/751 753/753/753 438/438/438
f 751/751/751 438/438/438 437/437/437
f 756/756/756 757/757/757 431/431/431
f 756/756/756 431/431/431 430/430/430
f 759/759/759 762/762/762 424/424/424
f 760/760/760 425/425/425 423/423/423
f 763/763/763 765/765/765 418/418/418
f 763/763/763 418/418/418 417/417/417
f 766/766/766 767/767/767 414/414/414
f 766/766/766 414/414/414 413/413/413
f 768/768/768 769/769/769 697/697/697
f 768/768/768 697/697/697 696/696/696
f 770/770/770 772/772/772 701/701/701
f 771/771/771 700/700/700 698/698/698
f 773/773/773 775/775/775 705/705/705
f 774/774/774 706/706/706 704/704/704
f 776/776/776 778/778/778 710/710/710
f 777/777/777 709/709/709 708/708/708
f 780/780/780 781/781/781 714/714/714
f 779/779/779 713/713/713 711/711/711
f 782/782/782 784/784/784 717/717/717
f 783/783/783 718/718/718 716/716/716
f 786/786/786 787/787/787 722/722/722
f 785/785/785 721/721/721 719/719/719
f 788/788/788 789/789/789 725/725/725
f 788/788/788 725/725/725 723/723/723
f 790/790/790 792/792/792 730/730/730
f 791/791/791 729/729/729 727/727/727
f 793/793/793 795/795/795 733/733/733
f 794/794/794 732/732/732 731/731/731
f 797/797/797 798/798/798 737/737/737
f 796/796/796 736/736/736 734/734/734
f 799/799/799 801/801/801 740/740/740
f 800/800/800 739/739/739 738/738/738
f 803/803/803 804/804/804 744/744/744
f 802/802/802 743/743/743 741/741/741
f 805/805/805 807/807/807 746/746/746
f 806/806/806 747/747/747 745/745/745
f 808/808/808 810/810/810 750/750/750
f 809/809/809 749/749/749 748/748/748
f 811/811/811 812/812/812 754/754/754
f 811/811/811 754/754/754 752/752/752
f 814/814/814 815/815/815 757/757/757
f 813/813/813 758/758/758 755/755/755
f 816/816/816 818/818/818 762/762/762
f 817/817/817 761/761/761 760/760/760
f 819/819/819 821/821/821 764/764/764
f 820/820/820 765/765/765 763/763/763
f 822/822/822 823/823/823 767/767/767
f 822/822/822 767/767/767 766/766/766
f 416/416/416 415/415/415 824/824/824
f 416/416/416 824/824/824 825/825/825
f 421/421/421 419/419/419 827/827/827
f 420/420/420 826/826/826 828/828/828
f 428/428/428 427/427/427 829/829/829
f 429/429/429 830/830/830 831/831/831
f 435/435/435 432/432/432 832/832/832
f 436/436/436 833/833/833 834/834/834
f 443/443/443 439/439/439 835/835/835
f 442/442/442 836/836/836 837/837/837
f 452/452/452 450/450/450 839/839/839
f 451/451/451 838/838/838 840/840/840
f 459/459/459 457/457/457 841/841/841
f 460/460/460 842/842/842 843/843/843
f 466/466/466 464/464/464 844/844/844
f 467/467/467 845/845/845 846/846/846
f 473/473/473 470/470/470 847/847/847
f 472/472/472 848/848/848 849/849/849
f 477/477/477 476/476/476 850/850/850
f 477/477/477 850/850/850 851/851/851
f 482/482/482 480/480/480 853/853/853
f 481/481/481 852/852/852 854/854/854
f 487/487/487 485/485/485 856/856/856
f 486/486/486 855/855/855 857/857/857
f 491/491/491 490/490/490 859/859/859
f 492/492/492 858/858/858 860/860/860
f 500/500/500 498/498/498 861/861/861
f 499/499/499 862/862/862 863/863/863
f 508/508/508 507/507/507 864/864/864
f 509/509/509 865/865/865 866/866/866
f 517/517/517 515/515/515 868/868/868
f 516/516/516 867/867/867 869/869/869
f 523/523/523 521/521/521 871/871/871
f 522/522/522 870/870/870 872/872/872
f 528/528/528 527/527/527 873/873/873
f 529/529/529 874/874/874 875/875/875
f 533/533/533 532/532/532 877/877/877
f 534/534/534 876/876/876 878/878/878
f 538/538/538 537/537/537 879/879/879
f 538/538/538 879/879/879 880/880/880
f 1112/1112/1112 1113/1113/1113 630/630/630
f 1112/1112/1112 630/630/630 629/629/629
f 1114/1114/1114 1116/1116/1116 625/625/625
f 1115/1115/1115 626/626/626 624/624/624
f 1117/1117/1117 1118/1118/1118 621/621/621
f 1117/1117/1117 621/621/621 620/620/620
f 1119/1119/1119 1120/1120/1120 617/617/617
f 1119/1119/1119 617/617/617 616/616/616
f 1121/1121/1121 1123/1123/1123 612/612/612
f 1122/1122/1122 613/613/613 611/611/611
f 1124/1124/1124 1125/1125/1125 608/608/608
f 1124/1124/1124 608/608/608 607/607/607
f 1127/1127/1127 1128/1128/1128 603/603/603
f 1126/1126/1126 604/604/604 602/602/602
f 1129/1129/1129 1130/1130/1130 598/598/598
f 1129/1129/1129 598/598/598 597/597/597
f 1131/1131/1131 1132/1132/1132 594/594/594
f 1131/1131/1131 594/594/594 593/593/593
f 1133/1133/1133 1135/1135/1135 589/589/589
f 1134/1134/1134 590/590/590 588/588/588
f 1137/1137/1137 1138/1138/1138 585/585/585
f 1136/1136/1136 584/584/584 582/582/582
f 1139/1139/1139 1140/1140/1140 579/579/579
f 1139/1139/1139 579/579/579 578/578/578
f 1141/1141/1141 1143/1143/1143 573/573/573
f 1142/1142/1142 574/574/574 572/572/572
f 1145/1145/1145 1146/1146/1146 568/568/568
f 1144/1144/1144 567/567/567 566/566/566
f 1147/1147/1147 1148/1148/1148 563/563/563
f 1147/1147/1147 563/563/563 562/562/562
f 1149/1149/1149 1150/1150/1150 559/559/559
f 1149/1149/1149 559/559/559 558/558/558
f 1151/1151/1151 1153/1153/1153 554/554/554
f 1152/1152/1152 555/555/555 553/553/553
f 1154/1154/1154 1155/1155/1155 550/550/550
f 1154/1154/1154 550/550/550 549/549/549
f 1156/1156/1156 1157/1157/1157 545/545/545
f 1156/1156/1156 545/545/545 543/543/543
f 1158/1158/1158 1159/1159/1159 540/540/540
f 1158/1158/1158 540/540/540 539/539/539
f 1160/1160/1160 1163/1163/1163 1165/1165/1165
f 1161/1161/1161 1164/1164/1164 1166/1166/1166
f 1167/1167/1167 1169/1169/1169 1170/1170/1170
f 1168/1168/1168 1171/1171/1171 1172/1172/1172
f 1174/1174/1174 1175/1175/1175 1176/1176/1176
f 1174/1174/1174 1176/1176/1176 1178/1178/1178
f 1180/1180/1180 1181/1181/1181 1182/1182/1182
f 1180/1180/1180 1182/1182/1182 1183/1183/1183
f 1184/1184/1184 1185/1185/1185 1186/1186/1186
f 1184/1184/1184 1186/1186/1186 1187/1187/1187
f 1188/1188/1188 1190/1190/1190 1192/1192/1192
f 1189/1189/1189 1193/1193/1193 1194/1194/1194
f 1196/1196/1196 1197/1197/1197 1199/1199/1199
f 1196/1196/1196 1199/1199/1199 1200/1200/1200
f 1202/1202/1202 1204/1204/1204 1207/1207/1207
f 1202/1202/1202 1207/1207/1207 1208/1208/1208
f 1210/1210/1210 1211/1211/1211 1212/1212/1212
f 1210/1210/1210 1212/1212/1212 1213/1213/1213
f 1214/1214/1214 1215/1215/1215 1216/1216/1216
f 1214/1214/1214 1216/1216/1216 1219/1219/1219
f 1221/1221/1221 1223/1223/1223 1224/1224/1224
f 1220/1220/1220 1225/1225/1225 1226/1226/1226
f 1227/1227/1227 1228/1228/1228 1229/1229/1229
f 1227/1227/1227 1229/1229/1229 1232/1232/1232
f 1234/1234/1234 1235/1235/1235 1237/1237/1237
f 1233/1233/1233 1236/1236/1236 1239/1239/1239
f 1241/1241/1241 1242/1242/1242 1244/1244/1244
f 1240/1240/1240 1243/1243/1243 1246/1246/1246
f 1247/1247/1247 1248/1248/1248 1249/1249/1249
f 1247/1247/1247 1249/1249/1249 1250/1250/1250
f 1251/1251/1251 1253/1253/1253 1255/1255/1255
f 1252/1252/1252 1254/1254/1254 1256/1256/1256
f 1258/1258/1258 1259/1259/1259 1260/1260/1260
f 1258/1258/1258 1260/1260/1260 1261/1261/1261
f 1263/1263/1263 1264/1264/1264 1265/1265/1265
f 1263/1263/1263 1265/1265/1265 1266/1266/1266
f 1268/1268/1268 1269/1269/1269 1271/1271/1271
f 1267/1267/1267 1270/1270/1270 1272/1272/1272
f 1275/1275/1275 1276/1276/1276 1278/1278/1278
f 1274/1274/1274 1277/1277/1277 1280/1280/1280
f 1166/1166/1166 1164/1164/1164 1281/1281/1281
f 1166/1166/1166 1281/1281/1281 1282/1282/1282
f 1172/1172/1172 1171/1171/1171 1283/1283/1283
f 1173/1173/1173 1284/1284/1284 1285/1285/1285
f 1179/1179/1179 1177/1177/1177 1286/1286/1286
f 1178/1178/1178 1287/1287/1287 1288/1288/1288
f 1183/1183/1183 1182/1182/1182 1289/1289/1289
f 1183/1183/1183 1289/1289/1289 1290/1290/1290
f 1187/1187/1187 1186/1186/1186 1291/1291/1291
f 1194/1194/1194 1193/1193/1193 1294/1294/1294
f 1195/1195/1195 1293/1293/1293 1295/1295/1295
f 1201/1201/1201 1198/1198/1198 1296/1296/1296
f 1200/1200/1200 1297/1297/1297 1298/1298/1298
f 1209/1209/1209 1206/1206/1206 1300/1300/1300
f 1208/1208/1208 1299/1299/1299 1301/1301/1301
f 1213/1213/1213 1212/1212/1212 1302/1302/1302
f 1213/1213/1213 1302/1302/1302 1303/1303/1303
f 1218/1218/1218 1217/1217/1217 1304/1304/1304
f 1219/1219/1219 1305/1305/1305 1306/1306/1306
f 1226/1226/1226 1225/1225/1225 1307/1307/1307
f 1226/1226/1226 1307/1307/1307 1308/1308/1308
f 1231/1231/1231 1230/1230/1230 1310/1310/1310
f 1232/1232/1232 1309/1309/1309 1311/1311/1311
f 1238/1238/1238 1237/1237/1237 1312/1312/1312
f 1238/1238/1238 1312/1312/1312 1313/1313/1313
f 1245/1245/1245 1244/1244/1244 1314/1314/1314
f 1245/1245/1245 1314/1314/1314 1315/1315/1315
f 1250/1250/1250 1249/1249/1249 1316/1316/1316
f 1250/1250/1250 1316/1316/1316 1317/1317/1317
f 1256/1256/1256 1254/1254/1254 1318/1318/1318
f 1257/1257/1257 1319/1319/1319 1320/1320/1320
f 1261/1261/1261 1260/1260/1260 1322/1322/1322
f 1262/1262/1262 1321/1321/1321 1323/1323/1323
f 1266/1266/1266 1265/1265/1265 1324/1324/1324
f 1266/1266/1266 1324/1324/1324 1325/1325/1325
f 1273/1273/1273 1271/1271/1271 1326/1326/1326
f 1272/1272/1272 1327/1327/1327 1328/1328/1328
f 1279/1279/1279 1278/1278/1278 1329/1329/1329
f 1279/1279/1279 1329/1329/1329 1330/1330/1330
f 632/632/632 631/631/631 1276/1276/1276
f 632/632/632 1276/1276/1276 1275/1275/1275
f 628/628/628 627/627/627 1269/1269/1269
f 628/628/628 1269/1269/1269 1268/1268/1268
f 623/623/623 622/622/622 1264/1264/1264
f 623/623/623 1264/1264/1264 1263/1263/1263
f 619/619/619 618/618/618 1259/1259/1259
f 619/619/619 1259/1259/1259 1258/1258/1258
f 615/615/615 614/614/614 1253/1253/1253
f 615/615/615 1253/1253/1253 1251/1251/1251
f 610/610/610 609/609/609 1248/1248/1248
f 610/610/610 1248/1248/1248 1247/1247/1247
f 606/606/606 605/605/605 1242/1242/1242
f 606/606/606 1242/1242/1242 1241/1241/1241
f 600/600/600 599/599/599 1235/1235/1235
f 600/600/600 1235/1235/1235 1234/1234/1234
f 596/596/596 595/595/595 1228/1228/1228
f 596/596/596 1228/1228/1228 1227/1227/1227
f 592/592/592 591/591/591 1222/1222/1222
f 592/592/592 1222/1222/1222 1220/1220/1220
f 587/587/587 586/586/586 1215/1215/1215
f 587/587/587 1215/1215/1215 1214/1214/1214
f 581/581/581 580/580/580 1211/1211/1211
f 581/581/581 1211/1211/1211 1210/1210/1210
f 576/576/576 575/575/575 1204/1204/1204
f 577/577/577 1205/1205/1205 1203/1203/1203
f 570/570/570 569/569/569 1197/1197/1197
f 570/570/570 1197/1197/1197 1196/1196/1196
f 565/565/565 564/564/564 1191/1191/1191
f 565/565/565 1191/1191/1191 1189/1189/1189
f 561/561/561 560/560/560 1185/1185/1185
f 561/561/561 1185/1185/1185 1184/1184/1184
f 557/557/557 556/556/556 1181/1181/1181
f 557/557/557 1181/1181/1181 1180/1180/1180
f 552/552/552 551/551/551 1175/1175/1175
f 552/552/552 1175/1175/1175 1174/1174/1174
f 548/548/548 547/547/547 1169/1169/1169
f 548/548/548 1169/1169/1169 1167/1167/1167
f 542/542/542 541/541/541 1162/1162/1162
f 542/542/542 1162/1162/1162 1161/1161/1161
f 43/43/43 44/44/44 45/45/45
f 43/43/43 45/45/45 46/46/46
f 44/44/44 47/47/47 48/48/48
f 44/44/44 48/48/48 45/45/45
f 47/47/47 49/49/49 50/50/50
f 47/47/47 50/50/50 48/48/48
f 49/49/49 51/51/51 52/52/52
f 49/49/49 52/52/52 50/50/50
f 51/51/51 53/53/53 54/54/54
f 51/51/51 54/54/54 52/52/52
f 53/53/53 55/55/55 56/56/56
f 53/53/53 56/56/56 54/54/54
f 55/55/55 57/57/57 58/58/58
f 55/55/55 58/58/58 56/56/56
f 57/57/57 59/59/59 60/60/60
f 57/57/57 60/60/60 58/58/58
f 59/59/59 61/61/61 62/62/62
f 59/59/59 62/62/62 60/60/60
f 61/61/61 63/63/63 64/64/64
f 61/61/61 64/64/64 62/62/62
f 63/63/63 65/65/65 66/66/66
f 63/63/63 66/66/66 64/64/64
f 65/65/65 67/67/67 68/68/68
f 65/65/65 68/68/68 66/66/66
f 67/67/67 69/69/69 70/70/70
f 67/67/67 70/70/70 68/68/68
f 69/69/69 71/71/71 72/72/72
f 69/69/69 72/72/72 70/70/70
f 71/71/71 73/73/73 74/74/74
f 71/71/71 74/74/74 72/72/72
f 73/73/73 75/75/75 76/76/76
f 73/73/73 76/76/76 74/74/74
f 75/75/75 77/77/77 78/78/78
f 75/75/75 78/78/78 76/76/76
f 77/77/77 79/79/79 80/80/80
f 77/77/77 80/80/80 78/78/78
f 79/79/79 81/81/81 82/82/82
f 79/79/79 82/82/82 80/80/80
f 81/81/81 83/83/83 84/84/84
f 81/81/81 84/84/84 82/82/82
f 85/85/85 86/86/86 87/87/87
f 85/85/85 87/87/87 88/88/88
f 89/89/89 90/90/90 91/91/91
f 89/89/89 91/91/91 92/92/92
f 93/93/93 94/94/94 95/95/95
f 93/93/93 95/95/95 96/96/96
f 97/97/97 98/98/98 99/99/99
f 97/97/97 99/99/99 100/100/100
f 101/101/101 102/102/102 103/103/103
f 101/101/101 103/103/103 104/104/104
f 105/105/105 106/106/106 107/107/107
f 105/105/105 107/107/107 108/108/108
f 109/109/109 110/110/110 111/111/111
f 109/109/109 111/111/111 112/112/112
f 113/113/113 114/114/114 115/115/115
f 113/113/113 115/115/115 116/116/116
f 117/117/117 118/118/118 119/119/119
f 117/117/117 119/119/119 120/120/120
f 121/121/121 122/122/122 123/123/123
f 121/121/121 123/123/123 124/124/124
f 125/125/125 126/126/126 127/127/127
f 125/125/125 127/127/127 128/128/128
f 129/129/129 130/130/130 131/131/131
f 129/129/129 131/131/131 132/132/132
f 133/133/133 134/134/134 135/135/135
f 133/133/133 135/135/135 136/136/136
f 137/137/137 138/138/138 139/139/139
f 137/137/137 139/139/139 140/140/140
f 141/141/141 142/142/142 143/143/143
f 141/141/141 143/143/143 144/144/144
f 145/145/145 146/146/146 147/147/147
f 145/145/145 147/147/147 148/148/148
f 149/149/149 150/150/150 151/151/151
f 149/149/149 151/151/151 152/152/152
f 153/153/153 154/154/154 155/155/155
f 153/153/153 155/155/155 156/156/156
f 157/157/157 158/158/158 159/159/159
f 157/157/157 159/159/159 160/160/160
f 161/161/161 162/162/162 163/163/163
f 161/161/161 163/163/163 164/164/164
f 165/165/165 166/166/166 86/86/86
f 165/165/165 86/86/86 85/85/85
f 167/167/167 168/168/168 90/90/90
f 167/167/167 90/90/90 89/89/89
f 169/169/169 170/170/170 94/94/94
f 169/169/169 94/94/94 93/93/93
f 171/171/171 172/172/172 98/98/98
f 171/171/171 98/98/98 97/97/97
f 173/173/173 174/174/174 102/102/102
f 173/173/173 102/102/102 101/101/101
f 175/175/175 176/176/176 106/106/106
f 175/175/175 106/106/106 105/105/105
f 177/177/177 178/178/178 110/110/110
f 177/177/177 110/110/110 109/109/109
f 179/179/179 180/180/180 114/114/114
f 179/179/179 114/114/114 113/113/113
f 181/181/181 182/182/182 118/118/118
f 181/181/181 118/118/118 117/117/117
f 183/183/183 184/184/184 122/122/122
f 183/183/183 122/122/122 121/121/121
f 185/185/185 186/186/186 126/126/126
f 185/185/185 126/126/126 125/125/125
f 187/187/187 188/188/188 130/130/130
f 187/187/187 130/130/130 129/129/129
f 189/189/189 190/190/190 134/134/134
f 189/189/189 134/134/134 133/133/133
f 191/191/191 192/192/192 138/138/138
f 191/191/191 138/138/138 137/137/137
f 193/193/193 194/194/194 142/142/142
f 193/193/193 142/142/142 141/141/141
f 195/195/195 196/196/196 146/146/146
f 195/195/195 146/146/146 145/145/145
f 197/197/197 198/198/198 150/150/150
f 197/197/197 150/150/150 149/149/149
f 199/199/199 200/200/200 154/154/154
f 199/199/199 154/154/154 153/153/153
f 201/201/201 202/202/202 158/158/158
f 201/201/201 158/158/158 157/157/157
f 203/203/203 204/204/204 162/162/162
f 203/203/203 162/162/162 161/161/161
f 164/164/164 163/163/163 205/205/205
f 164/164/164 205/205/205 206/206/206
f 160/160/160 159/159/159 207/207/207
f 160/160/160 207/207/207 208/208/208
f 156/156/156 155/155/155 209/209/209
f 156/156/156 209/209/209 210/210/210
f 152/152/152 151/151/151 211/211/211
f 152/152/152 211/211/211 212/212/212
f 148/148/148 147/147/147 213/213/213
f 148/148/148 213/213/213 214/214/214
f 144/144/144 143/143/143 215/215/215
f 144/144/144 215/215/215 216/216/216
f 140/140/140 139/139/139 217/217/217
f 140/140/140 217/217/217 218/218/218
f 136/136/136 135/135/135 219/219/219
f 136/136/136 219/219/219 220/220/220
f 132/132/132 131/131/131 221/221/221
f 132/132/132 221/221/221 222/222/222
f 128/128/128 127/127/127 223/223/223
f 128/128/128 223/223/223 224/224/224
f 124/124/124 123/123/123 225/225/225
f 124/124/124 225/225/225 226/226/226
f 120/120/120 119/119/119 227/227/227
f 120/120/120 227/227/227 228/228/228
f 116/116/116 115/115/115 229/229/229
f 116/116/116 229/229/229 230/230/230
f 112/112/112 111/111/111 231/231/231
f 112/112/112 231/231/231 232/232/232
f 108/108/108 107/107/107 233/233/233
f 108/108/108 233/233/233 234/234/234
f 104/104/104 103/103/103 235/235/235
f 104/104/104 235/235/235 236/236/236
f 100/100/100 99/99/99 237/237/237
f 100/100/100 237/237/237 238/238/238
f 96/96/96 95/95/95 239/239/239
f 96/96/96 239/239/239 240/240/240
f 92/92/92 91/91/91 241/241/241
f 92/92/92 241/241/241 242/242/242
f 88/88/88 87/87/87 243/243/243
f 88/88/88 243/243/243 244/244/244
f 245/245/245 246/246/246 247/247/247
f 245/245/245 247/247/247 248/248/248
f 246/246/246 249/249/249 250/250/250
f 246/246/246 250/250/250 247/247/247
f 249/249/249 251/251/251 252/252/252
f 249/249/249 252/252/252 250/250/250
f 251/251/251 253/253/253 254/254/254
f 251/251/251 254/254/254 252/252/252
f 253/253/253 255/255/255 256/256/256
f 253/253/253 256/256/256 254/254/254
f 255/255/255 257/257/257 258/258/258
f 255/255/255 258/258/258 256/256/256
f 257/257/257 259/259/259 260/260/260
f 257/257/257 260/260/260 258/258/258
f 259/259/259 261/261/261 262/262/262
f 259/259/259 262/262/262 260/260/260
f 261/261/261 263/263/263 264/264/264
f 261/261/261 264/264/264 262/262/262
f 263/263/263 265/265/265 266/266/266
f 263/263/263 266/266/266 264/264/264
f 265/265/265 267/267/267 268/268/268
f 265/265/265 268/268/268 266/266/266
f 267/267/267 269/269/269 270/270/270
f 267/267/267 270/270/270 268/268/268
f 269/269/269 271/271/271 272/272/272
f 269/269/269 272/272/272 270/270/270
f 271/271/271 273/273/273 274/274/274
f 271/271/271 274/274/274 272/272/272
f 273/273/273 275/275/275 276/276/276
f 273/273/273 276/276/276 274/274/274
f 275/275/275 277/277/277 278/278/278
f 275/275/275 278/278/278 276/276/276
f 277/277/277 279/279/279 280/280/280
f 277/277/277 280/280/280 278/278/278
f 279/279/279 281/281/281 282/282/282
f 279/279/279 282/282/282 280/280/280
f 281/281/281 283/283/283 284/284/284
f 281/281/281 284/284/284 282/282/282
f 283/283/283 285/285/285 286/286/286
f 283/283/283 286/286/286 284/284/284
f 287/287/287 288/288/288 289/289/289
f 287/287/287 289/289/289 290/290/290
f 291/291/291 287/287/287 290/290/290
f 291/291/291 290/290/290 292/292/292
f 293/293/293 291/291/291 292/292/292
f 293/293/293 292/292/292 294/294/294
f 295/295/295 293/293/293 294/294/294
f 295/295/295 294/294/294 296/296/296
f 297/297/297 295/295/295 296/296/296
f 297/297/297 296/296/296 298/298/298
f 299/299/299 297/297/297 298/298/298
f 299/299/299 298/298/298 300/300/300
f 301/301/301 299/299/299 300/300/300
f 301/301/301 300/300/300 302/302/302
f 303/303/303 301/301/301 302/302/302
f 303/303/303 302/302/302 304/304/304
f 305/305/305 303/303/303 304/304/304
f 305/305/305 304/304/304 306/306/306
f 307/307/307 305/305/305 306/306/306
f 307/307/307 306/306/306 308/308/308
f 309/309/309 307/307/307 308/308/308
f 309/309/309 308/308/308 310/310/310
f 311/311/311 309/309/309 310/310/310
f 311/311/311 310/310/310 312/312/312
f 313/313/313 311/311/311 312/312/312
f 313/313/313 312/312/312 314/314/314
f 315/315/315 313/313/313 314/314/314
f 315/315/315 314/314/314 316/316/316
f 317/317/317 315/315/315 316/316/316
f 317/317/317 316/316/316 318/318/318
f 319/319/319 317/317/317 318/318/318
f 319/319/319 318/318/318 320/320/320
f 321/321/321 319/319/319 320/320/320
f 321/321/321 320/320/320 322/322/322
f 323/323/323 321/321/321 322/322/322
f 323/323/323 322/322/322 324/324/324
f 325/325/325 323/323/323 324/324/324
f 325/325/325 324/324/324 326/326/326
f 327/327/327 325/325/325 326/326/326
f 327/327/327 326/326/326 328/328/328
f 329/329/329 330/330/330 331/331/331
f 329/329/329 331/331/331 332/332/332
f 333/333/333 334/334/334 335/335/335
f 333/333/333 335/335/335 336/336/336
f 330/330/330 337/337/337 338/338/338
f 330/330/330 338/338/338 331/331/331
f 339/339/339 333/333/333 336/336/336
f 339/339/339 336/336/336 340/340/340
f 337/337/337 341/341/341 342/342/342
f 337/337/337 342/342/342 338/338/338
f 343/343/343 339/339/339 340/340/340
f 343/343/343 340/340/340 344/344/344
f 341/341/341 345/345/345 346/346/346
f 341/341/341 346/346/346 342/342/342
f 347/347/347 343/343/343 344/344/344
f 347/347/347 344/344/344 348/348/348
f 345/345/345 349/349/349 350/350/350
f 345/345/345 350/350/350 346/346/346
f 351/351/351 347/347/347 348/348/348
f 351/351/351 348/348/348 352/352/352
f 349/349/349 353/353/353 354/354/354
f 349/349/349 354/354/354 350/350/350
f 355/355/355 351/351/351 352/352/352
f 355/355/355 352/352/352 356/356/356
f 353/353/353 357/357/357 358/358/358
f 353/353/353 358/358/358 354/354/354
f 359/359/359 355/355/355 356/356/356
f 359/359/359 356/356/356 360/360/360
f 357/357/357 361/361/361 362/362/362
f 357/357/357 362/362/362 358/358/358
f 363/363/363 359/359/359 360/360/360
f 363/363/363 360/360/360 364/364/364
f 361/361/361 365/365/365 366/366/366
f 361/361/361 366/366/366 362/362/362
f 367/367/367 363/363/363 364/364/364
f 367/367/367 364/364/364 368/368/368
f 365/365/365 369/369/369 370/370/370
f 365/365/365 370/370/370 366/366/366
f 371/371/371 367/367/367 368/368/368
f 371/371/371 368/368/368 372/372/372
f 369/369/369 373/373/373 374/374/374
f 369/369/369 374/374/374 370/370/370
f 375/375/375 371/371/371 372/372/372
f 375/375/375 372/372/372 376/376/376
f 373/373/373 377/377/377 378/378/378
f 373/373/373 378/378/378 374/374/374
f 379/379/379 375/375/375 376/376/376
f 379/379/379 376/376/376 380/380/380
f 377/377/377 381/381/381 382/382/382
f 377/377/377 382/382/382 378/378/378
f 383/383/383 379/379/379 380/380/380
f 383/383/383 380/380/380 384/384/384
f 381/381/381 385/385/385 386/386/386
f 381/381/381 386/386/386 382/382/382
f 387/387/387 383/383/383 384/384/384
f 387/387/387 384/384/384 388/388/388
f 385/385/385 389/389/389 390/390/390
f 385/385/385 390/390/390 386/386/386
f 391/391/391 387/387/387 388/388/388
f 391/391/391 388/388/388 392/392/392
f 389/389/389 393/393/393 394/394/394
f 389/389/389 394/394/394 390/390/390
f 395/395/395 391/391/391 392/392/392
f 395/395/395 392/392/392 396/396/396
f 393/393/393 397/397/397 398/398/398
f 393/393/393 398/398/398 394/394/394
f 399/399/399 395/395/395 396/396/396
f 399/399/399 396/396/396 400/400/400
f 397/397/397 401/401/401 402/402/402
f 397/397/397 402/402/402 398/398/398
f 403/403/403 399/399/399 400/400/400
f 403/403/403 400/400/400 404/404/404
f 401/401/401 405/405/405 406/406/406
f 401/401/401 406/406/406 402/402/402
f 407/407/407 403/403/403 404/404/404
f 407/407/407 404/404/404 408/408/408
f 405/405/405 409/409/409 410/410/410
f 405/405/405 410/410/410 406/406/406
f 411/411/411 407/407/407 408/408/408
f 411/411/411 408/408/408 412/412/412
f 633/633/633 634/634/634 246/246/246
f 633/633/633 246/246/246 245/245/245
f 634/634/634 635/635/635 249/249/249
f 634/634/634 249/249/249 246/246/246
f 635/635/635 636/636/636 251/251/251
f 635/635/635 251/251/251 249/249/249
f 636/636/636 637/637/637 253/253/253
f 636/636/636 253/253/253 251/251/251
f 637/637/637 638/638/638 255/255/255
f 637/637/637 255/255/255 253/253/253
f 638/638/638 639/639/639 257/257/257
f 638/638/638 257/257/257 255/255/255
f 639/639/639 640/640/640 259/259/259
f 639/639/639 259/259/259 257/257/257
f 640/640/640 641/641/641 261/261/261
f 640/640/640 261/261/261 259/259/259
f 641/641/641 642/642/642 263/263/263
f 641/641/641 263/263/263 261/261/261
f 642/642/642 643/643/643 265/265/265
f 642/642/642 265/265/265 263/263/263
f 643/643/643 644/644/644 267/267/267
f 643/643/643 267/267/267 265/265/265
f 644/644/644 645/645/645 269/269/269
f 644/644/644 269/269/269 267/267/267
f 645/645/645 646/646/646 271/271/271
f 645/645/645 271/271/271 269/269/269
f 646/646/646 647/647/647 273/273/273
f 646/646/646 273/273/273 271/271/271
f 647/647/647 648/648/648 275/275/275
f 647/647/647 275/275/275 273/273/273
f 648/648/648 649/649/649 277/277/277
f 648/648/648 277/277/277 275/275/275
f 649/649/649 650/650/650 279/279/279
f 649/649/649 279/279/279 277/277/277
f 650/650/650 651/651/651 281/281/281
f 650/650/650 281/281/281 279/279/279
f 651/651/651 652/652/652 283/283/283
f 651/651/651 283/283/283 281/281/281
f 652/652/652 653/653/653 285/285/285
f 652/652/652 285/285/285 283/283/283
f 284/284/284 286/286/286 654/654/654
f 284/284/284 654/654/654 655/655/655
f 282/282/282 284/284/284 655/655/655
f 282/282/282 655/655/655 656/656/656
f 280/280/280 282/282/282 656/656/656
f 280/280/280 656/656/656 657/657/657
f 278/278/278 280/280/280 657/657/657
f 278/278/278 657/657/657 658/658/658
f 276/276/276 278/278/278 658/658/658
f 276/276/276 658/658/658 659/659/659
f 274/274/274 276/276/276 659/659/659
f 274/274/274 659/659/659 660/660/660
f 272/272/272 274/274/274 660/660/660
f 272/272/272 660/660/660 661/661/661
f 270/270/270 272/272/272 661/661/661
f 270/270/270 661/661/661 662/662/662
f 268/268/268 270/270/270 662/662/662
f 268/268/268 662/662/662 663/663/663
f 266/266/266 268/268/268 663/663/663
f 266/266/266 663/663/663 664/664/664
f 264/264/264 266/266/266 664/664/664
f 264/264/264 664/664/664 665/665/665
f 262/262/262 264/264/264 665/665/665
f 262/262/262 665/665/665 666/666/666
f 260/260/260 262/262/262 666/666/666
f 260/260/260 666/666/666 667/667/667
f 258/258/258 260/260/260 667/667/667
f 258/258/258 667/667/667 668/668/668
f 256/256/256 258/258/258 668/668/668
f 256/256/256 668/668/668 669/669/669
f 254/254/254 256/256/256 669/669/669
f 254/254/254 669/669/669 670/670/670
f 252/252/252 254/254/254 670/670/670
f 252/252/252 670/670/670 671/671/671
f 250/250/250 252/252/252 671/671/671
f 250/250/250 671/671/671 672/672/672
f 247/247/247 250/250/250 672/672/672
f 247/247/247 672/672/672 673/673/673
f 248/248/248 247/247/247 673/673/673
f 248/248/248 673/673/673 674/674/674
f 675/675/675 676/676/676 634/634/634
f 675/675/675 634/634/634 633/633/633
f 676/676/676 677/677/677 635/635/635
f 676/676/676 635/635/635 634/634/634
f 677/677/677 678/678/678 636/636/636
f 677/677/677 636/636/636 635/635/635
f 678/678/678 679/679/679 637/637/637
f 678/678/678 637/637/637 636/636/636
f 679/679/679 680/680/680 638/638/638
f 679/679/679 638/638/638 637/637/637
f 680/680/680 681/681/681 639/639/639
f 680/680/680 639/639/639 638/638/638
f 681/681/681 682/682/682 640/640/640
f 681/681/681 640/640/640 639/639/639
f 682/682/682 683/683/683 641/641/641
f 682/682/682 641/641/641 640/640/640
f 683/683/683 684/684/684 642/642/642
f 683/683/683 642/642/642 641/641/641
f 684/684/684 685/685/685 643/643/643
f 684/684/684 643/643/643 642/642/642
f 685/685/685 686/686/686 644/644/644
f 685/685/685 644/644/644 643/643/643
f 686/686/686 687/687/687 645/645/645
f 686/686/686 645/645/645 644/644/644
f 687/687/687 688/688/688 646/646/646
f 687/687/687 646/646/646 645/645/645
f 688/688/688 689/689/689 647/647/647
f 688/688/688 647/647/647 646/646/646
f 689/689/689 690/690/690 648/648/648
f 689/689/689 648/648/648 647/647/647
f 690/690/690 691/691/691 649/649/649
f 690/690/690 649/649/649 648/648/648
f 691/691/691 692/692/692 650/650/650
f 691/691/691 650/650/650 649/649/649
f 692/692/692 693/693/693 651/651/651
f 692/692/692 651/651/651 650/650/650
f 693/693/693 694/694/694 652/652/652
f 693/693/693 652/652/652 651/651/651
f 694/694/694 695/695/695 653/653/653
f 694/694/694 653/653/653 652/652/652
f 881/881/881 882/882/882 330/330/330
f 881/881/881 330/330/330 329/329/329
f 882/882/882 883/883/883 337/337/337
f 882/882/882 337/337/337 330/330/330
f 883/883/883 884/884/884 341/341/341
f 883/883/883 341/341/341 337/337/337
f 884/884/884 885/885/885 345/345/345
f 884/884/884 345/345/345 341/341/341
f 885/885/885 886/886/886 349/349/349
f 885/885/885 349/349/349 345/345/345
f 886/886/886 887/887/887 353/353/353
f 886/886/886 353/353/353 349/349/349
f 887/887/887 888/888/888 357/357/357
f 887/887/887 357/357/357 353/353/353
f 888/888/888 889/889/889 361/361/361
f 888/888/888 361/361/361 357/357/357
f 889/889/889 890/890/890 365/365/365
f 889/889/889 365/365/365 361/361/361
f 890/890/890 891/891/891 369/369/369
f 890/890/890 369/369/369 365/365/365
f 891/891/891 892/892/892 373/373/373
f 891/891/891 373/373/373 369/369/369
f 892/892/892 893/893/893 377/377/377
f 892/892/892 377/377/377 373/373/373
f 893/893/893 894/894/894 381/381/381
f 893/893/893 381/381/381 377/377/377
f 894/894/894 895/895/895 385/385/385
f 894/894/894 385/385/385 381/381/381
f 895/895/895 896/896/896 389/389/389
f 895/895/895 389/389/389 385/385/385
f 896/896/896 897/897/897 393/393/393
f 896/896/896 393/393/393 389/389/389
f 897/897/897 898/898/898 397/397/397
f 897/897/897 397/397/397 393/393/393
f 898/898/898 899/899/899 401/401/401
f 898/898/898 401/401/401 397/397/397
f 899/899/899 900/900/900 405/405/405
f 899/899/899 405/405/405 401/401/401
f 900/900/900 901/901/901 409/409/409
f 900/900/900 409/409/409 405/405/405
f 902/902/902 903/903/903 47/47/47
f 902/902/902 47/47/47 44/44/44
f 903/903/903 904/904/904 49/49/49
f 903/903/903 49/49/49 47/47/47
f 904/904/904 905/905/905 51/51/51
f 904/904/904 51/51/51 49/49/49
f 905/905/905 906/906/906 53/53/53
f 905/905/905 53/53/53 51/51/51
f 906/906/906 907/907/907 55/55/55
f 906/906/906 55/55/55 53/53/53
f 907/907/907 908/908/908 57/57/57
f 907/907/907 57/57/57 55/55/55
f 908/908/908 909/909/909 59/59/59
f 908/908/908 59/59/59 57/57/57
f 909/909/909 910/910/910 61/61/61
f 909/909/909 61/61/61 59/59/59
f 910/910/910 911/911/911 63/63/63
f 910/910/910 63/63/63 61/61/61
f 911/911/911 912/912/912 65/65/65
f 911/911/911 65/65/65 63/63/63
f 912/912/912 913/913/913 67/67/67
f 912/912/912 67/67/67 65/65/65
f 913/913/913 914/914/914 69/69/69
f 913/913/913 69/69/69 67/67/67
f 914/914/914 915/915/915 71/71/71
f 914/914/914 71/71/71 69/69/69
f 915/915/915 916/916/916 73/73/73
f 915/915/915 73/73/73 71/71/71
f 916/916/916 917/917/917 75/75/75
f 916/916/916 75/75/75 73/73/73
f 917/917/917 918/918/918 77/77/77
f 917/917/917 77/77/77 75/75/75
f 918/918/918 919/919/919 79/79/79
f 918/918/918 79/79/79 77/77/77
f 919/919/919 920/920/920 81/81/81
f 919/919/919 81/81/81 79/79/79
f 920/920/920 921/921/921 83/83/83
f 920/920/920 83/83/83 81/81/81
f 922/922/922 902/902/902 44/44/44
f 922/922/922 44/44/44 43/43/43
f 923/923/923 924/924/924 903/903/903
f 923/923/923 903/903/903 902/902/902
f 924/924/924 925/925/925 904/904/904
f 924/924/924 904/904/904 903/903/903
f 925/925/925 926/926/926 905/905/905
f 925/925/925 905/905/905 904/904/904
f 926/926/926 927/927/927 906/906/906
f 926/926/926 906/906/906 905/905/905
f 927/927/927 928/928/928 907/907/907
f 927/927/927 907/907/907 906/906/906
f 928/928/928 929/929/929 908/908/908
f 928/928/928 908/908/908 907/907/907
f 929/929/929 930/930/930 909/909/909
f 929/929/929 909/909/909 908/908/908
f 930/930/930 931/931/931 910/910/910
f 930/930/930 910/910/910 909/909/909
f 931/931/931 932/932/932 911/911/911
f 931/931/931 911/911/911 910/910/910
f 932/932/932 933/933/933 912/912/912
f 932/932/932 912/912/912 911/911/911
f 933/933/933 934/934/934 913/913/913
f 933/933/933 913/913/913 912/912/912
f 934/934/934 935/935/935 914/914/914
f 934/934/934 914/914/914 913/913/913
f 935/935/935 936/936/936 915/915/915
f 935/935/935 915/915/915 914/914/914
f 936/936/936 937/937/937 916/916/916
f 936/936/936 916/916/916 915/915/915
f 937/937/937 938/938/938 917/917/917
f 937/937/937 917/917/917 916/916/916
f 938/938/938 939/939/939 918/918/918
f 938/938/938 918/918/918 917/917/917
f 939/939/939 940/940/940 919/919/919
f 939/939/939 919/919/919 918/918/918
f 940/940/940 941/941/941 920/920/920
f 940/940/940 920/920/920 919/919/919
f 941/941/941 942/942/942 921/921/921
f 941/941/941 921/921/921 920/920/920
f 943/943/943 923/923/923 902/902/902
f 943/943/943 902/902/902 922/922/922
f 46/46/46 45/45/45 944/944/944
f 46/46/46 944/944/944 945/945/945
f 82/82/82 84/84/84 946/946/946
f 82/82/82 946/946/946 947/947/947
f 80/80/80 82/82/82 947/947/947
f 80/80/80 947/947/947 948/948/948
f 78/78/78 80/80/80 948/948/948
f 78/78/78 948/948/948 949/949/949
f 76/76/76 78/78/78 949/949/949
f 76/76/76 949/949/949 950/950/950
f 74/74/74 76/76/76 950/950/950
f 74/74/74 950/950/950 951/951/951
f 72/72/72 74/74/74 951/951/951
f 72/72/72 951/951/951 952/952/952
f 70/70/70 72/72/72 952/952/952
f 70/70/70 952/952/952 953/953/953
f 68/68/68 70/70/70 953/953/953
f 68/68/68 953/953/953 954/954/954
f 66/66/66 68/68/68 954/954/954
f 66/66/66 954/954/954 955/955/955
f 64/64/64 66/66/66 955/955/955
f 64/64/64 955/955/955 956/956/956
f 62/62/62 64/64/64 956/956/956
f 62/62/62 956/956/956 957/957/957
f 60/60/60 62/62/62 957/957/957
f 60/60/60 957/957/957 958/958/958
f 58/58/58 60/60/60 958/958/958
f 58/58/58 958/958/958 959/959/959
f 56/56/56 58/58/58 959/959/959
f 56/56/56 959/959/959 960/960/960
f 54/54/54 56/56/56 960/960/960
f 54/54/54 960/960/960 961/961/961
f 52/52/52 54/54/54 961/961/961
f 52/52/52 961/961/961 962/962/962
f 50/50/50 52/52/52 962/962/962
f 50/50/50 962/962/962 963/963/963
f 48/48/48 50/50/50 963/963/963
f 48/48/48 963/963/963 964/964/964
f 45/45/45 48/48/48 964/964/964
f 45/45/45 964/964/964 944/944/944
f 965/965/965 966/966/966 334/334/334
f 965/965/965 334/334/334 333/333/333
f 967/967/967 968/968/968 407/407/407
f 967/967/967 407/407/407 411/411/411
f 968/968/968 969/969/969 403/403/403
f 968/968/968 403/403/403 407/407/407
f 969/969/969 970/970/970 399/399/399
f 969/969/969 399/399/399 403/403/403
f 970/970/970 971/971/971 395/395/395
f 970/970/970 395/395/395 399/399/399
f 971/971/971 972/972/972 391/391/391
f 971/971/971 391/391/391 395/395/395
f 972/972/972 973/973/973 387/387/387
f 972/972/972 387/387/387 391/391/391
f 973/973/973 974/974/974 383/383/383
f 973/973/973 383/383/383 387/387/387
f 974/974/974 975/975/975 379/379/379
f 974/974/974 379/379/379 383/383/383
f 975/975/975 976/976/976 375/375/375
f 975/975/975 375/375/375 379/379/379
f 976/976/976 977/977/977 371/371/371
f 976/976/976 371/371/371 375/375/375
f 977/977/977 978/978/978 367/367/367
f 977/977/977 367/367/367 371/371/371
f 978/978/978 979/979/979 363/363/363
f 978/978/978 363/363/363 367/367/367
f 979/979/979 980/980/980 359/359/359
f 979/979/979 359/359/359 363/363/363
f 980/980/980 981/981/981 355/355/355
f 980/980/980 355/355/355 359/359/359
f 981/981/981 982/982/982 351/351/351
f 981/981/981 351/351/351 355/355/355
f 982/982/982 983/983/983 347/347/347
f 982/982/982 347/347/347 351/351/351
f 983/983/983 984/984/984 343/343/343
f 983/983/983 343/343/343 347/347/347
f 984/984/984 985/985/985 339/339/339
f 984/984/984 339/339/339 343/343/343
f 985/985/985 965/965/965 333/333/333
f 985/985/985 333/333/333 339/339/339
f 986/986/986 987/987/987 988/988/988
f 986/986/986 988/988/988 989/989/989
f 990/990/990 986/986/986 989/989/989
f 990/990/990 989/989/989 991/991/991
f 992/992/992 990/990/990 991/991/991
f 992/992/992 991/991/991 993/993/993
f 994/994/994 992/992/992 993/993/993
f 994/994/994 993/993/993 995/995/995
f 996/996/996 994/994/994 995/995/995
f 996/996/996 995/995/995 997/997/997
f 998/998/998 996/996/996 997/997/997
f 998/998/998 997/997/997 999/999/999
f 1000/1000/1000 998/998/998 999/999/999
f 1000/1000/1000 999/999/999 1001/1001/1001
f 1002/1002/1002 1000/1000/1000 1001/1001/1001
f 1002/1002/1002 1001/1001/1001 1003/1003/1003
f 1004/1004/1004 1002/1002/1002 1003/1003/1003
f 1004/1004/1004 1003/1003/1003 1005/1005/1005
f 1006/1006/1006 1004/1004/1004 1005/1005/1005
f 1006/1006/1006 1005/1005/1005 1007/1007/1007
f 1008/1008/1008 1006/1006/1006 1007/1007/1007
f 1008/1008/1008 1007/1007/1007 1009/1009/1009
f 1010/1010/1010 1008/1008/1008 1009/1009/1009
f 1010/1010/1010 1009/1009/1009 1011/1011/1011
f 1012/1012/1012 1010/1010/1010 1011/1011/1011
f 1012/1012/1012 1011/1011/1011 1013/1013/1013
f 1014/1014/1014 1012/1012/1012 1013/1013/1013
f 1014/1014/1014 1013/1013/1013 1015/1015/1015
f 1016/1016/1016 1014/1014/1014 1015/1015/1015
f 1016/1016/1016 1015/1015/1015 1017/1017/1017
f 1018/1018/1018 1016/1016/1016 1017/1017/1017
f 1018/1018/1018 1017/1017/1017 1019/1019/1019
f 1020/1020/1020 1018/1018/1018 1019/1019/1019
f 1020/1020/1020 1019/1019/1019 1021/1021/1021
f 1022/1022/1022 1020/1020/1020 1021/1021/1021
f 1022/1022/1022 1021/1021/1021 1023/1023/1023
f 1024/1024/1024 1022/1022/1022 1023/1023/1023
f 1024/1024/1024 1023/1023/1023 1025/1025/1025
f 1026/1026/1026 1024/1024/1024 1025/1025/1025
f 1026/1026/1026 1025/1025/1025 1027/1027/1027
f 406/406/406 410/410/410 1028/1028/1028
f 406/406/406 1028/1028/1028 1029/1029/1029
f 402/402/402 406/406/406 1029/1029/1029
f 402/402/402 1029/1029/1029 1030/1030/1030
f 398/398/398 402/402/402 1030/1030/1030
f 398/398/398 1030/1030/1030 1031/1031/1031
f 394/394/394 398/398/398 1031/1031/1031
f 394/394/394 1031/1031/1031 1032/1032/1032
f 390/390/390 394/394/394 1032/1032/1032
f 390/390/390 1032/1032/1032 1033/1033/1033
f 386/386/386 390/390/390 1033/1033/1033
f 386/386/386 1033/1033/1033 1034/1034/1034
f 382/382/382 386/386/386 1034/1034/1034
f 382/382/382 1034/1034/1034 1035/1035/1035
f 378/378/378 382/382/382 1035/1035/1035
f 378/378/378 1035/1035/1035 1036/1036/1036
f 374/374/374 378/378/378 1036/1036/1036
f 374/374/374 1036/1036/1036 1037/1037/1037
f 370/370/370 374/374/374 1037/1037/1037
f 370/370/370 1037/1037/1037 1038/1038/1038
f 366/366/366 370/370/370 1038/1038/1038
f 366/366/366 1038/1038/1038 1039/1039/1039
f 362/362/362 366/366/366 1039/1039/1039
f 362/362/362 1039/1039/1039 1040/1040/1040
f 358/358/358 362/362/362 1040/1040/1040
f 358/358/358 1040/1040/1040 1041/1041/1041
f 354/354/354 358/358/358 1041/1041/1041
f 354/354/354 1041/1041/1041 1042/1042/1042
f 350/350/350 354/354/354 1042/1042/1042
f 350/350/350 1042/1042/1042 1043/1043/1043
f 346/346/346 350/350/350 1043/1043/1043
f 346/346/346 1043/1043/1043 1044/1044/1044
f 342/342/342 346/346/346 1044/1044/1044
f 342/342/342 1044/1044/1044 1045/1045/1045
f 338/338/338 342/342/342 1045/1045/1045
f 338/338/338 1045/1045/1045 1046/1046/1046
f 331/331/331 338/338/338 1046/1046/1046
f 331/331/331 1046/1046/1046 1047/1047/1047
f 332/332/332 331/331/331 1047/1047/1047
f 332/332/332 1047/1047/1047 1048/1048/1048
f 340/340/340 336/336/336 1049/1049/1049
f 340/340/340 1049/1049/1049 1050/1050/1050
f 344/344/344 340/340/340 1050/1050/1050
f 344/344/344 1050/1050/1050 1051/1051/1051
f 348/348/348 344/344/344 1051/1051/1051
f 348/348/348 1051/1051/1051 1052/1052/1052
f 352/352/352 348/348/348 1052/1052/1052
f 352/352/352 1052/1052/1052 1053/1053/1053
f 356/356/356 352/352/352 1053/1053/1053
f 356/356/356 1053/1053/1053 1054/1054/1054
f 360/360/360 356/356/356 1054/1054/1054
f 360/360/360 1054/1054/1054 1055/1055/1055
f 364/364/364 360/360/360 1055/1055/1055
f 364/364/364 1055/1055/1055 1056/1056/1056
f 368/368/368 364/364/364 1056/1056/1056
f 368/368/368 1056/1056/1056 1057/1057/1057
f 372/372/372 368/368/368 1057/1057/1057
f 372/372/372 1057/1057/1057 1058/1058/1058
f 376/376/376 372/372/372 1058/1058/1058
f 376/376/376 1058/1058/1058 1059/1059/1059
f 380/380/380 376/376/376 1059/1059/1059
f 380/380/380 1059/1059/1059 1060/1060/1060
f 384/384/384 380/380/380 1060/1060/1060
f 384/384/384 1060/1060/1060 1061/1061/1061
f 388/388/388 384/384/384 1061/1061/1061
f 388/388/388 1061/1061/1061 1062/1062/1062
f 392/392/392 388/388/388 1062/1062/1062
f 392/392/392 1062/1062/1062 1063/1063/1063
f 396/396/396 392/392/392 1063/1063/1063
f 396/396/396 1063/1063/1063 1064/1064/1064
f 400/400/400 396/396/396 1064/1064/1064
f 400/400/400 1064/1064/1064 1065/1065/1065
f 404/404/404 400/400/400 1065/1065/1065
f 404/404/404 1065/1065/1065 1066/1066/1066
f 408/408/408 404/404/404 1066/1066/1066
f 408/408/408 1066/1066/1066 1067/1067/1067
f 412/412/412 408/408/408 1067/1067/1067
f 412/412/412 1067/1067/1067 1068/1068/1068
f 336/336/336 335/335/335 1069/1069/1069
f 336/336/336 1069/1069/1069 1049/1049/1049
f 1070/1070/1070 1071/1071/1071 966/966/966
f 1070/1070/1070 966/966/966 965/965/965
f 1072/1072/1072 1073/1073/1073 968/968/968
f 1072/1072/1072 968/968/968 967/967/967
f 1073/1073/1073 1074/1074/1074 969/969/969
f 1073/1073/1073 969/969/969 968/968/968
f 1074/1074/1074 1075/1075/1075 970/970/970
f 1074/1074/1074 970/970/970 969/969/969
f 1075/1075/1075 1076/1076/1076 971/971/971
f 1075/1075/1075 971/971/971 970/970/970
f 1076/1076/1076 1077/1077/1077 972/972/972
f 1076/1076/1076 972/972/972 971/971/971
f 1077/1077/1077 1078/1078/1078 973/973/973
f 1077/1077/1077 973/973/973 972/972/972
f 1078/1078/1078 1079/1079/1079 974/974/974
f 1078/1078/1078 974/974/974 973/973/973
f 1079/1079/1079 1080/1080/1080 975/975/975
f 1079/1079/1079 975/975/975 974/974/974
f 1080/1080/1080 1081/1081/1081 976/976/976
f 1080/1080/1080 976/976/976 975/975/975
f 1081/1081/1081 1082/1082/1082 977/977/977
f 1081/1081/1081 977/977/977 976/976/976
f 1082/1082/1082 1083/1083/1083 978/978/978
f 1082/1082/1082 978/978/978 977/977/977
f 1083/1083/1083 1084/1084/1084 979/979/979
f 1083/1083/1083 979/979/979 978/978/978
f 1084/1084/1084 1085/1085/1085 980/980/980
f 1084/1084/1084 980/980/980 979/979/979
f 1085/1085/1085 1086/1086/1086 981/981/981
f 1085/1085/1085 981/981/981 980/980/980
f 1086/1086/1086 1087/1087/1087 982/982/982
f 1086/1086/1086 982/982/982 981/981/981
f 1087/1087/1087 1088/1088/1088 983/983/983
f 1087/1087/1087 983/983/983 982/982/982
f 1088/1088/1088 1089/1089/1089 984/984/984
f 1088/1088/1088 984/984/984 983/983/983
f 1089/1089/1089 1090/1090/1090 985/985/985
f 1089/1089/1089 985/985/985 984/984/984
f 1090/1090/1090 1070/1070/1070 965/965/965
f 1090/1090/1090 965/965/965 985/985/985
f 989/989/989 988/988/988 1091/1091/1091
f 989/989/989 1091/1091/1091 1092/1092/1092
f 991/991/991 989/989/989 1092/1092/1092
f 991/991/991 1092/1092/1092 1093/1093/1093
f 993/993/993 991/991/991 1093/1093/1093
f 993/993/993 1093/1093/1093 1094/1094/1094
f 995/995/995 993/993/993 1094/1094/1094
f 995/995/995 1094/1094/1094 1095/1095/1095
f 997/997/997 995/995/995 1095/1095/1095
f 997/997/997 1095/1095/1095 1096/1096/1096
f 999/999/999 997/997/997 1096/1096/1096
f 999/999/999 1096/1096/1096 1097/1097/1097
f 1001/1001/1001 999/999/999 1097/1097/1097
f 1001/1001/1001 1097/1097/1097 1098/1098/1098
f 1003/1003/1003 1001/1001/1001 1098/1098/1098
f 1003/1003/1003 1098/1098/1098 1099/1099/1099
f 1005/1005/1005 1003/1003/1003 1099/1099/1099
f 1005/1005/1005 1099/1099/1099 1100/1100/1100
f 1007/1007/1007 1005/1005/1005 1100/1100/1100
f 1007/1007/1007 1100/1100/1100 1101/1101/1101
f 1009/1009/1009 1007/1007/1007 1101/1101/1101
f 1009/1009/1009 1101/1101/1101 1102/1102/1102
f 1011/1011/1011 1009/1009/1009 1102/1102/1102
f 1011/1011/1011 1102/1102/1102 1103/1103/1103
f 1013/1013/1013 1011/1011/1011 1103/1103/1103
f 1013/1013/1013 1103/1103/1103 1104/1104/1104
f 1015/1015/1015 1013/1013/1013 1104/1104/1104
f 1015/1015/1015 1104/1104/1104 1105/1105/1105
f 1017/1017/1017 1015/1015/1015 1105/1105/1105
f 1017/1017/1017 1105/1105/1105 1106/1106/1106
f 1019/1019/1019 1017/1017/1017 1106/1106/1106
f 1019/1019/1019 1106/1106/1106 1107/1107/1107
f 1021/1021/1021 1019/1019/1019 1107/1107/1107
f 1021/1021/1021 1107/1107/1107 1108/1108/1108
f 1023/1023/1023 1021/1021/1021 1108/1108/1108
f 1023/1023/1023 1108/1108/1108 1109/1109/1109
f 1025/1025/1025 1023/1023/1023 1109/1109/1109
f 1025/1025/1025 1109/1109/1109 1110/1110/1110
f 1027/1027/1027 1025/1025/1025 1110/1110/1110
f 1027/1027/1027 1110/1110/1110 1111/1111/1111
f 1187/1187/1187 1291/1291/1291 1292/1292/1292
f 1092/1092/1092 1091/1091/1091 1331/1331/1331
f 1092/1092/1092 1331/1331/1331 1332/1332/1332
f 1093/1093/1093 1092/1092/1092 1332/1332/1332
f 1093/1093/1093 1332/1332/1332 1333/1333/1333
f 1094/1094/1094 1093/1093/1093 1333/1333/1333
f 1094/1094/1094 1333/1333/1333 1334/1334/1334
f 1095/1095/1095 1094/1094/1094 1334/1334/1334
f 1095/1095/1095 1334/1334/1334 1335/1335/1335
f 1096/1096/1096 1095/1095/1095 1335/1335/1335
f 1096/1096/1096 1335/1335/1335 1336/1336/1336
f 1097/1097/1097 1096/1096/1096 1336/1336/1336
f 1097/1097/1097 1336/1336/1336 1337/1337/1337
f 1098/1098/1098 1097/1097/1097 1337/1337/1337
f 1098/1098/1098 1337/1337/1337 1338/1338/1338
f 1099/1099/1099 1098/1098/1098 1338/1338/1338
f 1099/1099/1099 1338/1338/1338 1339/1339/1339
f 1100/1100/1100 1099/1099/1099 1339/1339/1339
f 1100/1100/1100 1339/1339/1339 1340/1340/1340
f 1101/1101/1101 1100/1100/1100 1340/1340/1340
f 1101/1101/1101 1340/1340/1340 1341/1341/1341
f 1102/1102/1102 1101/1101/1101 1341/1341/1341
f 1102/1102/1102 1341/1341/1341 1342/1342/1342
f 1103/1103/1103 1102/1102/1102 1342/1342/1342
f 1103/1103/1103 1342/1342/1342 1343/1343/1343
f 1104/1104/1104 1103/1103/1103 1343/1343/1343
f 1104/1104/1104 1343/1343/1343 1344/1344/1344
f 1105/1105/1105 1104/1104/1104 1344/1344/1344
f 1105/1105/1105 1344/1344/1344 1345/1345/1345
f 1106/1106/1106 1105/1105/1105 1345/1345/1345
f 1106/1106/1106 1345/1345/1345 1346/1346/1346
f 1107/1107/1107 1106/1106/1106 1346/1346/1346
f 1107/1107/1107 1346/1346/1346 1347/1347/1347
f 1108/1108/1108 1107/1107/1107 1347/1347/1347
f 1108/1108/1108 1347/1347/1347 1348/1348/1348
f 1109/1109/1109 1108/1108/1108 1348/1348/1348
f 1109/1109/1109 1348/1348/1348 1349/1349/1349
f 1110/1110/1110 1109/1109/1109 1349/1349/1349
f 1110/1110/1110 1349/1349/1349 1350/1350/1350
f 1111/1111/1111 1110/1110/1110 1350/1350/1350
f 1111/1111/1111 1350/1350/1350 1351/1351/1351
f 328/328/328 326/326/326 1024/1024/1024
f 328/328/328 1024/1024/1024 1026/1026/1026
f 326/326/326 324/324/324 1022/1022/1022
f 326/326/326 1022/1022/1022 1024/1024/1024
f 324/324/324 322/322/322 1020/1020/1020
f 324/324/324 1020/1020/1020 1022/1022/1022
f 322/322/322 320/320/320 1018/1018/1018
f 322/322/322 1018/1018/1018 1020/1020/1020
f 320/320/320 318/318/318 1016/1016/1016
f 320/320/320 1016/1016/1016 1018/1018/1018
f 318/318/318 316/316/316 1014/1014/1014
f 318/318/318 1014/1014/1014 1016/1016/1016
f 316/316/316 314/314/314 1012/1012/1012
f 316/316/316 1012/1012/1012 1014/1014/1014
f 314/314/314 312/312/312 1010/1010/1010
f 314/314/314 1010/1010/1010 1012/1012/1012
f 312/312/312 310/310/310 1008/1008/1008
f 312/312/312 1008/1008/1008 1010/1010/1010
f 310/310/310 308/308/308 1006/1006/1006
f 310/310/310 1006/1006/1006 1008/1008/1008
f 308/308/308 306/306/306 1004/1004/1004
f 308/308/308 1004/1004/1004 1006/1006/1006
f 306/306/306 304/304/304 1002/1002/1002
f 306/306/306 1002/1002/1002 1004/1004/1004
f 304/304/304 302/302/302 1000/1000/1000
f 304/304/304 1000/1000/1000 1002/1002/1002
f 302/302/302 300/300/300 998/998/998
f 302/302/302 998/998/998 1000/1000/1000
f 300/300/300 298/298/298 996/996/996
f 300/300/300 996/996/996 998/998/998
f 298/298/298 296/296/296 994/994/994
f 298/298/298 994/994/994 996/996/996
f 296/296/296 294/294/294 992/992/992
f 296/296/296 992/992/992 994/994/994
f 294/294/294 292/292/292 990/990/990
f 294/294/294 990/990/990 992/992/992
f 292/292/292 290/290/290 986/986/986
f 292/292/292 986/986/986 990/990/990
f 290/290/290 289/289/289 987/987/987
f 290/290/290 987/987/987 986/986/986
f 1352/1352/1352 1353/1353/1353 1354/1354/1354
f 1352/1352/1352 1354/1354/1354 1355/1355/1355
f 1356/1356/1356 1357/1357/1357 1358/1358/1358
f 1356/1356/1356 1358/1358/1358 1359/1359/1359
f 1360/1360/1360 1361/1361/1361 1362/1362/1362
f 1360/1360/1360 1362/1362/1362 1363/1363/1363
f 1364/1364/1364 1365/1365/1365 1366/1366/1366
f 1364/1364/1364 1366/1366/1366 1367/1367/1367
f 1368/1368/1368 1369/1369/1369 1370/1370/1370
f 1368/1368/1368 1370/1370/1370 1371/1371/1371
f 1372/1372/1372 1373/1373/1373 1374/1374/1374
f 1372/1372/1372 1374/1374/1374 1375/1375/1375
f 1376/1376/1376 1377/1377/1377 1378/1378/1378
f 1376/1376/1376 1378/1378/1378 1379/1379/1379
f 1380/1380/1380 1381/1381/1381 1382/1382/1382
f 1380/1380/1380 1382/1382/1382 1383/1383/1383
f 1384/1384/1384 1385/1385/1385 1386/1386/1386
f 1384/1384/1384 1386/1386/1386 1387/1387/1387
f 1388/1388/1388 1390/1390/1390 1392/1392/1392
f 1389/1389/1389 1391/1391/1391 1393/1393/1393
f 1394/1394/1394 1395/1395/1395 1396/1396/1396
f 1394/1394/1394 1396/1396/1396 1397/1397/1397
f 1398/1398/1398 1399/1399/1399 1400/1400/1400
f 1398/1398/1398 1400/1400/1400 1401/1401/1401
f 1402/1402/1402 1403/1403/1403 1404/1404/1404
f 1402/1402/1402 1404/1404/1404 1405/1405/1405
f 1406/1406/1406 1407/1407/1407 1408/1408/1408
f 1406/1406/1406 1408/1408/1408 1409/1409/1409
f 1410/1410/1410 1411/1411/1411 1412/1412/1412
f 1410/1410/1410 1412/1412/1412 1413/1413/1413
f 1414/1414/1414 1415/1415/1415 1416/1416/1416
f 1414/1414/1414 1416/1416/1416 1417/1417/1417
f 1418/1418/1418 1419/1419/1419 1420/1420/1420
f 1418/1418/1418 1420/1420/1420 1421/1421/1421
f 1422/1422/1422 1423/1423/1423 1424/1424/1424
f 1422/1422/1422 1424/1424/1424 1425/1425/1425
f 1426/1426/1426 1427/1427/1427 1428/1428/1428
f 1426/1426/1426 1428/1428/1428 1429/1429/1429
f 1430/1430/1430 1431/1431/1431 1432/1432/1432
f 1430/1430/1430 1432/1432/1432 1433/1433/1433
f 1434/1434/1434 1435/1435/1435 1436/1436/1436
f 1434/1434/1434 1436/1436/1436 1437/1437/1437
f 1438/1438/1438 1439/1439/1439 1440/1440/1440
f 1438/1438/1438 1440/1440/1440 1441/1441/1441
f 1442/1442/1442 1443/1443/1443 1444/1444/1444
f 1442/1442/1442 1444/1444/1444 1445/1445/1445
f 1446/1446/1446 1447/1447/1447 1448/1448/1448
f 1446/1446/1446 1448/1448/1448 1449/1449/1449
f 1450/1450/1450 1451/1451/1451 1452/1452/1452
f 1450/1450/1450 1452/1452/1452 1453/1453/1453
f 1454/1454/1454 1456/1456/1456 1457/1457/1457
f 1455/1455/1455 1458/1458/1458 1459/1459/1459
f 1460/1460/1460 1461/1461/1461 1462/1462/1462
f 1460/1460/1460 1462/1462/1462 1463/1463/1463
f 1464/1464/1464 1465/1465/1465 1466/1466/1466
f 1464/1464/1464 1466/1466/1466 1467/1467/1467
f 1468/1468/1468 1469/1469/1469 1470/1470/1470
f 1468/1468/1468 1470/1470/1470 1471/1471/1471
f 1472/1472/1472 1473/1473/1473 1474/1474/1474
f 1472/1472/1472 1474/1474/1474 1475/1475/1475
f 1476/1476/1476 1477/1477/1477 1478/1478/1478
f 1476/1476/1476 1478/1478/1478 1479/1479/1479
f 1481/1481/1481 1482/1482/1482 1483/1483/1483
f 1480/1480/1480 1484/1484/1484 1485/1485/1485
f 1486/1486/1486 1487/1487/1487 1488/1488/1488
f 1486/1486/1486 1488/1488/1488 1489/1489/1489
f 1490/1490/1490 1491/1491/1491 1492/1492/1492
f 1490/1490/1490 1492/1492/1492 1493/1493/1493
f 1494/1494/1494 1495/1495/1495 1496/1496/1496
f 1494/1494/1494 1496/1496/1496 1497/1497/1497
f 1498/1498/1498 1499/1499/1499 1500/1500/1500
f 1498/1498/1498 1500/1500/1500 1501/1501/1501
f 1502/1502/1502 1503/1503/1503 1504/1504/1504
f 1502/1502/1502 1504/1504/1504 1505/1505/1505
f 1506/1506/1506 1507/1507/1507 1508/1508/1508
f 1506/1506/1506 1508/1508/1508 1509/1509/1509
f 1510/1510/1510 1511/1511/1511 1512/1512/1512
f 1510/1510/1510 1512/1512/1512 1513/1513/1513
f 1515/1515/1515 1516/1516/1516 1517/1517/1517
f 1514/1514/1514 1518/1518/1518 1519/1519/1519
f 1520/1520/1520 1521/1521/1521 1522/1522/1522
f 1520/1520/1520 1522/1522/1522 1523/1523/1523
f 1524/1524/1524 1525/1525/1525 1526/1526/1526
f 1524/1524/1524 1526/1526/1526 1527/1527/1527
f 1528/1528/1528 1530/1530/1530 1532/1532/1532
f 1529/1529/1529 1531/1531/1531 1533/1533/1533
f 1534/1534/1534 1535/1535/1535 1536/1536/1536
f 1534/1534/1534 1536/1536/1536 1537/1537/1537
f 1538/1538/1538 1539/1539/1539 1540/1540/1540
f 1538/1538/1538 1540/1540/1540 1541/1541/1541
f 1542/1542/1542 1543/1543/1543 1544/1544/1544
f 1542/1542/1542 1544/1544/1544 1545/1545/1545
f 1546/1546/1546 1547/1547/1547 1548/1548/1548
f 1546/1546/1546 1548/1548/1548 1549/1549/1549
f 1550/1550/1550 1551/1551/1551 1552/1552/1552
f 1550/1550/1550 1552/1552/1552 1553/1553/1553
f 1554/1554/1554 1555/1555/1555 1556/1556/1556
f 1554/1554/1554 1556/1556/1556 1557/1557/1557
f 1558/1558/1558 1560/1560/1560 1561/1561/1561
f 1559/1559/1559 1562/1562/1562 1563/1563/1563
f 1564/1564/1564 1565/1565/1565 1566/1566/1566
f 1564/1564/1564 1566/1566/1566 1567/1567/1567
f 1568/1568/1568 1570/1570/1570 1571/1571/1571
f 1569/1569/1569 1572/1572/1572 1573/1573/1573
f 1574/1574/1574 1575/1575/1575 1576/1576/1576
f 1574/1574/1574 1576/1576/1576 1577/1577/1577
f 1578/1578/1578 1579/1579/1579 1580/1580/1580
f 1578/1578/1578 1580/1580/1580 1581/1581/1581
f 1582/1582/1582 1583/1583/1583 1584/1584/1584
f 1582/1582/1582 1584/1584/1584 1585/1585/1585
f 1586/1586/1586 1588/1588/1588 1590/1590/1590
f 1587/1587/1587 1589/1589/1589 1591/1591/1591
f 1592/1592/1592 1593/1593/1593 1594/1594/1594
f 1592/1592/1592 1594/1594/1594 1595/1595/1595
f 1596/1596/1596 1598/1598/1598 1599/1599/1599
f 1597/1597/1597 1600/1600/1600 1601/1601/1601
f 1602/1602/1602 1603/1603/1603 1604/1604/1604
f 1602/1602/1602 1604/1604/1604 1605/1605/1605
f 1606/1606/1606 1607/1607/1607 1608/1608/1608
f 1606/1606/1606 1608/1608/1608 1609/1609/1609
f 1610/1610/1610 1611/1611/1611 1612/1612/1612
f 1610/1610/1610 1612/1612/1612 1613/1613/1613
f 1614/1614/1614 1615/1615/1615 1616/1616/1616
f 1614/1614/1614 1616/1616/1616 1617/1617/1617
f 1618/1618/1618 1619/1619/1619 1620/1620/1620
f 1618/1618/1618 1620/1620/1620 1621/1621/1621
f 1622/1622/1622 1623/1623/1623 1624/1624/1624
f 1622/1622/1622 1624/1624/1624 1625/1625/1625
f 1626/1626/1626 1627/1627/1627 1628/1628/1628
f 1626/1626/1626 1628/1628/1628 1629/1629/1629
f 1630/1630/1630 1631/1631/1631 1632/1632/1632
f 1630/1630/1630 1632/1632/1632 1633/1633/1633
f 1634/1634/1634 1635/1635/1635 1636/1636/1636
f 1634/1634/1634 1636/1636/1636 1637/1637/1637
f 1638/1638/1638 1640/1640/1640 1642/1642/1642
f 1639/1639/1639 1641/1641/1641 1643/1643/1643
f 1644/1644/1644 1645/1645/1645 1646/1646/1646
f 1644/1644/1644 1646/1646/1646 1647/1647/1647
f 1648/1648/1648 1649/1649/1649 1650/1650/1650
f 1648/1648/1648 1650/1650/1650 1651/1651/1651
f 1652/1652/1652 1653/1653/1653 1654/1654/1654
f 1652/1652/1652 1654/1654/1654 1655/1655/1655
f 1656/1656/1656 1657/1657/1657 1658/1658/1658
f 1656/1656/1656 1658/1658/1658 1659/1659/1659
f 1660/1660/1660 1662/1662/1662 1663/1663/1663
f 1661/1661/1661 1664/1664/1664 1665/1665/1665
f 1666/1666/1666 1667/1667/1667 1668/1668/1668
f 1666/1666/1666 1668/1668/1668 1669/1669/1669
f 1670/1670/1670 1672/1672/1672 1673/1673/1673
f 1671/1671/1671 1674/1674/1674 1675/1675/1675
f 1676/1676/1676 1678/1678/1678 1680/1680/1680
f 1677/1677/1677 1679/1679/1679 1681/1681/1681
f 1682/1682/1682 1683/1683/1683 1684/1684/1684
f 1682/1682/1682 1684/1684/1684 1685/1685/1685
f 1686/1686/1686 1687/1687/1687 1688/1688/1688
f 1686/1686/1686 1688/1688/1688 1689/1689/1689
f 1690/1690/1690 1691/1691/1691 1692/1692/1692
f 1690/1690/1690 1692/1692/1692 1693/1693/1693
f 1694/1694/1694 1696/1696/1696 1697/1697/1697
f 1695/1695/1695 1698/1698/1698 1699/1699/1699
f 1700/1700/1700 1701/1701/1701 1702/1702/1702
f 1700/1700/1700 1702/1702/1702 1703/1703/1703
f 1704/1704/1704 1706/1706/1706 1707/1707/1707
f 1705/1705/1705 1708/1708/1708 1709/1709/1709
f 1710/1710/1710 1711/1711/1711 1712/1712/1712
f 1710/1710/1710 1712/1712/1712 1713/1713/1713
f 1714/1714/1714 1715/1715/1715 1716/1716/1716
f 1714/1714/1714 1716/1716/1716 1717/1717/1717
f 1718/1718/1718 1719/1719/1719 1720/1720/1720
f 1718/1718/1718 1720/1720/1720 1721/1721/1721
f 1722/1722/1722 1723/1723/1723 1724/1724/1724
f 1722/1722/1722 1724/1724/1724 1725/1725/1725
f 1726/1726/1726 1727/1727/1727 1728/1728/1728
f 1726/1726/1726 1728/1728/1728 1729/1729/1729
f 1730/1730/1730 1732/1732/1732 1733/1733/1733
f 1731/1731/1731 1734/1734/1734 1735/1735/1735
f 1736/1736/1736 1737/1737/1737 1738/1738/1738
f 1736/1736/1736 1738/1738/1738 1739/1739/1739
f 1740/1740/1740 1741/1741/1741 1742/1742/1742
f 1740/1740/1740 1742/1742/1742 1743/1743/1743
f 1744/1744/1744 1745/1745/1745 1746/1746/1746
f 1744/1744/1744 1746/1746/1746 1747/1747/1747
f 1748/1748/1748 1750/1750/1750 1752/1752/1752
f 1749/1749/1749 1751/1751/1751 1753/1753/1753
f 1754/1754/1754 1755/1755/1755 1756/1756/1756
f 1754/1754/1754 1756/1756/1756 1757/1757/1757
f 1758/1758/1758 1760/1760/1760 1761/1761/1761
f 1759/1759/1759 1762/1762/1762 1763/1763/1763
f 1764/1764/1764 1765/1765/1765 1766/1766/1766
f 1764/1764/1764 1766/1766/1766 1767/1767/1767
f 1768/1768/1768 1769/1769/1769 1770/1770/1770
f 1768/1768/1768 1770/1770/1770 1771/1771/1771
f 1772/1772/1772 1773/1773/1773 1774/1774/1774
f 1772/1772/1772 1774/1774/1774 1775/1775/1775
f 1776/1776/1776 1777/1777/1777 1778/1778/1778
f 1776/1776/1776 1778/1778/1778 1779/1779/1779
f 1780/1780/1780 1781/1781/1781 1782/1782/1782
f 1780/1780/1780 1782/1782/1782 1783/1783/1783
f 1784/1784/1784 1786/1786/1786 1788/1788/1788
f 1785/1785/1785 1787/1787/1787 1789/1789/1789
f 1790/1790/1790 1791/1791/1791 1792/1792/1792
f 1790/1790/1790 1792/1792/1792 1793/1793/1793
f 1794/1794/1794 1795/1795/1795 1796/1796/1796
f 1794/1794/1794 1796/1796/1796 1797/1797/1797
f 1798/1798/1798 1799/1799/1799 1800/1800/1800
f 1798/1798/1798 1800/1800/1800 1801/1801/1801
f 1802/1802/1802 1803/1803/1803 1804/1804/1804
f 1802/1802/1802 1804/1804/1804 1805/1805/1805
f 1806/1806/1806 1807/1807/1807 1808/1808/1808
f 1806/1806/1806 1808/1808/1808 1809/1809/1809
f 1810/1810/1810 1812/1812/1812 1814/1814/1814
f 1811/1811/1811 1813/1813/1813 1815/1815/1815
f 1816/1816/1816 1817/1817/1817 1818/1818/1818
f 1816/1816/1816 1818/1818/1818 1819/1819/1819
f 1820/1820/1820 1821/1821/1821 1822/1822/1822
f 1820/1820/1820 1822/1822/1822 1823/1823/1823
f 1824/1824/1824 1825/1825/1825 1826/1826/1826
f 1824/1824/1824 1826/1826/1826 1827/1827/1827
f 1828/1828/1828 1829/1829/1829 1830/1830/1830
f 1828/1828/1828 1830/1830/1830 1831/1831/1831
f 1832/1832/1832 1833/1833/1833 1834/1834/1834
f 1832/1832/1832 1834/1834/1834 1835/1835/1835
f 1836/1836/1836 1837/1837/1837 1838/1838/1838
f 1836/1836/1836 1838/1838/1838 1839/1839/1839
f 1840/1840/1840 1841/1841/1841 1842/1842/1842
f 1840/1840/1840 1842/1842/1842 1843/1843/1843
f 1844/1844/1844 1845/1845/1845 1846/1846/1846
f 1844/1844/1844 1846/1846/1846 1847/1847/1847
f 1848/1848/1848 1849/1849/1849 1850/1850/1850
f 1848/1848/1848 1850/1850/1850 1851/1851/1851
f 1852/1852/1852 1853/1853/1853 1854/1854/1854
f 1852/1852/1852 1854/1854/1854 1855/1855/1855
f 1856/1856/1856 1857/1857/1857 1858/1858/1858
f 1856/1856/1856 1858/1858/1858 1859/1859/1859
f 1860/1860/1860 1861/1861/1861 1862/1862/1862
f 1860/1860/1860 1862/1862/1862 1863/1863/1863
f 1864/1864/1864 1865/1865/1865 1866/1866/1866
f 1864/1864/1864 1866/1866/1866 1867/1867/1867
f 1868/1868/1868 1869/1869/1869 1870/1870/1870
f 1868/1868/1868 1870/1870/1870 1871/1871/1871
f 1872/1872/1872 1873/1873/1873 1874/1874/1874
f 1872/1872/1872 1874/1874/1874 1875/1875/1875
f 1876/1876/1876 1877/1877/1877 1878/1878/1878
f 1876/1876/1876 1878/1878/1878 1879/1879/1879
f 1880/1880/1880 1881/1881/1881 1882/1882/1882
f 1880/1880/1880 1882/1882/1882 1883/1883/1883
f 1884/1884/1884 1886/1886/1886 1887/1887/1887
f 1885/1885/1885 1888/1888/1888 1889/1889/1889
f 1890/1890/1890 1891/1891/1891 1892/1892/1892
f 1890/1890/1890 1892/1892/1892 1893/1893/1893
f 1894/1894/1894 1895/1895/1895 1896/1896/1896
f 1894/1894/1894 1896/1896/1896 1897/1897/1897
f 1898/1898/1898 1899/1899/1899 1900/1900/1900
f 1898/1898/1898 1900/1900/1900 1901/1901/1901
f 1902/1902/1902 1903/1903/1903 1904/1904/1904
f 1902/1902/1902 1904/1904/1904 1905/1905/1905
f 1906/1906/1906 1907/1907/1907 1908/1908/1908
f 1906/1906/1906 1908/1908/1908 1909/1909/1909
f 1910/1910/1910 1911/1911/1911 1912/1912/1912
f 1910/1910/1910 1912/1912/1912 1913/1913/1913
f 1914/1914/1914 1915/1915/1915 1916/1916/1916
f 1914/1914/1914 1916/1916/1916 1917/1917/1917
f 1918/1918/1918 1919/1919/1919 1920/1920/1920
f 1918/1918/1918 1920/1920/1920 1921/1921/1921
f 1922/1922/1922 1923/1923/1923 1924/1924/1924
f 1922/1922/1922 1924/1924/1924 1925/1925/1925
f 1926/1926/1926 1927/1927/1927 1928/1928/1928
f 1926/1926/1926 1928/1928/1928 1929/1929/1929
f 1930/1930/1930 1931/1931/1931 1932/1932/1932
f 1930/1930/1930 1932/1932/1932 1933/1933/1933
f 1934/1934/1934 1935/1935/1935 1936/1936/1936
f 1934/1934/1934 1936/1936/1936 1937/1937/1937
f 1938/1938/1938 1939/1939/1939 1940/1940/1940
f 1938/1938/1938 1940/1940/1940 1941/1941/1941
f 1942/1942/1942 1943/1943/1943 1944/1944/1944
f 1942/1942/1942 1944/1944/1944 1945/1945/1945
f 1946/1946/1946 1947/1947/1947 1948/1948/1948
f 1946/1946/1946 1948/1948/1948 1949/1949/1949
f 1951/1951/1951 1952/1952/1952 1953/1953/1953
f 1950/1950/1950 1954/1954/1954 1955/1955/1955
f 1956/1956/1956 1957/1957/1957 1958/1958/1958
f 1956/1956/1956 1958/1958/1958 1959/1959/1959
f 1961/1961/1961 1962/1962/1962 1963/1963/1963
f 1960/1960/1960 1964/1964/1964 1965/1965/1965
f 1966/1966/1966 1967/1967/1967 1968/1968/1968
f 1966/1966/1966 1968/1968/1968 1969/1969/1969
f 1970/1970/1970 1971/1971/1971 1972/1972/1972
f 1970/1970/1970 1972/1972/1972 1973/1973/1973
f 1974/1974/1974 1975/1975/1975 1976/1976/1976
f 1974/1974/1974 1976/1976/1976 1977/1977/1977
f 1978/1978/1978 1979/1979/1979 1980/1980/1980
f 1978/1978/1978 1980/1980/1980 1981/1981/1981
f 1982/1982/1982 1983/1983/1983 1984/1984/1984
f 1982/1982/1982 1984/1984/1984 1985/1985/1985
f 1986/1986/1986 1987/1987/1987 1988/1988/1988
f 1986/1986/1986 1988/1988/1988 1989/1989/1989
f 1990/1990/1990 1991/1991/1991 1992/1992/1992
f 1990/1990/1990 1992/1992/1992 1993/1993/1993
f 1994/1994/1994 1995/1995/1995 1996/1996/1996
f 1994/1994/1994 1996/1996/1996 1997/1997/1997
f 1998/1998/1998 1999/1999/1999 2000/2000/2000
f 1998/1998/1998 2000/2000/2000 2001/2001/2001
f 2002/2002/2002 2004/2004/2004 2005/2005/2005
f 2003/2003/2003 2006/2006/2006 2007/2007/2007
f 2008/2008/2008 2009/2009/2009 2010/2010/2010
f 2008/2008/2008 2010/2010/2010 2011/2011/2011
f 2012/2012/2012 2014/2014/2014 2015/2015/2015
f 2013/2013/2013 2016/2016/2016 2017/2017/2017
f 2018/2018/2018 2019/2019/2019 2020/2020/2020
f 2018/2018/2018 2020/2020/2020 2021/2021/2021
f 2022/2022/2022 2023/2023/2023 2024/2024/2024
f 2022/2022/2022 2024/2024/2024 2025/2025/2025
f 2026/2026/2026 2027/2027/2027 2028/2028/2028
f 2026/2026/2026 2028/2028/2028 2029/2029/2029
f 2030/2030/2030 2031/2031/2031 2032/2032/2032
f 2030/2030/2030 2032/2032/2032 2033/2033/2033
f 2034/2034/2034 2035/2035/2035 2036/2036/2036
f 2034/2034/2034 2036/2036/2036 2037/2037/2037
f 2038/2038/2038 2039/2039/2039 2040/2040/2040
f 2038/2038/2038 2040/2040/2040 2041/2041/2041
f 2042/2042/2042 2043/2043/2043 2044/2044/2044
f 2042/2042/2042 2044/2044/2044 2045/2045/2045
f 2046/2046/2046 2047/2047/2047 2048/2048/2048
f 2046/2046/2046 2048/2048/2048 2049/2049/2049
f 2050/2050/2050 2051/2051/2051 2052/2052/2052
f 2050/2050/2050 2052/2052/2052 2053/2053/2053
f 2054/2054/2054 2055/2055/2055 2056/2056/2056
f 2054/2054/2054 2056/2056/2056 2057/2057/2057
f 2058/2058/2058 2059/2059/2059 2060/2060/2060
f 2058/2058/2058 2060/2060/2060 2061/2061/2061
f 2062/2062/2062 2063/2063/2063 2064/2064/2064
f 2062/2062/2062 2064/2064/2064 2065/2065/2065
f 2066/2066/2066 2067/2067/2067 2068/2068/2068
f 2066/2066/2066 2068/2068/2068 2069/2069/2069
f 2070/2070/2070 2071/2071/2071 2072/2072/2072
f 2070/2070/2070 2072/2072/2072 2073/2073/2073
f 2074/2074/2074 2075/2075/2075 2076/2076/2076
f 2074/2074/2074 2076/2076/2076 2077/2077/2077
f 2078/2078/2078 2079/2079/2079 2080/2080/2080
f 2078/2078/2078 2080/2080/2080 2081/2081/2081
f 2082/2082/2082 2083/2083/2083 2084/2084/2084
f 2082/2082/2082 2084/2084/2084 2085/2085/2085
f 2086/2086/2086 2087/2087/2087 2088/2088/2088
f 2086/2086/2086 2088/2088/2088 2089/2089/2089
f 2090/2090/2090 2091/2091/2091 2092/2092/2092
f 2090/2090/2090 2092/2092/2092 2093/2093/2093
f 2094/2094/2094 2095/2095/2095 2096/2096/2096
f 2094/2094/2094 2096/2096/2096 2097/2097/2097
f 2098/2098/2098 2099/2099/2099 2100/2100/2100
f 2098/2098/2098 2100/2100/2100 2101/2101/2101
f 2102/2102/2102 2103/2103/2103 2104/2104/2104
f 2102/2102/2102 2104/2104/2104 2105/2105/2105
f 2106/2106/2106 2107/2107/2107 2108/2108/2108
f 2106/2106/2106 2108/2108/2108 2109/2109/2109
f 2110/2110/2110 2111/2111/2111 2112/2112/2112
f 2110/2110/2110 2112/2112/2112 2113/2113/2113
f 2114/2114/2114 2115/2115/2115 2116/2116/2116
f 2114/2114/2114 2116/2116/2116 2117/2117/2117
f 2118/2118/2118 2119/2119/2119 2120/2120/2120
f 2118/2118/2118 2120/2120/2120 2121/2121/2121
f 2122/2122/2122 2123/2123/2123 2124/2124/2124
f 2122/2122/2122 2124/2124/2124 2125/2125/2125
f 2126/2126/2126 2127/2127/2127 2128/2128/2128
f 2126/2126/2126 2128/2128/2128 2129/2129/2129
f 2130/2130/2130 2131/2131/2131 2132/2132/2132
f 2130/2130/2130 2132/2132/2132 2133/2133/2133
f 2134/2134/2134 2135/2135/2135 2136/2136/2136
f 2134/2134/2134 2136/2136/2136 2137/2137/2137
f 2138/2138/2138 2139/2139/2139 2140/2140/2140
f 2138/2138/2138 2140/2140/2140 2141/2141/2141
f 2142/2142/2142 2143/2143/2143 2144/2144/2144
f 2142/2142/2142 2144/2144/2144 2145/2145/2145
f 2146/2146/2146 2147/2147/2147 2148/2148/2148
f 2146/2146/2146 2148/2148/2148 2149/2149/2149
f 2150/2150/2150 2151/2151/2151 2152/2152/2152
f 2150/2150/2150 2152/2152/2152 2153/2153/2153
f 2154/2154/2154 2155/2155/2155 2156/2156/2156
f 2154/2154/2154 2156/2156/2156 2157/2157/2157
f 2158/2158/2158 2159/2159/2159 2160/2160/2160
f 2158/2158/2158 2160/2160/2160 2161/2161/2161
f 2162/2162/2162 2163/2163/2163 2164/2164/2164
f 2162/2162/2162 2164/2164/2164 2165/2165/2165
f 2166/2166/2166 2167/2167/2167 2168/2168/2168
f 2166/2166/2166 2168/2168/2168 2169/2169/2169
f 2170/2170/2170 2171/2171/2171 2172/2172/2172
f 2170/2170/2170 2172/2172/2172 2173/2173/2173
f 2174/2174/2174 2175/2175/2175 2176/2176/2176
f 2174/2174/2174 2176/2176/2176 2177/2177/2177
f 2178/2178/2178 2179/2179/2179 2180/2180/2180
f 2178/2178/2178 2180/2180/2180 2181/2181/2181
f 2182/2182/2182 2183/2183/2183 2184/2184/2184
f 2182/2182/2182 2184/2184/2184 2185/2185/2185
f 2186/2186/2186 2187/2187/2187 2188/2188/2188
f 2186/2186/2186 2188/2188/2188 2189/2189/2189
f 2190/2190/2190 2191/2191/2191 2192/2192/2192
f 2190/2190/2190 2192/2192/2192 2193/2193/2193
f 2194/2194/2194 2195/2195/2195 2196/2196/2196
f 2194/2194/2194 2196/2196/2196 2197/2197/2197
f 2198/2198/2198 2200/2200/2200 2201/2201/2201
f 2199/2199/2199 2202/2202/2202 2203/2203/2203
f 2204/2204/2204 2205/2205/2205 2206/2206/2206
f 2204/2204/2204 2206/2206/2206 2207/2207/2207
f 2208/2208/2208 2210/2210/2210 2212/2212/2212
f 2209/2209/2209 2211/2211/2211 2213/2213/2213
f 2214/2214/2214 2215/2215/2215 2216/2216/2216
f 2214/2214/2214 2216/2216/2216 2217/2217/2217
f 2218/2218/2218 2219/2219/2219 2220/2220/2220
f 2218/2218/2218 2220/2220/2220 2221/2221/2221
f 2222/2222/2222 2223/2223/2223 2224/2224/2224
f 2222/2222/2222 2224/2224/2224 2225/2225/2225
f 2226/2226/2226 2228/2228/2228 2229/2229/2229
f 2227/2227/2227 2230/2230/2230 2231/2231/2231
f 2232/2232/2232 2233/2233/2233 2234/2234/2234
f 2232/2232/2232 2234/2234/2234 2235/2235/2235
f 2237/2237/2237 2238/2238/2238 2239/2239/2239
f 2236/2236/2236 2240/2240/2240 2241/2241/2241
f 2242/2242/2242 2243/2243/2243 2244/2244/2244
f 2242/2242/2242 2244/2244/2244 2245/2245/2245
f 2246/2246/2246 2247/2247/2247 2248/2248/2248
f 2246/2246/2246 2248/2248/2248 2249/2249/2249
f 2250/2250/2250 2251/2251/2251 2252/2252/2252
f 2250/2250/2250 2252/2252/2252 2253/2253/2253
f 2254/2254/2254 2255/2255/2255 2256/2256/2256
f 2254/2254/2254 2256/2256/2256 2257/2257/2257
f 2258/2258/2258 2259/2259/2259 2260/2260/2260
f 2258/2258/2258 2260/2260/2260 2261/2261/2261
f 2262/2262/2262 2263/2263/2263 2264/2264/2264
f 2262/2262/2262 2264/2264/2264 2265/2265/2265
f 2266/2266/2266 2267/2267/2267 2268/2268/2268
f 2266/2266/2266 2268/2268/2268 2269/2269/2269
f 2270/2270/2270 2271/2271/2271 2272/2272/2272
f 2270/2270/2270 2272/2272/2272 2273/2273/2273
f 2274/2274/2274 2276/2276/2276 2277/2277/2277
f 2275/2275/2275 2278/2278/2278 2279/2279/2279
f 2281/2281/2281 2282/2282/2282 2283/2283/2283
f 2280/2280/2280 2284/2284/2284 2285/2285/2285
f 2286/2286/2286 2287/2287/2287 2288/2288/2288
f 2286/2286/2286 2288/2288/2288 2289/2289/2289
f 2290/2290/2290 2291/2291/2291 2292/2292/2292
f 2290/2290/2290 2292/2292/2292 2293/2293/2293
f 2294/2294/2294 2295/2295/2295 2296/2296/2296
f 2294/2294/2294 2296/2296/2296 2297/2297/2297
f 2298/2298/2298 2299/2299/2299 2300/2300/2300
f 2298/2298/2298 2300/2300/2300 2301/2301/2301
f 2302/2302/2302 2303/2303/2303 2304/2304/2304
f 2302/2302/2302 2304/2304/2304 2305/2305/2305
f 2306/2306/2306 2308/2308/2308 2309/2309/2309
f 2307/2307/2307 2310/2310/2310 2311/2311/2311
f 2312/2312/2312 2313/2313/2313 2314/2314/2314
f 2312/2312/2312 2314/2314/2314 2315/2315/2315
f 2316/2316/2316 2317/2317/2317 2318/2318/2318
f 2316/2316/2316 2318/2318/2318 2319/2319/2319
f 2320/2320/2320 2321/2321/2321 2322/2322/2322
f 2320/2320/2320 2322/2322/2322 2323/2323/2323
f 2324/2324/2324 2325/2325/2325 2326/2326/2326
f 2324/2324/2324 2326/2326/2326 2327/2327/2327
f 2328/2328/2328 2329/2329/2329 2330/2330/2330
f 2328/2328/2328 2330/2330/2330 2331/2331/2331
f 2332/2332/2332 2333/2333/2333 2334/2334/2334
f 2332/2332/2332 2334/2334/2334 2335/2335/2335
f 2336/2336/2336 2337/2337/2337 2338/2338/2338
f 2336/2336/2336 2338/2338/2338 2339/2339/2339
f 2341/2341/2341 2342/2342/2342 2343/2343/2343
f 2340/2340/2340 2344/2344/2344 2345/2345/2345
f 2346/2346/2346 2348/2348/2348 2349/2349/2349
f 2347/2347/2347 2350/2350/2350 2351/2351/2351
f 2352/2352/2352 2353/2353/2353 2354/2354/2354
f 2352/2352/2352 2354/2354/2354 2355/2355/2355
f 2356/2356/2356 2357/2357/2357 2358/2358/2358
f 2356/2356/2356 2358/2358/2358 2359/2359/2359
f 2360/2360/2360 2362/2362/2362 2363/2363/2363
f 2361/2361/2361 2364/2364/2364 2365/2365/2365
f 2366/2366/2366 2367/2367/2367 2368/2368/2368
f 2366/2366/2366 2368/2368/2368 2369/2369/2369
f 2370/2370/2370 2372/2372/2372 2373/2373/2373
f 2371/2371/2371 2374/2374/2374 2375/2375/2375
f 2376/2376/2376 2377/2377/2377 2378/2378/2378
f 2376/2376/2376 2378/2378/2378 2379/2379/2379
f 2380/2380/2380 2381/2381/2381 2382/2382/2382
f 2380/2380/2380 2382/2382/2382 2383/2383/2383
f 2384/2384/2384 2385/2385/2385 2386/2386/2386
f 2384/2384/2384 2386/2386/2386 2387/2387/2387
f 2388/2388/2388 2390/2390/2390 2391/2391/2391
f 2389/2389/2389 2392/2392/2392 2393/2393/2393
f 2394/2394/2394 2395/2395/2395 2396/2396/2396
f 2394/2394/2394 2396/2396/2396 2397/2397/2397
f 2399/2399/2399 2400/2400/2400 2401/2401/2401
f 2398/2398/2398 2402/2402/2402 2403/2403/2403
f 2404/2404/2404 2405/2405/2405 2406/2406/2406
f 2404/2404/2404 2406/2406/2406 2407/2407/2407
f 2408/2408/2408 2409/2409/2409 2410/2410/2410
f 2408/2408/2408 2410/2410/2410 2411/2411/2411
f 2412/2412/2412 2413/2413/2413 2414/2414/2414
f 2412/2412/2412 2414/2414/2414 2415/2415/2415
f 2416/2416/2416 2418/2418/2418 2419/2419/2419
f 2417/2417/2417 2420/2420/2420 2421/2421/2421
f 2422/2422/2422 2423/2423/2423 2424/2424/2424
f 2422/2422/2422 2424/2424/2424 2425/2425/2425
f 2426/2426/2426 2427/2427/2427 2428/2428/2428
f 2426/2426/2426 2428/2428/2428 2429/2429/2429
f 2430/2430/2430 2431/2431/2431 2432/2432/2432
f 2430/2430/2430 2432/2432/2432 2433/2433/2433
f 2434/2434/2434 2435/2435/2435 2436/2436/2436
f 2434/2434/2434 2436/2436/2436 2437/2437/2437
f 2438/2438/2438 2439/2439/2439 2440/2440/2440
f 2438/2438/2438 2440/2440/2440 2441/2441/2441
f 2442/2442/2442 2444/2444/2444 2445/2445/2445
f 2443/2443/2443 2446/2446/2446 2447/2447/2447
f 2448/2448/2448 2449/2449/2449 2450/2450/2450
f 2448/2448/2448 2450/2450/2450 2451/2451/2451
f 2452/2452/2452 2454/2454/2454 2456/2456/2456
f 2453/2453/2453 2455/2455/2455 2457/2457/2457
f 2458/2458/2458 2459/2459/2459 2460/2460/2460
f 2458/2458/2458 2460/2460/2460 2461/2461/2461
f 2462/2462/2462 2463/2463/2463 2464/2464/2464
f 2462/2462/2462 2464/2464/2464 2465/2465/2465
f 2466/2466/2466 2467/2467/2467 2468/2468/2468
f 2466/2466/2466 2468/2468/2468 2469/2469/2469
f 2471/2471/2471 2472/2472/2472 2473/2473/2473
f 2470/2470/2470 2474/2474/2474 2475/2475/2475
f 2476/2476/2476 2477/2477/2477 2478/2478/2478
f 2476/2476/2476 2478/2478/2478 2479/2479/2479
f 2481/2481/2481 2482/2482/2482 2483/2483/2483
f 2480/2480/2480 2484/2484/2484 2485/2485/2485
f 2486/2486/2486 2487/2487/2487 2488/2488/2488
f 2486/2486/2486 2488/2488/2488 2489/2489/2489
f 2490/2490/2490 2491/2491/2491 2492/2492/2492
f 2490/2490/2490 2492/2492/2492 2493/2493/2493
f 2494/2494/2494 2495/2495/2495 2496/2496/2496
f 2494/2494/2494 2496/2496/2496 2497/2497/2497
f 2498/2498/2498 2500/2500/2500 2502/2502/2502
f 2499/2499/2499 2501/2501/2501 2503/2503/2503
f 2504/2504/2504 2505/2505/2505 2506/2506/2506
f 2504/2504/2504 2506/2506/2506 2507/2507/2507
f 2508/2508/2508 2510/2510/2510 2512/2512/2512
f 2509/2509/2509 2511/2511/2511 2513/2513/2513
f 2514/2514/2514 2515/2515/2515 2516/2516/2516
f 2514/2514/2514 2516/2516/2516 2517/2517/2517
f 2518/2518/2518 2519/2519/2519 2520/2520/2520
f 2518/2518/2518 2520/2520/2520 2521/2521/2521
f 2522/2522/2522 2523/2523/2523 2524/2524/2524
f 2522/2522/2522 2524/2524/2524 2525/2525/2525
f 2526/2526/2526 2528/2528/2528 2530/2530/2530
f 2527/2527/2527 2529/2529/2529 2531/2531/2531
f 2532/2532/2532 2533/2533/2533 2534/2534/2534
f 2532/2532/2532 2534/2534/2534 2535/2535/2535
f 2536/2536/2536 2538/2538/2538 2539/2539/2539
f 2537/2537/2537 2540/2540/2540 2541/2541/2541
f 2542/2542/2542 2543/2543/2543 2544/2544/2544
f 2542/2542/2542 2544/2544/2544 2545/2545/2545
f 2546/2546/2546 2547/2547/2547 2548/2548/2548
f 2546/2546/2546 2548/2548/2548 2549/2549/2549
f 2550/2550/2550 2551/2551/2551 2552/2552/2552
f 2550/2550/2550 2552/2552/2552 2553/2553/2553
f 2554/2554/2554 2555/2555/2555 2556/2556/2556
f 2554/2554/2554 2556/2556/2556 2557/2557/2557
f 2558/2558/2558 2559/2559/2559 2560/2560/2560
f 2558/2558/2558 2560/2560/2560 2561/2561/2561
f 2562/2562/2562 2564/2564/2564 2565/2565/2565
f 2563/2563/2563 2566/2566/2566 2567/2567/2567
f 2568/2568/2568 2569/2569/2569 2570/2570/2570
f 2568/2568/2568 2570/2570/2570 2571/2571/2571
f 2572/2572/2572 2573/2573/2573 2574/2574/2574
f 2572/2572/2572 2574/2574/2574 2575/2575/2575
f 2576/2576/2576 2577/2577/2577 2578/2578/2578
f 2576/2576/2576 2578/2578/2578 2579/2579/2579
f 2580/2580/2580 2581/2581/2581 2582/2582/2582
f 2580/2580/2580 2582/2582/2582 2583/2583/2583
f 2584/2584/2584 2585/2585/2585 2586/2586/2586
f 2584/2584/2584 2586/2586/2586 2587/2587/2587
f 2588/2588/2588 2589/2589/2589 2590/2590/2590
f 2588/2588/2588 2590/2590/2590 2591/2591/2591
f 2592/2592/2592 2593/2593/2593 2594/2594/2594
f 2592/2592/2592 2594/2594/2594 2595/2595/2595
f 2596/2596/2596 2597/2597/2597 2598/2598/2598
f 2596/2596/2596 2598/2598/2598 2599/2599/2599
f 2600/2600/2600 2601/2601/2601 2602/2602/2602
f 2600/2600/2600 2602/2602/2602 2603/2603/2603
f 2604/2604/2604 2606/2606/2606 2607/2607/2607
f 2605/2605/2605 2608/2608/2608 2609/2609/2609
f 2610/2610/2610 2611/2611/2611 2612/2612/2612
f 2610/2610/2610 2612/2612/2612 2613/2613/2613
f 2614/2614/2614 2615/2615/2615 2616/2616/2616
f 2614/2614/2614 2616/2616/2616 2617/2617/2617
f 2618/2618/2618 2619/2619/2619 2620/2620/2620
f 2618/2618/2618 2620/2620/2620 2621/2621/2621
f 2622/2622/2622 2623/2623/2623 2624/2624/2624
f 2622/2622/2622 2624/2624/2624 2625/2625/2625
f 2626/2626/2626 2627/2627/2627 2628/2628/2628
f 2626/2626/2626 2628/2628/2628 2629/2629/2629
f 2631/2631/2631 2632/2632/2632 2633/2633/2633
f 2630/2630/2630 2634/2634/2634 2635/2635/2635
f 2636/2636/2636 2637/2637/2637 2638/2638/2638
f 2636/2636/2636 2638/2638/2638 2639/2639/2639
f 2640/2640/2640 2642/2642/2642 2643/2643/2643
f 2641/2641/2641 2644/2644/2644 2645/2645/2645
f 2646/2646/2646 2647/2647/2647 2648/2648/2648
f 2646/2646/2646 2648/2648/2648 2649/2649/2649
f 2650/2650/2650 2651/2651/2651 2652/2652/2652
f 2650/2650/2650 2652/2652/2652 2653/2653/2653
f 2654/2654/2654 2656/2656/2656 2657/2657/2657
f 2655/2655/2655 2658/2658/2658 2659/2659/2659
f 2660/2660/2660 2662/2662/2662 2663/2663/2663
f 2661/2661/2661 2664/2664/2664 2665/2665/2665
f 2666/2666/2666 2667/2667/2667 2668/2668/2668
f 2666/2666/2666 2668/2668/2668 2669/2669/2669
f 2670/2670/2670 2672/2672/2672 2674/2674/2674
f 2671/2671/2671 2673/2673/2673 2675/2675/2675
f 2676/2676/2676 2677/2677/2677 2678/2678/2678
f 2676/2676/2676 2678/2678/2678 2679/2679/2679
f 2680/2680/2680 2681/2681/2681 2682/2682/2682
f 2680/2680/2680 2682/2682/2682 2683/2683/2683
f 2684/2684/2684 2685/2685/2685 2686/2686/2686
f 2684/2684/2684 2686/2686/2686 2687/2687/2687
f 2689/2689/2689 2690/2690/2690 2691/2691/2691
f 2688/2688/2688 2692/2692/2692 2693/2693/2693
f 2694/2694/2694 2695/2695/2695 2696/2696/2696
f 2694/2694/2694 2696/2696/2696 2697/2697/2697
f 2698/2698/2698 2700/2700/2700 2701/2701/2701
f 2699/2699/2699 2702/2702/2702 2703/2703/2703
f 2704/2704/2704 2705/2705/2705 2706/2706/2706
f 2704/2704/2704 2706/2706/2706 2707/2707/2707
f 2708/2708/2708 2709/2709/2709 2710/2710/2710
f 2708/2708/2708 2710/2710/2710 2711/2711/2711
f 2712/2712/2712 2713/2713/2713 2714/2714/2714
f 2712/2712/2712 2714/2714/2714 2715/2715/2715
f 2716/2716/2716 2717/2717/2717 2718/2718/2718
f 2716/2716/2716 2718/2718/2718 2719/2719/2719
f 2720/2720/2720 2721/2721/2721 2722/2722/2722
f 2720/2720/2720 2722/2722/2722 2723/2723/2723
f 2724/2724/2724 2726/2726/2726 2727/2727/2727
f 2725/2725/2725 2728/2728/2728 2729/2729/2729
f 2730/2730/2730 2731/2731/2731 2732/2732/2732
f 2730/2730/2730 2732/2732/2732 2733/2733/2733
f 2734/2734/2734 2735/2735/2735 2736/2736/2736
f 2734/2734/2734 2736/2736/2736 2737/2737/2737
f 2738/2738/2738 2739/2739/2739 2740/2740/2740
f 2738/2738/2738 2740/2740/2740 2741/2741/2741
f 2742/2742/2742 2743/2743/2743 2744/2744/2744
f 2742/2742/2742 2744/2744/2744 2745/2745/2745
f 2746/2746/2746 2747/2747/2747 2748/2748/2748
f 2746/2746/2746 2748/2748/2748 2749/2749/2749
f 2750/2750/2750 2752/2752/2752 2753/2753/2753
f 2751/2751/2751 2754/2754/2754 2755/2755/2755
f 2756/2756/2756 2757/2757/2757 2758/2758/2758
f 2756/2756/2756 2758/2758/2758 2759/2759/2759
f 2761/2761/2761 2762/2762/2762 2763/2763/2763
f 2760/2760/2760 2764/2764/2764 2765/2765/2765
f 2766/2766/2766 2767/2767/2767 2768/2768/2768
f 2766/2766/2766 2768/2768/2768 2769/2769/2769
f 2771/2771/2771 2772/2772/2772 2773/2773/2773
f 2770/2770/2770 2774/2774/2774 2775/2775/2775
f 2776/2776/2776 2777/2777/2777 2778/2778/2778
f 2776/2776/2776 2778/2778/2778 2779/2779/2779
f 2780/2780/2780 2781/2781/2781 2782/2782/2782
f 2780/2780/2780 2782/2782/2782 2783/2783/2783
f 2784/2784/2784 2785/2785/2785 2786/2786/2786
f 2784/2784/2784 2786/2786/2786 2787/2787/2787
f 2788/2788/2788 2789/2789/2789 2790/2790/2790
f 2788/2788/2788 2790/2790/2790 2791/2791/2791
f 2792/2792/2792 2793/2793/2793 2794/2794/2794
f 2792/2792/2792 2794/2794/2794 2795/2795/2795
f 2796/2796/2796 2797/2797/2797 2798/2798/2798
f 2796/2796/2796 2798/2798/2798 2799/2799/2799
f 2800/2800/2800 2801/2801/2801 2802/2802/2802
f 2800/2800/2800 2802/2802/2802 2803/2803/2803
f 2805/2805/2805 2806/2806/2806 2807/2807/2807
f 2804/2804/2804 2808/2808/2808 2809/2809/2809
f 2810/2810/2810 2811/2811/2811 2812/2812/2812
f 2810/2810/2810 2812/2812/2812 2813/2813/2813
f 2814/2814/2814 2815/2815/2815 2816/2816/2816
f 2814/2814/2814 2816/2816/2816 2817/2817/2817
f 2818/2818/2818 2819/2819/2819 2820/2820/2820
f 2818/2818/2818 2820/2820/2820 2821/2821/2821
f 2822/2822/2822 2823/2823/2823 2824/2824/2824
f 2822/2822/2822 2824/2824/2824 2825/2825/2825
f 2826/2826/2826 2827/2827/2827 2828/2828/2828
f 2826/2826/2826 2828/2828/2828 2829/2829/2829
f 2830/2830/2830 2831/2831/2831 2832/2832/2832
f 2830/2830/2830 2832/2832/2832 2833/2833/2833
f 2834/2834/2834 2835/2835/2835 2836/2836/2836
f 2834/2834/2834 2836/2836/2836 2837/2837/2837
f 2838/2838/2838 2839/2839/2839 2840/2840/2840
f 2838/2838/2838 2840/2840/2840 2841/2841/2841
f 2842/2842/2842 2843/2843/2843 2844/2844/2844
f 2842/2842/2842 2844/2844/2844 2845/2845/2845
f 2846/2846/2846 2848/2848/2848 2850/2850/2850
f 2847/2847/2847 2849/2849/2849 2851/2851/2851
f 2852/2852/2852 2853/2853/2853 2854/2854/2854
f 2852/2852/2852 2854/2854/2854 2855/2855/2855
f 2856/2856/2856 2858/2858/2858 2860/2860/2860
f 2857/2857/2857 2859/2859/2859 2861/2861/2861
f 2862/2862/2862 2863/2863/2863 2864/2864/2864
f 2862/2862/2862 2864/2864/2864 2865/2865/2865
f 2866/2866/2866 2867/2867/2867 2868/2868/2868
f 2866/2866/2866 2868/2868/2868 2869/2869/2869
f 2870/2870/2870 2871/2871/2871 2872/2872/2872
f 2870/2870/2870 2872/2872/2872 2873/2873/2873
f 2874/2874/2874 2875/2875/2875 2876/2876/2876
f 2874/2874/2874 2876/2876/2876 2877/2877/2877
f 2878/2878/2878 2879/2879/2879 2880/2880/2880
f 2878/2878/2878 2880/2880/2880 2881/2881/2881
f 2882/2882/2882 2883/2883/2883 2884/2884/2884
f 2882/2882/2882 2884/2884/2884 2885/2885/2885
f 2886/2886/2886 2887/2887/2887 2888/2888/2888
f 2886/2886/2886 2888/2888/2888 2889/2889/2889
f 2890/2890/2890 2891/2891/2891 2892/2892/2892
f 2890/2890/2890 2892/2892/2892 2893/2893/2893
f 2894/2894/2894 2895/2895/2895 2896/2896/2896
f 2894/2894/2894 2896/2896/2896 2897/2897/2897
f 2898/2898/2898 2899/2899/2899 2900/2900/2900
f 2898/2898/2898 2900/2900/2900 2901/2901/2901
f 2902/2902/2902 2903/2903/2903 2904/2904/2904
f 2902/2902/2902 2904/2904/2904 2905/2905/2905
f 2906/2906/2906 2907/2907/2907 2908/2908/2908
f 2906/2906/2906 2908/2908/2908 2909/2909/2909
f 2910/2910/2910 2911/2911/2911 2912/2912/2912
f 2910/2910/2910 2912/2912/2912 2913/2913/2913
f 2914/2914/2914 2915/2915/2915 2916/2916/2916
f 2914/2914/2914 2916/2916/2916 2917/2917/2917
f 2918/2918/2918 2919/2919/2919 2920/2920/2920
f 2918/2918/2918 2920/2920/2920 2921/2921/2921
f 2922/2922/2922 2923/2923/2923 2924/2924/2924
f 2922/2922/2922 2924/2924/2924 2925/2925/2925
f 2926/2926/2926 2927/2927/2927 2928/2928/2928
f 2926/2926/2926 2928/2928/2928 2929/2929/2929
f 2930/2930/2930 2931/2931/2931 2932/2932/2932
f 2930/2930/2930 2932/2932/2932 2933/2933/2933
f 2934/2934/2934 2935/2935/2935 2936/2936/2936
f 2934/2934/2934 2936/2936/2936 2937/2937/2937
f 2938/2938/2938 2939/2939/2939 2940/2940/2940
f 2938/2938/2938 2940/2940/2940 2941/2941/2941
f 2942/2942/2942 2943/2943/2943 2944/2944/2944
f 2942/2942/2942 2944/2944/2944 2945/2945/2945
f 2946/2946/2946 2947/2947/2947 2948/2948/2948
f 2946/2946/2946 2948/2948/2948 2949/2949/2949
f 2950/2950/2950 2951/2951/2951 2952/2952/2952
f 2950/2950/2950 2952/2952/2952 2953/2953/2953
f 2954/2954/2954 2956/2956/2956 2957/2957/2957
f 2955/2955/2955 2958/2958/2958 2959/2959/2959
f 2960/2960/2960 2961/2961/2961 2962/2962/2962
f 2960/2960/2960 2962/2962/2962 2963/2963/2963
f 2964/2964/2964 2965/2965/2965 2966/2966/2966
f 2964/2964/2964 2966/2966/2966 2967/2967/2967
f 2968/2968/2968 2969/2969/2969 2970/2970/2970
f 2968/2968/2968 2970/2970/2970 2971/2971/2971
f 2972/2972/2972 2973/2973/2973 2974/2974/2974
f 2972/2972/2972 2974/2974/2974 2975/2975/2975
f 2976/2976/2976 2977/2977/2977 2978/2978/2978
f 2976/2976/2976 2978/2978/2978 2979/2979/2979
f 2980/2980/2980 2981/2981/2981 2982/2982/2982
f 2980/2980/2980 2982/2982/2982 2983/2983/2983
f 2984/2984/2984 2985/2985/2985 2986/2986/2986
f 2984/2984/2984 2986/2986/2986 2987/2987/2987
f 2988/2988/2988 2989/2989/2989 2990/2990/2990
f 2988/2988/2988 2990/2990/2990 2991/2991/2991
f 2992/2992/2992 2993/2993/2993 2994/2994/2994
f 2992/2992/2992 2994/2994/2994 2995/2995/2995
f 2996/2996/2996 2997/2997/2997 2998/2998/2998
f 2996/2996/2996 2998/2998/2998 2999/2999/2999
f 3000/3000/3000 3001/3001/3001 3002/3002/3002
f 3000/3000/3000 3002/3002/3002 3003/3003/3003
f 3004/3004/3004 3006/3006/3006 3008/3008/3008
f 3005/3005/3005 3007/3007/3007 3009/3009/3009
f 3010/3010/3010 3011/3011/3011 3012/3012/3012
f 3010/3010/3010 3012/3012/3012 3013/3013/3013
f 3014/3014/3014 3015/3015/3015 3016/3016/3016
f 3014/3014/3014 3016/3016/3016 3017/3017/3017
f 3018/3018/3018 3019/3019/3019 3020/3020/3020
f 3018/3018/3018 3020/3020/3020 3021/3021/3021
f 3023/3023/3023 3024/3024/3024 3025/3025/3025
f 3022/3022/3022 3026/3026/3026 3027/3027/3027
f 3028/3028/3028 3029/3029/3029 3030/3030/3030
f 3028/3028/3028 3030/3030/3030 3031/3031/3031
f 3032/3032/3032 3033/3033/3033 3034/3034/3034
f 3032/3032/3032 3034/3034/3034 3035/3035/3035
f 3036/3036/3036 3037/3037/3037 3038/3038/3038
f 3036/3036/3036 3038/3038/3038 3039/3039/3039
f 3040/3040/3040 3041/3041/3041 3042/3042/3042
f 3040/3040/3040 3042/3042/3042 3043/3043/3043
f 3044/3044/3044 3045/3045/3045 3046/3046/3046
f 3044/3044/3044 3046/3046/3046 3047/3047/3047
f 3048/3048/3048 3049/3049/3049 3050/3050/3050
f 3048/3048/3048 3050/3050/3050 3051/3051/3051
f 3052/3052/3052 3053/3053/3053 3054/3054/3054
f 3052/3052/3052 3054/3054/3054 3055/3055/3055
f 3056/3056/3056 3057/3057/3057 3058/3058/3058
f 3056/3056/3056 3058/3058/3058 3059/3059/3059
f 3060/3060/3060 3061/3061/3061 3062/3062/3062
f 3060/3060/3060 3062/3062/3062 3063/3063/3063
f 3064/3064/3064 3065/3065/3065 3066/3066/3066
f 3064/3064/3064 3066/3066/3066 3067/3067/3067
f 3068/3068/3068 3069/3069/3069 3070/3070/3070
f 3068/3068/3068 3070/3070/3070 3071/3071/3071
f 3072/3072/3072 3073/3073/3073 3074/3074/3074
f 3072/3072/3072 3074/3074/3074 3075/3075/3075
f 3076/3076/3076 3077/3077/3077 3078/3078/3078
f 3076/3076/3076 3078/3078/3078 3079/3079/3079
f 3080/3080/3080 3081/3081/3081 3082/3082/3082
f 3080/3080/3080 3082/3082/3082 3083/3083/3083
f 3084/3084/3084 3085/3085/3085 3086/3086/3086
f 3084/3084/3084 3086/3086/3086 3087/3087/3087
f 3088/3088/3088 3089/3089/3089 3090/3090/3090
f 3088/3088/3088 3090/3090/3090 3091/3091/3091
f 3092/3092/3092 3093/3093/3093 3094/3094/3094
f 3092/3092/3092 3094/3094/3094 3095/3095/3095
f 3096/3096/3096 3097/3097/3097 3098/3098/3098
f 3096/3096/3096 3098/3098/3098 3099/3099/3099
f 3100/3100/3100 3101/3101/3101 3102/3102/3102
f 3100/3100/3100 3102/3102/3102 3103/3103/3103
f 3104/3104/3104 3106/3106/3106 3107/3107/3107
f 3105/3105/3105 3108/3108/3108 3109/3109/3109
f 3110/3110/3110 3111/3111/3111 3112/3112/3112
f 3110/3110/3110 3112/3112/3112 3113/3113/3113
f 3114/3114/3114 3115/3115/3115 3116/3116/3116
f 3114/3114/3114 3116/3116/3116 3117/3117/3117
f 3118/3118/3118 3119/3119/3119 3120/3120/3120
f 3118/3118/3118 3120/3120/3120 3121/3121/3121
f 3122/3122/3122 3124/3124/3124 3125/3125/3125
f 3123/3123/3123 3126/3126/3126 3127/3127/3127
f 3128/3128/3128 3129/3129/3129 3130/3130/3130
f 3128/3128/3128 3130/3130/3130 3131/3131/3131
f 3132/3132/3132 3133/3133/3133 3134/3134/3134
f 3132/3132/3132 3134/3134/3134 3135/3135/3135
f 3136/3136/3136 3137/3137/3137 3138/3138/3138
f 3136/3136/3136 3138/3138/3138 3139/3139/3139
f 3140/3140/3140 3141/3141/3141 3142/3142/3142
f 3140/3140/3140 3142/3142/3142 3143/3143/3143
f 3144/3144/3144 3146/3146/3146 3147/3147/3147
f 3145/3145/3145 3148/3148/3148 3149/3149/3149
f 3150/3150/3150 3151/3151/3151 3152/3152/3152
f 3150/3150/3150 3152/3152/3152 3153/3153/3153
f 3154/3154/3154 3156/3156/3156 3157/3157/3157
f 3155/3155/3155 3158/3158/3158 3159/3159/3159
f 3160/3160/3160 3161/3161/3161 3162/3162/3162
f 3160/3160/3160 3162/3162/3162 3163/3163/3163
f 3164/3164/3164 3165/3165/3165 3166/3166/3166
f 3164/3164/3164 3166/3166/3166 3167/3167/3167
f 3168/3168/3168 3169/3169/3169 3170/3170/3170
f 3168/3168/3168 3170/3170/3170 3171/3171/3171
f 3172/3172/3172 3173/3173/3173 3174/3174/3174
f 3172/3172/3172 3174/3174/3174 3175/3175/3175
f 3176/3176/3176 3177/3177/3177 3178/3178/3178
f 3176/3176/3176 3178/3178/3178 3179/3179/3179
f 3180/3180/3180 3181/3181/3181 3182/3182/3182
f 3180/3180/3180 3182/3182/3182 3183/3183/3183
f 3184/3184/3184 3185/3185/3185 3186/3186/3186
f 3184/3184/3184 3186/3186/3186 3187/3187/3187
f 3188/3188/3188 3189/3189/3189 3190/3190/3190
f 3188/3188/3188 3190/3190/3190 3191/3191/3191
f 3192/3192/3192 3193/3193/3193 3194/3194/3194
f 3192/3192/3192 3194/3194/3194 3195/3195/3195
f 3196/3196/3196 3197/3197/3197 3198/3198/3198
f 3196/3196/3196 3198/3198/3198 3199/3199/3199
f 3200/3200/3200 3201/3201/3201 3202/3202/3202
f 3200/3200/3200 3202/3202/3202 3203/3203/3203
f 3204/3204/3204 3205/3205/3205 3206/3206/3206
f 3204/3204/3204 3206/3206/3206 3207/3207/3207
f 3209/3209/3209 3210/3210/3210 3211/3211/3211
f 3208/3208/3208 3212/3212/3212 3213/3213/3213
f 3214/3214/3214 3215/3215/3215 3216/3216/3216
f 3214/3214/3214 3216/3216/3216 3217/3217/3217
f 3218/3218/3218 3219/3219/3219 3220/3220/3220
f 3218/3218/3218 3220/3220/3220 3221/3221/3221
f 3222/3222/3222 3223/3223/3223 3224/3224/3224
f 3222/3222/3222 3224/3224/3224 3225/3225/3225
f 3226/3226/3226 3228/3228/3228 3229/3229/3229
f 3227/3227/3227 3230/3230/3230 3231/3231/3231
f 3232/3232/3232 3233/3233/3233 3234/3234/3234
f 3232/3232/3232 3234/3234/3234 3235/3235/3235
f 3236/3236/3236 3238/3238/3238 3239/3239/3239
f 3237/3237/3237 3240/3240/3240 3241/3241/3241
f 3242/3242/3242 3243/3243/3243 3244/3244/3244
f 3242/3242/3242 3244/3244/3244 3245/3245/3245
f 3246/3246/3246 3247/3247/3247 3248/3248/3248
f 3246/3246/3246 3248/3248/3248 3249/3249/3249
f 3250/3250/3250 3251/3251/3251 3252/3252/3252
f 3250/3250/3250 3252/3252/3252 3253/3253/3253
f 3254/3254/3254 3255/3255/3255 3256/3256/3256
f 3254/3254/3254 3256/3256/3256 3257/3257/3257
f 3258/3258/3258 3259/3259/3259 3260/3260/3260
f 3258/3258/3258 3260/3260/3260 3261/3261/3261
f 3262/3262/3262 3264/3264/3264 3265/3265/3265
f 3263/3263/3263 3266/3266/3266 3267/3267/3267
f 3268/3268/3268 3269/3269/3269 3270/3270/3270
f 3268/3268/3268 3270/3270/3270 3271/3271/3271
f 3272/3272/3272 3273/3273/3273 3274/3274/3274
f 3272/3272/3272 3274/3274/3274 3275/3275/3275
f 3276/3276/3276 3277/3277/3277 3278/3278/3278
f 3276/3276/3276 3278/3278/3278 3279/3279/3279
f 3280/3280/3280 3282/3282/3282 3284/3284/3284
f 3281/3281/3281 3283/3283/3283 3285/3285/3285
f 3286/3286/3286 3287/3287/3287 3288/3288/3288
f 3286/3286/3286 3288/3288/3288 3289/3289/3289
f 3290/3290/3290 3291/3291/3291 3292/3292/3292
f 3290/3290/3290 3292/3292/3292 3293/3293/3293
f 3294/3294/3294 3295/3295/3295 3296/3296/3296
f 3294/3294/3294 3296/3296/3296 3297/3297/3297
f 3298/3298/3298 3299/3299/3299 3300/3300/3300
f 3298/3298/3298 3300/3300/3300 3301/3301/3301
f 3302/3302/3302 3303/3303/3303 3304/3304/3304
f 3302/3302/3302 3304/3304/3304 3305/3305/3305
f 3306/3306/3306 3307/3307/3307 3308/3308/3308
f 3306/3306/3306 3308/3308/3308 3309/3309/3309
f 3310/3310/3310 3311/3311/3311 3312/3312/3312
f 3310/3310/3310 3312/3312/3312 3313/3313/3313
f 3314/3314/3314 3316/3316/3316 3317/3317/3317
f 3315/3315/3315 3318/3318/3318 3319/3319/3319
f 3320/3320/3320 3321/3321/3321 3322/3322/3322
f 3320/3320/3320 3322/3322/3322 3323/3323/3323
f 3324/3324/3324 3325/3325/3325 3326/3326/3326
f 3324/3324/3324 3326/3326/3326 3327/3327/3327
f 3328/3328/3328 3329/3329/3329 3330/3330/3330
f 3328/3328/3328 3330/3330/3330 3331/3331/3331
f 3332/3332/3332 3334/3334/3334 3335/3335/3335
f 3333/3333/3333 3336/3336/3336 3337/3337/3337
f 3338/3338/3338 3339/3339/3339 3340/3340/3340
f 3338/3338/3338 3340/3340/3340 3341/3341/3341
f 3342/3342/3342 3344/3344/3344 3345/3345/3345
f 3343/3343/3343 3346/3346/3346 3347/3347/3347
f 3348/3348/3348 3349/3349/3349 3350/3350/3350
f 3348/3348/3348 3350/3350/3350 3351/3351/3351
f 3352/3352/3352 3353/3353/3353 3354/3354/3354
f 3352/3352/3352 3354/3354/3354 3355/3355/3355
f 3356/3356/3356 3357/3357/3357 3358/3358/3358
f 3356/3356/3356 3358/3358/3358 3359/3359/3359
f 3360/3360/3360 3361/3361/3361 3362/3362/3362
f 3360/3360/3360 3362/3362/3362 3363/3363/3363
f 3364/3364/3364 3365/3365/3365 3366/3366/3366
f 3364/3364/3364 3366/3366/3366 3367/3367/3367
f 3369/3369/3369 3370/3370/3370 3371/3371/3371
f 3368/3368/3368 3372/3372/3372 3373/3373/3373
f 3374/3374/3374 3375/3375/3375 3376/3376/3376
f 3374/3374/3374 3376/3376/3376 3377/3377/3377
f 3378/3378/3378 3379/3379/3379 3380/3380/3380
f 3378/3378/3378 3380/3380/3380 3381/3381/3381
f 3382/3382/3382 3383/3383/3383 3384/3384/3384
f 3382/3382/3382 3384/3384/3384 3385/3385/3385
f 3386/3386/3386 3387/3387/3387 3388/3388/3388
f 3386/3386/3386 3388/3388/3388 3389/3389/3389
f 3390/3390/3390 3391/3391/3391 3392/3392/3392
f 3390/3390/3390 3392/3392/3392 3393/3393/3393
f 3394/3394/3394 3396/3396/3396 3398/3398/3398
f 3395/3395/3395 3397/3397/3397 3399/3399/3399
f 3400/3400/3400 3401/3401/3401 3402/3402/3402
f 3400/3400/3400 3402/3402/3402 3403/3403/3403
f 3404/3404/3404 3405/3405/3405 3406/3406/3406
f 3404/3404/3404 3406/3406/3406 3407/3407/3407
f 3408/3408/3408 3409/3409/3409 3410/3410/3410
f 3408/3408/3408 3410/3410/3410 3411/3411/3411
f 3413/3413/3413 3414/3414/3414 3416/3416/3416
f 3412/3412/3412 3415/3415/3415 3417/3417/3417
f 3418/3418/3418 3419/3419/3419 3420/3420/3420
f 3418/3418/3418 3420/3420/3420 3421/3421/3421
f 3422/3422/3422 3424/3424/3424 3425/3425/3425
f 3423/3423/3423 3426/3426/3426 3427/3427/3427
f 3428/3428/3428 3429/3429/3429 3430/3430/3430
f 3428/3428/3428 3430/3430/3430 3431/3431/3431
f 3432/3432/3432 3433/3433/3433 3434/3434/3434
f 3432/3432/3432 3434/3434/3434 3435/3435/3435
f 3436/3436/3436 3437/3437/3437 3438/3438/3438
f 3436/3436/3436 3438/3438/3438 3439/3439/3439
f 3441/3441/3441 3442/3442/3442 3444/3444/3444
f 3440/3440/3440 3443/3443/3443 3445/3445/3445
f 3446/3446/3446 3447/3447/3447 3448/3448/3448
f 3446/3446/3446 3448/3448/3448 3449/3449/3449
f 3450/3450/3450 3451/3451/3451 3452/3452/3452
f 3450/3450/3450 3452/3452/3452 3453/3453/3453
f 3454/3454/3454 3455/3455/3455 3456/3456/3456
f 3454/3454/3454 3456/3456/3456 3457/3457/3457
f 3458/3458/3458 3459/3459/3459 3460/3460/3460
f 3458/3458/3458 3460/3460/3460 3461/3461/3461
f 3462/3462/3462 3463/3463/3463 3464/3464/3464
f 3462/3462/3462 3464/3464/3464 3465/3465/3465
f 3467/3467/3467 3468/3468/3468 3470/3470/3470
f 3466/3466/3466 3469/3469/3469 3471/3471/3471
f 3472/3472/3472 3473/3473/3473 3474/3474/3474
f 3472/3472/3472 3474/3474/3474 3475/3475/3475
f 3476/3476/3476 3477/3477/3477 3478/3478/3478
f 3476/3476/3476 3478/3478/3478 3479/3479/3479
f 3480/3480/3480 3481/3481/3481 3482/3482/3482
f 3480/3480/3480 3482/3482/3482 3483/3483/3483
f 3484/3484/3484 3485/3485/3485 3486/3486/3486
f 3484/3484/3484 3486/3486/3486 3487/3487/3487
f 3488/3488/3488 3489/3489/3489 3490/3490/3490
f 3488/3488/3488 3490/3490/3490 3491/3491/3491
f 3492/3492/3492 3493/3493/3493 3494/3494/3494
f 3492/3492/3492 3494/3494/3494 3495/3495/3495
f 3496/3496/3496 3497/3497/3497 3498/3498/3498
f 3496/3496/3496 3498/3498/3498 3499/3499/3499
f 3500/3500/3500 3501/3501/3501 3502/3502/3502
f 3500/3500/3500 3502/3502/3502 3503/3503/3503
f 3504/3504/3504 3505/3505/3505 3506/3506/3506
f 3504/3504/3504 3506/3506/3506 3507/3507/3507
f 3508/3508/3508 3509/3509/3509 3510/3510/3510
f 3508/3508/3508 3510/3510/3510 3511/3511/3511
f 3512/3512/3512 3513/3513/3513 3514/3514/3514
f 3512/3512/3512 3514/3514/3514 3515/3515/3515
f 3516/3516/3516 3518/3518/3518 3519/3519/3519
f 3517/3517/3517 3520/3520/3520 3521/3521/3521
f 3522/3522/3522 3523/3523/3523 3524/3524/3524
f 3522/3522/3522 3524/3524/3524 3525/3525/3525
f 3526/3526/3526 3528/3528/3528 3530/3530/3530
f 3527/3527/3527 3529/3529/3529 3531/3531/3531
f 3532/3532/3532 3533/3533/3533 3534/3534/3534
f 3532/3532/3532 3534/3534/3534 3535/3535/3535
f 3536/3536/3536 3537/3537/3537 3538/3538/3538
f 3536/3536/3536 3538/3538/3538 3539/3539/3539
f 3540/3540/3540 3541/3541/3541 3542/3542/3542
f 3540/3540/3540 3542/3542/3542 3543/3543/3543
f 3544/3544/3544 3546/3546/3546 3547/3547/3547
f 3545/3545/3545 3548/3548/3548 3549/3549/3549
f 3550/3550/3550 3551/3551/3551 3552/3552/3552
f 3550/3550/3550 3552/3552/3552 3553/3553/3553
f 3555/3555/3555 3556/3556/3556 3558/3558/3558
f 3554/3554/3554 3557/3557/3557 3559/3559/3559
f 3560/3560/3560 3561/3561/3561 3562/3562/3562
f 3560/3560/3560 3562/3562/3562 3563/3563/3563
f 3564/3564/3564 3565/3565/3565 3566/3566/3566
f 3564/3564/3564 3566/3566/3566 3567/3567/3567
f 3568/3568/3568 3569/3569/3569 3570/3570/3570
f 3568/3568/3568 3570/3570/3570 3571/3571/3571
f 3572/3572/3572 3573/3573/3573 3574/3574/3574
f 3572/3572/3572 3574/3574/3574 3575/3575/3575
f 3576/3576/3576 3577/3577/3577 3578/3578/3578
f 3576/3576/3576 3578/3578/3578 3579/3579/3579
f 3580/3580/3580 3581/3581/3581 3582/3582/3582
f 3580/3580/3580 3582/3582/3582 3583/3583/3583
f 3584/3584/3584 3585/3585/3585 3586/3586/3586
f 3584/3584/3584 3586/3586/3586 3587/3587/3587
f 3588/3588/3588 3589/3589/3589 3590/3590/3590
f 3588/3588/3588 3590/3590/3590 3591/3591/3591
f 3592/3592/3592 3593/3593/3593 3594/3594/3594
f 3592/3592/3592 3594/3594/3594 3595/3595/3595
f 3596/3596/3596 3597/3597/3597 3598/3598/3598
f 3596/3596/3596 3598/3598/3598 3599/3599/3599
f 3600/3600/3600 3601/3601/3601 3602/3602/3602
f 3600/3600/3600 3602/3602/3602 3603/3603/3603
f 3604/3604/3604 3606/3606/3606 3607/3607/3607
f 3605/3605/3605 3608/3608/3608 3609/3609/3609
f 3610/3610/3610 3611/3611/3611 3612/3612/3612
f 3610/3610/3610 3612/3612/3612 3613/3613/3613
f 3614/3614/3614 3615/3615/3615 3616/3616/3616
f 3614/3614/3614 3616/3616/3616 3617/3617/3617
f 3618/3618/3618 3619/3619/3619 3620/3620/3620
f 3618/3618/3618 3620/3620/3620 3621/3621/3621
f 3622/3622/3622 3624/3624/3624 3626/3626/3626
f 3623/3623/3623 3625/3625/3625 3627/3627/3627
f 3628/3628/3628 3629/3629/3629 3630/3630/3630
f 3628/3628/3628 3630/3630/3630 3631/3631/3631
f 3632/3632/3632 3634/3634/3634 3635/3635/3635
f 3633/3633/3633 3636/3636/3636 3637/3637/3637
f 3638/3638/3638 3639/3639/3639 3640/3640/3640
f 3638/3638/3638 3640/3640/3640 3641/3641/3641
f 3642/3642/3642 3643/3643/3643 3644/3644/3644
f 3642/3642/3642 3644/3644/3644 3645/3645/3645
f 3646/3646/3646 3647/3647/3647 3648/3648/3648
f 3646/3646/3646 3648/3648/3648 3649/3649/3649
f 3650/3650/3650 3651/3651/3651 3652/3652/3652
f 3650/3650/3650 3652/3652/3652 3653/3653/3653
f 3654/3654/3654 3655/3655/3655 3656/3656/3656
f 3654/3654/3654 3656/3656/3656 3657/3657/3657
f 3658/3658/3658 3660/3660/3660 3661/3661/3661
f 3659/3659/3659 3662/3662/3662 3663/3663/3663
f 3664/3664/3664 3665/3665/3665 3666/3666/3666
f 3664/3664/3664 3666/3666/3666 3667/3667/3667
f 3668/3668/3668 3669/3669/3669 3670/3670/3670
f 3668/3668/3668 3670/3670/3670 3671/3671/3671
f 3672/3672/3672 3673/3673/3673 3674/3674/3674
f 3672/3672/3672 3674/3674/3674 3675/3675/3675
f 3676/3676/3676 3678/3678/3678 3679/3679/3679
f 3677/3677/3677 3680/3680/3680 3681/3681/3681
f 3682/3682/3682 3683/3683/3683 3684/3684/3684
f 3682/3682/3682 3684/3684/3684 3685/3685/3685
f 3686/3686/3686 3688/3688/3688 3689/3689/3689
f 3687/3687/3687 3690/3690/3690 3691/3691/3691
f 3692/3692/3692 3693/3693/3693 3694/3694/3694
f 3692/3692/3692 3694/3694/3694 3695/3695/3695
f 3696/3696/3696 3697/3697/3697 3698/3698/3698
f 3696/3696/3696 3698/3698/3698 3699/3699/3699
