# ABC bottle geometry; canonical radius 1 and height 1, bottom z=0.
# https://github.com/mikedh/trimesh
v 0.807876631221 -0.0777883824213 0.616356907485
v 0.811623653332 1.6949931026e-06 0.616356907485
v 0.820146782234 1.6949931026e-06 0.611204198168
v 0.816373407777 -0.0786063924888 0.611204198168
v 0.816373407777 -0.0786063924888 0.611204198168
v 0.820146782234 1.6949931026e-06 0.611204198168
v 0.835979233091 1.6949931026e-06 0.601143739455
v 0.832126673673 -0.0801104590099 0.601143739455
v 0.832126673673 -0.0801104590099 0.601143739455
v 0.832126673673 -0.0801104590099 0.601143739455
v 0.835979233091 1.6949931026e-06 0.601143739455
v 0.855347567483 1.6949931026e-06 0.588151708961
v 0.855347567483 1.6949931026e-06 0.588151708961
v 0.851415887067 -0.0819839700653 0.588151708961
v 0.851415887067 -0.0819839700653 0.588151708961
v 0.855347567483 1.6949931026e-06 0.588151708961
v 0.874584012224 1.6949931026e-06 0.574208351957
v 0.870573146847 -0.0838310648132 0.574208351957
v 0.870573146847 -0.0838310648132 0.574208351957
v 0.874584012224 1.6949931026e-06 0.574208351957
v 0.88994148124 1.6949931026e-06 0.561289816367
v 0.885851430902 -0.0853087789887 0.561289816367
v 0.885851430902 -0.0853087789887 0.561289816367
v 0.88994148124 1.6949931026e-06 0.561289816367
v 0.901314437225 1.6949931026e-06 0.549383849741
v 0.897171618234 -0.0863906323222 0.549383849741
v 0.897171618234 -0.0863906323222 0.549383849741
v 0.901314437225 1.6949931026e-06 0.549383849741
v 0.911262511649 1.6949931026e-06 0.537077768386
v 0.907066924005 -0.0873405960037 0.537077768386
v 0.907066924005 -0.0873405960037 0.537077768386
v 0.911262511649 1.6949931026e-06 0.537077768386
v 0.91946896467 1.6949931026e-06 0.524575687425
v 0.915220608373 -0.0881322537256 0.524575687425
v 0.915220608373 -0.0881322537256 0.524575687425
v 0.91946896467 1.6949931026e-06 0.524575687425
v 0.925643600676 1.6949931026e-06 0.512085868809
v 0.921368892033 -0.0887127728728 0.512085868809
v 0.921368892033 -0.0887127728728 0.512085868809
v 0.925643600676 1.6949931026e-06 0.512085868809
v 0.929496160093 1.6949931026e-06 0.499808360009
v 0.92522145145 -0.0890821534451 0.499808360009
v 0.92522145145 -0.0890821534451 0.499808360009
v 0.929496160093 1.6949931026e-06 0.499808360009
v 0.929918373281 1.6949931026e-06 0.48642028244
v 0.925643600676 -0.0891349220983 0.48642028244
v 0.925643600676 -0.0891349220983 0.48642028244
v 0.929918373281 1.6949931026e-06 0.48642028244
v 0.927042193853 1.6949931026e-06 0.471639908936
v 0.922767421248 -0.0888446625248 0.471639908936
v 0.922767421248 -0.0888446625248 0.471639908936
v 0.927042193853 1.6949931026e-06 0.471639908936
v 0.922661883941 1.6949931026e-06 0.457586299679
v 0.918413463682 -0.0884225132992 0.457586299679
v 0.918413463682 -0.0884225132992 0.457586299679
v 0.922661883941 1.6949931026e-06 0.457586299679
v 0.918545417296 1.6949931026e-06 0.446366282193
v 0.914323413345 -0.0880266524572 0.446366282193
v 0.914323413345 -0.0880266524572 0.446366282193
v 0.918545417296 1.6949931026e-06 0.446366282193
v 0.912555503557 1.6949931026e-06 0.440098916659
v 0.912265243984 -0.08784193019 0.440098916659
v 0.783969680957 -0.210068394517 0.616356907485
v 0.807876631221 -0.0777883824213 0.616356907485
v 0.816373407777 -0.0786063924888 0.611204198168
v 0.792202550286 -0.212258581454 0.611204198168
v 0.792202550286 -0.212258581454 0.611204198168
v 0.816373407777 -0.0786063924888 0.611204198168
v 0.832126673673 -0.0801104590099 0.601143739455
v 0.807480834341 -0.216374984137 0.601143739455
v 0.807480834341 -0.216374984137 0.601143739455
v 0.832126673673 -0.0801104590099 0.601143739455
v 0.851415887067 -0.0819839700653 0.588151708961
v 0.826215880933 -0.221388581849 0.588151708961
v 0.826215880933 -0.221388581849 0.588151708961
v 0.851415887067 -0.0819839700653 0.588151708961
v 0.870573146847 -0.0838310648132 0.574208351957
v 0.844792621566 -0.226349410907 0.574208351957
v 0.844792621566 -0.226349410907 0.574208351957
v 0.870573146847 -0.0838310648132 0.574208351957
v 0.885851430902 -0.0853087789887 0.561289816367
v 0.859622340088 -0.230333923938 0.561289816367
v 0.859622340088 -0.230333923938 0.561289816367
v 0.885851430902 -0.0853087789887 0.561289816367
v 0.897171618234 -0.0863906323222 0.549383849741
v 0.870599499193 -0.233289288327 0.549383849741
v 0.870599499193 -0.233289288327 0.549383849741
v 0.897171618234 -0.0863906323222 0.549383849741
v 0.907066924005 -0.0873405960037 0.537077768386
v 0.880204545391 -0.235848919798 0.537077768386
v 0.880204545391 -0.235848919798 0.537077768386
v 0.907066924005 -0.0873405960037 0.537077768386
v 0.915220608373 -0.0881322537256 0.524575687425
v 0.888120738838 -0.237959857812 0.524575687425
v 0.888120738838 -0.237959857812 0.524575687425
v 0.915220608373 -0.0881322537256 0.524575687425
v 0.921368892033 -0.0887127728728 0.512085868809
v 0.894110716539 -0.239569525602 0.512085868809
v 0.894110716539 -0.239569525602 0.512085868809
v 0.921368892033 -0.0887127728728 0.512085868809
v 0.92522145145 -0.0890821534451 0.499808360009
v 0.897831322342 -0.240572257936 0.499808360009
v 0.897831322342 -0.240572257936 0.499808360009
v 0.92522145145 -0.0890821534451 0.499808360009
v 0.925643600676 -0.0891349220983 0.48642028244
v 0.898227119222 -0.240677795243 0.48642028244
v 0.898227119222 -0.240677795243 0.48642028244
v 0.925643600676 -0.0891349220983 0.48642028244
v 0.922767421248 -0.0888446625248 0.471639908936
v 0.895456413138 -0.239938970136 0.471639908936
v 0.895456413138 -0.239938970136 0.471639908936
v 0.922767421248 -0.0888446625248 0.471639908936
v 0.918413463682 -0.0884225132992 0.457586299679
v 0.891208056841 -0.238804284187 0.457586299679
v 0.891208056841 -0.238804284187 0.457586299679
v 0.918413463682 -0.0884225132992 0.457586299679
v 0.914323413345 -0.0880266524572 0.446366282193
v 0.887249960117 -0.237722366892 0.446366282193
v 0.887249960117 -0.237722366892 0.446366282193
v 0.914323413345 -0.0880266524572 0.446366282193
v 0.912265243984 -0.08784193019 0.440098916659
v 0.885270911755 -0.23719468036 0.440098916659
v 0.710269653881 -0.410084872297 0.611204198168
v 0.702881210927 -0.405810163654 0.616356907485
v 0.738556978017 -0.336569631449 0.616356907485
v 0.746314865505 -0.340105514985 0.611204198168
v 0.723964750416 -0.417974713398 0.601143739455
v 0.710269653881 -0.410084872297 0.611204198168
v 0.746314865505 -0.340105514985 0.611204198168
v 0.760696018494 -0.346675947871 0.601143739455
v 0.7407735173 -0.427685296902 0.588151708961
v 0.723964750416 -0.417974713398 0.601143739455
v 0.760696018494 -0.346675947871 0.601143739455
v 0.778349147791 -0.354697742587 0.588151708961
v 0.757423978224 -0.437290279138 0.574208351957
v 0.7407735173 -0.427685296902 0.588151708961
v 0.778349147791 -0.354697742587 0.588151708961
v 0.79584403509 -0.362693120995 0.574208351957
v 0.770723213917 -0.444969045627 0.561289816367
v 0.757423978224 -0.437290279138 0.574208351957
v 0.79584403509 -0.362693120995 0.574208351957
v 0.80980291093 -0.369052479268 0.561289816367
v 0.780565687073 -0.450668699792 0.549383849741
v 0.770723213917 -0.444969045627 0.561289816367
v 0.80980291093 -0.369052479268 0.561289816367
v 0.820173198541 -0.373775817406 0.549383849741
v 0.789168000936 -0.45562952885 0.537077768386
v 0.780565687073 -0.450668699792 0.549383849741
v 0.820173198541 -0.373775817406 0.549383849741
v 0.82919766163 -0.377892284051 0.537077768386
v 0.796266184316 -0.459719579188 0.524575687425
v 0.789168000936 -0.45562952885 0.537077768386
v 0.82919766163 -0.377892284051 0.537077768386
v 0.836665289544 -0.381296213973 0.524575687425
v 0.801622874216 -0.462806897191 0.512085868809
v 0.796266184316 -0.459719579188 0.524575687425
v 0.836665289544 -0.381296213973 0.524575687425
v 0.84228582271 -0.383855845444 0.512085868809
v 0.804974035485 -0.464759593207 0.499808360009
v 0.801622874216 -0.462806897191 0.512085868809
v 0.84228582271 -0.383855845444 0.512085868809
v 0.845795353901 -0.385465449272 0.499808360009
v 0.80534348002 -0.46497066782 0.48642028244
v 0.804974035485 -0.464759593207 0.499808360009
v 0.845795353901 -0.385465449272 0.499808360009
v 0.846191150781 -0.385623755231 0.48642028244
v 0.802836681164 -0.463519369952 0.471639908936
v 0.802836681164 -0.463519369952 0.471639908936
v 0.80534348002 -0.46497066782 0.48642028244
v 0.846191150781 -0.385623755231 0.48642028244
v 0.846191150781 -0.385623755231 0.48642028244
v 0.843578814619 -0.384436364592 0.471639908936
v 0.7990368904 -0.461329246978 0.457586299679
v 0.802836681164 -0.463519369952 0.471639908936
v 0.843578814619 -0.384436364592 0.471639908936
v 0.839594301587 -0.382615622189 0.457586299679
v 0.795474590556 -0.459271013655 0.446366282193
v 0.7990368904 -0.461329246978 0.457586299679
v 0.839594301587 -0.382615622189 0.457586299679
v 0.835847279477 -0.380900417093 0.446366282193
v 0.790302622923 -0.456289232958 0.440098916659
v 0.795474590556 -0.459271013655 0.446366282193
v 0.835847279477 -0.380900417093 0.446366282193
v 0.833973768421 -0.38005605468 0.440098916659
v 0.746314865505 -0.340105514985 0.611204198168
v 0.738556978017 -0.336569631449 0.616356907485
v 0.783969680957 -0.210068394517 0.616356907485
v 0.792202550286 -0.212258581454 0.611204198168
v 0.760696018494 -0.346675947871 0.601143739455
v 0.746314865505 -0.340105514985 0.611204198168
v 0.792202550286 -0.212258581454 0.611204198168
v 0.807480834341 -0.216374984137 0.601143739455
v 0.778349147791 -0.354697742587 0.588151708961
v 0.760696018494 -0.346675947871 0.601143739455
v 0.807480834341 -0.216374984137 0.601143739455
v 0.826215880933 -0.221388581849 0.588151708961
v 0.79584403509 -0.362693120995 0.574208351957
v 0.778349147791 -0.354697742587 0.588151708961
v 0.826215880933 -0.221388581849 0.588151708961
v 0.844792621566 -0.226349410907 0.574208351957
v 0.80980291093 -0.369052479268 0.561289816367
v 0.79584403509 -0.362693120995 0.574208351957
v 0.844792621566 -0.226349410907 0.574208351957
v 0.859622340088 -0.230333923938 0.561289816367
v 0.820173198541 -0.373775817406 0.549383849741
v 0.80980291093 -0.369052479268 0.561289816367
v 0.859622340088 -0.230333923938 0.561289816367
v 0.870599499193 -0.233289288327 0.549383849741
v 0.82919766163 -0.377892284051 0.537077768386
v 0.820173198541 -0.373775817406 0.549383849741
v 0.870599499193 -0.233289288327 0.549383849741
v 0.880204545391 -0.235848919798 0.537077768386
v 0.836665289544 -0.381296213973 0.524575687425
v 0.82919766163 -0.377892284051 0.537077768386
v 0.880204545391 -0.235848919798 0.537077768386
v 0.888120738838 -0.237959857812 0.524575687425
v 0.84228582271 -0.383855845444 0.512085868809
v 0.836665289544 -0.381296213973 0.524575687425
v 0.888120738838 -0.237959857812 0.524575687425
v 0.894110716539 -0.239569525602 0.512085868809
v 0.845795353901 -0.385465449272 0.499808360009
v 0.84228582271 -0.383855845444 0.512085868809
v 0.894110716539 -0.239569525602 0.512085868809
v 0.897831322342 -0.240572257936 0.499808360009
v 0.846191150781 -0.385623755231 0.48642028244
v 0.845795353901 -0.385465449272 0.499808360009
v 0.897831322342 -0.240572257936 0.499808360009
v 0.898227119222 -0.240677795243 0.48642028244
v 0.843578814619 -0.384436364592 0.471639908936
v 0.846191150781 -0.385623755231 0.48642028244
v 0.898227119222 -0.240677795243 0.48642028244
v 0.895456413138 -0.239938970136 0.471639908936
v 0.839594301587 -0.382615622189 0.457586299679
v 0.843578814619 -0.384436364592 0.471639908936
v 0.895456413138 -0.239938970136 0.471639908936
v 0.891208056841 -0.238804284187 0.457586299679
v 0.835847279477 -0.380900417093 0.446366282193
v 0.839594301587 -0.382615622189 0.457586299679
v 0.891208056841 -0.238804284187 0.457586299679
v 0.887249960117 -0.237722366892 0.446366282193
v 0.833973768421 -0.38005605468 0.440098916659
v 0.835847279477 -0.380900417093 0.446366282193
v 0.887249960117 -0.237722366892 0.446366282193
v 0.885270911755 -0.23719468036 0.440098916659
v 0.660766900603 -0.471303673748 0.616356907485
v 0.702881210927 -0.405810163654 0.616356907485
v 0.710269653881 -0.410084872297 0.611204198168
v 0.667706778023 -0.476264502806 0.611204198168
v 0.667706778023 -0.476264502806 0.611204198168
v 0.710269653881 -0.410084872297 0.611204198168
v 0.723964750416 -0.417974713398 0.601143739455
v 0.680583864491 -0.485447335816 0.601143739455
v 0.680583864491 -0.485447335816 0.601143739455
v 0.723964750416 -0.417974713398 0.601143739455
v 0.7407735173 -0.427685296902 0.588151708961
v 0.696363482732 -0.496714754494 0.588151708961
v 0.696363482732 -0.496714754494 0.588151708961
v 0.7407735173 -0.427685296902 0.588151708961
v 0.757423978224 -0.437290279138 0.574208351957
v 0.712011211322 -0.507876635866 0.574208351957
v 0.712011211322 -0.507876635866 0.574208351957
v 0.757423978224 -0.437290279138 0.574208351957
v 0.770723213917 -0.444969045627 0.561289816367
v 0.724518853255 -0.516795561648 0.561289816367
v 0.724518853255 -0.516795561648 0.561289816367
v 0.770723213917 -0.444969045627 0.561289816367
v 0.780565687073 -0.450668699792 0.549383849741
v 0.733780871226 -0.523392410842 0.549383849741
v 0.733780871226 -0.523392410842 0.549383849741
v 0.780565687073 -0.450668699792 0.549383849741
v 0.789168000936 -0.45562952885 0.537077768386
v 0.741855370633 -0.529171249968 0.537077768386
v 0.741855370633 -0.529171249968 0.537077768386
v 0.789168000936 -0.45562952885 0.537077768386
v 0.796266184316 -0.459719579188 0.524575687425
v 0.748557757133 -0.533920940451 0.524575687425
v 0.748557757133 -0.533920940451 0.524575687425
v 0.796266184316 -0.459719579188 0.524575687425
v 0.801622874216 -0.462806897191 0.512085868809
v 0.753571418807 -0.537509656603 0.512085868809
v 0.753571418807 -0.537509656603 0.512085868809
v 0.753571418807 -0.537509656603 0.512085868809
v 0.801622874216 -0.462806897191 0.512085868809
v 0.804974035485 -0.464759593207 0.499808360009
v 0.804974035485 -0.464759593207 0.499808360009
v 0.756711505463 -0.539752612192 0.499808360009
v 0.756711505463 -0.539752612192 0.499808360009
v 0.804974035485 -0.464759593207 0.499808360009
v 0.80534348002 -0.46497066782 0.48642028244
v 0.757054533689 -0.540016455458 0.48642028244
v 0.757054533689 -0.540016455458 0.48642028244
v 0.80534348002 -0.46497066782 0.48642028244
v 0.802836681164 -0.463519369952 0.471639908936
v 0.754732457101 -0.53832766667 0.471639908936
v 0.754732457101 -0.53832766667 0.471639908936
v 0.802836681164 -0.463519369952 0.471639908936
v 0.7990368904 -0.461329246978 0.457586299679
v 0.75114374095 -0.535794451507 0.457586299679
v 0.75114374095 -0.535794451507 0.457586299679
v 0.7990368904 -0.461329246978 0.457586299679
v 0.795474590556 -0.459271013655 0.446366282193
v 0.747792579681 -0.533393253919 0.446366282193
v 0.747792579681 -0.533393253919 0.446366282193
v 0.795474590556 -0.459271013655 0.446366282193
v 0.790302622923 -0.456289232958 0.440098916659
v 0.746130143238 -0.532205799317 0.440098916659
v 0.573899591447 -0.573897896454 0.616356907485
v 0.660766900603 -0.471303673748 0.616356907485
v 0.667706778023 -0.476264502806 0.611204198168
v 0.579942273839 -0.579940578846 0.611204198168
v 0.579942273839 -0.579940578846 0.611204198168
v 0.579942273839 -0.579940578846 0.611204198168
v 0.667706778023 -0.476264502806 0.611204198168
v 0.680583864491 -0.485447335816 0.601143739455
v 0.680583864491 -0.485447335816 0.601143739455
v 0.591130571518 -0.591128876525 0.601143739455
v 0.591130571518 -0.591128876525 0.601143739455
v 0.680583864491 -0.485447335816 0.601143739455
v 0.696363482732 -0.496714754494 0.588151708961
v 0.604825604092 -0.604823909099 0.588151708961
v 0.604825604092 -0.604823909099 0.588151708961
v 0.696363482732 -0.496714754494 0.588151708961
v 0.712011211322 -0.507876635866 0.574208351957
v 0.618415099359 -0.618439820673 0.574208351957
v 0.618415099359 -0.618439820673 0.574208351957
v 0.712011211322 -0.507876635866 0.574208351957
v 0.724518853255 -0.516795561648 0.561289816367
v 0.629286721157 -0.629285026164 0.561289816367
v 0.629286721157 -0.629285026164 0.561289816367
v 0.724518853255 -0.516795561648 0.561289816367
v 0.733780871226 -0.523392410842 0.549383849741
v 0.637334868218 -0.637333173225 0.549383849741
v 0.637334868218 -0.637333173225 0.549383849741
v 0.733780871226 -0.523392410842 0.549383849741
v 0.741855370633 -0.529171249968 0.537077768386
v 0.644353930599 -0.644352235606 0.537077768386
v 0.644353930599 -0.644352235606 0.537077768386
v 0.644353930599 -0.644352235606 0.537077768386
v 0.741855370633 -0.529171249968 0.537077768386
v 0.748557757133 -0.533920940451 0.524575687425
v 0.748557757133 -0.533920940451 0.524575687425
v 0.650159186033 -0.65015749104 0.524575687425
v 0.650159186033 -0.65015749104 0.524575687425
v 0.650159186033 -0.65015749104 0.524575687425
v 0.748557757133 -0.533920940451 0.524575687425
v 0.753571418807 -0.537509656603 0.512085868809
v 0.753571418807 -0.537509656603 0.512085868809
v 0.654539495944 -0.654537800951 0.512085868809
v 0.654539495944 -0.654537800951 0.512085868809
v 0.753571418807 -0.537509656603 0.512085868809
v 0.756711505463 -0.539752612192 0.499808360009
v 0.657257369413 -0.657255674419 0.499808360009
v 0.657257369413 -0.657255674419 0.499808360009
v 0.756711505463 -0.539752612192 0.499808360009
v 0.757054533689 -0.540016455458 0.48642028244
v 0.657547628986 -0.657545933993 0.48642028244
v 0.657547628986 -0.657545933993 0.48642028244
v 0.757054533689 -0.540016455458 0.48642028244
v 0.754732457101 -0.53832766667 0.471639908936
v 0.655515811971 -0.655514116978 0.471639908936
v 0.655515811971 -0.655514116978 0.471639908936
v 0.655515811971 -0.655514116978 0.471639908936
v 0.754732457101 -0.53832766667 0.471639908936
v 0.75114374095 -0.535794451507 0.457586299679
v 0.75114374095 -0.535794451507 0.457586299679
v 0.652428493968 -0.652426798975 0.457586299679
v 0.652428493968 -0.652426798975 0.457586299679
v 0.75114374095 -0.535794451507 0.457586299679
v 0.747792579681 -0.533393253919 0.446366282193
v 0.649499481925 -0.649497786932 0.446366282193
v 0.649499481925 -0.649497786932 0.446366282193
v 0.747792579681 -0.533393253919 0.446366282193
v 0.746130143238 -0.532205799317 0.440098916659
v 0.648048184057 -0.648046489064 0.440098916659
v 0.41008656729 -0.710267958887 0.611204198168
v 0.405811858647 -0.702879515934 0.616356907485
v 0.471305368741 -0.66076520561 0.616356907485
v 0.476266197799 -0.66770508303 0.611204198168
v 0.417976408391 -0.723963055423 0.601143739455
v 0.41008656729 -0.710267958887 0.611204198168
v 0.476266197799 -0.66770508303 0.611204198168
v 0.485449030809 -0.680582169498 0.601143739455
v 0.427686991895 -0.740771822307 0.588151708961
v 0.417976408391 -0.723963055423 0.601143739455
v 0.485449030809 -0.680582169498 0.601143739455
v 0.496716449487 -0.696361787739 0.588151708961
v 0.437291974131 -0.757422283231 0.574208351957
v 0.427686991895 -0.740771822307 0.588151708961
v 0.496716449487 -0.696361787739 0.588151708961
v 0.507878330859 -0.712009516329 0.574208351957
v 0.44497074062 -0.770721518924 0.561289816367
v 0.437291974131 -0.757422283231 0.574208351957
v 0.507878330859 -0.712009516329 0.574208351957
v 0.516797256641 -0.724517158262 0.561289816367
v 0.450670394785 -0.78056399208 0.549383849741
v 0.44497074062 -0.770721518924 0.561289816367
v 0.516797256641 -0.724517158262 0.561289816367
v 0.523394105835 -0.733779176233 0.549383849741
v 0.455631223844 -0.789166305943 0.537077768386
v 0.450670394785 -0.78056399208 0.549383849741
v 0.523394105835 -0.733779176233 0.549383849741
v 0.529172944961 -0.74185367564 0.537077768386
v 0.459721274181 -0.796264489323 0.524575687425
v 0.455631223844 -0.789166305943 0.537077768386
v 0.529172944961 -0.74185367564 0.537077768386
v 0.533922635444 -0.74855606214 0.524575687425
v 0.462808592184 -0.801621179223 0.512085868809
v 0.459721274181 -0.796264489323 0.524575687425
v 0.533922635444 -0.74855606214 0.524575687425
v 0.537511351596 -0.753569723813 0.512085868809
v 0.4647612882 -0.804972340492 0.499808360009
v 0.4647612882 -0.804972340492 0.499808360009
v 0.462808592184 -0.801621179223 0.512085868809
v 0.537511351596 -0.753569723813 0.512085868809
v 0.537511351596 -0.753569723813 0.512085868809
v 0.539754307185 -0.75670981047 0.499808360009
v 0.464946010468 -0.805341785026 0.48642028244
v 0.4647612882 -0.804972340492 0.499808360009
v 0.539754307185 -0.75670981047 0.499808360009
v 0.540018150451 -0.757052838696 0.48642028244
v 0.463521064945 -0.802834986171 0.471639908936
v 0.463521064945 -0.802834986171 0.471639908936
v 0.464946010468 -0.805341785026 0.48642028244
v 0.540018150451 -0.757052838696 0.48642028244
v 0.540018150451 -0.757052838696 0.48642028244
v 0.538329361663 -0.754730762108 0.471639908936
v 0.461330941971 -0.799035195407 0.457586299679
v 0.463521064945 -0.802834986171 0.471639908936
v 0.538329361663 -0.754730762108 0.471639908936
v 0.5357961465 -0.751142045956 0.457586299679
v 0.459272708648 -0.795472895563 0.446366282193
v 0.461330941971 -0.799035195407 0.457586299679
v 0.5357961465 -0.751142045956 0.457586299679
v 0.533394948912 -0.747790884688 0.446366282193
v 0.456290927952 -0.79030092793 0.440098916659
v 0.459272708648 -0.795472895563 0.446366282193
v 0.533394948912 -0.747790884688 0.446366282193
v 0.53220749431 -0.746128448245 0.440098916659
v 0.476266197799 -0.66770508303 0.611204198168
v 0.471305368741 -0.66076520561 0.616356907485
v 0.573899591447 -0.573897896454 0.616356907485
v 0.579942273839 -0.579940578846 0.611204198168
v 0.485449030809 -0.680582169498 0.601143739455
v 0.476266197799 -0.66770508303 0.611204198168
v 0.579942273839 -0.579940578846 0.611204198168
v 0.591130571518 -0.591128876525 0.601143739455
v 0.496716449487 -0.696361787739 0.588151708961
v 0.485449030809 -0.680582169498 0.601143739455
v 0.591130571518 -0.591128876525 0.601143739455
v 0.604825604092 -0.604823909099 0.588151708961
v 0.507878330859 -0.712009516329 0.574208351957
v 0.496716449487 -0.696361787739 0.588151708961
v 0.604825604092 -0.604823909099 0.588151708961
v 0.618415099359 -0.618439820673 0.574208351957
v 0.516797256641 -0.724517158262 0.561289816367
v 0.507878330859 -0.712009516329 0.574208351957
v 0.618415099359 -0.618439820673 0.574208351957
v 0.629286721157 -0.629285026164 0.561289816367
v 0.523394105835 -0.733779176233 0.549383849741
v 0.516797256641 -0.724517158262 0.561289816367
v 0.629286721157 -0.629285026164 0.561289816367
v 0.637334868218 -0.637333173225 0.549383849741
v 0.529172944961 -0.74185367564 0.537077768386
v 0.523394105835 -0.733779176233 0.549383849741
v 0.637334868218 -0.637333173225 0.549383849741
v 0.644353930599 -0.644352235606 0.537077768386
v 0.533922635444 -0.74855606214 0.524575687425
v 0.533922635444 -0.74855606214 0.524575687425
v 0.529172944961 -0.74185367564 0.537077768386
v 0.644353930599 -0.644352235606 0.537077768386
v 0.644353930599 -0.644352235606 0.537077768386
v 0.650159186033 -0.65015749104 0.524575687425
v 0.537511351596 -0.753569723813 0.512085868809
v 0.533922635444 -0.74855606214 0.524575687425
v 0.650159186033 -0.65015749104 0.524575687425
v 0.654539495944 -0.654537800951 0.512085868809
v 0.539754307185 -0.75670981047 0.499808360009
v 0.537511351596 -0.753569723813 0.512085868809
v 0.654539495944 -0.654537800951 0.512085868809
v 0.657257369413 -0.657255674419 0.499808360009
v 0.540018150451 -0.757052838696 0.48642028244
v 0.539754307185 -0.75670981047 0.499808360009
v 0.657257369413 -0.657255674419 0.499808360009
v 0.657547628986 -0.657545933993 0.48642028244
v 0.538329361663 -0.754730762108 0.471639908936
v 0.540018150451 -0.757052838696 0.48642028244
v 0.657547628986 -0.657545933993 0.48642028244
v 0.655515811971 -0.655514116978 0.471639908936
v 0.5357961465 -0.751142045956 0.457586299679
v 0.538329361663 -0.754730762108 0.471639908936
v 0.655515811971 -0.655514116978 0.471639908936
v 0.652428493968 -0.652426798975 0.457586299679
v 0.533394948912 -0.747790884688 0.446366282193
v 0.5357961465 -0.751142045956 0.457586299679
v 0.652428493968 -0.652426798975 0.457586299679
v 0.649499481925 -0.649497786932 0.446366282193
v 0.53220749431 -0.746128448245 0.440098916659
v 0.533394948912 -0.747790884688 0.446366282193
v 0.649499481925 -0.649497786932 0.446366282193
v 0.648048184057 -0.648046489064 0.440098916659
v 0.336571326442 -0.738555283024 0.616356907485
v 0.405811858647 -0.702879515934 0.616356907485
v 0.41008656729 -0.710267958887 0.611204198168
v 0.340107209978 -0.746313170512 0.611204198168
v 0.340107209978 -0.746313170512 0.611204198168
v 0.41008656729 -0.710267958887 0.611204198168
v 0.417976408391 -0.723963055423 0.601143739455
v 0.346677642864 -0.760694323501 0.601143739455
v 0.346677642864 -0.760694323501 0.601143739455
v 0.417976408391 -0.723963055423 0.601143739455
v 0.427686991895 -0.740771822307 0.588151708961
v 0.35469943758 -0.778347452798 0.588151708961
v 0.35469943758 -0.778347452798 0.588151708961
v 0.427686991895 -0.740771822307 0.588151708961
v 0.437291974131 -0.757422283231 0.574208351957
v 0.362694815988 -0.795842340097 0.574208351957
v 0.362694815988 -0.795842340097 0.574208351957
v 0.437291974131 -0.757422283231 0.574208351957
v 0.44497074062 -0.770721518924 0.561289816367
v 0.369054174261 -0.809801215936 0.561289816367
v 0.369054174261 -0.809801215936 0.561289816367
v 0.44497074062 -0.770721518924 0.561289816367
v 0.450670394785 -0.78056399208 0.549383849741
v 0.373777512399 -0.820171503548 0.549383849741
v 0.373777512399 -0.820171503548 0.549383849741
v 0.450670394785 -0.78056399208 0.549383849741
v 0.455631223844 -0.789166305943 0.537077768386
v 0.377893979044 -0.829195966637 0.537077768386
v 0.377893979044 -0.829195966637 0.537077768386
v 0.455631223844 -0.789166305943 0.537077768386
v 0.459721274181 -0.796264489323 0.524575687425
v 0.381297908967 -0.836663594551 0.524575687425
v 0.381297908967 -0.836663594551 0.524575687425
v 0.459721274181 -0.796264489323 0.524575687425
v 0.462808592184 -0.801621179223 0.512085868809
v 0.383857540438 -0.842284127717 0.512085868809
v 0.383857540438 -0.842284127717 0.512085868809
v 0.462808592184 -0.801621179223 0.512085868809
v 0.4647612882 -0.804972340492 0.499808360009
v 0.385467144265 -0.845793658908 0.499808360009
v 0.385467144265 -0.845793658908 0.499808360009
v 0.4647612882 -0.804972340492 0.499808360009
v 0.464946010468 -0.805341785026 0.48642028244
v 0.385625450225 -0.846189455788 0.48642028244
v 0.385625450225 -0.846189455788 0.48642028244
v 0.464946010468 -0.805341785026 0.48642028244
v 0.463521064945 -0.802834986171 0.471639908936
v 0.384438059585 -0.843577119626 0.471639908936
v 0.384438059585 -0.843577119626 0.471639908936
v 0.463521064945 -0.802834986171 0.471639908936
v 0.461330941971 -0.799035195407 0.457586299679
v 0.382617317182 -0.839592606594 0.457586299679
v 0.382617317182 -0.839592606594 0.457586299679
v 0.461330941971 -0.799035195407 0.457586299679
v 0.459272708648 -0.795472895563 0.446366282193
v 0.380902112087 -0.835845584483 0.446366282193
v 0.380902112087 -0.835845584483 0.446366282193
v 0.459272708648 -0.795472895563 0.446366282193
v 0.456290927952 -0.79030092793 0.440098916659
v 0.380057749673 -0.833972073428 0.440098916659
v 0.21007008951 -0.783967985964 0.616356907485
v 0.336571326442 -0.738555283024 0.616356907485
v 0.340107209978 -0.746313170512 0.611204198168
v 0.212260276447 -0.792200855293 0.611204198168
v 0.212260276447 -0.792200855293 0.611204198168
v 0.340107209978 -0.746313170512 0.611204198168
v 0.346677642864 -0.760694323501 0.601143739455
v 0.21637667913 -0.807479139348 0.601143739455
v 0.21637667913 -0.807479139348 0.601143739455
v 0.346677642864 -0.760694323501 0.601143739455
v 0.35469943758 -0.778347452798 0.588151708961
v 0.221390276842 -0.82621418594 0.588151708961
v 0.221390276842 -0.82621418594 0.588151708961
v 0.35469943758 -0.778347452798 0.588151708961
v 0.362694815988 -0.795842340097 0.574208351957
v 0.2263511059 -0.844790926573 0.574208351957
v 0.2263511059 -0.844790926573 0.574208351957
v 0.362694815988 -0.795842340097 0.574208351957
v 0.369054174261 -0.809801215936 0.561289816367
v 0.230335618931 -0.859620645095 0.561289816367
v 0.230335618931 -0.859620645095 0.561289816367
v 0.369054174261 -0.809801215936 0.561289816367
v 0.373777512399 -0.820171503548 0.549383849741
v 0.233264630975 -0.8705978042 0.549383849741
v 0.233264630975 -0.8705978042 0.549383849741
v 0.373777512399 -0.820171503548 0.549383849741
v 0.377893979044 -0.829195966637 0.537077768386
v 0.235850614791 -0.880202850397 0.537077768386
v 0.235850614791 -0.880202850397 0.537077768386
v 0.377893979044 -0.829195966637 0.537077768386
v 0.381297908967 -0.836663594551 0.524575687425
v 0.237961552805 -0.888119043845 0.524575687425
v 0.237961552805 -0.888119043845 0.524575687425
v 0.381297908967 -0.836663594551 0.524575687425
v 0.383857540438 -0.842284127717 0.512085868809
v 0.239571220595 -0.894109021545 0.512085868809
v 0.239571220595 -0.894109021545 0.512085868809
v 0.383857540438 -0.842284127717 0.512085868809
v 0.385467144265 -0.845793658908 0.499808360009
v 0.240573952929 -0.897829627349 0.499808360009
v 0.240573952929 -0.897829627349 0.499808360009
v 0.385467144265 -0.845793658908 0.499808360009
v 0.385625450225 -0.846189455788 0.48642028244
v 0.240679490236 -0.898225424229 0.48642028244
v 0.240679490236 -0.898225424229 0.48642028244
v 0.385625450225 -0.846189455788 0.48642028244
v 0.384438059585 -0.843577119626 0.471639908936
v 0.239940665129 -0.895454718145 0.471639908936
v 0.239940665129 -0.895454718145 0.471639908936
v 0.384438059585 -0.843577119626 0.471639908936
v 0.382617317182 -0.839592606594 0.457586299679
v 0.23880597918 -0.891206361848 0.457586299679
v 0.23880597918 -0.891206361848 0.457586299679
v 0.382617317182 -0.839592606594 0.457586299679
v 0.380902112087 -0.835845584483 0.446366282193
v 0.237724061885 -0.887248265124 0.446366282193
v 0.237724061885 -0.887248265124 0.446366282193
v 0.380902112087 -0.835845584483 0.446366282193
v 0.380057749673 -0.833972073428 0.440098916659
v 0.237196375353 -0.885269216762 0.440098916659
v 0 -0.820145087241 0.611204198168
v 0 -0.811621958339 0.616356907485
v 0.0777900774144 -0.807874936228 0.616356907485
v 0.0786080874819 -0.816371712784 0.611204198168
v 0 -0.835977538097 0.601143739455
v 0 -0.820145087241 0.611204198168
v 0.0786080874819 -0.816371712784 0.611204198168
v 0.080112154003 -0.83212497868 0.601143739455
v 0 -0.85534587249 0.588151708961
v 0 -0.85534587249 0.588151708961
v 0 -0.835977538097 0.601143739455
v 0.080112154003 -0.83212497868 0.601143739455
v 0.080112154003 -0.83212497868 0.601143739455
v 0.0819856650584 -0.851414192074 0.588151708961
v 0 -0.874582317231 0.574208351957
v 0 -0.85534587249 0.588151708961
v 0.0819856650584 -0.851414192074 0.588151708961
v 0.0838327598063 -0.870571451854 0.574208351957
v 0 -0.889939786247 0.561289816367
v 0 -0.874582317231 0.574208351957
v 0.0838327598063 -0.870571451854 0.574208351957
v 0.0852840576742 -0.885849735909 0.561289816367
v 0 -0.901312742232 0.549383849741
v 0 -0.889939786247 0.561289816367
v 0.0852840576742 -0.885849735909 0.561289816367
v 0.0863923273153 -0.897169923241 0.549383849741
v 0 -0.911260816656 0.537077768386
v 0 -0.901312742232 0.549383849741
v 0.0863923273153 -0.897169923241 0.549383849741
v 0.0873422909968 -0.907065229012 0.537077768386
v 0 -0.919467269677 0.524575687425
v 0 -0.911260816656 0.537077768386
v 0.0873422909968 -0.907065229012 0.537077768386
v 0.0881339487187 -0.91521891338 0.524575687425
v 0 -0.925641905683 0.512085868809
v 0 -0.919467269677 0.524575687425
v 0.0881339487187 -0.91521891338 0.524575687425
v 0.0887144678659 -0.92136719704 0.512085868809
v 0 -0.9294944651 0.499808360009
v 0 -0.925641905683 0.512085868809
v 0.0887144678659 -0.92136719704 0.512085868809
v 0.0890838484382 -0.925219756457 0.499808360009
v 0 -0.929916678288 0.48642028244
v 0 -0.9294944651 0.499808360009
v 0.0890838484382 -0.925219756457 0.499808360009
v 0.0891366170914 -0.925641905683 0.48642028244
v 0 -0.92704049886 0.471639908936
v 0 -0.929916678288 0.48642028244
v 0.0891366170914 -0.925641905683 0.48642028244
v 0.0888463575179 -0.922765726255 0.471639908936
v 0 -0.922660188948 0.457586299679
v 0 -0.92704049886 0.471639908936
v 0.0888463575179 -0.922765726255 0.471639908936
v 0.0884242082923 -0.918411768689 0.457586299679
v 0 -0.918543722303 0.446366282193
v 0 -0.922660188948 0.457586299679
v 0.0884242082923 -0.918411768689 0.457586299679
v 0.0880283474503 -0.914321718351 0.446366282193
v 0 -0.912553808564 0.440098916659
v 0 -0.918543722303 0.446366282193
v 0.0880283474503 -0.914321718351 0.446366282193
v 0.0878436251831 -0.912263548991 0.440098916659
v 0.0786080874819 -0.816371712784 0.611204198168
v 0.0777900774144 -0.807874936228 0.616356907485
v 0.21007008951 -0.783967985964 0.616356907485
v 0.212260276447 -0.792200855293 0.611204198168
v 0.080112154003 -0.83212497868 0.601143739455
v 0.0786080874819 -0.816371712784 0.611204198168
v 0.212260276447 -0.792200855293 0.611204198168
v 0.21637667913 -0.807479139348 0.601143739455
v 0.0819856650584 -0.851414192074 0.588151708961
v 0.080112154003 -0.83212497868 0.601143739455
v 0.21637667913 -0.807479139348 0.601143739455
v 0.221390276842 -0.82621418594 0.588151708961
v 0.0838327598063 -0.870571451854 0.574208351957
v 0.0819856650584 -0.851414192074 0.588151708961
v 0.221390276842 -0.82621418594 0.588151708961
v 0.2263511059 -0.844790926573 0.574208351957
v 0.0852840576742 -0.885849735909 0.561289816367
v 0.0838327598063 -0.870571451854 0.574208351957
v 0.2263511059 -0.844790926573 0.574208351957
v 0.230335618931 -0.859620645095 0.561289816367
v 0.0863923273153 -0.897169923241 0.549383849741
v 0.0852840576742 -0.885849735909 0.561289816367
v 0.230335618931 -0.859620645095 0.561289816367
v 0.233264630975 -0.8705978042 0.549383849741
v 0.0873422909968 -0.907065229012 0.537077768386
v 0.0863923273153 -0.897169923241 0.549383849741
v 0.233264630975 -0.8705978042 0.549383849741
v 0.235850614791 -0.880202850397 0.537077768386
v 0.0881339487187 -0.91521891338 0.524575687425
v 0.0873422909968 -0.907065229012 0.537077768386
v 0.235850614791 -0.880202850397 0.537077768386
v 0.237961552805 -0.888119043845 0.524575687425
v 0.0887144678659 -0.92136719704 0.512085868809
v 0.0881339487187 -0.91521891338 0.524575687425
v 0.237961552805 -0.888119043845 0.524575687425
v 0.239571220595 -0.894109021545 0.512085868809
v 0.0890838484382 -0.925219756457 0.499808360009
v 0.0887144678659 -0.92136719704 0.512085868809
v 0.239571220595 -0.894109021545 0.512085868809
v 0.240573952929 -0.897829627349 0.499808360009
v 0.0891366170914 -0.925641905683 0.48642028244
v 0.0890838484382 -0.925219756457 0.499808360009
v 0.240573952929 -0.897829627349 0.499808360009
v 0.240679490236 -0.898225424229 0.48642028244
v 0.0888463575179 -0.922765726255 0.471639908936
v 0.0891366170914 -0.925641905683 0.48642028244
v 0.240679490236 -0.898225424229 0.48642028244
v 0.239940665129 -0.895454718145 0.471639908936
v 0.0884242082923 -0.918411768689 0.457586299679
v 0.0888463575179 -0.922765726255 0.471639908936
v 0.239940665129 -0.895454718145 0.471639908936
v 0.23880597918 -0.891206361848 0.457586299679
v 0.0880283474503 -0.914321718351 0.446366282193
v 0.0884242082923 -0.918411768689 0.457586299679
v 0.23880597918 -0.891206361848 0.457586299679
v 0.237724061885 -0.887248265124 0.446366282193
v 0.0878436251831 -0.912263548991 0.440098916659
v 0.0880283474503 -0.914321718351 0.446366282193
v 0.237724061885 -0.887248265124 0.446366282193
v 0.237196375353 -0.885269216762 0.440098916659
v -0.0777900774144 -0.807874936228 0.616356907485
v 0 -0.811621958339 0.616356907485
v 0 -0.820145087241 0.611204198168
v -0.0786080874819 -0.816371712784 0.611204198168
v -0.0786080874819 -0.816371712784 0.611204198168
v 0 -0.820145087241 0.611204198168
v 0 -0.835977538097 0.601143739455
v -0.080112154003 -0.83212497868 0.601143739455
v -0.080112154003 -0.83212497868 0.601143739455
v -0.080112154003 -0.83212497868 0.601143739455
v 0 -0.835977538097 0.601143739455
v 0 -0.85534587249 0.588151708961
v 0 -0.85534587249 0.588151708961
v -0.0819856650584 -0.851414192074 0.588151708961
v -0.0819856650584 -0.851414192074 0.588151708961
v 0 -0.85534587249 0.588151708961
v 0 -0.874582317231 0.574208351957
v -0.0838327598063 -0.870571451854 0.574208351957
v -0.0838327598063 -0.870571451854 0.574208351957
v 0 -0.874582317231 0.574208351957
v 0 -0.889939786247 0.561289816367
v -0.0852840576742 -0.885849735909 0.561289816367
v -0.0852840576742 -0.885849735909 0.561289816367
v 0 -0.889939786247 0.561289816367
v 0 -0.901312742232 0.549383849741
v -0.0863923273153 -0.897169923241 0.549383849741
v -0.0863923273153 -0.897169923241 0.549383849741
v 0 -0.901312742232 0.549383849741
v 0 -0.911260816656 0.537077768386
v -0.0873422909968 -0.907065229012 0.537077768386
v -0.0873422909968 -0.907065229012 0.537077768386
v 0 -0.911260816656 0.537077768386
v 0 -0.919467269677 0.524575687425
v -0.0881339487187 -0.91521891338 0.524575687425
v -0.0881339487187 -0.91521891338 0.524575687425
v 0 -0.919467269677 0.524575687425
v 0 -0.925641905683 0.512085868809
v -0.0887144678659 -0.92136719704 0.512085868809
v -0.0887144678659 -0.92136719704 0.512085868809
v 0 -0.925641905683 0.512085868809
v 0 -0.9294944651 0.499808360009
v -0.0890838484382 -0.925219756457 0.499808360009
v -0.0890838484382 -0.925219756457 0.499808360009
v 0 -0.9294944651 0.499808360009
v 0 -0.929916678288 0.48642028244
v -0.0891366170914 -0.925641905683 0.48642028244
v -0.0891366170914 -0.925641905683 0.48642028244
v 0 -0.929916678288 0.48642028244
v 0 -0.92704049886 0.471639908936
v -0.0888463575179 -0.922765726255 0.471639908936
v -0.0888463575179 -0.922765726255 0.471639908936
v 0 -0.92704049886 0.471639908936
v 0 -0.922660188948 0.457586299679
v -0.0884242082923 -0.918411768689 0.457586299679
v -0.0884242082923 -0.918411768689 0.457586299679
v 0 -0.922660188948 0.457586299679
v 0 -0.918543722303 0.446366282193
v -0.0880283474503 -0.914321718351 0.446366282193
v -0.0880283474503 -0.914321718351 0.446366282193
v 0 -0.918543722303 0.446366282193
v 0 -0.912553808564 0.440098916659
v -0.0878436251831 -0.912263548991 0.440098916659
v -0.21007008951 -0.783967985964 0.616356907485
v -0.0777900774144 -0.807874936228 0.616356907485
v -0.0786080874819 -0.816371712784 0.611204198168
v -0.212260276447 -0.792200855293 0.611204198168
v -0.212260276447 -0.792200855293 0.611204198168
v -0.0786080874819 -0.816371712784 0.611204198168
v -0.080112154003 -0.83212497868 0.601143739455
v -0.21637667913 -0.807479139348 0.601143739455
v -0.21637667913 -0.807479139348 0.601143739455
v -0.080112154003 -0.83212497868 0.601143739455
v -0.0819856650584 -0.851414192074 0.588151708961
v -0.221390276842 -0.82621418594 0.588151708961
v -0.221390276842 -0.82621418594 0.588151708961
v -0.0819856650584 -0.851414192074 0.588151708961
v -0.0838327598063 -0.870571451854 0.574208351957
v -0.2263511059 -0.844790926573 0.574208351957
v -0.2263511059 -0.844790926573 0.574208351957
v -0.0838327598063 -0.870571451854 0.574208351957
v -0.0852840576742 -0.885849735909 0.561289816367
v -0.230335618931 -0.859620645095 0.561289816367
v -0.230335618931 -0.859620645095 0.561289816367
v -0.0852840576742 -0.885849735909 0.561289816367
v -0.0863923273153 -0.897169923241 0.549383849741
v -0.233264630975 -0.8705978042 0.549383849741
v -0.233264630975 -0.8705978042 0.549383849741
v -0.0863923273153 -0.897169923241 0.549383849741
v -0.0873422909968 -0.907065229012 0.537077768386
v -0.235850614791 -0.880202850397 0.537077768386
v -0.235850614791 -0.880202850397 0.537077768386
v -0.0873422909968 -0.907065229012 0.537077768386
v -0.0881339487187 -0.91521891338 0.524575687425
v -0.237961552805 -0.888119043845 0.524575687425
v -0.237961552805 -0.888119043845 0.524575687425
v -0.0881339487187 -0.91521891338 0.524575687425
v -0.0887144678659 -0.92136719704 0.512085868809
v -0.239571220595 -0.894109021545 0.512085868809
v -0.239571220595 -0.894109021545 0.512085868809
v -0.0887144678659 -0.92136719704 0.512085868809
v -0.0890838484382 -0.925219756457 0.499808360009
v -0.240573952929 -0.897829627349 0.499808360009
v -0.240573952929 -0.897829627349 0.499808360009
v -0.0890838484382 -0.925219756457 0.499808360009
v -0.0891366170914 -0.925641905683 0.48642028244
v -0.240679490236 -0.898225424229 0.48642028244
v -0.240679490236 -0.898225424229 0.48642028244
v -0.0891366170914 -0.925641905683 0.48642028244
v -0.0888463575179 -0.922765726255 0.471639908936
v -0.239940665129 -0.895454718145 0.471639908936
v -0.239940665129 -0.895454718145 0.471639908936
v -0.0888463575179 -0.922765726255 0.471639908936
v -0.0884242082923 -0.918411768689 0.457586299679
v -0.23880597918 -0.891206361848 0.457586299679
v -0.23880597918 -0.891206361848 0.457586299679
v -0.0884242082923 -0.918411768689 0.457586299679
v -0.0880283474503 -0.914321718351 0.446366282193
v -0.237724061885 -0.887248265124 0.446366282193
v -0.237724061885 -0.887248265124 0.446366282193
v -0.0880283474503 -0.914321718351 0.446366282193
v -0.0878436251831 -0.912263548991 0.440098916659
v -0.237196375353 -0.885269216762 0.440098916659
v -0.41008656729 -0.710267958887 0.611204198168
v -0.405811858647 -0.702879515934 0.616356907485
v -0.336571326442 -0.738555283024 0.616356907485
v -0.340107209978 -0.746313170512 0.611204198168
v -0.417976408391 -0.723963055423 0.601143739455
v -0.41008656729 -0.710267958887 0.611204198168
v -0.340107209978 -0.746313170512 0.611204198168
v -0.346677642864 -0.760694323501 0.601143739455
v -0.427686991895 -0.740771822307 0.588151708961
v -0.417976408391 -0.723963055423 0.601143739455
v -0.346677642864 -0.760694323501 0.601143739455
v -0.35469943758 -0.778347452798 0.588151708961
v -0.437291974131 -0.757422283231 0.574208351957
v -0.427686991895 -0.740771822307 0.588151708961
v -0.35469943758 -0.778347452798 0.588151708961
v -0.362694815988 -0.795842340097 0.574208351957
v -0.44497074062 -0.770721518924 0.561289816367
v -0.437291974131 -0.757422283231 0.574208351957
v -0.362694815988 -0.795842340097 0.574208351957
v -0.369054174261 -0.809801215936 0.561289816367
v -0.450670394785 -0.78056399208 0.549383849741
v -0.44497074062 -0.770721518924 0.561289816367
v -0.369054174261 -0.809801215936 0.561289816367
v -0.373777512399 -0.820171503548 0.549383849741
v -0.455631223844 -0.789166305943 0.537077768386
v -0.455631223844 -0.789166305943 0.537077768386
v -0.450670394785 -0.78056399208 0.549383849741
v -0.373777512399 -0.820171503548 0.549383849741
v -0.373777512399 -0.820171503548 0.549383849741
v -0.377893979044 -0.829195966637 0.537077768386
v -0.459721274181 -0.796264489323 0.524575687425
v -0.455631223844 -0.789166305943 0.537077768386
v -0.377893979044 -0.829195966637 0.537077768386
v -0.381297908967 -0.836663594551 0.524575687425
v -0.462808592184 -0.801621179223 0.512085868809
v -0.459721274181 -0.796264489323 0.524575687425
v -0.381297908967 -0.836663594551 0.524575687425
v -0.383857540438 -0.842284127717 0.512085868809
v -0.4647612882 -0.804972340492 0.499808360009
v -0.462808592184 -0.801621179223 0.512085868809
v -0.383857540438 -0.842284127717 0.512085868809
v -0.385467144265 -0.845793658908 0.499808360009
v -0.464946010468 -0.805341785026 0.48642028244
v -0.4647612882 -0.804972340492 0.499808360009
v -0.385467144265 -0.845793658908 0.499808360009
v -0.385625450225 -0.846189455788 0.48642028244
v -0.463521064945 -0.802834986171 0.471639908936
v -0.464946010468 -0.805341785026 0.48642028244
v -0.385625450225 -0.846189455788 0.48642028244
v -0.384438059585 -0.843577119626 0.471639908936
v -0.461330941971 -0.799035195407 0.457586299679
v -0.463521064945 -0.802834986171 0.471639908936
v -0.384438059585 -0.843577119626 0.471639908936
v -0.382617317182 -0.839592606594 0.457586299679
v -0.459272708648 -0.795472895563 0.446366282193
v -0.461330941971 -0.799035195407 0.457586299679
v -0.382617317182 -0.839592606594 0.457586299679
v -0.380902112087 -0.835845584483 0.446366282193
v -0.456290927952 -0.79030092793 0.440098916659
v -0.459272708648 -0.795472895563 0.446366282193
v -0.380902112087 -0.835845584483 0.446366282193
v -0.380057749673 -0.833972073428 0.440098916659
v -0.340107209978 -0.746313170512 0.611204198168
v -0.336571326442 -0.738555283024 0.616356907485
v -0.21007008951 -0.783967985964 0.616356907485
v -0.212260276447 -0.792200855293 0.611204198168
v -0.346677642864 -0.760694323501 0.601143739455
v -0.340107209978 -0.746313170512 0.611204198168
v -0.212260276447 -0.792200855293 0.611204198168
v -0.21637667913 -0.807479139348 0.601143739455
v -0.35469943758 -0.778347452798 0.588151708961
v -0.346677642864 -0.760694323501 0.601143739455
v -0.21637667913 -0.807479139348 0.601143739455
v -0.221390276842 -0.82621418594 0.588151708961
v -0.362694815988 -0.795842340097 0.574208351957
v -0.35469943758 -0.778347452798 0.588151708961
v -0.221390276842 -0.82621418594 0.588151708961
v -0.2263511059 -0.844790926573 0.574208351957
v -0.369054174261 -0.809801215936 0.561289816367
v -0.362694815988 -0.795842340097 0.574208351957
v -0.2263511059 -0.844790926573 0.574208351957
v -0.230335618931 -0.859620645095 0.561289816367
v -0.373777512399 -0.820171503548 0.549383849741
v -0.369054174261 -0.809801215936 0.561289816367
v -0.230335618931 -0.859620645095 0.561289816367
v -0.233264630975 -0.8705978042 0.549383849741
v -0.377893979044 -0.829195966637 0.537077768386
v -0.373777512399 -0.820171503548 0.549383849741
v -0.233264630975 -0.8705978042 0.549383849741
v -0.235850614791 -0.880202850397 0.537077768386
v -0.381297908967 -0.836663594551 0.524575687425
v -0.377893979044 -0.829195966637 0.537077768386
v -0.235850614791 -0.880202850397 0.537077768386
v -0.237961552805 -0.888119043845 0.524575687425
v -0.383857540438 -0.842284127717 0.512085868809
v -0.381297908967 -0.836663594551 0.524575687425
v -0.237961552805 -0.888119043845 0.524575687425
v -0.239571220595 -0.894109021545 0.512085868809
v -0.385467144265 -0.845793658908 0.499808360009
v -0.383857540438 -0.842284127717 0.512085868809
v -0.239571220595 -0.894109021545 0.512085868809
v -0.240573952929 -0.897829627349 0.499808360009
v -0.385625450225 -0.846189455788 0.48642028244
v -0.385467144265 -0.845793658908 0.499808360009
v -0.240573952929 -0.897829627349 0.499808360009
v -0.240679490236 -0.898225424229 0.48642028244
v -0.384438059585 -0.843577119626 0.471639908936
v -0.385625450225 -0.846189455788 0.48642028244
v -0.240679490236 -0.898225424229 0.48642028244
v -0.239940665129 -0.895454718145 0.471639908936
v -0.382617317182 -0.839592606594 0.457586299679
v -0.384438059585 -0.843577119626 0.471639908936
v -0.239940665129 -0.895454718145 0.471639908936
v -0.23880597918 -0.891206361848 0.457586299679
v -0.380902112087 -0.835845584483 0.446366282193
v -0.382617317182 -0.839592606594 0.457586299679
v -0.23880597918 -0.891206361848 0.457586299679
v -0.237724061885 -0.887248265124 0.446366282193
v -0.380057749673 -0.833972073428 0.440098916659
v -0.380902112087 -0.835845584483 0.446366282193
v -0.237724061885 -0.887248265124 0.446366282193
v -0.237196375353 -0.885269216762 0.440098916659
v -0.471305368741 -0.66076520561 0.616356907485
v -0.405811858647 -0.702879515934 0.616356907485
v -0.41008656729 -0.710267958887 0.611204198168
v -0.476266197799 -0.66770508303 0.611204198168
v -0.476266197799 -0.66770508303 0.611204198168
v -0.41008656729 -0.710267958887 0.611204198168
v -0.417976408391 -0.723963055423 0.601143739455
v -0.485449030809 -0.680582169498 0.601143739455
v -0.485449030809 -0.680582169498 0.601143739455
v -0.417976408391 -0.723963055423 0.601143739455
v -0.427686991895 -0.740771822307 0.588151708961
v -0.496716449487 -0.696361787739 0.588151708961
v -0.496716449487 -0.696361787739 0.588151708961
v -0.427686991895 -0.740771822307 0.588151708961
v -0.437291974131 -0.757422283231 0.574208351957
v -0.507878330859 -0.712009516329 0.574208351957
v -0.507878330859 -0.712009516329 0.574208351957
v -0.437291974131 -0.757422283231 0.574208351957
v -0.44497074062 -0.770721518924 0.561289816367
v -0.516797256641 -0.724517158262 0.561289816367
v -0.516797256641 -0.724517158262 0.561289816367
v -0.44497074062 -0.770721518924 0.561289816367
v -0.450670394785 -0.78056399208 0.549383849741
v -0.523394105835 -0.733779176233 0.549383849741
v -0.523394105835 -0.733779176233 0.549383849741
v -0.450670394785 -0.78056399208 0.549383849741
v -0.455631223844 -0.789166305943 0.537077768386
v -0.529172944961 -0.74185367564 0.537077768386
v -0.529172944961 -0.74185367564 0.537077768386
v -0.455631223844 -0.789166305943 0.537077768386
v -0.459721274181 -0.796264489323 0.524575687425
v -0.533922635444 -0.74855606214 0.524575687425
v -0.533922635444 -0.74855606214 0.524575687425
v -0.459721274181 -0.796264489323 0.524575687425
v -0.462808592184 -0.801621179223 0.512085868809
v -0.537511351596 -0.753569723813 0.512085868809
v -0.537511351596 -0.753569723813 0.512085868809
v -0.537511351596 -0.753569723813 0.512085868809
v -0.462808592184 -0.801621179223 0.512085868809
v -0.4647612882 -0.804972340492 0.499808360009
v -0.4647612882 -0.804972340492 0.499808360009
v -0.539754307185 -0.75670981047 0.499808360009
v -0.539754307185 -0.75670981047 0.499808360009
v -0.4647612882 -0.804972340492 0.499808360009
v -0.464946010468 -0.805341785026 0.48642028244
v -0.540018150451 -0.757052838696 0.48642028244
v -0.540018150451 -0.757052838696 0.48642028244
v -0.464946010468 -0.805341785026 0.48642028244
v -0.463521064945 -0.802834986171 0.471639908936
v -0.538329361663 -0.754730762108 0.471639908936
v -0.538329361663 -0.754730762108 0.471639908936
v -0.463521064945 -0.802834986171 0.471639908936
v -0.461330941971 -0.799035195407 0.457586299679
v -0.5357961465 -0.751142045956 0.457586299679
v -0.5357961465 -0.751142045956 0.457586299679
v -0.461330941971 -0.799035195407 0.457586299679
v -0.459272708648 -0.795472895563 0.446366282193
v -0.533394948912 -0.747790884688 0.446366282193
v -0.533394948912 -0.747790884688 0.446366282193
v -0.459272708648 -0.795472895563 0.446366282193
v -0.456290927952 -0.79030092793 0.440098916659
v -0.53220749431 -0.746128448245 0.440098916659
v -0.573899591447 -0.573897896454 0.616356907485
v -0.471305368741 -0.66076520561 0.616356907485
v -0.476266197799 -0.66770508303 0.611204198168
v -0.579942273839 -0.579940578846 0.611204198168
v -0.579942273839 -0.579940578846 0.611204198168
v -0.476266197799 -0.66770508303 0.611204198168
v -0.485449030809 -0.680582169498 0.601143739455
v -0.591130571518 -0.591128876525 0.601143739455
v -0.591130571518 -0.591128876525 0.601143739455
v -0.485449030809 -0.680582169498 0.601143739455
v -0.496716449487 -0.696361787739 0.588151708961
v -0.604825604092 -0.604823909099 0.588151708961
v -0.604825604092 -0.604823909099 0.588151708961
v -0.496716449487 -0.696361787739 0.588151708961
v -0.507878330859 -0.712009516329 0.574208351957
v -0.618415099359 -0.618439820673 0.574208351957
v -0.618415099359 -0.618439820673 0.574208351957
v -0.507878330859 -0.712009516329 0.574208351957
v -0.516797256641 -0.724517158262 0.561289816367
v -0.629286721157 -0.629285026164 0.561289816367
v -0.629286721157 -0.629285026164 0.561289816367
v -0.516797256641 -0.724517158262 0.561289816367
v -0.523394105835 -0.733779176233 0.549383849741
v -0.637334868218 -0.637333173225 0.549383849741
v -0.637334868218 -0.637333173225 0.549383849741
v -0.523394105835 -0.733779176233 0.549383849741
v -0.529172944961 -0.74185367564 0.537077768386
v -0.644353930599 -0.644352235606 0.537077768386
v -0.644353930599 -0.644352235606 0.537077768386
v -0.644353930599 -0.644352235606 0.537077768386
v -0.529172944961 -0.74185367564 0.537077768386
v -0.533922635444 -0.74855606214 0.524575687425
v -0.533922635444 -0.74855606214 0.524575687425
v -0.650159186033 -0.65015749104 0.524575687425
v -0.650159186033 -0.65015749104 0.524575687425
v -0.650159186033 -0.65015749104 0.524575687425
v -0.533922635444 -0.74855606214 0.524575687425
v -0.537511351596 -0.753569723813 0.512085868809
v -0.537511351596 -0.753569723813 0.512085868809
v -0.654539495944 -0.654537800951 0.512085868809
v -0.654539495944 -0.654537800951 0.512085868809
v -0.537511351596 -0.753569723813 0.512085868809
v -0.539754307185 -0.75670981047 0.499808360009
v -0.657257369413 -0.657255674419 0.499808360009
v -0.657257369413 -0.657255674419 0.499808360009
v -0.539754307185 -0.75670981047 0.499808360009
v -0.540018150451 -0.757052838696 0.48642028244
v -0.657547628986 -0.657545933993 0.48642028244
v -0.657547628986 -0.657545933993 0.48642028244
v -0.540018150451 -0.757052838696 0.48642028244
v -0.538329361663 -0.754730762108 0.471639908936
v -0.655515811971 -0.655514116978 0.471639908936
v -0.655515811971 -0.655514116978 0.471639908936
v -0.655515811971 -0.655514116978 0.471639908936
v -0.538329361663 -0.754730762108 0.471639908936
v -0.5357961465 -0.751142045956 0.457586299679
v -0.5357961465 -0.751142045956 0.457586299679
v -0.652428493968 -0.652426798975 0.457586299679
v -0.652428493968 -0.652426798975 0.457586299679
v -0.5357961465 -0.751142045956 0.457586299679
v -0.533394948912 -0.747790884688 0.446366282193
v -0.649499481925 -0.649497786932 0.446366282193
v -0.649499481925 -0.649497786932 0.446366282193
v -0.533394948912 -0.747790884688 0.446366282193
v -0.53220749431 -0.746128448245 0.440098916659
v -0.648048184057 -0.648046489064 0.440098916659
v -0.710269653881 -0.410084872297 0.611204198168
v -0.702881210927 -0.405810163654 0.616356907485
v -0.660766900603 -0.471303673748 0.616356907485
v -0.667706778023 -0.476264502806 0.611204198168
v -0.723964750416 -0.417974713398 0.601143739455
v -0.710269653881 -0.410084872297 0.611204198168
v -0.667706778023 -0.476264502806 0.611204198168
v -0.680583864491 -0.485447335816 0.601143739455
v -0.7407735173 -0.427685296902 0.588151708961
v -0.723964750416 -0.417974713398 0.601143739455
v -0.680583864491 -0.485447335816 0.601143739455
v -0.696363482732 -0.496714754494 0.588151708961
v -0.757423978224 -0.437290279138 0.574208351957
v -0.7407735173 -0.427685296902 0.588151708961
v -0.696363482732 -0.496714754494 0.588151708961
v -0.712011211322 -0.507876635866 0.574208351957
v -0.770723213917 -0.444969045627 0.561289816367
v -0.757423978224 -0.437290279138 0.574208351957
v -0.712011211322 -0.507876635866 0.574208351957
v -0.724518853255 -0.516795561648 0.561289816367
v -0.780565687073 -0.450668699792 0.549383849741
v -0.770723213917 -0.444969045627 0.561289816367
v -0.724518853255 -0.516795561648 0.561289816367
v -0.733780871226 -0.523392410842 0.549383849741
v -0.789168000936 -0.45562952885 0.537077768386
v -0.789168000936 -0.45562952885 0.537077768386
v -0.780565687073 -0.450668699792 0.549383849741
v -0.733780871226 -0.523392410842 0.549383849741
v -0.733780871226 -0.523392410842 0.549383849741
v -0.741855370633 -0.529171249968 0.537077768386
v -0.796266184316 -0.459719579188 0.524575687425
v -0.789168000936 -0.45562952885 0.537077768386
v -0.741855370633 -0.529171249968 0.537077768386
v -0.748557757133 -0.533920940451 0.524575687425
v -0.801622874216 -0.462806897191 0.512085868809
v -0.796266184316 -0.459719579188 0.524575687425
v -0.748557757133 -0.533920940451 0.524575687425
v -0.753571418807 -0.537509656603 0.512085868809
v -0.804974035485 -0.464759593207 0.499808360009
v -0.801622874216 -0.462806897191 0.512085868809
v -0.753571418807 -0.537509656603 0.512085868809
v -0.756711505463 -0.539752612192 0.499808360009
v -0.80534348002 -0.46497066782 0.48642028244
v -0.804974035485 -0.464759593207 0.499808360009
v -0.756711505463 -0.539752612192 0.499808360009
v -0.757054533689 -0.540016455458 0.48642028244
v -0.802836681164 -0.463519369952 0.471639908936
v -0.802836681164 -0.463519369952 0.471639908936
v -0.80534348002 -0.46497066782 0.48642028244
v -0.757054533689 -0.540016455458 0.48642028244
v -0.757054533689 -0.540016455458 0.48642028244
v -0.754732457101 -0.53832766667 0.471639908936
v -0.7990368904 -0.461329246978 0.457586299679
v -0.802836681164 -0.463519369952 0.471639908936
v -0.754732457101 -0.53832766667 0.471639908936
v -0.75114374095 -0.535794451507 0.457586299679
v -0.795474590556 -0.459271013655 0.446366282193
v -0.7990368904 -0.461329246978 0.457586299679
v -0.75114374095 -0.535794451507 0.457586299679
v -0.747792579681 -0.533393253919 0.446366282193
v -0.790302622923 -0.456289232958 0.440098916659
v -0.795474590556 -0.459271013655 0.446366282193
v -0.747792579681 -0.533393253919 0.446366282193
v -0.746130143238 -0.532205799317 0.440098916659
v -0.667706778023 -0.476264502806 0.611204198168
v -0.660766900603 -0.471303673748 0.616356907485
v -0.573899591447 -0.573897896454 0.616356907485
v -0.579942273839 -0.579940578846 0.611204198168
v -0.680583864491 -0.485447335816 0.601143739455
v -0.667706778023 -0.476264502806 0.611204198168
v -0.579942273839 -0.579940578846 0.611204198168
v -0.591130571518 -0.591128876525 0.601143739455
v -0.696363482732 -0.496714754494 0.588151708961
v -0.680583864491 -0.485447335816 0.601143739455
v -0.591130571518 -0.591128876525 0.601143739455
v -0.604825604092 -0.604823909099 0.588151708961
v -0.712011211322 -0.507876635866 0.574208351957
v -0.696363482732 -0.496714754494 0.588151708961
v -0.604825604092 -0.604823909099 0.588151708961
v -0.618415099359 -0.618439820673 0.574208351957
v -0.724518853255 -0.516795561648 0.561289816367
v -0.712011211322 -0.507876635866 0.574208351957
v -0.618415099359 -0.618439820673 0.574208351957
v -0.629286721157 -0.629285026164 0.561289816367
v -0.733780871226 -0.523392410842 0.549383849741
v -0.724518853255 -0.516795561648 0.561289816367
v -0.629286721157 -0.629285026164 0.561289816367
v -0.637334868218 -0.637333173225 0.549383849741
v -0.741855370633 -0.529171249968 0.537077768386
v -0.733780871226 -0.523392410842 0.549383849741
v -0.637334868218 -0.637333173225 0.549383849741
v -0.644353930599 -0.644352235606 0.537077768386
v -0.748557757133 -0.533920940451 0.524575687425
v -0.748557757133 -0.533920940451 0.524575687425
v -0.741855370633 -0.529171249968 0.537077768386
v -0.644353930599 -0.644352235606 0.537077768386
v -0.644353930599 -0.644352235606 0.537077768386
v -0.650159186033 -0.65015749104 0.524575687425
v -0.753571418807 -0.537509656603 0.512085868809
v -0.753571418807 -0.537509656603 0.512085868809
v -0.748557757133 -0.533920940451 0.524575687425
v -0.650159186033 -0.65015749104 0.524575687425
v -0.650159186033 -0.65015749104 0.524575687425
v -0.654539495944 -0.654537800951 0.512085868809
v -0.756711505463 -0.539752612192 0.499808360009
v -0.753571418807 -0.537509656603 0.512085868809
v -0.654539495944 -0.654537800951 0.512085868809
v -0.657257369413 -0.657255674419 0.499808360009
v -0.757054533689 -0.540016455458 0.48642028244
v -0.756711505463 -0.539752612192 0.499808360009
v -0.657257369413 -0.657255674419 0.499808360009
v -0.657547628986 -0.657545933993 0.48642028244
v -0.754732457101 -0.53832766667 0.471639908936
v -0.757054533689 -0.540016455458 0.48642028244
v -0.657547628986 -0.657545933993 0.48642028244
v -0.655515811971 -0.655514116978 0.471639908936
v -0.75114374095 -0.535794451507 0.457586299679
v -0.754732457101 -0.53832766667 0.471639908936
v -0.655515811971 -0.655514116978 0.471639908936
v -0.652428493968 -0.652426798975 0.457586299679
v -0.747792579681 -0.533393253919 0.446366282193
v -0.75114374095 -0.535794451507 0.457586299679
v -0.652428493968 -0.652426798975 0.457586299679
v -0.649499481925 -0.649497786932 0.446366282193
v -0.746130143238 -0.532205799317 0.440098916659
v -0.747792579681 -0.533393253919 0.446366282193
v -0.649499481925 -0.649497786932 0.446366282193
v -0.648048184057 -0.648046489064 0.440098916659
v -0.738556978017 -0.336569631449 0.616356907485
v -0.702881210927 -0.405810163654 0.616356907485
v -0.710269653881 -0.410084872297 0.611204198168
v -0.746314865505 -0.340105514985 0.611204198168
v -0.746314865505 -0.340105514985 0.611204198168
v -0.710269653881 -0.410084872297 0.611204198168
v -0.723964750416 -0.417974713398 0.601143739455
v -0.760696018494 -0.346675947871 0.601143739455
v -0.760696018494 -0.346675947871 0.601143739455
v -0.723964750416 -0.417974713398 0.601143739455
v -0.7407735173 -0.427685296902 0.588151708961
v -0.778349147791 -0.354697742587 0.588151708961
v -0.778349147791 -0.354697742587 0.588151708961
v -0.7407735173 -0.427685296902 0.588151708961
v -0.757423978224 -0.437290279138 0.574208351957
v -0.79584403509 -0.362693120995 0.574208351957
v -0.79584403509 -0.362693120995 0.574208351957
v -0.757423978224 -0.437290279138 0.574208351957
v -0.770723213917 -0.444969045627 0.561289816367
v -0.80980291093 -0.369052479268 0.561289816367
v -0.80980291093 -0.369052479268 0.561289816367
v -0.770723213917 -0.444969045627 0.561289816367
v -0.780565687073 -0.450668699792 0.549383849741
v -0.820173198541 -0.373775817406 0.549383849741
v -0.820173198541 -0.373775817406 0.549383849741
v -0.780565687073 -0.450668699792 0.549383849741
v -0.789168000936 -0.45562952885 0.537077768386
v -0.82919766163 -0.377892284051 0.537077768386
v -0.82919766163 -0.377892284051 0.537077768386
v -0.789168000936 -0.45562952885 0.537077768386
v -0.796266184316 -0.459719579188 0.524575687425
v -0.836665289544 -0.381296213973 0.524575687425
v -0.836665289544 -0.381296213973 0.524575687425
v -0.796266184316 -0.459719579188 0.524575687425
v -0.801622874216 -0.462806897191 0.512085868809
v -0.84228582271 -0.383855845444 0.512085868809
v -0.84228582271 -0.383855845444 0.512085868809
v -0.801622874216 -0.462806897191 0.512085868809
v -0.804974035485 -0.464759593207 0.499808360009
v -0.845795353901 -0.385465449272 0.499808360009
v -0.845795353901 -0.385465449272 0.499808360009
v -0.804974035485 -0.464759593207 0.499808360009
v -0.80534348002 -0.46497066782 0.48642028244
v -0.846191150781 -0.385623755231 0.48642028244
v -0.846191150781 -0.385623755231 0.48642028244
v -0.80534348002 -0.46497066782 0.48642028244
v -0.802836681164 -0.463519369952 0.471639908936
v -0.843578814619 -0.384436364592 0.471639908936
v -0.843578814619 -0.384436364592 0.471639908936
v -0.802836681164 -0.463519369952 0.471639908936
v -0.7990368904 -0.461329246978 0.457586299679
v -0.839594301587 -0.382615622189 0.457586299679
v -0.839594301587 -0.382615622189 0.457586299679
v -0.7990368904 -0.461329246978 0.457586299679
v -0.795474590556 -0.459271013655 0.446366282193
v -0.835847279477 -0.380900417093 0.446366282193
v -0.835847279477 -0.380900417093 0.446366282193
v -0.795474590556 -0.459271013655 0.446366282193
v -0.790302622923 -0.456289232958 0.440098916659
v -0.833973768421 -0.38005605468 0.440098916659
v -0.783969680957 -0.210068394517 0.616356907485
v -0.738556978017 -0.336569631449 0.616356907485
v -0.746314865505 -0.340105514985 0.611204198168
v -0.792202550286 -0.212258581454 0.611204198168
v -0.792202550286 -0.212258581454 0.611204198168
v -0.746314865505 -0.340105514985 0.611204198168
v -0.760696018494 -0.346675947871 0.601143739455
v -0.807480834341 -0.216374984137 0.601143739455
v -0.807480834341 -0.216374984137 0.601143739455
v -0.760696018494 -0.346675947871 0.601143739455
v -0.778349147791 -0.354697742587 0.588151708961
v -0.826215880933 -0.221388581849 0.588151708961
v -0.826215880933 -0.221388581849 0.588151708961
v -0.778349147791 -0.354697742587 0.588151708961
v -0.79584403509 -0.362693120995 0.574208351957
v -0.844792621566 -0.226349410907 0.574208351957
v -0.844792621566 -0.226349410907 0.574208351957
v -0.79584403509 -0.362693120995 0.574208351957
v -0.80980291093 -0.369052479268 0.561289816367
v -0.859622340088 -0.230333923938 0.561289816367
v -0.859622340088 -0.230333923938 0.561289816367
v -0.80980291093 -0.369052479268 0.561289816367
v -0.820173198541 -0.373775817406 0.549383849741
v -0.870599499193 -0.233289288327 0.549383849741
v -0.870599499193 -0.233289288327 0.549383849741
v -0.820173198541 -0.373775817406 0.549383849741
v -0.82919766163 -0.377892284051 0.537077768386
v -0.880204545391 -0.235848919798 0.537077768386
v -0.880204545391 -0.235848919798 0.537077768386
v -0.82919766163 -0.377892284051 0.537077768386
v -0.836665289544 -0.381296213973 0.524575687425
v -0.888120738838 -0.237959857812 0.524575687425
v -0.888120738838 -0.237959857812 0.524575687425
v -0.836665289544 -0.381296213973 0.524575687425
v -0.84228582271 -0.383855845444 0.512085868809
v -0.894110716539 -0.239569525602 0.512085868809
v -0.894110716539 -0.239569525602 0.512085868809
v -0.84228582271 -0.383855845444 0.512085868809
v -0.845795353901 -0.385465449272 0.499808360009
v -0.897831322342 -0.240572257936 0.499808360009
v -0.897831322342 -0.240572257936 0.499808360009
v -0.845795353901 -0.385465449272 0.499808360009
v -0.846191150781 -0.385623755231 0.48642028244
v -0.898227119222 -0.240677795243 0.48642028244
v -0.898227119222 -0.240677795243 0.48642028244
v -0.846191150781 -0.385623755231 0.48642028244
v -0.843578814619 -0.384436364592 0.471639908936
v -0.895456413138 -0.239938970136 0.471639908936
v -0.895456413138 -0.239938970136 0.471639908936
v -0.843578814619 -0.384436364592 0.471639908936
v -0.839594301587 -0.382615622189 0.457586299679
v -0.891208056841 -0.238804284187 0.457586299679
v -0.891208056841 -0.238804284187 0.457586299679
v -0.839594301587 -0.382615622189 0.457586299679
v -0.835847279477 -0.380900417093 0.446366282193
v -0.887249960117 -0.237722366892 0.446366282193
v -0.887249960117 -0.237722366892 0.446366282193
v -0.835847279477 -0.380900417093 0.446366282193
v -0.833973768421 -0.38005605468 0.440098916659
v -0.885270911755 -0.23719468036 0.440098916659
v -0.820146782234 1.6949931026e-06 0.611204198168
v -0.811623653332 1.6949931026e-06 0.616356907485
v -0.807876631221 -0.0777883824213 0.616356907485
v -0.816373407777 -0.0786063924888 0.611204198168
v -0.835979233091 1.6949931026e-06 0.601143739455
v -0.820146782234 1.6949931026e-06 0.611204198168
v -0.816373407777 -0.0786063924888 0.611204198168
v -0.832126673673 -0.0801104590099 0.601143739455
v -0.855347567483 1.6949931026e-06 0.588151708961
v -0.835979233091 1.6949931026e-06 0.601143739455
v -0.832126673673 -0.0801104590099 0.601143739455
v -0.851415887067 -0.0819839700653 0.588151708961
v -0.874584012224 1.6949931026e-06 0.574208351957
v -0.855347567483 1.6949931026e-06 0.588151708961
v -0.851415887067 -0.0819839700653 0.588151708961
v -0.870573146847 -0.0838310648132 0.574208351957
v -0.88994148124 1.6949931026e-06 0.561289816367
v -0.874584012224 1.6949931026e-06 0.574208351957
v -0.870573146847 -0.0838310648132 0.574208351957
v -0.885851430902 -0.0853087789887 0.561289816367
v -0.901314437225 1.6949931026e-06 0.549383849741
v -0.88994148124 1.6949931026e-06 0.561289816367
v -0.885851430902 -0.0853087789887 0.561289816367
v -0.897171618234 -0.0863906323222 0.549383849741
v -0.911262511649 1.6949931026e-06 0.537077768386
v -0.901314437225 1.6949931026e-06 0.549383849741
v -0.897171618234 -0.0863906323222 0.549383849741
v -0.907066924005 -0.0873405960037 0.537077768386
v -0.91946896467 1.6949931026e-06 0.524575687425
v -0.911262511649 1.6949931026e-06 0.537077768386
v -0.907066924005 -0.0873405960037 0.537077768386
v -0.915220608373 -0.0881322537256 0.524575687425
v -0.925643600676 1.6949931026e-06 0.512085868809
v -0.91946896467 1.6949931026e-06 0.524575687425
v -0.915220608373 -0.0881322537256 0.524575687425
v -0.921368892033 -0.0887127728728 0.512085868809
v -0.929496160093 1.6949931026e-06 0.499808360009
v -0.925643600676 1.6949931026e-06 0.512085868809
v -0.921368892033 -0.0887127728728 0.512085868809
v -0.92522145145 -0.0890821534451 0.499808360009
v -0.929918373281 1.6949931026e-06 0.48642028244
v -0.929496160093 1.6949931026e-06 0.499808360009
v -0.92522145145 -0.0890821534451 0.499808360009
v -0.925643600676 -0.0891349220983 0.48642028244
v -0.927042193853 1.6949931026e-06 0.471639908936
v -0.929918373281 1.6949931026e-06 0.48642028244
v -0.925643600676 -0.0891349220983 0.48642028244
v -0.922767421248 -0.0888446625248 0.471639908936
v -0.922661883941 1.6949931026e-06 0.457586299679
v -0.927042193853 1.6949931026e-06 0.471639908936
v -0.922767421248 -0.0888446625248 0.471639908936
v -0.918413463682 -0.0884225132992 0.457586299679
v -0.918545417296 1.6949931026e-06 0.446366282193
v -0.922661883941 1.6949931026e-06 0.457586299679
v -0.918413463682 -0.0884225132992 0.457586299679
v -0.914323413345 -0.0880266524572 0.446366282193
v -0.912555503557 1.6949931026e-06 0.440098916659
v -0.918545417296 1.6949931026e-06 0.446366282193
v -0.914323413345 -0.0880266524572 0.446366282193
v -0.912265243984 -0.08784193019 0.440098916659
v -0.816373407777 -0.0786063924888 0.611204198168
v -0.807876631221 -0.0777883824213 0.616356907485
v -0.783969680957 -0.210068394517 0.616356907485
v -0.792202550286 -0.212258581454 0.611204198168
v -0.832126673673 -0.0801104590099 0.601143739455
v -0.816373407777 -0.0786063924888 0.611204198168
v -0.792202550286 -0.212258581454 0.611204198168
v -0.807480834341 -0.216374984137 0.601143739455
v -0.851415887067 -0.0819839700653 0.588151708961
v -0.832126673673 -0.0801104590099 0.601143739455
v -0.807480834341 -0.216374984137 0.601143739455
v -0.826215880933 -0.221388581849 0.588151708961
v -0.870573146847 -0.0838310648132 0.574208351957
v -0.851415887067 -0.0819839700653 0.588151708961
v -0.826215880933 -0.221388581849 0.588151708961
v -0.844792621566 -0.226349410907 0.574208351957
v -0.885851430902 -0.0853087789887 0.561289816367
v -0.870573146847 -0.0838310648132 0.574208351957
v -0.844792621566 -0.226349410907 0.574208351957
v -0.859622340088 -0.230333923938 0.561289816367
v -0.897171618234 -0.0863906323222 0.549383849741
v -0.885851430902 -0.0853087789887 0.561289816367
v -0.859622340088 -0.230333923938 0.561289816367
v -0.870599499193 -0.233289288327 0.549383849741
v -0.907066924005 -0.0873405960037 0.537077768386
v -0.897171618234 -0.0863906323222 0.549383849741
v -0.870599499193 -0.233289288327 0.549383849741
v -0.880204545391 -0.235848919798 0.537077768386
v -0.915220608373 -0.0881322537256 0.524575687425
v -0.907066924005 -0.0873405960037 0.537077768386
v -0.880204545391 -0.235848919798 0.537077768386
v -0.888120738838 -0.237959857812 0.524575687425
v -0.921368892033 -0.0887127728728 0.512085868809
v -0.915220608373 -0.0881322537256 0.524575687425
v -0.888120738838 -0.237959857812 0.524575687425
v -0.894110716539 -0.239569525602 0.512085868809
v -0.92522145145 -0.0890821534451 0.499808360009
v -0.921368892033 -0.0887127728728 0.512085868809
v -0.894110716539 -0.239569525602 0.512085868809
v -0.897831322342 -0.240572257936 0.499808360009
v -0.925643600676 -0.0891349220983 0.48642028244
v -0.92522145145 -0.0890821534451 0.499808360009
v -0.897831322342 -0.240572257936 0.499808360009
v -0.898227119222 -0.240677795243 0.48642028244
v -0.922767421248 -0.0888446625248 0.471639908936
v -0.925643600676 -0.0891349220983 0.48642028244
v -0.898227119222 -0.240677795243 0.48642028244
v -0.895456413138 -0.239938970136 0.471639908936
v -0.918413463682 -0.0884225132992 0.457586299679
v -0.922767421248 -0.0888446625248 0.471639908936
v -0.895456413138 -0.239938970136 0.471639908936
v -0.891208056841 -0.238804284187 0.457586299679
v -0.914323413345 -0.0880266524572 0.446366282193
v -0.918413463682 -0.0884225132992 0.457586299679
v -0.891208056841 -0.238804284187 0.457586299679
v -0.887249960117 -0.237722366892 0.446366282193
v -0.912265243984 -0.08784193019 0.440098916659
v -0.914323413345 -0.0880266524572 0.446366282193
v -0.887249960117 -0.237722366892 0.446366282193
v -0.885270911755 -0.23719468036 0.440098916659
v -0.807876631221 0.0777917724075 0.616356907485
v -0.811623653332 1.6949931026e-06 0.616356907485
v -0.820146782234 1.6949931026e-06 0.611204198168
v -0.816373407777 0.078609782475 0.611204198168
v -0.816373407777 0.078609782475 0.611204198168
v -0.820146782234 1.6949931026e-06 0.611204198168
v -0.835979233091 1.6949931026e-06 0.601143739455
v -0.832126673673 0.0801138489961 0.601143739455
v -0.832126673673 0.0801138489961 0.601143739455
v -0.835979233091 1.6949931026e-06 0.601143739455
v -0.855347567483 1.6949931026e-06 0.588151708961
v -0.851415887067 0.0819873600515 0.588151708961
v -0.851415887067 0.0819873600515 0.588151708961
v -0.855347567483 1.6949931026e-06 0.588151708961
v -0.874584012224 1.6949931026e-06 0.574208351957
v -0.870573146847 0.0838344547994 0.574208351957
v -0.870573146847 0.0838344547994 0.574208351957
v -0.874584012224 1.6949931026e-06 0.574208351957
v -0.88994148124 1.6949931026e-06 0.561289816367
v -0.885851430902 0.0852857526673 0.561289816367
v -0.885851430902 0.0852857526673 0.561289816367
v -0.88994148124 1.6949931026e-06 0.561289816367
v -0.901314437225 1.6949931026e-06 0.549383849741
v -0.897171618234 0.0863940223084 0.549383849741
v -0.897171618234 0.0863940223084 0.549383849741
v -0.901314437225 1.6949931026e-06 0.549383849741
v -0.911262511649 1.6949931026e-06 0.537077768386
v -0.907066924005 0.0873439859899 0.537077768386
v -0.907066924005 0.0873439859899 0.537077768386
v -0.911262511649 1.6949931026e-06 0.537077768386
v -0.91946896467 1.6949931026e-06 0.524575687425
v -0.915220608373 0.0881356437118 0.524575687425
v -0.915220608373 0.0881356437118 0.524575687425
v -0.91946896467 1.6949931026e-06 0.524575687425
v -0.925643600676 1.6949931026e-06 0.512085868809
v -0.921368892033 0.088716162859 0.512085868809
v -0.921368892033 0.088716162859 0.512085868809
v -0.925643600676 1.6949931026e-06 0.512085868809
v -0.929496160093 1.6949931026e-06 0.499808360009
v -0.92522145145 0.0890855434313 0.499808360009
v -0.92522145145 0.0890855434313 0.499808360009
v -0.929496160093 1.6949931026e-06 0.499808360009
v -0.929918373281 1.6949931026e-06 0.48642028244
v -0.925643600676 0.0891383120845 0.48642028244
v -0.925643600676 0.0891383120845 0.48642028244
v -0.929918373281 1.6949931026e-06 0.48642028244
v -0.927042193853 1.6949931026e-06 0.471639908936
v -0.922767421248 0.088848052511 0.471639908936
v -0.922767421248 0.088848052511 0.471639908936
v -0.927042193853 1.6949931026e-06 0.471639908936
v -0.922661883941 1.6949931026e-06 0.457586299679
v -0.918413463682 0.0884259032854 0.457586299679
v -0.918413463682 0.0884259032854 0.457586299679
v -0.922661883941 1.6949931026e-06 0.457586299679
v -0.918545417296 1.6949931026e-06 0.446366282193
v -0.914323413345 0.0880300424434 0.446366282193
v -0.914323413345 0.0880300424434 0.446366282193
v -0.918545417296 1.6949931026e-06 0.446366282193
v -0.912555503557 1.6949931026e-06 0.440098916659
v -0.912265243984 0.0878453201762 0.440098916659
v -0.783969680957 0.210071784503 0.616356907485
v -0.807876631221 0.0777917724075 0.616356907485
v -0.816373407777 0.078609782475 0.611204198168
v -0.792202550286 0.21226197144 0.611204198168
v -0.792202550286 0.21226197144 0.611204198168
v -0.816373407777 0.078609782475 0.611204198168
v -0.832126673673 0.0801138489961 0.601143739455
v -0.807480834341 0.216378374123 0.601143739455
v -0.807480834341 0.216378374123 0.601143739455
v -0.832126673673 0.0801138489961 0.601143739455
v -0.851415887067 0.0819873600515 0.588151708961
v -0.826215880933 0.221391971835 0.588151708961
v -0.826215880933 0.221391971835 0.588151708961
v -0.851415887067 0.0819873600515 0.588151708961
v -0.870573146847 0.0838344547994 0.574208351957
v -0.844792621566 0.226352800893 0.574208351957
v -0.844792621566 0.226352800893 0.574208351957
v -0.870573146847 0.0838344547994 0.574208351957
v -0.885851430902 0.0852857526673 0.561289816367
v -0.859622340088 0.230337313924 0.561289816367
v -0.859622340088 0.230337313924 0.561289816367
v -0.885851430902 0.0852857526673 0.561289816367
v -0.897171618234 0.0863940223084 0.549383849741
v -0.870599499193 0.233266325968 0.549383849741
v -0.870599499193 0.233266325968 0.549383849741
v -0.897171618234 0.0863940223084 0.549383849741
v -0.907066924005 0.0873439859899 0.537077768386
v -0.880204545391 0.235852309784 0.537077768386
v -0.880204545391 0.235852309784 0.537077768386
v -0.907066924005 0.0873439859899 0.537077768386
v -0.915220608373 0.0881356437118 0.524575687425
v -0.888120738838 0.237963247798 0.524575687425
v -0.888120738838 0.237963247798 0.524575687425
v -0.915220608373 0.0881356437118 0.524575687425
v -0.921368892033 0.088716162859 0.512085868809
v -0.894110716539 0.239572915588 0.512085868809
v -0.894110716539 0.239572915588 0.512085868809
v -0.921368892033 0.088716162859 0.512085868809
v -0.92522145145 0.0890855434313 0.499808360009
v -0.897831322342 0.240575647922 0.499808360009
v -0.897831322342 0.240575647922 0.499808360009
v -0.92522145145 0.0890855434313 0.499808360009
v -0.925643600676 0.0891383120845 0.48642028244
v -0.898227119222 0.240681185229 0.48642028244
v -0.898227119222 0.240681185229 0.48642028244
v -0.925643600676 0.0891383120845 0.48642028244
v -0.922767421248 0.088848052511 0.471639908936
v -0.895456413138 0.239942360122 0.471639908936
v -0.895456413138 0.239942360122 0.471639908936
v -0.922767421248 0.088848052511 0.471639908936
v -0.918413463682 0.0884259032854 0.457586299679
v -0.891208056841 0.238807674173 0.457586299679
v -0.891208056841 0.238807674173 0.457586299679
v -0.918413463682 0.0884259032854 0.457586299679
v -0.914323413345 0.0880300424434 0.446366282193
v -0.887249960117 0.237725756878 0.446366282193
v -0.887249960117 0.237725756878 0.446366282193
v -0.914323413345 0.0880300424434 0.446366282193
v -0.912265243984 0.0878453201762 0.440098916659
v -0.885270911755 0.237198070346 0.440098916659
v -0.710269653881 0.410088262283 0.611204198168
v -0.702881210927 0.40581355364 0.616356907485
v -0.738556978017 0.336573021435 0.616356907485
v -0.746314865505 0.340108904971 0.611204198168
v -0.723964750416 0.417978103385 0.601143739455
v -0.710269653881 0.410088262283 0.611204198168
v -0.746314865505 0.340108904971 0.611204198168
v -0.760696018494 0.346679337857 0.601143739455
v -0.7407735173 0.427688686889 0.588151708961
v -0.723964750416 0.417978103385 0.601143739455
v -0.760696018494 0.346679337857 0.601143739455
v -0.778349147791 0.354701132573 0.588151708961
v -0.757423978224 0.437293669124 0.574208351957
v -0.7407735173 0.427688686889 0.588151708961
v -0.778349147791 0.354701132573 0.588151708961
v -0.79584403509 0.362696510981 0.574208351957
v -0.770723213917 0.444972435613 0.561289816367
v -0.757423978224 0.437293669124 0.574208351957
v -0.79584403509 0.362696510981 0.574208351957
v -0.80980291093 0.369055869254 0.561289816367
v -0.780565687073 0.450645737433 0.549383849741
v -0.770723213917 0.444972435613 0.561289816367
v -0.80980291093 0.369055869254 0.561289816367
v -0.820173198541 0.373779207392 0.549383849741
v -0.789168000936 0.455632918837 0.537077768386
v -0.789168000936 0.455632918837 0.537077768386
v -0.780565687073 0.450645737433 0.549383849741
v -0.820173198541 0.373779207392 0.549383849741
v -0.820173198541 0.373779207392 0.549383849741
v -0.82919766163 0.377895674038 0.537077768386
v -0.796266184316 0.459722969174 0.524575687425
v -0.789168000936 0.455632918837 0.537077768386
v -0.82919766163 0.377895674038 0.537077768386
v -0.836665289544 0.38129960396 0.524575687425
v -0.801622874216 0.462810287177 0.512085868809
v -0.796266184316 0.459722969174 0.524575687425
v -0.836665289544 0.38129960396 0.524575687425
v -0.84228582271 0.383859235431 0.512085868809
v -0.804974035485 0.464736566886 0.499808360009
v -0.801622874216 0.462810287177 0.512085868809
v -0.84228582271 0.383859235431 0.512085868809
v -0.845795353901 0.385468839258 0.499808360009
v -0.80534348002 0.464947705461 0.48642028244
v -0.804974035485 0.464736566886 0.499808360009
v -0.845795353901 0.385468839258 0.499808360009
v -0.846191150781 0.385627145218 0.48642028244
v -0.802836681164 0.463522759938 0.471639908936
v -0.802836681164 0.463522759938 0.471639908936
v -0.80534348002 0.464947705461 0.48642028244
v -0.846191150781 0.385627145218 0.48642028244
v -0.846191150781 0.385627145218 0.48642028244
v -0.843578814619 0.384439754578 0.471639908936
v -0.7990368904 0.461332636964 0.457586299679
v -0.802836681164 0.463522759938 0.471639908936
v -0.843578814619 0.384439754578 0.471639908936
v -0.839594301587 0.382619012176 0.457586299679
v -0.795474590556 0.459274403641 0.446366282193
v -0.7990368904 0.461332636964 0.457586299679
v -0.839594301587 0.382619012176 0.457586299679
v -0.835847279477 0.38090380708 0.446366282193
v -0.790302622923 0.456292622945 0.440098916659
v -0.795474590556 0.459274403641 0.446366282193
v -0.835847279477 0.38090380708 0.446366282193
v -0.833973768421 0.380059444667 0.440098916659
v -0.746314865505 0.340108904971 0.611204198168
v -0.738556978017 0.336573021435 0.616356907485
v -0.783969680957 0.210071784503 0.616356907485
v -0.792202550286 0.21226197144 0.611204198168
v -0.760696018494 0.346679337857 0.601143739455
v -0.746314865505 0.340108904971 0.611204198168
v -0.792202550286 0.21226197144 0.611204198168
v -0.807480834341 0.216378374123 0.601143739455
v -0.778349147791 0.354701132573 0.588151708961
v -0.760696018494 0.346679337857 0.601143739455
v -0.807480834341 0.216378374123 0.601143739455
v -0.826215880933 0.221391971835 0.588151708961
v -0.79584403509 0.362696510981 0.574208351957
v -0.778349147791 0.354701132573 0.588151708961
v -0.826215880933 0.221391971835 0.588151708961
v -0.844792621566 0.226352800893 0.574208351957
v -0.80980291093 0.369055869254 0.561289816367
v -0.79584403509 0.362696510981 0.574208351957
v -0.844792621566 0.226352800893 0.574208351957
v -0.859622340088 0.230337313924 0.561289816367
v -0.820173198541 0.373779207392 0.549383849741
v -0.80980291093 0.369055869254 0.561289816367
v -0.859622340088 0.230337313924 0.561289816367
v -0.870599499193 0.233266325968 0.549383849741
v -0.82919766163 0.377895674038 0.537077768386
v -0.820173198541 0.373779207392 0.549383849741
v -0.870599499193 0.233266325968 0.549383849741
v -0.880204545391 0.235852309784 0.537077768386
v -0.836665289544 0.38129960396 0.524575687425
v -0.82919766163 0.377895674038 0.537077768386
v -0.880204545391 0.235852309784 0.537077768386
v -0.888120738838 0.237963247798 0.524575687425
v -0.84228582271 0.383859235431 0.512085868809
v -0.836665289544 0.38129960396 0.524575687425
v -0.888120738838 0.237963247798 0.524575687425
v -0.894110716539 0.239572915588 0.512085868809
v -0.845795353901 0.385468839258 0.499808360009
v -0.84228582271 0.383859235431 0.512085868809
v -0.894110716539 0.239572915588 0.512085868809
v -0.897831322342 0.240575647922 0.499808360009
v -0.846191150781 0.385627145218 0.48642028244
v -0.845795353901 0.385468839258 0.499808360009
v -0.897831322342 0.240575647922 0.499808360009
v -0.898227119222 0.240681185229 0.48642028244
v -0.843578814619 0.384439754578 0.471639908936
v -0.846191150781 0.385627145218 0.48642028244
v -0.898227119222 0.240681185229 0.48642028244
v -0.895456413138 0.239942360122 0.471639908936
v -0.839594301587 0.382619012176 0.457586299679
v -0.843578814619 0.384439754578 0.471639908936
v -0.895456413138 0.239942360122 0.471639908936
v -0.891208056841 0.238807674173 0.457586299679
v -0.835847279477 0.38090380708 0.446366282193
v -0.839594301587 0.382619012176 0.457586299679
v -0.891208056841 0.238807674173 0.457586299679
v -0.887249960117 0.237725756878 0.446366282193
v -0.833973768421 0.380059444667 0.440098916659
v -0.835847279477 0.38090380708 0.446366282193
v -0.887249960117 0.237725756878 0.446366282193
v -0.885270911755 0.237198070346 0.440098916659
v -0.660766900603 0.471307063734 0.616356907485
v -0.702881210927 0.40581355364 0.616356907485
v -0.710269653881 0.410088262283 0.611204198168
v -0.667706778023 0.476267892792 0.611204198168
v -0.667706778023 0.476267892792 0.611204198168
v -0.710269653881 0.410088262283 0.611204198168
v -0.723964750416 0.417978103385 0.601143739455
v -0.680583864491 0.485450725802 0.601143739455
v -0.680583864491 0.485450725802 0.601143739455
v -0.723964750416 0.417978103385 0.601143739455
v -0.7407735173 0.427688686889 0.588151708961
v -0.696363482732 0.49671814448 0.588151708961
v -0.696363482732 0.49671814448 0.588151708961
v -0.7407735173 0.427688686889 0.588151708961
v -0.757423978224 0.437293669124 0.574208351957
v -0.712011211322 0.507880025852 0.574208351957
v -0.712011211322 0.507880025852 0.574208351957
v -0.757423978224 0.437293669124 0.574208351957
v -0.770723213917 0.444972435613 0.561289816367
v -0.724518853255 0.516798951634 0.561289816367
v -0.724518853255 0.516798951634 0.561289816367
v -0.770723213917 0.444972435613 0.561289816367
v -0.780565687073 0.450645737433 0.549383849741
v -0.733780871226 0.523395800828 0.549383849741
v -0.733780871226 0.523395800828 0.549383849741
v -0.780565687073 0.450645737433 0.549383849741
v -0.789168000936 0.455632918837 0.537077768386
v -0.741855370633 0.529174639954 0.537077768386
v -0.741855370633 0.529174639954 0.537077768386
v -0.789168000936 0.455632918837 0.537077768386
v -0.796266184316 0.459722969174 0.524575687425
v -0.748557757133 0.533924330437 0.524575687425
v -0.748557757133 0.533924330437 0.524575687425
v -0.796266184316 0.459722969174 0.524575687425
v -0.801622874216 0.462810287177 0.512085868809
v -0.753571418807 0.537513046589 0.512085868809
v -0.753571418807 0.537513046589 0.512085868809
v -0.801622874216 0.462810287177 0.512085868809
v -0.804974035485 0.464736566886 0.499808360009
v -0.756711505463 0.539756002179 0.499808360009
v -0.756711505463 0.539756002179 0.499808360009
v -0.804974035485 0.464736566886 0.499808360009
v -0.80534348002 0.464947705461 0.48642028244
v -0.757054533689 0.540019845445 0.48642028244
v -0.757054533689 0.540019845445 0.48642028244
v -0.80534348002 0.464947705461 0.48642028244
v -0.802836681164 0.463522759938 0.471639908936
v -0.754732457101 0.538331056656 0.471639908936
v -0.754732457101 0.538331056656 0.471639908936
v -0.802836681164 0.463522759938 0.471639908936
v -0.7990368904 0.461332636964 0.457586299679
v -0.75114374095 0.535797841493 0.457586299679
v -0.75114374095 0.535797841493 0.457586299679
v -0.7990368904 0.461332636964 0.457586299679
v -0.795474590556 0.459274403641 0.446366282193
v -0.747792579681 0.533396643905 0.446366282193
v -0.747792579681 0.533396643905 0.446366282193
v -0.795474590556 0.459274403641 0.446366282193
v -0.790302622923 0.456292622945 0.440098916659
v -0.746130143238 0.532209189304 0.440098916659
v -0.573899591447 0.57390128644 0.616356907485
v -0.660766900603 0.471307063734 0.616356907485
v -0.667706778023 0.476267892792 0.611204198168
v -0.579942273839 0.579943968832 0.611204198168
v -0.579942273839 0.579943968832 0.611204198168
v -0.667706778023 0.476267892792 0.611204198168
v -0.680583864491 0.485450725802 0.601143739455
v -0.591130571518 0.591132266511 0.601143739455
v -0.591130571518 0.591132266511 0.601143739455
v -0.680583864491 0.485450725802 0.601143739455
v -0.696363482732 0.49671814448 0.588151708961
v -0.604825604092 0.604827299085 0.588151708961
v -0.604825604092 0.604827299085 0.588151708961
v -0.696363482732 0.49671814448 0.588151708961
v -0.712011211322 0.507880025852 0.574208351957
v -0.618415099359 0.618416794352 0.574208351957
v -0.618415099359 0.618416794352 0.574208351957
v -0.712011211322 0.507880025852 0.574208351957
v -0.724518853255 0.516798951634 0.561289816367
v -0.629286721157 0.62928841615 0.561289816367
v -0.629286721157 0.62928841615 0.561289816367
v -0.724518853255 0.516798951634 0.561289816367
v -0.733780871226 0.523395800828 0.549383849741
v -0.637334868218 0.637336563211 0.549383849741
v -0.637334868218 0.637336563211 0.549383849741
v -0.733780871226 0.523395800828 0.549383849741
v -0.741855370633 0.529174639954 0.537077768386
v -0.644353930599 0.644355625592 0.537077768386
v -0.644353930599 0.644355625592 0.537077768386
v -0.644353930599 0.644355625592 0.537077768386
v -0.741855370633 0.529174639954 0.537077768386
v -0.748557757133 0.533924330437 0.524575687425
v -0.748557757133 0.533924330437 0.524575687425
v -0.650159186033 0.650160881026 0.524575687425
v -0.650159186033 0.650160881026 0.524575687425
v -0.650159186033 0.650160881026 0.524575687425
v -0.748557757133 0.533924330437 0.524575687425
v -0.753571418807 0.537513046589 0.512085868809
v -0.753571418807 0.537513046589 0.512085868809
v -0.654539495944 0.654541190937 0.512085868809
v -0.654539495944 0.654541190937 0.512085868809
v -0.753571418807 0.537513046589 0.512085868809
v -0.756711505463 0.539756002179 0.499808360009
v -0.657257369413 0.657259064406 0.499808360009
v -0.657257369413 0.657259064406 0.499808360009
v -0.756711505463 0.539756002179 0.499808360009
v -0.757054533689 0.540019845445 0.48642028244
v -0.657547628986 0.657549323979 0.48642028244
v -0.657547628986 0.657549323979 0.48642028244
v -0.757054533689 0.540019845445 0.48642028244
v -0.754732457101 0.538331056656 0.471639908936
v -0.655515811971 0.655517506964 0.471639908936
v -0.655515811971 0.655517506964 0.471639908936
v -0.655515811971 0.655517506964 0.471639908936
v -0.754732457101 0.538331056656 0.471639908936
v -0.75114374095 0.535797841493 0.457586299679
v -0.75114374095 0.535797841493 0.457586299679
v -0.652428493968 0.652430188961 0.457586299679
v -0.652428493968 0.652430188961 0.457586299679
v -0.75114374095 0.535797841493 0.457586299679
v -0.747792579681 0.533396643905 0.446366282193
v -0.649499481925 0.649501176918 0.446366282193
v -0.649499481925 0.649501176918 0.446366282193
v -0.747792579681 0.533396643905 0.446366282193
v -0.746130143238 0.532209189304 0.440098916659
v -0.648048184057 0.64804987905 0.440098916659
v -0.41008656729 0.710271348874 0.611204198168
v -0.405811858647 0.70288290592 0.616356907485
v -0.471305368741 0.660768595596 0.616356907485
v -0.476266197799 0.667708473016 0.611204198168
v -0.417976408391 0.723966445409 0.601143739455
v -0.41008656729 0.710271348874 0.611204198168
v -0.476266197799 0.667708473016 0.611204198168
v -0.485449030809 0.680585559484 0.601143739455
v -0.427686991895 0.740775212293 0.588151708961
v -0.417976408391 0.723966445409 0.601143739455
v -0.485449030809 0.680585559484 0.601143739455
v -0.496716449487 0.696365177726 0.588151708961
v -0.437291974131 0.757425673217 0.574208351957
v -0.427686991895 0.740775212293 0.588151708961
v -0.496716449487 0.696365177726 0.588151708961
v -0.507878330859 0.712012906315 0.574208351957
v -0.44497074062 0.77072490891 0.561289816367
v -0.437291974131 0.757425673217 0.574208351957
v -0.507878330859 0.712012906315 0.574208351957
v -0.516797256641 0.724520548248 0.561289816367
v -0.450670394785 0.780567382066 0.549383849741
v -0.44497074062 0.77072490891 0.561289816367
v -0.516797256641 0.724520548248 0.561289816367
v -0.523394105835 0.733782566219 0.549383849741
v -0.455631223844 0.789169695929 0.537077768386
v -0.455631223844 0.789169695929 0.537077768386
v -0.450670394785 0.780567382066 0.549383849741
v -0.523394105835 0.733782566219 0.549383849741
v -0.523394105835 0.733782566219 0.549383849741
v -0.529172944961 0.741857065626 0.537077768386
v -0.459721274181 0.796267879309 0.524575687425
v -0.455631223844 0.789169695929 0.537077768386
v -0.529172944961 0.741857065626 0.537077768386
v -0.533922635444 0.748559452126 0.524575687425
v -0.462808592184 0.801624569209 0.512085868809
v -0.459721274181 0.796267879309 0.524575687425
v -0.533922635444 0.748559452126 0.524575687425
v -0.537511351596 0.7535731138 0.512085868809
v -0.4647612882 0.804975730478 0.499808360009
v -0.4647612882 0.804975730478 0.499808360009
v -0.462808592184 0.801624569209 0.512085868809
v -0.537511351596 0.7535731138 0.512085868809
v -0.537511351596 0.7535731138 0.512085868809
v -0.539754307185 0.756713200456 0.499808360009
v -0.464946010468 0.805345175013 0.48642028244
v -0.4647612882 0.804975730478 0.499808360009
v -0.539754307185 0.756713200456 0.499808360009
v -0.540018150451 0.757056228683 0.48642028244
v -0.463521064945 0.802838376157 0.471639908936
v -0.463521064945 0.802838376157 0.471639908936
v -0.464946010468 0.805345175013 0.48642028244
v -0.540018150451 0.757056228683 0.48642028244
v -0.540018150451 0.757056228683 0.48642028244
v -0.538329361663 0.754734152094 0.471639908936
v -0.461330941971 0.799038585393 0.457586299679
v -0.463521064945 0.802838376157 0.471639908936
v -0.538329361663 0.754734152094 0.471639908936
v -0.5357961465 0.751145435943 0.457586299679
v -0.459272708648 0.795476285549 0.446366282193
v -0.461330941971 0.799038585393 0.457586299679
v -0.5357961465 0.751145435943 0.457586299679
v -0.533394948912 0.747794274674 0.446366282193
v -0.456290927952 0.790304317916 0.440098916659
v -0.459272708648 0.795476285549 0.446366282193
v -0.533394948912 0.747794274674 0.446366282193
v -0.53220749431 0.746131838231 0.440098916659
v -0.476266197799 0.667708473016 0.611204198168
v -0.471305368741 0.660768595596 0.616356907485
v -0.573899591447 0.57390128644 0.616356907485
v -0.579942273839 0.579943968832 0.611204198168
v -0.485449030809 0.680585559484 0.601143739455
v -0.485449030809 0.680585559484 0.601143739455
v -0.476266197799 0.667708473016 0.611204198168
v -0.579942273839 0.579943968832 0.611204198168
v -0.579942273839 0.579943968832 0.611204198168
v -0.591130571518 0.591132266511 0.601143739455
v -0.496716449487 0.696365177726 0.588151708961
v -0.485449030809 0.680585559484 0.601143739455
v -0.591130571518 0.591132266511 0.601143739455
v -0.604825604092 0.604827299085 0.588151708961
v -0.507878330859 0.712012906315 0.574208351957
v -0.496716449487 0.696365177726 0.588151708961
v -0.604825604092 0.604827299085 0.588151708961
v -0.618415099359 0.618416794352 0.574208351957
v -0.516797256641 0.724520548248 0.561289816367
v -0.507878330859 0.712012906315 0.574208351957
v -0.618415099359 0.618416794352 0.574208351957
v -0.629286721157 0.62928841615 0.561289816367
v -0.523394105835 0.733782566219 0.549383849741
v -0.516797256641 0.724520548248 0.561289816367
v -0.629286721157 0.62928841615 0.561289816367
v -0.637334868218 0.637336563211 0.549383849741
v -0.529172944961 0.741857065626 0.537077768386
v -0.523394105835 0.733782566219 0.549383849741
v -0.637334868218 0.637336563211 0.549383849741
v -0.644353930599 0.644355625592 0.537077768386
v -0.533922635444 0.748559452126 0.524575687425
v -0.533922635444 0.748559452126 0.524575687425
v -0.529172944961 0.741857065626 0.537077768386
v -0.644353930599 0.644355625592 0.537077768386
v -0.644353930599 0.644355625592 0.537077768386
v -0.650159186033 0.650160881026 0.524575687425
v -0.537511351596 0.7535731138 0.512085868809
v -0.537511351596 0.7535731138 0.512085868809
v -0.533922635444 0.748559452126 0.524575687425
v -0.650159186033 0.650160881026 0.524575687425
v -0.650159186033 0.650160881026 0.524575687425
v -0.654539495944 0.654541190937 0.512085868809
v -0.539754307185 0.756713200456 0.499808360009
v -0.537511351596 0.7535731138 0.512085868809
v -0.654539495944 0.654541190937 0.512085868809
v -0.657257369413 0.657259064406 0.499808360009
v -0.540018150451 0.757056228683 0.48642028244
v -0.539754307185 0.756713200456 0.499808360009
v -0.657257369413 0.657259064406 0.499808360009
v -0.657547628986 0.657549323979 0.48642028244
v -0.538329361663 0.754734152094 0.471639908936
v -0.540018150451 0.757056228683 0.48642028244
v -0.657547628986 0.657549323979 0.48642028244
v -0.655515811971 0.655517506964 0.471639908936
v -0.5357961465 0.751145435943 0.457586299679
v -0.538329361663 0.754734152094 0.471639908936
v -0.655515811971 0.655517506964 0.471639908936
v -0.652428493968 0.652430188961 0.457586299679
v -0.533394948912 0.747794274674 0.446366282193
v -0.5357961465 0.751145435943 0.457586299679
v -0.652428493968 0.652430188961 0.457586299679
v -0.649499481925 0.649501176918 0.446366282193
v -0.53220749431 0.746131838231 0.440098916659
v -0.533394948912 0.747794274674 0.446366282193
v -0.649499481925 0.649501176918 0.446366282193
v -0.648048184057 0.64804987905 0.440098916659
v -0.336571326442 0.738558673011 0.616356907485
v -0.405811858647 0.70288290592 0.616356907485
v -0.41008656729 0.710271348874 0.611204198168
v -0.340107209978 0.746316560498 0.611204198168
v -0.340107209978 0.746316560498 0.611204198168
v -0.41008656729 0.710271348874 0.611204198168
v -0.417976408391 0.723966445409 0.601143739455
v -0.346677642864 0.760697713487 0.601143739455
v -0.346677642864 0.760697713487 0.601143739455
v -0.417976408391 0.723966445409 0.601143739455
v -0.427686991895 0.740775212293 0.588151708961
v -0.35469943758 0.778350842784 0.588151708961
v -0.35469943758 0.778350842784 0.588151708961
v -0.427686991895 0.740775212293 0.588151708961
v -0.437291974131 0.757425673217 0.574208351957
v -0.362694815988 0.795845730083 0.574208351957
v -0.362694815988 0.795845730083 0.574208351957
v -0.437291974131 0.757425673217 0.574208351957
v -0.44497074062 0.77072490891 0.561289816367
v -0.369054174261 0.809804605923 0.561289816367
v -0.369054174261 0.809804605923 0.561289816367
v -0.44497074062 0.77072490891 0.561289816367
v -0.450670394785 0.780567382066 0.549383849741
v -0.373777512399 0.820174893535 0.549383849741
v -0.373777512399 0.820174893535 0.549383849741
v -0.450670394785 0.780567382066 0.549383849741
v -0.455631223844 0.789169695929 0.537077768386
v -0.377893979044 0.829199356623 0.537077768386
v -0.377893979044 0.829199356623 0.537077768386
v -0.455631223844 0.789169695929 0.537077768386
v -0.459721274181 0.796267879309 0.524575687425
v -0.381297908967 0.836666984537 0.524575687425
v -0.381297908967 0.836666984537 0.524575687425
v -0.459721274181 0.796267879309 0.524575687425
v -0.462808592184 0.801624569209 0.512085868809
v -0.383857540438 0.842287517704 0.512085868809
v -0.383857540438 0.842287517704 0.512085868809
v -0.462808592184 0.801624569209 0.512085868809
v -0.4647612882 0.804975730478 0.499808360009
v -0.385467144265 0.845797048894 0.499808360009
v -0.385467144265 0.845797048894 0.499808360009
v -0.4647612882 0.804975730478 0.499808360009
v -0.464946010468 0.805345175013 0.48642028244
v -0.385625450225 0.846192845774 0.48642028244
v -0.385625450225 0.846192845774 0.48642028244
v -0.464946010468 0.805345175013 0.48642028244
v -0.463521064945 0.802838376157 0.471639908936
v -0.384438059585 0.843580509612 0.471639908936
v -0.384438059585 0.843580509612 0.471639908936
v -0.463521064945 0.802838376157 0.471639908936
v -0.461330941971 0.799038585393 0.457586299679
v -0.382617317182 0.839595996581 0.457586299679
v -0.382617317182 0.839595996581 0.457586299679
v -0.461330941971 0.799038585393 0.457586299679
v -0.459272708648 0.795476285549 0.446366282193
v -0.380902112087 0.83584897447 0.446366282193
v -0.380902112087 0.83584897447 0.446366282193
v -0.459272708648 0.795476285549 0.446366282193
v -0.456290927952 0.790304317916 0.440098916659
v -0.380057749673 0.833975463414 0.440098916659
v -0.21007008951 0.78397137595 0.616356907485
v -0.336571326442 0.738558673011 0.616356907485
v -0.340107209978 0.746316560498 0.611204198168
v -0.212260276447 0.792204245279 0.611204198168
v -0.212260276447 0.792204245279 0.611204198168
v -0.340107209978 0.746316560498 0.611204198168
v -0.346677642864 0.760697713487 0.601143739455
v -0.21637667913 0.807482529334 0.601143739455
v -0.21637667913 0.807482529334 0.601143739455
v -0.346677642864 0.760697713487 0.601143739455
v -0.35469943758 0.778350842784 0.588151708961
v -0.221390276842 0.826217575926 0.588151708961
v -0.221390276842 0.826217575926 0.588151708961
v -0.35469943758 0.778350842784 0.588151708961
v -0.362694815988 0.795845730083 0.574208351957
v -0.2263511059 0.844794316559 0.574208351957
v -0.2263511059 0.844794316559 0.574208351957
v -0.362694815988 0.795845730083 0.574208351957
v -0.369054174261 0.809804605923 0.561289816367
v -0.230335618931 0.859624035081 0.561289816367
v -0.230335618931 0.859624035081 0.561289816367
v -0.369054174261 0.809804605923 0.561289816367
v -0.373777512399 0.820174893535 0.549383849741
v -0.233264630975 0.870601194186 0.549383849741
v -0.233264630975 0.870601194186 0.549383849741
v -0.373777512399 0.820174893535 0.549383849741
v -0.377893979044 0.829199356623 0.537077768386
v -0.235850614791 0.880206240384 0.537077768386
v -0.235850614791 0.880206240384 0.537077768386
v -0.377893979044 0.829199356623 0.537077768386
v -0.381297908967 0.836666984537 0.524575687425
v -0.237961552805 0.888122433831 0.524575687425
v -0.237961552805 0.888122433831 0.524575687425
v -0.381297908967 0.836666984537 0.524575687425
v -0.383857540438 0.842287517704 0.512085868809
v -0.239571220595 0.894112411532 0.512085868809
v -0.239571220595 0.894112411532 0.512085868809
v -0.383857540438 0.842287517704 0.512085868809
v -0.385467144265 0.845797048894 0.499808360009
v -0.240573952929 0.897833017335 0.499808360009
v -0.240573952929 0.897833017335 0.499808360009
v -0.385467144265 0.845797048894 0.499808360009
v -0.385625450225 0.846192845774 0.48642028244
v -0.240679490236 0.898228814215 0.48642028244
v -0.240679490236 0.898228814215 0.48642028244
v -0.385625450225 0.846192845774 0.48642028244
v -0.384438059585 0.843580509612 0.471639908936
v -0.239940665129 0.895458108131 0.471639908936
v -0.239940665129 0.895458108131 0.471639908936
v -0.384438059585 0.843580509612 0.471639908936
v -0.382617317182 0.839595996581 0.457586299679
v -0.23880597918 0.891209751834 0.457586299679
v -0.23880597918 0.891209751834 0.457586299679
v -0.382617317182 0.839595996581 0.457586299679
v -0.380902112087 0.83584897447 0.446366282193
v -0.237724061885 0.88725165511 0.446366282193
v -0.237724061885 0.88725165511 0.446366282193
v -0.380902112087 0.83584897447 0.446366282193
v -0.380057749673 0.833975463414 0.440098916659
v -0.237196375353 0.885272606748 0.440098916659
v 0 0.820148477227 0.611204198168
v 0 0.811625348325 0.616356907485
v -0.0777900774144 0.807878326214 0.616356907485
v -0.0786080874819 0.81637510277 0.611204198168
v 0 0.835980928084 0.601143739455
v 0 0.820148477227 0.611204198168
v -0.0786080874819 0.81637510277 0.611204198168
v -0.080112154003 0.832128368666 0.601143739455
v 0 0.855349262476 0.588151708961
v 0 0.855349262476 0.588151708961
v 0 0.835980928084 0.601143739455
v -0.080112154003 0.832128368666 0.601143739455
v -0.080112154003 0.832128368666 0.601143739455
v -0.0819856650584 0.85141758206 0.588151708961
v 0 0.874585707217 0.574208351957
v 0 0.855349262476 0.588151708961
v -0.0819856650584 0.85141758206 0.588151708961
v -0.0838327598063 0.87057484184 0.574208351957
v 0 0.889943176233 0.561289816367
v 0 0.874585707217 0.574208351957
v -0.0838327598063 0.87057484184 0.574208351957
v -0.0852840576742 0.885853125896 0.561289816367
v 0 0.901316132218 0.549383849741
v 0 0.889943176233 0.561289816367
v -0.0852840576742 0.885853125896 0.561289816367
v -0.0863923273153 0.897173313227 0.549383849741
v 0 0.911264206642 0.537077768386
v 0 0.911264206642 0.537077768386
v 0 0.901316132218 0.549383849741
v -0.0863923273153 0.897173313227 0.549383849741
v -0.0863923273153 0.897173313227 0.549383849741
v -0.0873422909968 0.907068618998 0.537077768386
v 0 0.919470659663 0.524575687425
v 0 0.911264206642 0.537077768386
v -0.0873422909968 0.907068618998 0.537077768386
v -0.0881339487187 0.915222303366 0.524575687425
v 0 0.925645295669 0.512085868809
v 0 0.919470659663 0.524575687425
v -0.0881339487187 0.915222303366 0.524575687425
v -0.0887144678659 0.921370587026 0.512085868809
v 0 0.929497855086 0.499808360009
v 0 0.925645295669 0.512085868809
v -0.0887144678659 0.921370587026 0.512085868809
v -0.0890838484382 0.925223146444 0.499808360009
v 0 0.929920068274 0.48642028244
v 0 0.929497855086 0.499808360009
v -0.0890838484382 0.925223146444 0.499808360009
v -0.0891366170914 0.925645295669 0.48642028244
v 0 0.927043888846 0.471639908936
v 0 0.929920068274 0.48642028244
v -0.0891366170914 0.925645295669 0.48642028244
v -0.0888463575179 0.922769116241 0.471639908936
v 0 0.922663578935 0.457586299679
v 0 0.927043888846 0.471639908936
v -0.0888463575179 0.922769116241 0.471639908936
v -0.0884242082923 0.918415158675 0.457586299679
v 0 0.918547112289 0.446366282193
v 0 0.922663578935 0.457586299679
v -0.0884242082923 0.918415158675 0.457586299679
v -0.0880283474503 0.914325108338 0.446366282193
v 0 0.912557198551 0.440098916659
v 0 0.918547112289 0.446366282193
v -0.0880283474503 0.914325108338 0.446366282193
v -0.0878436251831 0.912266938977 0.440098916659
v -0.0786080874819 0.81637510277 0.611204198168
v -0.0777900774144 0.807878326214 0.616356907485
v -0.21007008951 0.78397137595 0.616356907485
v -0.212260276447 0.792204245279 0.611204198168
v -0.080112154003 0.832128368666 0.601143739455
v -0.0786080874819 0.81637510277 0.611204198168
v -0.212260276447 0.792204245279 0.611204198168
v -0.21637667913 0.807482529334 0.601143739455
v -0.0819856650584 0.85141758206 0.588151708961
v -0.080112154003 0.832128368666 0.601143739455
v -0.21637667913 0.807482529334 0.601143739455
v -0.221390276842 0.826217575926 0.588151708961
v -0.0838327598063 0.87057484184 0.574208351957
v -0.0819856650584 0.85141758206 0.588151708961
v -0.221390276842 0.826217575926 0.588151708961
v -0.2263511059 0.844794316559 0.574208351957
v -0.0852840576742 0.885853125896 0.561289816367
v -0.0838327598063 0.87057484184 0.574208351957
v -0.2263511059 0.844794316559 0.574208351957
v -0.230335618931 0.859624035081 0.561289816367
v -0.0863923273153 0.897173313227 0.549383849741
v -0.0852840576742 0.885853125896 0.561289816367
v -0.230335618931 0.859624035081 0.561289816367
v -0.233264630975 0.870601194186 0.549383849741
v -0.0873422909968 0.907068618998 0.537077768386
v -0.0863923273153 0.897173313227 0.549383849741
v -0.233264630975 0.870601194186 0.549383849741
v -0.235850614791 0.880206240384 0.537077768386
v -0.0881339487187 0.915222303366 0.524575687425
v -0.0873422909968 0.907068618998 0.537077768386
v -0.235850614791 0.880206240384 0.537077768386
v -0.237961552805 0.888122433831 0.524575687425
v -0.0887144678659 0.921370587026 0.512085868809
v -0.0881339487187 0.915222303366 0.524575687425
v -0.237961552805 0.888122433831 0.524575687425
v -0.239571220595 0.894112411532 0.512085868809
v -0.0890838484382 0.925223146444 0.499808360009
v -0.0887144678659 0.921370587026 0.512085868809
v -0.239571220595 0.894112411532 0.512085868809
v -0.240573952929 0.897833017335 0.499808360009
v -0.0891366170914 0.925645295669 0.48642028244
v -0.0890838484382 0.925223146444 0.499808360009
v -0.240573952929 0.897833017335 0.499808360009
v -0.240679490236 0.898228814215 0.48642028244
v -0.0888463575179 0.922769116241 0.471639908936
v -0.0891366170914 0.925645295669 0.48642028244
v -0.240679490236 0.898228814215 0.48642028244
v -0.239940665129 0.895458108131 0.471639908936
v -0.0884242082923 0.918415158675 0.457586299679
v -0.0888463575179 0.922769116241 0.471639908936
v -0.239940665129 0.895458108131 0.471639908936
v -0.23880597918 0.891209751834 0.457586299679
v -0.0880283474503 0.914325108338 0.446366282193
v -0.0884242082923 0.918415158675 0.457586299679
v -0.23880597918 0.891209751834 0.457586299679
v -0.237724061885 0.88725165511 0.446366282193
v -0.0878436251831 0.912266938977 0.440098916659
v -0.0880283474503 0.914325108338 0.446366282193
v -0.237724061885 0.88725165511 0.446366282193
v -0.237196375353 0.885272606748 0.440098916659
v 0.0777900774144 0.807878326214 0.616356907485
v 0 0.811625348325 0.616356907485
v 0 0.820148477227 0.611204198168
v 0.0786080874819 0.81637510277 0.611204198168
v 0.0786080874819 0.81637510277 0.611204198168
v 0 0.820148477227 0.611204198168
v 0 0.835980928084 0.601143739455
v 0.080112154003 0.832128368666 0.601143739455
v 0.080112154003 0.832128368666 0.601143739455
v 0.080112154003 0.832128368666 0.601143739455
v 0 0.835980928084 0.601143739455
v 0 0.855349262476 0.588151708961
v 0 0.855349262476 0.588151708961
v 0.0819856650584 0.85141758206 0.588151708961
v 0.0819856650584 0.85141758206 0.588151708961
v 0 0.855349262476 0.588151708961
v 0 0.874585707217 0.574208351957
v 0.0838327598063 0.87057484184 0.574208351957
v 0.0838327598063 0.87057484184 0.574208351957
v 0 0.874585707217 0.574208351957
v 0 0.889943176233 0.561289816367
v 0.0852840576742 0.885853125896 0.561289816367
v 0.0852840576742 0.885853125896 0.561289816367
v 0 0.889943176233 0.561289816367
v 0 0.901316132218 0.549383849741
v 0.0863923273153 0.897173313227 0.549383849741
v 0.0863923273153 0.897173313227 0.549383849741
v 0 0.901316132218 0.549383849741
v 0 0.911264206642 0.537077768386
v 0.0873422909968 0.907068618998 0.537077768386
v 0.0873422909968 0.907068618998 0.537077768386
v 0 0.911264206642 0.537077768386
v 0 0.919470659663 0.524575687425
v 0.0881339487187 0.915222303366 0.524575687425
v 0.0881339487187 0.915222303366 0.524575687425
v 0 0.919470659663 0.524575687425
v 0 0.925645295669 0.512085868809
v 0.0887144678659 0.921370587026 0.512085868809
v 0.0887144678659 0.921370587026 0.512085868809
v 0 0.925645295669 0.512085868809
v 0 0.929497855086 0.499808360009
v 0.0890838484382 0.925223146444 0.499808360009
v 0.0890838484382 0.925223146444 0.499808360009
v 0 0.929497855086 0.499808360009
v 0 0.929920068274 0.48642028244
v 0.0891366170914 0.925645295669 0.48642028244
v 0.0891366170914 0.925645295669 0.48642028244
v 0 0.929920068274 0.48642028244
v 0 0.927043888846 0.471639908936
v 0.0888463575179 0.922769116241 0.471639908936
v 0.0888463575179 0.922769116241 0.471639908936
v 0 0.927043888846 0.471639908936
v 0 0.922663578935 0.457586299679
v 0.0884242082923 0.918415158675 0.457586299679
v 0.0884242082923 0.918415158675 0.457586299679
v 0 0.922663578935 0.457586299679
v 0 0.918547112289 0.446366282193
v 0.0880283474503 0.914325108338 0.446366282193
v 0.0880283474503 0.914325108338 0.446366282193
v 0 0.918547112289 0.446366282193
v 0 0.912557198551 0.440098916659
v 0.0878436251831 0.912266938977 0.440098916659
v 0.21007008951 0.78397137595 0.616356907485
v 0.0777900774144 0.807878326214 0.616356907485
v 0.0786080874819 0.81637510277 0.611204198168
v 0.212260276447 0.792204245279 0.611204198168
v 0.212260276447 0.792204245279 0.611204198168
v 0.0786080874819 0.81637510277 0.611204198168
v 0.080112154003 0.832128368666 0.601143739455
v 0.21637667913 0.807482529334 0.601143739455
v 0.21637667913 0.807482529334 0.601143739455
v 0.080112154003 0.832128368666 0.601143739455
v 0.0819856650584 0.85141758206 0.588151708961
v 0.221390276842 0.826217575926 0.588151708961
v 0.221390276842 0.826217575926 0.588151708961
v 0.0819856650584 0.85141758206 0.588151708961
v 0.0838327598063 0.87057484184 0.574208351957
v 0.2263511059 0.844794316559 0.574208351957
v 0.2263511059 0.844794316559 0.574208351957
v 0.0838327598063 0.87057484184 0.574208351957
v 0.0852840576742 0.885853125896 0.561289816367
v 0.230335618931 0.859624035081 0.561289816367
v 0.230335618931 0.859624035081 0.561289816367
v 0.0852840576742 0.885853125896 0.561289816367
v 0.0863923273153 0.897173313227 0.549383849741
v 0.233264630975 0.870601194186 0.549383849741
v 0.233264630975 0.870601194186 0.549383849741
v 0.0863923273153 0.897173313227 0.549383849741
v 0.0873422909968 0.907068618998 0.537077768386
v 0.235850614791 0.880206240384 0.537077768386
v 0.235850614791 0.880206240384 0.537077768386
v 0.0873422909968 0.907068618998 0.537077768386
v 0.0881339487187 0.915222303366 0.524575687425
v 0.237961552805 0.888122433831 0.524575687425
v 0.237961552805 0.888122433831 0.524575687425
v 0.0881339487187 0.915222303366 0.524575687425
v 0.0887144678659 0.921370587026 0.512085868809
v 0.239571220595 0.894112411532 0.512085868809
v 0.239571220595 0.894112411532 0.512085868809
v 0.0887144678659 0.921370587026 0.512085868809
v 0.0890838484382 0.925223146444 0.499808360009
v 0.240573952929 0.897833017335 0.499808360009
v 0.240573952929 0.897833017335 0.499808360009
v 0.0890838484382 0.925223146444 0.499808360009
v 0.0891366170914 0.925645295669 0.48642028244
v 0.240679490236 0.898228814215 0.48642028244
v 0.240679490236 0.898228814215 0.48642028244
v 0.0891366170914 0.925645295669 0.48642028244
v 0.0888463575179 0.922769116241 0.471639908936
v 0.239940665129 0.895458108131 0.471639908936
v 0.239940665129 0.895458108131 0.471639908936
v 0.0888463575179 0.922769116241 0.471639908936
v 0.0884242082923 0.918415158675 0.457586299679
v 0.23880597918 0.891209751834 0.457586299679
v 0.23880597918 0.891209751834 0.457586299679
v 0.0884242082923 0.918415158675 0.457586299679
v 0.0880283474503 0.914325108338 0.446366282193
v 0.237724061885 0.88725165511 0.446366282193
v 0.237724061885 0.88725165511 0.446366282193
v 0.0880283474503 0.914325108338 0.446366282193
v 0.0878436251831 0.912266938977 0.440098916659
v 0.237196375353 0.885272606748 0.440098916659
v 0.41008656729 0.710271348874 0.611204198168
v 0.405811858647 0.70288290592 0.616356907485
v 0.336571326442 0.738558673011 0.616356907485
v 0.340107209978 0.746316560498 0.611204198168
v 0.417976408391 0.723966445409 0.601143739455
v 0.41008656729 0.710271348874 0.611204198168
v 0.340107209978 0.746316560498 0.611204198168
v 0.346677642864 0.760697713487 0.601143739455
v 0.427686991895 0.740775212293 0.588151708961
v 0.417976408391 0.723966445409 0.601143739455
v 0.346677642864 0.760697713487 0.601143739455
v 0.35469943758 0.778350842784 0.588151708961
v 0.437291974131 0.757425673217 0.574208351957
v 0.427686991895 0.740775212293 0.588151708961
v 0.35469943758 0.778350842784 0.588151708961
v 0.362694815988 0.795845730083 0.574208351957
v 0.44497074062 0.77072490891 0.561289816367
v 0.437291974131 0.757425673217 0.574208351957
v 0.362694815988 0.795845730083 0.574208351957
v 0.369054174261 0.809804605923 0.561289816367
v 0.45064404244 0.780567382066 0.549383849741
v 0.44497074062 0.77072490891 0.561289816367
v 0.369054174261 0.809804605923 0.561289816367
v 0.373777512399 0.820174893535 0.549383849741
v 0.455631223844 0.789169695929 0.537077768386
v 0.45064404244 0.780567382066 0.549383849741
v 0.373777512399 0.820174893535 0.549383849741
v 0.377893979044 0.829199356623 0.537077768386
v 0.459721274181 0.796267879309 0.524575687425
v 0.455631223844 0.789169695929 0.537077768386
v 0.377893979044 0.829199356623 0.537077768386
v 0.381297908967 0.836666984537 0.524575687425
v 0.462808592184 0.801624569209 0.512085868809
v 0.459721274181 0.796267879309 0.524575687425
v 0.381297908967 0.836666984537 0.524575687425
v 0.383857540438 0.842287517704 0.512085868809
v 0.4647612882 0.804975730478 0.499808360009
v 0.462808592184 0.801624569209 0.512085868809
v 0.383857540438 0.842287517704 0.512085868809
v 0.385467144265 0.845797048894 0.499808360009
v 0.464946010468 0.805345175013 0.48642028244
v 0.4647612882 0.804975730478 0.499808360009
v 0.385467144265 0.845797048894 0.499808360009
v 0.385625450225 0.846192845774 0.48642028244
v 0.463521064945 0.802838376157 0.471639908936
v 0.463521064945 0.802838376157 0.471639908936
v 0.464946010468 0.805345175013 0.48642028244
v 0.385625450225 0.846192845774 0.48642028244
v 0.385625450225 0.846192845774 0.48642028244
v 0.384438059585 0.843580509612 0.471639908936
v 0.461330941971 0.799038585393 0.457586299679
v 0.463521064945 0.802838376157 0.471639908936
v 0.384438059585 0.843580509612 0.471639908936
v 0.382617317182 0.839595996581 0.457586299679
v 0.459272708648 0.795476285549 0.446366282193
v 0.461330941971 0.799038585393 0.457586299679
v 0.382617317182 0.839595996581 0.457586299679
v 0.380902112087 0.83584897447 0.446366282193
v 0.456290927952 0.790304317916 0.440098916659
v 0.459272708648 0.795476285549 0.446366282193
v 0.380902112087 0.83584897447 0.446366282193
v 0.380057749673 0.833975463414 0.440098916659
v 0.340107209978 0.746316560498 0.611204198168
v 0.336571326442 0.738558673011 0.616356907485
v 0.21007008951 0.78397137595 0.616356907485
v 0.212260276447 0.792204245279 0.611204198168
v 0.346677642864 0.760697713487 0.601143739455
v 0.340107209978 0.746316560498 0.611204198168
v 0.212260276447 0.792204245279 0.611204198168
v 0.21637667913 0.807482529334 0.601143739455
v 0.35469943758 0.778350842784 0.588151708961
v 0.346677642864 0.760697713487 0.601143739455
v 0.21637667913 0.807482529334 0.601143739455
v 0.221390276842 0.826217575926 0.588151708961
v 0.362694815988 0.795845730083 0.574208351957
v 0.35469943758 0.778350842784 0.588151708961
v 0.221390276842 0.826217575926 0.588151708961
v 0.2263511059 0.844794316559 0.574208351957
v 0.369054174261 0.809804605923 0.561289816367
v 0.362694815988 0.795845730083 0.574208351957
v 0.2263511059 0.844794316559 0.574208351957
v 0.230335618931 0.859624035081 0.561289816367
v 0.373777512399 0.820174893535 0.549383849741
v 0.369054174261 0.809804605923 0.561289816367
v 0.230335618931 0.859624035081 0.561289816367
v 0.233264630975 0.870601194186 0.549383849741
v 0.377893979044 0.829199356623 0.537077768386
v 0.373777512399 0.820174893535 0.549383849741
v 0.233264630975 0.870601194186 0.549383849741
v 0.235850614791 0.880206240384 0.537077768386
v 0.381297908967 0.836666984537 0.524575687425
v 0.377893979044 0.829199356623 0.537077768386
v 0.235850614791 0.880206240384 0.537077768386
v 0.237961552805 0.888122433831 0.524575687425
v 0.383857540438 0.842287517704 0.512085868809
v 0.381297908967 0.836666984537 0.524575687425
v 0.237961552805 0.888122433831 0.524575687425
v 0.239571220595 0.894112411532 0.512085868809
v 0.385467144265 0.845797048894 0.499808360009
v 0.383857540438 0.842287517704 0.512085868809
v 0.239571220595 0.894112411532 0.512085868809
v 0.240573952929 0.897833017335 0.499808360009
v 0.385625450225 0.846192845774 0.48642028244
v 0.385467144265 0.845797048894 0.499808360009
v 0.240573952929 0.897833017335 0.499808360009
v 0.240679490236 0.898228814215 0.48642028244
v 0.384438059585 0.843580509612 0.471639908936
v 0.385625450225 0.846192845774 0.48642028244
v 0.240679490236 0.898228814215 0.48642028244
v 0.239940665129 0.895458108131 0.471639908936
v 0.382617317182 0.839595996581 0.457586299679
v 0.384438059585 0.843580509612 0.471639908936
v 0.239940665129 0.895458108131 0.471639908936
v 0.23880597918 0.891209751834 0.457586299679
v 0.380902112087 0.83584897447 0.446366282193
v 0.382617317182 0.839595996581 0.457586299679
v 0.23880597918 0.891209751834 0.457586299679
v 0.237724061885 0.88725165511 0.446366282193
v 0.380057749673 0.833975463414 0.440098916659
v 0.380902112087 0.83584897447 0.446366282193
v 0.237724061885 0.88725165511 0.446366282193
v 0.237196375353 0.885272606748 0.440098916659
v 0.471305368741 0.660768595596 0.616356907485
v 0.405811858647 0.70288290592 0.616356907485
v 0.41008656729 0.710271348874 0.611204198168
v 0.476266197799 0.667708473016 0.611204198168
v 0.476266197799 0.667708473016 0.611204198168
v 0.41008656729 0.710271348874 0.611204198168
v 0.417976408391 0.723966445409 0.601143739455
v 0.485449030809 0.680585559484 0.601143739455
v 0.485449030809 0.680585559484 0.601143739455
v 0.417976408391 0.723966445409 0.601143739455
v 0.427686991895 0.740775212293 0.588151708961
v 0.496716449487 0.696365177726 0.588151708961
v 0.496716449487 0.696365177726 0.588151708961
v 0.427686991895 0.740775212293 0.588151708961
v 0.437291974131 0.757425673217 0.574208351957
v 0.507878330859 0.712012906315 0.574208351957
v 0.507878330859 0.712012906315 0.574208351957
v 0.437291974131 0.757425673217 0.574208351957
v 0.44497074062 0.77072490891 0.561289816367
v 0.516797256641 0.724520548248 0.561289816367
v 0.516797256641 0.724520548248 0.561289816367
v 0.44497074062 0.77072490891 0.561289816367
v 0.45064404244 0.780567382066 0.549383849741
v 0.523394105835 0.733782566219 0.549383849741
v 0.523394105835 0.733782566219 0.549383849741
v 0.45064404244 0.780567382066 0.549383849741
v 0.455631223844 0.789169695929 0.537077768386
v 0.529172944961 0.741857065626 0.537077768386
v 0.529172944961 0.741857065626 0.537077768386
v 0.455631223844 0.789169695929 0.537077768386
v 0.459721274181 0.796267879309 0.524575687425
v 0.533922635444 0.748559452126 0.524575687425
v 0.533922635444 0.748559452126 0.524575687425
v 0.459721274181 0.796267879309 0.524575687425
v 0.462808592184 0.801624569209 0.512085868809
v 0.537511351596 0.7535731138 0.512085868809
v 0.537511351596 0.7535731138 0.512085868809
v 0.537511351596 0.7535731138 0.512085868809
v 0.462808592184 0.801624569209 0.512085868809
v 0.4647612882 0.804975730478 0.499808360009
v 0.4647612882 0.804975730478 0.499808360009
v 0.539754307185 0.756713200456 0.499808360009
v 0.539754307185 0.756713200456 0.499808360009
v 0.4647612882 0.804975730478 0.499808360009
v 0.464946010468 0.805345175013 0.48642028244
v 0.540018150451 0.757056228683 0.48642028244
v 0.540018150451 0.757056228683 0.48642028244
v 0.464946010468 0.805345175013 0.48642028244
v 0.463521064945 0.802838376157 0.471639908936
v 0.538329361663 0.754734152094 0.471639908936
v 0.538329361663 0.754734152094 0.471639908936
v 0.463521064945 0.802838376157 0.471639908936
v 0.461330941971 0.799038585393 0.457586299679
v 0.5357961465 0.751145435943 0.457586299679
v 0.5357961465 0.751145435943 0.457586299679
v 0.461330941971 0.799038585393 0.457586299679
v 0.459272708648 0.795476285549 0.446366282193
v 0.533394948912 0.747794274674 0.446366282193
v 0.533394948912 0.747794274674 0.446366282193
v 0.459272708648 0.795476285549 0.446366282193
v 0.456290927952 0.790304317916 0.440098916659
v 0.53220749431 0.746131838231 0.440098916659
v 0.573899591447 0.57390128644 0.616356907485
v 0.471305368741 0.660768595596 0.616356907485
v 0.476266197799 0.667708473016 0.611204198168
v 0.579942273839 0.579943968832 0.611204198168
v 0.579942273839 0.579943968832 0.611204198168
v 0.476266197799 0.667708473016 0.611204198168
v 0.485449030809 0.680585559484 0.601143739455
v 0.591130571518 0.591132266511 0.601143739455
v 0.591130571518 0.591132266511 0.601143739455
v 0.485449030809 0.680585559484 0.601143739455
v 0.496716449487 0.696365177726 0.588151708961
v 0.604825604092 0.604827299085 0.588151708961
v 0.604825604092 0.604827299085 0.588151708961
v 0.496716449487 0.696365177726 0.588151708961
v 0.507878330859 0.712012906315 0.574208351957
v 0.618415099359 0.618416794352 0.574208351957
v 0.618415099359 0.618416794352 0.574208351957
v 0.507878330859 0.712012906315 0.574208351957
v 0.516797256641 0.724520548248 0.561289816367
v 0.629286721157 0.62928841615 0.561289816367
v 0.629286721157 0.62928841615 0.561289816367
v 0.516797256641 0.724520548248 0.561289816367
v 0.523394105835 0.733782566219 0.549383849741
v 0.637334868218 0.637336563211 0.549383849741
v 0.637334868218 0.637336563211 0.549383849741
v 0.523394105835 0.733782566219 0.549383849741
v 0.529172944961 0.741857065626 0.537077768386
v 0.644353930599 0.644355625592 0.537077768386
v 0.644353930599 0.644355625592 0.537077768386
v 0.529172944961 0.741857065626 0.537077768386
v 0.533922635444 0.748559452126 0.524575687425
v 0.650159186033 0.650160881026 0.524575687425
v 0.650159186033 0.650160881026 0.524575687425
v 0.650159186033 0.650160881026 0.524575687425
v 0.533922635444 0.748559452126 0.524575687425
v 0.537511351596 0.7535731138 0.512085868809
v 0.537511351596 0.7535731138 0.512085868809
v 0.654539495944 0.654541190937 0.512085868809
v 0.654539495944 0.654541190937 0.512085868809
v 0.537511351596 0.7535731138 0.512085868809
v 0.539754307185 0.756713200456 0.499808360009
v 0.657257369413 0.657259064406 0.499808360009
v 0.657257369413 0.657259064406 0.499808360009
v 0.539754307185 0.756713200456 0.499808360009
v 0.540018150451 0.757056228683 0.48642028244
v 0.657547628986 0.657549323979 0.48642028244
v 0.657547628986 0.657549323979 0.48642028244
v 0.540018150451 0.757056228683 0.48642028244
v 0.538329361663 0.754734152094 0.471639908936
v 0.655515811971 0.655517506964 0.471639908936
v 0.655515811971 0.655517506964 0.471639908936
v 0.655515811971 0.655517506964 0.471639908936
v 0.538329361663 0.754734152094 0.471639908936
v 0.5357961465 0.751145435943 0.457586299679
v 0.5357961465 0.751145435943 0.457586299679
v 0.652428493968 0.652430188961 0.457586299679
v 0.652428493968 0.652430188961 0.457586299679
v 0.5357961465 0.751145435943 0.457586299679
v 0.533394948912 0.747794274674 0.446366282193
v 0.649499481925 0.649501176918 0.446366282193
v 0.649499481925 0.649501176918 0.446366282193
v 0.533394948912 0.747794274674 0.446366282193
v 0.53220749431 0.746131838231 0.440098916659
v 0.648048184057 0.64804987905 0.440098916659
v 0.710269653881 0.410088262283 0.611204198168
v 0.702881210927 0.40581355364 0.616356907485
v 0.660766900603 0.471307063734 0.616356907485
v 0.667706778023 0.476267892792 0.611204198168
v 0.723964750416 0.417978103385 0.601143739455
v 0.710269653881 0.410088262283 0.611204198168
v 0.667706778023 0.476267892792 0.611204198168
v 0.680583864491 0.485450725802 0.601143739455
v 0.7407735173 0.427688686889 0.588151708961
v 0.723964750416 0.417978103385 0.601143739455
v 0.680583864491 0.485450725802 0.601143739455
v 0.696363482732 0.49671814448 0.588151708961
v 0.757423978224 0.437293669124 0.574208351957
v 0.7407735173 0.427688686889 0.588151708961
v 0.696363482732 0.49671814448 0.588151708961
v 0.712011211322 0.507880025852 0.574208351957
v 0.770723213917 0.444972435613 0.561289816367
v 0.757423978224 0.437293669124 0.574208351957
v 0.712011211322 0.507880025852 0.574208351957
v 0.724518853255 0.516798951634 0.561289816367
v 0.780565687073 0.450645737433 0.549383849741
v 0.770723213917 0.444972435613 0.561289816367
v 0.724518853255 0.516798951634 0.561289816367
v 0.733780871226 0.523395800828 0.549383849741
v 0.789168000936 0.455632918837 0.537077768386
v 0.789168000936 0.455632918837 0.537077768386
v 0.780565687073 0.450645737433 0.549383849741
v 0.733780871226 0.523395800828 0.549383849741
v 0.733780871226 0.523395800828 0.549383849741
v 0.741855370633 0.529174639954 0.537077768386
v 0.796266184316 0.459722969174 0.524575687425
v 0.789168000936 0.455632918837 0.537077768386
v 0.741855370633 0.529174639954 0.537077768386
v 0.748557757133 0.533924330437 0.524575687425
v 0.801622874216 0.462810287177 0.512085868809
v 0.796266184316 0.459722969174 0.524575687425
v 0.748557757133 0.533924330437 0.524575687425
v 0.753571418807 0.537513046589 0.512085868809
v 0.804974035485 0.464736566886 0.499808360009
v 0.804974035485 0.464736566886 0.499808360009
v 0.801622874216 0.462810287177 0.512085868809
v 0.753571418807 0.537513046589 0.512085868809
v 0.753571418807 0.537513046589 0.512085868809
v 0.756711505463 0.539756002179 0.499808360009
v 0.80534348002 0.464947705461 0.48642028244
v 0.804974035485 0.464736566886 0.499808360009
v 0.756711505463 0.539756002179 0.499808360009
v 0.757054533689 0.540019845445 0.48642028244
v 0.802836681164 0.463522759938 0.471639908936
v 0.80534348002 0.464947705461 0.48642028244
v 0.757054533689 0.540019845445 0.48642028244
v 0.754732457101 0.538331056656 0.471639908936
v 0.7990368904 0.461332636964 0.457586299679
v 0.802836681164 0.463522759938 0.471639908936
v 0.754732457101 0.538331056656 0.471639908936
v 0.75114374095 0.535797841493 0.457586299679
v 0.795474590556 0.459274403641 0.446366282193
v 0.7990368904 0.461332636964 0.457586299679
v 0.75114374095 0.535797841493 0.457586299679
v 0.747792579681 0.533396643905 0.446366282193
v 0.790302622923 0.456292622945 0.440098916659
v 0.795474590556 0.459274403641 0.446366282193
v 0.747792579681 0.533396643905 0.446366282193
v 0.746130143238 0.532209189304 0.440098916659
v 0.667706778023 0.476267892792 0.611204198168
v 0.660766900603 0.471307063734 0.616356907485
v 0.573899591447 0.57390128644 0.616356907485
v 0.579942273839 0.579943968832 0.611204198168
v 0.680583864491 0.485450725802 0.601143739455
v 0.667706778023 0.476267892792 0.611204198168
v 0.579942273839 0.579943968832 0.611204198168
v 0.591130571518 0.591132266511 0.601143739455
v 0.696363482732 0.49671814448 0.588151708961
v 0.680583864491 0.485450725802 0.601143739455
v 0.591130571518 0.591132266511 0.601143739455
v 0.604825604092 0.604827299085 0.588151708961
v 0.712011211322 0.507880025852 0.574208351957
v 0.696363482732 0.49671814448 0.588151708961
v 0.604825604092 0.604827299085 0.588151708961
v 0.618415099359 0.618416794352 0.574208351957
v 0.724518853255 0.516798951634 0.561289816367
v 0.712011211322 0.507880025852 0.574208351957
v 0.618415099359 0.618416794352 0.574208351957
v 0.629286721157 0.62928841615 0.561289816367
v 0.733780871226 0.523395800828 0.549383849741
v 0.724518853255 0.516798951634 0.561289816367
v 0.629286721157 0.62928841615 0.561289816367
v 0.637334868218 0.637336563211 0.549383849741
v 0.741855370633 0.529174639954 0.537077768386
v 0.733780871226 0.523395800828 0.549383849741
v 0.637334868218 0.637336563211 0.549383849741
v 0.644353930599 0.644355625592 0.537077768386
v 0.748557757133 0.533924330437 0.524575687425
v 0.748557757133 0.533924330437 0.524575687425
v 0.741855370633 0.529174639954 0.537077768386
v 0.644353930599 0.644355625592 0.537077768386
v 0.644353930599 0.644355625592 0.537077768386
v 0.650159186033 0.650160881026 0.524575687425
v 0.753571418807 0.537513046589 0.512085868809
v 0.753571418807 0.537513046589 0.512085868809
v 0.748557757133 0.533924330437 0.524575687425
v 0.650159186033 0.650160881026 0.524575687425
v 0.650159186033 0.650160881026 0.524575687425
v 0.654539495944 0.654541190937 0.512085868809
v 0.756711505463 0.539756002179 0.499808360009
v 0.753571418807 0.537513046589 0.512085868809
v 0.654539495944 0.654541190937 0.512085868809
v 0.657257369413 0.657259064406 0.499808360009
v 0.757054533689 0.540019845445 0.48642028244
v 0.756711505463 0.539756002179 0.499808360009
v 0.657257369413 0.657259064406 0.499808360009
v 0.657547628986 0.657549323979 0.48642028244
v 0.754732457101 0.538331056656 0.471639908936
v 0.757054533689 0.540019845445 0.48642028244
v 0.657547628986 0.657549323979 0.48642028244
v 0.655515811971 0.655517506964 0.471639908936
v 0.75114374095 0.535797841493 0.457586299679
v 0.75114374095 0.535797841493 0.457586299679
v 0.754732457101 0.538331056656 0.471639908936
v 0.655515811971 0.655517506964 0.471639908936
v 0.655515811971 0.655517506964 0.471639908936
v 0.652428493968 0.652430188961 0.457586299679
v 0.747792579681 0.533396643905 0.446366282193
v 0.75114374095 0.535797841493 0.457586299679
v 0.652428493968 0.652430188961 0.457586299679
v 0.649499481925 0.649501176918 0.446366282193
v 0.746130143238 0.532209189304 0.440098916659
v 0.747792579681 0.533396643905 0.446366282193
v 0.649499481925 0.649501176918 0.446366282193
v 0.648048184057 0.64804987905 0.440098916659
v 0.738556978017 0.336573021435 0.616356907485
v 0.702881210927 0.40581355364 0.616356907485
v 0.710269653881 0.410088262283 0.611204198168
v 0.746314865505 0.340108904971 0.611204198168
v 0.746314865505 0.340108904971 0.611204198168
v 0.710269653881 0.410088262283 0.611204198168
v 0.723964750416 0.417978103385 0.601143739455
v 0.760696018494 0.346679337857 0.601143739455
v 0.760696018494 0.346679337857 0.601143739455
v 0.723964750416 0.417978103385 0.601143739455
v 0.7407735173 0.427688686889 0.588151708961
v 0.778349147791 0.354701132573 0.588151708961
v 0.778349147791 0.354701132573 0.588151708961
v 0.7407735173 0.427688686889 0.588151708961
v 0.757423978224 0.437293669124 0.574208351957
v 0.79584403509 0.362696510981 0.574208351957
v 0.79584403509 0.362696510981 0.574208351957
v 0.757423978224 0.437293669124 0.574208351957
v 0.770723213917 0.444972435613 0.561289816367
v 0.80980291093 0.369055869254 0.561289816367
v 0.80980291093 0.369055869254 0.561289816367
v 0.770723213917 0.444972435613 0.561289816367
v 0.780565687073 0.450645737433 0.549383849741
v 0.820173198541 0.373779207392 0.549383849741
v 0.820173198541 0.373779207392 0.549383849741
v 0.780565687073 0.450645737433 0.549383849741
v 0.789168000936 0.455632918837 0.537077768386
v 0.82919766163 0.377895674038 0.537077768386
v 0.82919766163 0.377895674038 0.537077768386
v 0.789168000936 0.455632918837 0.537077768386
v 0.796266184316 0.459722969174 0.524575687425
v 0.836665289544 0.38129960396 0.524575687425
v 0.836665289544 0.38129960396 0.524575687425
v 0.796266184316 0.459722969174 0.524575687425
v 0.801622874216 0.462810287177 0.512085868809
v 0.84228582271 0.383859235431 0.512085868809
v 0.84228582271 0.383859235431 0.512085868809
v 0.801622874216 0.462810287177 0.512085868809
v 0.804974035485 0.464736566886 0.499808360009
v 0.845795353901 0.385468839258 0.499808360009
v 0.845795353901 0.385468839258 0.499808360009
v 0.804974035485 0.464736566886 0.499808360009
v 0.80534348002 0.464947705461 0.48642028244
v 0.846191150781 0.385627145218 0.48642028244
v 0.846191150781 0.385627145218 0.48642028244
v 0.80534348002 0.464947705461 0.48642028244
v 0.802836681164 0.463522759938 0.471639908936
v 0.843578814619 0.384439754578 0.471639908936
v 0.843578814619 0.384439754578 0.471639908936
v 0.802836681164 0.463522759938 0.471639908936
v 0.7990368904 0.461332636964 0.457586299679
v 0.839594301587 0.382619012176 0.457586299679
v 0.839594301587 0.382619012176 0.457586299679
v 0.7990368904 0.461332636964 0.457586299679
v 0.795474590556 0.459274403641 0.446366282193
v 0.835847279477 0.38090380708 0.446366282193
v 0.835847279477 0.38090380708 0.446366282193
v 0.795474590556 0.459274403641 0.446366282193
v 0.790302622923 0.456292622945 0.440098916659
v 0.833973768421 0.380059444667 0.440098916659
v 0.783969680957 0.210071784503 0.616356907485
v 0.738556978017 0.336573021435 0.616356907485
v 0.746314865505 0.340108904971 0.611204198168
v 0.792202550286 0.21226197144 0.611204198168
v 0.792202550286 0.21226197144 0.611204198168
v 0.746314865505 0.340108904971 0.611204198168
v 0.760696018494 0.346679337857 0.601143739455
v 0.807480834341 0.216378374123 0.601143739455
v 0.807480834341 0.216378374123 0.601143739455
v 0.760696018494 0.346679337857 0.601143739455
v 0.778349147791 0.354701132573 0.588151708961
v 0.826215880933 0.221391971835 0.588151708961
v 0.826215880933 0.221391971835 0.588151708961
v 0.778349147791 0.354701132573 0.588151708961
v 0.79584403509 0.362696510981 0.574208351957
v 0.844792621566 0.226352800893 0.574208351957
v 0.844792621566 0.226352800893 0.574208351957
v 0.79584403509 0.362696510981 0.574208351957
v 0.80980291093 0.369055869254 0.561289816367
v 0.859622340088 0.230337313924 0.561289816367
v 0.859622340088 0.230337313924 0.561289816367
v 0.80980291093 0.369055869254 0.561289816367
v 0.820173198541 0.373779207392 0.549383849741
v 0.870599499193 0.233266325968 0.549383849741
v 0.870599499193 0.233266325968 0.549383849741
v 0.820173198541 0.373779207392 0.549383849741
v 0.82919766163 0.377895674038 0.537077768386
v 0.880204545391 0.235852309784 0.537077768386
v 0.880204545391 0.235852309784 0.537077768386
v 0.82919766163 0.377895674038 0.537077768386
v 0.836665289544 0.38129960396 0.524575687425
v 0.888120738838 0.237963247798 0.524575687425
v 0.888120738838 0.237963247798 0.524575687425
v 0.836665289544 0.38129960396 0.524575687425
v 0.84228582271 0.383859235431 0.512085868809
v 0.894110716539 0.239572915588 0.512085868809
v 0.894110716539 0.239572915588 0.512085868809
v 0.84228582271 0.383859235431 0.512085868809
v 0.845795353901 0.385468839258 0.499808360009
v 0.897831322342 0.240575647922 0.499808360009
v 0.897831322342 0.240575647922 0.499808360009
v 0.845795353901 0.385468839258 0.499808360009
v 0.846191150781 0.385627145218 0.48642028244
v 0.898227119222 0.240681185229 0.48642028244
v 0.898227119222 0.240681185229 0.48642028244
v 0.846191150781 0.385627145218 0.48642028244
v 0.843578814619 0.384439754578 0.471639908936
v 0.895456413138 0.239942360122 0.471639908936
v 0.895456413138 0.239942360122 0.471639908936
v 0.843578814619 0.384439754578 0.471639908936
v 0.839594301587 0.382619012176 0.457586299679
v 0.891208056841 0.238807674173 0.457586299679
v 0.891208056841 0.238807674173 0.457586299679
v 0.839594301587 0.382619012176 0.457586299679
v 0.835847279477 0.38090380708 0.446366282193
v 0.887249960117 0.237725756878 0.446366282193
v 0.887249960117 0.237725756878 0.446366282193
v 0.835847279477 0.38090380708 0.446366282193
v 0.833973768421 0.380059444667 0.440098916659
v 0.885270911755 0.237198070346 0.440098916659
v 0.820146782234 1.6949931026e-06 0.611204198168
v 0.811623653332 1.6949931026e-06 0.616356907485
v 0.807876631221 0.0777917724075 0.616356907485
v 0.816373407777 0.078609782475 0.611204198168
v 0.835979233091 1.6949931026e-06 0.601143739455
v 0.820146782234 1.6949931026e-06 0.611204198168
v 0.816373407777 0.078609782475 0.611204198168
v 0.832126673673 0.0801138489961 0.601143739455
v 0.855347567483 1.6949931026e-06 0.588151708961
v 0.855347567483 1.6949931026e-06 0.588151708961
v 0.835979233091 1.6949931026e-06 0.601143739455
v 0.832126673673 0.0801138489961 0.601143739455
v 0.832126673673 0.0801138489961 0.601143739455
v 0.851415887067 0.0819873600515 0.588151708961
v 0.874584012224 1.6949931026e-06 0.574208351957
v 0.855347567483 1.6949931026e-06 0.588151708961
v 0.851415887067 0.0819873600515 0.588151708961
v 0.870573146847 0.0838344547994 0.574208351957
v 0.88994148124 1.6949931026e-06 0.561289816367
v 0.874584012224 1.6949931026e-06 0.574208351957
v 0.870573146847 0.0838344547994 0.574208351957
v 0.885851430902 0.0852857526673 0.561289816367
v 0.901314437225 1.6949931026e-06 0.549383849741
v 0.88994148124 1.6949931026e-06 0.561289816367
v 0.885851430902 0.0852857526673 0.561289816367
v 0.897171618234 0.0863940223084 0.549383849741
v 0.911262511649 1.6949931026e-06 0.537077768386
v 0.901314437225 1.6949931026e-06 0.549383849741
v 0.897171618234 0.0863940223084 0.549383849741
v 0.907066924005 0.0873439859899 0.537077768386
v 0.91946896467 1.6949931026e-06 0.524575687425
v 0.911262511649 1.6949931026e-06 0.537077768386
v 0.907066924005 0.0873439859899 0.537077768386
v 0.915220608373 0.0881356437118 0.524575687425
v 0.925643600676 1.6949931026e-06 0.512085868809
v 0.91946896467 1.6949931026e-06 0.524575687425
v 0.915220608373 0.0881356437118 0.524575687425
v 0.921368892033 0.088716162859 0.512085868809
v 0.929496160093 1.6949931026e-06 0.499808360009
v 0.925643600676 1.6949931026e-06 0.512085868809
v 0.921368892033 0.088716162859 0.512085868809
v 0.92522145145 0.0890855434313 0.499808360009
v 0.929918373281 1.6949931026e-06 0.48642028244
v 0.929496160093 1.6949931026e-06 0.499808360009
v 0.92522145145 0.0890855434313 0.499808360009
v 0.925643600676 0.0891383120845 0.48642028244
v 0.927042193853 1.6949931026e-06 0.471639908936
v 0.929918373281 1.6949931026e-06 0.48642028244
v 0.925643600676 0.0891383120845 0.48642028244
v 0.922767421248 0.088848052511 0.471639908936
v 0.922661883941 1.6949931026e-06 0.457586299679
v 0.927042193853 1.6949931026e-06 0.471639908936
v 0.922767421248 0.088848052511 0.471639908936
v 0.918413463682 0.0884259032854 0.457586299679
v 0.918545417296 1.6949931026e-06 0.446366282193
v 0.922661883941 1.6949931026e-06 0.457586299679
v 0.918413463682 0.0884259032854 0.457586299679
v 0.914323413345 0.0880300424434 0.446366282193
v 0.912555503557 1.6949931026e-06 0.440098916659
v 0.918545417296 1.6949931026e-06 0.446366282193
v 0.914323413345 0.0880300424434 0.446366282193
v 0.912265243984 0.0878453201762 0.440098916659
v 0.816373407777 0.078609782475 0.611204198168
v 0.807876631221 0.0777917724075 0.616356907485
v 0.783969680957 0.210071784503 0.616356907485
v 0.792202550286 0.21226197144 0.611204198168
v 0.832126673673 0.0801138489961 0.601143739455
v 0.816373407777 0.078609782475 0.611204198168
v 0.792202550286 0.21226197144 0.611204198168
v 0.807480834341 0.216378374123 0.601143739455
v 0.851415887067 0.0819873600515 0.588151708961
v 0.832126673673 0.0801138489961 0.601143739455
v 0.807480834341 0.216378374123 0.601143739455
v 0.826215880933 0.221391971835 0.588151708961
v 0.870573146847 0.0838344547994 0.574208351957
v 0.851415887067 0.0819873600515 0.588151708961
v 0.826215880933 0.221391971835 0.588151708961
v 0.844792621566 0.226352800893 0.574208351957
v 0.885851430902 0.0852857526673 0.561289816367
v 0.870573146847 0.0838344547994 0.574208351957
v 0.844792621566 0.226352800893 0.574208351957
v 0.859622340088 0.230337313924 0.561289816367
v 0.897171618234 0.0863940223084 0.549383849741
v 0.885851430902 0.0852857526673 0.561289816367
v 0.859622340088 0.230337313924 0.561289816367
v 0.870599499193 0.233266325968 0.549383849741
v 0.907066924005 0.0873439859899 0.537077768386
v 0.897171618234 0.0863940223084 0.549383849741
v 0.870599499193 0.233266325968 0.549383849741
v 0.880204545391 0.235852309784 0.537077768386
v 0.915220608373 0.0881356437118 0.524575687425
v 0.907066924005 0.0873439859899 0.537077768386
v 0.880204545391 0.235852309784 0.537077768386
v 0.888120738838 0.237963247798 0.524575687425
v 0.921368892033 0.088716162859 0.512085868809
v 0.915220608373 0.0881356437118 0.524575687425
v 0.888120738838 0.237963247798 0.524575687425
v 0.894110716539 0.239572915588 0.512085868809
v 0.92522145145 0.0890855434313 0.499808360009
v 0.921368892033 0.088716162859 0.512085868809
v 0.894110716539 0.239572915588 0.512085868809
v 0.897831322342 0.240575647922 0.499808360009
v 0.925643600676 0.0891383120845 0.48642028244
v 0.92522145145 0.0890855434313 0.499808360009
v 0.897831322342 0.240575647922 0.499808360009
v 0.898227119222 0.240681185229 0.48642028244
v 0.922767421248 0.088848052511 0.471639908936
v 0.925643600676 0.0891383120845 0.48642028244
v 0.898227119222 0.240681185229 0.48642028244
v 0.895456413138 0.239942360122 0.471639908936
v 0.918413463682 0.0884259032854 0.457586299679
v 0.922767421248 0.088848052511 0.471639908936
v 0.895456413138 0.239942360122 0.471639908936
v 0.891208056841 0.238807674173 0.457586299679
v 0.914323413345 0.0880300424434 0.446366282193
v 0.918413463682 0.0884259032854 0.457586299679
v 0.891208056841 0.238807674173 0.457586299679
v 0.887249960117 0.237725756878 0.446366282193
v 0.912265243984 0.0878453201762 0.440098916659
v 0.914323413345 0.0880300424434 0.446366282193
v 0.887249960117 0.237725756878 0.446366282193
v 0.885270911755 0.237198070346 0.440098916659
vn -0.517010892262 0.0248434505753 -0.855618221081
vn -0.517010892262 0.0248434505753 -0.855618221081
vn -0.517010892262 0.0248434505753 -0.855618221081
vn -0.517010892262 0.0248434505753 -0.855618221081
vn -0.536538284089 0.0257600309017 -0.843482715006
vn -0.536538284089 0.0257600309017 -0.843482715006
vn -0.536538284089 0.0257600309017 -0.843482715006
vn -0.536538284089 0.0257600309017 -0.843482715006
vn -0.556549210842 0.0267038426075 -0.830385380833
vn -0.55654835938 0.0267609821797 -0.830384112026
vn -0.55654835938 0.0267609821797 -0.830384112026
vn -0.55654835938 0.0267609821797 -0.830384112026
vn -0.556549210842 0.0267038426075 -0.830385380833
vn -0.556549210842 0.0267038426075 -0.830385380833
vn -0.586722502443 0.0281679642738 -0.80929801119
vn -0.586722502443 0.0281679642738 -0.80929801119
vn -0.586722502443 0.0281679642738 -0.80929801119
vn -0.586722502443 0.0281679642738 -0.80929801119
vn -0.643432330323 0.0309140914384 -0.764878523195
vn -0.643432330323 0.0309140914384 -0.764878523195
vn -0.643432330323 0.0309140914384 -0.764878523195
vn -0.643432330323 0.0309140914384 -0.764878523195
vn -0.722779780802 0.0347455141358 -0.690204417337
vn -0.722779780802 0.0347455141358 -0.690204417337
vn -0.722779780802 0.0347455141358 -0.690204417337
vn -0.722779780802 0.0347455141358 -0.690204417337
vn -0.777587123552 0.0373417523712 -0.627665403552
vn -0.777587123552 0.0373417523712 -0.627665403552
vn -0.777587123552 0.0373417523712 -0.627665403552
vn -0.777587123552 0.0373417523712 -0.627665403552
vn -0.835134530839 0.0400884710641 -0.548582928906
vn -0.835134530839 0.0400884710641 -0.548582928906
vn -0.835134530839 0.0400884710641 -0.548582928906
vn -0.835134530839 0.0400884710641 -0.548582928906
vn -0.895334472738 0.0429731755629 -0.443316464966
vn -0.895334472738 0.0429731755629 -0.443316464966
vn -0.895334472738 0.0429731755629 -0.443316464966
vn -0.895334472738 0.0429731755629 -0.443316464966
vn -0.953026744705 0.0457552218463 -0.299410226195
vn -0.953026744705 0.0457552218463 -0.299410226195
vn -0.953026744705 0.0457552218463 -0.299410226195
vn -0.953026744705 0.0457552218463 -0.299410226195
vn -0.998346714373 0.0479782130791 -0.0316532615916
vn -0.998346714373 0.0479782130791 -0.0316532615916
vn -0.998346714373 0.0479782130791 -0.0316532615916
vn -0.998346714373 0.0479782130791 -0.0316532615916
vn -0.980451227012 0.0471370796381 0.191032686138
vn -0.980451227012 0.0471370796381 0.191032686138
vn -0.980451227012 0.0471370796381 0.191032686138
vn -0.980451227012 0.0471370796381 0.191032686138
vn -0.953554009194 0.0457805315375 0.297722848438
vn -0.953554009194 0.0457805315375 0.297722848438
vn -0.953554009194 0.0457805315375 0.297722848438
vn -0.953554009194 0.0457805315375 0.297722848438
vn -0.937876352148 0.0450504220318 0.344032567581
vn -0.937876352148 0.0450504220318 0.344032567581
vn -0.937876352148 0.0450504220318 0.344032567581
vn -0.937876352148 0.0450504220318 0.344032567581
vn -0.950707928381 0.00314142193124 0.310071872929
vn -0.950707928381 0.00314142193124 0.310071872929
vn -0.950707928381 0.00314142193124 0.310071872929
vn -0.950707928381 0.00314142193124 0.310071872929
vn -0.510157365506 0.0922403040007 -0.855120569708
vn -0.510157365506 0.0922403040007 -0.855120569708
vn -0.510157365506 0.0922403040007 -0.855120569708
vn -0.510157365506 0.0922403040007 -0.855120569708
vn -0.529417181756 0.0957191550957 -0.842944417509
vn -0.529417181756 0.0957191550957 -0.842944417509
vn -0.529417181756 0.0957191550957 -0.842944417509
vn -0.529417181756 0.0957191550957 -0.842944417509
vn -0.549191678542 0.0993011864385 -0.829775737529
vn -0.549191678542 0.0993011864385 -0.829775737529
vn -0.549191678542 0.0993011864385 -0.829775737529
vn -0.549191678542 0.0993011864385 -0.829775737529
vn -0.578963666348 0.104724752739 -0.808599900576
vn -0.578963666348 0.104724752739 -0.808599900576
vn -0.578963666348 0.104724752739 -0.808599900576
vn -0.578963666348 0.104724752739 -0.808599900576
vn -0.634741008122 0.114763585619 -0.76415520153
vn -0.634741008122 0.114763585619 -0.76415520153
vn -0.634741008122 0.114763585619 -0.76415520153
vn -0.634741008122 0.114763585619 -0.76415520153
vn -0.712782121073 0.128864565792 -0.689445843821
vn -0.712782121073 0.128864565792 -0.689445843821
vn -0.712782121073 0.128864565792 -0.689445843821
vn -0.712782121073 0.128864565792 -0.689445843821
vn -0.766543549208 0.138629382161 -0.627050940171
vn -0.766543549208 0.138629382161 -0.627050940171
vn -0.766543549208 0.138629382161 -0.627050940171
vn -0.766543549208 0.138629382161 -0.627050940171
vn -0.823499544428 0.148886023794 -0.547431687287
vn -0.823499544428 0.148886023794 -0.547431687287
vn -0.823499544428 0.148886023794 -0.547431687287
vn -0.823499544428 0.148886023794 -0.547431687287
vn -0.882529295988 0.159560430412 -0.442360159564
vn -0.882529295988 0.159560430412 -0.442360159564
vn -0.882529295988 0.159560430412 -0.442360159564
vn -0.882529295988 0.159560430412 -0.442360159564
vn -0.93907570715 0.169776938979 -0.298852149452
vn -0.93907570715 0.169776938979 -0.298852149452
vn -0.93907570715 0.169776938979 -0.298852149452
vn -0.93907570715 0.169776938979 -0.298852149452
vn -0.983573844665 0.177822949937 -0.0310079113673
vn -0.983573844665 0.177822949937 -0.0310079113673
vn -0.983573844665 0.177822949937 -0.0310079113673
vn -0.983573844665 0.177822949937 -0.0310079113673
vn -0.966029192599 0.174722029427 0.19042009211
vn -0.966029192599 0.174722029427 0.19042009211
vn -0.966029192599 0.174722029427 0.19042009211
vn -0.966029192599 0.174722029427 0.19042009211
vn -0.939594386196 0.169870709214 0.297163812704
vn -0.939594386196 0.169870709214 0.297163812704
vn -0.939594386196 0.169870709214 0.297163812704
vn -0.939594386196 0.169870709214 0.297163812704
vn -0.924362716457 0.167184991895 0.34293256904
vn -0.924362716457 0.167184991895 0.34293256904
vn -0.924362716457 0.167184991895 0.34293256904
vn -0.924362716457 0.167184991895 0.34293256904
vn -0.935367743193 0.169123774555 0.310619274796
vn -0.935367743193 0.169123774555 0.310619274796
vn -0.935367743193 0.169123774555 0.310619274796
vn -0.935367743193 0.169123774555 0.310619274796
vn -0.460163935295 0.237000722965 -0.85561662558
vn -0.460163935295 0.237000722965 -0.85561662558
vn -0.460163935295 0.237000722965 -0.85561662558
vn -0.460163935295 0.237000722965 -0.85561662558
vn -0.47755385532 0.245935537198 -0.843479713338
vn -0.47755385532 0.245935537198 -0.843479713338
vn -0.47755385532 0.245935537198 -0.843479713338
vn -0.47755385532 0.245935537198 -0.843479713338
vn -0.495358643503 0.255141438478 -0.830375012075
vn -0.495358643503 0.255141438478 -0.830375012075
vn -0.495358643503 0.255141438478 -0.830375012075
vn -0.495358643503 0.255141438478 -0.830375012075
vn -0.522216400107 0.268945952583 -0.809294820229
vn -0.522216400107 0.268945952583 -0.809294820229
vn -0.522216400107 0.268945952583 -0.809294820229
vn -0.522216400107 0.268945952583 -0.809294820229
vn -0.572695727887 0.294927818244 -0.764877235435
vn -0.572695727887 0.294927818244 -0.764877235435
vn -0.572695727887 0.294927818244 -0.764877235435
vn -0.572695727887 0.294927818244 -0.764877235435
vn -0.643317952644 0.331350804343 -0.69018016218
vn -0.643317952644 0.331350804343 -0.69018016218
vn -0.643317952644 0.331350804343 -0.69018016218
vn -0.643317952644 0.331350804343 -0.69018016218
vn -0.692094226626 0.356402638439 -0.627680444801
vn -0.692094226626 0.356402638439 -0.627680444801
vn -0.692094226626 0.356402638439 -0.627680444801
vn -0.692094226626 0.356402638439 -0.627680444801
vn -0.743331960036 0.382801250322 -0.548562484993
vn -0.743331960036 0.382801250322 -0.548562484993
vn -0.743331960036 0.382801250322 -0.548562484993
vn -0.743331960036 0.382801250322 -0.548562484993
vn -0.796893162575 0.410403570848 -0.443317263904
vn -0.796893162575 0.410403570848 -0.443317263904
vn -0.796893162575 0.410403570848 -0.443317263904
vn -0.796893162575 0.410403570848 -0.443317263904
vn -0.848251233907 0.436830280709 -0.299414679052
vn -0.848251233907 0.436830280709 -0.299414679052
vn -0.848251233907 0.436830280709 -0.299414679052
vn -0.848251233907 0.436830280709 -0.299414679052
vn -0.88855749828 0.457672075928 -0.0316519061862
vn -0.88855749828 0.457672075928 -0.0316519061862
vn -0.88855749828 0.457672075928 -0.0316519061862
vn -0.88855749828 0.457672075928 -0.0316519061862
vn -0.872628234169 0.44947326963 0.191033360488
vn -0.872733878973 0.449527679976 0.190421746207
vn -0.872628234169 0.44947326963 0.191033360488
vn -0.872628234169 0.44947326963 0.191033360488
vn -0.872733878973 0.449527679976 0.190421746207
vn -0.872733878973 0.449527679976 0.190421746207
vn -0.848720550425 0.437071974922 0.297727251062
vn -0.848720550425 0.437071974922 0.297727251062
vn -0.848720550425 0.437071974922 0.297727251062
vn -0.848720550425 0.437071974922 0.297727251062
vn -0.834769934318 0.429893351295 0.344021602915
vn -0.834769934318 0.429893351295 0.344021602915
vn -0.834769934318 0.429893351295 0.344021602915
vn -0.834769934318 0.429893351295 0.344021602915
vn -0.824920342408 0.472620524185 0.310058492547
vn -0.824920342408 0.472620524185 0.310058492547
vn -0.824920342408 0.472620524185 0.310058492547
vn -0.824920342408 0.472620524185 0.310058492547
vn -0.487909033487 0.175174271642 -0.855136684745
vn -0.487909033487 0.175174271642 -0.855136684745
vn -0.487909033487 0.175174271642 -0.855136684745
vn -0.487909033487 0.175174271642 -0.855136684745
vn -0.506377816908 0.181802200674 -0.842929099257
vn -0.506377816908 0.181802200674 -0.842929099257
vn -0.506377816908 0.181802200674 -0.842929099257
vn -0.506377816908 0.181802200674 -0.842929099257
vn -0.525258693446 0.188582301391 -0.82978311658
vn -0.525258693446 0.188582301391 -0.82978311658
vn -0.525258693446 0.188582301391 -0.82978311658
vn -0.525258693446 0.188582301391 -0.82978311658
vn -0.553758197639 0.198801960081 -0.808597328227
vn -0.553758197639 0.198801960081 -0.808597328227
vn -0.553758197639 0.198801960081 -0.808597328227
vn -0.553758197639 0.198801960081 -0.808597328227
vn -0.607113896163 0.217978675636 -0.764132196713
vn -0.607113896163 0.217978675636 -0.764132196713
vn -0.607113896163 0.217978675636 -0.764132196713
vn -0.607113896163 0.217978675636 -0.764132196713
vn -0.681732814416 0.244767783687 -0.689441151816
vn -0.681732814416 0.244767783687 -0.689441151816
vn -0.681732814416 0.244767783687 -0.689441151816
vn -0.681732814416 0.244767783687 -0.689441151816
vn -0.733171880669 0.263203996095 -0.627042781504
vn -0.733171880669 0.263203996095 -0.627042781504
vn -0.733171880669 0.263203996095 -0.627042781504
vn -0.733171880669 0.263203996095 -0.627042781504
vn -0.787636595058 0.282788791347 -0.547411265516
vn -0.787636595058 0.282788791347 -0.547411265516
vn -0.787636595058 0.282788791347 -0.547411265516
vn -0.787636595058 0.282788791347 -0.547411265516
vn -0.844077015173 0.303036597473 -0.44238310665
vn -0.844077015173 0.303036597473 -0.44238310665
vn -0.844077015173 0.303036597473 -0.44238310665
vn -0.844077015173 0.303036597473 -0.44238310665
vn -0.898173942878 0.322448366815 -0.298848823108
vn -0.898173942878 0.322448366815 -0.298848823108
vn -0.898173942878 0.322448366815 -0.298848823108
vn -0.898173942878 0.322448366815 -0.298848823108
vn -0.94073155017 0.337731822623 -0.0310059107584
vn -0.94073155017 0.337731822623 -0.0310059107584
vn -0.94073155017 0.337731822623 -0.0310059107584
vn -0.94073155017 0.337731822623 -0.0310059107584
vn -0.923950933105 0.331750235853 0.190411276521
vn -0.923950933105 0.331750235853 0.190411276521
vn -0.923950933105 0.331750235853 0.190411276521
vn -0.923950933105 0.331750235853 0.190411276521
vn -0.898670026919 0.322626457368 0.297160481429
vn -0.898670026919 0.322626457368 0.297160481429
vn -0.898670026919 0.322626457368 0.297160481429
vn -0.898670026919 0.322626457368 0.297160481429
vn -0.884098702264 0.317436315798 0.342933915014
vn -0.884098702264 0.317436315798 0.342933915014
vn -0.884098702264 0.317436315798 0.342933915014
vn -0.884098702264 0.317436315798 0.342933915014
vn -0.894619959148 0.321206636724 0.310614592732
vn -0.894619959148 0.321206636724 0.310614592732
vn -0.894619959148 0.321206636724 0.310614592732
vn -0.894619959148 0.321206636724 0.310614592732
vn -0.435322942405 0.280010741891 -0.855621364998
vn -0.435322942405 0.280010741891 -0.855621364998
vn -0.435322942405 0.280010741891 -0.855621364998
vn -0.435322942405 0.280010741891 -0.855621364998
vn -0.451788358842 0.29059726036 -0.843469330258
vn -0.451788358842 0.29059726036 -0.843469330258
vn -0.451788358842 0.29059726036 -0.843469330258
vn -0.451788358842 0.29059726036 -0.843469330258
vn -0.468609860798 0.301408487811 -0.830396123448
vn -0.468609860798 0.301408487811 -0.830396123448
vn -0.468609860798 0.301408487811 -0.830396123448
vn -0.468609860798 0.301408487811 -0.830396123448
vn -0.494042976215 0.317770652446 -0.809285703628
vn -0.494042976215 0.317770652446 -0.809285703628
vn -0.494042976215 0.317770652446 -0.809285703628
vn -0.494042976215 0.317770652446 -0.809285703628
vn -0.541776482523 0.348500082004 -0.764869881632
vn -0.541776482523 0.348500082004 -0.764869881632
vn -0.541776482523 0.348500082004 -0.764869881632
vn -0.541776482523 0.348500082004 -0.764869881632
vn -0.608584449591 0.391483651253 -0.690192377904
vn -0.608584449591 0.391483651253 -0.690192377904
vn -0.608584449591 0.391483651253 -0.690192377904
vn -0.608584449591 0.391483651253 -0.690192377904
vn -0.654742292815 0.421118691668 -0.627671552268
vn -0.654742292815 0.421118691668 -0.627671552268
vn -0.654742292815 0.421118691668 -0.627671552268
vn -0.654742292815 0.421118691668 -0.627671552268
vn -0.703184366328 0.452317227502 -0.54858078043
vn -0.703184366328 0.452317227502 -0.54858078043
vn -0.703184366328 0.452317227502 -0.54858078043
vn -0.703184366328 0.452317227502 -0.54858078043
vn -0.753887883624 0.484911903525 -0.443298437562
vn -0.753887883624 0.484911903525 -0.443298437562
vn -0.753887883624 0.484911903525 -0.443298437562
vn -0.753887883624 0.484911903525 -0.443298437562
vn -0.802452248472 0.516148751206 -0.299434225749
vn -0.802486268128 0.516109191761 -0.299411241682
vn -0.802452248472 0.516148751206 -0.299434225749
vn -0.802486268128 0.516109191761 -0.299411241682
vn -0.802452248472 0.516148751206 -0.299434225749
vn -0.802486268128 0.516109191761 -0.299411241682
vn -0.840594579931 0.540739198149 -0.0316523581306
vn -0.840594579931 0.540739198149 -0.0316523581306
vn -0.840594579931 0.540739198149 -0.0316523581306
vn -0.840594579931 0.540739198149 -0.0316523581306
vn -0.825575769119 0.530972783916 0.191030238929
vn -0.825575769119 0.530972783916 0.191030238929
vn -0.825575769119 0.530972783916 0.191030238929
vn -0.825575769119 0.530972783916 0.191030238929
vn -0.802930247342 0.516394731687 0.297723863654
vn -0.802930247342 0.516394731687 0.297723863654
vn -0.802930247342 0.516394731687 0.297723863654
vn -0.802930247342 0.516394731687 0.297723863654
vn -0.789710500501 0.507946459697 0.344017033705
vn -0.789710500501 0.507946459697 0.344017033705
vn -0.789710500501 0.507946459697 0.344017033705
vn -0.789710500501 0.507946459697 0.344017033705
vn -0.821785037714 0.478049856837 0.310060778183
vn -0.821785037714 0.478049856837 0.310060778183
vn -0.821785037714 0.478049856837 0.310060778183
vn -0.821785037714 0.478049856837 0.310060778183
vn -0.395660816851 0.33498747311 -0.855123330794
vn -0.395660816851 0.33498747311 -0.855123330794
vn -0.395660816851 0.33498747311 -0.855123330794
vn -0.395660816851 0.33498747311 -0.855123330794
vn -0.410660202902 0.347605205783 -0.842928715056
vn -0.410614173583 0.347613101043 -0.842947882396
vn -0.410614173583 0.347613101043 -0.842947882396
vn -0.410660202902 0.347605205783 -0.842928715056
vn -0.410614173583 0.347613101043 -0.842947882396
vn -0.410660202902 0.347605205783 -0.842928715056
vn -0.425951999982 0.360610343214 -0.829774110272
vn -0.425951999982 0.360610343214 -0.829774110272
vn -0.425951999982 0.360610343214 -0.829774110272
vn -0.425951999982 0.360610343214 -0.829774110272
vn -0.449037704653 0.380163199709 -0.808604403517
vn -0.449037704653 0.380163199709 -0.808604403517
vn -0.449037704653 0.380163199709 -0.808604403517
vn -0.449037704653 0.380163199709 -0.808604403517
vn -0.492307727993 0.416759769663 -0.76416254511
vn -0.492307727993 0.416759769663 -0.76416254511
vn -0.492307727993 0.416759769663 -0.76416254511
vn -0.492307727993 0.416759769663 -0.76416254511
vn -0.552861884073 0.468003334489 -0.689432096763
vn -0.552861884073 0.468003334489 -0.689432096763
vn -0.552861884073 0.468003334489 -0.689432096763
vn -0.552861884073 0.468003334489 -0.689432096763
vn -0.594542446528 0.503327987679 -0.627040840851
vn -0.594542446528 0.503327987679 -0.627040840851
vn -0.594542446528 0.503327987679 -0.627040840851
vn -0.594542446528 0.503327987679 -0.627040840851
vn -0.638705228462 0.540708181721 -0.547439762308
vn -0.638755030001 0.540679135241 -0.547410343676
vn -0.638755030001 0.540679135241 -0.547410343676
vn -0.638705228462 0.540708181721 -0.547439762308
vn -0.638755030001 0.540679135241 -0.547410343676
vn -0.638705228462 0.540708181721 -0.547439762308
vn -0.684467538551 0.579503853078 -0.442356725888
vn -0.684503218704 0.579444116937 -0.442379767769
vn -0.684503218704 0.579444116937 -0.442379767769
vn -0.684503218704 0.579444116937 -0.442379767769
vn -0.684467538551 0.579503853078 -0.442356725888
vn -0.684467538551 0.579503853078 -0.442356725888
vn -0.728320594013 0.616631399033 -0.298855868376
vn -0.728320594013 0.616631399033 -0.298855868376
vn -0.728320594013 0.616631399033 -0.298855868376
vn -0.728320594013 0.616631399033 -0.298855868376
vn -0.762863737562 0.645815329141 -0.0310077177524
vn -0.762863737562 0.645815329141 -0.0310077177524
vn -0.762863737562 0.645815329141 -0.0310077177524
vn -0.762863737562 0.645815329141 -0.0310077177524
vn -0.749287381724 0.634276826327 0.190424071937
vn -0.749287381724 0.634276826327 0.190424071937
vn -0.749287381724 0.634276826327 0.190424071937
vn -0.749287381724 0.634276826327 0.190424071937
vn -0.728722874387 0.616971982342 0.29716753751
vn -0.728767703322 0.616929009224 0.297146819219
vn -0.728767703322 0.616929009224 0.297146819219
vn -0.728722874387 0.616971982342 0.29716753751
vn -0.728767703322 0.616929009224 0.297146819219
vn -0.728722874387 0.616971982342 0.29716753751
vn -0.716937462405 0.606950598634 0.342945543515
vn -0.716937462405 0.606950598634 0.342945543515
vn -0.716937462405 0.606950598634 0.342945543515
vn -0.716937462405 0.606950598634 0.342945543515
vn -0.725496376463 0.614145100761 0.310613591059
vn -0.725496376463 0.614145100761 0.310613591059
vn -0.725496376463 0.614145100761 0.310613591059
vn -0.725496376463 0.614145100761 0.310613591059
vn -0.280010741891 0.435322942405 -0.855621364998
vn -0.280010741891 0.435322942405 -0.855621364998
vn -0.280010741891 0.435322942405 -0.855621364998
vn -0.280010741891 0.435322942405 -0.855621364998
vn -0.29059726036 0.451788358842 -0.843469330258
vn -0.29059726036 0.451788358842 -0.843469330258
vn -0.29059726036 0.451788358842 -0.843469330258
vn -0.29059726036 0.451788358842 -0.843469330258
vn -0.301408487811 0.468609860798 -0.830396123448
vn -0.301408487811 0.468609860798 -0.830396123448
vn -0.301408487811 0.468609860798 -0.830396123448
vn -0.301408487811 0.468609860798 -0.830396123448
vn -0.317770652446 0.494042976215 -0.809285703628
vn -0.317770652446 0.494042976215 -0.809285703628
vn -0.317770652446 0.494042976215 -0.809285703628
vn -0.317770652446 0.494042976215 -0.809285703628
vn -0.348500082004 0.541776482523 -0.764869881632
vn -0.348500082004 0.541776482523 -0.764869881632
vn -0.348500082004 0.541776482523 -0.764869881632
vn -0.348500082004 0.541776482523 -0.764869881632
vn -0.391483651253 0.608584449591 -0.690192377904
vn -0.391483651253 0.608584449591 -0.690192377904
vn -0.391483651253 0.608584449591 -0.690192377904
vn -0.391483651253 0.608584449591 -0.690192377904
vn -0.421118691668 0.654742292815 -0.627671552268
vn -0.421118691668 0.654742292815 -0.627671552268
vn -0.421118691668 0.654742292815 -0.627671552268
vn -0.421118691668 0.654742292815 -0.627671552268
vn -0.452317227502 0.703184366328 -0.54858078043
vn -0.452317227502 0.703184366328 -0.54858078043
vn -0.452317227502 0.703184366328 -0.54858078043
vn -0.452317227502 0.703184366328 -0.54858078043
vn -0.484911903525 0.753887883624 -0.443298437562
vn -0.484911903525 0.753887883624 -0.443298437562
vn -0.484911903525 0.753887883624 -0.443298437562
vn -0.484911903525 0.753887883624 -0.443298437562
vn -0.516109191761 0.802486268128 -0.299411241682
vn -0.516148751206 0.802452248472 -0.299434225749
vn -0.516148751206 0.802452248472 -0.299434225749
vn -0.516148751206 0.802452248472 -0.299434225749
vn -0.516109191761 0.802486268128 -0.299411241682
vn -0.516109191761 0.802486268128 -0.299411241682
vn -0.540739198149 0.840594579931 -0.0316523581306
vn -0.540739198149 0.840594579931 -0.0316523581306
vn -0.540739198149 0.840594579931 -0.0316523581306
vn -0.540739198149 0.840594579931 -0.0316523581306
vn -0.531037052536 0.82567570727 0.190418684109
vn -0.530972783916 0.825575769119 0.191030238929
vn -0.530972783916 0.825575769119 0.191030238929
vn -0.531037052536 0.82567570727 0.190418684109
vn -0.530972783916 0.825575769119 0.191030238929
vn -0.531037052536 0.82567570727 0.190418684109
vn -0.516394731687 0.802930247342 0.297723863654
vn -0.516394731687 0.802930247342 0.297723863654
vn -0.516394731687 0.802930247342 0.297723863654
vn -0.516394731687 0.802930247342 0.297723863654
vn -0.507946459697 0.789710500501 0.344017033705
vn -0.507946459697 0.789710500501 0.344017033705
vn -0.507946459697 0.789710500501 0.344017033705
vn -0.507946459697 0.789710500501 0.344017033705
vn -0.478049856837 0.821785037714 0.310060778183
vn -0.478049856837 0.821785037714 0.310060778183
vn -0.478049856837 0.821785037714 0.310060778183
vn -0.478049856837 0.821785037714 0.310060778183
vn -0.33498747311 0.395660816851 -0.855123330794
vn -0.33498747311 0.395660816851 -0.855123330794
vn -0.33498747311 0.395660816851 -0.855123330794
vn -0.33498747311 0.395660816851 -0.855123330794
vn -0.347613101043 0.410614173583 -0.842947882396
vn -0.347613101043 0.410614173583 -0.842947882396
vn -0.347613101043 0.410614173583 -0.842947882396
vn -0.347613101043 0.410614173583 -0.842947882396
vn -0.360610343214 0.425951999982 -0.829774110272
vn -0.360610343214 0.425951999982 -0.829774110272
vn -0.360610343214 0.425951999982 -0.829774110272
vn -0.360610343214 0.425951999982 -0.829774110272
vn -0.380163199709 0.449037704653 -0.808604403517
vn -0.380163199709 0.449037704653 -0.808604403517
vn -0.380163199709 0.449037704653 -0.808604403517
vn -0.380163199709 0.449037704653 -0.808604403517
vn -0.416759769663 0.492307727993 -0.76416254511
vn -0.416759769663 0.492307727993 -0.76416254511
vn -0.416759769663 0.492307727993 -0.76416254511
vn -0.416759769663 0.492307727993 -0.76416254511
vn -0.468003334489 0.552861884073 -0.689432096763
vn -0.468003334489 0.552861884073 -0.689432096763
vn -0.468003334489 0.552861884073 -0.689432096763
vn -0.468003334489 0.552861884073 -0.689432096763
vn -0.503327987679 0.594542446528 -0.627040840851
vn -0.503327987679 0.594542446528 -0.627040840851
vn -0.503327987679 0.594542446528 -0.627040840851
vn -0.503327987679 0.594542446528 -0.627040840851
vn -0.540679135241 0.638755030001 -0.547410343676
vn -0.540708181721 0.638705228462 -0.547439762308
vn -0.540679135241 0.638755030001 -0.547410343676
vn -0.540679135241 0.638755030001 -0.547410343676
vn -0.540708181721 0.638705228462 -0.547439762308
vn -0.540708181721 0.638705228462 -0.547439762308
vn -0.579503853078 0.684467538551 -0.442356725888
vn -0.579503853078 0.684467538551 -0.442356725888
vn -0.579503853078 0.684467538551 -0.442356725888
vn -0.579503853078 0.684467538551 -0.442356725888
vn -0.616631399033 0.728320594013 -0.298855868376
vn -0.616631399033 0.728320594013 -0.298855868376
vn -0.616631399033 0.728320594013 -0.298855868376
vn -0.616631399033 0.728320594013 -0.298855868376
vn -0.645815329141 0.762863737562 -0.0310077177524
vn -0.645815329141 0.762863737562 -0.0310077177524
vn -0.645815329141 0.762863737562 -0.0310077177524
vn -0.645815329141 0.762863737562 -0.0310077177524
vn -0.634276826327 0.749287381724 0.190424071937
vn -0.634276826327 0.749287381724 0.190424071937
vn -0.634276826327 0.749287381724 0.190424071937
vn -0.634276826327 0.749287381724 0.190424071937
vn -0.616971982342 0.728722874387 0.29716753751
vn -0.616971982342 0.728722874387 0.29716753751
vn -0.616971982342 0.728722874387 0.29716753751
vn -0.616971982342 0.728722874387 0.29716753751
vn -0.606950598634 0.716937462405 0.342945543515
vn -0.606950598634 0.716937462405 0.342945543515
vn -0.606950598634 0.716937462405 0.342945543515
vn -0.606950598634 0.716937462405 0.342945543515
vn -0.614145100761 0.725496376463 0.310613591059
vn -0.614145100761 0.725496376463 0.310613591059
vn -0.614145100761 0.725496376463 0.310613591059
vn -0.614145100761 0.725496376463 0.310613591059
vn -0.237000722965 0.460163935295 -0.85561662558
vn -0.237000722965 0.460163935295 -0.85561662558
vn -0.237000722965 0.460163935295 -0.85561662558
vn -0.237000722965 0.460163935295 -0.85561662558
vn -0.245935537198 0.47755385532 -0.843479713338
vn -0.245935537198 0.47755385532 -0.843479713338
vn -0.245935537198 0.47755385532 -0.843479713338
vn -0.245935537198 0.47755385532 -0.843479713338
vn -0.255141438478 0.495358643503 -0.830375012075
vn -0.255141438478 0.495358643503 -0.830375012075
vn -0.255141438478 0.495358643503 -0.830375012075
vn -0.255141438478 0.495358643503 -0.830375012075
vn -0.268945952583 0.522216400107 -0.809294820229
vn -0.268945952583 0.522216400107 -0.809294820229
vn -0.268945952583 0.522216400107 -0.809294820229
vn -0.268945952583 0.522216400107 -0.809294820229
vn -0.294927818244 0.572695727887 -0.764877235435
vn -0.294927818244 0.572695727887 -0.764877235435
vn -0.294927818244 0.572695727887 -0.764877235435
vn -0.294927818244 0.572695727887 -0.764877235435
vn -0.331350804343 0.643317952644 -0.69018016218
vn -0.331350804343 0.643317952644 -0.69018016218
vn -0.331350804343 0.643317952644 -0.69018016218
vn -0.331350804343 0.643317952644 -0.69018016218
vn -0.356402638439 0.692094226626 -0.627680444801
vn -0.356402638439 0.692094226626 -0.627680444801
vn -0.356402638439 0.692094226626 -0.627680444801
vn -0.356402638439 0.692094226626 -0.627680444801
vn -0.382801250322 0.743331960036 -0.548562484993
vn -0.382801250322 0.743331960036 -0.548562484993
vn -0.382801250322 0.743331960036 -0.548562484993
vn -0.382801250322 0.743331960036 -0.548562484993
vn -0.410403570848 0.796893162575 -0.443317263904
vn -0.410403570848 0.796893162575 -0.443317263904
vn -0.410403570848 0.796893162575 -0.443317263904
vn -0.410403570848 0.796893162575 -0.443317263904
vn -0.436830280709 0.848251233907 -0.299414679052
vn -0.436830280709 0.848251233907 -0.299414679052
vn -0.436830280709 0.848251233907 -0.299414679052
vn -0.436830280709 0.848251233907 -0.299414679052
vn -0.457672075928 0.88855749828 -0.0316519061862
vn -0.457672075928 0.88855749828 -0.0316519061862
vn -0.457672075928 0.88855749828 -0.0316519061862
vn -0.457672075928 0.88855749828 -0.0316519061862
vn -0.44947326963 0.872628234169 0.191033360488
vn -0.44947326963 0.872628234169 0.191033360488
vn -0.44947326963 0.872628234169 0.191033360488
vn -0.44947326963 0.872628234169 0.191033360488
vn -0.437071974922 0.848720550425 0.297727251062
vn -0.437071974922 0.848720550425 0.297727251062
vn -0.437071974922 0.848720550425 0.297727251062
vn -0.437071974922 0.848720550425 0.297727251062
vn -0.429893351295 0.834769934318 0.344021602915
vn -0.429893351295 0.834769934318 0.344021602915
vn -0.429893351295 0.834769934318 0.344021602915
vn -0.429893351295 0.834769934318 0.344021602915
vn -0.472620524185 0.824920342408 0.310058492547
vn -0.472620524185 0.824920342408 0.310058492547
vn -0.472620524185 0.824920342408 0.310058492547
vn -0.472620524185 0.824920342408 0.310058492547
vn -0.175174271642 0.487909033487 -0.855136684745
vn -0.175174271642 0.487909033487 -0.855136684745
vn -0.175174271642 0.487909033487 -0.855136684745
vn -0.175174271642 0.487909033487 -0.855136684745
vn -0.181802200674 0.506377816908 -0.842929099257
vn -0.181802200674 0.506377816908 -0.842929099257
vn -0.181802200674 0.506377816908 -0.842929099257
vn -0.181802200674 0.506377816908 -0.842929099257
vn -0.188582301391 0.525258693446 -0.82978311658
vn -0.188582301391 0.525258693446 -0.82978311658
vn -0.188582301391 0.525258693446 -0.82978311658
vn -0.188582301391 0.525258693446 -0.82978311658
vn -0.198801960081 0.553758197639 -0.808597328227
vn -0.198801960081 0.553758197639 -0.808597328227
vn -0.198801960081 0.553758197639 -0.808597328227
vn -0.198801960081 0.553758197639 -0.808597328227
vn -0.217978675636 0.607113896163 -0.764132196713
vn -0.217978675636 0.607113896163 -0.764132196713
vn -0.217978675636 0.607113896163 -0.764132196713
vn -0.217978675636 0.607113896163 -0.764132196713
vn -0.244767783687 0.681732814416 -0.689441151816
vn -0.244767783687 0.681732814416 -0.689441151816
vn -0.244767783687 0.681732814416 -0.689441151816
vn -0.244767783687 0.681732814416 -0.689441151816
vn -0.263203996095 0.733171880669 -0.627042781504
vn -0.263203996095 0.733171880669 -0.627042781504
vn -0.263203996095 0.733171880669 -0.627042781504
vn -0.263203996095 0.733171880669 -0.627042781504
vn -0.282788791347 0.787636595058 -0.547411265516
vn -0.282788791347 0.787636595058 -0.547411265516
vn -0.282788791347 0.787636595058 -0.547411265516
vn -0.282788791347 0.787636595058 -0.547411265516
vn -0.303036597473 0.844077015173 -0.44238310665
vn -0.303036597473 0.844077015173 -0.44238310665
vn -0.303036597473 0.844077015173 -0.44238310665
vn -0.303036597473 0.844077015173 -0.44238310665
vn -0.322448366815 0.898173942878 -0.298848823108
vn -0.322448366815 0.898173942878 -0.298848823108
vn -0.322448366815 0.898173942878 -0.298848823108
vn -0.322448366815 0.898173942878 -0.298848823108
vn -0.337731822623 0.94073155017 -0.0310059107584
vn -0.337731822623 0.94073155017 -0.0310059107584
vn -0.337731822623 0.94073155017 -0.0310059107584
vn -0.337731822623 0.94073155017 -0.0310059107584
vn -0.331750235853 0.923950933105 0.190411276521
vn -0.331750235853 0.923950933105 0.190411276521
vn -0.331750235853 0.923950933105 0.190411276521
vn -0.331750235853 0.923950933105 0.190411276521
vn -0.322626457368 0.898670026919 0.297160481429
vn -0.322626457368 0.898670026919 0.297160481429
vn -0.322626457368 0.898670026919 0.297160481429
vn -0.322626457368 0.898670026919 0.297160481429
vn -0.317436315798 0.884098702264 0.342933915014
vn -0.317436315798 0.884098702264 0.342933915014
vn -0.317436315798 0.884098702264 0.342933915014
vn -0.317436315798 0.884098702264 0.342933915014
vn -0.321206636724 0.894619959148 0.310614592732
vn -0.321206636724 0.894619959148 0.310614592732
vn -0.321206636724 0.894619959148 0.310614592732
vn -0.321206636724 0.894619959148 0.310614592732
vn -0.0248434505753 0.517010892262 -0.855618221081
vn -0.0248434505753 0.517010892262 -0.855618221081
vn -0.0248434505753 0.517010892262 -0.855618221081
vn -0.0248434505753 0.517010892262 -0.855618221081
vn -0.0257600309017 0.536538284089 -0.843482715006
vn -0.0257600309017 0.536538284089 -0.843482715006
vn -0.0257600309017 0.536538284089 -0.843482715006
vn -0.0257600309017 0.536538284089 -0.843482715006
vn -0.0267038426075 0.556549210842 -0.830385380833
vn -0.0267609821797 0.55654835938 -0.830384112026
vn -0.0267038426075 0.556549210842 -0.830385380833
vn -0.0267038426075 0.556549210842 -0.830385380833
vn -0.0267609821797 0.55654835938 -0.830384112026
vn -0.0267609821797 0.55654835938 -0.830384112026
vn -0.0281679642738 0.586722502443 -0.80929801119
vn -0.0281679642738 0.586722502443 -0.80929801119
vn -0.0281679642738 0.586722502443 -0.80929801119
vn -0.0281679642738 0.586722502443 -0.80929801119
vn -0.0309140914384 0.643432330323 -0.764878523195
vn -0.0309140914384 0.643432330323 -0.764878523195
vn -0.0309140914384 0.643432330323 -0.764878523195
vn -0.0309140914384 0.643432330323 -0.764878523195
vn -0.0347455141358 0.722779780802 -0.690204417337
vn -0.0347455141358 0.722779780802 -0.690204417337
vn -0.0347455141358 0.722779780802 -0.690204417337
vn -0.0347455141358 0.722779780802 -0.690204417337
vn -0.0373417523712 0.777587123552 -0.627665403552
vn -0.0373417523712 0.777587123552 -0.627665403552
vn -0.0373417523712 0.777587123552 -0.627665403552
vn -0.0373417523712 0.777587123552 -0.627665403552
vn -0.0400884710641 0.835134530839 -0.548582928906
vn -0.0400884710641 0.835134530839 -0.548582928906
vn -0.0400884710641 0.835134530839 -0.548582928906
vn -0.0400884710641 0.835134530839 -0.548582928906
vn -0.0429731755629 0.895334472738 -0.443316464966
vn -0.0429731755629 0.895334472738 -0.443316464966
vn -0.0429731755629 0.895334472738 -0.443316464966
vn -0.0429731755629 0.895334472738 -0.443316464966
vn -0.0457552218463 0.953026744705 -0.299410226195
vn -0.0457552218463 0.953026744705 -0.299410226195
vn -0.0457552218463 0.953026744705 -0.299410226195
vn -0.0457552218463 0.953026744705 -0.299410226195
vn -0.0479782130791 0.998346714373 -0.0316532615916
vn -0.0479782130791 0.998346714373 -0.0316532615916
vn -0.0479782130791 0.998346714373 -0.0316532615916
vn -0.0479782130791 0.998346714373 -0.0316532615916
vn -0.0471370796381 0.980451227012 0.191032686138
vn -0.0471370796381 0.980451227012 0.191032686138
vn -0.0471370796381 0.980451227012 0.191032686138
vn -0.0471370796381 0.980451227012 0.191032686138
vn -0.0457805315375 0.953554009194 0.297722848438
vn -0.0457805315375 0.953554009194 0.297722848438
vn -0.0457805315375 0.953554009194 0.297722848438
vn -0.0457805315375 0.953554009194 0.297722848438
vn -0.0450504220318 0.937876352148 0.344032567581
vn -0.0450504220318 0.937876352148 0.344032567581
vn -0.0450504220318 0.937876352148 0.344032567581
vn -0.0450504220318 0.937876352148 0.344032567581
vn -0.00314142193124 0.950707928381 0.310071872929
vn -0.00314142193124 0.950707928381 0.310071872929
vn -0.00314142193124 0.950707928381 0.310071872929
vn -0.00314142193124 0.950707928381 0.310071872929
vn -0.0922403040007 0.510157365506 -0.855120569708
vn -0.0922403040007 0.510157365506 -0.855120569708
vn -0.0922403040007 0.510157365506 -0.855120569708
vn -0.0922403040007 0.510157365506 -0.855120569708
vn -0.0957191550957 0.529417181756 -0.842944417509
vn -0.0957191550957 0.529417181756 -0.842944417509
vn -0.0957191550957 0.529417181756 -0.842944417509
vn -0.0957191550957 0.529417181756 -0.842944417509
vn -0.0993011864385 0.549191678542 -0.829775737529
vn -0.0993011864385 0.549191678542 -0.829775737529
vn -0.0993011864385 0.549191678542 -0.829775737529
vn -0.0993011864385 0.549191678542 -0.829775737529
vn -0.104724752739 0.578963666348 -0.808599900576
vn -0.104724752739 0.578963666348 -0.808599900576
vn -0.104724752739 0.578963666348 -0.808599900576
vn -0.104724752739 0.578963666348 -0.808599900576
vn -0.114763585619 0.634741008122 -0.76415520153
vn -0.114763585619 0.634741008122 -0.76415520153
vn -0.114763585619 0.634741008122 -0.76415520153
vn -0.114763585619 0.634741008122 -0.76415520153
vn -0.128864565792 0.712782121073 -0.689445843821
vn -0.128864565792 0.712782121073 -0.689445843821
vn -0.128864565792 0.712782121073 -0.689445843821
vn -0.128864565792 0.712782121073 -0.689445843821
vn -0.138629382161 0.766543549208 -0.627050940171
vn -0.138629382161 0.766543549208 -0.627050940171
vn -0.138629382161 0.766543549208 -0.627050940171
vn -0.138629382161 0.766543549208 -0.627050940171
vn -0.148886023794 0.823499544428 -0.547431687287
vn -0.148886023794 0.823499544428 -0.547431687287
vn -0.148886023794 0.823499544428 -0.547431687287
vn -0.148886023794 0.823499544428 -0.547431687287
vn -0.159560430412 0.882529295988 -0.442360159564
vn -0.159560430412 0.882529295988 -0.442360159564
vn -0.159560430412 0.882529295988 -0.442360159564
vn -0.159560430412 0.882529295988 -0.442360159564
vn -0.169776938979 0.93907570715 -0.298852149452
vn -0.169776938979 0.93907570715 -0.298852149452
vn -0.169776938979 0.93907570715 -0.298852149452
vn -0.169776938979 0.93907570715 -0.298852149452
vn -0.177822949937 0.983573844665 -0.0310079113673
vn -0.177822949937 0.983573844665 -0.0310079113673
vn -0.177822949937 0.983573844665 -0.0310079113673
vn -0.177822949937 0.983573844665 -0.0310079113673
vn -0.174722029427 0.966029192599 0.19042009211
vn -0.174722029427 0.966029192599 0.19042009211
vn -0.174722029427 0.966029192599 0.19042009211
vn -0.174722029427 0.966029192599 0.19042009211
vn -0.169870709214 0.939594386196 0.297163812704
vn -0.169870709214 0.939594386196 0.297163812704
vn -0.169870709214 0.939594386196 0.297163812704
vn -0.169870709214 0.939594386196 0.297163812704
vn -0.167184991895 0.924362716457 0.34293256904
vn -0.167184991895 0.924362716457 0.34293256904
vn -0.167184991895 0.924362716457 0.34293256904
vn -0.167184991895 0.924362716457 0.34293256904
vn -0.169123774555 0.935367743193 0.310619274796
vn -0.169123774555 0.935367743193 0.310619274796
vn -0.169123774555 0.935367743193 0.310619274796
vn -0.169123774555 0.935367743193 0.310619274796
vn 0.0248434505753 0.517010892262 -0.855618221081
vn 0.0248434505753 0.517010892262 -0.855618221081
vn 0.0248434505753 0.517010892262 -0.855618221081
vn 0.0248434505753 0.517010892262 -0.855618221081
vn 0.0257600309017 0.536538284089 -0.843482715006
vn 0.0257600309017 0.536538284089 -0.843482715006
vn 0.0257600309017 0.536538284089 -0.843482715006
vn 0.0257600309017 0.536538284089 -0.843482715006
vn 0.0267038426075 0.556549210842 -0.830385380833
vn 0.0267609821797 0.55654835938 -0.830384112026
vn 0.0267038426075 0.556549210842 -0.830385380833
vn 0.0267038426075 0.556549210842 -0.830385380833
vn 0.0267609821797 0.55654835938 -0.830384112026
vn 0.0267609821797 0.55654835938 -0.830384112026
vn 0.0281679642738 0.586722502443 -0.80929801119
vn 0.0281679642738 0.586722502443 -0.80929801119
vn 0.0281679642738 0.586722502443 -0.80929801119
vn 0.0281679642738 0.586722502443 -0.80929801119
vn 0.0309140914384 0.643432330323 -0.764878523195
vn 0.0309140914384 0.643432330323 -0.764878523195
vn 0.0309140914384 0.643432330323 -0.764878523195
vn 0.0309140914384 0.643432330323 -0.764878523195
vn 0.0347455141358 0.722779780802 -0.690204417337
vn 0.0347455141358 0.722779780802 -0.690204417337
vn 0.0347455141358 0.722779780802 -0.690204417337
vn 0.0347455141358 0.722779780802 -0.690204417337
vn 0.0373417523712 0.777587123552 -0.627665403552
vn 0.0373417523712 0.777587123552 -0.627665403552
vn 0.0373417523712 0.777587123552 -0.627665403552
vn 0.0373417523712 0.777587123552 -0.627665403552
vn 0.0400884710641 0.835134530839 -0.548582928906
vn 0.0400884710641 0.835134530839 -0.548582928906
vn 0.0400884710641 0.835134530839 -0.548582928906
vn 0.0400884710641 0.835134530839 -0.548582928906
vn 0.0429731755629 0.895334472738 -0.443316464966
vn 0.0429731755629 0.895334472738 -0.443316464966
vn 0.0429731755629 0.895334472738 -0.443316464966
vn 0.0429731755629 0.895334472738 -0.443316464966
vn 0.0457552218463 0.953026744705 -0.299410226195
vn 0.0457552218463 0.953026744705 -0.299410226195
vn 0.0457552218463 0.953026744705 -0.299410226195
vn 0.0457552218463 0.953026744705 -0.299410226195
vn 0.0479782130791 0.998346714373 -0.0316532615916
vn 0.0479782130791 0.998346714373 -0.0316532615916
vn 0.0479782130791 0.998346714373 -0.0316532615916
vn 0.0479782130791 0.998346714373 -0.0316532615916
vn 0.0471370796381 0.980451227012 0.191032686138
vn 0.0471370796381 0.980451227012 0.191032686138
vn 0.0471370796381 0.980451227012 0.191032686138
vn 0.0471370796381 0.980451227012 0.191032686138
vn 0.0457805315375 0.953554009194 0.297722848438
vn 0.0457805315375 0.953554009194 0.297722848438
vn 0.0457805315375 0.953554009194 0.297722848438
vn 0.0457805315375 0.953554009194 0.297722848438
vn 0.0450504220318 0.937876352148 0.344032567581
vn 0.0450504220318 0.937876352148 0.344032567581
vn 0.0450504220318 0.937876352148 0.344032567581
vn 0.0450504220318 0.937876352148 0.344032567581
vn 0.00314142193124 0.950707928381 0.310071872929
vn 0.00314142193124 0.950707928381 0.310071872929
vn 0.00314142193124 0.950707928381 0.310071872929
vn 0.00314142193124 0.950707928381 0.310071872929
vn 0.0922403040007 0.510157365506 -0.855120569708
vn 0.0922403040007 0.510157365506 -0.855120569708
vn 0.0922403040007 0.510157365506 -0.855120569708
vn 0.0922403040007 0.510157365506 -0.855120569708
vn 0.0957191550957 0.529417181756 -0.842944417509
vn 0.0957191550957 0.529417181756 -0.842944417509
vn 0.0957191550957 0.529417181756 -0.842944417509
vn 0.0957191550957 0.529417181756 -0.842944417509
vn 0.0993011864385 0.549191678542 -0.829775737529
vn 0.0993011864385 0.549191678542 -0.829775737529
vn 0.0993011864385 0.549191678542 -0.829775737529
vn 0.0993011864385 0.549191678542 -0.829775737529
vn 0.104724752739 0.578963666348 -0.808599900576
vn 0.104724752739 0.578963666348 -0.808599900576
vn 0.104724752739 0.578963666348 -0.808599900576
vn 0.104724752739 0.578963666348 -0.808599900576
vn 0.114763585619 0.634741008122 -0.76415520153
vn 0.114763585619 0.634741008122 -0.76415520153
vn 0.114763585619 0.634741008122 -0.76415520153
vn 0.114763585619 0.634741008122 -0.76415520153
vn 0.128864565792 0.712782121073 -0.689445843821
vn 0.128864565792 0.712782121073 -0.689445843821
vn 0.128864565792 0.712782121073 -0.689445843821
vn 0.128864565792 0.712782121073 -0.689445843821
vn 0.138629382161 0.766543549208 -0.627050940171
vn 0.138629382161 0.766543549208 -0.627050940171
vn 0.138629382161 0.766543549208 -0.627050940171
vn 0.138629382161 0.766543549208 -0.627050940171
vn 0.148886023794 0.823499544428 -0.547431687287
vn 0.148886023794 0.823499544428 -0.547431687287
vn 0.148886023794 0.823499544428 -0.547431687287
vn 0.148886023794 0.823499544428 -0.547431687287
vn 0.159560430412 0.882529295988 -0.442360159564
vn 0.159560430412 0.882529295988 -0.442360159564
vn 0.159560430412 0.882529295988 -0.442360159564
vn 0.159560430412 0.882529295988 -0.442360159564
vn 0.169776938979 0.93907570715 -0.298852149452
vn 0.169776938979 0.93907570715 -0.298852149452
vn 0.169776938979 0.93907570715 -0.298852149452
vn 0.169776938979 0.93907570715 -0.298852149452
vn 0.177822949937 0.983573844665 -0.0310079113673
vn 0.177822949937 0.983573844665 -0.0310079113673
vn 0.177822949937 0.983573844665 -0.0310079113673
vn 0.177822949937 0.983573844665 -0.0310079113673
vn 0.174722029427 0.966029192599 0.19042009211
vn 0.174722029427 0.966029192599 0.19042009211
vn 0.174722029427 0.966029192599 0.19042009211
vn 0.174722029427 0.966029192599 0.19042009211
vn 0.169870709214 0.939594386196 0.297163812704
vn 0.169870709214 0.939594386196 0.297163812704
vn 0.169870709214 0.939594386196 0.297163812704
vn 0.169870709214 0.939594386196 0.297163812704
vn 0.167184991895 0.924362716457 0.34293256904
vn 0.167184991895 0.924362716457 0.34293256904
vn 0.167184991895 0.924362716457 0.34293256904
vn 0.167184991895 0.924362716457 0.34293256904
vn 0.169123774555 0.935367743193 0.310619274796
vn 0.169123774555 0.935367743193 0.310619274796
vn 0.169123774555 0.935367743193 0.310619274796
vn 0.169123774555 0.935367743193 0.310619274796
vn 0.237000722965 0.460163935295 -0.85561662558
vn 0.237000722965 0.460163935295 -0.85561662558
vn 0.237000722965 0.460163935295 -0.85561662558
vn 0.237000722965 0.460163935295 -0.85561662558
vn 0.245935537198 0.47755385532 -0.843479713338
vn 0.245935537198 0.47755385532 -0.843479713338
vn 0.245935537198 0.47755385532 -0.843479713338
vn 0.245935537198 0.47755385532 -0.843479713338
vn 0.255141438478 0.495358643503 -0.830375012075
vn 0.255141438478 0.495358643503 -0.830375012075
vn 0.255141438478 0.495358643503 -0.830375012075
vn 0.255141438478 0.495358643503 -0.830375012075
vn 0.268945952583 0.522216400107 -0.809294820229
vn 0.268945952583 0.522216400107 -0.809294820229
vn 0.268945952583 0.522216400107 -0.809294820229
vn 0.268945952583 0.522216400107 -0.809294820229
vn 0.294927818244 0.572695727887 -0.764877235435
vn 0.294927818244 0.572695727887 -0.764877235435
vn 0.294927818244 0.572695727887 -0.764877235435
vn 0.294927818244 0.572695727887 -0.764877235435
vn 0.331350804343 0.643317952644 -0.69018016218
vn 0.331350804343 0.643317952644 -0.69018016218
vn 0.331350804343 0.643317952644 -0.69018016218
vn 0.331350804343 0.643317952644 -0.69018016218
vn 0.356471130351 0.692074885714 -0.627662875906
vn 0.356402638439 0.692094226626 -0.627680444801
vn 0.356402638439 0.692094226626 -0.627680444801
vn 0.356471130351 0.692074885714 -0.627662875906
vn 0.356402638439 0.692094226626 -0.627680444801
vn 0.356471130351 0.692074885714 -0.627662875906
vn 0.382801250322 0.743331960036 -0.548562484993
vn 0.382801250322 0.743331960036 -0.548562484993
vn 0.382801250322 0.743331960036 -0.548562484993
vn 0.382801250322 0.743331960036 -0.548562484993
vn 0.410403570848 0.796893162575 -0.443317263904
vn 0.410403570848 0.796893162575 -0.443317263904
vn 0.410403570848 0.796893162575 -0.443317263904
vn 0.410403570848 0.796893162575 -0.443317263904
vn 0.436830280709 0.848251233907 -0.299414679052
vn 0.436830280709 0.848251233907 -0.299414679052
vn 0.436830280709 0.848251233907 -0.299414679052
vn 0.436830280709 0.848251233907 -0.299414679052
vn 0.457672075928 0.88855749828 -0.0316519061862
vn 0.457672075928 0.88855749828 -0.0316519061862
vn 0.457672075928 0.88855749828 -0.0316519061862
vn 0.457672075928 0.88855749828 -0.0316519061862
vn 0.44947326963 0.872628234169 0.191033360488
vn 0.44947326963 0.872628234169 0.191033360488
vn 0.44947326963 0.872628234169 0.191033360488
vn 0.44947326963 0.872628234169 0.191033360488
vn 0.437071974922 0.848720550425 0.297727251062
vn 0.437071974922 0.848720550425 0.297727251062
vn 0.437071974922 0.848720550425 0.297727251062
vn 0.437071974922 0.848720550425 0.297727251062
vn 0.429893351295 0.834769934318 0.344021602915
vn 0.429893351295 0.834769934318 0.344021602915
vn 0.429893351295 0.834769934318 0.344021602915
vn 0.429893351295 0.834769934318 0.344021602915
vn 0.472620524185 0.824920342408 0.310058492547
vn 0.472620524185 0.824920342408 0.310058492547
vn 0.472620524185 0.824920342408 0.310058492547
vn 0.472620524185 0.824920342408 0.310058492547
vn 0.175174271642 0.487909033487 -0.855136684745
vn 0.175174271642 0.487909033487 -0.855136684745
vn 0.175174271642 0.487909033487 -0.855136684745
vn 0.175174271642 0.487909033487 -0.855136684745
vn 0.181802200674 0.506377816908 -0.842929099257
vn 0.181802200674 0.506377816908 -0.842929099257
vn 0.181802200674 0.506377816908 -0.842929099257
vn 0.181802200674 0.506377816908 -0.842929099257
vn 0.188582301391 0.525258693446 -0.82978311658
vn 0.188582301391 0.525258693446 -0.82978311658
vn 0.188582301391 0.525258693446 -0.82978311658
vn 0.188582301391 0.525258693446 -0.82978311658
vn 0.198801960081 0.553758197639 -0.808597328227
vn 0.198801960081 0.553758197639 -0.808597328227
vn 0.198801960081 0.553758197639 -0.808597328227
vn 0.198801960081 0.553758197639 -0.808597328227
vn 0.217978675636 0.607113896163 -0.764132196713
vn 0.217978675636 0.607113896163 -0.764132196713
vn 0.217978675636 0.607113896163 -0.764132196713
vn 0.217978675636 0.607113896163 -0.764132196713
vn 0.244767783687 0.681732814416 -0.689441151816
vn 0.244767783687 0.681732814416 -0.689441151816
vn 0.244767783687 0.681732814416 -0.689441151816
vn 0.244767783687 0.681732814416 -0.689441151816
vn 0.263203996095 0.733171880669 -0.627042781504
vn 0.263203996095 0.733171880669 -0.627042781504
vn 0.263203996095 0.733171880669 -0.627042781504
vn 0.263203996095 0.733171880669 -0.627042781504
vn 0.282788791347 0.787636595058 -0.547411265516
vn 0.282788791347 0.787636595058 -0.547411265516
vn 0.282788791347 0.787636595058 -0.547411265516
vn 0.282788791347 0.787636595058 -0.547411265516
vn 0.303036597473 0.844077015173 -0.44238310665
vn 0.303036597473 0.844077015173 -0.44238310665
vn 0.303036597473 0.844077015173 -0.44238310665
vn 0.303036597473 0.844077015173 -0.44238310665
vn 0.322448366815 0.898173942878 -0.298848823108
vn 0.322448366815 0.898173942878 -0.298848823108
vn 0.322448366815 0.898173942878 -0.298848823108
vn 0.322448366815 0.898173942878 -0.298848823108
vn 0.337731822623 0.94073155017 -0.0310059107584
vn 0.337731822623 0.94073155017 -0.0310059107584
vn 0.337731822623 0.94073155017 -0.0310059107584
vn 0.337731822623 0.94073155017 -0.0310059107584
vn 0.331750235853 0.923950933105 0.190411276521
vn 0.331750235853 0.923950933105 0.190411276521
vn 0.331750235853 0.923950933105 0.190411276521
vn 0.331750235853 0.923950933105 0.190411276521
vn 0.322626457368 0.898670026919 0.297160481429
vn 0.322626457368 0.898670026919 0.297160481429
vn 0.322626457368 0.898670026919 0.297160481429
vn 0.322626457368 0.898670026919 0.297160481429
vn 0.317436315798 0.884098702264 0.342933915014
vn 0.317436315798 0.884098702264 0.342933915014
vn 0.317436315798 0.884098702264 0.342933915014
vn 0.317436315798 0.884098702264 0.342933915014
vn 0.321206636724 0.894619959148 0.310614592732
vn 0.321206636724 0.894619959148 0.310614592732
vn 0.321206636724 0.894619959148 0.310614592732
vn 0.321206636724 0.894619959148 0.310614592732
vn 0.280010741891 0.435322942405 -0.855621364998
vn 0.280010741891 0.435322942405 -0.855621364998
vn 0.280010741891 0.435322942405 -0.855621364998
vn 0.280010741891 0.435322942405 -0.855621364998
vn 0.29059726036 0.451788358842 -0.843469330258
vn 0.29059726036 0.451788358842 -0.843469330258
vn 0.29059726036 0.451788358842 -0.843469330258
vn 0.29059726036 0.451788358842 -0.843469330258
vn 0.301408487811 0.468609860798 -0.830396123448
vn 0.301408487811 0.468609860798 -0.830396123448
vn 0.301408487811 0.468609860798 -0.830396123448
vn 0.301408487811 0.468609860798 -0.830396123448
vn 0.317770652446 0.494042976215 -0.809285703628
vn 0.317770652446 0.494042976215 -0.809285703628
vn 0.317770652446 0.494042976215 -0.809285703628
vn 0.317770652446 0.494042976215 -0.809285703628
vn 0.348500082004 0.541776482523 -0.764869881632
vn 0.348500082004 0.541776482523 -0.764869881632
vn 0.348500082004 0.541776482523 -0.764869881632
vn 0.348500082004 0.541776482523 -0.764869881632
vn 0.391483651253 0.608584449591 -0.690192377904
vn 0.391483651253 0.608584449591 -0.690192377904
vn 0.391483651253 0.608584449591 -0.690192377904
vn 0.391483651253 0.608584449591 -0.690192377904
vn 0.421118691668 0.654742292815 -0.627671552268
vn 0.421118691668 0.654742292815 -0.627671552268
vn 0.421118691668 0.654742292815 -0.627671552268
vn 0.421118691668 0.654742292815 -0.627671552268
vn 0.452317227502 0.703184366328 -0.54858078043
vn 0.452317227502 0.703184366328 -0.54858078043
vn 0.452317227502 0.703184366328 -0.54858078043
vn 0.452317227502 0.703184366328 -0.54858078043
vn 0.484911903525 0.753887883624 -0.443298437562
vn 0.484911903525 0.753887883624 -0.443298437562
vn 0.484911903525 0.753887883624 -0.443298437562
vn 0.484911903525 0.753887883624 -0.443298437562
vn 0.516148751206 0.802452248472 -0.299434225749
vn 0.516109191761 0.802486268128 -0.299411241682
vn 0.516148751206 0.802452248472 -0.299434225749
vn 0.516148751206 0.802452248472 -0.299434225749
vn 0.516109191761 0.802486268128 -0.299411241682
vn 0.516109191761 0.802486268128 -0.299411241682
vn 0.540739198149 0.840594579931 -0.0316523581306
vn 0.540739198149 0.840594579931 -0.0316523581306
vn 0.540739198149 0.840594579931 -0.0316523581306
vn 0.540739198149 0.840594579931 -0.0316523581306
vn 0.530972783916 0.825575769119 0.191030238929
vn 0.530972783916 0.825575769119 0.191030238929
vn 0.530972783916 0.825575769119 0.191030238929
vn 0.530972783916 0.825575769119 0.191030238929
vn 0.516394731687 0.802930247342 0.297723863654
vn 0.516394731687 0.802930247342 0.297723863654
vn 0.516394731687 0.802930247342 0.297723863654
vn 0.516394731687 0.802930247342 0.297723863654
vn 0.507946459697 0.789710500501 0.344017033705
vn 0.507946459697 0.789710500501 0.344017033705
vn 0.507946459697 0.789710500501 0.344017033705
vn 0.507946459697 0.789710500501 0.344017033705
vn 0.478049856837 0.821785037714 0.310060778183
vn 0.478049856837 0.821785037714 0.310060778183
vn 0.478049856837 0.821785037714 0.310060778183
vn 0.478049856837 0.821785037714 0.310060778183
vn 0.33498747311 0.395660816851 -0.855123330794
vn 0.33498747311 0.395660816851 -0.855123330794
vn 0.33498747311 0.395660816851 -0.855123330794
vn 0.33498747311 0.395660816851 -0.855123330794
vn 0.347613101043 0.410614173583 -0.842947882396
vn 0.347613101043 0.410614173583 -0.842947882396
vn 0.347613101043 0.410614173583 -0.842947882396
vn 0.347613101043 0.410614173583 -0.842947882396
vn 0.360610343214 0.425951999982 -0.829774110272
vn 0.360610343214 0.425951999982 -0.829774110272
vn 0.360610343214 0.425951999982 -0.829774110272
vn 0.360610343214 0.425951999982 -0.829774110272
vn 0.380163199709 0.449037704653 -0.808604403517
vn 0.380163199709 0.449037704653 -0.808604403517
vn 0.380163199709 0.449037704653 -0.808604403517
vn 0.380163199709 0.449037704653 -0.808604403517
vn 0.416759769663 0.492307727993 -0.76416254511
vn 0.416759769663 0.492307727993 -0.76416254511
vn 0.416759769663 0.492307727993 -0.76416254511
vn 0.416759769663 0.492307727993 -0.76416254511
vn 0.468003334489 0.552861884073 -0.689432096763
vn 0.468003334489 0.552861884073 -0.689432096763
vn 0.468003334489 0.552861884073 -0.689432096763
vn 0.468003334489 0.552861884073 -0.689432096763
vn 0.503327987679 0.594542446528 -0.627040840851
vn 0.503327987679 0.594542446528 -0.627040840851
vn 0.503327987679 0.594542446528 -0.627040840851
vn 0.503327987679 0.594542446528 -0.627040840851
vn 0.540679135241 0.638755030001 -0.547410343676
vn 0.540708181721 0.638705228462 -0.547439762308
vn 0.540679135241 0.638755030001 -0.547410343676
vn 0.540679135241 0.638755030001 -0.547410343676
vn 0.540708181721 0.638705228462 -0.547439762308
vn 0.540708181721 0.638705228462 -0.547439762308
vn 0.579444116937 0.684503218704 -0.442379767769
vn 0.579503853078 0.684467538551 -0.442356725888
vn 0.579503853078 0.684467538551 -0.442356725888
vn 0.579503853078 0.684467538551 -0.442356725888
vn 0.579444116937 0.684503218704 -0.442379767769
vn 0.579444116937 0.684503218704 -0.442379767769
vn 0.616631399033 0.728320594013 -0.298855868376
vn 0.616631399033 0.728320594013 -0.298855868376
vn 0.616631399033 0.728320594013 -0.298855868376
vn 0.616631399033 0.728320594013 -0.298855868376
vn 0.645815329141 0.762863737562 -0.0310077177524
vn 0.645815329141 0.762863737562 -0.0310077177524
vn 0.645815329141 0.762863737562 -0.0310077177524
vn 0.645815329141 0.762863737562 -0.0310077177524
vn 0.634276826327 0.749287381724 0.190424071937
vn 0.634276826327 0.749287381724 0.190424071937
vn 0.634276826327 0.749287381724 0.190424071937
vn 0.634276826327 0.749287381724 0.190424071937
vn 0.616929009224 0.728767703322 0.297146819219
vn 0.616971982342 0.728722874387 0.29716753751
vn 0.616929009224 0.728767703322 0.297146819219
vn 0.616971982342 0.728722874387 0.29716753751
vn 0.616929009224 0.728767703322 0.297146819219
vn 0.616971982342 0.728722874387 0.29716753751
vn 0.606950598634 0.716937462405 0.342945543515
vn 0.606950598634 0.716937462405 0.342945543515
vn 0.606950598634 0.716937462405 0.342945543515
vn 0.606950598634 0.716937462405 0.342945543515
vn 0.614145100761 0.725496376463 0.310613591059
vn 0.614145100761 0.725496376463 0.310613591059
vn 0.614145100761 0.725496376463 0.310613591059
vn 0.614145100761 0.725496376463 0.310613591059
vn 0.435322942405 0.280010741891 -0.855621364998
vn 0.435322942405 0.280010741891 -0.855621364998
vn 0.435322942405 0.280010741891 -0.855621364998
vn 0.435322942405 0.280010741891 -0.855621364998
vn 0.451788358842 0.29059726036 -0.843469330258
vn 0.451788358842 0.29059726036 -0.843469330258
vn 0.451788358842 0.29059726036 -0.843469330258
vn 0.451788358842 0.29059726036 -0.843469330258
vn 0.468609860798 0.301408487811 -0.830396123448
vn 0.468609860798 0.301408487811 -0.830396123448
vn 0.468609860798 0.301408487811 -0.830396123448
vn 0.468609860798 0.301408487811 -0.830396123448
vn 0.494042976215 0.317770652446 -0.809285703628
vn 0.494042976215 0.317770652446 -0.809285703628
vn 0.494042976215 0.317770652446 -0.809285703628
vn 0.494042976215 0.317770652446 -0.809285703628
vn 0.541776482523 0.348500082004 -0.764869881632
vn 0.541776482523 0.348500082004 -0.764869881632
vn 0.541776482523 0.348500082004 -0.764869881632
vn 0.541776482523 0.348500082004 -0.764869881632
vn 0.608584449591 0.391483651253 -0.690192377904
vn 0.608584449591 0.391483651253 -0.690192377904
vn 0.608584449591 0.391483651253 -0.690192377904
vn 0.608584449591 0.391483651253 -0.690192377904
vn 0.654533952182 0.420984698887 -0.627978653096
vn 0.654742292815 0.421118691668 -0.627671552268
vn 0.654742292815 0.421118691668 -0.627671552268
vn 0.654742292815 0.421118691668 -0.627671552268
vn 0.654533952182 0.420984698887 -0.627978653096
vn 0.654533952182 0.420984698887 -0.627978653096
vn 0.703184366328 0.452317227502 -0.54858078043
vn 0.703184366328 0.452317227502 -0.54858078043
vn 0.703184366328 0.452317227502 -0.54858078043
vn 0.703184366328 0.452317227502 -0.54858078043
vn 0.753887883624 0.484911903525 -0.443298437562
vn 0.753887883624 0.484911903525 -0.443298437562
vn 0.753887883624 0.484911903525 -0.443298437562
vn 0.753887883624 0.484911903525 -0.443298437562
vn 0.802486268128 0.516109191761 -0.299411241682
vn 0.802486268128 0.516109191761 -0.299411241682
vn 0.802486268128 0.516109191761 -0.299411241682
vn 0.802486268128 0.516109191761 -0.299411241682
vn 0.840594579931 0.540739198149 -0.0316523581306
vn 0.840594579931 0.540739198149 -0.0316523581306
vn 0.840594579931 0.540739198149 -0.0316523581306
vn 0.840594579931 0.540739198149 -0.0316523581306
vn 0.82567570727 0.531037052536 0.190418684109
vn 0.825575769119 0.530972783916 0.191030238929
vn 0.825575769119 0.530972783916 0.191030238929
vn 0.82567570727 0.531037052536 0.190418684109
vn 0.825575769119 0.530972783916 0.191030238929
vn 0.82567570727 0.531037052536 0.190418684109
vn 0.802930247342 0.516394731687 0.297723863654
vn 0.802930247342 0.516394731687 0.297723863654
vn 0.802930247342 0.516394731687 0.297723863654
vn 0.802930247342 0.516394731687 0.297723863654
vn 0.789710500501 0.507946459697 0.344017033705
vn 0.789710500501 0.507946459697 0.344017033705
vn 0.789710500501 0.507946459697 0.344017033705
vn 0.789710500501 0.507946459697 0.344017033705
vn 0.821785037714 0.478049856837 0.310060778183
vn 0.821785037714 0.478049856837 0.310060778183
vn 0.821785037714 0.478049856837 0.310060778183
vn 0.821785037714 0.478049856837 0.310060778183
vn 0.395660816851 0.33498747311 -0.855123330794
vn 0.395660816851 0.33498747311 -0.855123330794
vn 0.395660816851 0.33498747311 -0.855123330794
vn 0.395660816851 0.33498747311 -0.855123330794
vn 0.410614173583 0.347613101043 -0.842947882396
vn 0.410614173583 0.347613101043 -0.842947882396
vn 0.410614173583 0.347613101043 -0.842947882396
vn 0.410614173583 0.347613101043 -0.842947882396
vn 0.425951999982 0.360610343214 -0.829774110272
vn 0.425951999982 0.360610343214 -0.829774110272
vn 0.425951999982 0.360610343214 -0.829774110272
vn 0.425951999982 0.360610343214 -0.829774110272
vn 0.449037704653 0.380163199709 -0.808604403517
vn 0.449037704653 0.380163199709 -0.808604403517
vn 0.449037704653 0.380163199709 -0.808604403517
vn 0.449037704653 0.380163199709 -0.808604403517
vn 0.492307727993 0.416759769663 -0.76416254511
vn 0.492307727993 0.416759769663 -0.76416254511
vn 0.492307727993 0.416759769663 -0.76416254511
vn 0.492307727993 0.416759769663 -0.76416254511
vn 0.552861884073 0.468003334489 -0.689432096763
vn 0.552861884073 0.468003334489 -0.689432096763
vn 0.552861884073 0.468003334489 -0.689432096763
vn 0.552861884073 0.468003334489 -0.689432096763
vn 0.594542446528 0.503327987679 -0.627040840851
vn 0.594542446528 0.503327987679 -0.627040840851
vn 0.594542446528 0.503327987679 -0.627040840851
vn 0.594542446528 0.503327987679 -0.627040840851
vn 0.638755030001 0.540679135241 -0.547410343676
vn 0.638705228462 0.540708181721 -0.547439762308
vn 0.638705228462 0.540708181721 -0.547439762308
vn 0.638755030001 0.540679135241 -0.547410343676
vn 0.638705228462 0.540708181721 -0.547439762308
vn 0.638755030001 0.540679135241 -0.547410343676
vn 0.684503218704 0.579444116937 -0.442379767769
vn 0.684467538551 0.579503853078 -0.442356725888
vn 0.684503218704 0.579444116937 -0.442379767769
vn 0.684467538551 0.579503853078 -0.442356725888
vn 0.684503218704 0.579444116937 -0.442379767769
vn 0.684467538551 0.579503853078 -0.442356725888
vn 0.728320594013 0.616631399033 -0.298855868376
vn 0.728320594013 0.616631399033 -0.298855868376
vn 0.728320594013 0.616631399033 -0.298855868376
vn 0.728320594013 0.616631399033 -0.298855868376
vn 0.762863737562 0.645815329141 -0.0310077177524
vn 0.762863737562 0.645815329141 -0.0310077177524
vn 0.762863737562 0.645815329141 -0.0310077177524
vn 0.762863737562 0.645815329141 -0.0310077177524
vn 0.749287381724 0.634276826327 0.190424071937
vn 0.749287381724 0.634276826327 0.190424071937
vn 0.749287381724 0.634276826327 0.190424071937
vn 0.749287381724 0.634276826327 0.190424071937
vn 0.728722874387 0.616971982342 0.29716753751
vn 0.728722874387 0.616971982342 0.29716753751
vn 0.728722874387 0.616971982342 0.29716753751
vn 0.728722874387 0.616971982342 0.29716753751
vn 0.716937462405 0.606950598634 0.342945543515
vn 0.716937462405 0.606950598634 0.342945543515
vn 0.716937462405 0.606950598634 0.342945543515
vn 0.716937462405 0.606950598634 0.342945543515
vn 0.725496376463 0.614145100761 0.310613591059
vn 0.725496376463 0.614145100761 0.310613591059
vn 0.725496376463 0.614145100761 0.310613591059
vn 0.725496376463 0.614145100761 0.310613591059
vn 0.460163935295 0.237000722965 -0.85561662558
vn 0.460163935295 0.237000722965 -0.85561662558
vn 0.460163935295 0.237000722965 -0.85561662558
vn 0.460163935295 0.237000722965 -0.85561662558
vn 0.47755385532 0.245935537198 -0.843479713338
vn 0.47755385532 0.245935537198 -0.843479713338
vn 0.47755385532 0.245935537198 -0.843479713338
vn 0.47755385532 0.245935537198 -0.843479713338
vn 0.495358643503 0.255141438478 -0.830375012075
vn 0.495358643503 0.255141438478 -0.830375012075
vn 0.495358643503 0.255141438478 -0.830375012075
vn 0.495358643503 0.255141438478 -0.830375012075
vn 0.522216400107 0.268945952583 -0.809294820229
vn 0.522216400107 0.268945952583 -0.809294820229
vn 0.522216400107 0.268945952583 -0.809294820229
vn 0.522216400107 0.268945952583 -0.809294820229
vn 0.572695727887 0.294927818244 -0.764877235435
vn 0.572695727887 0.294927818244 -0.764877235435
vn 0.572695727887 0.294927818244 -0.764877235435
vn 0.572695727887 0.294927818244 -0.764877235435
vn 0.643317952644 0.331350804343 -0.69018016218
vn 0.643317952644 0.331350804343 -0.69018016218
vn 0.643317952644 0.331350804343 -0.69018016218
vn 0.643317952644 0.331350804343 -0.69018016218
vn 0.692094226626 0.356402638439 -0.627680444801
vn 0.692094226626 0.356402638439 -0.627680444801
vn 0.692094226626 0.356402638439 -0.627680444801
vn 0.692094226626 0.356402638439 -0.627680444801
vn 0.743331960036 0.382801250322 -0.548562484993
vn 0.743331960036 0.382801250322 -0.548562484993
vn 0.743331960036 0.382801250322 -0.548562484993
vn 0.743331960036 0.382801250322 -0.548562484993
vn 0.796893162575 0.410403570848 -0.443317263904
vn 0.796893162575 0.410403570848 -0.443317263904
vn 0.796893162575 0.410403570848 -0.443317263904
vn 0.796893162575 0.410403570848 -0.443317263904
vn 0.848251233907 0.436830280709 -0.299414679052
vn 0.848251233907 0.436830280709 -0.299414679052
vn 0.848251233907 0.436830280709 -0.299414679052
vn 0.848251233907 0.436830280709 -0.299414679052
vn 0.88855749828 0.457672075928 -0.0316519061862
vn 0.88855749828 0.457672075928 -0.0316519061862
vn 0.88855749828 0.457672075928 -0.0316519061862
vn 0.88855749828 0.457672075928 -0.0316519061862
vn 0.872628234169 0.44947326963 0.191033360488
vn 0.872628234169 0.44947326963 0.191033360488
vn 0.872628234169 0.44947326963 0.191033360488
vn 0.872628234169 0.44947326963 0.191033360488
vn 0.848720550425 0.437071974922 0.297727251062
vn 0.848720550425 0.437071974922 0.297727251062
vn 0.848720550425 0.437071974922 0.297727251062
vn 0.848720550425 0.437071974922 0.297727251062
vn 0.834769934318 0.429893351295 0.344021602915
vn 0.834769934318 0.429893351295 0.344021602915
vn 0.834769934318 0.429893351295 0.344021602915
vn 0.834769934318 0.429893351295 0.344021602915
vn 0.824920342408 0.472620524185 0.310058492547
vn 0.824920342408 0.472620524185 0.310058492547
vn 0.824920342408 0.472620524185 0.310058492547
vn 0.824920342408 0.472620524185 0.310058492547
vn 0.487909033487 0.175174271642 -0.855136684745
vn 0.487909033487 0.175174271642 -0.855136684745
vn 0.487909033487 0.175174271642 -0.855136684745
vn 0.487909033487 0.175174271642 -0.855136684745
vn 0.506377816908 0.181802200674 -0.842929099257
vn 0.506377816908 0.181802200674 -0.842929099257
vn 0.506377816908 0.181802200674 -0.842929099257
vn 0.506377816908 0.181802200674 -0.842929099257
vn 0.525258693446 0.188582301391 -0.82978311658
vn 0.525258693446 0.188582301391 -0.82978311658
vn 0.525258693446 0.188582301391 -0.82978311658
vn 0.525258693446 0.188582301391 -0.82978311658
vn 0.553758197639 0.198801960081 -0.808597328227
vn 0.553758197639 0.198801960081 -0.808597328227
vn 0.553758197639 0.198801960081 -0.808597328227
vn 0.553758197639 0.198801960081 -0.808597328227
vn 0.607113896163 0.217978675636 -0.764132196713
vn 0.607113896163 0.217978675636 -0.764132196713
vn 0.607113896163 0.217978675636 -0.764132196713
vn 0.607113896163 0.217978675636 -0.764132196713
vn 0.681732814416 0.244767783687 -0.689441151816
vn 0.681732814416 0.244767783687 -0.689441151816
vn 0.681732814416 0.244767783687 -0.689441151816
vn 0.681732814416 0.244767783687 -0.689441151816
vn 0.733171880669 0.263203996095 -0.627042781504
vn 0.733171880669 0.263203996095 -0.627042781504
vn 0.733171880669 0.263203996095 -0.627042781504
vn 0.733171880669 0.263203996095 -0.627042781504
vn 0.787636595058 0.282788791347 -0.547411265516
vn 0.787636595058 0.282788791347 -0.547411265516
vn 0.787636595058 0.282788791347 -0.547411265516
vn 0.787636595058 0.282788791347 -0.547411265516
vn 0.844077015173 0.303036597473 -0.44238310665
vn 0.844077015173 0.303036597473 -0.44238310665
vn 0.844077015173 0.303036597473 -0.44238310665
vn 0.844077015173 0.303036597473 -0.44238310665
vn 0.898173942878 0.322448366815 -0.298848823108
vn 0.898173942878 0.322448366815 -0.298848823108
vn 0.898173942878 0.322448366815 -0.298848823108
vn 0.898173942878 0.322448366815 -0.298848823108
vn 0.94073155017 0.337731822623 -0.0310059107584
vn 0.94073155017 0.337731822623 -0.0310059107584
vn 0.94073155017 0.337731822623 -0.0310059107584
vn 0.94073155017 0.337731822623 -0.0310059107584
vn 0.923950933105 0.331750235853 0.190411276521
vn 0.923950933105 0.331750235853 0.190411276521
vn 0.923950933105 0.331750235853 0.190411276521
vn 0.923950933105 0.331750235853 0.190411276521
vn 0.898670026919 0.322626457368 0.297160481429
vn 0.898670026919 0.322626457368 0.297160481429
vn 0.898670026919 0.322626457368 0.297160481429
vn 0.898670026919 0.322626457368 0.297160481429
vn 0.884098702264 0.317436315798 0.342933915014
vn 0.884098702264 0.317436315798 0.342933915014
vn 0.884098702264 0.317436315798 0.342933915014
vn 0.884098702264 0.317436315798 0.342933915014
vn 0.894619959148 0.321206636724 0.310614592732
vn 0.894619959148 0.321206636724 0.310614592732
vn 0.894619959148 0.321206636724 0.310614592732
vn 0.894619959148 0.321206636724 0.310614592732
vn 0.517010892262 0.0248434505753 -0.855618221081
vn 0.517010892262 0.0248434505753 -0.855618221081
vn 0.517010892262 0.0248434505753 -0.855618221081
vn 0.517010892262 0.0248434505753 -0.855618221081
vn 0.536538284089 0.0257600309017 -0.843482715006
vn 0.536538284089 0.0257600309017 -0.843482715006
vn 0.536538284089 0.0257600309017 -0.843482715006
vn 0.536538284089 0.0257600309017 -0.843482715006
vn 0.556549210842 0.0267038426075 -0.830385380833
vn 0.556549210842 0.0267038426075 -0.830385380833
vn 0.556549210842 0.0267038426075 -0.830385380833
vn 0.556549210842 0.0267038426075 -0.830385380833
vn 0.586722502443 0.0281679642738 -0.80929801119
vn 0.586722502443 0.0281679642738 -0.80929801119
vn 0.586722502443 0.0281679642738 -0.80929801119
vn 0.586722502443 0.0281679642738 -0.80929801119
vn 0.643432330323 0.0309140914384 -0.764878523195
vn 0.643432330323 0.0309140914384 -0.764878523195
vn 0.643432330323 0.0309140914384 -0.764878523195
vn 0.643432330323 0.0309140914384 -0.764878523195
vn 0.722779780802 0.0347455141358 -0.690204417337
vn 0.722779780802 0.0347455141358 -0.690204417337
vn 0.722779780802 0.0347455141358 -0.690204417337
vn 0.722779780802 0.0347455141358 -0.690204417337
vn 0.777587123552 0.0373417523712 -0.627665403552
vn 0.777587123552 0.0373417523712 -0.627665403552
vn 0.777587123552 0.0373417523712 -0.627665403552
vn 0.777587123552 0.0373417523712 -0.627665403552
vn 0.835134530839 0.0400884710641 -0.548582928906
vn 0.835134530839 0.0400884710641 -0.548582928906
vn 0.835134530839 0.0400884710641 -0.548582928906
vn 0.835134530839 0.0400884710641 -0.548582928906
vn 0.895334472738 0.0429731755629 -0.443316464966
vn 0.895334472738 0.0429731755629 -0.443316464966
vn 0.895334472738 0.0429731755629 -0.443316464966
vn 0.895334472738 0.0429731755629 -0.443316464966
vn 0.953026744705 0.0457552218463 -0.299410226195
vn 0.953026744705 0.0457552218463 -0.299410226195
vn 0.953026744705 0.0457552218463 -0.299410226195
vn 0.953026744705 0.0457552218463 -0.299410226195
vn 0.998346714373 0.0479782130791 -0.0316532615916
vn 0.998346714373 0.0479782130791 -0.0316532615916
vn 0.998346714373 0.0479782130791 -0.0316532615916
vn 0.998346714373 0.0479782130791 -0.0316532615916
vn 0.980451227012 0.0471370796381 0.191032686138
vn 0.980451227012 0.0471370796381 0.191032686138
vn 0.980451227012 0.0471370796381 0.191032686138
vn 0.980451227012 0.0471370796381 0.191032686138
vn 0.953554009194 0.0457805315375 0.297722848438
vn 0.953554009194 0.0457805315375 0.297722848438
vn 0.953554009194 0.0457805315375 0.297722848438
vn 0.953554009194 0.0457805315375 0.297722848438
vn 0.937876352148 0.0450504220318 0.344032567581
vn 0.937876352148 0.0450504220318 0.344032567581
vn 0.937876352148 0.0450504220318 0.344032567581
vn 0.937876352148 0.0450504220318 0.344032567581
vn 0.950707928381 0.00314142193124 0.310071872929
vn 0.950707928381 0.00314142193124 0.310071872929
vn 0.950707928381 0.00314142193124 0.310071872929
vn 0.950707928381 0.00314142193124 0.310071872929
vn 0.510157365506 0.0922403040007 -0.855120569708
vn 0.510157365506 0.0922403040007 -0.855120569708
vn 0.510157365506 0.0922403040007 -0.855120569708
vn 0.510157365506 0.0922403040007 -0.855120569708
vn 0.529417181756 0.0957191550957 -0.842944417509
vn 0.529417181756 0.0957191550957 -0.842944417509
vn 0.529417181756 0.0957191550957 -0.842944417509
vn 0.529417181756 0.0957191550957 -0.842944417509
vn 0.549191678542 0.0993011864385 -0.829775737529
vn 0.549191678542 0.0993011864385 -0.829775737529
vn 0.549191678542 0.0993011864385 -0.829775737529
vn 0.549191678542 0.0993011864385 -0.829775737529
vn 0.578963666348 0.104724752739 -0.808599900576
vn 0.578963666348 0.104724752739 -0.808599900576
vn 0.578963666348 0.104724752739 -0.808599900576
vn 0.578963666348 0.104724752739 -0.808599900576
vn 0.634741008122 0.114763585619 -0.76415520153
vn 0.634741008122 0.114763585619 -0.76415520153
vn 0.634741008122 0.114763585619 -0.76415520153
vn 0.634741008122 0.114763585619 -0.76415520153
vn 0.712782121073 0.128864565792 -0.689445843821
vn 0.712782121073 0.128864565792 -0.689445843821
vn 0.712782121073 0.128864565792 -0.689445843821
vn 0.712782121073 0.128864565792 -0.689445843821
vn 0.766543549208 0.138629382161 -0.627050940171
vn 0.766543549208 0.138629382161 -0.627050940171
vn 0.766543549208 0.138629382161 -0.627050940171
vn 0.766543549208 0.138629382161 -0.627050940171
vn 0.823499544428 0.148886023794 -0.547431687287
vn 0.823499544428 0.148886023794 -0.547431687287
vn 0.823499544428 0.148886023794 -0.547431687287
vn 0.823499544428 0.148886023794 -0.547431687287
vn 0.882529295988 0.159560430412 -0.442360159564
vn 0.882529295988 0.159560430412 -0.442360159564
vn 0.882529295988 0.159560430412 -0.442360159564
vn 0.882529295988 0.159560430412 -0.442360159564
vn 0.93907570715 0.169776938979 -0.298852149452
vn 0.93907570715 0.169776938979 -0.298852149452
vn 0.93907570715 0.169776938979 -0.298852149452
vn 0.93907570715 0.169776938979 -0.298852149452
vn 0.983573844665 0.177822949937 -0.0310079113673
vn 0.983573844665 0.177822949937 -0.0310079113673
vn 0.983573844665 0.177822949937 -0.0310079113673
vn 0.983573844665 0.177822949937 -0.0310079113673
vn 0.966029192599 0.174722029427 0.19042009211
vn 0.966029192599 0.174722029427 0.19042009211
vn 0.966029192599 0.174722029427 0.19042009211
vn 0.966029192599 0.174722029427 0.19042009211
vn 0.939594386196 0.169870709214 0.297163812704
vn 0.939594386196 0.169870709214 0.297163812704
vn 0.939594386196 0.169870709214 0.297163812704
vn 0.939594386196 0.169870709214 0.297163812704
vn 0.924362716457 0.167184991895 0.34293256904
vn 0.924362716457 0.167184991895 0.34293256904
vn 0.924362716457 0.167184991895 0.34293256904
vn 0.924362716457 0.167184991895 0.34293256904
vn 0.935367743193 0.169123774555 0.310619274796
vn 0.935367743193 0.169123774555 0.310619274796
vn 0.935367743193 0.169123774555 0.310619274796
vn 0.935367743193 0.169123774555 0.310619274796
vn 0.517010892262 -0.0248434505753 -0.855618221081
vn 0.517010892262 -0.0248434505753 -0.855618221081
vn 0.517010892262 -0.0248434505753 -0.855618221081
vn 0.517010892262 -0.0248434505753 -0.855618221081
vn 0.536538284089 -0.0257600309017 -0.843482715006
vn 0.536538284089 -0.0257600309017 -0.843482715006
vn 0.536538284089 -0.0257600309017 -0.843482715006
vn 0.536538284089 -0.0257600309017 -0.843482715006
vn 0.556549210842 -0.0267038426075 -0.830385380833
vn 0.556549210842 -0.0267038426075 -0.830385380833
vn 0.556549210842 -0.0267038426075 -0.830385380833
vn 0.556549210842 -0.0267038426075 -0.830385380833
vn 0.586722502443 -0.0281679642738 -0.80929801119
vn 0.586722502443 -0.0281679642738 -0.80929801119
vn 0.586722502443 -0.0281679642738 -0.80929801119
vn 0.586722502443 -0.0281679642738 -0.80929801119
vn 0.643432330323 -0.0309140914384 -0.764878523195
vn 0.643432330323 -0.0309140914384 -0.764878523195
vn 0.643432330323 -0.0309140914384 -0.764878523195
vn 0.643432330323 -0.0309140914384 -0.764878523195
vn 0.722779780802 -0.0347455141358 -0.690204417337
vn 0.722779780802 -0.0347455141358 -0.690204417337
vn 0.722779780802 -0.0347455141358 -0.690204417337
vn 0.722779780802 -0.0347455141358 -0.690204417337
vn 0.777587123552 -0.0373417523712 -0.627665403552
vn 0.777587123552 -0.0373417523712 -0.627665403552
vn 0.777587123552 -0.0373417523712 -0.627665403552
vn 0.777587123552 -0.0373417523712 -0.627665403552
vn 0.835134530839 -0.0400884710641 -0.548582928906
vn 0.835134530839 -0.0400884710641 -0.548582928906
vn 0.835134530839 -0.0400884710641 -0.548582928906
vn 0.835134530839 -0.0400884710641 -0.548582928906
vn 0.895334472738 -0.0429731755629 -0.443316464966
vn 0.895334472738 -0.0429731755629 -0.443316464966
vn 0.895334472738 -0.0429731755629 -0.443316464966
vn 0.895334472738 -0.0429731755629 -0.443316464966
vn 0.953026744705 -0.0457552218463 -0.299410226195
vn 0.953026744705 -0.0457552218463 -0.299410226195
vn 0.953026744705 -0.0457552218463 -0.299410226195
vn 0.953026744705 -0.0457552218463 -0.299410226195
vn 0.998346714373 -0.0479782130791 -0.0316532615916
vn 0.998346714373 -0.0479782130791 -0.0316532615916
vn 0.998346714373 -0.0479782130791 -0.0316532615916
vn 0.998346714373 -0.0479782130791 -0.0316532615916
vn 0.980451227012 -0.0471370796381 0.191032686138
vn 0.980451227012 -0.0471370796381 0.191032686138
vn 0.980451227012 -0.0471370796381 0.191032686138
vn 0.980451227012 -0.0471370796381 0.191032686138
vn 0.953554009194 -0.0457805315375 0.297722848438
vn 0.953554009194 -0.0457805315375 0.297722848438
vn 0.953554009194 -0.0457805315375 0.297722848438
vn 0.953554009194 -0.0457805315375 0.297722848438
vn 0.937876352148 -0.0450504220318 0.344032567581
vn 0.937876352148 -0.0450504220318 0.344032567581
vn 0.937876352148 -0.0450504220318 0.344032567581
vn 0.937876352148 -0.0450504220318 0.344032567581
vn 0.950707928381 -0.00314142193124 0.310071872929
vn 0.950707928381 -0.00314142193124 0.310071872929
vn 0.950707928381 -0.00314142193124 0.310071872929
vn 0.950707928381 -0.00314142193124 0.310071872929
vn 0.510157365506 -0.0922403040007 -0.855120569708
vn 0.510157365506 -0.0922403040007 -0.855120569708
vn 0.510157365506 -0.0922403040007 -0.855120569708
vn 0.510157365506 -0.0922403040007 -0.855120569708
vn 0.529417181756 -0.0957191550957 -0.842944417509
vn 0.529417181756 -0.0957191550957 -0.842944417509
vn 0.529417181756 -0.0957191550957 -0.842944417509
vn 0.529417181756 -0.0957191550957 -0.842944417509
vn 0.549191678542 -0.0993011864385 -0.829775737529
vn 0.549191678542 -0.0993011864385 -0.829775737529
vn 0.549191678542 -0.0993011864385 -0.829775737529
vn 0.549191678542 -0.0993011864385 -0.829775737529
vn 0.578963666348 -0.104724752739 -0.808599900576
vn 0.578963666348 -0.104724752739 -0.808599900576
vn 0.578963666348 -0.104724752739 -0.808599900576
vn 0.578963666348 -0.104724752739 -0.808599900576
vn 0.634741008122 -0.114763585619 -0.76415520153
vn 0.634741008122 -0.114763585619 -0.76415520153
vn 0.634741008122 -0.114763585619 -0.76415520153
vn 0.634741008122 -0.114763585619 -0.76415520153
vn 0.712782121073 -0.128864565792 -0.689445843821
vn 0.712782121073 -0.128864565792 -0.689445843821
vn 0.712782121073 -0.128864565792 -0.689445843821
vn 0.712782121073 -0.128864565792 -0.689445843821
vn 0.766543549208 -0.138629382161 -0.627050940171
vn 0.766543549208 -0.138629382161 -0.627050940171
vn 0.766543549208 -0.138629382161 -0.627050940171
vn 0.766543549208 -0.138629382161 -0.627050940171
vn 0.823499544428 -0.148886023794 -0.547431687287
vn 0.823499544428 -0.148886023794 -0.547431687287
vn 0.823499544428 -0.148886023794 -0.547431687287
vn 0.823499544428 -0.148886023794 -0.547431687287
vn 0.882529295988 -0.159560430412 -0.442360159564
vn 0.882529295988 -0.159560430412 -0.442360159564
vn 0.882529295988 -0.159560430412 -0.442360159564
vn 0.882529295988 -0.159560430412 -0.442360159564
vn 0.93907570715 -0.169776938979 -0.298852149452
vn 0.93907570715 -0.169776938979 -0.298852149452
vn 0.93907570715 -0.169776938979 -0.298852149452
vn 0.93907570715 -0.169776938979 -0.298852149452
vn 0.983573844665 -0.177822949937 -0.0310079113673
vn 0.983573844665 -0.177822949937 -0.0310079113673
vn 0.983573844665 -0.177822949937 -0.0310079113673
vn 0.983573844665 -0.177822949937 -0.0310079113673
vn 0.966029192599 -0.174722029427 0.19042009211
vn 0.966029192599 -0.174722029427 0.19042009211
vn 0.966029192599 -0.174722029427 0.19042009211
vn 0.966029192599 -0.174722029427 0.19042009211
vn 0.939594386196 -0.169870709214 0.297163812704
vn 0.939594386196 -0.169870709214 0.297163812704
vn 0.939594386196 -0.169870709214 0.297163812704
vn 0.939594386196 -0.169870709214 0.297163812704
vn 0.924362716457 -0.167184991895 0.34293256904
vn 0.924362716457 -0.167184991895 0.34293256904
vn 0.924362716457 -0.167184991895 0.34293256904
vn 0.924362716457 -0.167184991895 0.34293256904
vn 0.935367743193 -0.169123774555 0.310619274796
vn 0.935367743193 -0.169123774555 0.310619274796
vn 0.935367743193 -0.169123774555 0.310619274796
vn 0.935367743193 -0.169123774555 0.310619274796
vn 0.460163935295 -0.237000722965 -0.85561662558
vn 0.460163935295 -0.237000722965 -0.85561662558
vn 0.460163935295 -0.237000722965 -0.85561662558
vn 0.460163935295 -0.237000722965 -0.85561662558
vn 0.47755385532 -0.245935537198 -0.843479713338
vn 0.47755385532 -0.245935537198 -0.843479713338
vn 0.47755385532 -0.245935537198 -0.843479713338
vn 0.47755385532 -0.245935537198 -0.843479713338
vn 0.495358643503 -0.255141438478 -0.830375012075
vn 0.495358643503 -0.255141438478 -0.830375012075
vn 0.495358643503 -0.255141438478 -0.830375012075
vn 0.495358643503 -0.255141438478 -0.830375012075
vn 0.522216400107 -0.268945952583 -0.809294820229
vn 0.522216400107 -0.268945952583 -0.809294820229
vn 0.522216400107 -0.268945952583 -0.809294820229
vn 0.522216400107 -0.268945952583 -0.809294820229
vn 0.572695727887 -0.294927818244 -0.764877235435
vn 0.572695727887 -0.294927818244 -0.764877235435
vn 0.572695727887 -0.294927818244 -0.764877235435
vn 0.572695727887 -0.294927818244 -0.764877235435
vn 0.643317952644 -0.331350804343 -0.69018016218
vn 0.643317952644 -0.331350804343 -0.69018016218
vn 0.643317952644 -0.331350804343 -0.69018016218
vn 0.643317952644 -0.331350804343 -0.69018016218
vn 0.691873979921 -0.35628921848 -0.627987570501
vn 0.692094226626 -0.356402638439 -0.627680444801
vn 0.692094226626 -0.356402638439 -0.627680444801
vn 0.691873979921 -0.35628921848 -0.627987570501
vn 0.692094226626 -0.356402638439 -0.627680444801
vn 0.691873979921 -0.35628921848 -0.627987570501
vn 0.743331960036 -0.382801250322 -0.548562484993
vn 0.743331960036 -0.382801250322 -0.548562484993
vn 0.743331960036 -0.382801250322 -0.548562484993
vn 0.743331960036 -0.382801250322 -0.548562484993
vn 0.796893162575 -0.410403570848 -0.443317263904
vn 0.796893162575 -0.410403570848 -0.443317263904
vn 0.796893162575 -0.410403570848 -0.443317263904
vn 0.796893162575 -0.410403570848 -0.443317263904
vn 0.848251233907 -0.436830280709 -0.299414679052
vn 0.848251233907 -0.436830280709 -0.299414679052
vn 0.848251233907 -0.436830280709 -0.299414679052
vn 0.848251233907 -0.436830280709 -0.299414679052
vn 0.88855749828 -0.457672075928 -0.0316519061862
vn 0.88855749828 -0.457672075928 -0.0316519061862
vn 0.88855749828 -0.457672075928 -0.0316519061862
vn 0.88855749828 -0.457672075928 -0.0316519061862
vn 0.872733878973 -0.449527679976 0.190421746207
vn 0.872628234169 -0.44947326963 0.191033360488
vn 0.872628234169 -0.44947326963 0.191033360488
vn 0.872733878973 -0.449527679976 0.190421746207
vn 0.872628234169 -0.44947326963 0.191033360488
vn 0.872733878973 -0.449527679976 0.190421746207
vn 0.848720550425 -0.437071974922 0.297727251062
vn 0.848720550425 -0.437071974922 0.297727251062
vn 0.848720550425 -0.437071974922 0.297727251062
vn 0.848720550425 -0.437071974922 0.297727251062
vn 0.834769934318 -0.429893351295 0.344021602915
vn 0.834769934318 -0.429893351295 0.344021602915
vn 0.834769934318 -0.429893351295 0.344021602915
vn 0.834769934318 -0.429893351295 0.344021602915
vn 0.824920342408 -0.472620524185 0.310058492547
vn 0.824920342408 -0.472620524185 0.310058492547
vn 0.824920342408 -0.472620524185 0.310058492547
vn 0.824920342408 -0.472620524185 0.310058492547
vn 0.487909033487 -0.175174271642 -0.855136684745
vn 0.487909033487 -0.175174271642 -0.855136684745
vn 0.487909033487 -0.175174271642 -0.855136684745
vn 0.487909033487 -0.175174271642 -0.855136684745
vn 0.506377816908 -0.181802200674 -0.842929099257
vn 0.506377816908 -0.181802200674 -0.842929099257
vn 0.506377816908 -0.181802200674 -0.842929099257
vn 0.506377816908 -0.181802200674 -0.842929099257
vn 0.525258693446 -0.188582301391 -0.82978311658
vn 0.525258693446 -0.188582301391 -0.82978311658
vn 0.525258693446 -0.188582301391 -0.82978311658
vn 0.525258693446 -0.188582301391 -0.82978311658
vn 0.553758197639 -0.198801960081 -0.808597328227
vn 0.553758197639 -0.198801960081 -0.808597328227
vn 0.553758197639 -0.198801960081 -0.808597328227
vn 0.553758197639 -0.198801960081 -0.808597328227
vn 0.607113896163 -0.217978675636 -0.764132196713
vn 0.607113896163 -0.217978675636 -0.764132196713
vn 0.607113896163 -0.217978675636 -0.764132196713
vn 0.607113896163 -0.217978675636 -0.764132196713
vn 0.681732814416 -0.244767783687 -0.689441151816
vn 0.681732814416 -0.244767783687 -0.689441151816
vn 0.681732814416 -0.244767783687 -0.689441151816
vn 0.681732814416 -0.244767783687 -0.689441151816
vn 0.733171880669 -0.263203996095 -0.627042781504
vn 0.733171880669 -0.263203996095 -0.627042781504
vn 0.733171880669 -0.263203996095 -0.627042781504
vn 0.733171880669 -0.263203996095 -0.627042781504
vn 0.787636595058 -0.282788791347 -0.547411265516
vn 0.787636595058 -0.282788791347 -0.547411265516
vn 0.787636595058 -0.282788791347 -0.547411265516
vn 0.787636595058 -0.282788791347 -0.547411265516
vn 0.844077015173 -0.303036597473 -0.44238310665
vn 0.844077015173 -0.303036597473 -0.44238310665
vn 0.844077015173 -0.303036597473 -0.44238310665
vn 0.844077015173 -0.303036597473 -0.44238310665
vn 0.898173942878 -0.322448366815 -0.298848823108
vn 0.898173942878 -0.322448366815 -0.298848823108
vn 0.898173942878 -0.322448366815 -0.298848823108
vn 0.898173942878 -0.322448366815 -0.298848823108
vn 0.94073155017 -0.337731822623 -0.0310059107584
vn 0.94073155017 -0.337731822623 -0.0310059107584
vn 0.94073155017 -0.337731822623 -0.0310059107584
vn 0.94073155017 -0.337731822623 -0.0310059107584
vn 0.923950933105 -0.331750235853 0.190411276521
vn 0.923950933105 -0.331750235853 0.190411276521
vn 0.923950933105 -0.331750235853 0.190411276521
vn 0.923950933105 -0.331750235853 0.190411276521
vn 0.898670026919 -0.322626457368 0.297160481429
vn 0.898670026919 -0.322626457368 0.297160481429
vn 0.898670026919 -0.322626457368 0.297160481429
vn 0.898670026919 -0.322626457368 0.297160481429
vn 0.884098702264 -0.317436315798 0.342933915014
vn 0.884098702264 -0.317436315798 0.342933915014
vn 0.884098702264 -0.317436315798 0.342933915014
vn 0.884098702264 -0.317436315798 0.342933915014
vn 0.894619959148 -0.321206636724 0.310614592732
vn 0.894619959148 -0.321206636724 0.310614592732
vn 0.894619959148 -0.321206636724 0.310614592732
vn 0.894619959148 -0.321206636724 0.310614592732
vn 0.435322942405 -0.280010741891 -0.855621364998
vn 0.435322942405 -0.280010741891 -0.855621364998
vn 0.435322942405 -0.280010741891 -0.855621364998
vn 0.435322942405 -0.280010741891 -0.855621364998
vn 0.451788358842 -0.29059726036 -0.843469330258
vn 0.451788358842 -0.29059726036 -0.843469330258
vn 0.451788358842 -0.29059726036 -0.843469330258
vn 0.451788358842 -0.29059726036 -0.843469330258
vn 0.468609860798 -0.301408487811 -0.830396123448
vn 0.468609860798 -0.301408487811 -0.830396123448
vn 0.468609860798 -0.301408487811 -0.830396123448
vn 0.468609860798 -0.301408487811 -0.830396123448
vn 0.494042976215 -0.317770652446 -0.809285703628
vn 0.494042976215 -0.317770652446 -0.809285703628
vn 0.494042976215 -0.317770652446 -0.809285703628
vn 0.494042976215 -0.317770652446 -0.809285703628
vn 0.541776482523 -0.348500082004 -0.764869881632
vn 0.541776482523 -0.348500082004 -0.764869881632
vn 0.541776482523 -0.348500082004 -0.764869881632
vn 0.541776482523 -0.348500082004 -0.764869881632
vn 0.608584449591 -0.391483651253 -0.690192377904
vn 0.608584449591 -0.391483651253 -0.690192377904
vn 0.608584449591 -0.391483651253 -0.690192377904
vn 0.608584449591 -0.391483651253 -0.690192377904
vn 0.654742292815 -0.421118691668 -0.627671552268
vn 0.654742292815 -0.421118691668 -0.627671552268
vn 0.654742292815 -0.421118691668 -0.627671552268
vn 0.654742292815 -0.421118691668 -0.627671552268
vn 0.703184366328 -0.452317227502 -0.54858078043
vn 0.703184366328 -0.452317227502 -0.54858078043
vn 0.703184366328 -0.452317227502 -0.54858078043
vn 0.703184366328 -0.452317227502 -0.54858078043
vn 0.753887883624 -0.484911903525 -0.443298437562
vn 0.753887883624 -0.484911903525 -0.443298437562
vn 0.753887883624 -0.484911903525 -0.443298437562
vn 0.753887883624 -0.484911903525 -0.443298437562
vn 0.802486268128 -0.516109191761 -0.299411241682
vn 0.802486268128 -0.516109191761 -0.299411241682
vn 0.802486268128 -0.516109191761 -0.299411241682
vn 0.802486268128 -0.516109191761 -0.299411241682
vn 0.840594579931 -0.540739198149 -0.0316523581306
vn 0.840594579931 -0.540739198149 -0.0316523581306
vn 0.840594579931 -0.540739198149 -0.0316523581306
vn 0.840594579931 -0.540739198149 -0.0316523581306
vn 0.825575769119 -0.530972783916 0.191030238929
vn 0.825575769119 -0.530972783916 0.191030238929
vn 0.825575769119 -0.530972783916 0.191030238929
vn 0.825575769119 -0.530972783916 0.191030238929
vn 0.802930247342 -0.516394731687 0.297723863654
vn 0.802930247342 -0.516394731687 0.297723863654
vn 0.802930247342 -0.516394731687 0.297723863654
vn 0.802930247342 -0.516394731687 0.297723863654
vn 0.789710500501 -0.507946459697 0.344017033705
vn 0.789710500501 -0.507946459697 0.344017033705
vn 0.789710500501 -0.507946459697 0.344017033705
vn 0.789710500501 -0.507946459697 0.344017033705
vn 0.821785037714 -0.478049856837 0.310060778183
vn 0.821785037714 -0.478049856837 0.310060778183
vn 0.821785037714 -0.478049856837 0.310060778183
vn 0.821785037714 -0.478049856837 0.310060778183
vn 0.395660816851 -0.33498747311 -0.855123330794
vn 0.395660816851 -0.33498747311 -0.855123330794
vn 0.395660816851 -0.33498747311 -0.855123330794
vn 0.395660816851 -0.33498747311 -0.855123330794
vn 0.410614173583 -0.347613101043 -0.842947882396
vn 0.410614173583 -0.347613101043 -0.842947882396
vn 0.410614173583 -0.347613101043 -0.842947882396
vn 0.410614173583 -0.347613101043 -0.842947882396
vn 0.425951999982 -0.360610343214 -0.829774110272
vn 0.425951999982 -0.360610343214 -0.829774110272
vn 0.425951999982 -0.360610343214 -0.829774110272
vn 0.425951999982 -0.360610343214 -0.829774110272
vn 0.449037704653 -0.380163199709 -0.808604403517
vn 0.449037704653 -0.380163199709 -0.808604403517
vn 0.449037704653 -0.380163199709 -0.808604403517
vn 0.449037704653 -0.380163199709 -0.808604403517
vn 0.492307727993 -0.416759769663 -0.76416254511
vn 0.492307727993 -0.416759769663 -0.76416254511
vn 0.492307727993 -0.416759769663 -0.76416254511
vn 0.492307727993 -0.416759769663 -0.76416254511
vn 0.552861884073 -0.468003334489 -0.689432096763
vn 0.552861884073 -0.468003334489 -0.689432096763
vn 0.552861884073 -0.468003334489 -0.689432096763
vn 0.552861884073 -0.468003334489 -0.689432096763
vn 0.594542446528 -0.503327987679 -0.627040840851
vn 0.594542446528 -0.503327987679 -0.627040840851
vn 0.594542446528 -0.503327987679 -0.627040840851
vn 0.594542446528 -0.503327987679 -0.627040840851
vn 0.638755030001 -0.540679135241 -0.547410343676
vn 0.638705228462 -0.540708181721 -0.547439762308
vn 0.638755030001 -0.540679135241 -0.547410343676
vn 0.638755030001 -0.540679135241 -0.547410343676
vn 0.638705228462 -0.540708181721 -0.547439762308
vn 0.638705228462 -0.540708181721 -0.547439762308
vn 0.684503218704 -0.579444116937 -0.442379767769
vn 0.684467538551 -0.579503853078 -0.442356725888
vn 0.684503218704 -0.579444116937 -0.442379767769
vn 0.684467538551 -0.579503853078 -0.442356725888
vn 0.684503218704 -0.579444116937 -0.442379767769
vn 0.684467538551 -0.579503853078 -0.442356725888
vn 0.728320594013 -0.616631399033 -0.298855868376
vn 0.728320594013 -0.616631399033 -0.298855868376
vn 0.728320594013 -0.616631399033 -0.298855868376
vn 0.728320594013 -0.616631399033 -0.298855868376
vn 0.762863737562 -0.645815329141 -0.0310077177524
vn 0.762863737562 -0.645815329141 -0.0310077177524
vn 0.762863737562 -0.645815329141 -0.0310077177524
vn 0.762863737562 -0.645815329141 -0.0310077177524
vn 0.749287381724 -0.634276826327 0.190424071937
vn 0.749287381724 -0.634276826327 0.190424071937
vn 0.749287381724 -0.634276826327 0.190424071937
vn 0.749287381724 -0.634276826327 0.190424071937
vn 0.728767703322 -0.616929009224 0.297146819219
vn 0.728722874387 -0.616971982342 0.29716753751
vn 0.728767703322 -0.616929009224 0.297146819219
vn 0.728767703322 -0.616929009224 0.297146819219
vn 0.728722874387 -0.616971982342 0.29716753751
vn 0.728722874387 -0.616971982342 0.29716753751
vn 0.716937462405 -0.606950598634 0.342945543515
vn 0.716937462405 -0.606950598634 0.342945543515
vn 0.716937462405 -0.606950598634 0.342945543515
vn 0.716937462405 -0.606950598634 0.342945543515
vn 0.725496376463 -0.614145100761 0.310613591059
vn 0.725496376463 -0.614145100761 0.310613591059
vn 0.725496376463 -0.614145100761 0.310613591059
vn 0.725496376463 -0.614145100761 0.310613591059
vn 0.280010741891 -0.435322942405 -0.855621364998
vn 0.280010741891 -0.435322942405 -0.855621364998
vn 0.280010741891 -0.435322942405 -0.855621364998
vn 0.280010741891 -0.435322942405 -0.855621364998
vn 0.29059726036 -0.451788358842 -0.843469330258
vn 0.29059726036 -0.451788358842 -0.843469330258
vn 0.29059726036 -0.451788358842 -0.843469330258
vn 0.29059726036 -0.451788358842 -0.843469330258
vn 0.301408487811 -0.468609860798 -0.830396123448
vn 0.301408487811 -0.468609860798 -0.830396123448
vn 0.301408487811 -0.468609860798 -0.830396123448
vn 0.301408487811 -0.468609860798 -0.830396123448
vn 0.317770652446 -0.494042976215 -0.809285703628
vn 0.317770652446 -0.494042976215 -0.809285703628
vn 0.317770652446 -0.494042976215 -0.809285703628
vn 0.317770652446 -0.494042976215 -0.809285703628
vn 0.348500082004 -0.541776482523 -0.764869881632
vn 0.348500082004 -0.541776482523 -0.764869881632
vn 0.348500082004 -0.541776482523 -0.764869881632
vn 0.348500082004 -0.541776482523 -0.764869881632
vn 0.391483651253 -0.608584449591 -0.690192377904
vn 0.391483651253 -0.608584449591 -0.690192377904
vn 0.391483651253 -0.608584449591 -0.690192377904
vn 0.391483651253 -0.608584449591 -0.690192377904
vn 0.421118691668 -0.654742292815 -0.627671552268
vn 0.420984698887 -0.654533952182 -0.627978653096
vn 0.421118691668 -0.654742292815 -0.627671552268
vn 0.420984698887 -0.654533952182 -0.627978653096
vn 0.421118691668 -0.654742292815 -0.627671552268
vn 0.420984698887 -0.654533952182 -0.627978653096
vn 0.452317227502 -0.703184366328 -0.54858078043
vn 0.452317227502 -0.703184366328 -0.54858078043
vn 0.452317227502 -0.703184366328 -0.54858078043
vn 0.452317227502 -0.703184366328 -0.54858078043
vn 0.484911903525 -0.753887883624 -0.443298437562
vn 0.484911903525 -0.753887883624 -0.443298437562
vn 0.484911903525 -0.753887883624 -0.443298437562
vn 0.484911903525 -0.753887883624 -0.443298437562
vn 0.516148751206 -0.802452248472 -0.299434225749
vn 0.516109191761 -0.802486268128 -0.299411241682
vn 0.516148751206 -0.802452248472 -0.299434225749
vn 0.516148751206 -0.802452248472 -0.299434225749
vn 0.516109191761 -0.802486268128 -0.299411241682
vn 0.516109191761 -0.802486268128 -0.299411241682
vn 0.540739198149 -0.840594579931 -0.0316523581306
vn 0.540739198149 -0.840594579931 -0.0316523581306
vn 0.540739198149 -0.840594579931 -0.0316523581306
vn 0.540739198149 -0.840594579931 -0.0316523581306
vn 0.531037052536 -0.82567570727 0.190418684109
vn 0.530972783916 -0.825575769119 0.191030238929
vn 0.530972783916 -0.825575769119 0.191030238929
vn 0.530972783916 -0.825575769119 0.191030238929
vn 0.531037052536 -0.82567570727 0.190418684109
vn 0.531037052536 -0.82567570727 0.190418684109
vn 0.516394731687 -0.802930247342 0.297723863654
vn 0.516394731687 -0.802930247342 0.297723863654
vn 0.516394731687 -0.802930247342 0.297723863654
vn 0.516394731687 -0.802930247342 0.297723863654
vn 0.507946459697 -0.789710500501 0.344017033705
vn 0.507946459697 -0.789710500501 0.344017033705
vn 0.507946459697 -0.789710500501 0.344017033705
vn 0.507946459697 -0.789710500501 0.344017033705
vn 0.478049856837 -0.821785037714 0.310060778183
vn 0.478049856837 -0.821785037714 0.310060778183
vn 0.478049856837 -0.821785037714 0.310060778183
vn 0.478049856837 -0.821785037714 0.310060778183
vn 0.33498747311 -0.395660816851 -0.855123330794
vn 0.33498747311 -0.395660816851 -0.855123330794
vn 0.33498747311 -0.395660816851 -0.855123330794
vn 0.33498747311 -0.395660816851 -0.855123330794
vn 0.347613101043 -0.410614173583 -0.842947882396
vn 0.347605205783 -0.410660202902 -0.842928715056
vn 0.347605205783 -0.410660202902 -0.842928715056
vn 0.347605205783 -0.410660202902 -0.842928715056
vn 0.347613101043 -0.410614173583 -0.842947882396
vn 0.347613101043 -0.410614173583 -0.842947882396
vn 0.360610343214 -0.425951999982 -0.829774110272
vn 0.360610343214 -0.425951999982 -0.829774110272
vn 0.360610343214 -0.425951999982 -0.829774110272
vn 0.360610343214 -0.425951999982 -0.829774110272
vn 0.380163199709 -0.449037704653 -0.808604403517
vn 0.380163199709 -0.449037704653 -0.808604403517
vn 0.380163199709 -0.449037704653 -0.808604403517
vn 0.380163199709 -0.449037704653 -0.808604403517
vn 0.416759769663 -0.492307727993 -0.76416254511
vn 0.416759769663 -0.492307727993 -0.76416254511
vn 0.416759769663 -0.492307727993 -0.76416254511
vn 0.416759769663 -0.492307727993 -0.76416254511
vn 0.468003334489 -0.552861884073 -0.689432096763
vn 0.468003334489 -0.552861884073 -0.689432096763
vn 0.468003334489 -0.552861884073 -0.689432096763
vn 0.468003334489 -0.552861884073 -0.689432096763
vn 0.503327987679 -0.594542446528 -0.627040840851
vn 0.503327987679 -0.594542446528 -0.627040840851
vn 0.503327987679 -0.594542446528 -0.627040840851
vn 0.503327987679 -0.594542446528 -0.627040840851
vn 0.540679135241 -0.638755030001 -0.547410343676
vn 0.540708181721 -0.638705228462 -0.547439762308
vn 0.540679135241 -0.638755030001 -0.547410343676
vn 0.540708181721 -0.638705228462 -0.547439762308
vn 0.540679135241 -0.638755030001 -0.547410343676
vn 0.540708181721 -0.638705228462 -0.547439762308
vn 0.579444116937 -0.684503218704 -0.442379767769
vn 0.579503853078 -0.684467538551 -0.442356725888
vn 0.579503853078 -0.684467538551 -0.442356725888
vn 0.579503853078 -0.684467538551 -0.442356725888
vn 0.579444116937 -0.684503218704 -0.442379767769
vn 0.579444116937 -0.684503218704 -0.442379767769
vn 0.616631399033 -0.728320594013 -0.298855868376
vn 0.616631399033 -0.728320594013 -0.298855868376
vn 0.616631399033 -0.728320594013 -0.298855868376
vn 0.616631399033 -0.728320594013 -0.298855868376
vn 0.645815329141 -0.762863737562 -0.0310077177524
vn 0.645815329141 -0.762863737562 -0.0310077177524
vn 0.645815329141 -0.762863737562 -0.0310077177524
vn 0.645815329141 -0.762863737562 -0.0310077177524
vn 0.634276826327 -0.749287381724 0.190424071937
vn 0.634276826327 -0.749287381724 0.190424071937
vn 0.634276826327 -0.749287381724 0.190424071937
vn 0.634276826327 -0.749287381724 0.190424071937
vn 0.616971982342 -0.728722874387 0.29716753751
vn 0.616971982342 -0.728722874387 0.29716753751
vn 0.616971982342 -0.728722874387 0.29716753751
vn 0.616971982342 -0.728722874387 0.29716753751
vn 0.606950598634 -0.716937462405 0.342945543515
vn 0.606950598634 -0.716937462405 0.342945543515
vn 0.606950598634 -0.716937462405 0.342945543515
vn 0.606950598634 -0.716937462405 0.342945543515
vn 0.614145100761 -0.725496376463 0.310613591059
vn 0.614145100761 -0.725496376463 0.310613591059
vn 0.614145100761 -0.725496376463 0.310613591059
vn 0.614145100761 -0.725496376463 0.310613591059
vn 0.237000722965 -0.460163935295 -0.85561662558
vn 0.237000722965 -0.460163935295 -0.85561662558
vn 0.237000722965 -0.460163935295 -0.85561662558
vn 0.237000722965 -0.460163935295 -0.85561662558
vn 0.245935537198 -0.47755385532 -0.843479713338
vn 0.245935537198 -0.47755385532 -0.843479713338
vn 0.245935537198 -0.47755385532 -0.843479713338
vn 0.245935537198 -0.47755385532 -0.843479713338
vn 0.255141438478 -0.495358643503 -0.830375012075
vn 0.255141438478 -0.495358643503 -0.830375012075
vn 0.255141438478 -0.495358643503 -0.830375012075
vn 0.255141438478 -0.495358643503 -0.830375012075
vn 0.268945952583 -0.522216400107 -0.809294820229
vn 0.268945952583 -0.522216400107 -0.809294820229
vn 0.268945952583 -0.522216400107 -0.809294820229
vn 0.268945952583 -0.522216400107 -0.809294820229
vn 0.294927818244 -0.572695727887 -0.764877235435
vn 0.294927818244 -0.572695727887 -0.764877235435
vn 0.294927818244 -0.572695727887 -0.764877235435
vn 0.294927818244 -0.572695727887 -0.764877235435
vn 0.331350804343 -0.643317952644 -0.69018016218
vn 0.331350804343 -0.643317952644 -0.69018016218
vn 0.331350804343 -0.643317952644 -0.69018016218
vn 0.331350804343 -0.643317952644 -0.69018016218
vn 0.356402638439 -0.692094226626 -0.627680444801
vn 0.356402638439 -0.692094226626 -0.627680444801
vn 0.356402638439 -0.692094226626 -0.627680444801
vn 0.356402638439 -0.692094226626 -0.627680444801
vn 0.382801250322 -0.743331960036 -0.548562484993
vn 0.382801250322 -0.743331960036 -0.548562484993
vn 0.382801250322 -0.743331960036 -0.548562484993
vn 0.382801250322 -0.743331960036 -0.548562484993
vn 0.410403570848 -0.796893162575 -0.443317263904
vn 0.410403570848 -0.796893162575 -0.443317263904
vn 0.410403570848 -0.796893162575 -0.443317263904
vn 0.410403570848 -0.796893162575 -0.443317263904
vn 0.436830280709 -0.848251233907 -0.299414679052
vn 0.436830280709 -0.848251233907 -0.299414679052
vn 0.436830280709 -0.848251233907 -0.299414679052
vn 0.436830280709 -0.848251233907 -0.299414679052
vn 0.457672075928 -0.88855749828 -0.0316519061862
vn 0.457672075928 -0.88855749828 -0.0316519061862
vn 0.457672075928 -0.88855749828 -0.0316519061862
vn 0.457672075928 -0.88855749828 -0.0316519061862
vn 0.44947326963 -0.872628234169 0.191033360488
vn 0.44947326963 -0.872628234169 0.191033360488
vn 0.44947326963 -0.872628234169 0.191033360488
vn 0.44947326963 -0.872628234169 0.191033360488
vn 0.437071974922 -0.848720550425 0.297727251062
vn 0.437071974922 -0.848720550425 0.297727251062
vn 0.437071974922 -0.848720550425 0.297727251062
vn 0.437071974922 -0.848720550425 0.297727251062
vn 0.429893351295 -0.834769934318 0.344021602915
vn 0.429893351295 -0.834769934318 0.344021602915
vn 0.429893351295 -0.834769934318 0.344021602915
vn 0.429893351295 -0.834769934318 0.344021602915
vn 0.472620524185 -0.824920342408 0.310058492547
vn 0.472620524185 -0.824920342408 0.310058492547
vn 0.472620524185 -0.824920342408 0.310058492547
vn 0.472620524185 -0.824920342408 0.310058492547
vn 0.175174271642 -0.487909033487 -0.855136684745
vn 0.175174271642 -0.487909033487 -0.855136684745
vn 0.175174271642 -0.487909033487 -0.855136684745
vn 0.175174271642 -0.487909033487 -0.855136684745
vn 0.181802200674 -0.506377816908 -0.842929099257
vn 0.181802200674 -0.506377816908 -0.842929099257
vn 0.181802200674 -0.506377816908 -0.842929099257
vn 0.181802200674 -0.506377816908 -0.842929099257
vn 0.188582301391 -0.525258693446 -0.82978311658
vn 0.188582301391 -0.525258693446 -0.82978311658
vn 0.188582301391 -0.525258693446 -0.82978311658
vn 0.188582301391 -0.525258693446 -0.82978311658
vn 0.198801960081 -0.553758197639 -0.808597328227
vn 0.198801960081 -0.553758197639 -0.808597328227
vn 0.198801960081 -0.553758197639 -0.808597328227
vn 0.198801960081 -0.553758197639 -0.808597328227
vn 0.217978675636 -0.607113896163 -0.764132196713
vn 0.217978675636 -0.607113896163 -0.764132196713
vn 0.217978675636 -0.607113896163 -0.764132196713
vn 0.217978675636 -0.607113896163 -0.764132196713
vn 0.244767783687 -0.681732814416 -0.689441151816
vn 0.244767783687 -0.681732814416 -0.689441151816
vn 0.244767783687 -0.681732814416 -0.689441151816
vn 0.244767783687 -0.681732814416 -0.689441151816
vn 0.263203996095 -0.733171880669 -0.627042781504
vn 0.263203996095 -0.733171880669 -0.627042781504
vn 0.263203996095 -0.733171880669 -0.627042781504
vn 0.263203996095 -0.733171880669 -0.627042781504
vn 0.282788791347 -0.787636595058 -0.547411265516
vn 0.282788791347 -0.787636595058 -0.547411265516
vn 0.282788791347 -0.787636595058 -0.547411265516
vn 0.282788791347 -0.787636595058 -0.547411265516
vn 0.303036597473 -0.844077015173 -0.44238310665
vn 0.303036597473 -0.844077015173 -0.44238310665
vn 0.303036597473 -0.844077015173 -0.44238310665
vn 0.303036597473 -0.844077015173 -0.44238310665
vn 0.322448366815 -0.898173942878 -0.298848823108
vn 0.322448366815 -0.898173942878 -0.298848823108
vn 0.322448366815 -0.898173942878 -0.298848823108
vn 0.322448366815 -0.898173942878 -0.298848823108
vn 0.337731822623 -0.94073155017 -0.0310059107584
vn 0.337731822623 -0.94073155017 -0.0310059107584
vn 0.337731822623 -0.94073155017 -0.0310059107584
vn 0.337731822623 -0.94073155017 -0.0310059107584
vn 0.331750235853 -0.923950933105 0.190411276521
vn 0.331750235853 -0.923950933105 0.190411276521
vn 0.331750235853 -0.923950933105 0.190411276521
vn 0.331750235853 -0.923950933105 0.190411276521
vn 0.322626457368 -0.898670026919 0.297160481429
vn 0.322626457368 -0.898670026919 0.297160481429
vn 0.322626457368 -0.898670026919 0.297160481429
vn 0.322626457368 -0.898670026919 0.297160481429
vn 0.317436315798 -0.884098702264 0.342933915014
vn 0.317436315798 -0.884098702264 0.342933915014
vn 0.317436315798 -0.884098702264 0.342933915014
vn 0.317436315798 -0.884098702264 0.342933915014
vn 0.321206636724 -0.894619959148 0.310614592732
vn 0.321206636724 -0.894619959148 0.310614592732
vn 0.321206636724 -0.894619959148 0.310614592732
vn 0.321206636724 -0.894619959148 0.310614592732
vn 0.0248434505753 -0.517010892262 -0.855618221081
vn 0.0248434505753 -0.517010892262 -0.855618221081
vn 0.0248434505753 -0.517010892262 -0.855618221081
vn 0.0248434505753 -0.517010892262 -0.855618221081
vn 0.0257600309017 -0.536538284089 -0.843482715006
vn 0.0257600309017 -0.536538284089 -0.843482715006
vn 0.0257600309017 -0.536538284089 -0.843482715006
vn 0.0257600309017 -0.536538284089 -0.843482715006
vn 0.0267609821797 -0.55654835938 -0.830384112026
vn 0.0267038426075 -0.556549210842 -0.830385380833
vn 0.0267038426075 -0.556549210842 -0.830385380833
vn 0.0267038426075 -0.556549210842 -0.830385380833
vn 0.0267609821797 -0.55654835938 -0.830384112026
vn 0.0267609821797 -0.55654835938 -0.830384112026
vn 0.0281679642738 -0.586722502443 -0.80929801119
vn 0.0281679642738 -0.586722502443 -0.80929801119
vn 0.0281679642738 -0.586722502443 -0.80929801119
vn 0.0281679642738 -0.586722502443 -0.80929801119
vn 0.0309140914384 -0.643432330323 -0.764878523195
vn 0.0309140914384 -0.643432330323 -0.764878523195
vn 0.0309140914384 -0.643432330323 -0.764878523195
vn 0.0309140914384 -0.643432330323 -0.764878523195
vn 0.0347455141358 -0.722779780802 -0.690204417337
vn 0.0347455141358 -0.722779780802 -0.690204417337
vn 0.0347455141358 -0.722779780802 -0.690204417337
vn 0.0347455141358 -0.722779780802 -0.690204417337
vn 0.0373417523712 -0.777587123552 -0.627665403552
vn 0.0373298700862 -0.777339697042 -0.627972512299
vn 0.0373417523712 -0.777587123552 -0.627665403552
vn 0.0373417523712 -0.777587123552 -0.627665403552
vn 0.0373298700862 -0.777339697042 -0.627972512299
vn 0.0373298700862 -0.777339697042 -0.627972512299
vn 0.0400884710641 -0.835134530839 -0.548582928906
vn 0.0400884710641 -0.835134530839 -0.548582928906
vn 0.0400884710641 -0.835134530839 -0.548582928906
vn 0.0400884710641 -0.835134530839 -0.548582928906
vn 0.0429731755629 -0.895334472738 -0.443316464966
vn 0.0429731755629 -0.895334472738 -0.443316464966
vn 0.0429731755629 -0.895334472738 -0.443316464966
vn 0.0429731755629 -0.895334472738 -0.443316464966
vn 0.0457552218463 -0.953026744705 -0.299410226195
vn 0.0457552218463 -0.953026744705 -0.299410226195
vn 0.0457552218463 -0.953026744705 -0.299410226195
vn 0.0457552218463 -0.953026744705 -0.299410226195
vn 0.0479782130791 -0.998346714373 -0.0316532615916
vn 0.0479782130791 -0.998346714373 -0.0316532615916
vn 0.0479782130791 -0.998346714373 -0.0316532615916
vn 0.0479782130791 -0.998346714373 -0.0316532615916
vn 0.0471370796381 -0.980451227012 0.191032686138
vn 0.0471370796381 -0.980451227012 0.191032686138
vn 0.0471370796381 -0.980451227012 0.191032686138
vn 0.0471370796381 -0.980451227012 0.191032686138
vn 0.0457805315375 -0.953554009194 0.297722848438
vn 0.0457805315375 -0.953554009194 0.297722848438
vn 0.0457805315375 -0.953554009194 0.297722848438
vn 0.0457805315375 -0.953554009194 0.297722848438
vn 0.0450504220318 -0.937876352148 0.344032567581
vn 0.0450504220318 -0.937876352148 0.344032567581
vn 0.0450504220318 -0.937876352148 0.344032567581
vn 0.0450504220318 -0.937876352148 0.344032567581
vn 0.00314142193124 -0.950707928381 0.310071872929
vn 0.00314142193124 -0.950707928381 0.310071872929
vn 0.00314142193124 -0.950707928381 0.310071872929
vn 0.00314142193124 -0.950707928381 0.310071872929
vn 0.0922403040007 -0.510157365506 -0.855120569708
vn 0.0922403040007 -0.510157365506 -0.855120569708
vn 0.0922403040007 -0.510157365506 -0.855120569708
vn 0.0922403040007 -0.510157365506 -0.855120569708
vn 0.0957191550957 -0.529417181756 -0.842944417509
vn 0.0957191550957 -0.529417181756 -0.842944417509
vn 0.0957191550957 -0.529417181756 -0.842944417509
vn 0.0957191550957 -0.529417181756 -0.842944417509
vn 0.0993011864385 -0.549191678542 -0.829775737529
vn 0.0993011864385 -0.549191678542 -0.829775737529
vn 0.0993011864385 -0.549191678542 -0.829775737529
vn 0.0993011864385 -0.549191678542 -0.829775737529
vn 0.104724752739 -0.578963666348 -0.808599900576
vn 0.104724752739 -0.578963666348 -0.808599900576
vn 0.104724752739 -0.578963666348 -0.808599900576
vn 0.104724752739 -0.578963666348 -0.808599900576
vn 0.114763585619 -0.634741008122 -0.76415520153
vn 0.114763585619 -0.634741008122 -0.76415520153
vn 0.114763585619 -0.634741008122 -0.76415520153
vn 0.114763585619 -0.634741008122 -0.76415520153
vn 0.128864565792 -0.712782121073 -0.689445843821
vn 0.128864565792 -0.712782121073 -0.689445843821
vn 0.128864565792 -0.712782121073 -0.689445843821
vn 0.128864565792 -0.712782121073 -0.689445843821
vn 0.138629382161 -0.766543549208 -0.627050940171
vn 0.138629382161 -0.766543549208 -0.627050940171
vn 0.138629382161 -0.766543549208 -0.627050940171
vn 0.138629382161 -0.766543549208 -0.627050940171
vn 0.148886023794 -0.823499544428 -0.547431687287
vn 0.148886023794 -0.823499544428 -0.547431687287
vn 0.148886023794 -0.823499544428 -0.547431687287
vn 0.148886023794 -0.823499544428 -0.547431687287
vn 0.159560430412 -0.882529295988 -0.442360159564
vn 0.159560430412 -0.882529295988 -0.442360159564
vn 0.159560430412 -0.882529295988 -0.442360159564
vn 0.159560430412 -0.882529295988 -0.442360159564
vn 0.169776938979 -0.93907570715 -0.298852149452
vn 0.169776938979 -0.93907570715 -0.298852149452
vn 0.169776938979 -0.93907570715 -0.298852149452
vn 0.169776938979 -0.93907570715 -0.298852149452
vn 0.177822949937 -0.983573844665 -0.0310079113673
vn 0.177822949937 -0.983573844665 -0.0310079113673
vn 0.177822949937 -0.983573844665 -0.0310079113673
vn 0.177822949937 -0.983573844665 -0.0310079113673
vn 0.174722029427 -0.966029192599 0.19042009211
vn 0.174722029427 -0.966029192599 0.19042009211
vn 0.174722029427 -0.966029192599 0.19042009211
vn 0.174722029427 -0.966029192599 0.19042009211
vn 0.169870709214 -0.939594386196 0.297163812704
vn 0.169870709214 -0.939594386196 0.297163812704
vn 0.169870709214 -0.939594386196 0.297163812704
vn 0.169870709214 -0.939594386196 0.297163812704
vn 0.167184991895 -0.924362716457 0.34293256904
vn 0.167184991895 -0.924362716457 0.34293256904
vn 0.167184991895 -0.924362716457 0.34293256904
vn 0.167184991895 -0.924362716457 0.34293256904
vn 0.169123774555 -0.935367743193 0.310619274796
vn 0.169123774555 -0.935367743193 0.310619274796
vn 0.169123774555 -0.935367743193 0.310619274796
vn 0.169123774555 -0.935367743193 0.310619274796
vn -0.0248434505753 -0.517010892262 -0.855618221081
vn -0.0248434505753 -0.517010892262 -0.855618221081
vn -0.0248434505753 -0.517010892262 -0.855618221081
vn -0.0248434505753 -0.517010892262 -0.855618221081
vn -0.0257600309017 -0.536538284089 -0.843482715006
vn -0.0257600309017 -0.536538284089 -0.843482715006
vn -0.0257600309017 -0.536538284089 -0.843482715006
vn -0.0257600309017 -0.536538284089 -0.843482715006
vn -0.0267609821797 -0.55654835938 -0.830384112026
vn -0.0267038426075 -0.556549210842 -0.830385380833
vn -0.0267038426075 -0.556549210842 -0.830385380833
vn -0.0267038426075 -0.556549210842 -0.830385380833
vn -0.0267609821797 -0.55654835938 -0.830384112026
vn -0.0267609821797 -0.55654835938 -0.830384112026
vn -0.0281679642738 -0.586722502443 -0.80929801119
vn -0.0281679642738 -0.586722502443 -0.80929801119
vn -0.0281679642738 -0.586722502443 -0.80929801119
vn -0.0281679642738 -0.586722502443 -0.80929801119
vn -0.0309140914384 -0.643432330323 -0.764878523195
vn -0.0309140914384 -0.643432330323 -0.764878523195
vn -0.0309140914384 -0.643432330323 -0.764878523195
vn -0.0309140914384 -0.643432330323 -0.764878523195
vn -0.0347455141358 -0.722779780802 -0.690204417337
vn -0.0347455141358 -0.722779780802 -0.690204417337
vn -0.0347455141358 -0.722779780802 -0.690204417337
vn -0.0347455141358 -0.722779780802 -0.690204417337
vn -0.0373417523712 -0.777587123552 -0.627665403552
vn -0.0373417523712 -0.777587123552 -0.627665403552
vn -0.0373417523712 -0.777587123552 -0.627665403552
vn -0.0373417523712 -0.777587123552 -0.627665403552
vn -0.0400884710641 -0.835134530839 -0.548582928906
vn -0.0400884710641 -0.835134530839 -0.548582928906
vn -0.0400884710641 -0.835134530839 -0.548582928906
vn -0.0400884710641 -0.835134530839 -0.548582928906
vn -0.0429731755629 -0.895334472738 -0.443316464966
vn -0.0429731755629 -0.895334472738 -0.443316464966
vn -0.0429731755629 -0.895334472738 -0.443316464966
vn -0.0429731755629 -0.895334472738 -0.443316464966
vn -0.0457552218463 -0.953026744705 -0.299410226195
vn -0.0457552218463 -0.953026744705 -0.299410226195
vn -0.0457552218463 -0.953026744705 -0.299410226195
vn -0.0457552218463 -0.953026744705 -0.299410226195
vn -0.0479782130791 -0.998346714373 -0.0316532615916
vn -0.0479782130791 -0.998346714373 -0.0316532615916
vn -0.0479782130791 -0.998346714373 -0.0316532615916
vn -0.0479782130791 -0.998346714373 -0.0316532615916
vn -0.0471370796381 -0.980451227012 0.191032686138
vn -0.0471370796381 -0.980451227012 0.191032686138
vn -0.0471370796381 -0.980451227012 0.191032686138
vn -0.0471370796381 -0.980451227012 0.191032686138
vn -0.0457805315375 -0.953554009194 0.297722848438
vn -0.0457805315375 -0.953554009194 0.297722848438
vn -0.0457805315375 -0.953554009194 0.297722848438
vn -0.0457805315375 -0.953554009194 0.297722848438
vn -0.0450504220318 -0.937876352148 0.344032567581
vn -0.0450504220318 -0.937876352148 0.344032567581
vn -0.0450504220318 -0.937876352148 0.344032567581
vn -0.0450504220318 -0.937876352148 0.344032567581
vn -0.00314142193124 -0.950707928381 0.310071872929
vn -0.00314142193124 -0.950707928381 0.310071872929
vn -0.00314142193124 -0.950707928381 0.310071872929
vn -0.00314142193124 -0.950707928381 0.310071872929
vn -0.0922403040007 -0.510157365506 -0.855120569708
vn -0.0922403040007 -0.510157365506 -0.855120569708
vn -0.0922403040007 -0.510157365506 -0.855120569708
vn -0.0922403040007 -0.510157365506 -0.855120569708
vn -0.0957191550957 -0.529417181756 -0.842944417509
vn -0.0957191550957 -0.529417181756 -0.842944417509
vn -0.0957191550957 -0.529417181756 -0.842944417509
vn -0.0957191550957 -0.529417181756 -0.842944417509
vn -0.0993011864385 -0.549191678542 -0.829775737529
vn -0.0993011864385 -0.549191678542 -0.829775737529
vn -0.0993011864385 -0.549191678542 -0.829775737529
vn -0.0993011864385 -0.549191678542 -0.829775737529
vn -0.104724752739 -0.578963666348 -0.808599900576
vn -0.104724752739 -0.578963666348 -0.808599900576
vn -0.104724752739 -0.578963666348 -0.808599900576
vn -0.104724752739 -0.578963666348 -0.808599900576
vn -0.114763585619 -0.634741008122 -0.76415520153
vn -0.114763585619 -0.634741008122 -0.76415520153
vn -0.114763585619 -0.634741008122 -0.76415520153
vn -0.114763585619 -0.634741008122 -0.76415520153
vn -0.128864565792 -0.712782121073 -0.689445843821
vn -0.128864565792 -0.712782121073 -0.689445843821
vn -0.128864565792 -0.712782121073 -0.689445843821
vn -0.128864565792 -0.712782121073 -0.689445843821
vn -0.138629382161 -0.766543549208 -0.627050940171
vn -0.138629382161 -0.766543549208 -0.627050940171
vn -0.138629382161 -0.766543549208 -0.627050940171
vn -0.138629382161 -0.766543549208 -0.627050940171
vn -0.148886023794 -0.823499544428 -0.547431687287
vn -0.148886023794 -0.823499544428 -0.547431687287
vn -0.148886023794 -0.823499544428 -0.547431687287
vn -0.148886023794 -0.823499544428 -0.547431687287
vn -0.159560430412 -0.882529295988 -0.442360159564
vn -0.159560430412 -0.882529295988 -0.442360159564
vn -0.159560430412 -0.882529295988 -0.442360159564
vn -0.159560430412 -0.882529295988 -0.442360159564
vn -0.169776938979 -0.93907570715 -0.298852149452
vn -0.169776938979 -0.93907570715 -0.298852149452
vn -0.169776938979 -0.93907570715 -0.298852149452
vn -0.169776938979 -0.93907570715 -0.298852149452
vn -0.177822949937 -0.983573844665 -0.0310079113673
vn -0.177822949937 -0.983573844665 -0.0310079113673
vn -0.177822949937 -0.983573844665 -0.0310079113673
vn -0.177822949937 -0.983573844665 -0.0310079113673
vn -0.174722029427 -0.966029192599 0.19042009211
vn -0.174722029427 -0.966029192599 0.19042009211
vn -0.174722029427 -0.966029192599 0.19042009211
vn -0.174722029427 -0.966029192599 0.19042009211
vn -0.169870709214 -0.939594386196 0.297163812704
vn -0.169870709214 -0.939594386196 0.297163812704
vn -0.169870709214 -0.939594386196 0.297163812704
vn -0.169870709214 -0.939594386196 0.297163812704
vn -0.167184991895 -0.924362716457 0.34293256904
vn -0.167184991895 -0.924362716457 0.34293256904
vn -0.167184991895 -0.924362716457 0.34293256904
vn -0.167184991895 -0.924362716457 0.34293256904
vn -0.169123774555 -0.935367743193 0.310619274796
vn -0.169123774555 -0.935367743193 0.310619274796
vn -0.169123774555 -0.935367743193 0.310619274796
vn -0.169123774555 -0.935367743193 0.310619274796
vn -0.237000722965 -0.460163935295 -0.85561662558
vn -0.237000722965 -0.460163935295 -0.85561662558
vn -0.237000722965 -0.460163935295 -0.85561662558
vn -0.237000722965 -0.460163935295 -0.85561662558
vn -0.245935537198 -0.47755385532 -0.843479713338
vn -0.245935537198 -0.47755385532 -0.843479713338
vn -0.245935537198 -0.47755385532 -0.843479713338
vn -0.245935537198 -0.47755385532 -0.843479713338
vn -0.255141438478 -0.495358643503 -0.830375012075
vn -0.255141438478 -0.495358643503 -0.830375012075
vn -0.255141438478 -0.495358643503 -0.830375012075
vn -0.255141438478 -0.495358643503 -0.830375012075
vn -0.268945952583 -0.522216400107 -0.809294820229
vn -0.268945952583 -0.522216400107 -0.809294820229
vn -0.268945952583 -0.522216400107 -0.809294820229
vn -0.268945952583 -0.522216400107 -0.809294820229
vn -0.294927818244 -0.572695727887 -0.764877235435
vn -0.294927818244 -0.572695727887 -0.764877235435
vn -0.294927818244 -0.572695727887 -0.764877235435
vn -0.294927818244 -0.572695727887 -0.764877235435
vn -0.331350804343 -0.643317952644 -0.69018016218
vn -0.331350804343 -0.643317952644 -0.69018016218
vn -0.331350804343 -0.643317952644 -0.69018016218
vn -0.331350804343 -0.643317952644 -0.69018016218
vn -0.356402638439 -0.692094226626 -0.627680444801
vn -0.356402638439 -0.692094226626 -0.627680444801
vn -0.356402638439 -0.692094226626 -0.627680444801
vn -0.356402638439 -0.692094226626 -0.627680444801
vn -0.382801250322 -0.743331960036 -0.548562484993
vn -0.382801250322 -0.743331960036 -0.548562484993
vn -0.382801250322 -0.743331960036 -0.548562484993
vn -0.382801250322 -0.743331960036 -0.548562484993
vn -0.410403570848 -0.796893162575 -0.443317263904
vn -0.410403570848 -0.796893162575 -0.443317263904
vn -0.410403570848 -0.796893162575 -0.443317263904
vn -0.410403570848 -0.796893162575 -0.443317263904
vn -0.436830280709 -0.848251233907 -0.299414679052
vn -0.436830280709 -0.848251233907 -0.299414679052
vn -0.436830280709 -0.848251233907 -0.299414679052
vn -0.436830280709 -0.848251233907 -0.299414679052
vn -0.457672075928 -0.88855749828 -0.0316519061862
vn -0.457672075928 -0.88855749828 -0.0316519061862
vn -0.457672075928 -0.88855749828 -0.0316519061862
vn -0.457672075928 -0.88855749828 -0.0316519061862
vn -0.449527679976 -0.872733878973 0.190421746207
vn -0.44947326963 -0.872628234169 0.191033360488
vn -0.44947326963 -0.872628234169 0.191033360488
vn -0.44947326963 -0.872628234169 0.191033360488
vn -0.449527679976 -0.872733878973 0.190421746207
vn -0.449527679976 -0.872733878973 0.190421746207
vn -0.437071974922 -0.848720550425 0.297727251062
vn -0.437071974922 -0.848720550425 0.297727251062
vn -0.437071974922 -0.848720550425 0.297727251062
vn -0.437071974922 -0.848720550425 0.297727251062
vn -0.429893351295 -0.834769934318 0.344021602915
vn -0.429893351295 -0.834769934318 0.344021602915
vn -0.429893351295 -0.834769934318 0.344021602915
vn -0.429893351295 -0.834769934318 0.344021602915
vn -0.472620524185 -0.824920342408 0.310058492547
vn -0.472620524185 -0.824920342408 0.310058492547
vn -0.472620524185 -0.824920342408 0.310058492547
vn -0.472620524185 -0.824920342408 0.310058492547
vn -0.175174271642 -0.487909033487 -0.855136684745
vn -0.175174271642 -0.487909033487 -0.855136684745
vn -0.175174271642 -0.487909033487 -0.855136684745
vn -0.175174271642 -0.487909033487 -0.855136684745
vn -0.181802200674 -0.506377816908 -0.842929099257
vn -0.181802200674 -0.506377816908 -0.842929099257
vn -0.181802200674 -0.506377816908 -0.842929099257
vn -0.181802200674 -0.506377816908 -0.842929099257
vn -0.188582301391 -0.525258693446 -0.82978311658
vn -0.188582301391 -0.525258693446 -0.82978311658
vn -0.188582301391 -0.525258693446 -0.82978311658
vn -0.188582301391 -0.525258693446 -0.82978311658
vn -0.198801960081 -0.553758197639 -0.808597328227
vn -0.198801960081 -0.553758197639 -0.808597328227
vn -0.198801960081 -0.553758197639 -0.808597328227
vn -0.198801960081 -0.553758197639 -0.808597328227
vn -0.217978675636 -0.607113896163 -0.764132196713
vn -0.217978675636 -0.607113896163 -0.764132196713
vn -0.217978675636 -0.607113896163 -0.764132196713
vn -0.217978675636 -0.607113896163 -0.764132196713
vn -0.244767783687 -0.681732814416 -0.689441151816
vn -0.244767783687 -0.681732814416 -0.689441151816
vn -0.244767783687 -0.681732814416 -0.689441151816
vn -0.244767783687 -0.681732814416 -0.689441151816
vn -0.263203996095 -0.733171880669 -0.627042781504
vn -0.263203996095 -0.733171880669 -0.627042781504
vn -0.263203996095 -0.733171880669 -0.627042781504
vn -0.263203996095 -0.733171880669 -0.627042781504
vn -0.282788791347 -0.787636595058 -0.547411265516
vn -0.282788791347 -0.787636595058 -0.547411265516
vn -0.282788791347 -0.787636595058 -0.547411265516
vn -0.282788791347 -0.787636595058 -0.547411265516
vn -0.303036597473 -0.844077015173 -0.44238310665
vn -0.303036597473 -0.844077015173 -0.44238310665
vn -0.303036597473 -0.844077015173 -0.44238310665
vn -0.303036597473 -0.844077015173 -0.44238310665
vn -0.322448366815 -0.898173942878 -0.298848823108
vn -0.322448366815 -0.898173942878 -0.298848823108
vn -0.322448366815 -0.898173942878 -0.298848823108
vn -0.322448366815 -0.898173942878 -0.298848823108
vn -0.337731822623 -0.94073155017 -0.0310059107584
vn -0.337731822623 -0.94073155017 -0.0310059107584
vn -0.337731822623 -0.94073155017 -0.0310059107584
vn -0.337731822623 -0.94073155017 -0.0310059107584
vn -0.331750235853 -0.923950933105 0.190411276521
vn -0.331750235853 -0.923950933105 0.190411276521
vn -0.331750235853 -0.923950933105 0.190411276521
vn -0.331750235853 -0.923950933105 0.190411276521
vn -0.322626457368 -0.898670026919 0.297160481429
vn -0.322626457368 -0.898670026919 0.297160481429
vn -0.322626457368 -0.898670026919 0.297160481429
vn -0.322626457368 -0.898670026919 0.297160481429
vn -0.317436315798 -0.884098702264 0.342933915014
vn -0.317436315798 -0.884098702264 0.342933915014
vn -0.317436315798 -0.884098702264 0.342933915014
vn -0.317436315798 -0.884098702264 0.342933915014
vn -0.321206636724 -0.894619959148 0.310614592732
vn -0.321206636724 -0.894619959148 0.310614592732
vn -0.321206636724 -0.894619959148 0.310614592732
vn -0.321206636724 -0.894619959148 0.310614592732
vn -0.280010741891 -0.435322942405 -0.855621364998
vn -0.280010741891 -0.435322942405 -0.855621364998
vn -0.280010741891 -0.435322942405 -0.855621364998
vn -0.280010741891 -0.435322942405 -0.855621364998
vn -0.29059726036 -0.451788358842 -0.843469330258
vn -0.29059726036 -0.451788358842 -0.843469330258
vn -0.29059726036 -0.451788358842 -0.843469330258
vn -0.29059726036 -0.451788358842 -0.843469330258
vn -0.301408487811 -0.468609860798 -0.830396123448
vn -0.301408487811 -0.468609860798 -0.830396123448
vn -0.301408487811 -0.468609860798 -0.830396123448
vn -0.301408487811 -0.468609860798 -0.830396123448
vn -0.317770652446 -0.494042976215 -0.809285703628
vn -0.317770652446 -0.494042976215 -0.809285703628
vn -0.317770652446 -0.494042976215 -0.809285703628
vn -0.317770652446 -0.494042976215 -0.809285703628
vn -0.348500082004 -0.541776482523 -0.764869881632
vn -0.348500082004 -0.541776482523 -0.764869881632
vn -0.348500082004 -0.541776482523 -0.764869881632
vn -0.348500082004 -0.541776482523 -0.764869881632
vn -0.391483651253 -0.608584449591 -0.690192377904
vn -0.391483651253 -0.608584449591 -0.690192377904
vn -0.391483651253 -0.608584449591 -0.690192377904
vn -0.391483651253 -0.608584449591 -0.690192377904
vn -0.421118691668 -0.654742292815 -0.627671552268
vn -0.421118691668 -0.654742292815 -0.627671552268
vn -0.421118691668 -0.654742292815 -0.627671552268
vn -0.421118691668 -0.654742292815 -0.627671552268
vn -0.452317227502 -0.703184366328 -0.54858078043
vn -0.452317227502 -0.703184366328 -0.54858078043
vn -0.452317227502 -0.703184366328 -0.54858078043
vn -0.452317227502 -0.703184366328 -0.54858078043
vn -0.484911903525 -0.753887883624 -0.443298437562
vn -0.484911903525 -0.753887883624 -0.443298437562
vn -0.484911903525 -0.753887883624 -0.443298437562
vn -0.484911903525 -0.753887883624 -0.443298437562
vn -0.516148751206 -0.802452248472 -0.299434225749
vn -0.516109191761 -0.802486268128 -0.299411241682
vn -0.516148751206 -0.802452248472 -0.299434225749
vn -0.516148751206 -0.802452248472 -0.299434225749
vn -0.516109191761 -0.802486268128 -0.299411241682
vn -0.516109191761 -0.802486268128 -0.299411241682
vn -0.540739198149 -0.840594579931 -0.0316523581306
vn -0.540739198149 -0.840594579931 -0.0316523581306
vn -0.540739198149 -0.840594579931 -0.0316523581306
vn -0.540739198149 -0.840594579931 -0.0316523581306
vn -0.530972783916 -0.825575769119 0.191030238929
vn -0.530972783916 -0.825575769119 0.191030238929
vn -0.530972783916 -0.825575769119 0.191030238929
vn -0.530972783916 -0.825575769119 0.191030238929
vn -0.516394731687 -0.802930247342 0.297723863654
vn -0.516394731687 -0.802930247342 0.297723863654
vn -0.516394731687 -0.802930247342 0.297723863654
vn -0.516394731687 -0.802930247342 0.297723863654
vn -0.507946459697 -0.789710500501 0.344017033705
vn -0.507946459697 -0.789710500501 0.344017033705
vn -0.507946459697 -0.789710500501 0.344017033705
vn -0.507946459697 -0.789710500501 0.344017033705
vn -0.478049856837 -0.821785037714 0.310060778183
vn -0.478049856837 -0.821785037714 0.310060778183
vn -0.478049856837 -0.821785037714 0.310060778183
vn -0.478049856837 -0.821785037714 0.310060778183
vn -0.33498747311 -0.395660816851 -0.855123330794
vn -0.33498747311 -0.395660816851 -0.855123330794
vn -0.33498747311 -0.395660816851 -0.855123330794
vn -0.33498747311 -0.395660816851 -0.855123330794
vn -0.347613101043 -0.410614173583 -0.842947882396
vn -0.347613101043 -0.410614173583 -0.842947882396
vn -0.347613101043 -0.410614173583 -0.842947882396
vn -0.347613101043 -0.410614173583 -0.842947882396
vn -0.360610343214 -0.425951999982 -0.829774110272
vn -0.360610343214 -0.425951999982 -0.829774110272
vn -0.360610343214 -0.425951999982 -0.829774110272
vn -0.360610343214 -0.425951999982 -0.829774110272
vn -0.380163199709 -0.449037704653 -0.808604403517
vn -0.380163199709 -0.449037704653 -0.808604403517
vn -0.380163199709 -0.449037704653 -0.808604403517
vn -0.380163199709 -0.449037704653 -0.808604403517
vn -0.416759769663 -0.492307727993 -0.76416254511
vn -0.416759769663 -0.492307727993 -0.76416254511
vn -0.416759769663 -0.492307727993 -0.76416254511
vn -0.416759769663 -0.492307727993 -0.76416254511
vn -0.468003334489 -0.552861884073 -0.689432096763
vn -0.468003334489 -0.552861884073 -0.689432096763
vn -0.468003334489 -0.552861884073 -0.689432096763
vn -0.468003334489 -0.552861884073 -0.689432096763
vn -0.503327987679 -0.594542446528 -0.627040840851
vn -0.503327987679 -0.594542446528 -0.627040840851
vn -0.503327987679 -0.594542446528 -0.627040840851
vn -0.503327987679 -0.594542446528 -0.627040840851
vn -0.540708181721 -0.638705228462 -0.547439762308
vn -0.540708181721 -0.638705228462 -0.547439762308
vn -0.540708181721 -0.638705228462 -0.547439762308
vn -0.540708181721 -0.638705228462 -0.547439762308
vn -0.579444116937 -0.684503218704 -0.442379767769
vn -0.579503853078 -0.684467538551 -0.442356725888
vn -0.579503853078 -0.684467538551 -0.442356725888
vn -0.579444116937 -0.684503218704 -0.442379767769
vn -0.579503853078 -0.684467538551 -0.442356725888
vn -0.579444116937 -0.684503218704 -0.442379767769
vn -0.616631399033 -0.728320594013 -0.298855868376
vn -0.616631399033 -0.728320594013 -0.298855868376
vn -0.616631399033 -0.728320594013 -0.298855868376
vn -0.616631399033 -0.728320594013 -0.298855868376
vn -0.645815329141 -0.762863737562 -0.0310077177524
vn -0.645815329141 -0.762863737562 -0.0310077177524
vn -0.645815329141 -0.762863737562 -0.0310077177524
vn -0.645815329141 -0.762863737562 -0.0310077177524
vn -0.634276826327 -0.749287381724 0.190424071937
vn -0.634276826327 -0.749287381724 0.190424071937
vn -0.634276826327 -0.749287381724 0.190424071937
vn -0.634276826327 -0.749287381724 0.190424071937
vn -0.616929009224 -0.728767703322 0.297146819219
vn -0.616971982342 -0.728722874387 0.29716753751
vn -0.616929009224 -0.728767703322 0.297146819219
vn -0.616971982342 -0.728722874387 0.29716753751
vn -0.616929009224 -0.728767703322 0.297146819219
vn -0.616971982342 -0.728722874387 0.29716753751
vn -0.606950598634 -0.716937462405 0.342945543515
vn -0.606950598634 -0.716937462405 0.342945543515
vn -0.606950598634 -0.716937462405 0.342945543515
vn -0.606950598634 -0.716937462405 0.342945543515
vn -0.614145100761 -0.725496376463 0.310613591059
vn -0.614145100761 -0.725496376463 0.310613591059
vn -0.614145100761 -0.725496376463 0.310613591059
vn -0.614145100761 -0.725496376463 0.310613591059
vn -0.435322942405 -0.280010741891 -0.855621364998
vn -0.435322942405 -0.280010741891 -0.855621364998
vn -0.435322942405 -0.280010741891 -0.855621364998
vn -0.435322942405 -0.280010741891 -0.855621364998
vn -0.451788358842 -0.29059726036 -0.843469330258
vn -0.451788358842 -0.29059726036 -0.843469330258
vn -0.451788358842 -0.29059726036 -0.843469330258
vn -0.451788358842 -0.29059726036 -0.843469330258
vn -0.468609860798 -0.301408487811 -0.830396123448
vn -0.468609860798 -0.301408487811 -0.830396123448
vn -0.468609860798 -0.301408487811 -0.830396123448
vn -0.468609860798 -0.301408487811 -0.830396123448
vn -0.494042976215 -0.317770652446 -0.809285703628
vn -0.494042976215 -0.317770652446 -0.809285703628
vn -0.494042976215 -0.317770652446 -0.809285703628
vn -0.494042976215 -0.317770652446 -0.809285703628
vn -0.541776482523 -0.348500082004 -0.764869881632
vn -0.541776482523 -0.348500082004 -0.764869881632
vn -0.541776482523 -0.348500082004 -0.764869881632
vn -0.541776482523 -0.348500082004 -0.764869881632
vn -0.608584449591 -0.391483651253 -0.690192377904
vn -0.608584449591 -0.391483651253 -0.690192377904
vn -0.608584449591 -0.391483651253 -0.690192377904
vn -0.608584449591 -0.391483651253 -0.690192377904
vn -0.654742292815 -0.421118691668 -0.627671552268
vn -0.654533952182 -0.420984698887 -0.627978653096
vn -0.654742292815 -0.421118691668 -0.627671552268
vn -0.654742292815 -0.421118691668 -0.627671552268
vn -0.654533952182 -0.420984698887 -0.627978653096
vn -0.654533952182 -0.420984698887 -0.627978653096
vn -0.703184366328 -0.452317227502 -0.54858078043
vn -0.703184366328 -0.452317227502 -0.54858078043
vn -0.703184366328 -0.452317227502 -0.54858078043
vn -0.703184366328 -0.452317227502 -0.54858078043
vn -0.753887883624 -0.484911903525 -0.443298437562
vn -0.753887883624 -0.484911903525 -0.443298437562
vn -0.753887883624 -0.484911903525 -0.443298437562
vn -0.753887883624 -0.484911903525 -0.443298437562
vn -0.802486268128 -0.516109191761 -0.299411241682
vn -0.802452248472 -0.516148751206 -0.299434225749
vn -0.802486268128 -0.516109191761 -0.299411241682
vn -0.802452248472 -0.516148751206 -0.299434225749
vn -0.802486268128 -0.516109191761 -0.299411241682
vn -0.802452248472 -0.516148751206 -0.299434225749
vn -0.840594579931 -0.540739198149 -0.0316523581306
vn -0.840594579931 -0.540739198149 -0.0316523581306
vn -0.840594579931 -0.540739198149 -0.0316523581306
vn -0.840594579931 -0.540739198149 -0.0316523581306
vn -0.825575769119 -0.530972783916 0.191030238929
vn -0.825575769119 -0.530972783916 0.191030238929
vn -0.825575769119 -0.530972783916 0.191030238929
vn -0.825575769119 -0.530972783916 0.191030238929
vn -0.802930247342 -0.516394731687 0.297723863654
vn -0.802930247342 -0.516394731687 0.297723863654
vn -0.802930247342 -0.516394731687 0.297723863654
vn -0.802930247342 -0.516394731687 0.297723863654
vn -0.789710500501 -0.507946459697 0.344017033705
vn -0.789710500501 -0.507946459697 0.344017033705
vn -0.789710500501 -0.507946459697 0.344017033705
vn -0.789710500501 -0.507946459697 0.344017033705
vn -0.821785037714 -0.478049856837 0.310060778183
vn -0.821785037714 -0.478049856837 0.310060778183
vn -0.821785037714 -0.478049856837 0.310060778183
vn -0.821785037714 -0.478049856837 0.310060778183
vn -0.395660816851 -0.33498747311 -0.855123330794
vn -0.395660816851 -0.33498747311 -0.855123330794
vn -0.395660816851 -0.33498747311 -0.855123330794
vn -0.395660816851 -0.33498747311 -0.855123330794
vn -0.410614173583 -0.347613101043 -0.842947882396
vn -0.410614173583 -0.347613101043 -0.842947882396
vn -0.410614173583 -0.347613101043 -0.842947882396
vn -0.410614173583 -0.347613101043 -0.842947882396
vn -0.425951999982 -0.360610343214 -0.829774110272
vn -0.425951999982 -0.360610343214 -0.829774110272
vn -0.425951999982 -0.360610343214 -0.829774110272
vn -0.425951999982 -0.360610343214 -0.829774110272
vn -0.449037704653 -0.380163199709 -0.808604403517
vn -0.449037704653 -0.380163199709 -0.808604403517
vn -0.449037704653 -0.380163199709 -0.808604403517
vn -0.449037704653 -0.380163199709 -0.808604403517
vn -0.492307727993 -0.416759769663 -0.76416254511
vn -0.492307727993 -0.416759769663 -0.76416254511
vn -0.492307727993 -0.416759769663 -0.76416254511
vn -0.492307727993 -0.416759769663 -0.76416254511
vn -0.552861884073 -0.468003334489 -0.689432096763
vn -0.552861884073 -0.468003334489 -0.689432096763
vn -0.552861884073 -0.468003334489 -0.689432096763
vn -0.552861884073 -0.468003334489 -0.689432096763
vn -0.594542446528 -0.503327987679 -0.627040840851
vn -0.594542446528 -0.503327987679 -0.627040840851
vn -0.594542446528 -0.503327987679 -0.627040840851
vn -0.594542446528 -0.503327987679 -0.627040840851
vn -0.638755030001 -0.540679135241 -0.547410343676
vn -0.638705228462 -0.540708181721 -0.547439762308
vn -0.638705228462 -0.540708181721 -0.547439762308
vn -0.638755030001 -0.540679135241 -0.547410343676
vn -0.638705228462 -0.540708181721 -0.547439762308
vn -0.638755030001 -0.540679135241 -0.547410343676
vn -0.684503218704 -0.579444116937 -0.442379767769
vn -0.684467538551 -0.579503853078 -0.442356725888
vn -0.684503218704 -0.579444116937 -0.442379767769
vn -0.684467538551 -0.579503853078 -0.442356725888
vn -0.684503218704 -0.579444116937 -0.442379767769
vn -0.684467538551 -0.579503853078 -0.442356725888
vn -0.728320594013 -0.616631399033 -0.298855868376
vn -0.728320594013 -0.616631399033 -0.298855868376
vn -0.728320594013 -0.616631399033 -0.298855868376
vn -0.728320594013 -0.616631399033 -0.298855868376
vn -0.762863737562 -0.645815329141 -0.0310077177524
vn -0.762863737562 -0.645815329141 -0.0310077177524
vn -0.762863737562 -0.645815329141 -0.0310077177524
vn -0.762863737562 -0.645815329141 -0.0310077177524
vn -0.749287381724 -0.634276826327 0.190424071937
vn -0.749287381724 -0.634276826327 0.190424071937
vn -0.749287381724 -0.634276826327 0.190424071937
vn -0.749287381724 -0.634276826327 0.190424071937
vn -0.728722874387 -0.616971982342 0.29716753751
vn -0.728767703322 -0.616929009224 0.297146819219
vn -0.728767703322 -0.616929009224 0.297146819219
vn -0.728767703322 -0.616929009224 0.297146819219
vn -0.728722874387 -0.616971982342 0.29716753751
vn -0.728722874387 -0.616971982342 0.29716753751
vn -0.716937462405 -0.606950598634 0.342945543515
vn -0.716937462405 -0.606950598634 0.342945543515
vn -0.716937462405 -0.606950598634 0.342945543515
vn -0.716937462405 -0.606950598634 0.342945543515
vn -0.725496376463 -0.614145100761 0.310613591059
vn -0.725496376463 -0.614145100761 0.310613591059
vn -0.725496376463 -0.614145100761 0.310613591059
vn -0.725496376463 -0.614145100761 0.310613591059
vn -0.460163935295 -0.237000722965 -0.85561662558
vn -0.460163935295 -0.237000722965 -0.85561662558
vn -0.460163935295 -0.237000722965 -0.85561662558
vn -0.460163935295 -0.237000722965 -0.85561662558
vn -0.47755385532 -0.245935537198 -0.843479713338
vn -0.47755385532 -0.245935537198 -0.843479713338
vn -0.47755385532 -0.245935537198 -0.843479713338
vn -0.47755385532 -0.245935537198 -0.843479713338
vn -0.495358643503 -0.255141438478 -0.830375012075
vn -0.495358643503 -0.255141438478 -0.830375012075
vn -0.495358643503 -0.255141438478 -0.830375012075
vn -0.495358643503 -0.255141438478 -0.830375012075
vn -0.522216400107 -0.268945952583 -0.809294820229
vn -0.522216400107 -0.268945952583 -0.809294820229
vn -0.522216400107 -0.268945952583 -0.809294820229
vn -0.522216400107 -0.268945952583 -0.809294820229
vn -0.572695727887 -0.294927818244 -0.764877235435
vn -0.572695727887 -0.294927818244 -0.764877235435
vn -0.572695727887 -0.294927818244 -0.764877235435
vn -0.572695727887 -0.294927818244 -0.764877235435
vn -0.643317952644 -0.331350804343 -0.69018016218
vn -0.643317952644 -0.331350804343 -0.69018016218
vn -0.643317952644 -0.331350804343 -0.69018016218
vn -0.643317952644 -0.331350804343 -0.69018016218
vn -0.692094226626 -0.356402638439 -0.627680444801
vn -0.692094226626 -0.356402638439 -0.627680444801
vn -0.692094226626 -0.356402638439 -0.627680444801
vn -0.692094226626 -0.356402638439 -0.627680444801
vn -0.743331960036 -0.382801250322 -0.548562484993
vn -0.743331960036 -0.382801250322 -0.548562484993
vn -0.743331960036 -0.382801250322 -0.548562484993
vn -0.743331960036 -0.382801250322 -0.548562484993
vn -0.796893162575 -0.410403570848 -0.443317263904
vn -0.796893162575 -0.410403570848 -0.443317263904
vn -0.796893162575 -0.410403570848 -0.443317263904
vn -0.796893162575 -0.410403570848 -0.443317263904
vn -0.848251233907 -0.436830280709 -0.299414679052
vn -0.848251233907 -0.436830280709 -0.299414679052
vn -0.848251233907 -0.436830280709 -0.299414679052
vn -0.848251233907 -0.436830280709 -0.299414679052
vn -0.88855749828 -0.457672075928 -0.0316519061862
vn -0.88855749828 -0.457672075928 -0.0316519061862
vn -0.88855749828 -0.457672075928 -0.0316519061862
vn -0.88855749828 -0.457672075928 -0.0316519061862
vn -0.872628234169 -0.44947326963 0.191033360488
vn -0.872628234169 -0.44947326963 0.191033360488
vn -0.872628234169 -0.44947326963 0.191033360488
vn -0.872628234169 -0.44947326963 0.191033360488
vn -0.848720550425 -0.437071974922 0.297727251062
vn -0.848720550425 -0.437071974922 0.297727251062
vn -0.848720550425 -0.437071974922 0.297727251062
vn -0.848720550425 -0.437071974922 0.297727251062
vn -0.834769934318 -0.429893351295 0.344021602915
vn -0.834769934318 -0.429893351295 0.344021602915
vn -0.834769934318 -0.429893351295 0.344021602915
vn -0.834769934318 -0.429893351295 0.344021602915
vn -0.824920342408 -0.472620524185 0.310058492547
vn -0.824920342408 -0.472620524185 0.310058492547
vn -0.824920342408 -0.472620524185 0.310058492547
vn -0.824920342408 -0.472620524185 0.310058492547
vn -0.487909033487 -0.175174271642 -0.855136684745
vn -0.487909033487 -0.175174271642 -0.855136684745
vn -0.487909033487 -0.175174271642 -0.855136684745
vn -0.487909033487 -0.175174271642 -0.855136684745
vn -0.506377816908 -0.181802200674 -0.842929099257
vn -0.506377816908 -0.181802200674 -0.842929099257
vn -0.506377816908 -0.181802200674 -0.842929099257
vn -0.506377816908 -0.181802200674 -0.842929099257
vn -0.525258693446 -0.188582301391 -0.82978311658
vn -0.525258693446 -0.188582301391 -0.82978311658
vn -0.525258693446 -0.188582301391 -0.82978311658
vn -0.525258693446 -0.188582301391 -0.82978311658
vn -0.553758197639 -0.198801960081 -0.808597328227
vn -0.553758197639 -0.198801960081 -0.808597328227
vn -0.553758197639 -0.198801960081 -0.808597328227
vn -0.553758197639 -0.198801960081 -0.808597328227
vn -0.607113896163 -0.217978675636 -0.764132196713
vn -0.607113896163 -0.217978675636 -0.764132196713
vn -0.607113896163 -0.217978675636 -0.764132196713
vn -0.607113896163 -0.217978675636 -0.764132196713
vn -0.681732814416 -0.244767783687 -0.689441151816
vn -0.681732814416 -0.244767783687 -0.689441151816
vn -0.681732814416 -0.244767783687 -0.689441151816
vn -0.681732814416 -0.244767783687 -0.689441151816
vn -0.733171880669 -0.263203996095 -0.627042781504
vn -0.733171880669 -0.263203996095 -0.627042781504
vn -0.733171880669 -0.263203996095 -0.627042781504
vn -0.733171880669 -0.263203996095 -0.627042781504
vn -0.787636595058 -0.282788791347 -0.547411265516
vn -0.787636595058 -0.282788791347 -0.547411265516
vn -0.787636595058 -0.282788791347 -0.547411265516
vn -0.787636595058 -0.282788791347 -0.547411265516
vn -0.844077015173 -0.303036597473 -0.44238310665
vn -0.844077015173 -0.303036597473 -0.44238310665
vn -0.844077015173 -0.303036597473 -0.44238310665
vn -0.844077015173 -0.303036597473 -0.44238310665
vn -0.898173942878 -0.322448366815 -0.298848823108
vn -0.898173942878 -0.322448366815 -0.298848823108
vn -0.898173942878 -0.322448366815 -0.298848823108
vn -0.898173942878 -0.322448366815 -0.298848823108
vn -0.94073155017 -0.337731822623 -0.0310059107584
vn -0.94073155017 -0.337731822623 -0.0310059107584
vn -0.94073155017 -0.337731822623 -0.0310059107584
vn -0.94073155017 -0.337731822623 -0.0310059107584
vn -0.923950933105 -0.331750235853 0.190411276521
vn -0.923950933105 -0.331750235853 0.190411276521
vn -0.923950933105 -0.331750235853 0.190411276521
vn -0.923950933105 -0.331750235853 0.190411276521
vn -0.898670026919 -0.322626457368 0.297160481429
vn -0.898670026919 -0.322626457368 0.297160481429
vn -0.898670026919 -0.322626457368 0.297160481429
vn -0.898670026919 -0.322626457368 0.297160481429
vn -0.884098702264 -0.317436315798 0.342933915014
vn -0.884098702264 -0.317436315798 0.342933915014
vn -0.884098702264 -0.317436315798 0.342933915014
vn -0.884098702264 -0.317436315798 0.342933915014
vn -0.894619959148 -0.321206636724 0.310614592732
vn -0.894619959148 -0.321206636724 0.310614592732
vn -0.894619959148 -0.321206636724 0.310614592732
vn -0.894619959148 -0.321206636724 0.310614592732
vn -0.517010892262 -0.0248434505753 -0.855618221081
vn -0.517010892262 -0.0248434505753 -0.855618221081
vn -0.517010892262 -0.0248434505753 -0.855618221081
vn -0.517010892262 -0.0248434505753 -0.855618221081
vn -0.536538284089 -0.0257600309017 -0.843482715006
vn -0.536538284089 -0.0257600309017 -0.843482715006
vn -0.536538284089 -0.0257600309017 -0.843482715006
vn -0.536538284089 -0.0257600309017 -0.843482715006
vn -0.556549210842 -0.0267038426075 -0.830385380833
vn -0.55654835938 -0.0267609821797 -0.830384112026
vn -0.55654835938 -0.0267609821797 -0.830384112026
vn -0.556549210842 -0.0267038426075 -0.830385380833
vn -0.55654835938 -0.0267609821797 -0.830384112026
vn -0.556549210842 -0.0267038426075 -0.830385380833
vn -0.586722502443 -0.0281679642738 -0.80929801119
vn -0.586722502443 -0.0281679642738 -0.80929801119
vn -0.586722502443 -0.0281679642738 -0.80929801119
vn -0.586722502443 -0.0281679642738 -0.80929801119
vn -0.643432330323 -0.0309140914384 -0.764878523195
vn -0.643432330323 -0.0309140914384 -0.764878523195
vn -0.643432330323 -0.0309140914384 -0.764878523195
vn -0.643432330323 -0.0309140914384 -0.764878523195
vn -0.722779780802 -0.0347455141358 -0.690204417337
vn -0.722779780802 -0.0347455141358 -0.690204417337
vn -0.722779780802 -0.0347455141358 -0.690204417337
vn -0.722779780802 -0.0347455141358 -0.690204417337
vn -0.777587123552 -0.0373417523712 -0.627665403552
vn -0.777587123552 -0.0373417523712 -0.627665403552
vn -0.777587123552 -0.0373417523712 -0.627665403552
vn -0.777587123552 -0.0373417523712 -0.627665403552
vn -0.835134530839 -0.0400884710641 -0.548582928906
vn -0.835134530839 -0.0400884710641 -0.548582928906
vn -0.835134530839 -0.0400884710641 -0.548582928906
vn -0.835134530839 -0.0400884710641 -0.548582928906
vn -0.895334472738 -0.0429731755629 -0.443316464966
vn -0.895334472738 -0.0429731755629 -0.443316464966
vn -0.895334472738 -0.0429731755629 -0.443316464966
vn -0.895334472738 -0.0429731755629 -0.443316464966
vn -0.953026744705 -0.0457552218463 -0.299410226195
vn -0.953026744705 -0.0457552218463 -0.299410226195
vn -0.953026744705 -0.0457552218463 -0.299410226195
vn -0.953026744705 -0.0457552218463 -0.299410226195
vn -0.998346714373 -0.0479782130791 -0.0316532615916
vn -0.998346714373 -0.0479782130791 -0.0316532615916
vn -0.998346714373 -0.0479782130791 -0.0316532615916
vn -0.998346714373 -0.0479782130791 -0.0316532615916
vn -0.980451227012 -0.0471370796381 0.191032686138
vn -0.980451227012 -0.0471370796381 0.191032686138
vn -0.980451227012 -0.0471370796381 0.191032686138
vn -0.980451227012 -0.0471370796381 0.191032686138
vn -0.953554009194 -0.0457805315375 0.297722848438
vn -0.953554009194 -0.0457805315375 0.297722848438
vn -0.953554009194 -0.0457805315375 0.297722848438
vn -0.953554009194 -0.0457805315375 0.297722848438
vn -0.937876352148 -0.0450504220318 0.344032567581
vn -0.937876352148 -0.0450504220318 0.344032567581
vn -0.937876352148 -0.0450504220318 0.344032567581
vn -0.937876352148 -0.0450504220318 0.344032567581
vn -0.950707928381 -0.00314142193124 0.310071872929
vn -0.950707928381 -0.00314142193124 0.310071872929
vn -0.950707928381 -0.00314142193124 0.310071872929
vn -0.950707928381 -0.00314142193124 0.310071872929
vn -0.510157365506 -0.0922403040007 -0.855120569708
vn -0.510157365506 -0.0922403040007 -0.855120569708
vn -0.510157365506 -0.0922403040007 -0.855120569708
vn -0.510157365506 -0.0922403040007 -0.855120569708
vn -0.529417181756 -0.0957191550957 -0.842944417509
vn -0.529417181756 -0.0957191550957 -0.842944417509
vn -0.529417181756 -0.0957191550957 -0.842944417509
vn -0.529417181756 -0.0957191550957 -0.842944417509
vn -0.549191678542 -0.0993011864385 -0.829775737529
vn -0.549191678542 -0.0993011864385 -0.829775737529
vn -0.549191678542 -0.0993011864385 -0.829775737529
vn -0.549191678542 -0.0993011864385 -0.829775737529
vn -0.578963666348 -0.104724752739 -0.808599900576
vn -0.578963666348 -0.104724752739 -0.808599900576
vn -0.578963666348 -0.104724752739 -0.808599900576
vn -0.578963666348 -0.104724752739 -0.808599900576
vn -0.634741008122 -0.114763585619 -0.76415520153
vn -0.634741008122 -0.114763585619 -0.76415520153
vn -0.634741008122 -0.114763585619 -0.76415520153
vn -0.634741008122 -0.114763585619 -0.76415520153
vn -0.712782121073 -0.128864565792 -0.689445843821
vn -0.712782121073 -0.128864565792 -0.689445843821
vn -0.712782121073 -0.128864565792 -0.689445843821
vn -0.712782121073 -0.128864565792 -0.689445843821
vn -0.766543549208 -0.138629382161 -0.627050940171
vn -0.766543549208 -0.138629382161 -0.627050940171
vn -0.766543549208 -0.138629382161 -0.627050940171
vn -0.766543549208 -0.138629382161 -0.627050940171
vn -0.823499544428 -0.148886023794 -0.547431687287
vn -0.823499544428 -0.148886023794 -0.547431687287
vn -0.823499544428 -0.148886023794 -0.547431687287
vn -0.823499544428 -0.148886023794 -0.547431687287
vn -0.882529295988 -0.159560430412 -0.442360159564
vn -0.882529295988 -0.159560430412 -0.442360159564
vn -0.882529295988 -0.159560430412 -0.442360159564
vn -0.882529295988 -0.159560430412 -0.442360159564
vn -0.93907570715 -0.169776938979 -0.298852149452
vn -0.93907570715 -0.169776938979 -0.298852149452
vn -0.93907570715 -0.169776938979 -0.298852149452
vn -0.93907570715 -0.169776938979 -0.298852149452
vn -0.983573844665 -0.177822949937 -0.0310079113673
vn -0.983573844665 -0.177822949937 -0.0310079113673
vn -0.983573844665 -0.177822949937 -0.0310079113673
vn -0.983573844665 -0.177822949937 -0.0310079113673
vn -0.966029192599 -0.174722029427 0.19042009211
vn -0.966029192599 -0.174722029427 0.19042009211
vn -0.966029192599 -0.174722029427 0.19042009211
vn -0.966029192599 -0.174722029427 0.19042009211
vn -0.939594386196 -0.169870709214 0.297163812704
vn -0.939594386196 -0.169870709214 0.297163812704
vn -0.939594386196 -0.169870709214 0.297163812704
vn -0.939594386196 -0.169870709214 0.297163812704
vn -0.924362716457 -0.167184991895 0.34293256904
vn -0.924362716457 -0.167184991895 0.34293256904
vn -0.924362716457 -0.167184991895 0.34293256904
vn -0.924362716457 -0.167184991895 0.34293256904
vn -0.935367743193 -0.169123774555 0.310619274796
vn -0.935367743193 -0.169123774555 0.310619274796
vn -0.935367743193 -0.169123774555 0.310619274796
vn -0.935367743193 -0.169123774555 0.310619274796
vt 0.00000000 1.00000000
vt 0.00000000 1.00000000
vt 0.00000000 1.00000000
vt 0.00000000 1.00000000
vt 0.00000000 1.00000000
vt 0.00000000 1.00000000
vt 0.00000000 1.00000000
vt 0.00000000 1.00000000
vt 0.00000000 1.00000000
vt 0.00000000 1.00000000
vt 0.00000000 1.00000000
vt 0.00000000 1.00000000
vt 0.00000000 1.00000000
vt 0.00000000 1.00000000
vt 0.00000000 1.00000000
vt 0.00000000 1.00000000
vt 0.00000000 1.00000000
vt 0.00000000 1.00000000
vt 0.00000000 1.00000000
vt 0.00000000 1.00000000
vt 0.00000000 1.00000000
vt 0.00000000 1.00000000
vt 0.00000000 1.00000000
vt 0.00000000 1.00000000
vt 0.00000000 1.00000000
vt 0.00000000 1.00000000
vt 0.00000000 1.00000000
vt 0.00000000 1.00000000
vt 0.00000000 1.00000000
vt 0.00000000 1.00000000
vt 0.00000000 1.00000000
vt 0.00000000 1.00000000
vt 0.00000000 1.00000000
vt 0.00000000 1.00000000
vt 0.00000000 1.00000000
vt 0.00000000 1.00000000
vt 0.00000000 1.00000000
vt 0.00000000 1.00000000
vt 0.00000000 1.00000000
vt 0.00000000 1.00000000
vt 0.00000000 1.00000000
vt 0.00000000 1.00000000
vt 0.00000000 1.00000000
vt 0.00000000 1.00000000
vt 0.00000000 1.00000000
vt 0.00000000 1.00000000
vt 0.00000000 1.00000000
vt 0.00000000 1.00000000
vt 0.00000000 1.00000000
vt 0.00000000 1.00000000
vt 0.00000000 1.00000000
vt 0.00000000 1.00000000
vt 0.00000000 1.00000000
vt 0.00000000 1.00000000
vt 0.00000000 1.00000000
vt 0.00000000 1.00000000
vt 0.00000000 1.00000000
vt 0.00000000 1.00000000
vt 0.00000000 1.00000000
vt 0.00000000 1.00000000
vt 0.00000000 1.00000000
vt 0.00000000 1.00000000
vt 0.00000000 1.00000000
vt 0.00000000 1.00000000
vt 0.00000000 1.00000000
vt 0.00000000 1.00000000
vt 0.00000000 1.00000000
vt 0.00000000 1.00000000
vt 0.00000000 1.00000000
vt 0.00000000 1.00000000
vt 0.00000000 1.00000000
vt 0.00000000 1.00000000
vt 0.00000000 1.00000000
vt 0.00000000 1.00000000
vt 0.00000000 1.00000000
vt 0.00000000 1.00000000
vt 0.00000000 1.00000000
vt 0.00000000 1.00000000
vt 0.00000000 1.00000000
vt 0.00000000 1.00000000
vt 0.00000000 1.00000000
vt 0.00000000 1.00000000
vt 0.00000000 1.00000000
vt 0.00000000 1.00000000
vt 0.00000000 1.00000000
vt 0.00000000 1.00000000
vt 0.00000000 1.00000000
vt 0.00000000 1.00000000
vt 0.00000000 1.00000000
vt 0.00000000 1.00000000
vt 0.00000000 1.00000000
vt 0.00000000 1.00000000
vt 0.00000000 1.00000000
vt 0.00000000 1.00000000
vt 0.00000000 1.00000000
vt 0.00000000 1.00000000
vt 0.00000000 1.00000000
vt 0.00000000 1.00000000
vt 0.00000000 1.00000000
vt 0.00000000 1.00000000
vt 0.00000000 1.00000000
vt 0.00000000 1.00000000
vt 0.00000000 1.00000000
vt 0.00000000 1.00000000
vt 0.00000000 1.00000000
vt 0.00000000 1.00000000
vt 0.00000000 1.00000000
vt 0.00000000 1.00000000
vt 0.00000000 1.00000000
vt 0.00000000 1.00000000
vt 0.00000000 1.00000000
vt 0.00000000 1.00000000
vt 0.00000000 1.00000000
vt 0.00000000 1.00000000
vt 0.00000000 1.00000000
vt 0.00000000 1.00000000
vt 0.00000000 1.00000000
vt 0.00000000 1.00000000
vt 0.00000000 1.00000000
vt 0.00000000 1.00000000
vt 0.00000000 1.00000000
vt 0.00000000 1.00000000
vt 0.00000000 1.00000000
vt 0.00000000 1.00000000
vt 0.00000000 1.00000000
vt 0.00000000 1.00000000
vt 0.00000000 1.00000000
vt 0.00000000 1.00000000
vt 0.00000000 1.00000000
vt 0.00000000 1.00000000
vt 0.00000000 1.00000000
vt 0.00000000 1.00000000
vt 0.00000000 1.00000000
vt 0.00000000 1.00000000
vt 0.00000000 1.00000000
vt 0.00000000 1.00000000
vt 0.00000000 1.00000000
vt 0.00000000 1.00000000
vt 0.00000000 1.00000000
vt 0.00000000 1.00000000
vt 0.00000000 1.00000000
vt 0.00000000 1.00000000
vt 0.00000000 1.00000000
vt 0.00000000 1.00000000
vt 0.00000000 1.00000000
vt 0.00000000 1.00000000
vt 0.00000000 1.00000000
vt 0.00000000 1.00000000
vt 0.00000000 1.00000000
vt 0.00000000 1.00000000
vt 0.00000000 1.00000000
vt 0.00000000 1.00000000
vt 0.00000000 1.00000000
vt 0.00000000 1.00000000
vt 0.00000000 1.00000000
vt 0.00000000 1.00000000
vt 0.00000000 1.00000000
vt 0.00000000 1.00000000
vt 0.00000000 1.00000000
vt 0.00000000 1.00000000
vt 0.00000000 1.00000000
vt 0.00000000 1.00000000
vt 0.00000000 1.00000000
vt 0.00000000 1.00000000
vt 0.00000000 1.00000000
vt 0.00000000 1.00000000
vt 0.00000000 1.00000000
vt 0.00000000 1.00000000
vt 0.00000000 1.00000000
vt 0.00000000 1.00000000
vt 0.00000000 1.00000000
vt 0.00000000 1.00000000
vt 0.00000000 1.00000000
vt 0.00000000 1.00000000
vt 0.00000000 1.00000000
vt 0.00000000 1.00000000
vt 0.00000000 1.00000000
vt 0.00000000 1.00000000
vt 0.00000000 1.00000000
vt 0.00000000 1.00000000
vt 0.00000000 1.00000000
vt 0.00000000 1.00000000
vt 0.00000000 1.00000000
vt 0.00000000 1.00000000
vt 0.00000000 1.00000000
vt 0.00000000 1.00000000
vt 0.00000000 1.00000000
vt 0.00000000 1.00000000
vt 0.00000000 1.00000000
vt 0.00000000 1.00000000
vt 0.00000000 1.00000000
vt 0.00000000 1.00000000
vt 0.00000000 1.00000000
vt 0.00000000 1.00000000
vt 0.00000000 1.00000000
vt 0.00000000 1.00000000
vt 0.00000000 1.00000000
vt 0.00000000 1.00000000
vt 0.00000000 1.00000000
vt 0.00000000 1.00000000
vt 0.00000000 1.00000000
vt 0.00000000 1.00000000
vt 0.00000000 1.00000000
vt 0.00000000 1.00000000
vt 0.00000000 1.00000000
vt 0.00000000 1.00000000
vt 0.00000000 1.00000000
vt 0.00000000 1.00000000
vt 0.00000000 1.00000000
vt 0.00000000 1.00000000
vt 0.00000000 1.00000000
vt 0.00000000 1.00000000
vt 0.00000000 1.00000000
vt 0.00000000 1.00000000
vt 0.00000000 1.00000000
vt 0.00000000 1.00000000
vt 0.00000000 1.00000000
vt 0.00000000 1.00000000
vt 0.00000000 1.00000000
vt 0.00000000 1.00000000
vt 0.00000000 1.00000000
vt 0.00000000 1.00000000
vt 0.00000000 1.00000000
vt 0.00000000 1.00000000
vt 0.00000000 1.00000000
vt 0.00000000 1.00000000
vt 0.00000000 1.00000000
vt 0.00000000 1.00000000
vt 0.00000000 1.00000000
vt 0.00000000 1.00000000
vt 0.00000000 1.00000000
vt 0.00000000 1.00000000
vt 0.00000000 1.00000000
vt 0.00000000 1.00000000
vt 0.00000000 1.00000000
vt 0.00000000 1.00000000
vt 0.00000000 1.00000000
vt 0.00000000 1.00000000
vt 0.00000000 1.00000000
vt 0.00000000 1.00000000
vt 0.00000000 1.00000000
vt 0.00000000 1.00000000
vt 0.00000000 1.00000000
vt 0.00000000 1.00000000
vt 0.00000000 1.00000000
vt 0.00000000 1.00000000
vt 0.00000000 1.00000000
vt 0.00000000 1.00000000
vt 0.00000000 1.00000000
vt 0.00000000 1.00000000
vt 0.00000000 1.00000000
vt 0.00000000 1.00000000
vt 0.00000000 1.00000000
vt 0.00000000 1.00000000
vt 0.00000000 1.00000000
vt 0.00000000 1.00000000
vt 0.00000000 1.00000000
vt 0.00000000 1.00000000
vt 0.00000000 1.00000000
vt 0.00000000 1.00000000
vt 0.00000000 1.00000000
vt 0.00000000 1.00000000
vt 0.00000000 1.00000000
vt 0.00000000 1.00000000
vt 0.00000000 1.00000000
vt 0.00000000 1.00000000
vt 0.00000000 1.00000000
vt 0.00000000 1.00000000
vt 0.00000000 1.00000000
vt 0.00000000 1.00000000
vt 0.00000000 1.00000000
vt 0.00000000 1.00000000
vt 0.00000000 1.00000000
vt 0.00000000 1.00000000
vt 0.00000000 1.00000000
vt 0.00000000 1.00000000
vt 0.00000000 1.00000000
vt 0.00000000 1.00000000
vt 0.00000000 1.00000000
vt 0.00000000 1.00000000
vt 0.00000000 1.00000000
vt 0.00000000 1.00000000
vt 0.00000000 1.00000000
vt 0.00000000 1.00000000
vt 0.00000000 1.00000000
vt 0.00000000 1.00000000
vt 0.00000000 1.00000000
vt 0.00000000 1.00000000
vt 0.00000000 1.00000000
vt 0.00000000 1.00000000
vt 0.00000000 1.00000000
vt 0.00000000 1.00000000
vt 0.00000000 1.00000000
vt 0.00000000 1.00000000
vt 0.00000000 1.00000000
vt 0.00000000 1.00000000
vt 0.00000000 1.00000000
vt 0.00000000 1.00000000
vt 0.00000000 1.00000000
vt 0.00000000 1.00000000
vt 0.00000000 1.00000000
vt 0.00000000 1.00000000
vt 0.00000000 1.00000000
vt 0.00000000 1.00000000
vt 0.00000000 1.00000000
vt 0.00000000 1.00000000
vt 0.00000000 1.00000000
vt 0.00000000 1.00000000
vt 0.00000000 1.00000000
vt 0.00000000 1.00000000
vt 0.00000000 1.00000000
vt 0.00000000 1.00000000
vt 0.00000000 1.00000000
vt 0.00000000 1.00000000
vt 0.00000000 1.00000000
vt 0.00000000 1.00000000
vt 0.00000000 1.00000000
vt 0.00000000 1.00000000
vt 0.00000000 1.00000000
vt 0.00000000 1.00000000
vt 0.00000000 1.00000000
vt 0.00000000 1.00000000
vt 0.00000000 1.00000000
vt 0.00000000 1.00000000
vt 0.00000000 1.00000000
vt 0.00000000 1.00000000
vt 0.00000000 1.00000000
vt 0.00000000 1.00000000
vt 0.00000000 1.00000000
vt 0.00000000 1.00000000
vt 0.00000000 1.00000000
vt 0.00000000 1.00000000
vt 0.00000000 1.00000000
vt 0.00000000 1.00000000
vt 0.00000000 1.00000000
vt 0.00000000 1.00000000
vt 0.00000000 1.00000000
vt 0.00000000 1.00000000
vt 0.00000000 1.00000000
vt 0.00000000 1.00000000
vt 0.00000000 1.00000000
vt 0.00000000 1.00000000
vt 0.00000000 1.00000000
vt 0.00000000 1.00000000
vt 0.00000000 1.00000000
vt 0.00000000 1.00000000
vt 0.00000000 1.00000000
vt 0.00000000 1.00000000
vt 0.00000000 1.00000000
vt 0.00000000 1.00000000
vt 0.00000000 1.00000000
vt 0.00000000 1.00000000
vt 0.00000000 1.00000000
vt 0.00000000 1.00000000
vt 0.00000000 1.00000000
vt 0.00000000 1.00000000
vt 0.00000000 1.00000000
vt 0.00000000 1.00000000
vt 0.00000000 1.00000000
vt 0.00000000 1.00000000
vt 0.00000000 1.00000000
vt 0.00000000 1.00000000
vt 0.00000000 1.00000000
vt 0.00000000 1.00000000
vt 0.00000000 1.00000000
vt 0.00000000 1.00000000
vt 0.00000000 1.00000000
vt 0.00000000 1.00000000
vt 0.00000000 1.00000000
vt 0.00000000 1.00000000
vt 0.00000000 1.00000000
vt 0.00000000 1.00000000
vt 0.00000000 1.00000000
vt 0.00000000 1.00000000
vt 0.00000000 1.00000000
vt 0.00000000 1.00000000
vt 0.00000000 1.00000000
vt 0.00000000 1.00000000
vt 0.00000000 1.00000000
vt 0.00000000 1.00000000
vt 0.00000000 1.00000000
vt 0.00000000 1.00000000
vt 0.00000000 1.00000000
vt 0.00000000 1.00000000
vt 0.00000000 1.00000000
vt 0.00000000 1.00000000
vt 0.00000000 1.00000000
vt 0.00000000 1.00000000
vt 0.00000000 1.00000000
vt 0.00000000 1.00000000
vt 0.00000000 1.00000000
vt 0.00000000 1.00000000
vt 0.00000000 1.00000000
vt 0.00000000 1.00000000
vt 0.00000000 1.00000000
vt 0.00000000 1.00000000
vt 0.00000000 1.00000000
vt 0.00000000 1.00000000
vt 0.00000000 1.00000000
vt 0.00000000 1.00000000
vt 0.00000000 1.00000000
vt 0.00000000 1.00000000
vt 0.00000000 1.00000000
vt 0.00000000 1.00000000
vt 0.00000000 1.00000000
vt 0.00000000 1.00000000
vt 0.00000000 1.00000000
vt 0.00000000 1.00000000
vt 0.00000000 1.00000000
vt 0.00000000 1.00000000
vt 0.00000000 1.00000000
vt 0.00000000 1.00000000
vt 0.00000000 1.00000000
vt 0.00000000 1.00000000
vt 0.00000000 1.00000000
vt 0.00000000 1.00000000
vt 0.00000000 1.00000000
vt 0.00000000 1.00000000
vt 0.00000000 1.00000000
vt 0.00000000 1.00000000
vt 0.00000000 1.00000000
vt 0.00000000 1.00000000
vt 0.00000000 1.00000000
vt 0.00000000 1.00000000
vt 0.00000000 1.00000000
vt 0.00000000 1.00000000
vt 0.00000000 1.00000000
vt 0.00000000 1.00000000
vt 0.00000000 1.00000000
vt 0.00000000 1.00000000
vt 0.00000000 1.00000000
vt 0.00000000 1.00000000
vt 0.00000000 1.00000000
vt 0.00000000 1.00000000
vt 0.00000000 1.00000000
vt 0.00000000 1.00000000
vt 0.00000000 1.00000000
vt 0.00000000 1.00000000
vt 0.00000000 1.00000000
vt 0.00000000 1.00000000
vt 0.00000000 1.00000000
vt 0.00000000 1.00000000
vt 0.00000000 1.00000000
vt 0.00000000 1.00000000
vt 0.00000000 1.00000000
vt 0.00000000 1.00000000
vt 0.00000000 1.00000000
vt 0.00000000 1.00000000
vt 0.00000000 1.00000000
vt 0.00000000 1.00000000
vt 0.00000000 1.00000000
vt 0.00000000 1.00000000
vt 0.00000000 1.00000000
vt 0.00000000 1.00000000
vt 0.00000000 1.00000000
vt 0.00000000 1.00000000
vt 0.00000000 1.00000000
vt 0.00000000 1.00000000
vt 0.00000000 1.00000000
vt 0.00000000 1.00000000
vt 0.00000000 1.00000000
vt 0.00000000 1.00000000
vt 0.00000000 1.00000000
vt 0.00000000 1.00000000
vt 0.00000000 1.00000000
vt 0.00000000 1.00000000
vt 0.00000000 1.00000000
vt 0.00000000 1.00000000
vt 0.00000000 1.00000000
vt 0.00000000 1.00000000
vt 0.00000000 1.00000000
vt 0.00000000 1.00000000
vt 0.00000000 1.00000000
vt 0.00000000 1.00000000
vt 0.00000000 1.00000000
vt 0.00000000 1.00000000
vt 0.00000000 1.00000000
vt 0.00000000 1.00000000
vt 0.00000000 1.00000000
vt 0.00000000 1.00000000
vt 0.00000000 1.00000000
vt 0.00000000 1.00000000
vt 0.00000000 1.00000000
vt 0.00000000 1.00000000
vt 0.00000000 1.00000000
vt 0.00000000 1.00000000
vt 0.00000000 1.00000000
vt 0.00000000 1.00000000
vt 0.00000000 1.00000000
vt 0.00000000 1.00000000
vt 0.00000000 1.00000000
vt 0.00000000 1.00000000
vt 0.00000000 1.00000000
vt 0.00000000 1.00000000
vt 0.00000000 1.00000000
vt 0.00000000 1.00000000
vt 0.00000000 1.00000000
vt 0.00000000 1.00000000
vt 0.00000000 1.00000000
vt 0.00000000 1.00000000
vt 0.00000000 1.00000000
vt 0.00000000 1.00000000
vt 0.00000000 1.00000000
vt 0.00000000 1.00000000
vt 0.00000000 1.00000000
vt 0.00000000 1.00000000
vt 0.00000000 1.00000000
vt 0.00000000 1.00000000
vt 0.00000000 1.00000000
vt 0.00000000 1.00000000
vt 0.00000000 1.00000000
vt 0.00000000 1.00000000
vt 0.00000000 1.00000000
vt 0.00000000 1.00000000
vt 0.00000000 1.00000000
vt 0.00000000 1.00000000
vt 0.00000000 1.00000000
vt 0.00000000 1.00000000
vt 0.00000000 1.00000000
vt 0.00000000 1.00000000
vt 0.00000000 1.00000000
vt 0.00000000 1.00000000
vt 0.00000000 1.00000000
vt 0.00000000 1.00000000
vt 0.00000000 1.00000000
vt 0.00000000 1.00000000
vt 0.00000000 1.00000000
vt 0.00000000 1.00000000
vt 0.00000000 1.00000000
vt 0.00000000 1.00000000
vt 0.00000000 1.00000000
vt 0.00000000 1.00000000
vt 0.00000000 1.00000000
vt 0.00000000 1.00000000
vt 0.00000000 1.00000000
vt 0.00000000 1.00000000
vt 0.00000000 1.00000000
vt 0.00000000 1.00000000
vt 0.00000000 1.00000000
vt 0.00000000 1.00000000
vt 0.00000000 1.00000000
vt 0.00000000 1.00000000
vt 0.00000000 1.00000000
vt 0.00000000 1.00000000
vt 0.00000000 1.00000000
vt 0.00000000 1.00000000
vt 0.00000000 1.00000000
vt 0.00000000 1.00000000
vt 0.00000000 1.00000000
vt 0.00000000 1.00000000
vt 0.00000000 1.00000000
vt 0.00000000 1.00000000
vt 0.00000000 1.00000000
vt 0.00000000 1.00000000
vt 0.00000000 1.00000000
vt 0.00000000 1.00000000
vt 0.00000000 1.00000000
vt 0.00000000 1.00000000
vt 0.00000000 1.00000000
vt 0.00000000 1.00000000
vt 0.00000000 1.00000000
vt 0.00000000 1.00000000
vt 0.00000000 1.00000000
vt 0.00000000 1.00000000
vt 0.00000000 1.00000000
vt 0.00000000 1.00000000
vt 0.00000000 1.00000000
vt 0.00000000 1.00000000
vt 0.00000000 1.00000000
vt 0.00000000 1.00000000
vt 0.00000000 1.00000000
vt 0.00000000 1.00000000
vt 0.00000000 1.00000000
vt 0.00000000 1.00000000
vt 0.00000000 1.00000000
vt 0.00000000 1.00000000
vt 0.00000000 1.00000000
vt 0.00000000 1.00000000
vt 0.00000000 1.00000000
vt 0.00000000 1.00000000
vt 0.00000000 1.00000000
vt 0.00000000 1.00000000
vt 0.00000000 1.00000000
vt 0.00000000 1.00000000
vt 0.00000000 1.00000000
vt 0.00000000 1.00000000
vt 0.00000000 1.00000000
vt 0.00000000 1.00000000
vt 0.00000000 1.00000000
vt 0.00000000 1.00000000
vt 0.00000000 1.00000000
vt 0.00000000 1.00000000
vt 0.00000000 1.00000000
vt 0.00000000 1.00000000
vt 0.00000000 1.00000000
vt 0.00000000 1.00000000
vt 0.00000000 1.00000000
vt 0.00000000 1.00000000
vt 0.00000000 1.00000000
vt 0.00000000 1.00000000
vt 0.00000000 1.00000000
vt 0.00000000 1.00000000
vt 0.00000000 1.00000000
vt 0.00000000 1.00000000
vt 0.00000000 1.00000000
vt 0.00000000 1.00000000
vt 0.00000000 1.00000000
vt 0.00000000 1.00000000
vt 0.00000000 1.00000000
vt 0.00000000 1.00000000
vt 0.00000000 1.00000000
vt 0.00000000 1.00000000
vt 0.00000000 1.00000000
vt 0.00000000 1.00000000
vt 0.00000000 1.00000000
vt 0.00000000 1.00000000
vt 0.00000000 1.00000000
vt 0.00000000 1.00000000
vt 0.00000000 1.00000000
vt 0.00000000 1.00000000
vt 0.00000000 1.00000000
vt 0.00000000 1.00000000
vt 0.00000000 1.00000000
vt 0.00000000 1.00000000
vt 0.00000000 1.00000000
vt 0.00000000 1.00000000
vt 0.00000000 1.00000000
vt 0.00000000 1.00000000
vt 0.00000000 1.00000000
vt 0.00000000 1.00000000
vt 0.00000000 1.00000000
vt 0.00000000 1.00000000
vt 0.00000000 1.00000000
vt 0.00000000 1.00000000
vt 0.00000000 1.00000000
vt 0.00000000 1.00000000
vt 0.00000000 1.00000000
vt 0.00000000 1.00000000
vt 0.00000000 1.00000000
vt 0.00000000 1.00000000
vt 0.00000000 1.00000000
vt 0.00000000 1.00000000
vt 0.00000000 1.00000000
vt 0.00000000 1.00000000
vt 0.00000000 1.00000000
vt 0.00000000 1.00000000
vt 0.00000000 1.00000000
vt 0.00000000 1.00000000
vt 0.00000000 1.00000000
vt 0.00000000 1.00000000
vt 0.00000000 1.00000000
vt 0.00000000 1.00000000
vt 0.00000000 1.00000000
vt 0.00000000 1.00000000
vt 0.00000000 1.00000000
vt 0.00000000 1.00000000
vt 0.00000000 1.00000000
vt 0.00000000 1.00000000
vt 0.00000000 1.00000000
vt 0.00000000 1.00000000
vt 0.00000000 1.00000000
vt 0.00000000 1.00000000
vt 0.00000000 1.00000000
vt 0.00000000 1.00000000
vt 0.00000000 1.00000000
vt 0.00000000 1.00000000
vt 0.00000000 1.00000000
vt 0.00000000 1.00000000
vt 0.00000000 1.00000000
vt 0.00000000 1.00000000
vt 0.00000000 1.00000000
vt 0.00000000 1.00000000
vt 0.00000000 1.00000000
vt 0.00000000 1.00000000
vt 0.00000000 1.00000000
vt 0.00000000 1.00000000
vt 0.00000000 1.00000000
vt 0.00000000 1.00000000
vt 0.00000000 1.00000000
vt 0.00000000 1.00000000
vt 0.00000000 1.00000000
vt 0.00000000 1.00000000
vt 0.00000000 1.00000000
vt 0.00000000 1.00000000
vt 0.00000000 1.00000000
vt 0.00000000 1.00000000
vt 0.00000000 1.00000000
vt 0.00000000 1.00000000
vt 0.00000000 1.00000000
vt 0.00000000 1.00000000
vt 0.00000000 1.00000000
vt 0.00000000 1.00000000
vt 0.00000000 1.00000000
vt 0.00000000 1.00000000
vt 0.00000000 1.00000000
vt 0.00000000 1.00000000
vt 0.00000000 1.00000000
vt 0.00000000 1.00000000
vt 0.00000000 1.00000000
vt 0.00000000 1.00000000
vt 0.00000000 1.00000000
vt 0.00000000 1.00000000
vt 0.00000000 1.00000000
vt 0.00000000 1.00000000
vt 0.00000000 1.00000000
vt 0.00000000 1.00000000
vt 0.00000000 1.00000000
vt 0.00000000 1.00000000
vt 0.00000000 1.00000000
vt 0.00000000 1.00000000
vt 0.00000000 1.00000000
vt 0.00000000 1.00000000
vt 0.00000000 1.00000000
vt 0.00000000 1.00000000
vt 0.00000000 1.00000000
vt 0.00000000 1.00000000
vt 0.00000000 1.00000000
vt 0.00000000 1.00000000
vt 0.00000000 1.00000000
vt 0.00000000 1.00000000
vt 0.00000000 1.00000000
vt 0.00000000 1.00000000
vt 0.00000000 1.00000000
vt 0.00000000 1.00000000
vt 0.00000000 1.00000000
vt 0.00000000 1.00000000
vt 0.00000000 1.00000000
vt 0.00000000 1.00000000
vt 0.00000000 1.00000000
vt 0.00000000 1.00000000
vt 0.00000000 1.00000000
vt 0.00000000 1.00000000
vt 0.00000000 1.00000000
vt 0.00000000 1.00000000
vt 0.00000000 1.00000000
vt 0.00000000 1.00000000
vt 0.00000000 1.00000000
vt 0.00000000 1.00000000
vt 0.00000000 1.00000000
vt 0.00000000 1.00000000
vt 0.00000000 1.00000000
vt 0.00000000 1.00000000
vt 0.00000000 1.00000000
vt 0.00000000 1.00000000
vt 0.00000000 1.00000000
vt 0.00000000 1.00000000
vt 0.00000000 1.00000000
vt 0.00000000 1.00000000
vt 0.00000000 1.00000000
vt 0.00000000 1.00000000
vt 0.00000000 1.00000000
vt 0.00000000 1.00000000
vt 0.00000000 1.00000000
vt 0.00000000 1.00000000
vt 0.00000000 1.00000000
vt 0.00000000 1.00000000
vt 0.00000000 1.00000000
vt 0.00000000 1.00000000
vt 0.00000000 1.00000000
vt 0.00000000 1.00000000
vt 0.00000000 1.00000000
vt 0.00000000 1.00000000
vt 0.00000000 1.00000000
vt 0.00000000 1.00000000
vt 0.00000000 1.00000000
vt 0.00000000 1.00000000
vt 0.00000000 1.00000000
vt 0.00000000 1.00000000
vt 0.00000000 1.00000000
vt 0.00000000 1.00000000
vt 0.00000000 1.00000000
vt 0.00000000 1.00000000
vt 0.00000000 1.00000000
vt 0.00000000 1.00000000
vt 0.00000000 1.00000000
vt 0.00000000 1.00000000
vt 0.00000000 1.00000000
vt 0.00000000 1.00000000
vt 0.00000000 1.00000000
vt 0.00000000 1.00000000
vt 0.00000000 1.00000000
vt 0.00000000 1.00000000
vt 0.00000000 1.00000000
vt 0.00000000 1.00000000
vt 0.00000000 1.00000000
vt 0.00000000 1.00000000
vt 0.00000000 1.00000000
vt 0.00000000 1.00000000
vt 0.00000000 1.00000000
vt 0.00000000 1.00000000
vt 0.00000000 1.00000000
vt 0.00000000 1.00000000
vt 0.00000000 1.00000000
vt 0.00000000 1.00000000
vt 0.00000000 1.00000000
vt 0.00000000 1.00000000
vt 0.00000000 1.00000000
vt 0.00000000 1.00000000
vt 0.00000000 1.00000000
vt 0.00000000 1.00000000
vt 0.00000000 1.00000000
vt 0.00000000 1.00000000
vt 0.00000000 1.00000000
vt 0.00000000 1.00000000
vt 0.00000000 1.00000000
vt 0.00000000 1.00000000
vt 0.00000000 1.00000000
vt 0.00000000 1.00000000
vt 0.00000000 1.00000000
vt 0.00000000 1.00000000
vt 0.00000000 1.00000000
vt 0.00000000 1.00000000
vt 0.00000000 1.00000000
vt 0.00000000 1.00000000
vt 0.00000000 1.00000000
vt 0.00000000 1.00000000
vt 0.00000000 1.00000000
vt 0.00000000 1.00000000
vt 0.00000000 1.00000000
vt 0.00000000 1.00000000
vt 0.00000000 1.00000000
vt 0.00000000 1.00000000
vt 0.00000000 1.00000000
vt 0.00000000 1.00000000
vt 0.00000000 1.00000000
vt 0.00000000 1.00000000
vt 0.00000000 1.00000000
vt 0.00000000 1.00000000
vt 0.00000000 1.00000000
vt 0.00000000 1.00000000
vt 0.00000000 1.00000000
vt 0.00000000 1.00000000
vt 0.00000000 1.00000000
vt 0.00000000 1.00000000
vt 0.00000000 1.00000000
vt 0.00000000 1.00000000
vt 0.00000000 1.00000000
vt 0.00000000 1.00000000
vt 0.00000000 1.00000000
vt 0.00000000 1.00000000
vt 0.00000000 1.00000000
vt 0.00000000 1.00000000
vt 0.00000000 1.00000000
vt 0.00000000 1.00000000
vt 0.00000000 1.00000000
vt 0.00000000 1.00000000
vt 0.00000000 1.00000000
vt 0.00000000 1.00000000
vt 0.00000000 1.00000000
vt 0.00000000 1.00000000
vt 0.00000000 1.00000000
vt 0.00000000 1.00000000
vt 0.00000000 1.00000000
vt 0.00000000 1.00000000
vt 0.00000000 1.00000000
vt 0.00000000 1.00000000
vt 0.00000000 1.00000000
vt 0.00000000 1.00000000
vt 0.00000000 1.00000000
vt 0.00000000 1.00000000
vt 0.00000000 1.00000000
vt 0.00000000 1.00000000
vt 0.00000000 1.00000000
vt 0.00000000 1.00000000
vt 0.00000000 1.00000000
vt 0.00000000 1.00000000
vt 0.00000000 1.00000000
vt 0.00000000 1.00000000
vt 0.00000000 1.00000000
vt 0.00000000 1.00000000
vt 0.00000000 1.00000000
vt 0.00000000 1.00000000
vt 0.00000000 1.00000000
vt 0.00000000 1.00000000
vt 0.00000000 1.00000000
vt 0.00000000 1.00000000
vt 0.00000000 1.00000000
vt 0.00000000 1.00000000
vt 0.00000000 1.00000000
vt 0.00000000 1.00000000
vt 0.00000000 1.00000000
vt 0.00000000 1.00000000
vt 0.00000000 1.00000000
vt 0.00000000 1.00000000
vt 0.00000000 1.00000000
vt 0.00000000 1.00000000
vt 0.00000000 1.00000000
vt 0.00000000 1.00000000
vt 0.00000000 1.00000000
vt 0.00000000 1.00000000
vt 0.00000000 1.00000000
vt 0.00000000 1.00000000
vt 0.00000000 1.00000000
vt 0.00000000 1.00000000
vt 0.00000000 1.00000000
vt 0.00000000 1.00000000
vt 0.00000000 1.00000000
vt 0.00000000 1.00000000
vt 0.00000000 1.00000000
vt 0.00000000 1.00000000
vt 0.00000000 1.00000000
vt 0.00000000 1.00000000
vt 0.00000000 1.00000000
vt 0.00000000 1.00000000
vt 0.00000000 1.00000000
vt 0.00000000 1.00000000
vt 0.00000000 1.00000000
vt 0.00000000 1.00000000
vt 0.00000000 1.00000000
vt 0.00000000 1.00000000
vt 0.00000000 1.00000000
vt 0.00000000 1.00000000
vt 0.00000000 1.00000000
vt 0.00000000 1.00000000
vt 0.00000000 1.00000000
vt 0.00000000 1.00000000
vt 0.00000000 1.00000000
vt 0.00000000 1.00000000
vt 0.00000000 1.00000000
vt 0.00000000 1.00000000
vt 0.00000000 1.00000000
vt 0.00000000 1.00000000
vt 0.00000000 1.00000000
vt 0.00000000 1.00000000
vt 0.00000000 1.00000000
vt 0.00000000 1.00000000
vt 0.00000000 1.00000000
vt 0.00000000 1.00000000
vt 0.00000000 1.00000000
vt 0.00000000 1.00000000
vt 0.00000000 1.00000000
vt 0.00000000 1.00000000
vt 0.00000000 1.00000000
vt 0.00000000 1.00000000
vt 0.00000000 1.00000000
vt 0.00000000 1.00000000
vt 0.00000000 1.00000000
vt 0.00000000 1.00000000
vt 0.00000000 1.00000000
vt 0.00000000 1.00000000
vt 0.00000000 1.00000000
vt 0.00000000 1.00000000
vt 0.00000000 1.00000000
vt 0.00000000 1.00000000
vt 0.00000000 1.00000000
vt 0.00000000 1.00000000
vt 0.00000000 1.00000000
vt 0.00000000 1.00000000
vt 0.00000000 1.00000000
vt 0.00000000 1.00000000
vt 0.00000000 1.00000000
vt 0.00000000 1.00000000
vt 0.00000000 1.00000000
vt 0.00000000 1.00000000
vt 0.00000000 1.00000000
vt 0.00000000 1.00000000
vt 0.00000000 1.00000000
vt 0.00000000 1.00000000
vt 0.00000000 1.00000000
vt 0.00000000 1.00000000
vt 0.00000000 1.00000000
vt 0.00000000 1.00000000
vt 0.00000000 1.00000000
vt 0.00000000 1.00000000
vt 0.00000000 1.00000000
vt 0.00000000 1.00000000
vt 0.00000000 1.00000000
vt 0.00000000 1.00000000
vt 0.00000000 1.00000000
vt 0.00000000 1.00000000
vt 0.00000000 1.00000000
vt 0.00000000 1.00000000
vt 0.00000000 1.00000000
vt 0.00000000 1.00000000
vt 0.00000000 1.00000000
vt 0.00000000 1.00000000
vt 0.00000000 1.00000000
vt 0.00000000 1.00000000
vt 0.00000000 1.00000000
vt 0.00000000 1.00000000
vt 0.00000000 1.00000000
vt 0.00000000 1.00000000
vt 0.00000000 1.00000000
vt 0.00000000 1.00000000
vt 0.00000000 1.00000000
vt 0.00000000 1.00000000
vt 0.00000000 1.00000000
vt 0.00000000 1.00000000
vt 0.00000000 1.00000000
vt 0.00000000 1.00000000
vt 0.00000000 1.00000000
vt 0.00000000 1.00000000
vt 0.00000000 1.00000000
vt 0.00000000 1.00000000
vt 0.00000000 1.00000000
vt 0.00000000 1.00000000
vt 0.00000000 1.00000000
vt 0.00000000 1.00000000
vt 0.00000000 1.00000000
vt 0.00000000 1.00000000
vt 0.00000000 1.00000000
vt 0.00000000 1.00000000
vt 0.00000000 1.00000000
vt 0.00000000 1.00000000
vt 0.00000000 1.00000000
vt 0.00000000 1.00000000
vt 0.00000000 1.00000000
vt 0.00000000 1.00000000
vt 0.00000000 1.00000000
vt 0.00000000 1.00000000
vt 0.00000000 1.00000000
vt 0.00000000 1.00000000
vt 0.00000000 1.00000000
vt 0.00000000 1.00000000
vt 0.00000000 1.00000000
vt 0.00000000 1.00000000
vt 0.00000000 1.00000000
vt 0.00000000 1.00000000
vt 0.00000000 1.00000000
vt 0.00000000 1.00000000
vt 0.00000000 1.00000000
vt 0.00000000 1.00000000
vt 0.00000000 1.00000000
vt 0.00000000 1.00000000
vt 0.00000000 1.00000000
vt 0.00000000 1.00000000
vt 0.00000000 1.00000000
vt 0.00000000 1.00000000
vt 0.00000000 1.00000000
vt 0.00000000 1.00000000
vt 0.00000000 1.00000000
vt 0.00000000 1.00000000
vt 0.00000000 1.00000000
vt 0.00000000 1.00000000
vt 0.00000000 1.00000000
vt 0.00000000 1.00000000
vt 0.00000000 1.00000000
vt 0.00000000 1.00000000
vt 0.00000000 1.00000000
vt 0.00000000 1.00000000
vt 0.00000000 1.00000000
vt 0.00000000 1.00000000
vt 0.00000000 1.00000000
vt 0.00000000 1.00000000
vt 0.00000000 1.00000000
vt 0.00000000 1.00000000
vt 0.00000000 1.00000000
vt 0.00000000 1.00000000
vt 0.00000000 1.00000000
vt 0.00000000 1.00000000
vt 0.00000000 1.00000000
vt 0.00000000 1.00000000
vt 0.00000000 1.00000000
vt 0.00000000 1.00000000
vt 0.00000000 1.00000000
vt 0.00000000 1.00000000
vt 0.00000000 1.00000000
vt 0.00000000 1.00000000
vt 0.00000000 1.00000000
vt 0.00000000 1.00000000
vt 0.00000000 1.00000000
vt 0.00000000 1.00000000
vt 0.00000000 1.00000000
vt 0.00000000 1.00000000
vt 0.00000000 1.00000000
vt 0.00000000 1.00000000
vt 0.00000000 1.00000000
vt 0.00000000 1.00000000
vt 0.00000000 1.00000000
vt 0.00000000 1.00000000
vt 0.00000000 1.00000000
vt 0.00000000 1.00000000
vt 0.00000000 1.00000000
vt 0.00000000 1.00000000
vt 0.00000000 1.00000000
vt 0.00000000 1.00000000
vt 0.00000000 1.00000000
vt 0.00000000 1.00000000
vt 0.00000000 1.00000000
vt 0.00000000 1.00000000
vt 0.00000000 1.00000000
vt 0.00000000 1.00000000
vt 0.00000000 1.00000000
vt 0.00000000 1.00000000
vt 0.00000000 1.00000000
vt 0.00000000 1.00000000
vt 0.00000000 1.00000000
vt 0.00000000 1.00000000
vt 0.00000000 1.00000000
vt 0.00000000 1.00000000
vt 0.00000000 1.00000000
vt 0.00000000 1.00000000
vt 0.00000000 1.00000000
vt 0.00000000 1.00000000
vt 0.00000000 1.00000000
vt 0.00000000 1.00000000
vt 0.00000000 1.00000000
vt 0.00000000 1.00000000
vt 0.00000000 1.00000000
vt 0.00000000 1.00000000
vt 0.00000000 1.00000000
vt 0.00000000 1.00000000
vt 0.00000000 1.00000000
vt 0.00000000 1.00000000
vt 0.00000000 1.00000000
vt 0.00000000 1.00000000
vt 0.00000000 1.00000000
vt 0.00000000 1.00000000
vt 0.00000000 1.00000000
vt 0.00000000 1.00000000
vt 0.00000000 1.00000000
vt 0.00000000 1.00000000
vt 0.00000000 1.00000000
vt 0.00000000 1.00000000
vt 0.00000000 1.00000000
vt 0.00000000 1.00000000
vt 0.00000000 1.00000000
vt 0.00000000 1.00000000
vt 0.00000000 1.00000000
vt 0.00000000 1.00000000
vt 0.00000000 1.00000000
vt 0.00000000 1.00000000
vt 0.00000000 1.00000000
vt 0.00000000 1.00000000
vt 0.00000000 1.00000000
vt 0.00000000 1.00000000
vt 0.00000000 1.00000000
vt 0.00000000 1.00000000
vt 0.00000000 1.00000000
vt 0.00000000 1.00000000
vt 0.00000000 1.00000000
vt 0.00000000 1.00000000
vt 0.00000000 1.00000000
vt 0.00000000 1.00000000
vt 0.00000000 1.00000000
vt 0.00000000 1.00000000
vt 0.00000000 1.00000000
vt 0.00000000 1.00000000
vt 0.00000000 1.00000000
vt 0.00000000 1.00000000
vt 0.00000000 1.00000000
vt 0.00000000 1.00000000
vt 0.00000000 1.00000000
vt 0.00000000 1.00000000
vt 0.00000000 1.00000000
vt 0.00000000 1.00000000
vt 0.00000000 1.00000000
vt 0.00000000 1.00000000
vt 0.00000000 1.00000000
vt 0.00000000 1.00000000
vt 0.00000000 1.00000000
vt 0.00000000 1.00000000
vt 0.00000000 1.00000000
vt 0.00000000 1.00000000
vt 0.00000000 1.00000000
vt 0.00000000 1.00000000
vt 0.00000000 1.00000000
vt 0.00000000 1.00000000
vt 0.00000000 1.00000000
vt 0.00000000 1.00000000
vt 0.00000000 1.00000000
vt 0.00000000 1.00000000
vt 0.00000000 1.00000000
vt 0.00000000 1.00000000
vt 0.00000000 1.00000000
vt 0.00000000 1.00000000
vt 0.00000000 1.00000000
vt 0.00000000 1.00000000
vt 0.00000000 1.00000000
vt 0.00000000 1.00000000
vt 0.00000000 1.00000000
vt 0.00000000 1.00000000
vt 0.00000000 1.00000000
vt 0.00000000 1.00000000
vt 0.00000000 1.00000000
vt 0.00000000 1.00000000
vt 0.00000000 1.00000000
vt 0.00000000 1.00000000
vt 0.00000000 1.00000000
vt 0.00000000 1.00000000
vt 0.00000000 1.00000000
vt 0.00000000 1.00000000
vt 0.00000000 1.00000000
vt 0.00000000 1.00000000
vt 0.00000000 1.00000000
vt 0.00000000 1.00000000
vt 0.00000000 1.00000000
vt 0.00000000 1.00000000
vt 0.00000000 1.00000000
vt 0.00000000 1.00000000
vt 0.00000000 1.00000000
vt 0.00000000 1.00000000
vt 0.00000000 1.00000000
vt 0.00000000 1.00000000
vt 0.00000000 1.00000000
vt 0.00000000 1.00000000
vt 0.00000000 1.00000000
vt 0.00000000 1.00000000
vt 0.00000000 1.00000000
vt 0.00000000 1.00000000
vt 0.00000000 1.00000000
vt 0.00000000 1.00000000
vt 0.00000000 1.00000000
vt 0.00000000 1.00000000
vt 0.00000000 1.00000000
vt 0.00000000 1.00000000
vt 0.00000000 1.00000000
vt 0.00000000 1.00000000
vt 0.00000000 1.00000000
vt 0.00000000 1.00000000
vt 0.00000000 1.00000000
vt 0.00000000 1.00000000
vt 0.00000000 1.00000000
vt 0.00000000 1.00000000
vt 0.00000000 1.00000000
vt 0.00000000 1.00000000
vt 0.00000000 1.00000000
vt 0.00000000 1.00000000
vt 0.00000000 1.00000000
vt 0.00000000 1.00000000
vt 0.00000000 1.00000000
vt 0.00000000 1.00000000
vt 0.00000000 1.00000000
vt 0.00000000 1.00000000
vt 0.00000000 1.00000000
vt 0.00000000 1.00000000
vt 0.00000000 1.00000000
vt 0.00000000 1.00000000
vt 0.00000000 1.00000000
vt 0.00000000 1.00000000
vt 0.00000000 1.00000000
vt 0.00000000 1.00000000
vt 0.00000000 1.00000000
vt 0.00000000 1.00000000
vt 0.00000000 1.00000000
vt 0.00000000 1.00000000
vt 0.00000000 1.00000000
vt 0.00000000 1.00000000
vt 0.00000000 1.00000000
vt 0.00000000 1.00000000
vt 0.00000000 1.00000000
vt 0.00000000 1.00000000
vt 0.00000000 1.00000000
vt 0.00000000 1.00000000
vt 0.00000000 1.00000000
vt 0.00000000 1.00000000
vt 0.00000000 1.00000000
vt 0.00000000 1.00000000
vt 0.00000000 1.00000000
vt 0.00000000 1.00000000
vt 0.00000000 1.00000000
vt 0.00000000 1.00000000
vt 0.00000000 1.00000000
vt 0.00000000 1.00000000
vt 0.00000000 1.00000000
vt 0.00000000 1.00000000
vt 0.00000000 1.00000000
vt 0.00000000 1.00000000
vt 0.00000000 1.00000000
vt 0.00000000 1.00000000
vt 0.00000000 1.00000000
vt 0.00000000 1.00000000
vt 0.00000000 1.00000000
vt 0.00000000 1.00000000
vt 0.00000000 1.00000000
vt 0.00000000 1.00000000
vt 0.00000000 1.00000000
vt 0.00000000 1.00000000
vt 0.00000000 1.00000000
vt 0.00000000 1.00000000
vt 0.00000000 1.00000000
vt 0.00000000 1.00000000
vt 0.00000000 1.00000000
vt 0.00000000 1.00000000
vt 0.00000000 1.00000000
vt 0.00000000 1.00000000
vt 0.00000000 1.00000000
vt 0.00000000 1.00000000
vt 0.00000000 1.00000000
vt 0.00000000 1.00000000
vt 0.00000000 1.00000000
vt 0.00000000 1.00000000
vt 0.00000000 1.00000000
vt 0.00000000 1.00000000
vt 0.00000000 1.00000000
vt 0.00000000 1.00000000
vt 0.00000000 1.00000000
vt 0.00000000 1.00000000
vt 0.00000000 1.00000000
vt 0.00000000 1.00000000
vt 0.00000000 1.00000000
vt 0.00000000 1.00000000
vt 0.00000000 1.00000000
vt 0.00000000 1.00000000
vt 0.00000000 1.00000000
vt 0.00000000 1.00000000
vt 0.00000000 1.00000000
vt 0.00000000 1.00000000
vt 0.00000000 1.00000000
vt 0.00000000 1.00000000
vt 0.00000000 1.00000000
vt 0.00000000 1.00000000
vt 0.00000000 1.00000000
vt 0.00000000 1.00000000
vt 0.00000000 1.00000000
vt 0.00000000 1.00000000
vt 0.00000000 1.00000000
vt 0.00000000 1.00000000
vt 0.00000000 1.00000000
vt 0.00000000 1.00000000
vt 0.00000000 1.00000000
vt 0.00000000 1.00000000
vt 0.00000000 1.00000000
vt 0.00000000 1.00000000
vt 0.00000000 1.00000000
vt 0.00000000 1.00000000
vt 0.00000000 1.00000000
vt 0.00000000 1.00000000
vt 0.00000000 1.00000000
vt 0.00000000 1.00000000
vt 0.00000000 1.00000000
vt 0.00000000 1.00000000
vt 0.00000000 1.00000000
vt 0.00000000 1.00000000
vt 0.00000000 1.00000000
vt 0.00000000 1.00000000
vt 0.00000000 1.00000000
vt 0.00000000 1.00000000
vt 0.00000000 1.00000000
vt 0.00000000 1.00000000
vt 0.00000000 1.00000000
vt 0.00000000 1.00000000
vt 0.00000000 1.00000000
vt 0.00000000 1.00000000
vt 0.00000000 1.00000000
vt 0.00000000 1.00000000
vt 0.00000000 1.00000000
vt 0.00000000 1.00000000
vt 0.00000000 1.00000000
vt 0.00000000 1.00000000
vt 0.00000000 1.00000000
vt 0.00000000 1.00000000
vt 0.00000000 1.00000000
vt 0.00000000 1.00000000
vt 0.00000000 1.00000000
vt 0.00000000 1.00000000
vt 0.00000000 1.00000000
vt 0.00000000 1.00000000
vt 0.00000000 1.00000000
vt 0.00000000 1.00000000
vt 0.00000000 1.00000000
vt 0.00000000 1.00000000
vt 0.00000000 1.00000000
vt 0.00000000 1.00000000
vt 0.00000000 1.00000000
vt 0.00000000 1.00000000
vt 0.00000000 1.00000000
vt 0.00000000 1.00000000
vt 0.00000000 1.00000000
vt 0.00000000 1.00000000
vt 0.00000000 1.00000000
vt 0.00000000 1.00000000
vt 0.00000000 1.00000000
vt 0.00000000 1.00000000
vt 0.00000000 1.00000000
vt 0.00000000 1.00000000
vt 0.00000000 1.00000000
vt 0.00000000 1.00000000
vt 0.00000000 1.00000000
vt 0.00000000 1.00000000
vt 0.00000000 1.00000000
vt 0.00000000 1.00000000
vt 0.00000000 1.00000000
vt 0.00000000 1.00000000
vt 0.00000000 1.00000000
vt 0.00000000 1.00000000
vt 0.00000000 1.00000000
vt 0.00000000 1.00000000
vt 0.00000000 1.00000000
vt 0.00000000 1.00000000
vt 0.00000000 1.00000000
vt 0.00000000 1.00000000
vt 0.00000000 1.00000000
vt 0.00000000 1.00000000
vt 0.00000000 1.00000000
vt 0.00000000 1.00000000
vt 0.00000000 1.00000000
vt 0.00000000 1.00000000
vt 0.00000000 1.00000000
vt 0.00000000 1.00000000
vt 0.00000000 1.00000000
vt 0.00000000 1.00000000
vt 0.00000000 1.00000000
vt 0.00000000 1.00000000
vt 0.00000000 1.00000000
vt 0.00000000 1.00000000
vt 0.00000000 1.00000000
vt 0.00000000 1.00000000
vt 0.00000000 1.00000000
vt 0.00000000 1.00000000
vt 0.00000000 1.00000000
vt 0.00000000 1.00000000
vt 0.00000000 1.00000000
vt 0.00000000 1.00000000
vt 0.00000000 1.00000000
vt 0.00000000 1.00000000
vt 0.00000000 1.00000000
vt 0.00000000 1.00000000
vt 0.00000000 1.00000000
vt 0.00000000 1.00000000
vt 0.00000000 1.00000000
vt 0.00000000 1.00000000
vt 0.00000000 1.00000000
vt 0.00000000 1.00000000
vt 0.00000000 1.00000000
vt 0.00000000 1.00000000
vt 0.00000000 1.00000000
vt 0.00000000 1.00000000
vt 0.00000000 1.00000000
vt 0.00000000 1.00000000
vt 0.00000000 1.00000000
vt 0.00000000 1.00000000
vt 0.00000000 1.00000000
vt 0.00000000 1.00000000
vt 0.00000000 1.00000000
vt 0.00000000 1.00000000
vt 0.00000000 1.00000000
vt 0.00000000 1.00000000
vt 0.00000000 1.00000000
vt 0.00000000 1.00000000
vt 0.00000000 1.00000000
vt 0.00000000 1.00000000
vt 0.00000000 1.00000000
vt 0.00000000 1.00000000
vt 0.00000000 1.00000000
vt 0.00000000 1.00000000
vt 0.00000000 1.00000000
vt 0.00000000 1.00000000
vt 0.00000000 1.00000000
vt 0.00000000 1.00000000
vt 0.00000000 1.00000000
vt 0.00000000 1.00000000
vt 0.00000000 1.00000000
vt 0.00000000 1.00000000
vt 0.00000000 1.00000000
vt 0.00000000 1.00000000
vt 0.00000000 1.00000000
vt 0.00000000 1.00000000
vt 0.00000000 1.00000000
vt 0.00000000 1.00000000
vt 0.00000000 1.00000000
vt 0.00000000 1.00000000
vt 0.00000000 1.00000000
vt 0.00000000 1.00000000
vt 0.00000000 1.00000000
vt 0.00000000 1.00000000
vt 0.00000000 1.00000000
vt 0.00000000 1.00000000
vt 0.00000000 1.00000000
vt 0.00000000 1.00000000
vt 0.00000000 1.00000000
vt 0.00000000 1.00000000
vt 0.00000000 1.00000000
vt 0.00000000 1.00000000
vt 0.00000000 1.00000000
vt 0.00000000 1.00000000
vt 0.00000000 1.00000000
vt 0.00000000 1.00000000
vt 0.00000000 1.00000000
vt 0.00000000 1.00000000
vt 0.00000000 1.00000000
vt 0.00000000 1.00000000
vt 0.00000000 1.00000000
vt 0.00000000 1.00000000
vt 0.00000000 1.00000000
vt 0.00000000 1.00000000
vt 0.00000000 1.00000000
vt 0.00000000 1.00000000
vt 0.00000000 1.00000000
vt 0.00000000 1.00000000
vt 0.00000000 1.00000000
vt 0.00000000 1.00000000
vt 0.00000000 1.00000000
vt 0.00000000 1.00000000
vt 0.00000000 1.00000000
vt 0.00000000 1.00000000
vt 0.00000000 1.00000000
vt 0.00000000 1.00000000
vt 0.00000000 1.00000000
vt 0.00000000 1.00000000
vt 0.00000000 1.00000000
vt 0.00000000 1.00000000
vt 0.00000000 1.00000000
vt 0.00000000 1.00000000
vt 0.00000000 1.00000000
vt 0.00000000 1.00000000
vt 0.00000000 1.00000000
vt 0.00000000 1.00000000
vt 0.00000000 1.00000000
vt 0.00000000 1.00000000
vt 0.00000000 1.00000000
vt 0.00000000 1.00000000
vt 0.00000000 1.00000000
vt 0.00000000 1.00000000
vt 0.00000000 1.00000000
vt 0.00000000 1.00000000
vt 0.00000000 1.00000000
vt 0.00000000 1.00000000
vt 0.00000000 1.00000000
vt 0.00000000 1.00000000
vt 0.00000000 1.00000000
vt 0.00000000 1.00000000
vt 0.00000000 1.00000000
vt 0.00000000 1.00000000
vt 0.00000000 1.00000000
vt 0.00000000 1.00000000
vt 0.00000000 1.00000000
vt 0.00000000 1.00000000
vt 0.00000000 1.00000000
vt 0.00000000 1.00000000
vt 0.00000000 1.00000000
vt 0.00000000 1.00000000
vt 0.00000000 1.00000000
vt 0.00000000 1.00000000
vt 0.00000000 1.00000000
vt 0.00000000 1.00000000
vt 0.00000000 1.00000000
vt 0.00000000 1.00000000
vt 0.00000000 1.00000000
vt 0.00000000 1.00000000
vt 0.00000000 1.00000000
vt 0.00000000 1.00000000
vt 0.00000000 1.00000000
vt 0.00000000 1.00000000
vt 0.00000000 1.00000000
vt 0.00000000 1.00000000
vt 0.00000000 1.00000000
vt 0.00000000 1.00000000
vt 0.00000000 1.00000000
vt 0.00000000 1.00000000
vt 0.00000000 1.00000000
vt 0.00000000 1.00000000
vt 0.00000000 1.00000000
vt 0.00000000 1.00000000
vt 0.00000000 1.00000000
vt 0.00000000 1.00000000
vt 0.00000000 1.00000000
vt 0.00000000 1.00000000
vt 0.00000000 1.00000000
vt 0.00000000 1.00000000
vt 0.00000000 1.00000000
vt 0.00000000 1.00000000
vt 0.00000000 1.00000000
vt 0.00000000 1.00000000
vt 0.00000000 1.00000000
vt 0.00000000 1.00000000
vt 0.00000000 1.00000000
vt 0.00000000 1.00000000
vt 0.00000000 1.00000000
vt 0.00000000 1.00000000
vt 0.00000000 1.00000000
vt 0.00000000 1.00000000
vt 0.00000000 1.00000000
vt 0.00000000 1.00000000
vt 0.00000000 1.00000000
vt 0.00000000 1.00000000
vt 0.00000000 1.00000000
vt 0.00000000 1.00000000
vt 0.00000000 1.00000000
vt 0.00000000 1.00000000
vt 0.00000000 1.00000000
vt 0.00000000 1.00000000
vt 0.00000000 1.00000000
vt 0.00000000 1.00000000
vt 0.00000000 1.00000000
vt 0.00000000 1.00000000
vt 0.00000000 1.00000000
vt 0.00000000 1.00000000
vt 0.00000000 1.00000000
vt 0.00000000 1.00000000
vt 0.00000000 1.00000000
vt 0.00000000 1.00000000
vt 0.00000000 1.00000000
vt 0.00000000 1.00000000
vt 0.00000000 1.00000000
vt 0.00000000 1.00000000
vt 0.00000000 1.00000000
vt 0.00000000 1.00000000
vt 0.00000000 1.00000000
vt 0.00000000 1.00000000
vt 0.00000000 1.00000000
vt 0.00000000 1.00000000
vt 0.00000000 1.00000000
vt 0.00000000 1.00000000
vt 0.00000000 1.00000000
vt 0.00000000 1.00000000
vt 0.00000000 1.00000000
vt 0.00000000 1.00000000
vt 0.00000000 1.00000000
vt 0.00000000 1.00000000
vt 0.00000000 1.00000000
vt 0.00000000 1.00000000
vt 0.00000000 1.00000000
vt 0.00000000 1.00000000
vt 0.00000000 1.00000000
vt 0.00000000 1.00000000
vt 0.00000000 1.00000000
vt 0.00000000 1.00000000
vt 0.00000000 1.00000000
vt 0.00000000 1.00000000
vt 0.00000000 1.00000000
vt 0.00000000 1.00000000
vt 0.00000000 1.00000000
vt 0.00000000 1.00000000
vt 0.00000000 1.00000000
vt 0.00000000 1.00000000
vt 0.00000000 1.00000000
vt 0.00000000 1.00000000
vt 0.00000000 1.00000000
vt 0.00000000 1.00000000
vt 0.00000000 1.00000000
vt 0.00000000 1.00000000
vt 0.00000000 1.00000000
vt 0.00000000 1.00000000
vt 0.00000000 1.00000000
vt 0.00000000 1.00000000
vt 0.00000000 1.00000000
vt 0.00000000 1.00000000
vt 0.00000000 1.00000000
vt 0.00000000 1.00000000
vt 0.00000000 1.00000000
vt 0.00000000 1.00000000
vt 0.00000000 1.00000000
vt 0.00000000 1.00000000
vt 0.00000000 1.00000000
vt 0.00000000 1.00000000
vt 0.00000000 1.00000000
vt 0.00000000 1.00000000
vt 0.00000000 1.00000000
vt 0.00000000 1.00000000
vt 0.00000000 1.00000000
vt 0.00000000 1.00000000
vt 0.00000000 1.00000000
vt 0.00000000 1.00000000
vt 0.00000000 1.00000000
vt 0.00000000 1.00000000
vt 0.00000000 1.00000000
vt 0.00000000 1.00000000
vt 0.00000000 1.00000000
vt 0.00000000 1.00000000
vt 0.00000000 1.00000000
vt 0.00000000 1.00000000
vt 0.00000000 1.00000000
vt 0.00000000 1.00000000
vt 0.00000000 1.00000000
vt 0.00000000 1.00000000
vt 0.00000000 1.00000000
vt 0.00000000 1.00000000
vt 0.00000000 1.00000000
vt 0.00000000 1.00000000
vt 0.00000000 1.00000000
vt 0.00000000 1.00000000
vt 0.00000000 1.00000000
vt 0.00000000 1.00000000
vt 0.00000000 1.00000000
vt 0.00000000 1.00000000
vt 0.00000000 1.00000000
vt 0.00000000 1.00000000
vt 0.00000000 1.00000000
vt 0.00000000 1.00000000
vt 0.00000000 1.00000000
vt 0.00000000 1.00000000
vt 0.00000000 1.00000000
vt 0.00000000 1.00000000
vt 0.00000000 1.00000000
vt 0.00000000 1.00000000
vt 0.00000000 1.00000000
vt 0.00000000 1.00000000
vt 0.00000000 1.00000000
vt 0.00000000 1.00000000
vt 0.00000000 1.00000000
vt 0.00000000 1.00000000
vt 0.00000000 1.00000000
vt 0.00000000 1.00000000
vt 0.00000000 1.00000000
vt 0.00000000 1.00000000
vt 0.00000000 1.00000000
vt 0.00000000 1.00000000
vt 0.00000000 1.00000000
vt 0.00000000 1.00000000
vt 0.00000000 1.00000000
vt 0.00000000 1.00000000
vt 0.00000000 1.00000000
vt 0.00000000 1.00000000
vt 0.00000000 1.00000000
vt 0.00000000 1.00000000
vt 0.00000000 1.00000000
vt 0.00000000 1.00000000
vt 0.00000000 1.00000000
vt 0.00000000 1.00000000
vt 0.00000000 1.00000000
vt 0.00000000 1.00000000
vt 0.00000000 1.00000000
vt 0.00000000 1.00000000
vt 0.00000000 1.00000000
vt 0.00000000 1.00000000
vt 0.00000000 1.00000000
vt 0.00000000 1.00000000
vt 0.00000000 1.00000000
vt 0.00000000 1.00000000
vt 0.00000000 1.00000000
vt 0.00000000 1.00000000
vt 0.00000000 1.00000000
vt 0.00000000 1.00000000
vt 0.00000000 1.00000000
vt 0.00000000 1.00000000
vt 0.00000000 1.00000000
vt 0.00000000 1.00000000
vt 0.00000000 1.00000000
vt 0.00000000 1.00000000
vt 0.00000000 1.00000000
vt 0.00000000 1.00000000
vt 0.00000000 1.00000000
vt 0.00000000 1.00000000
vt 0.00000000 1.00000000
vt 0.00000000 1.00000000
vt 0.00000000 1.00000000
vt 0.00000000 1.00000000
vt 0.00000000 1.00000000
vt 0.00000000 1.00000000
vt 0.00000000 1.00000000
vt 0.00000000 1.00000000
vt 0.00000000 1.00000000
vt 0.00000000 1.00000000
vt 0.00000000 1.00000000
vt 0.00000000 1.00000000
vt 0.00000000 1.00000000
vt 0.00000000 1.00000000
vt 0.00000000 1.00000000
vt 0.00000000 1.00000000
vt 0.00000000 1.00000000
vt 0.00000000 1.00000000
vt 0.00000000 1.00000000
vt 0.00000000 1.00000000
vt 0.00000000 1.00000000
vt 0.00000000 1.00000000
vt 0.00000000 1.00000000
vt 0.00000000 1.00000000
vt 0.00000000 1.00000000
vt 0.00000000 1.00000000
vt 0.00000000 1.00000000
vt 0.00000000 1.00000000
vt 0.00000000 1.00000000
vt 0.00000000 1.00000000
vt 0.00000000 1.00000000
vt 0.00000000 1.00000000
vt 0.00000000 1.00000000
vt 0.00000000 1.00000000
vt 0.00000000 1.00000000
vt 0.00000000 1.00000000
vt 0.00000000 1.00000000
vt 0.00000000 1.00000000
vt 0.00000000 1.00000000
vt 0.00000000 1.00000000
vt 0.00000000 1.00000000
vt 0.00000000 1.00000000
vt 0.00000000 1.00000000
vt 0.00000000 1.00000000
vt 0.00000000 1.00000000
vt 0.00000000 1.00000000
vt 0.00000000 1.00000000
vt 0.00000000 1.00000000
vt 0.00000000 1.00000000
vt 0.00000000 1.00000000
vt 0.00000000 1.00000000
vt 0.00000000 1.00000000
vt 0.00000000 1.00000000
vt 0.00000000 1.00000000
vt 0.00000000 1.00000000
vt 0.00000000 1.00000000
vt 0.00000000 1.00000000
vt 0.00000000 1.00000000
vt 0.00000000 1.00000000
vt 0.00000000 1.00000000
vt 0.00000000 1.00000000
vt 0.00000000 1.00000000
vt 0.00000000 1.00000000
vt 0.00000000 1.00000000
vt 0.00000000 1.00000000
vt 0.00000000 1.00000000
vt 0.00000000 1.00000000
vt 0.00000000 1.00000000
vt 0.00000000 1.00000000
vt 0.00000000 1.00000000
vt 0.00000000 1.00000000
vt 0.00000000 1.00000000
vt 0.00000000 1.00000000
vt 0.00000000 1.00000000
vt 0.00000000 1.00000000
vt 0.00000000 1.00000000
vt 0.00000000 1.00000000
vt 0.00000000 1.00000000
vt 0.00000000 1.00000000
vt 0.00000000 1.00000000
vt 0.00000000 1.00000000
vt 0.00000000 1.00000000
vt 0.00000000 1.00000000
vt 0.00000000 1.00000000
vt 0.00000000 1.00000000
vt 0.00000000 1.00000000
vt 0.00000000 1.00000000
vt 0.00000000 1.00000000
vt 0.00000000 1.00000000
vt 0.00000000 1.00000000
vt 0.00000000 1.00000000
vt 0.00000000 1.00000000
vt 0.00000000 1.00000000
vt 0.00000000 1.00000000
vt 0.00000000 1.00000000
vt 0.00000000 1.00000000
vt 0.00000000 1.00000000
vt 0.00000000 1.00000000
vt 0.00000000 1.00000000
vt 0.00000000 1.00000000
vt 0.00000000 1.00000000
vt 0.00000000 1.00000000
vt 0.00000000 1.00000000
vt 0.00000000 1.00000000
vt 0.00000000 1.00000000
vt 0.00000000 1.00000000
vt 0.00000000 1.00000000
vt 0.00000000 1.00000000
vt 0.00000000 1.00000000
vt 0.00000000 1.00000000
vt 0.00000000 1.00000000
vt 0.00000000 1.00000000
vt 0.00000000 1.00000000
vt 0.00000000 1.00000000
vt 0.00000000 1.00000000
vt 0.00000000 1.00000000
vt 0.00000000 1.00000000
vt 0.00000000 1.00000000
vt 0.00000000 1.00000000
vt 0.00000000 1.00000000
vt 0.00000000 1.00000000
vt 0.00000000 1.00000000
vt 0.00000000 1.00000000
vt 0.00000000 1.00000000
vt 0.00000000 1.00000000
vt 0.00000000 1.00000000
vt 0.00000000 1.00000000
vt 0.00000000 1.00000000
vt 0.00000000 1.00000000
vt 0.00000000 1.00000000
vt 0.00000000 1.00000000
vt 0.00000000 1.00000000
vt 0.00000000 1.00000000
vt 0.00000000 1.00000000
vt 0.00000000 1.00000000
vt 0.00000000 1.00000000
vt 0.00000000 1.00000000
vt 0.00000000 1.00000000
vt 0.00000000 1.00000000
vt 0.00000000 1.00000000
vt 0.00000000 1.00000000
vt 0.00000000 1.00000000
vt 0.00000000 1.00000000
vt 0.00000000 1.00000000
vt 0.00000000 1.00000000
vt 0.00000000 1.00000000
vt 0.00000000 1.00000000
vt 0.00000000 1.00000000
vt 0.00000000 1.00000000
vt 0.00000000 1.00000000
vt 0.00000000 1.00000000
vt 0.00000000 1.00000000
vt 0.00000000 1.00000000
vt 0.00000000 1.00000000
vt 0.00000000 1.00000000
vt 0.00000000 1.00000000
vt 0.00000000 1.00000000
vt 0.00000000 1.00000000
vt 0.00000000 1.00000000
vt 0.00000000 1.00000000
vt 0.00000000 1.00000000
vt 0.00000000 1.00000000
vt 0.00000000 1.00000000
vt 0.00000000 1.00000000
vt 0.00000000 1.00000000
vt 0.00000000 1.00000000
vt 0.00000000 1.00000000
vt 0.00000000 1.00000000
vt 0.00000000 1.00000000
vt 0.00000000 1.00000000
vt 0.00000000 1.00000000
vt 0.00000000 1.00000000
vt 0.00000000 1.00000000
vt 0.00000000 1.00000000
vt 0.00000000 1.00000000
vt 0.00000000 1.00000000
vt 0.00000000 1.00000000
vt 0.00000000 1.00000000
vt 0.00000000 1.00000000
vt 0.00000000 1.00000000
vt 0.00000000 1.00000000
vt 0.00000000 1.00000000
vt 0.00000000 1.00000000
vt 0.00000000 1.00000000
vt 0.00000000 1.00000000
vt 0.00000000 1.00000000
vt 0.00000000 1.00000000
vt 0.00000000 1.00000000
vt 0.00000000 1.00000000
vt 0.00000000 1.00000000
vt 0.00000000 1.00000000
vt 0.00000000 1.00000000
vt 0.00000000 1.00000000
vt 0.00000000 1.00000000
vt 0.00000000 1.00000000
vt 0.00000000 1.00000000
vt 0.00000000 1.00000000
vt 0.00000000 1.00000000
vt 0.00000000 1.00000000
vt 0.00000000 1.00000000
vt 0.00000000 1.00000000
vt 0.00000000 1.00000000
vt 0.00000000 1.00000000
vt 0.00000000 1.00000000
vt 0.00000000 1.00000000
vt 0.00000000 1.00000000
vt 0.00000000 1.00000000
vt 0.00000000 1.00000000
vt 0.00000000 1.00000000
vt 0.00000000 1.00000000
vt 0.00000000 1.00000000
vt 0.00000000 1.00000000
vt 0.00000000 1.00000000
vt 0.00000000 1.00000000
vt 0.00000000 1.00000000
vt 0.00000000 1.00000000
vt 0.00000000 1.00000000
vt 0.00000000 1.00000000
vt 0.00000000 1.00000000
vt 0.00000000 1.00000000
vt 0.00000000 1.00000000
vt 0.00000000 1.00000000
vt 0.00000000 1.00000000
vt 0.00000000 1.00000000
vt 0.00000000 1.00000000
vt 0.00000000 1.00000000
vt 0.00000000 1.00000000
vt 0.00000000 1.00000000
vt 0.00000000 1.00000000
vt 0.00000000 1.00000000
vt 0.00000000 1.00000000
vt 0.00000000 1.00000000
vt 0.00000000 1.00000000
vt 0.00000000 1.00000000
vt 0.00000000 1.00000000
vt 0.00000000 1.00000000
vt 0.00000000 1.00000000
vt 0.00000000 1.00000000
vt 0.00000000 1.00000000
vt 0.00000000 1.00000000
vt 0.00000000 1.00000000
vt 0.00000000 1.00000000
vt 0.00000000 1.00000000
vt 0.00000000 1.00000000
vt 0.00000000 1.00000000
vt 0.00000000 1.00000000
vt 0.00000000 1.00000000
vt 0.00000000 1.00000000
vt 0.00000000 1.00000000
vt 0.00000000 1.00000000
vt 0.00000000 1.00000000
vt 0.00000000 1.00000000
vt 0.00000000 1.00000000
vt 0.00000000 1.00000000
vt 0.00000000 1.00000000
vt 0.00000000 1.00000000
vt 0.00000000 1.00000000
vt 0.00000000 1.00000000
vt 0.00000000 1.00000000
vt 0.00000000 1.00000000
vt 0.00000000 1.00000000
vt 0.00000000 1.00000000
vt 0.00000000 1.00000000
vt 0.00000000 1.00000000
vt 0.00000000 1.00000000
vt 0.00000000 1.00000000
vt 0.00000000 1.00000000
vt 0.00000000 1.00000000
vt 0.00000000 1.00000000
vt 0.00000000 1.00000000
vt 0.00000000 1.00000000
vt 0.00000000 1.00000000
vt 0.00000000 1.00000000
vt 0.00000000 1.00000000
vt 0.00000000 1.00000000
vt 0.00000000 1.00000000
vt 0.00000000 1.00000000
vt 0.00000000 1.00000000
vt 0.00000000 1.00000000
vt 0.00000000 1.00000000
vt 0.00000000 1.00000000
vt 0.00000000 1.00000000
vt 0.00000000 1.00000000
vt 0.00000000 1.00000000
vt 0.00000000 1.00000000
vt 0.00000000 1.00000000
vt 0.00000000 1.00000000
vt 0.00000000 1.00000000
vt 0.00000000 1.00000000
vt 0.00000000 1.00000000
vt 0.00000000 1.00000000
vt 0.00000000 1.00000000
vt 0.00000000 1.00000000
vt 0.00000000 1.00000000
vt 0.00000000 1.00000000
vt 0.00000000 1.00000000
vt 0.00000000 1.00000000
vt 0.00000000 1.00000000
vt 0.00000000 1.00000000
vt 0.00000000 1.00000000
vt 0.00000000 1.00000000
vt 0.00000000 1.00000000
vt 0.00000000 1.00000000
vt 0.00000000 1.00000000
vt 0.00000000 1.00000000
vt 0.00000000 1.00000000
vt 0.00000000 1.00000000
vt 0.00000000 1.00000000
vt 0.00000000 1.00000000
vt 0.00000000 1.00000000
vt 0.00000000 1.00000000
vt 0.00000000 1.00000000
vt 0.00000000 1.00000000
vt 0.00000000 1.00000000
vt 0.00000000 1.00000000
vt 0.00000000 1.00000000
vt 0.00000000 1.00000000
vt 0.00000000 1.00000000
vt 0.00000000 1.00000000
vt 0.00000000 1.00000000
vt 0.00000000 1.00000000
vt 0.00000000 1.00000000
vt 0.00000000 1.00000000
vt 0.00000000 1.00000000
vt 0.00000000 1.00000000
vt 0.00000000 1.00000000
vt 0.00000000 1.00000000
vt 0.00000000 1.00000000
vt 0.00000000 1.00000000
vt 0.00000000 1.00000000
vt 0.00000000 1.00000000
vt 0.00000000 1.00000000
vt 0.00000000 1.00000000
vt 0.00000000 1.00000000
vt 0.00000000 1.00000000
vt 0.00000000 1.00000000
vt 0.00000000 1.00000000
vt 0.00000000 1.00000000
vt 0.00000000 1.00000000
vt 0.00000000 1.00000000
vt 0.00000000 1.00000000
vt 0.00000000 1.00000000
vt 0.00000000 1.00000000
vt 0.00000000 1.00000000
vt 0.00000000 1.00000000
vt 0.00000000 1.00000000
vt 0.00000000 1.00000000
vt 0.00000000 1.00000000
vt 0.00000000 1.00000000
vt 0.00000000 1.00000000
vt 0.00000000 1.00000000
vt 0.00000000 1.00000000
vt 0.00000000 1.00000000
vt 0.00000000 1.00000000
vt 0.00000000 1.00000000
vt 0.00000000 1.00000000
vt 0.00000000 1.00000000
vt 0.00000000 1.00000000
vt 0.00000000 1.00000000
vt 0.00000000 1.00000000
vt 0.00000000 1.00000000
vt 0.00000000 1.00000000
vt 0.00000000 1.00000000
vt 0.00000000 1.00000000
vt 0.00000000 1.00000000
vt 0.00000000 1.00000000
vt 0.00000000 1.00000000
vt 0.00000000 1.00000000
vt 0.00000000 1.00000000
vt 0.00000000 1.00000000
vt 0.00000000 1.00000000
vt 0.00000000 1.00000000
vt 0.00000000 1.00000000
vt 0.00000000 1.00000000
vt 0.00000000 1.00000000
vt 0.00000000 1.00000000
vt 0.00000000 1.00000000
vt 0.00000000 1.00000000
vt 0.00000000 1.00000000
vt 0.00000000 1.00000000
vt 0.00000000 1.00000000
vt 0.00000000 1.00000000
vt 0.00000000 1.00000000
vt 0.00000000 1.00000000
vt 0.00000000 1.00000000
vt 0.00000000 1.00000000
vt 0.00000000 1.00000000
vt 0.00000000 1.00000000
vt 0.00000000 1.00000000
vt 0.00000000 1.00000000
vt 0.00000000 1.00000000
vt 0.00000000 1.00000000
vt 0.00000000 1.00000000
vt 0.00000000 1.00000000
vt 0.00000000 1.00000000
vt 0.00000000 1.00000000
vt 0.00000000 1.00000000
vt 0.00000000 1.00000000
vt 0.00000000 1.00000000
vt 0.00000000 1.00000000
vt 0.00000000 1.00000000
vt 0.00000000 1.00000000
vt 0.00000000 1.00000000
vt 0.00000000 1.00000000
vt 0.00000000 1.00000000
vt 0.00000000 1.00000000
vt 0.00000000 1.00000000
vt 0.00000000 1.00000000
vt 0.00000000 1.00000000
vt 0.00000000 1.00000000
vt 0.00000000 1.00000000
vt 0.00000000 1.00000000
vt 0.00000000 1.00000000
vt 0.00000000 1.00000000
vt 0.00000000 1.00000000
vt 0.00000000 1.00000000
vt 0.00000000 1.00000000
vt 0.00000000 1.00000000
vt 0.00000000 1.00000000
vt 0.00000000 1.00000000
vt 0.00000000 1.00000000
vt 0.00000000 1.00000000
vt 0.00000000 1.00000000
vt 0.00000000 1.00000000
vt 0.00000000 1.00000000
vt 0.00000000 1.00000000
vt 0.00000000 1.00000000
vt 0.00000000 1.00000000
vt 0.00000000 1.00000000
vt 0.00000000 1.00000000
vt 0.00000000 1.00000000
vt 0.00000000 1.00000000
vt 0.00000000 1.00000000
vt 0.00000000 1.00000000
vt 0.00000000 1.00000000
vt 0.00000000 1.00000000
vt 0.00000000 1.00000000
vt 0.00000000 1.00000000
vt 0.00000000 1.00000000
vt 0.00000000 1.00000000
vt 0.00000000 1.00000000
vt 0.00000000 1.00000000
vt 0.00000000 1.00000000
vt 0.00000000 1.00000000
vt 0.00000000 1.00000000
vt 0.00000000 1.00000000
vt 0.00000000 1.00000000
vt 0.00000000 1.00000000
vt 0.00000000 1.00000000
vt 0.00000000 1.00000000
vt 0.00000000 1.00000000
vt 0.00000000 1.00000000
vt 0.00000000 1.00000000
vt 0.00000000 1.00000000
vt 0.00000000 1.00000000
vt 0.00000000 1.00000000
vt 0.00000000 1.00000000
vt 0.00000000 1.00000000
vt 0.00000000 1.00000000
vt 0.00000000 1.00000000
vt 0.00000000 1.00000000
vt 0.00000000 1.00000000
vt 0.00000000 1.00000000
vt 0.00000000 1.00000000
vt 0.00000000 1.00000000
vt 0.00000000 1.00000000
vt 0.00000000 1.00000000
vt 0.00000000 1.00000000
vt 0.00000000 1.00000000
vt 0.00000000 1.00000000
vt 0.00000000 1.00000000
vt 0.00000000 1.00000000
vt 0.00000000 1.00000000
vt 0.00000000 1.00000000
vt 0.00000000 1.00000000
vt 0.00000000 1.00000000
vt 0.00000000 1.00000000
vt 0.00000000 1.00000000
vt 0.00000000 1.00000000
vt 0.00000000 1.00000000
vt 0.00000000 1.00000000
vt 0.00000000 1.00000000
vt 0.00000000 1.00000000
vt 0.00000000 1.00000000
vt 0.00000000 1.00000000
vt 0.00000000 1.00000000
vt 0.00000000 1.00000000
vt 0.00000000 1.00000000
vt 0.00000000 1.00000000
vt 0.00000000 1.00000000
vt 0.00000000 1.00000000
vt 0.00000000 1.00000000
vt 0.00000000 1.00000000
vt 0.00000000 1.00000000
vt 0.00000000 1.00000000
vt 0.00000000 1.00000000
vt 0.00000000 1.00000000
vt 0.00000000 1.00000000
vt 0.00000000 1.00000000
vt 0.00000000 1.00000000
vt 0.00000000 1.00000000
vt 0.00000000 1.00000000
vt 0.00000000 1.00000000
vt 0.00000000 1.00000000
vt 0.00000000 1.00000000
vt 0.00000000 1.00000000
vt 0.00000000 1.00000000
vt 0.00000000 1.00000000
vt 0.00000000 1.00000000
vt 0.00000000 1.00000000
vt 0.00000000 1.00000000
vt 0.00000000 1.00000000
vt 0.00000000 1.00000000
vt 0.00000000 1.00000000
vt 0.00000000 1.00000000
vt 0.00000000 1.00000000
vt 0.00000000 1.00000000
vt 0.00000000 1.00000000
vt 0.00000000 1.00000000
vt 0.00000000 1.00000000
vt 0.00000000 1.00000000
vt 0.00000000 1.00000000
vt 0.00000000 1.00000000
vt 0.00000000 1.00000000
vt 0.00000000 1.00000000
vt 0.00000000 1.00000000
vt 0.00000000 1.00000000
vt 0.00000000 1.00000000
vt 0.00000000 1.00000000
vt 0.00000000 1.00000000
vt 0.00000000 1.00000000
vt 0.00000000 1.00000000
vt 0.00000000 1.00000000
vt 0.00000000 1.00000000
vt 0.00000000 1.00000000
vt 0.00000000 1.00000000
vt 0.00000000 1.00000000
vt 0.00000000 1.00000000
vt 0.00000000 1.00000000
vt 0.00000000 1.00000000
vt 0.00000000 1.00000000
vt 0.00000000 1.00000000
vt 0.00000000 1.00000000
vt 0.00000000 1.00000000
vt 0.00000000 1.00000000
vt 0.00000000 1.00000000
vt 0.00000000 1.00000000
vt 0.00000000 1.00000000
vt 0.00000000 1.00000000
vt 0.00000000 1.00000000
vt 0.00000000 1.00000000
vt 0.00000000 1.00000000
vt 0.00000000 1.00000000
vt 0.00000000 1.00000000
vt 0.00000000 1.00000000
vt 0.00000000 1.00000000
vt 0.00000000 1.00000000
vt 0.00000000 1.00000000
vt 0.00000000 1.00000000
vt 0.00000000 1.00000000
vt 0.00000000 1.00000000
vt 0.00000000 1.00000000
vt 0.00000000 1.00000000
vt 0.00000000 1.00000000
vt 0.00000000 1.00000000
vt 0.00000000 1.00000000
vt 0.00000000 1.00000000
vt 0.00000000 1.00000000
vt 0.00000000 1.00000000
vt 0.00000000 1.00000000
vt 0.00000000 1.00000000
vt 0.00000000 1.00000000
vt 0.00000000 1.00000000
vt 0.00000000 1.00000000
vt 0.00000000 1.00000000
vt 0.00000000 1.00000000
vt 0.00000000 1.00000000
vt 0.00000000 1.00000000
vt 0.00000000 1.00000000
vt 0.00000000 1.00000000
vt 0.00000000 1.00000000
vt 0.00000000 1.00000000
vt 0.00000000 1.00000000
vt 0.00000000 1.00000000
vt 0.00000000 1.00000000
vt 0.00000000 1.00000000
vt 0.00000000 1.00000000
vt 0.00000000 1.00000000
vt 0.00000000 1.00000000
vt 0.00000000 1.00000000
vt 0.00000000 1.00000000
vt 0.00000000 1.00000000
vt 0.00000000 1.00000000
vt 0.00000000 1.00000000
vt 0.00000000 1.00000000
vt 0.00000000 1.00000000
vt 0.00000000 1.00000000
vt 0.00000000 1.00000000
vt 0.00000000 1.00000000
vt 0.00000000 1.00000000
vt 0.00000000 1.00000000
vt 0.00000000 1.00000000
vt 0.00000000 1.00000000
vt 0.00000000 1.00000000
vt 0.00000000 1.00000000
vt 0.00000000 1.00000000
vt 0.00000000 1.00000000
vt 0.00000000 1.00000000
vt 0.00000000 1.00000000
vt 0.00000000 1.00000000
vt 0.00000000 1.00000000
vt 0.00000000 1.00000000
vt 0.00000000 1.00000000
vt 0.00000000 1.00000000
vt 0.00000000 1.00000000
vt 0.00000000 1.00000000
vt 0.00000000 1.00000000
vt 0.00000000 1.00000000
vt 0.00000000 1.00000000
vt 0.00000000 1.00000000
vt 0.00000000 1.00000000
vt 0.00000000 1.00000000
vt 0.00000000 1.00000000
vt 0.00000000 1.00000000
vt 0.00000000 1.00000000
vt 0.00000000 1.00000000
vt 0.00000000 1.00000000
vt 0.00000000 1.00000000
vt 0.00000000 1.00000000
vt 0.00000000 1.00000000
vt 0.00000000 1.00000000
vt 0.00000000 1.00000000
vt 0.00000000 1.00000000
vt 0.00000000 1.00000000
vt 0.00000000 1.00000000
vt 0.00000000 1.00000000
vt 0.00000000 1.00000000
vt 0.00000000 1.00000000
vt 0.00000000 1.00000000
vt 0.00000000 1.00000000
vt 0.00000000 1.00000000
vt 0.00000000 1.00000000
vt 0.00000000 1.00000000
vt 0.00000000 1.00000000
vt 0.00000000 1.00000000
vt 0.00000000 1.00000000
vt 0.00000000 1.00000000
vt 0.00000000 1.00000000
vt 0.00000000 1.00000000
vt 0.00000000 1.00000000
vt 0.00000000 1.00000000
vt 0.00000000 1.00000000
vt 0.00000000 1.00000000
vt 0.00000000 1.00000000
vt 0.00000000 1.00000000
vt 0.00000000 1.00000000
vt 0.00000000 1.00000000
vt 0.00000000 1.00000000
vt 0.00000000 1.00000000
vt 0.00000000 1.00000000
vt 0.00000000 1.00000000
vt 0.00000000 1.00000000
vt 0.00000000 1.00000000
vt 0.00000000 1.00000000
vt 0.00000000 1.00000000
vt 0.00000000 1.00000000
vt 0.00000000 1.00000000
vt 0.00000000 1.00000000
vt 0.00000000 1.00000000
vt 0.00000000 1.00000000
vt 0.00000000 1.00000000
vt 0.00000000 1.00000000
vt 0.00000000 1.00000000
vt 0.00000000 1.00000000
vt 0.00000000 1.00000000
vt 0.00000000 1.00000000
vt 0.00000000 1.00000000
vt 0.00000000 1.00000000
vt 0.00000000 1.00000000
vt 0.00000000 1.00000000
vt 0.00000000 1.00000000
vt 0.00000000 1.00000000
vt 0.00000000 1.00000000
vt 0.00000000 1.00000000
vt 0.00000000 1.00000000
vt 0.00000000 1.00000000
vt 0.00000000 1.00000000
vt 0.00000000 1.00000000
vt 0.00000000 1.00000000
vt 0.00000000 1.00000000
vt 0.00000000 1.00000000
vt 0.00000000 1.00000000
vt 0.00000000 1.00000000
vt 0.00000000 1.00000000
vt 0.00000000 1.00000000
vt 0.00000000 1.00000000
vt 0.00000000 1.00000000
vt 0.00000000 1.00000000
vt 0.00000000 1.00000000
vt 0.00000000 1.00000000
vt 0.00000000 1.00000000
vt 0.00000000 1.00000000
vt 0.00000000 1.00000000
vt 0.00000000 1.00000000
vt 0.00000000 1.00000000
vt 0.00000000 1.00000000
vt 0.00000000 1.00000000
vt 0.00000000 1.00000000
vt 0.00000000 1.00000000
vt 0.00000000 1.00000000
vt 0.00000000 1.00000000
vt 0.00000000 1.00000000
vt 0.00000000 1.00000000
vt 0.00000000 1.00000000
vt 0.00000000 1.00000000
vt 0.00000000 1.00000000
vt 0.00000000 1.00000000
vt 0.00000000 1.00000000
vt 0.00000000 1.00000000
vt 0.00000000 1.00000000
vt 0.00000000 1.00000000
vt 0.00000000 1.00000000
vt 0.00000000 1.00000000
vt 0.00000000 1.00000000
vt 0.00000000 1.00000000
vt 0.00000000 1.00000000
vt 0.00000000 1.00000000
vt 0.00000000 1.00000000
vt 0.00000000 1.00000000
vt 0.00000000 1.00000000
vt 0.00000000 1.00000000
vt 0.00000000 1.00000000
vt 0.00000000 1.00000000
vt 0.00000000 1.00000000
vt 0.00000000 1.00000000
vt 0.00000000 1.00000000
vt 0.00000000 1.00000000
vt 0.00000000 1.00000000
vt 0.00000000 1.00000000
vt 0.00000000 1.00000000
vt 0.00000000 1.00000000
vt 0.00000000 1.00000000
vt 0.00000000 1.00000000
vt 0.00000000 1.00000000
vt 0.00000000 1.00000000
vt 0.00000000 1.00000000
vt 0.00000000 1.00000000
vt 0.00000000 1.00000000
vt 0.00000000 1.00000000
vt 0.00000000 1.00000000
vt 0.00000000 1.00000000
vt 0.00000000 1.00000000
vt 0.00000000 1.00000000
vt 0.00000000 1.00000000
vt 0.00000000 1.00000000
vt 0.00000000 1.00000000
vt 0.00000000 1.00000000
vt 0.00000000 1.00000000
vt 0.00000000 1.00000000
vt 0.00000000 1.00000000
vt 0.00000000 1.00000000
vt 0.00000000 1.00000000
vt 0.00000000 1.00000000
vt 0.00000000 1.00000000
vt 0.00000000 1.00000000
vt 0.00000000 1.00000000
vt 0.00000000 1.00000000
vt 0.00000000 1.00000000
vt 0.00000000 1.00000000
vt 0.00000000 1.00000000
vt 0.00000000 1.00000000
vt 0.00000000 1.00000000
vt 0.00000000 1.00000000
vt 0.00000000 1.00000000
vt 0.00000000 1.00000000
vt 0.00000000 1.00000000
vt 0.00000000 1.00000000
vt 0.00000000 1.00000000
vt 0.00000000 1.00000000
vt 0.00000000 1.00000000
vt 0.00000000 1.00000000
vt 0.00000000 1.00000000
vt 0.00000000 1.00000000
vt 0.00000000 1.00000000
vt 0.00000000 1.00000000
vt 0.00000000 1.00000000
vt 0.00000000 1.00000000
vt 0.00000000 1.00000000
vt 0.00000000 1.00000000
vt 0.00000000 1.00000000
vt 0.00000000 1.00000000
vt 0.00000000 1.00000000
vt 0.00000000 1.00000000
vt 0.00000000 1.00000000
vt 0.00000000 1.00000000
vt 0.00000000 1.00000000
vt 0.00000000 1.00000000
vt 0.00000000 1.00000000
vt 0.00000000 1.00000000
vt 0.00000000 1.00000000
vt 0.00000000 1.00000000
vt 0.00000000 1.00000000
vt 0.00000000 1.00000000
vt 0.00000000 1.00000000
vt 0.00000000 1.00000000
vt 0.00000000 1.00000000
vt 0.00000000 1.00000000
vt 0.00000000 1.00000000
vt 0.00000000 1.00000000
vt 0.00000000 1.00000000
vt 0.00000000 1.00000000
vt 0.00000000 1.00000000
vt 0.00000000 1.00000000
vt 0.00000000 1.00000000
vt 0.00000000 1.00000000
vt 0.00000000 1.00000000
vt 0.00000000 1.00000000
vt 0.00000000 1.00000000
vt 0.00000000 1.00000000
vt 0.00000000 1.00000000
vt 0.00000000 1.00000000
vt 0.00000000 1.00000000
vt 0.00000000 1.00000000
vt 0.00000000 1.00000000
vt 0.00000000 1.00000000
vt 0.00000000 1.00000000
vt 0.00000000 1.00000000
vt 0.00000000 1.00000000
vt 0.00000000 1.00000000
vt 0.00000000 1.00000000
vt 0.00000000 1.00000000
vt 0.00000000 1.00000000
vt 0.00000000 1.00000000
vt 0.00000000 1.00000000
vt 0.00000000 1.00000000
vt 0.00000000 1.00000000
vt 0.00000000 1.00000000
vt 0.00000000 1.00000000
vt 0.00000000 1.00000000
vt 0.00000000 1.00000000
vt 0.00000000 1.00000000
vt 0.00000000 1.00000000
vt 0.00000000 1.00000000
vt 0.00000000 1.00000000
vt 0.00000000 1.00000000
vt 0.00000000 1.00000000
vt 0.00000000 1.00000000
vt 0.00000000 1.00000000
vt 0.00000000 1.00000000
vt 0.00000000 1.00000000
vt 0.00000000 1.00000000
vt 0.00000000 1.00000000
vt 0.00000000 1.00000000
vt 0.00000000 1.00000000
vt 0.00000000 1.00000000
vt 0.00000000 1.00000000
vt 0.00000000 1.00000000
vt 0.00000000 1.00000000
vt 0.00000000 1.00000000
vt 0.00000000 1.00000000
vt 0.00000000 1.00000000
vt 0.00000000 1.00000000
vt 0.00000000 1.00000000
vt 0.00000000 1.00000000
vt 0.00000000 1.00000000
vt 0.00000000 1.00000000
vt 0.00000000 1.00000000
vt 0.00000000 1.00000000
vt 0.00000000 1.00000000
vt 0.00000000 1.00000000
vt 0.00000000 1.00000000
vt 0.00000000 1.00000000
vt 0.00000000 1.00000000
vt 0.00000000 1.00000000
vt 0.00000000 1.00000000
vt 0.00000000 1.00000000
vt 0.00000000 1.00000000
vt 0.00000000 1.00000000
vt 0.00000000 1.00000000
vt 0.00000000 1.00000000
vt 0.00000000 1.00000000
vt 0.00000000 1.00000000
vt 0.00000000 1.00000000
vt 0.00000000 1.00000000
vt 0.00000000 1.00000000
vt 0.00000000 1.00000000
vt 0.00000000 1.00000000
vt 0.00000000 1.00000000
vt 0.00000000 1.00000000
vt 0.00000000 1.00000000
vt 0.00000000 1.00000000
vt 0.00000000 1.00000000
vt 0.00000000 1.00000000
vt 0.00000000 1.00000000
vt 0.00000000 1.00000000
vt 0.00000000 1.00000000
vt 0.00000000 1.00000000
vt 0.00000000 1.00000000
vt 0.00000000 1.00000000
vt 0.00000000 1.00000000
vt 0.00000000 1.00000000
vt 0.00000000 1.00000000
vt 0.00000000 1.00000000
vt 0.00000000 1.00000000
vt 0.00000000 1.00000000
vt 0.00000000 1.00000000
vt 0.00000000 1.00000000
vt 0.00000000 1.00000000
vt 0.00000000 1.00000000
vt 0.00000000 1.00000000
vt 0.00000000 1.00000000
vt 0.00000000 1.00000000
vt 0.00000000 1.00000000
vt 0.00000000 1.00000000
vt 0.00000000 1.00000000
vt 0.00000000 1.00000000
vt 0.00000000 1.00000000
vt 0.00000000 1.00000000
vt 0.00000000 1.00000000
vt 0.00000000 1.00000000
vt 0.00000000 1.00000000
vt 0.00000000 1.00000000
vt 0.00000000 1.00000000
vt 0.00000000 1.00000000
vt 0.00000000 1.00000000
vt 0.00000000 1.00000000
vt 0.00000000 1.00000000
vt 0.00000000 1.00000000
vt 0.00000000 1.00000000
vt 0.00000000 1.00000000
vt 0.00000000 1.00000000
vt 0.00000000 1.00000000
vt 0.00000000 1.00000000
vt 0.00000000 1.00000000
vt 0.00000000 1.00000000
vt 0.00000000 1.00000000
vt 0.00000000 1.00000000
vt 0.00000000 1.00000000
vt 0.00000000 1.00000000
vt 0.00000000 1.00000000
vt 0.00000000 1.00000000
vt 0.00000000 1.00000000
vt 0.00000000 1.00000000
vt 0.00000000 1.00000000
vt 0.00000000 1.00000000
vt 0.00000000 1.00000000
vt 0.00000000 1.00000000
vt 0.00000000 1.00000000
vt 0.00000000 1.00000000
vt 0.00000000 1.00000000
vt 0.00000000 1.00000000
vt 0.00000000 1.00000000
vt 0.00000000 1.00000000
vt 0.00000000 1.00000000
vt 0.00000000 1.00000000
vt 0.00000000 1.00000000
vt 0.00000000 1.00000000
vt 0.00000000 1.00000000
vt 0.00000000 1.00000000
vt 0.00000000 1.00000000
vt 0.00000000 1.00000000
vt 0.00000000 1.00000000
vt 0.00000000 1.00000000
vt 0.00000000 1.00000000
vt 0.00000000 1.00000000
vt 0.00000000 1.00000000
vt 0.00000000 1.00000000
vt 0.00000000 1.00000000
vt 0.00000000 1.00000000
vt 0.00000000 1.00000000
vt 0.00000000 1.00000000
vt 0.00000000 1.00000000
vt 0.00000000 1.00000000
vt 0.00000000 1.00000000
vt 0.00000000 1.00000000
vt 0.00000000 1.00000000
vt 0.00000000 1.00000000
vt 0.00000000 1.00000000
vt 0.00000000 1.00000000
vt 0.00000000 1.00000000
vt 0.00000000 1.00000000
vt 0.00000000 1.00000000
vt 0.00000000 1.00000000
vt 0.00000000 1.00000000
vt 0.00000000 1.00000000
vt 0.00000000 1.00000000
vt 0.00000000 1.00000000
vt 0.00000000 1.00000000
vt 0.00000000 1.00000000
vt 0.00000000 1.00000000
vt 0.00000000 1.00000000
vt 0.00000000 1.00000000
vt 0.00000000 1.00000000
vt 0.00000000 1.00000000
vt 0.00000000 1.00000000
vt 0.00000000 1.00000000
vt 0.00000000 1.00000000
vt 0.00000000 1.00000000
vt 0.00000000 1.00000000
vt 0.00000000 1.00000000
vt 0.00000000 1.00000000
vt 0.00000000 1.00000000
vt 0.00000000 1.00000000
vt 0.00000000 1.00000000
vt 0.00000000 1.00000000
vt 0.00000000 1.00000000
vt 0.00000000 1.00000000
vt 0.00000000 1.00000000
vt 0.00000000 1.00000000
vt 0.00000000 1.00000000
vt 0.00000000 1.00000000
vt 0.00000000 1.00000000
vt 0.00000000 1.00000000
vt 0.00000000 1.00000000
vt 0.00000000 1.00000000
vt 0.00000000 1.00000000
vt 0.00000000 1.00000000
vt 0.00000000 1.00000000
vt 0.00000000 1.00000000
vt 0.00000000 1.00000000
vt 0.00000000 1.00000000
vt 0.00000000 1.00000000
vt 0.00000000 1.00000000
vt 0.00000000 1.00000000
vt 0.00000000 1.00000000
vt 0.00000000 1.00000000
vt 0.00000000 1.00000000
vt 0.00000000 1.00000000
vt 0.00000000 1.00000000
vt 0.00000000 1.00000000
vt 0.00000000 1.00000000
vt 0.00000000 1.00000000
vt 0.00000000 1.00000000
vt 0.00000000 1.00000000
vt 0.00000000 1.00000000
vt 0.00000000 1.00000000
vt 0.00000000 1.00000000
vt 0.00000000 1.00000000
vt 0.00000000 1.00000000
vt 0.00000000 1.00000000
vt 0.00000000 1.00000000
vt 0.00000000 1.00000000
vt 0.00000000 1.00000000
vt 0.00000000 1.00000000
vt 0.00000000 1.00000000
vt 0.00000000 1.00000000
vt 0.00000000 1.00000000
vt 0.00000000 1.00000000
vt 0.00000000 1.00000000
vt 0.00000000 1.00000000
vt 0.00000000 1.00000000
vt 0.00000000 1.00000000
vt 0.00000000 1.00000000
vt 0.00000000 1.00000000
vt 0.00000000 1.00000000
vt 0.00000000 1.00000000
vt 0.00000000 1.00000000
vt 0.00000000 1.00000000
vt 0.00000000 1.00000000
vt 0.00000000 1.00000000
vt 0.00000000 1.00000000
vt 0.00000000 1.00000000
vt 0.00000000 1.00000000
vt 0.00000000 1.00000000
vt 0.00000000 1.00000000
vt 0.00000000 1.00000000
vt 0.00000000 1.00000000
vt 0.00000000 1.00000000
vt 0.00000000 1.00000000
vt 0.00000000 1.00000000
vt 0.00000000 1.00000000
vt 0.00000000 1.00000000
vt 0.00000000 1.00000000
vt 0.00000000 1.00000000
vt 0.00000000 1.00000000
vt 0.00000000 1.00000000
vt 0.00000000 1.00000000
vt 0.00000000 1.00000000
vt 0.00000000 1.00000000
vt 0.00000000 1.00000000
vt 0.00000000 1.00000000
vt 0.00000000 1.00000000
vt 0.00000000 1.00000000
vt 0.00000000 1.00000000
vt 0.00000000 1.00000000
vt 0.00000000 1.00000000
vt 0.00000000 1.00000000
vt 0.00000000 1.00000000
vt 0.00000000 1.00000000
vt 0.00000000 1.00000000
vt 0.00000000 1.00000000
vt 0.00000000 1.00000000
vt 0.00000000 1.00000000
vt 0.00000000 1.00000000
vt 0.00000000 1.00000000
vt 0.00000000 1.00000000
vt 0.00000000 1.00000000
vt 0.00000000 1.00000000
vt 0.00000000 1.00000000
vt 0.00000000 1.00000000
vt 0.00000000 1.00000000
vt 0.00000000 1.00000000
vt 0.00000000 1.00000000
vt 0.00000000 1.00000000
vt 0.00000000 1.00000000
vt 0.00000000 1.00000000
vt 0.00000000 1.00000000
vt 0.00000000 1.00000000
vt 0.00000000 1.00000000
vt 0.00000000 1.00000000
vt 0.00000000 1.00000000
vt 0.00000000 1.00000000
vt 0.00000000 1.00000000
vt 0.00000000 1.00000000
vt 0.00000000 1.00000000
vt 0.00000000 1.00000000
vt 0.00000000 1.00000000
vt 0.00000000 1.00000000
vt 0.00000000 1.00000000
vt 0.00000000 1.00000000
vt 0.00000000 1.00000000
vt 0.00000000 1.00000000
vt 0.00000000 1.00000000
vt 0.00000000 1.00000000
vt 0.00000000 1.00000000
vt 0.00000000 1.00000000
vt 0.00000000 1.00000000
vt 0.00000000 1.00000000
vt 0.00000000 1.00000000
vt 0.00000000 1.00000000
vt 0.00000000 1.00000000
vt 0.00000000 1.00000000
vt 0.00000000 1.00000000
vt 0.00000000 1.00000000
vt 0.00000000 1.00000000
vt 0.00000000 1.00000000
vt 0.00000000 1.00000000
vt 0.00000000 1.00000000
vt 0.00000000 1.00000000
vt 0.00000000 1.00000000
vt 0.00000000 1.00000000
vt 0.00000000 1.00000000
vt 0.00000000 1.00000000
vt 0.00000000 1.00000000
vt 0.00000000 1.00000000
vt 0.00000000 1.00000000
vt 0.00000000 1.00000000
vt 0.00000000 1.00000000
vt 0.00000000 1.00000000
vt 0.00000000 1.00000000
vt 0.00000000 1.00000000
vt 0.00000000 1.00000000
vt 0.00000000 1.00000000
vt 0.00000000 1.00000000
vt 0.00000000 1.00000000
vt 0.00000000 1.00000000
vt 0.00000000 1.00000000
vt 0.00000000 1.00000000
vt 0.00000000 1.00000000
vt 0.00000000 1.00000000
vt 0.00000000 1.00000000
vt 0.00000000 1.00000000
vt 0.00000000 1.00000000
vt 0.00000000 1.00000000
vt 0.00000000 1.00000000
vt 0.00000000 1.00000000
vt 0.00000000 1.00000000
vt 0.00000000 1.00000000
vt 0.00000000 1.00000000
vt 0.00000000 1.00000000
vt 0.00000000 1.00000000
vt 0.00000000 1.00000000
vt 0.00000000 1.00000000
vt 0.00000000 1.00000000
vt 0.00000000 1.00000000
vt 0.00000000 1.00000000
vt 0.00000000 1.00000000
vt 0.00000000 1.00000000
vt 0.00000000 1.00000000
vt 0.00000000 1.00000000
vt 0.00000000 1.00000000
vt 0.00000000 1.00000000
vt 0.00000000 1.00000000
vt 0.00000000 1.00000000
vt 0.00000000 1.00000000
vt 0.00000000 1.00000000
vt 0.00000000 1.00000000
vt 0.00000000 1.00000000
vt 0.00000000 1.00000000
vt 0.00000000 1.00000000
vt 0.00000000 1.00000000
vt 0.00000000 1.00000000
vt 0.00000000 1.00000000
vt 0.00000000 1.00000000
vt 0.00000000 1.00000000
vt 0.00000000 1.00000000
vt 0.00000000 1.00000000
vt 0.00000000 1.00000000
vt 0.00000000 1.00000000
vt 0.00000000 1.00000000
vt 0.00000000 1.00000000
vt 0.00000000 1.00000000
vt 0.00000000 1.00000000
vt 0.00000000 1.00000000
vt 0.00000000 1.00000000
vt 0.00000000 1.00000000
vt 0.00000000 1.00000000
vt 0.00000000 1.00000000
vt 0.00000000 1.00000000
vt 0.00000000 1.00000000
vt 0.00000000 1.00000000
vt 0.00000000 1.00000000
vt 0.00000000 1.00000000
vt 0.00000000 1.00000000
vt 0.00000000 1.00000000
vt 0.00000000 1.00000000
vt 0.00000000 1.00000000
vt 0.00000000 1.00000000
vt 0.00000000 1.00000000
vt 0.00000000 1.00000000
vt 0.00000000 1.00000000
vt 0.00000000 1.00000000
vt 0.00000000 1.00000000
vt 0.00000000 1.00000000
vt 0.00000000 1.00000000
vt 0.00000000 1.00000000
vt 0.00000000 1.00000000
vt 0.00000000 1.00000000
vt 0.00000000 1.00000000
vt 0.00000000 1.00000000
vt 0.00000000 1.00000000
vt 0.00000000 1.00000000
vt 0.00000000 1.00000000
vt 0.00000000 1.00000000
vt 0.00000000 1.00000000
vt 0.00000000 1.00000000
vt 0.00000000 1.00000000
vt 0.00000000 1.00000000
vt 0.00000000 1.00000000
vt 0.00000000 1.00000000
vt 0.00000000 1.00000000
vt 0.00000000 1.00000000
vt 0.00000000 1.00000000
vt 0.00000000 1.00000000
vt 0.00000000 1.00000000
vt 0.00000000 1.00000000
f 1/1/1 3/3/3 4/4/4
f 27/27/27 29/29/29 30/30/30
f 35/35/35 36/36/36 37/37/37
f 47/47/47 49/49/49 50/50/50
f 51/51/51 53/53/53 54/54/54
f 63/63/63 64/64/64 65/65/65
f 67/67/67 69/69/69 70/70/70
f 75/75/75 76/76/76 77/77/77
f 79/79/79 81/81/81 82/82/82
f 95/95/95 96/96/96 97/97/97
f 99/99/99 100/100/100 101/101/101
f 103/103/103 105/105/105 106/106/106
f 107/107/107 108/108/108 109/109/109
f 107/107/107 109/109/109 110/110/110
f 119/119/119 120/120/120 121/121/121
f 123/123/123 125/125/125 126/126/126
f 155/155/155 157/157/157 158/158/158
f 159/159/159 160/160/160 161/161/161
f 159/159/159 161/161/161 162/162/162
f 163/163/163 165/165/165 166/166/166
f 177/177/177 178/178/178 179/179/179
f 189/189/189 191/191/191 192/192/192
f 209/209/209 210/210/210 211/211/211
f 209/209/209 211/211/211 212/212/212
f 213/213/213 214/214/214 215/215/215
f 217/217/217 218/218/218 219/219/219
f 221/221/221 223/223/223 224/224/224
f 229/229/229 230/230/230 231/231/231
f 229/229/229 231/231/231 232/232/232
f 233/233/233 234/234/234 235/235/235
f 237/237/237 238/238/238 239/239/239
f 241/241/241 243/243/243 244/244/244
f 245/245/245 246/246/246 247/247/247
f 249/249/249 250/250/250 251/251/251
f 249/249/249 251/251/251 252/252/252
f 257/257/257 259/259/259 260/260/260
f 261/261/261 263/263/263 264/264/264
f 265/265/265 266/266/266 267/267/267
f 265/265/265 267/267/267 268/268/268
f 273/273/273 274/274/274 275/275/275
f 273/273/273 275/275/275 276/276/276
f 277/277/277 278/278/278 279/279/279
f 282/282/282 284/284/284 286/286/286
f 291/291/291 293/293/293 294/294/294
f 295/295/295 296/296/296 297/297/297
f 295/295/295 297/297/297 298/298/298
f 299/299/299 300/300/300 301/301/301
f 303/303/303 305/305/305 306/306/306
f 307/307/307 308/308/308 309/309/309
f 312/312/312 313/313/313 315/315/315
f 317/317/317 319/319/319 320/320/320
f 321/321/321 322/322/322 323/323/323
f 325/325/325 327/327/327 328/328/328
f 329/329/329 330/330/330 331/331/331
f 333/333/333 334/334/334 335/335/335
f 333/333/333 335/335/335 336/336/336
f 337/337/337 340/340/340 342/342/342
f 349/349/349 351/351/351 352/352/352
f 353/353/353 354/354/354 355/355/355
f 353/353/353 355/355/355 356/356/356
f 357/357/357 358/358/358 359/359/359
f 362/362/362 363/363/363 365/365/365
f 371/371/371 372/372/372 373/373/373
f 375/375/375 376/376/376 377/377/377
f 383/383/383 384/384/384 385/385/385
f 383/383/383 385/385/385 386/386/386
f 387/387/387 388/388/388 389/389/389
f 387/387/387 389/389/389 390/390/390
f 391/391/391 392/392/392 393/393/393
f 391/391/391 393/393/393 394/394/394
f 399/399/399 400/400/400 401/401/401
f 399/399/399 401/401/401 402/402/402
f 403/403/403 405/405/405 406/406/406
f 407/407/407 408/408/408 409/409/409
f 412/412/412 413/413/413 414/414/414
f 417/417/417 418/418/418 419/419/419
f 422/422/422 423/423/423 425/425/425
f 427/427/427 429/429/429 430/430/430
f 431/431/431 433/433/433 434/434/434
f 439/439/439 441/441/441 442/442/442
f 443/443/443 444/444/444 445/445/445
f 447/447/447 448/448/448 449/449/449
f 451/451/451 453/453/453 454/454/454
f 455/455/455 457/457/457 458/458/458
f 459/459/459 460/460/460 461/461/461
f 473/473/473 474/474/474 475/475/475
f 473/473/473 475/475/475 476/476/476
f 481/481/481 482/482/482 483/483/483
f 485/485/485 487/487/487 488/488/488
f 489/489/489 490/490/490 491/491/491
f 493/493/493 494/494/494 495/495/495
f 493/493/493 495/495/495 496/496/496
f 497/497/497 499/499/499 500/500/500
f 501/501/501 502/502/502 503/503/503
f 505/505/505 506/506/506 507/507/507
f 509/509/509 510/510/510 511/511/511
f 509/509/509 511/511/511 512/512/512
f 513/513/513 514/514/514 515/515/515
f 517/517/517 518/518/518 519/519/519
f 525/525/525 526/526/526 527/527/527
f 525/525/525 527/527/527 528/528/528
f 529/529/529 530/530/530 531/531/531
f 533/533/533 535/535/535 536/536/536
f 537/537/537 538/538/538 539/539/539
f 537/537/537 539/539/539 540/540/540
f 545/545/545 547/547/547 548/548/548
f 549/549/549 550/550/550 551/551/551
f 561/561/561 562/562/562 563/563/563
f 561/561/561 563/563/563 564/564/564
f 565/565/565 567/567/567 568/568/568
f 569/569/569 571/571/571 572/572/572
f 577/577/577 579/579/579 580/580/580
f 581/581/581 583/583/583 584/584/584
f 585/585/585 587/587/587 588/588/588
f 589/589/589 590/590/590 591/591/591
f 589/589/589 591/591/591 592/592/592
f 593/593/593 594/594/594 595/595/595
f 601/601/601 603/603/603 604/604/604
f 609/609/609 610/610/610 611/611/611
f 609/609/609 611/611/611 612/612/612
f 617/617/617 619/619/619 620/620/620
f 621/621/621 623/623/623 624/624/624
f 625/625/625 627/627/627 628/628/628
f 629/629/629 631/631/631 632/632/632
f 630/630/630 633/633/633 634/634/634
f 635/635/635 636/636/636 637/637/637
f 635/635/635 637/637/637 638/638/638
f 639/639/639 640/640/640 641/641/641
f 639/639/639 641/641/641 642/642/642
f 643/643/643 644/644/644 645/645/645
f 643/643/643 645/645/645 646/646/646
f 651/651/651 652/652/652 653/653/653
f 651/651/651 653/653/653 654/654/654
f 655/655/655 656/656/656 657/657/657
f 655/655/655 657/657/657 658/658/658
f 659/659/659 660/660/660 661/661/661
f 663/663/663 665/665/665 666/666/666
f 667/667/667 668/668/668 669/669/669
f 667/667/667 669/669/669 670/670/670
f 671/671/671 672/672/672 673/673/673
f 671/671/671 673/673/673 674/674/674
f 675/675/675 676/676/676 677/677/677
f 679/679/679 681/681/681 682/682/682
f 683/683/683 684/684/684 685/685/685
f 687/687/687 688/688/688 689/689/689
f 691/691/691 692/692/692 693/693/693
f 707/707/707 709/709/709 710/710/710
f 711/711/711 713/713/713 714/714/714
f 715/715/715 716/716/716 717/717/717
f 715/715/715 717/717/717 718/718/718
f 727/727/727 728/728/728 729/729/729
f 727/727/727 729/729/729 730/730/730
f 731/731/731 732/732/732 733/733/733
f 735/735/735 736/736/736 737/737/737
f 739/739/739 741/741/741 742/742/742
f 743/743/743 745/745/745 746/746/746
f 747/747/747 748/748/748 749/749/749
f 752/752/752 755/755/755 756/756/756
f 761/761/761 762/762/762 763/763/763
f 761/761/761 763/763/763 764/764/764
f 765/765/765 767/767/767 768/768/768
f 769/769/769 770/770/770 771/771/771
f 773/773/773 774/774/774 775/775/775
f 773/773/773 775/775/775 776/776/776
f 785/785/785 787/787/787 788/788/788
f 789/789/789 790/790/790 791/791/791
f 789/789/789 791/791/791 792/792/792
f 793/793/793 795/795/795 796/796/796
f 797/797/797 798/798/798 799/799/799
f 797/797/797 799/799/799 800/800/800
f 805/805/805 806/806/806 807/807/807
f 805/805/805 807/807/807 808/808/808
f 813/813/813 814/814/814 815/815/815
f 813/813/813 815/815/815 816/816/816
f 817/817/817 819/819/819 820/820/820
f 821/821/821 822/822/822 823/823/823
f 829/829/829 830/830/830 831/831/831
f 829/829/829 831/831/831 832/832/832
f 833/833/833 834/834/834 835/835/835
f 841/841/841 842/842/842 843/843/843
f 841/841/841 843/843/843 844/844/844
f 845/845/845 847/847/847 848/848/848
f 853/853/853 855/855/855 856/856/856
f 857/857/857 858/858/858 859/859/859
f 869/869/869 871/871/871 872/872/872
f 873/873/873 874/874/874 875/875/875
f 877/877/877 878/878/878 879/879/879
f 881/881/881 882/882/882 883/883/883
f 885/885/885 886/886/886 887/887/887
f 890/890/890 891/891/891 893/893/893
f 889/889/889 892/892/892 894/894/894
f 895/895/895 896/896/896 897/897/897
f 895/895/895 897/897/897 898/898/898
f 899/899/899 900/900/900 901/901/901
f 903/903/903 904/904/904 905/905/905
f 907/907/907 908/908/908 909/909/909
f 911/911/911 913/913/913 914/914/914
f 919/919/919 921/921/921 922/922/922
f 927/927/927 929/929/929 930/930/930
f 935/935/935 937/937/937 938/938/938
f 939/939/939 941/941/941 942/942/942
f 943/943/943 944/944/944 945/945/945
f 947/947/947 948/948/948 949/949/949
f 947/947/947 949/949/949 950/950/950
f 951/951/951 952/952/952 953/953/953
f 955/955/955 956/956/956 957/957/957
f 955/955/955 957/957/957 958/958/958
f 959/959/959 961/961/961 962/962/962
f 963/963/963 964/964/964 965/965/965
f 963/963/963 965/965/965 966/966/966
f 967/967/967 969/969/969 970/970/970
f 975/975/975 976/976/976 977/977/977
f 983/983/983 984/984/984 985/985/985
f 987/987/987 988/988/988 989/989/989
f 987/987/987 989/989/989 990/990/990
f 995/995/995 996/996/996 997/997/997
f 995/995/995 997/997/997 998/998/998
f 1003/1003/1003 1004/1004/1004 1005/1005/1005
f 1007/1007/1007 1008/1008/1008 1009/1009/1009
f 1007/1007/1007 1009/1009/1009 1010/1010/1010
f 1011/1011/1011 1013/1013/1013 1014/1014/1014
f 1015/1015/1015 1016/1016/1016 1017/1017/1017
f 1023/1023/1023 1025/1025/1025 1026/1026/1026
f 1024/1024/1024 1027/1027/1027 1028/1028/1028
f 1029/1029/1029 1030/1030/1030 1031/1031/1031
f 1033/1033/1033 1034/1034/1034 1035/1035/1035
f 1033/1033/1033 1035/1035/1035 1036/1036/1036
f 1037/1037/1037 1039/1039/1039 1040/1040/1040
f 1041/1041/1041 1043/1043/1043 1044/1044/1044
f 1045/1045/1045 1047/1047/1047 1048/1048/1048
f 1061/1061/1061 1062/1062/1062 1063/1063/1063
f 1073/1073/1073 1074/1074/1074 1075/1075/1075
f 1077/1077/1077 1079/1079/1079 1080/1080/1080
f 1083/1083/1083 1087/1087/1087 1088/1088/1088
f 1093/1093/1093 1094/1094/1094 1095/1095/1095
f 1097/1097/1097 1099/1099/1099 1100/1100/1100
f 1107/1107/1107 1108/1108/1108 1109/1109/1109
f 1107/1107/1107 1109/1109/1109 1110/1110/1110
f 1111/1111/1111 1113/1113/1113 1114/1114/1114
f 1115/1115/1115 1116/1116/1116 1117/1117/1117
f 1119/1119/1119 1120/1120/1120 1121/1121/1121
f 1123/1123/1123 1125/1125/1125 1126/1126/1126
f 1127/1127/1127 1129/1129/1129 1130/1130/1130
f 1131/1131/1131 1132/1132/1132 1133/1133/1133
f 1135/1135/1135 1137/1137/1137 1138/1138/1138
f 1140/1140/1140 1141/1141/1141 1142/1142/1142
f 1139/1139/1139 1143/1143/1143 1144/1144/1144
f 1149/1149/1149 1150/1150/1150 1151/1151/1151
f 1149/1149/1149 1151/1151/1151 1152/1152/1152
f 1153/1153/1153 1155/1155/1155 1156/1156/1156
f 1157/1157/1157 1158/1158/1158 1159/1159/1159
f 1157/1157/1157 1159/1159/1159 1160/1160/1160
f 1162/1162/1162 1163/1163/1163 1165/1165/1165
f 1167/1167/1167 1168/1168/1168 1169/1169/1169
f 1167/1167/1167 1169/1169/1169 1170/1170/1170
f 1175/1175/1175 1177/1177/1177 1178/1178/1178
f 1179/1179/1179 1181/1181/1181 1182/1182/1182
f 1183/1183/1183 1184/1184/1184 1185/1185/1185
f 1183/1183/1183 1185/1185/1185 1186/1186/1186
f 1187/1187/1187 1188/1188/1188 1189/1189/1189
f 1187/1187/1187 1189/1189/1189 1190/1190/1190
f 1195/1195/1195 1197/1197/1197 1198/1198/1198
f 1199/1199/1199 1200/1200/1200 1201/1201/1201
f 1208/1208/1208 1209/1209/1209 1211/1211/1211
f 1207/1207/1207 1210/1210/1210 1212/1212/1212
f 1213/1213/1213 1215/1215/1215 1217/1217/1217
f 1219/1219/1219 1220/1220/1220 1221/1221/1221
f 1223/1223/1223 1225/1225/1225 1226/1226/1226
f 1231/1231/1231 1232/1232/1232 1233/1233/1233
f 1231/1231/1231 1233/1233/1233 1234/1234/1234
f 1235/1235/1235 1236/1236/1236 1237/1237/1237
f 1239/1239/1239 1240/1240/1240 1241/1241/1241
f 1239/1239/1239 1241/1241/1241 1242/1242/1242
f 1243/1243/1243 1244/1244/1244 1245/1245/1245
f 1243/1243/1243 1245/1245/1245 1246/1246/1246
f 1247/1247/1247 1248/1248/1248 1249/1249/1249
f 1251/1251/1251 1252/1252/1252 1253/1253/1253
f 1255/1255/1255 1257/1257/1257 1258/1258/1258
f 1259/1259/1259 1260/1260/1260 1261/1261/1261
f 1259/1259/1259 1261/1261/1261 1262/1262/1262
f 1263/1263/1263 1264/1264/1264 1265/1265/1265
f 1267/1267/1267 1268/1268/1268 1269/1269/1269
f 1267/1267/1267 1269/1269/1269 1270/1270/1270
f 1275/1275/1275 1276/1276/1276 1277/1277/1277
f 1275/1275/1275 1277/1277/1277 1278/1278/1278
f 1279/1279/1279 1280/1280/1280 1281/1281/1281
f 1283/1283/1283 1284/1284/1284 1285/1285/1285
f 1283/1283/1283 1285/1285/1285 1286/1286/1286
f 1287/1287/1287 1288/1288/1288 1289/1289/1289
f 1291/1291/1291 1292/1292/1292 1293/1293/1293
f 1295/1295/1295 1296/1296/1296 1297/1297/1297
f 1299/1299/1299 1301/1301/1301 1302/1302/1302
f 1303/1303/1303 1305/1305/1305 1306/1306/1306
f 1307/1307/1307 1308/1308/1308 1309/1309/1309
f 1307/1307/1307 1309/1309/1309 1310/1310/1310
f 1311/1311/1311 1313/1313/1313 1314/1314/1314
f 1315/1315/1315 1316/1316/1316 1317/1317/1317
f 1315/1315/1315 1317/1317/1317 1318/1318/1318
f 1323/1323/1323 1324/1324/1324 1325/1325/1325
f 1323/1323/1323 1325/1325/1325 1326/1326/1326
f 1327/1327/1327 1329/1329/1329 1330/1330/1330
f 1331/1331/1331 1332/1332/1332 1333/1333/1333
f 1335/1335/1335 1337/1337/1337 1338/1338/1338
f 1343/1343/1343 1345/1345/1345 1346/1346/1346
f 1355/1355/1355 1356/1356/1356 1357/1357/1357
f 1355/1355/1355 1357/1357/1357 1358/1358/1358
f 1359/1359/1359 1361/1361/1361 1362/1362/1362
f 1363/1363/1363 1364/1364/1364 1365/1365/1365
f 1367/1367/1367 1368/1368/1368 1369/1369/1369
f 1371/1371/1371 1372/1372/1372 1373/1373/1373
f 1375/1375/1375 1377/1377/1377 1378/1378/1378
f 1383/1383/1383 1384/1384/1384 1385/1385/1385
f 1387/1387/1387 1388/1388/1388 1389/1389/1389
f 1391/1391/1391 1392/1392/1392 1393/1393/1393
f 1395/1395/1395 1396/1396/1396 1397/1397/1397
f 1399/1399/1399 1401/1401/1401 1402/1402/1402
f 1415/1415/1415 1416/1416/1416 1417/1417/1417
f 1415/1415/1415 1417/1417/1417 1418/1418/1418
f 1419/1419/1419 1421/1421/1421 1422/1422/1422
f 1427/1427/1427 1428/1428/1428 1429/1429/1429
f 1427/1427/1427 1429/1429/1429 1430/1430/1430
f 1431/1431/1431 1433/1433/1433 1434/1434/1434
f 1435/1435/1435 1437/1437/1437 1438/1438/1438
f 1439/1439/1439 1440/1440/1440 1441/1441/1441
f 1443/1443/1443 1445/1445/1445 1446/1446/1446
f 1447/1447/1447 1449/1449/1449 1450/1450/1450
f 1459/1459/1459 1460/1460/1460 1461/1461/1461
f 1463/1463/1463 1465/1465/1465 1466/1466/1466
f 1467/1467/1467 1468/1468/1468 1469/1469/1469
f 1467/1467/1467 1469/1469/1469 1470/1470/1470
f 1475/1475/1475 1476/1476/1476 1477/1477/1477
f 1479/1479/1479 1481/1481/1481 1482/1482/1482
f 1487/1487/1487 1489/1489/1489 1490/1490/1490
f 1491/1491/1491 1492/1492/1492 1493/1493/1493
f 1495/1495/1495 1497/1497/1497 1498/1498/1498
f 1499/1499/1499 1500/1500/1500 1501/1501/1501
f 1503/1503/1503 1505/1505/1505 1506/1506/1506
f 1507/1507/1507 1509/1509/1509 1510/1510/1510
f 1511/1511/1511 1513/1513/1513 1514/1514/1514
f 1519/1519/1519 1520/1520/1520 1521/1521/1521
f 1523/1523/1523 1524/1524/1524 1525/1525/1525
f 1523/1523/1523 1525/1525/1525 1526/1526/1526
f 1527/1527/1527 1528/1528/1528 1529/1529/1529
f 1527/1527/1527 1529/1529/1529 1530/1530/1530
f 1535/1535/1535 1536/1536/1536 1537/1537/1537
f 1539/1539/1539 1541/1541/1541 1542/1542/1542
f 1551/1551/1551 1552/1552/1552 1553/1553/1553
f 1551/1551/1551 1553/1553/1553 1554/1554/1554
f 1555/1555/1555 1556/1556/1556 1557/1557/1557
f 1559/1559/1559 1560/1560/1560 1561/1561/1561
f 1559/1559/1559 1561/1561/1561 1562/1562/1562
f 1567/1567/1567 1568/1568/1568 1569/1569/1569
f 1575/1575/1575 1577/1577/1577 1578/1578/1578
f 1579/1579/1579 1581/1581/1581 1582/1582/1582
f 1583/1583/1583 1584/1584/1584 1585/1585/1585
f 1583/1583/1583 1585/1585/1585 1586/1586/1586
f 1587/1587/1587 1588/1588/1588 1589/1589/1589
f 1591/1591/1591 1593/1593/1593 1594/1594/1594
f 1595/1595/1595 1597/1597/1597 1598/1598/1598
f 1599/1599/1599 1601/1601/1601 1602/1602/1602
f 1603/1603/1603 1604/1604/1604 1605/1605/1605
f 1607/1607/1607 1608/1608/1608 1609/1609/1609
f 1611/1611/1611 1613/1613/1613 1614/1614/1614
f 1615/1615/1615 1616/1616/1616 1617/1617/1617
f 1619/1619/1619 1620/1620/1620 1621/1621/1621
f 1623/1623/1623 1624/1624/1624 1625/1625/1625
f 1623/1623/1623 1625/1625/1625 1626/1626/1626
f 1637/1637/1637 1638/1638/1638 1639/1639/1639
f 1637/1637/1637 1639/1639/1639 1640/1640/1640
f 1641/1641/1641 1643/1643/1643 1644/1644/1644
f 1645/1645/1645 1646/1646/1646 1647/1647/1647
f 1659/1659/1659 1661/1661/1661 1662/1662/1662
f 1671/1671/1671 1672/1672/1672 1673/1673/1673
f 1671/1671/1671 1673/1673/1673 1674/1674/1674
f 1675/1675/1675 1677/1677/1677 1678/1678/1678
f 1679/1679/1679 1680/1680/1680 1681/1681/1681
f 1679/1679/1679 1681/1681/1681 1682/1682/1682
f 1683/1683/1683 1684/1684/1684 1685/1685/1685
f 1683/1683/1683 1685/1685/1685 1686/1686/1686
f 1687/1687/1687 1688/1688/1688 1689/1689/1689
f 1687/1687/1687 1689/1689/1689 1690/1690/1690
f 1695/1695/1695 1697/1697/1697 1698/1698/1698
f 1699/1699/1699 1700/1700/1700 1701/1701/1701
f 1699/1699/1699 1701/1701/1701 1702/1702/1702
f 1703/1703/1703 1705/1705/1705 1706/1706/1706
f 1707/1707/1707 1709/1709/1709 1710/1710/1710
f 1711/1711/1711 1713/1713/1713 1714/1714/1714
f 1715/1715/1715 1716/1716/1716 1717/1717/1717
f 1715/1715/1715 1717/1717/1717 1718/1718/1718
f 1719/1719/1719 1720/1720/1720 1721/1721/1721
f 1719/1719/1719 1721/1721/1721 1722/1722/1722
f 1727/1727/1727 1728/1728/1728 1729/1729/1729
f 1727/1727/1727 1729/1729/1729 1730/1730/1730
f 1731/1731/1731 1732/1732/1732 1733/1733/1733
f 1735/1735/1735 1736/1736/1736 1737/1737/1737
f 1743/1743/1743 1745/1745/1745 1746/1746/1746
f 1751/1751/1751 1753/1753/1753 1754/1754/1754
f 1755/1755/1755 1757/1757/1757 1758/1758/1758
f 1759/1759/1759 1761/1761/1761 1762/1762/1762
f 1763/1763/1763 1764/1764/1764 1765/1765/1765
f 1779/1779/1779 1781/1781/1781 1782/1782/1782
f 1783/1783/1783 1785/1785/1785 1786/1786/1786
f 1787/1787/1787 1789/1789/1789 1790/1790/1790
f 1791/1791/1791 1792/1792/1792 1793/1793/1793
f 1799/1799/1799 1800/1800/1800 1801/1801/1801
f 1807/1807/1807 1809/1809/1809 1810/1810/1810
f 1822/1822/1822 1824/1824/1824 1826/1826/1826
f 1831/1831/1831 1832/1832/1832 1833/1833/1833
f 1831/1831/1831 1833/1833/1833 1834/1834/1834
f 1835/1835/1835 1837/1837/1837 1838/1838/1838
f 1839/1839/1839 1841/1841/1841 1842/1842/1842
f 1840/1840/1840 1843/1843/1843 1844/1844/1844
f 1845/1845/1845 1846/1846/1846 1847/1847/1847
f 1849/1849/1849 1850/1850/1850 1851/1851/1851
f 1849/1849/1849 1851/1851/1851 1852/1852/1852
f 1853/1853/1853 1854/1854/1854 1855/1855/1855
f 1857/1857/1857 1859/1859/1859 1860/1860/1860
f 1861/1861/1861 1862/1862/1862 1863/1863/1863
f 1861/1861/1861 1863/1863/1863 1864/1864/1864
f 1865/1865/1865 1867/1867/1867 1868/1868/1868
f 1869/1869/1869 1871/1871/1871 1872/1872/1872
f 1887/1887/1887 1889/1889/1889 1890/1890/1890
f 1891/1891/1891 1893/1893/1893 1894/1894/1894
f 1892/1892/1892 1895/1895/1895 1896/1896/1896
f 1897/1897/1897 1898/1898/1898 1899/1899/1899
f 1911/1911/1911 1913/1913/1913 1914/1914/1914
f 1915/1915/1915 1917/1917/1917 1918/1918/1918
f 1924/1924/1924 1925/1925/1925 1926/1926/1926
f 1923/1923/1923 1927/1927/1927 1928/1928/1928
f 1929/1929/1929 1931/1931/1931 1932/1932/1932
f 1933/1933/1933 1935/1935/1935 1936/1936/1936
f 1937/1937/1937 1939/1939/1939 1940/1940/1940
f 1945/1945/1945 1946/1946/1946 1947/1947/1947
f 1945/1945/1945 1947/1947/1947 1948/1948/1948
f 1949/1949/1949 1951/1951/1951 1953/1953/1953
f 1956/1956/1956 1957/1957/1957 1958/1958/1958
f 1955/1955/1955 1959/1959/1959 1960/1960/1960
f 1965/1965/1965 1966/1966/1966 1967/1967/1967
f 1965/1965/1965 1967/1967/1967 1968/1968/1968
f 1969/1969/1969 1971/1971/1971 1972/1972/1972
f 1973/1973/1973 1974/1974/1974 1975/1975/1975
f 1973/1973/1973 1975/1975/1975 1976/1976/1976
f 1977/1977/1977 1979/1979/1979 1980/1980/1980
f 1981/1981/1981 1982/1982/1982 1983/1983/1983
f 1981/1981/1981 1983/1983/1983 1984/1984/1984
f 1985/1985/1985 1987/1987/1987 1988/1988/1988
f 1989/1989/1989 1991/1991/1991 1992/1992/1992
f 1993/1993/1993 1994/1994/1994 1995/1995/1995
f 1993/1993/1993 1995/1995/1995 1996/1996/1996
f 2001/2001/2001 2002/2002/2002 2003/2003/2003
f 2009/2009/2009 2010/2010/2010 2011/2011/2011
f 2013/2013/2013 2014/2014/2014 2015/2015/2015
f 2017/2017/2017 2019/2019/2019 2020/2020/2020
f 2021/2021/2021 2023/2023/2023 2024/2024/2024
f 2025/2025/2025 2027/2027/2027 2028/2028/2028
f 2029/2029/2029 2031/2031/2031 2032/2032/2032
f 2033/2033/2033 2035/2035/2035 2036/2036/2036
f 2037/2037/2037 2038/2038/2038 2039/2039/2039
f 2037/2037/2037 2039/2039/2039 2040/2040/2040
f 2045/2045/2045 2046/2046/2046 2047/2047/2047
f 2045/2045/2045 2047/2047/2047 2048/2048/2048
f 2049/2049/2049 2051/2051/2051 2052/2052/2052
f 2057/2057/2057 2058/2058/2058 2059/2059/2059
f 2061/2061/2061 2062/2062/2062 2063/2063/2063
f 2061/2061/2061 2063/2063/2063 2064/2064/2064
f 2065/2065/2065 2066/2066/2066 2067/2067/2067
f 2069/2069/2069 2070/2070/2070 2071/2071/2071
f 2069/2069/2069 2071/2071/2071 2072/2072/2072
f 2077/2077/2077 2078/2078/2078 2079/2079/2079
f 2077/2077/2077 2079/2079/2079 2080/2080/2080
f 2093/2093/2093 2094/2094/2094 2095/2095/2095
f 2101/2101/2101 2103/2103/2103 2104/2104/2104
f 2105/2105/2105 2107/2107/2107 2108/2108/2108
f 2109/2109/2109 2110/2110/2110 2111/2111/2111
f 2109/2109/2109 2111/2111/2111 2112/2112/2112
f 2119/2119/2119 2121/2121/2121 2122/2122/2122
f 2123/2123/2123 2124/2124/2124 2125/2125/2125
f 2127/2127/2127 2128/2128/2128 2129/2129/2129
f 2127/2127/2127 2129/2129/2129 2130/2130/2130
f 2132/2132/2132 2135/2135/2135 2136/2136/2136
f 2141/2141/2141 2142/2142/2142 2143/2143/2143
f 2145/2145/2145 2146/2146/2146 2147/2147/2147
f 2153/2153/2153 2154/2154/2154 2155/2155/2155
f 2153/2153/2153 2155/2155/2155 2156/2156/2156
f 2157/2157/2157 2159/2159/2159 2160/2160/2160
f 2161/2161/2161 2162/2162/2162 2163/2163/2163
f 2169/2169/2169 2170/2170/2170 2171/2171/2171
f 2169/2169/2169 2171/2171/2171 2172/2172/2172
f 2173/2173/2173 2174/2174/2174 2175/2175/2175
f 2177/2177/2177 2178/2178/2178 2179/2179/2179
f 2177/2177/2177 2179/2179/2179 2180/2180/2180
f 2181/2181/2181 2183/2183/2183 2184/2184/2184
f 2185/2185/2185 2186/2186/2186 2187/2187/2187
f 2185/2185/2185 2187/2187/2187 2188/2188/2188
f 2197/2197/2197 2198/2198/2198 2199/2199/2199
f 2197/2197/2197 2199/2199/2199 2200/2200/2200
f 2201/2201/2201 2202/2202/2202 2203/2203/2203
f 2209/2209/2209 2211/2211/2211 2212/2212/2212
f 2213/2213/2213 2214/2214/2214 2215/2215/2215
f 2213/2213/2213 2215/2215/2215 2216/2216/2216
f 2217/2217/2217 2218/2218/2218 2219/2219/2219
f 2217/2217/2217 2219/2219/2219 2220/2220/2220
f 2225/2225/2225 2226/2226/2226 2227/2227/2227
f 2225/2225/2225 2227/2227/2227 2228/2228/2228
f 2229/2229/2229 2231/2231/2231 2232/2232/2232
f 2237/2237/2237 2241/2241/2241 2242/2242/2242
f 2243/2243/2243 2244/2244/2244 2245/2245/2245
f 2247/2247/2247 2249/2249/2249 2250/2250/2250
f 2255/2255/2255 2256/2256/2256 2257/2257/2257
f 2255/2255/2255 2257/2257/2257 2258/2258/2258
f 2263/2263/2263 2265/2265/2265 2266/2266/2266
f 2271/2271/2271 2273/2273/2273 2274/2274/2274
f 2279/2279/2279 2281/2281/2281 2282/2282/2282
f 2295/2295/2295 2296/2296/2296 2297/2297/2297
f 2299/2299/2299 2301/2301/2301 2302/2302/2302
f 2303/2303/2303 2305/2305/2305 2306/2306/2306
f 2311/2311/2311 2312/2312/2312 2313/2313/2313
f 2315/2315/2315 2316/2316/2316 2317/2317/2317
f 2319/2319/2319 2320/2320/2320 2321/2321/2321
f 2319/2319/2319 2321/2321/2321 2322/2322/2322
f 2327/2327/2327 2328/2328/2328 2329/2329/2329
f 2327/2327/2327 2329/2329/2329 2330/2330/2330
f 2335/2335/2335 2337/2337/2337 2338/2338/2338
f 2339/2339/2339 2341/2341/2341 2342/2342/2342
f 2343/2343/2343 2345/2345/2345 2346/2346/2346
f 2347/2347/2347 2348/2348/2348 2349/2349/2349
f 2347/2347/2347 2349/2349/2349 2350/2350/2350
f 2351/2351/2351 2353/2353/2353 2354/2354/2354
f 2359/2359/2359 2360/2360/2360 2361/2361/2361
f 2359/2359/2359 2361/2361/2361 2362/2362/2362
f 2363/2363/2363 2364/2364/2364 2365/2365/2365
f 2367/2367/2367 2369/2369/2369 2370/2370/2370
f 2371/2371/2371 2373/2373/2373 2374/2374/2374
f 2375/2375/2375 2376/2376/2376 2377/2377/2377
f 2375/2375/2375 2377/2377/2377 2378/2378/2378
f 2379/2379/2379 2381/2381/2381 2382/2382/2382
f 2383/2383/2383 2384/2384/2384 2385/2385/2385
f 2383/2383/2383 2385/2385/2385 2386/2386/2386
f 2391/2391/2391 2393/2393/2393 2394/2394/2394
f 2401/2401/2401 2403/2403/2403 2404/2404/2404
f 2405/2405/2405 2407/2407/2407 2408/2408/2408
f 2413/2413/2413 2414/2414/2414 2415/2415/2415
f 2417/2417/2417 2418/2418/2418 2419/2419/2419
f 2417/2417/2417 2419/2419/2419 2420/2420/2420
f 2425/2425/2425 2427/2427/2427 2428/2428/2428
f 2429/2429/2429 2430/2430/2430 2431/2431/2431
f 2429/2429/2429 2431/2431/2431 2432/2432/2432
f 2433/2433/2433 2435/2435/2435 2436/2436/2436
f 2437/2437/2437 2438/2438/2438 2439/2439/2439
f 2437/2437/2437 2439/2439/2439 2440/2440/2440
f 2441/2441/2441 2442/2442/2442 2443/2443/2443
f 2445/2445/2445 2446/2446/2446 2447/2447/2447
f 2457/2457/2457 2459/2459/2459 2460/2460/2460
f 2469/2469/2469 2470/2470/2470 2471/2471/2471
f 2469/2469/2469 2471/2471/2471 2472/2472/2472
f 2473/2473/2473 2475/2475/2475 2476/2476/2476
f 2477/2477/2477 2478/2478/2478 2479/2479/2479
f 2485/2485/2485 2486/2486/2486 2487/2487/2487
f 2489/2489/2489 2490/2490/2490 2491/2491/2491
f 2489/2489/2489 2491/2491/2491 2492/2492/2492
f 2493/2493/2493 2494/2494/2494 2495/2495/2495
f 2497/2497/2497 2499/2499/2499 2500/2500/2500
f 2509/2509/2509 2511/2511/2511 2512/2512/2512
f 2515/2515/2515 2516/2516/2516 2517/2517/2517
f 2515/2515/2515 2517/2517/2517 2518/2518/2518
f 2519/2519/2519 2520/2520/2520 2521/2521/2521
f 2527/2527/2527 2528/2528/2528 2529/2529/2529
f 2531/2531/2531 2533/2533/2533 2534/2534/2534
f 2539/2539/2539 2541/2541/2541 2542/2542/2542
f 2547/2547/2547 2549/2549/2549 2550/2550/2550
f 2551/2551/2551 2552/2552/2552 2553/2553/2553
f 2551/2551/2551 2553/2553/2553 2554/2554/2554
f 2555/2555/2555 2557/2557/2557 2558/2558/2558
f 2559/2559/2559 2561/2561/2561 2562/2562/2562
f 2563/2563/2563 2565/2565/2565 2566/2566/2566
f 2573/2573/2573 2575/2575/2575 2576/2576/2576
f 2577/2577/2577 2578/2578/2578 2579/2579/2579
f 2577/2577/2577 2579/2579/2579 2580/2580/2580
f 2585/2585/2585 2587/2587/2587 2589/2589/2589
f 2586/2586/2586 2588/2588/2588 2590/2590/2590
f 2595/2595/2595 2596/2596/2596 2597/2597/2597
f 2595/2595/2595 2597/2597/2597 2598/2598/2598
f 2599/2599/2599 2601/2601/2601 2602/2602/2602
f 2603/2603/2603 2605/2605/2605 2606/2606/2606
f 2607/2607/2607 2608/2608/2608 2609/2609/2609
f 2607/2607/2607 2609/2609/2609 2610/2610/2610
f 2615/2615/2615 2616/2616/2616 2617/2617/2617
f 2619/2619/2619 2620/2620/2620 2621/2621/2621
f 2619/2619/2619 2621/2621/2621 2622/2622/2622
f 2624/2624/2624 2627/2627/2627 2628/2628/2628
f 2629/2629/2629 2631/2631/2631 2632/2632/2632
f 2643/2643/2643 2644/2644/2644 2645/2645/2645
f 2651/2651/2651 2652/2652/2652 2653/2653/2653
f 2655/2655/2655 2656/2656/2656 2657/2657/2657
f 2655/2655/2655 2657/2657/2657 2658/2658/2658
f 2663/2663/2663 2664/2664/2664 2665/2665/2665
f 2671/2671/2671 2672/2672/2672 2673/2673/2673
f 2675/2675/2675 2676/2676/2676 2677/2677/2677
f 2675/2675/2675 2677/2677/2677 2678/2678/2678
f 2683/2683/2683 2684/2684/2684 2685/2685/2685
f 2687/2687/2687 2688/2688/2688 2689/2689/2689
f 2692/2692/2692 2693/2693/2693 2695/2695/2695
f 2691/2691/2691 2694/2694/2694 2696/2696/2696
f 2703/2703/2703 2704/2704/2704 2705/2705/2705
f 2703/2703/2703 2705/2705/2705 2706/2706/2706
f 2707/2707/2707 2709/2709/2709 2710/2710/2710
f 2716/2716/2716 2717/2717/2717 2718/2718/2718
f 2715/2715/2715 2719/2719/2719 2720/2720/2720
f 2725/2725/2725 2726/2726/2726 2727/2727/2727
f 2729/2729/2729 2731/2731/2731 2732/2732/2732
f 2733/2733/2733 2734/2734/2734 2735/2735/2735
f 2733/2733/2733 2735/2735/2735 2736/2736/2736
f 2741/2741/2741 2742/2742/2742 2743/2743/2743
f 2741/2741/2741 2743/2743/2743 2744/2744/2744
f 2745/2745/2745 2746/2746/2746 2747/2747/2747
f 2753/2753/2753 2755/2755/2755 2756/2756/2756
f 2757/2757/2757 2758/2758/2758 2759/2759/2759
f 2757/2757/2757 2759/2759/2759 2760/2760/2760
f 2765/2765/2765 2766/2766/2766 2767/2767/2767
f 2765/2765/2765 2767/2767/2767 2768/2768/2768
f 2769/2769/2769 2771/2771/2771 2772/2772/2772
f 2773/2773/2773 2774/2774/2774 2775/2775/2775
f 2773/2773/2773 2775/2775/2775 2776/2776/2776
f 2781/2781/2781 2783/2783/2783 2784/2784/2784
f 2789/2789/2789 2790/2790/2790 2791/2791/2791
f 2793/2793/2793 2795/2795/2795 2796/2796/2796
f 2797/2797/2797 2799/2799/2799 2800/2800/2800
f 2801/2801/2801 2803/2803/2803 2804/2804/2804
f 2809/2809/2809 2811/2811/2811 2812/2812/2812
f 2813/2813/2813 2815/2815/2815 2816/2816/2816
f 2817/2817/2817 2819/2819/2819 2820/2820/2820
f 2821/2821/2821 2822/2822/2822 2823/2823/2823
f 2821/2821/2821 2823/2823/2823 2824/2824/2824
f 2825/2825/2825 2827/2827/2827 2828/2828/2828
f 2829/2829/2829 2830/2830/2830 2831/2831/2831
f 2829/2829/2829 2831/2831/2831 2832/2832/2832
f 2833/2833/2833 2835/2835/2835 2836/2836/2836
f 2841/2841/2841 2842/2842/2842 2843/2843/2843
f 2845/2845/2845 2846/2846/2846 2847/2847/2847
f 2849/2849/2849 2850/2850/2850 2851/2851/2851
f 2849/2849/2849 2851/2851/2851 2852/2852/2852
f 2853/2853/2853 2854/2854/2854 2855/2855/2855
f 2853/2853/2853 2855/2855/2855 2856/2856/2856
f 2858/2858/2858 2859/2859/2859 2861/2861/2861
f 2863/2863/2863 2864/2864/2864 2865/2865/2865
f 2863/2863/2863 2865/2865/2865 2866/2866/2866
f 2867/2867/2867 2869/2869/2869 2870/2870/2870
f 2875/2875/2875 2876/2876/2876 2877/2877/2877
f 2875/2875/2875 2877/2877/2877 2878/2878/2878
f 2883/2883/2883 2884/2884/2884 2885/2885/2885
f 2887/2887/2887 2888/2888/2888 2889/2889/2889
f 2891/2891/2891 2893/2893/2893 2894/2894/2894
f 2895/2895/2895 2896/2896/2896 2897/2897/2897
f 2899/2899/2899 2901/2901/2901 2902/2902/2902
f 2911/2911/2911 2912/2912/2912 2913/2913/2913
f 2911/2911/2911 2913/2913/2913 2914/2914/2914
f 2915/2915/2915 2916/2916/2916 2917/2917/2917
f 2923/2923/2923 2925/2925/2925 2926/2926/2926
f 2927/2927/2927 2928/2928/2928 2929/2929/2929
f 2927/2927/2927 2929/2929/2929 2930/2930/2930
f 2935/2935/2935 2936/2936/2936 2937/2937/2937
f 2939/2939/2939 2940/2940/2940 2941/2941/2941
f 2939/2939/2939 2941/2941/2941 2942/2942/2942
f 2951/2951/2951 2952/2952/2952 2953/2953/2953
f 2955/2955/2955 2956/2956/2956 2957/2957/2957
f 2959/2959/2959 2960/2960/2960 2961/2961/2961
f 2959/2959/2959 2961/2961/2961 2962/2962/2962
f 2963/2963/2963 2964/2964/2964 2965/2965/2965
f 2967/2967/2967 2968/2968/2968 2969/2969/2969
f 1/1/1 2/2/2 3/3/3
f 19/19/19 20/20/20 21/21/21
f 19/19/19 21/21/21 22/22/22
f 31/31/31 32/32/32 33/33/33
f 31/31/31 33/33/33 34/34/34
f 35/35/35 37/37/37 38/38/38
f 43/43/43 44/44/44 45/45/45
f 47/47/47 48/48/48 49/49/49
f 55/55/55 56/56/56 57/57/57
f 71/71/71 72/72/72 73/73/73
f 75/75/75 77/77/77 78/78/78
f 83/83/83 84/84/84 85/85/85
f 83/83/83 85/85/85 86/86/86
f 111/111/111 113/113/113 114/114/114
f 131/131/131 133/133/133 134/134/134
f 135/135/135 136/136/136 137/137/137
f 147/147/147 149/149/149 150/150/150
f 163/163/163 164/164/164 165/165/165
f 177/177/177 179/179/179 180/180/180
f 197/197/197 198/198/198 199/199/199
f 201/201/201 203/203/203 204/204/204
f 205/205/205 206/206/206 207/207/207
f 205/205/205 207/207/207 208/208/208
f 233/233/233 235/235/235 236/236/236
f 5/5/5 6/6/6 7/7/7
f 10/10/10 11/11/11 12/12/12
f 9/9/9 13/13/13 14/14/14
f 15/15/15 16/16/16 17/17/17
f 23/23/23 25/25/25 26/26/26
f 27/27/27 28/28/28 29/29/29
f 39/39/39 41/41/41 42/42/42
f 63/63/63 65/65/65 66/66/66
f 67/67/67 68/68/68 69/69/69
f 71/71/71 73/73/73 74/74/74
f 79/79/79 80/80/80 81/81/81
f 91/91/91 93/93/93 94/94/94
f 99/99/99 101/101/101 102/102/102
f 111/111/111 112/112/112 113/113/113
f 115/115/115 117/117/117 118/118/118
f 119/119/119 121/121/121 122/122/122
f 123/123/123 124/124/124 125/125/125
f 131/131/131 132/132/132 133/133/133
f 139/139/139 141/141/141 142/142/142
f 155/155/155 156/156/156 157/157/157
f 173/173/173 174/174/174 175/175/175
f 173/173/173 175/175/175 176/176/176
f 185/185/185 186/186/186 187/187/187
f 193/193/193 194/194/194 195/195/195
f 197/197/197 199/199/199 200/200/200
f 225/225/225 227/227/227 228/228/228
f 245/245/245 247/247/247 248/248/248
f 253/253/253 254/254/254 255/255/255
f 253/253/253 255/255/255 256/256/256
f 257/257/257 258/258/258 259/259/259
f 261/261/261 262/262/262 263/263/263
f 269/269/269 270/270/270 271/271/271
f 269/269/269 271/271/271 272/272/272
f 277/277/277 279/279/279 280/280/280
f 281/281/281 283/283/283 285/285/285
f 287/287/287 288/288/288 289/289/289
f 287/287/287 289/289/289 290/290/290
f 291/291/291 292/292/292 293/293/293
f 299/299/299 301/301/301 302/302/302
f 307/307/307 309/309/309 310/310/310
f 311/311/311 314/314/314 316/316/316
f 317/317/317 318/318/318 319/319/319
f 321/321/321 323/323/323 324/324/324
f 325/325/325 326/326/326 327/327/327
f 329/329/329 331/331/331 332/332/332
f 338/338/338 339/339/339 341/341/341
f 344/344/344 345/345/345 346/346/346
f 343/343/343 347/347/347 348/348/348
f 349/349/349 350/350/350 351/351/351
f 357/357/357 359/359/359 360/360/360
f 361/361/361 364/364/364 366/366/366
f 367/367/367 368/368/368 369/369/369
f 367/367/367 369/369/369 370/370/370
f 371/371/371 373/373/373 374/374/374
f 375/375/375 377/377/377 378/378/378
f 379/379/379 380/380/380 381/381/381
f 379/379/379 381/381/381 382/382/382
f 395/395/395 396/396/396 397/397/397
f 395/395/395 397/397/397 398/398/398
f 407/407/407 409/409/409 410/410/410
f 411/411/411 415/415/415 416/416/416
f 417/417/417 419/419/419 420/420/420
f 421/421/421 424/424/424 426/426/426
f 427/427/427 428/428/428 429/429/429
f 431/431/431 432/432/432 433/433/433
f 435/435/435 437/437/437 438/438/438
f 439/439/439 440/440/440 441/441/441
f 443/443/443 445/445/445 446/446/446
f 451/451/451 452/452/452 453/453/453
f 455/455/455 456/456/456 457/457/457
f 459/459/459 461/461/461 462/462/462
f 463/463/463 464/464/464 465/465/465
f 463/463/463 465/465/465 466/466/466
f 467/467/467 469/469/469 470/470/470
f 468/468/468 471/471/471 472/472/472
f 477/477/477 479/479/479 480/480/480
f 481/481/481 483/483/483 484/484/484
f 485/485/485 486/486/486 487/487/487
f 489/489/489 491/491/491 492/492/492
f 497/497/497 498/498/498 499/499/499
f 501/501/501 503/503/503 504/504/504
f 505/505/505 507/507/507 508/508/508
f 513/513/513 515/515/515 516/516/516
f 517/517/517 519/519/519 520/520/520
f 521/521/521 522/522/522 523/523/523
f 521/521/521 523/523/523 524/524/524
f 529/529/529 531/531/531 532/532/532
f 533/533/533 534/534/534 535/535/535
f 541/541/541 542/542/542 543/543/543
f 541/541/541 543/543/543 544/544/544
f 549/549/549 551/551/551 552/552/552
f 553/553/553 554/554/554 555/555/555
f 553/553/553 555/555/555 556/556/556
f 565/565/565 566/566/566 567/567/567
f 569/569/569 570/570/570 571/571/571
f 573/573/573 574/574/574 575/575/575
f 577/577/577 578/578/578 579/579/579
f 581/581/581 582/582/582 583/583/583
f 585/585/585 586/586/586 587/587/587
f 593/593/593 595/595/595 596/596/596
f 597/597/597 599/599/599 600/600/600
f 605/605/605 606/606/606 607/607/607
f 605/605/605 607/607/607 608/608/608
f 613/613/613 614/614/614 615/615/615
f 617/617/617 618/618/618 619/619/619
f 621/621/621 622/622/622 623/623/623
f 625/625/625 626/626/626 627/627/627
f 647/647/647 649/649/649 650/650/650
f 659/659/659 661/661/661 662/662/662
f 663/663/663 664/664/664 665/665/665
f 675/675/675 677/677/677 678/678/678
f 683/683/683 685/685/685 686/686/686
f 687/687/687 689/689/689 690/690/690
f 691/691/691 693/693/693 694/694/694
f 695/695/695 697/697/697 698/698/698
f 699/699/699 700/700/700 701/701/701
f 699/699/699 701/701/701 702/702/702
f 703/703/703 704/704/704 705/705/705
f 703/703/703 705/705/705 706/706/706
f 711/711/711 712/712/712 713/713/713
f 719/719/719 720/720/720 721/721/721
f 719/719/719 721/721/721 722/722/722
f 723/723/723 725/725/725 726/726/726
f 731/731/731 733/733/733 734/734/734
f 735/735/735 737/737/737 738/738/738
f 739/739/739 740/740/740 741/741/741
f 743/743/743 744/744/744 745/745/745
f 747/747/747 749/749/749 750/750/750
f 751/751/751 753/753/753 754/754/754
f 757/757/757 758/758/758 759/759/759
f 757/757/757 759/759/759 760/760/760
f 765/765/765 766/766/766 767/767/767
f 769/769/769 771/771/771 772/772/772
f 777/777/777 778/778/778 779/779/779
f 777/777/777 779/779/779 780/780/780
f 781/781/781 782/782/782 783/783/783
f 781/781/781 783/783/783 784/784/784
f 785/785/785 786/786/786 787/787/787
f 793/793/793 794/794/794 795/795/795
f 801/801/801 803/803/803 804/804/804
f 809/809/809 810/810/810 811/811/811
f 809/809/809 811/811/811 812/812/812
f 817/817/817 818/818/818 819/819/819
f 821/821/821 823/823/823 824/824/824
f 825/825/825 826/826/826 827/827/827
f 825/825/825 827/827/827 828/828/828
f 833/833/833 835/835/835 836/836/836
f 837/837/837 838/838/838 839/839/839
f 837/837/837 839/839/839 840/840/840
f 845/845/845 846/846/846 847/847/847
f 849/849/849 850/850/850 851/851/851
f 849/849/849 851/851/851 852/852/852
f 853/853/853 854/854/854 855/855/855
f 857/857/857 859/859/859 860/860/860
f 861/861/861 862/862/862 863/863/863
f 861/861/861 863/863/863 864/864/864
f 865/865/865 866/866/866 867/867/867
f 865/865/865 867/867/867 868/868/868
f 869/869/869 870/870/870 871/871/871
f 873/873/873 875/875/875 876/876/876
f 877/877/877 879/879/879 880/880/880
f 881/881/881 883/883/883 884/884/884
f 885/885/885 887/887/887 888/888/888
f 899/899/899 901/901/901 902/902/902
f 903/903/903 905/905/905 906/906/906
f 907/907/907 909/909/909 910/910/910
f 915/915/915 916/916/916 917/917/917
f 915/915/915 917/917/917 918/918/918
f 919/919/919 920/920/920 921/921/921
f 923/923/923 925/925/925 926/926/926
f 927/927/927 928/928/928 929/929/929
f 931/931/931 932/932/932 933/933/933
f 931/931/931 933/933/933 934/934/934
f 935/935/935 936/936/936 937/937/937
f 939/939/939 940/940/940 941/941/941
f 943/943/943 945/945/945 946/946/946
f 951/951/951 953/953/953 954/954/954
f 959/959/959 960/960/960 961/961/961
f 971/971/971 972/972/972 973/973/973
f 971/971/971 973/973/973 974/974/974
f 975/975/975 977/977/977 978/978/978
f 979/979/979 980/980/980 981/981/981
f 979/979/979 981/981/981 982/982/982
f 983/983/983 985/985/985 986/986/986
f 991/991/991 992/992/992 993/993/993
f 991/991/991 993/993/993 994/994/994
f 999/999/999 1000/1000/1000 1001/1001/1001
f 999/999/999 1001/1001/1001 1002/1002/1002
f 1003/1003/1003 1005/1005/1005 1006/1006/1006
f 1011/1011/1011 1012/1012/1012 1013/1013/1013
f 1015/1015/1015 1017/1017/1017 1018/1018/1018
f 1019/1019/1019 1020/1020/1020 1021/1021/1021
f 1019/1019/1019 1021/1021/1021 1022/1022/1022
f 1029/1029/1029 1031/1031/1031 1032/1032/1032
f 1037/1037/1037 1038/1038/1038 1039/1039/1039
f 1041/1041/1041 1042/1042/1042 1043/1043/1043
f 1049/1049/1049 1050/1050/1050 1051/1051/1051
f 1049/1049/1049 1051/1051/1051 1052/1052/1052
f 1053/1053/1053 1054/1054/1054 1055/1055/1055
f 1053/1053/1053 1055/1055/1055 1056/1056/1056
f 1057/1057/1057 1059/1059/1059 1060/1060/1060
f 1061/1061/1061 1063/1063/1063 1064/1064/1064
f 1065/1065/1065 1066/1066/1066 1067/1067/1067
f 1065/1065/1065 1067/1067/1067 1068/1068/1068
f 1069/1069/1069 1070/1070/1070 1071/1071/1071
f 1069/1069/1069 1071/1071/1071 1072/1072/1072
f 1073/1073/1073 1075/1075/1075 1076/1076/1076
f 1078/1078/1078 1081/1081/1081 1082/1082/1082
f 1084/1084/1084 1085/1085/1085 1086/1086/1086
f 1089/1089/1089 1090/1090/1090 1091/1091/1091
f 1089/1089/1089 1091/1091/1091 1092/1092/1092
f 1093/1093/1093 1095/1095/1095 1096/1096/1096
f 1097/1097/1097 1098/1098/1098 1099/1099/1099
f 1101/1101/1101 1103/1103/1103 1105/1105/1105
f 1102/1102/1102 1104/1104/1104 1106/1106/1106
f 1111/1111/1111 1112/1112/1112 1113/1113/1113
f 1115/1115/1115 1117/1117/1117 1118/1118/1118
f 1119/1119/1119 1121/1121/1121 1122/1122/1122
f 1123/1123/1123 1124/1124/1124 1125/1125/1125
f 1127/1127/1127 1128/1128/1128 1129/1129/1129
f 1131/1131/1131 1133/1133/1133 1134/1134/1134
f 1135/1135/1135 1136/1136/1136 1137/1137/1137
f 1145/1145/1145 1146/1146/1146 1147/1147/1147
f 1145/1145/1145 1147/1147/1147 1148/1148/1148
f 1153/1153/1153 1154/1154/1154 1155/1155/1155
f 1161/1161/1161 1164/1164/1164 1166/1166/1166
f 1171/1171/1171 1172/1172/1172 1173/1173/1173
f 1171/1171/1171 1173/1173/1173 1174/1174/1174
f 1179/1179/1179 1180/1180/1180 1181/1181/1181
f 1191/1191/1191 1192/1192/1192 1193/1193/1193
f 1191/1191/1191 1193/1193/1193 1194/1194/1194
f 1195/1195/1195 1196/1196/1196 1197/1197/1197
f 1199/1199/1199 1201/1201/1201 1202/1202/1202
f 1203/1203/1203 1204/1204/1204 1205/1205/1205
f 1203/1203/1203 1205/1205/1205 1206/1206/1206
f 1214/1214/1214 1216/1216/1216 1218/1218/1218
f 1219/1219/1219 1221/1221/1221 1222/1222/1222
f 1223/1223/1223 1224/1224/1224 1225/1225/1225
f 1227/1227/1227 1228/1228/1228 1229/1229/1229
f 1227/1227/1227 1229/1229/1229 1230/1230/1230
f 1235/1235/1235 1237/1237/1237 1238/1238/1238
f 1247/1247/1247 1249/1249/1249 1250/1250/1250
f 1263/1263/1263 1265/1265/1265 1266/1266/1266
f 1271/1271/1271 1272/1272/1272 1273/1273/1273
f 1271/1271/1271 1273/1273/1273 1274/1274/1274
f 1279/1279/1279 1281/1281/1281 1282/1282/1282
f 1287/1287/1287 1289/1289/1289 1290/1290/1290
f 1291/1291/1291 1293/1293/1293 1294/1294/1294
f 1295/1295/1295 1297/1297/1297 1298/1298/1298
f 1303/1303/1303 1304/1304/1304 1305/1305/1305
f 1319/1319/1319 1320/1320/1320 1321/1321/1321
f 1319/1319/1319 1321/1321/1321 1322/1322/1322
f 1327/1327/1327 1328/1328/1328 1329/1329/1329
f 1331/1331/1331 1333/1333/1333 1334/1334/1334
f 1335/1335/1335 1336/1336/1336 1337/1337/1337
f 1339/1339/1339 1341/1341/1341 1342/1342/1342
f 1343/1343/1343 1344/1344/1344 1345/1345/1345
f 1347/1347/1347 1348/1348/1348 1349/1349/1349
f 1347/1347/1347 1349/1349/1349 1350/1350/1350
f 1351/1351/1351 1352/1352/1352 1353/1353/1353
f 1351/1351/1351 1353/1353/1353 1354/1354/1354
f 1359/1359/1359 1360/1360/1360 1361/1361/1361
f 1363/1363/1363 1365/1365/1365 1366/1366/1366
f 1367/1367/1367 1369/1369/1369 1370/1370/1370
f 1371/1371/1371 1373/1373/1373 1374/1374/1374
f 1375/1375/1375 1376/1376/1376 1377/1377/1377
f 1379/1379/1379 1380/1380/1380 1381/1381/1381
f 1379/1379/1379 1381/1381/1381 1382/1382/1382
f 1383/1383/1383 1385/1385/1385 1386/1386/1386
f 1387/1387/1387 1389/1389/1389 1390/1390/1390
f 1391/1391/1391 1393/1393/1393 1394/1394/1394
f 1395/1395/1395 1397/1397/1397 1398/1398/1398
f 1399/1399/1399 1400/1400/1400 1401/1401/1401
f 1403/1403/1403 1404/1404/1404 1405/1405/1405
f 1403/1403/1403 1405/1405/1405 1406/1406/1406
f 1407/1407/1407 1408/1408/1408 1409/1409/1409
f 1407/1407/1407 1409/1409/1409 1410/1410/1410
f 1411/1411/1411 1412/1412/1412 1413/1413/1413
f 1411/1411/1411 1413/1413/1413 1414/1414/1414
f 1423/1423/1423 1424/1424/1424 1425/1425/1425
f 1423/1423/1423 1425/1425/1425 1426/1426/1426
f 1431/1431/1431 1432/1432/1432 1433/1433/1433
f 1435/1435/1435 1436/1436/1436 1437/1437/1437
f 1439/1439/1439 1441/1441/1441 1442/1442/1442
f 1443/1443/1443 1444/1444/1444 1445/1445/1445
f 1447/1447/1447 1448/1448/1448 1449/1449/1449
f 1451/1451/1451 1452/1452/1452 1453/1453/1453
f 1451/1451/1451 1453/1453/1453 1454/1454/1454
f 1455/1455/1455 1456/1456/1456 1457/1457/1457
f 1455/1455/1455 1457/1457/1457 1458/1458/1458
f 1459/1459/1459 1461/1461/1461 1462/1462/1462
f 1471/1471/1471 1472/1472/1472 1473/1473/1473
f 1471/1471/1471 1473/1473/1473 1474/1474/1474
f 1475/1475/1475 1477/1477/1477 1478/1478/1478
f 1479/1479/1479 1480/1480/1480 1481/1481/1481
f 1483/1483/1483 1484/1484/1484 1485/1485/1485
f 1483/1483/1483 1485/1485/1485 1486/1486/1486
f 1487/1487/1487 1488/1488/1488 1489/1489/1489
f 1491/1491/1491 1493/1493/1493 1494/1494/1494
f 1495/1495/1495 1496/1496/1496 1497/1497/1497
f 1499/1499/1499 1501/1501/1501 1502/1502/1502
f 1503/1503/1503 1504/1504/1504 1505/1505/1505
f 1507/1507/1507 1508/1508/1508 1509/1509/1509
f 1511/1511/1511 1512/1512/1512 1513/1513/1513
f 1515/1515/1515 1516/1516/1516 1517/1517/1517
f 1515/1515/1515 1517/1517/1517 1518/1518/1518
f 1519/1519/1519 1521/1521/1521 1522/1522/1522
f 1531/1531/1531 1532/1532/1532 1533/1533/1533
f 1531/1531/1531 1533/1533/1533 1534/1534/1534
f 1535/1535/1535 1537/1537/1537 1538/1538/1538
f 1543/1543/1543 1544/1544/1544 1545/1545/1545
f 1543/1543/1543 1545/1545/1545 1546/1546/1546
f 1547/1547/1547 1548/1548/1548 1549/1549/1549
f 1547/1547/1547 1549/1549/1549 1550/1550/1550
f 1555/1555/1555 1557/1557/1557 1558/1558/1558
f 1563/1563/1563 1564/1564/1564 1565/1565/1565
f 1563/1563/1563 1565/1565/1565 1566/1566/1566
f 1567/1567/1567 1569/1569/1569 1570/1570/1570
f 1571/1571/1571 1572/1572/1572 1573/1573/1573
f 1571/1571/1571 1573/1573/1573 1574/1574/1574
f 1575/1575/1575 1576/1576/1576 1577/1577/1577
f 1579/1579/1579 1580/1580/1580 1581/1581/1581
f 1587/1587/1587 1589/1589/1589 1590/1590/1590
f 1591/1591/1591 1592/1592/1592 1593/1593/1593
f 1595/1595/1595 1596/1596/1596 1597/1597/1597
f 1599/1599/1599 1600/1600/1600 1601/1601/1601
f 1603/1603/1603 1605/1605/1605 1606/1606/1606
f 1607/1607/1607 1609/1609/1609 1610/1610/1610
f 1611/1611/1611 1612/1612/1612 1613/1613/1613
f 1615/1615/1615 1617/1617/1617 1618/1618/1618
f 1619/1619/1619 1621/1621/1621 1622/1622/1622
f 1628/1628/1628 1629/1629/1629 1631/1631/1631
f 1627/1627/1627 1630/1630/1630 1632/1632/1632
f 1633/1633/1633 1634/1634/1634 1635/1635/1635
f 1633/1633/1633 1635/1635/1635 1636/1636/1636
f 1641/1641/1641 1642/1642/1642 1643/1643/1643
f 1645/1645/1645 1647/1647/1647 1648/1648/1648
f 1650/1650/1650 1651/1651/1651 1653/1653/1653
f 1649/1649/1649 1652/1652/1652 1654/1654/1654
f 1655/1655/1655 1656/1656/1656 1657/1657/1657
f 1655/1655/1655 1657/1657/1657 1658/1658/1658
f 1659/1659/1659 1660/1660/1660 1661/1661/1661
f 1667/1667/1667 1668/1668/1668 1669/1669/1669
f 1667/1667/1667 1669/1669/1669 1670/1670/1670
f 1675/1675/1675 1676/1676/1676 1677/1677/1677
f 1691/1691/1691 1692/1692/1692 1693/1693/1693
f 1691/1691/1691 1693/1693/1693 1694/1694/1694
f 1695/1695/1695 1696/1696/1696 1697/1697/1697
f 1703/1703/1703 1704/1704/1704 1705/1705/1705
f 1711/1711/1711 1712/1712/1712 1713/1713/1713
f 1723/1723/1723 1724/1724/1724 1725/1725/1725
f 1723/1723/1723 1725/1725/1725 1726/1726/1726
f 1731/1731/1731 1733/1733/1733 1734/1734/1734
f 1735/1735/1735 1737/1737/1737 1738/1738/1738
f 1739/1739/1739 1740/1740/1740 1741/1741/1741
f 1739/1739/1739 1741/1741/1741 1742/1742/1742
f 1743/1743/1743 1744/1744/1744 1745/1745/1745
f 1747/1747/1747 1749/1749/1749 1750/1750/1750
f 1751/1751/1751 1752/1752/1752 1753/1753/1753
f 1755/1755/1755 1756/1756/1756 1757/1757/1757
f 1759/1759/1759 1760/1760/1760 1761/1761/1761
f 1763/1763/1763 1765/1765/1765 1766/1766/1766
f 1767/1767/1767 1768/1768/1768 1769/1769/1769
f 1767/1767/1767 1769/1769/1769 1770/1770/1770
f 1771/1771/1771 1772/1772/1772 1773/1773/1773
f 1771/1771/1771 1773/1773/1773 1774/1774/1774
f 1775/1775/1775 1776/1776/1776 1777/1777/1777
f 1775/1775/1775 1777/1777/1777 1778/1778/1778
f 1779/1779/1779 1780/1780/1780 1781/1781/1781
f 1787/1787/1787 1788/1788/1788 1789/1789/1789
f 1791/1791/1791 1793/1793/1793 1794/1794/1794
f 1795/1795/1795 1796/1796/1796 1797/1797/1797
f 1795/1795/1795 1797/1797/1797 1798/1798/1798
f 1799/1799/1799 1801/1801/1801 1802/1802/1802
f 1803/1803/1803 1804/1804/1804 1805/1805/1805
f 1803/1803/1803 1805/1805/1805 1806/1806/1806
f 1807/1807/1807 1808/1808/1808 1809/1809/1809
f 1811/1811/1811 1813/1813/1813 1814/1814/1814
f 1815/1815/1815 1817/1817/1817 1818/1818/1818
f 1816/1816/1816 1819/1819/1819 1820/1820/1820
f 1821/1821/1821 1823/1823/1823 1825/1825/1825
f 1827/1827/1827 1828/1828/1828 1829/1829/1829
f 1827/1827/1827 1829/1829/1829 1830/1830/1830
f 1835/1835/1835 1836/1836/1836 1837/1837/1837
f 1845/1845/1845 1847/1847/1847 1848/1848/1848
f 1853/1853/1853 1855/1855/1855 1856/1856/1856
f 1865/1865/1865 1866/1866/1866 1867/1867/1867
f 1869/1869/1869 1870/1870/1870 1871/1871/1871
f 1873/1873/1873 1874/1874/1874 1875/1875/1875
f 1873/1873/1873 1875/1875/1875 1876/1876/1876
f 1877/1877/1877 1879/1879/1879 1881/1881/1881
f 1883/1883/1883 1884/1884/1884 1885/1885/1885
f 1883/1883/1883 1885/1885/1885 1886/1886/1886
f 1897/1897/1897 1899/1899/1899 1900/1900/1900
f 1902/1902/1902 1903/1903/1903 1904/1904/1904
f 1901/1901/1901 1905/1905/1905 1906/1906/1906
f 1907/1907/1907 1908/1908/1908 1909/1909/1909
f 1907/1907/1907 1909/1909/1909 1910/1910/1910
f 1911/1911/1911 1912/1912/1912 1913/1913/1913
f 1919/1919/1919 1920/1920/1920 1921/1921/1921
f 1919/1919/1919 1921/1921/1921 1922/1922/1922
f 1929/1929/1929 1930/1930/1930 1931/1931/1931
f 1933/1933/1933 1934/1934/1934 1935/1935/1935
f 1937/1937/1937 1938/1938/1938 1939/1939/1939
f 1941/1941/1941 1942/1942/1942 1943/1943/1943
f 1941/1941/1941 1943/1943/1943 1944/1944/1944
f 1950/1950/1950 1952/1952/1952 1954/1954/1954
f 1961/1961/1961 1963/1963/1963 1964/1964/1964
f 1969/1969/1969 1970/1970/1970 1971/1971/1971
f 1977/1977/1977 1978/1978/1978 1979/1979/1979
f 1985/1985/1985 1986/1986/1986 1987/1987/1987
f 1989/1989/1989 1990/1990/1990 1991/1991/1991
f 1997/1997/1997 1999/1999/1999 2000/2000/2000
f 2001/2001/2001 2003/2003/2003 2004/2004/2004
f 2005/2005/2005 2006/2006/2006 2007/2007/2007
f 2005/2005/2005 2007/2007/2007 2008/2008/2008
f 2009/2009/2009 2011/2011/2011 2012/2012/2012
f 2013/2013/2013 2015/2015/2015 2016/2016/2016
f 2017/2017/2017 2018/2018/2018 2019/2019/2019
f 2021/2021/2021 2022/2022/2022 2023/2023/2023
f 2025/2025/2025 2026/2026/2026 2027/2027/2027
f 2029/2029/2029 2030/2030/2030 2031/2031/2031
f 2033/2033/2033 2034/2034/2034 2035/2035/2035
f 2049/2049/2049 2050/2050/2050 2051/2051/2051
f 2053/2053/2053 2054/2054/2054 2055/2055/2055
f 2053/2053/2053 2055/2055/2055 2056/2056/2056
f 2065/2065/2065 2067/2067/2067 2068/2068/2068
f 2073/2073/2073 2074/2074/2074 2075/2075/2075
f 2073/2073/2073 2075/2075/2075 2076/2076/2076
f 2081/2081/2081 2083/2083/2083 2084/2084/2084
f 2085/2085/2085 2087/2087/2087 2088/2088/2088
f 2089/2089/2089 2090/2090/2090 2091/2091/2091
f 2089/2089/2089 2091/2091/2091 2092/2092/2092
f 2093/2093/2093 2095/2095/2095 2096/2096/2096
f 2097/2097/2097 2098/2098/2098 2099/2099/2099
f 2097/2097/2097 2099/2099/2099 2100/2100/2100
f 2101/2101/2101 2102/2102/2102 2103/2103/2103
f 2105/2105/2105 2106/2106/2106 2107/2107/2107
f 2114/2114/2114 2115/2115/2115 2116/2116/2116
f 2113/2113/2113 2117/2117/2117 2118/2118/2118
f 2119/2119/2119 2120/2120/2120 2121/2121/2121
f 2123/2123/2123 2125/2125/2125 2126/2126/2126
f 2131/2131/2131 2133/2133/2133 2134/2134/2134
f 2137/2137/2137 2138/2138/2138 2139/2139/2139
f 2137/2137/2137 2139/2139/2139 2140/2140/2140
f 2141/2141/2141 2143/2143/2143 2144/2144/2144
f 2145/2145/2145 2147/2147/2147 2148/2148/2148
f 2149/2149/2149 2150/2150/2150 2151/2151/2151
f 2149/2149/2149 2151/2151/2151 2152/2152/2152
f 2157/2157/2157 2158/2158/2158 2159/2159/2159
f 2161/2161/2161 2163/2163/2163 2164/2164/2164
f 2165/2165/2165 2167/2167/2167 2168/2168/2168
f 2173/2173/2173 2175/2175/2175 2176/2176/2176
f 2189/2189/2189 2190/2190/2190 2191/2191/2191
f 2189/2189/2189 2191/2191/2191 2192/2192/2192
f 2193/2193/2193 2194/2194/2194 2195/2195/2195
f 2193/2193/2193 2195/2195/2195 2196/2196/2196
f 2201/2201/2201 2203/2203/2203 2204/2204/2204
f 2205/2205/2205 2206/2206/2206 2207/2207/2207
f 2205/2205/2205 2207/2207/2207 2208/2208/2208
f 2221/2221/2221 2222/2222/2222 2223/2223/2223
f 2221/2221/2221 2223/2223/2223 2224/2224/2224
f 2229/2229/2229 2230/2230/2230 2231/2231/2231
f 2233/2233/2233 2234/2234/2234 2235/2235/2235
f 2233/2233/2233 2235/2235/2235 2236/2236/2236
f 2238/2238/2238 2239/2239/2239 2240/2240/2240
f 2243/2243/2243 2245/2245/2245 2246/2246/2246
f 2247/2247/2247 2248/2248/2248 2249/2249/2249
f 2251/2251/2251 2252/2252/2252 2253/2253/2253
f 2251/2251/2251 2253/2253/2253 2254/2254/2254
f 2259/2259/2259 2260/2260/2260 2261/2261/2261
f 2259/2259/2259 2261/2261/2261 2262/2262/2262
f 2263/2263/2263 2264/2264/2264 2265/2265/2265
f 2267/2267/2267 2268/2268/2268 2269/2269/2269
f 2267/2267/2267 2269/2269/2269 2270/2270/2270
f 2271/2271/2271 2272/2272/2272 2273/2273/2273
f 2275/2275/2275 2276/2276/2276 2277/2277/2277
f 2275/2275/2275 2277/2277/2277 2278/2278/2278
f 2279/2279/2279 2280/2280/2280 2281/2281/2281
f 2283/2283/2283 2284/2284/2284 2285/2285/2285
f 2283/2283/2283 2285/2285/2285 2286/2286/2286
f 2287/2287/2287 2289/2289/2289 2290/2290/2290
f 2291/2291/2291 2292/2292/2292 2293/2293/2293
f 2291/2291/2291 2293/2293/2293 2294/2294/2294
f 2295/2295/2295 2297/2297/2297 2298/2298/2298
f 2299/2299/2299 2300/2300/2300 2301/2301/2301
f 2303/2303/2303 2304/2304/2304 2305/2305/2305
f 2307/2307/2307 2308/2308/2308 2309/2309/2309
f 2307/2307/2307 2309/2309/2309 2310/2310/2310
f 2311/2311/2311 2313/2313/2313 2314/2314/2314
f 2315/2315/2315 2317/2317/2317 2318/2318/2318
f 2323/2323/2323 2324/2324/2324 2325/2325/2325
f 2331/2331/2331 2332/2332/2332 2333/2333/2333
f 2335/2335/2335 2336/2336/2336 2337/2337/2337
f 2339/2339/2339 2340/2340/2340 2341/2341/2341
f 2343/2343/2343 2344/2344/2344 2345/2345/2345
f 2351/2351/2351 2352/2352/2352 2353/2353/2353
f 2355/2355/2355 2356/2356/2356 2357/2357/2357
f 2355/2355/2355 2357/2357/2357 2358/2358/2358
f 2363/2363/2363 2365/2365/2365 2366/2366/2366
f 2367/2367/2367 2368/2368/2368 2369/2369/2369
f 2371/2371/2371 2372/2372/2372 2373/2373/2373
f 2379/2379/2379 2380/2380/2380 2381/2381/2381
f 2387/2387/2387 2389/2389/2389 2390/2390/2390
f 2391/2391/2391 2392/2392/2392 2393/2393/2393
f 2396/2396/2396 2397/2397/2397 2398/2398/2398
f 2395/2395/2395 2399/2399/2399 2400/2400/2400
f 2401/2401/2401 2402/2402/2402 2403/2403/2403
f 2405/2405/2405 2406/2406/2406 2407/2407/2407
f 2409/2409/2409 2411/2411/2411 2412/2412/2412
f 2413/2413/2413 2415/2415/2415 2416/2416/2416
f 2421/2421/2421 2422/2422/2422 2423/2423/2423
f 2421/2421/2421 2423/2423/2423 2424/2424/2424
f 2425/2425/2425 2426/2426/2426 2427/2427/2427
f 2433/2433/2433 2434/2434/2434 2435/2435/2435
f 2441/2441/2441 2443/2443/2443 2444/2444/2444
f 2445/2445/2445 2447/2447/2447 2448/2448/2448
f 2449/2449/2449 2450/2450/2450 2451/2451/2451
f 2449/2449/2449 2451/2451/2451 2452/2452/2452
f 2453/2453/2453 2455/2455/2455 2456/2456/2456
f 2457/2457/2457 2458/2458/2458 2459/2459/2459
f 2461/2461/2461 2462/2462/2462 2463/2463/2463
f 2461/2461/2461 2463/2463/2463 2464/2464/2464
f 2465/2465/2465 2466/2466/2466 2467/2467/2467
f 2465/2465/2465 2467/2467/2467 2468/2468/2468
f 2473/2473/2473 2474/2474/2474 2475/2475/2475
f 2477/2477/2477 2479/2479/2479 2480/2480/2480
f 2481/2481/2481 2482/2482/2482 2483/2483/2483
f 2481/2481/2481 2483/2483/2483 2484/2484/2484
f 2485/2485/2485 2487/2487/2487 2488/2488/2488
f 2493/2493/2493 2495/2495/2495 2496/2496/2496
f 2497/2497/2497 2498/2498/2498 2499/2499/2499
f 2501/2501/2501 2502/2502/2502 2503/2503/2503
f 2501/2501/2501 2503/2503/2503 2504/2504/2504
f 2505/2505/2505 2506/2506/2506 2507/2507/2507
f 2505/2505/2505 2507/2507/2507 2508/2508/2508
f 2510/2510/2510 2513/2513/2513 2514/2514/2514
f 2519/2519/2519 2521/2521/2521 2522/2522/2522
f 2523/2523/2523 2524/2524/2524 2525/2525/2525
f 2523/2523/2523 2525/2525/2525 2526/2526/2526
f 2527/2527/2527 2529/2529/2529 2530/2530/2530
f 2535/2535/2535 2536/2536/2536 2537/2537/2537
f 2535/2535/2535 2537/2537/2537 2538/2538/2538
f 2539/2539/2539 2540/2540/2540 2541/2541/2541
f 2543/2543/2543 2544/2544/2544 2545/2545/2545
f 2543/2543/2543 2545/2545/2545 2546/2546/2546
f 2547/2547/2547 2548/2548/2548 2549/2549/2549
f 2555/2555/2555 2556/2556/2556 2557/2557/2557
f 2559/2559/2559 2560/2560/2560 2561/2561/2561
f 2563/2563/2563 2564/2564/2564 2565/2565/2565
f 2568/2568/2568 2569/2569/2569 2571/2571/2571
f 2567/2567/2567 2570/2570/2570 2572/2572/2572
f 2573/2573/2573 2574/2574/2574 2575/2575/2575
f 2581/2581/2581 2582/2582/2582 2583/2583/2583
f 2581/2581/2581 2583/2583/2583 2584/2584/2584
f 2591/2591/2591 2592/2592/2592 2593/2593/2593
f 2591/2591/2591 2593/2593/2593 2594/2594/2594
f 2599/2599/2599 2600/2600/2600 2601/2601/2601
f 2603/2603/2603 2604/2604/2604 2605/2605/2605
f 2611/2611/2611 2613/2613/2613 2614/2614/2614
f 2615/2615/2615 2617/2617/2617 2618/2618/2618
f 2623/2623/2623 2625/2625/2625 2626/2626/2626
f 2629/2629/2629 2630/2630/2630 2631/2631/2631
f 2633/2633/2633 2634/2634/2634 2635/2635/2635
f 2633/2633/2633 2635/2635/2635 2636/2636/2636
f 2637/2637/2637 2639/2639/2639 2641/2641/2641
f 2638/2638/2638 2640/2640/2640 2642/2642/2642
f 2643/2643/2643 2645/2645/2645 2646/2646/2646
f 2647/2647/2647 2648/2648/2648 2649/2649/2649
f 2647/2647/2647 2649/2649/2649 2650/2650/2650
f 2651/2651/2651 2653/2653/2653 2654/2654/2654
f 2659/2659/2659 2661/2661/2661 2662/2662/2662
f 2663/2663/2663 2665/2665/2665 2666/2666/2666
f 2667/2667/2667 2668/2668/2668 2669/2669/2669
f 2667/2667/2667 2669/2669/2669 2670/2670/2670
f 2671/2671/2671 2673/2673/2673 2674/2674/2674
f 2679/2679/2679 2680/2680/2680 2681/2681/2681
f 2679/2679/2679 2681/2681/2681 2682/2682/2682
f 2683/2683/2683 2685/2685/2685 2686/2686/2686
f 2687/2687/2687 2689/2689/2689 2690/2690/2690
f 2697/2697/2697 2699/2699/2699 2701/2701/2701
f 2698/2698/2698 2700/2700/2700 2702/2702/2702
f 2707/2707/2707 2708/2708/2708 2709/2709/2709
f 2711/2711/2711 2712/2712/2712 2713/2713/2713
f 2711/2711/2711 2713/2713/2713 2714/2714/2714
f 2721/2721/2721 2722/2722/2722 2723/2723/2723
f 2721/2721/2721 2723/2723/2723 2724/2724/2724
f 2725/2725/2725 2727/2727/2727 2728/2728/2728
f 2729/2729/2729 2730/2730/2730 2731/2731/2731
f 2737/2737/2737 2738/2738/2738 2739/2739/2739
f 2737/2737/2737 2739/2739/2739 2740/2740/2740
f 2745/2745/2745 2747/2747/2747 2748/2748/2748
f 2749/2749/2749 2750/2750/2750 2751/2751/2751
f 2749/2749/2749 2751/2751/2751 2752/2752/2752
f 2753/2753/2753 2754/2754/2754 2755/2755/2755
f 2761/2761/2761 2762/2762/2762 2763/2763/2763
f 2761/2761/2761 2763/2763/2763 2764/2764/2764
f 2769/2769/2769 2770/2770/2770 2771/2771/2771
f 2777/2777/2777 2778/2778/2778 2779/2779/2779
f 2777/2777/2777 2779/2779/2779 2780/2780/2780
f 2781/2781/2781 2782/2782/2782 2783/2783/2783
f 2789/2789/2789 2791/2791/2791 2792/2792/2792
f 2797/2797/2797 2798/2798/2798 2799/2799/2799
f 2801/2801/2801 2802/2802/2802 2803/2803/2803
f 2805/2805/2805 2806/2806/2806 2807/2807/2807
f 2805/2805/2805 2807/2807/2807 2808/2808/2808
f 2809/2809/2809 2810/2810/2810 2811/2811/2811
f 2813/2813/2813 2814/2814/2814 2815/2815/2815
f 2817/2817/2817 2818/2818/2818 2819/2819/2819
f 2825/2825/2825 2826/2826/2826 2827/2827/2827
f 2833/2833/2833 2834/2834/2834 2835/2835/2835
f 2837/2837/2837 2838/2838/2838 2839/2839/2839
f 2837/2837/2837 2839/2839/2839 2840/2840/2840
f 2841/2841/2841 2843/2843/2843 2844/2844/2844
f 2845/2845/2845 2847/2847/2847 2848/2848/2848
f 2857/2857/2857 2860/2860/2860 2862/2862/2862
f 2867/2867/2867 2868/2868/2868 2869/2869/2869
f 2871/2871/2871 2872/2872/2872 2873/2873/2873
f 2871/2871/2871 2873/2873/2873 2874/2874/2874
f 2879/2879/2879 2880/2880/2880 2881/2881/2881
f 2879/2879/2879 2881/2881/2881 2882/2882/2882
f 2883/2883/2883 2885/2885/2885 2886/2886/2886
f 2887/2887/2887 2889/2889/2889 2890/2890/2890
f 2891/2891/2891 2892/2892/2892 2893/2893/2893
f 2895/2895/2895 2897/2897/2897 2898/2898/2898
f 2899/2899/2899 2900/2900/2900 2901/2901/2901
f 2903/2903/2903 2904/2904/2904 2905/2905/2905
f 2903/2903/2903 2905/2905/2905 2906/2906/2906
f 2907/2907/2907 2909/2909/2909 2910/2910/2910
f 2915/2915/2915 2917/2917/2917 2918/2918/2918
f 2919/2919/2919 2920/2920/2920 2921/2921/2921
f 2919/2919/2919 2921/2921/2921 2922/2922/2922
f 2923/2923/2923 2924/2924/2924 2925/2925/2925
f 2931/2931/2931 2932/2932/2932 2933/2933/2933
f 2931/2931/2931 2933/2933/2933 2934/2934/2934
f 2935/2935/2935 2937/2937/2937 2938/2938/2938
f 2943/2943/2943 2944/2944/2944 2945/2945/2945
f 2943/2943/2943 2945/2945/2945 2946/2946/2946
f 2947/2947/2947 2948/2948/2948 2949/2949/2949
f 2947/2947/2947 2949/2949/2949 2950/2950/2950
f 2951/2951/2951 2953/2953/2953 2954/2954/2954
f 2955/2955/2955 2957/2957/2957 2958/2958/2958
f 2963/2963/2963 2965/2965/2965 2966/2966/2966
f 2967/2967/2967 2969/2969/2969 2970/2970/2970
f 5/5/5 7/7/7 8/8/8
f 15/15/15 17/17/17 18/18/18
f 23/23/23 24/24/24 25/25/25
f 39/39/39 40/40/40 41/41/41
f 43/43/43 45/45/45 46/46/46
f 51/51/51 52/52/52 53/53/53
f 55/55/55 57/57/57 58/58/58
f 59/59/59 61/61/61 62/62/62
f 87/87/87 88/88/88 89/89/89
f 87/87/87 89/89/89 90/90/90
f 91/91/91 92/92/92 93/93/93
f 95/95/95 97/97/97 98/98/98
f 115/115/115 116/116/116 117/117/117
f 127/127/127 128/128/128 129/129/129
f 127/127/127 129/129/129 130/130/130
f 135/135/135 137/137/137 138/138/138
f 139/139/139 140/140/140 141/141/141
f 143/143/143 144/144/144 145/145/145
f 143/143/143 145/145/145 146/146/146
f 147/147/147 148/148/148 149/149/149
f 151/151/151 152/152/152 153/153/153
f 151/151/151 153/153/153 154/154/154
f 167/167/167 169/169/169 170/170/170
f 168/168/168 171/171/171 172/172/172
f 181/181/181 183/183/183 184/184/184
f 185/185/185 187/187/187 188/188/188
f 193/193/193 195/195/195 196/196/196
f 201/201/201 202/202/202 203/203/203
f 213/213/213 215/215/215 216/216/216
f 217/217/217 219/219/219 220/220/220
f 221/221/221 222/222/222 223/223/223
f 237/237/237 239/239/239 240/240/240
f 241/241/241 242/242/242 243/243/243
f 189/189/189 190/190/190 191/191/191
f 303/303/303 304/304/304 305/305/305
f 403/403/403 404/404/404 405/405/405
f 435/435/435 436/436/436 437/437/437
f 447/447/447 449/449/449 450/450/450
f 601/601/601 602/602/602 603/603/603
f 679/679/679 680/680/680 681/681/681
f 923/923/923 924/924/924 925/925/925
f 1057/1057/1057 1058/1058/1058 1059/1059/1059
f 1255/1255/1255 1256/1256/1256 1257/1257/1257
f 1299/1299/1299 1300/1300/1300 1301/1301/1301
f 1311/1311/1311 1312/1312/1312 1313/1313/1313
f 1339/1339/1339 1340/1340/1340 1341/1341/1341
f 1539/1539/1539 1540/1540/1540 1541/1541/1541
f 1663/1663/1663 1664/1664/1664 1665/1665/1665
f 1783/1783/1783 1784/1784/1784 1785/1785/1785
f 1878/1878/1878 1880/1880/1880 1882/1882/1882
f 1887/1887/1887 1888/1888/1888 1889/1889/1889
f 2041/2041/2041 2042/2042/2042 2043/2043/2043
f 2081/2081/2081 2082/2082/2082 2083/2083/2083
f 2085/2085/2085 2086/2086/2086 2087/2087/2087
f 2165/2165/2165 2166/2166/2166 2167/2167/2167
f 2209/2209/2209 2210/2210/2210 2211/2211/2211
f 2287/2287/2287 2288/2288/2288 2289/2289/2289
f 2323/2323/2323 2325/2325/2325 2326/2326/2326
f 2387/2387/2387 2388/2388/2388 2389/2389/2389
f 2409/2409/2409 2410/2410/2410 2411/2411/2411
f 2531/2531/2531 2532/2532/2532 2533/2533/2533
f 2611/2611/2611 2612/2612/2612 2613/2613/2613
f 2659/2659/2659 2660/2660/2660 2661/2661/2661
f 2785/2785/2785 2787/2787/2787 2788/2788/2788
f 59/59/59 60/60/60 61/61/61
f 181/181/181 182/182/182 183/183/183
f 477/477/477 478/478/478 479/479/479
f 545/545/545 546/546/546 547/547/547
f 557/557/557 558/558/558 559/559/559
f 557/557/557 559/559/559 560/560/560
f 573/573/573 575/575/575 576/576/576
f 597/597/597 598/598/598 599/599/599
f 613/613/613 615/615/615 616/616/616
f 647/647/647 648/648/648 649/649/649
f 695/695/695 696/696/696 697/697/697
f 707/707/707 708/708/708 709/709/709
f 723/723/723 724/724/724 725/725/725
f 801/801/801 802/802/802 803/803/803
f 911/911/911 912/912/912 913/913/913
f 967/967/967 968/968/968 969/969/969
f 1045/1045/1045 1046/1046/1046 1047/1047/1047
f 1175/1175/1175 1176/1176/1176 1177/1177/1177
f 1251/1251/1251 1253/1253/1253 1254/1254/1254
f 1419/1419/1419 1420/1420/1420 1421/1421/1421
f 1463/1463/1463 1464/1464/1464 1465/1465/1465
f 1663/1663/1663 1665/1665/1665 1666/1666/1666
f 1707/1707/1707 1708/1708/1708 1709/1709/1709
f 1747/1747/1747 1748/1748/1748 1749/1749/1749
f 1811/1811/1811 1812/1812/1812 1813/1813/1813
f 1857/1857/1857 1858/1858/1858 1859/1859/1859
f 1915/1915/1915 1916/1916/1916 1917/1917/1917
f 1961/1961/1961 1962/1962/1962 1963/1963/1963
f 1997/1997/1997 1998/1998/1998 1999/1999/1999
f 2041/2041/2041 2043/2043/2043 2044/2044/2044
f 2057/2057/2057 2059/2059/2059 2060/2060/2060
f 2181/2181/2181 2182/2182/2182 2183/2183/2183
f 2331/2331/2331 2333/2333/2333 2334/2334/2334
f 2453/2453/2453 2454/2454/2454 2455/2455/2455
f 2785/2785/2785 2786/2786/2786 2787/2787/2787
f 2793/2793/2793 2794/2794/2794 2795/2795/2795
f 2907/2907/2907 2908/2908/2908 2909/2909/2909
f 103/103/103 104/104/104 105/105/105
f 225/225/225 226/226/226 227/227/227
