# ABC bottle geometry; canonical radius 1 and height 1, bottom z=0.
# https://github.com/mikedh/trimesh
v 0.82983094943 1.6949931026e-06 0.611204198168
v 0.821202283222 1.6949931026e-06 0.616356907485
v 0.817428908765 -0.0787119297952 0.616356907485
v 0.826031222628 -0.0795299398627 0.611204198168
v 0.845848122554 1.6949931026e-06 0.601143739455
v 0.82983094943 1.6949931026e-06 0.611204198168
v 0.826031222628 -0.0795299398627 0.611204198168
v 0.841942794484 -0.0810604226914 0.601143739455
v 0.865453947867 1.6949931026e-06 0.588151708961
v 0.845848122554 1.6949931026e-06 0.601143739455
v 0.841942794484 -0.0810604226914 0.601143739455
v 0.861469498798 -0.0829602860924 0.588151708961
v 0.884927883529 1.6949931026e-06 0.574208351957
v 0.865453947867 1.6949931026e-06 0.588151708961
v 0.861469498798 -0.0829602860924 0.588151708961
v 0.880837833191 -0.0848073808403 0.574208351957
v 0.900443658504 1.6949931026e-06 0.561289816367
v 0.884927883529 1.6949931026e-06 0.574208351957
v 0.880837833191 -0.0848073808403 0.574208351957
v 0.896300839513 -0.0863115113234 0.561289816367
v 0.911948568103 1.6949931026e-06 0.549383849741
v 0.900443658504 1.6949931026e-06 0.561289816367
v 0.896300839513 -0.0863115113234 0.561289816367
v 0.907752980459 -0.0873933646569 0.549383849741
v 0.922028532179 1.6949931026e-06 0.537077768386
v 0.911948568103 1.6949931026e-06 0.549383849741
v 0.907752980459 -0.0873933646569 0.549383849741
v 0.917780175882 -0.088369680684 0.537077768386
v 0.930314170161 1.6949931026e-06 0.524575687425
v 0.922028532179 1.6949931026e-06 0.537077768386
v 0.917780175882 -0.088369680684 0.537077768386
v 0.926039461518 -0.0891613384059 0.524575687425
v 0.936567991127 1.6949931026e-06 0.512085868809
v 0.930314170161 1.6949931026e-06 0.524575687425
v 0.926039461518 -0.0891613384059 0.524575687425
v 0.932266866177 -0.0897682738607 0.512085868809
v 0.940473319198 1.6949931026e-06 0.499808360009
v 0.936567991127 1.6949931026e-06 0.512085868809
v 0.932266866177 -0.0897682738607 0.512085868809
v 0.936145841902 -0.0901376544331 0.499808360009
v 0.940895532386 1.6949931026e-06 0.48642028244
v 0.940473319198 1.6949931026e-06 0.499808360009
v 0.936145841902 -0.0901376544331 0.499808360009
v 0.936567991127 -0.0901904230862 0.48642028244
v 0.93799293665 1.6949931026e-06 0.471639908936
v 0.940895532386 1.6949931026e-06 0.48642028244
v 0.936567991127 -0.0901904230862 0.48642028244
v 0.933665395392 -0.0899001635127 0.471639908936
v 0.933559858085 1.6949931026e-06 0.457586299679
v 0.93799293665 1.6949931026e-06 0.471639908936
v 0.933665395392 -0.0899001635127 0.471639908936
v 0.929258733135 -0.0894779503251 0.457586299679
v 0.929390622787 1.6949931026e-06 0.446366282193
v 0.933559858085 1.6949931026e-06 0.457586299679
v 0.929258733135 -0.0894779503251 0.457586299679
v 0.925115914144 -0.0890821534451 0.446366282193
v 0.923347940395 1.6949931026e-06 0.440098916659
v 0.929390622787 1.6949931026e-06 0.446366282193
v 0.925115914144 -0.0890821534451 0.446366282193
v 0.923057680821 -0.0888710788324 0.440098916659
v 0.826031222628 -0.0795299398627 0.611204198168
v 0.817428908765 -0.0787119297952 0.616356907485
v 0.793231634966 -0.212548841027 0.616356907485
v 0.801570041601 -0.21476538031 0.611204198168
v 0.841942794484 -0.0810604226914 0.601143739455
v 0.826031222628 -0.0795299398627 0.611204198168
v 0.801570041601 -0.21476538031 0.611204198168
v 0.817033111885 -0.2189081993 0.601143739455
v 0.861469498798 -0.0829602860924 0.588151708961
v 0.841942794484 -0.0810604226914 0.601143739455
v 0.817033111885 -0.2189081993 0.601143739455
v 0.835979233091 -0.224000918011 0.588151708961
v 0.880837833191 -0.0848073808403 0.574208351957
v 0.861469498798 -0.0829602860924 0.588151708961
v 0.835979233091 -0.224000918011 0.588151708961
v 0.854767048336 -0.22904093203 0.574208351957
v 0.896300839513 -0.0863115113234 0.561289816367
v 0.880837833191 -0.0848073808403 0.574208351957
v 0.854767048336 -0.22904093203 0.574208351957
v 0.869781489125 -0.233051797407 0.561289816367
v 0.907752980459 -0.0873933646569 0.549383849741
v 0.896300839513 -0.0863115113234 0.561289816367
v 0.869781489125 -0.233051797407 0.561289816367
v 0.880890601844 -0.236033578103 0.549383849741
v 0.917780175882 -0.088369680684 0.537077768386
v 0.907752980459 -0.0873933646569 0.549383849741
v 0.880890601844 -0.236033578103 0.549383849741
v 0.890601185348 -0.238645978228 0.537077768386
v 0.926039461518 -0.0891613384059 0.524575687425
v 0.917780175882 -0.088369680684 0.537077768386
v 0.890601185348 -0.238645978228 0.537077768386
v 0.898622916102 -0.240783332549 0.524575687425
v 0.932266866177 -0.0897682738607 0.512085868809
v 0.926039461518 -0.0891613384059 0.524575687425
v 0.898622916102 -0.240783332549 0.524575687425
v 0.904665662456 -0.242392936376 0.512085868809
v 0.936145841902 -0.0901376544331 0.499808360009
v 0.932266866177 -0.0897682738607 0.512085868809
v 0.904665662456 -0.242392936376 0.512085868809
v 0.908439036912 -0.243422085019 0.499808360009
v 0.936567991127 -0.0901904230862 0.48642028244
v 0.936145841902 -0.0901376544331 0.499808360009
v 0.908439036912 -0.243422085019 0.499808360009
v 0.908834833792 -0.243527622325 0.48642028244
v 0.933665395392 -0.0899001635127 0.471639908936
v 0.936567991127 -0.0901904230862 0.48642028244
v 0.908834833792 -0.243527622325 0.48642028244
v 0.906037775363 -0.242762380911 0.471639908936
v 0.929258733135 -0.0894779503251 0.457586299679
v 0.933665395392 -0.0899001635127 0.471639908936
v 0.906037775363 -0.242762380911 0.471639908936
v 0.901736650412 -0.241627758924 0.457586299679
v 0.925115914144 -0.0890821534451 0.446366282193
v 0.929258733135 -0.0894779503251 0.457586299679
v 0.901736650412 -0.241627758924 0.457586299679
v 0.897725785035 -0.240545841629 0.446366282193
v 0.923057680821 -0.0888710788324 0.440098916659
v 0.925115914144 -0.0890821534451 0.446366282193
v 0.897725785035 -0.240545841629 0.446366282193
v 0.895720320366 -0.240018091135 0.440098916659
v 0.747264829187 -0.340554080518 0.616356907485
v 0.711193201254 -0.410612622791 0.616356907485
v 0.718660829169 -0.414913811703 0.611204198168
v 0.755128253981 -0.34414279667 0.611204198168
v 0.755128253981 -0.34414279667 0.611204198168
v 0.718660829169 -0.414913811703 0.611204198168
v 0.732514231664 -0.422935542457 0.601143739455
v 0.769694065275 -0.350765998209 0.601143739455
v 0.769694065275 -0.350765998209 0.601143739455
v 0.732514231664 -0.422935542457 0.601143739455
v 0.749507720815 -0.432725310922 0.588151708961
v 0.787531980801 -0.358893330231 0.588151708961
v 0.787531980801 -0.358893330231 0.588151708961
v 0.749507720815 -0.432725310922 0.588151708961
v 0.766369256352 -0.442462246771 0.574208351957
v 0.805237942713 -0.3669678936 0.574208351957
v 0.805237942713 -0.3669678936 0.574208351957
v 0.766369256352 -0.442462246771 0.574208351957
v 0.779826861966 -0.450220134259 0.561289816367
v 0.81938154082 -0.373406436834 0.561289816367
v 0.81938154082 -0.373406436834 0.561289816367
v 0.81938154082 -0.373406436834 0.561289816367
v 0.779826861966 -0.450220134259 0.561289816367
v 0.789774872429 -0.455972621039 0.549383849741
v 0.789774872429 -0.455972621039 0.549383849741
v 0.829857365738 -0.378182543625 0.549383849741
v 0.829857365738 -0.378182543625 0.549383849741
v 0.789774872429 -0.455972621039 0.549383849741
v 0.798482723598 -0.461012571096 0.537077768386
v 0.838987430095 -0.382351714961 0.537077768386
v 0.838987430095 -0.382351714961 0.537077768386
v 0.798482723598 -0.461012571096 0.537077768386
v 0.805686508246 -0.465155390087 0.524575687425
v 0.846560595315 -0.385808477499 0.524575687425
v 0.846560595315 -0.385808477499 0.524575687425
v 0.805686508246 -0.465155390087 0.524575687425
v 0.811095902838 -0.468295476743 0.512085868809
v 0.852233897135 -0.388394461315 0.512085868809
v 0.852233897135 -0.388394461315 0.512085868809
v 0.811095902838 -0.468295476743 0.512085868809
v 0.814473480414 -0.47024817276 0.499808360009
v 0.855796196979 -0.390004065143 0.499808360009
v 0.855796196979 -0.390004065143 0.499808360009
v 0.814473480414 -0.47024817276 0.499808360009
v 0.814842924949 -0.470459247372 0.48642028244
v 0.856191993859 -0.39018878741 0.48642028244
v 0.856191993859 -0.39018878741 0.48642028244
v 0.814842924949 -0.470459247372 0.48642028244
v 0.812336126093 -0.469007949505 0.471639908936
v 0.853526889043 -0.388974980462 0.471639908936
v 0.853526889043 -0.388974980462 0.471639908936
v 0.812336126093 -0.469007949505 0.471639908936
v 0.808483566676 -0.466765057877 0.457586299679
v 0.849489607359 -0.387127885715 0.457586299679
v 0.849489607359 -0.387127885715 0.457586299679
v 0.808483566676 -0.466765057877 0.457586299679
v 0.804868498179 -0.464706824554 0.446366282193
v 0.84571616894 -0.385412680619 0.446366282193
v 0.84571616894 -0.385412680619 0.446366282193
v 0.804868498179 -0.464706824554 0.446366282193
v 0.799643761892 -0.461672275204 0.440098916659
v 0.843816305539 -0.384541901898 0.440098916659
v 0.793231634966 -0.212548841027 0.616356907485
v 0.747264829187 -0.340554080518 0.616356907485
v 0.755128253981 -0.34414279667 0.611204198168
v 0.801570041601 -0.21476538031 0.611204198168
v 0.801570041601 -0.21476538031 0.611204198168
v 0.755128253981 -0.34414279667 0.611204198168
v 0.769694065275 -0.350765998209 0.601143739455
v 0.817033111885 -0.2189081993 0.601143739455
v 0.817033111885 -0.2189081993 0.601143739455
v 0.769694065275 -0.350765998209 0.601143739455
v 0.787531980801 -0.358893330231 0.588151708961
v 0.835979233091 -0.224000918011 0.588151708961
v 0.835979233091 -0.224000918011 0.588151708961
v 0.787531980801 -0.358893330231 0.588151708961
v 0.805237942713 -0.3669678936 0.574208351957
v 0.854767048336 -0.22904093203 0.574208351957
v 0.854767048336 -0.22904093203 0.574208351957
v 0.854767048336 -0.22904093203 0.574208351957
v 0.805237942713 -0.3669678936 0.574208351957
v 0.81938154082 -0.373406436834 0.561289816367
v 0.81938154082 -0.373406436834 0.561289816367
v 0.869781489125 -0.233051797407 0.561289816367
v 0.869781489125 -0.233051797407 0.561289816367
v 0.81938154082 -0.373406436834 0.561289816367
v 0.829857365738 -0.378182543625 0.549383849741
v 0.880890601844 -0.236033578103 0.549383849741
v 0.880890601844 -0.236033578103 0.549383849741
v 0.829857365738 -0.378182543625 0.549383849741
v 0.838987430095 -0.382351714961 0.537077768386
v 0.890601185348 -0.238645978228 0.537077768386
v 0.890601185348 -0.238645978228 0.537077768386
v 0.838987430095 -0.382351714961 0.537077768386
v 0.846560595315 -0.385808477499 0.524575687425
v 0.898622916102 -0.240783332549 0.524575687425
v 0.898622916102 -0.240783332549 0.524575687425
v 0.846560595315 -0.385808477499 0.524575687425
v 0.852233897135 -0.388394461315 0.512085868809
v 0.904665662456 -0.242392936376 0.512085868809
v 0.904665662456 -0.242392936376 0.512085868809
v 0.852233897135 -0.388394461315 0.512085868809
v 0.855796196979 -0.390004065143 0.499808360009
v 0.908439036912 -0.243422085019 0.499808360009
v 0.908439036912 -0.243422085019 0.499808360009
v 0.855796196979 -0.390004065143 0.499808360009
v 0.856191993859 -0.39018878741 0.48642028244
v 0.908834833792 -0.243527622325 0.48642028244
v 0.908834833792 -0.243527622325 0.48642028244
v 0.856191993859 -0.39018878741 0.48642028244
v 0.853526889043 -0.388974980462 0.471639908936
v 0.906037775363 -0.242762380911 0.471639908936
v 0.906037775363 -0.242762380911 0.471639908936
v 0.853526889043 -0.388974980462 0.471639908936
v 0.849489607359 -0.387127885715 0.457586299679
v 0.901736650412 -0.241627758924 0.457586299679
v 0.901736650412 -0.241627758924 0.457586299679
v 0.849489607359 -0.387127885715 0.457586299679
v 0.84571616894 -0.385412680619 0.446366282193
v 0.897725785035 -0.240545841629 0.446366282193
v 0.897725785035 -0.240545841629 0.446366282193
v 0.84571616894 -0.385412680619 0.446366282193
v 0.843816305539 -0.384541901898 0.440098916659
v 0.895720320366 -0.240018091135 0.440098916659
v 0.718660829169 -0.414913811703 0.611204198168
v 0.711193201254 -0.410612622791 0.616356907485
v 0.668551204398 -0.476871438261 0.616356907485
v 0.675596619125 -0.481885035972 0.611204198168
v 0.732514231664 -0.422935542457 0.601143739455
v 0.718660829169 -0.414913811703 0.611204198168
v 0.675596619125 -0.481885035972 0.611204198168
v 0.688605595245 -0.491173406289 0.601143739455
v 0.749507720815 -0.432725310922 0.588151708961
v 0.732514231664 -0.422935542457 0.601143739455
v 0.688605595245 -0.491173406289 0.601143739455
v 0.704596352061 -0.502572714619 0.588151708961
v 0.766369256352 -0.442462246771 0.574208351957
v 0.749507720815 -0.432725310922 0.588151708961
v 0.704596352061 -0.502572714619 0.588151708961
v 0.720428802918 -0.513866549605 0.574208351957
v 0.779826861966 -0.450220134259 0.561289816367
v 0.766369256352 -0.442462246771 0.574208351957
v 0.720428802918 -0.513866549605 0.574208351957
v 0.733068398465 -0.522891012693 0.561289816367
v 0.789774872429 -0.455972621039 0.549383849741
v 0.779826861966 -0.450220134259 0.561289816367
v 0.733068398465 -0.522891012693 0.561289816367
v 0.74243588978 -0.529567046848 0.549383849741
v 0.798482723598 -0.461012571096 0.537077768386
v 0.789774872429 -0.455972621039 0.549383849741
v 0.74243588978 -0.529567046848 0.549383849741
v 0.750615990456 -0.535425070934 0.537077768386
v 0.805686508246 -0.465155390087 0.524575687425
v 0.798482723598 -0.461012571096 0.537077768386
v 0.750615990456 -0.535425070934 0.537077768386
v 0.757397561916 -0.540227530071 0.524575687425
v 0.811095902838 -0.468295476743 0.512085868809
v 0.805686508246 -0.465155390087 0.524575687425
v 0.757397561916 -0.540227530071 0.524575687425
v 0.762490344589 -0.543869014876 0.512085868809
v 0.814473480414 -0.47024817276 0.499808360009
v 0.811095902838 -0.468295476743 0.512085868809
v 0.762490344589 -0.543869014876 0.512085868809
v 0.765656847552 -0.546138322811 0.499808360009
v 0.814842924949 -0.470459247372 0.48642028244
v 0.814473480414 -0.47024817276 0.499808360009
v 0.765656847552 -0.546138322811 0.499808360009
v 0.765999875779 -0.546375813731 0.48642028244
v 0.812336126093 -0.469007949505 0.471639908936
v 0.812336126093 -0.469007949505 0.471639908936
v 0.814842924949 -0.470459247372 0.48642028244
v 0.765999875779 -0.546375813731 0.48642028244
v 0.765999875779 -0.546375813731 0.48642028244
v 0.763624966575 -0.544687024943 0.471639908936
v 0.808483566676 -0.466765057877 0.457586299679
v 0.812336126093 -0.469007949505 0.471639908936
v 0.763624966575 -0.544687024943 0.471639908936
v 0.760009898078 -0.542127457434 0.457586299679
v 0.804868498179 -0.464706824554 0.446366282193
v 0.808483566676 -0.466765057877 0.457586299679
v 0.760009898078 -0.542127457434 0.457586299679
v 0.756632320502 -0.539699843539 0.446366282193
v 0.799643761892 -0.461672275204 0.440098916659
v 0.804868498179 -0.464706824554 0.446366282193
v 0.756632320502 -0.539699843539 0.446366282193
v 0.754943531714 -0.53848597263 0.440098916659
v 0.675596619125 -0.481885035972 0.611204198168
v 0.668551204398 -0.476871438261 0.616356907485
v 0.580681162908 -0.580679467915 0.616356907485
v 0.586776613953 -0.58677491896 0.611204198168
v 0.688605595245 -0.491173406289 0.601143739455
v 0.675596619125 -0.481885035972 0.611204198168
v 0.586776613953 -0.58677491896 0.611204198168
v 0.598096801284 -0.598095106291 0.601143739455
v 0.704596352061 -0.502572714619 0.588151708961
v 0.688605595245 -0.491173406289 0.601143739455
v 0.598096801284 -0.598095106291 0.601143739455
v 0.611976620087 -0.611974925094 0.588151708961
v 0.720428802918 -0.513866549605 0.574208351957
v 0.704596352061 -0.502572714619 0.588151708961
v 0.611976620087 -0.611974925094 0.588151708961
v 0.625724421313 -0.62572272632 0.574208351957
v 0.733068398465 -0.522891012693 0.561289816367
v 0.720428802918 -0.513866549605 0.574208351957
v 0.625724421313 -0.62572272632 0.574208351957
v 0.636727996725 -0.636726301732 0.561289816367
v 0.74243588978 -0.529567046848 0.549383849741
v 0.733068398465 -0.522891012693 0.561289816367
v 0.636727996725 -0.636726301732 0.561289816367
v 0.644855328748 -0.644853633754 0.549383849741
v 0.750615990456 -0.535425070934 0.537077768386
v 0.74243588978 -0.529567046848 0.549383849741
v 0.644855328748 -0.644853633754 0.549383849741
v 0.651953512127 -0.651951817134 0.537077768386
v 0.757397561916 -0.540227530071 0.524575687425
v 0.750615990456 -0.535425070934 0.537077768386
v 0.651953512127 -0.651951817134 0.537077768386
v 0.65783788856 -0.657836193567 0.524575687425
v 0.762490344589 -0.543869014876 0.512085868809
v 0.757397561916 -0.540227530071 0.524575687425
v 0.65783788856 -0.657836193567 0.524575687425
v 0.662270967124 -0.662269272131 0.512085868809
v 0.765656847552 -0.546138322811 0.499808360009
v 0.765656847552 -0.546138322811 0.499808360009
v 0.762490344589 -0.543869014876 0.512085868809
v 0.662270967124 -0.662269272131 0.512085868809
v 0.662270967124 -0.662269272131 0.512085868809
v 0.6650152569 -0.665013561907 0.499808360009
v 0.765999875779 -0.546375813731 0.48642028244
v 0.765656847552 -0.546138322811 0.499808360009
v 0.6650152569 -0.665013561907 0.499808360009
v 0.665305516474 -0.665330237788 0.48642028244
v 0.763624966575 -0.544687024943 0.471639908936
v 0.765999875779 -0.546375813731 0.48642028244
v 0.665305516474 -0.665330237788 0.48642028244
v 0.663273699459 -0.663272004466 0.471639908936
v 0.760009898078 -0.542127457434 0.457586299679
v 0.763624966575 -0.544687024943 0.471639908936
v 0.663273699459 -0.663272004466 0.471639908936
v 0.660133612803 -0.66013191781 0.457586299679
v 0.756632320502 -0.539699843539 0.446366282193
v 0.760009898078 -0.542127457434 0.457586299679
v 0.660133612803 -0.66013191781 0.457586299679
v 0.657178184452 -0.657176489459 0.446366282193
v 0.754943531714 -0.53848597263 0.440098916659
v 0.756632320502 -0.539699843539 0.446366282193
v 0.657178184452 -0.657176489459 0.446366282193
v 0.655700534238 -0.655698839245 0.440098916659
v 0.476873133254 -0.668549509405 0.616356907485
v 0.410614317784 -0.711191506261 0.616356907485
v 0.414915506696 -0.718659134176 0.611204198168
v 0.481886730965 -0.675594924132 0.611204198168
v 0.481886730965 -0.675594924132 0.611204198168
v 0.414915506696 -0.718659134176 0.611204198168
v 0.42293723745 -0.73251253667 0.601143739455
v 0.491175101282 -0.688630316559 0.601143739455
v 0.491175101282 -0.688630316559 0.601143739455
v 0.42293723745 -0.73251253667 0.601143739455
v 0.432727005915 -0.749506025821 0.588151708961
v 0.502574409612 -0.704594657068 0.588151708961
v 0.502574409612 -0.704594657068 0.588151708961
v 0.432727005915 -0.749506025821 0.588151708961
v 0.442463941764 -0.766367561358 0.574208351957
v 0.513868244598 -0.720427107925 0.574208351957
v 0.513868244598 -0.720427107925 0.574208351957
v 0.442463941764 -0.766367561358 0.574208351957
v 0.450221829252 -0.779825166973 0.561289816367
v 0.522892707686 -0.733066703472 0.561289816367
v 0.522892707686 -0.733066703472 0.561289816367
v 0.450221829252 -0.779825166973 0.561289816367
v 0.455974316032 -0.789773177436 0.549383849741
v 0.529568741841 -0.742434194787 0.549383849741
v 0.529568741841 -0.742434194787 0.549383849741
v 0.455974316032 -0.789773177436 0.549383849741
v 0.46101426609 -0.798481028605 0.537077768386
v 0.535426765927 -0.750614295463 0.537077768386
v 0.535426765927 -0.750614295463 0.537077768386
v 0.46101426609 -0.798481028605 0.537077768386
v 0.46515708508 -0.805684813253 0.524575687425
v 0.540229225064 -0.757395866923 0.524575687425
v 0.540229225064 -0.757395866923 0.524575687425
v 0.46515708508 -0.805684813253 0.524575687425
v 0.468297171737 -0.811094207845 0.512085868809
v 0.543870709869 -0.762488649596 0.512085868809
v 0.543870709869 -0.762488649596 0.512085868809
v 0.468297171737 -0.811094207845 0.512085868809
v 0.470249867753 -0.814471785421 0.499808360009
v 0.546140017804 -0.765655152559 0.499808360009
v 0.546140017804 -0.765655152559 0.499808360009
v 0.470249867753 -0.814471785421 0.499808360009
v 0.470460942366 -0.814841229956 0.48642028244
v 0.546377508724 -0.765998180786 0.48642028244
v 0.546377508724 -0.765998180786 0.48642028244
v 0.546377508724 -0.765998180786 0.48642028244
v 0.470460942366 -0.814841229956 0.48642028244
v 0.469009644498 -0.8123344311 0.471639908936
v 0.469009644498 -0.8123344311 0.471639908936
v 0.544688719936 -0.763623271582 0.471639908936
v 0.544688719936 -0.763623271582 0.471639908936
v 0.469009644498 -0.8123344311 0.471639908936
v 0.46676675287 -0.808481871683 0.457586299679
v 0.542129152427 -0.760008203085 0.457586299679
v 0.542129152427 -0.760008203085 0.457586299679
v 0.46676675287 -0.808481871683 0.457586299679
v 0.464708519547 -0.804866803186 0.446366282193
v 0.539701538532 -0.756630625509 0.446366282193
v 0.539701538532 -0.756630625509 0.446366282193
v 0.464708519547 -0.804866803186 0.446366282193
v 0.461673970197 -0.799642066899 0.440098916659
v 0.538487667623 -0.754941836721 0.440098916659
v 0.580681162908 -0.580679467915 0.616356907485
v 0.476873133254 -0.668549509405 0.616356907485
v 0.481886730965 -0.675594924132 0.611204198168
v 0.586776613953 -0.58677491896 0.611204198168
v 0.586776613953 -0.58677491896 0.611204198168
v 0.481886730965 -0.675594924132 0.611204198168
v 0.491175101282 -0.688630316559 0.601143739455
v 0.598096801284 -0.598095106291 0.601143739455
v 0.598096801284 -0.598095106291 0.601143739455
v 0.491175101282 -0.688630316559 0.601143739455
v 0.502574409612 -0.704594657068 0.588151708961
v 0.611976620087 -0.611974925094 0.588151708961
v 0.611976620087 -0.611974925094 0.588151708961
v 0.502574409612 -0.704594657068 0.588151708961
v 0.513868244598 -0.720427107925 0.574208351957
v 0.625724421313 -0.62572272632 0.574208351957
v 0.625724421313 -0.62572272632 0.574208351957
v 0.513868244598 -0.720427107925 0.574208351957
v 0.522892707686 -0.733066703472 0.561289816367
v 0.636727996725 -0.636726301732 0.561289816367
v 0.636727996725 -0.636726301732 0.561289816367
v 0.522892707686 -0.733066703472 0.561289816367
v 0.529568741841 -0.742434194787 0.549383849741
v 0.644855328748 -0.644853633754 0.549383849741
v 0.644855328748 -0.644853633754 0.549383849741
v 0.529568741841 -0.742434194787 0.549383849741
v 0.535426765927 -0.750614295463 0.537077768386
v 0.651953512127 -0.651951817134 0.537077768386
v 0.651953512127 -0.651951817134 0.537077768386
v 0.535426765927 -0.750614295463 0.537077768386
v 0.540229225064 -0.757395866923 0.524575687425
v 0.65783788856 -0.657836193567 0.524575687425
v 0.65783788856 -0.657836193567 0.524575687425
v 0.540229225064 -0.757395866923 0.524575687425
v 0.543870709869 -0.762488649596 0.512085868809
v 0.662270967124 -0.662269272131 0.512085868809
v 0.662270967124 -0.662269272131 0.512085868809
v 0.662270967124 -0.662269272131 0.512085868809
v 0.543870709869 -0.762488649596 0.512085868809
v 0.546140017804 -0.765655152559 0.499808360009
v 0.546140017804 -0.765655152559 0.499808360009
v 0.6650152569 -0.665013561907 0.499808360009
v 0.6650152569 -0.665013561907 0.499808360009
v 0.546140017804 -0.765655152559 0.499808360009
v 0.546377508724 -0.765998180786 0.48642028244
v 0.665305516474 -0.665330237788 0.48642028244
v 0.665305516474 -0.665330237788 0.48642028244
v 0.546377508724 -0.765998180786 0.48642028244
v 0.544688719936 -0.763623271582 0.471639908936
v 0.663273699459 -0.663272004466 0.471639908936
v 0.663273699459 -0.663272004466 0.471639908936
v 0.544688719936 -0.763623271582 0.471639908936
v 0.542129152427 -0.760008203085 0.457586299679
v 0.660133612803 -0.66013191781 0.457586299679
v 0.660133612803 -0.66013191781 0.457586299679
v 0.542129152427 -0.760008203085 0.457586299679
v 0.539701538532 -0.756630625509 0.446366282193
v 0.657178184452 -0.657176489459 0.446366282193
v 0.657178184452 -0.657176489459 0.446366282193
v 0.539701538532 -0.756630625509 0.446366282193
v 0.538487667623 -0.754941836721 0.440098916659
v 0.655700534238 -0.655698839245 0.440098916659
v 0.414915506696 -0.718659134176 0.611204198168
v 0.410614317784 -0.711191506261 0.616356907485
v 0.340555775511 -0.747263134194 0.616356907485
v 0.344118075355 -0.755126558988 0.611204198168
v 0.42293723745 -0.73251253667 0.601143739455
v 0.414915506696 -0.718659134176 0.611204198168
v 0.344118075355 -0.755126558988 0.611204198168
v 0.350767693202 -0.769692370282 0.601143739455
v 0.432727005915 -0.749506025821 0.588151708961
v 0.42293723745 -0.73251253667 0.601143739455
v 0.350767693202 -0.769692370282 0.601143739455
v 0.358895025224 -0.787530285808 0.588151708961
v 0.442463941764 -0.766367561358 0.574208351957
v 0.432727005915 -0.749506025821 0.588151708961
v 0.358895025224 -0.787530285808 0.588151708961
v 0.366969588593 -0.80523624772 0.574208351957
v 0.450221829252 -0.779825166973 0.561289816367
v 0.442463941764 -0.766367561358 0.574208351957
v 0.366969588593 -0.80523624772 0.574208351957
v 0.373408131827 -0.819379845826 0.561289816367
v 0.455974316032 -0.789773177436 0.549383849741
v 0.455974316032 -0.789773177436 0.549383849741
v 0.450221829252 -0.779825166973 0.561289816367
v 0.373408131827 -0.819379845826 0.561289816367
v 0.373408131827 -0.819379845826 0.561289816367
v 0.378184238618 -0.829855670745 0.549383849741
v 0.46101426609 -0.798481028605 0.537077768386
v 0.455974316032 -0.789773177436 0.549383849741
v 0.378184238618 -0.829855670745 0.549383849741
v 0.382353409954 -0.838985735102 0.537077768386
v 0.46515708508 -0.805684813253 0.524575687425
v 0.46101426609 -0.798481028605 0.537077768386
v 0.382353409954 -0.838985735102 0.537077768386
v 0.385810172492 -0.846558900322 0.524575687425
v 0.468297171737 -0.811094207845 0.512085868809
v 0.46515708508 -0.805684813253 0.524575687425
v 0.385810172492 -0.846558900322 0.524575687425
v 0.388396156308 -0.852258554487 0.512085868809
v 0.470249867753 -0.814471785421 0.499808360009
v 0.468297171737 -0.811094207845 0.512085868809
v 0.388396156308 -0.852258554487 0.512085868809
v 0.390005760136 -0.855794501985 0.499808360009
v 0.470460942366 -0.814841229956 0.48642028244
v 0.470249867753 -0.814471785421 0.499808360009
v 0.390005760136 -0.855794501985 0.499808360009
v 0.390190482403 -0.856190298865 0.48642028244
v 0.469009644498 -0.8123344311 0.471639908936
v 0.470460942366 -0.814841229956 0.48642028244
v 0.390190482403 -0.856190298865 0.48642028244
v 0.388976675455 -0.85352519405 0.471639908936
v 0.46676675287 -0.808481871683 0.457586299679
v 0.469009644498 -0.8123344311 0.471639908936
v 0.388976675455 -0.85352519405 0.471639908936
v 0.387129580708 -0.849487912366 0.457586299679
v 0.464708519547 -0.804866803186 0.446366282193
v 0.46676675287 -0.808481871683 0.457586299679
v 0.387129580708 -0.849487912366 0.457586299679
v 0.385414375612 -0.845714473947 0.446366282193
v 0.461673970197 -0.799642066899 0.440098916659
v 0.461673970197 -0.799642066899 0.440098916659
v 0.464708519547 -0.804866803186 0.446366282193
v 0.385414375612 -0.845714473947 0.446366282193
v 0.385414375612 -0.845714473947 0.446366282193
v 0.384543596891 -0.843814610546 0.440098916659
v 0.344118075355 -0.755126558988 0.611204198168
v 0.340555775511 -0.747263134194 0.616356907485
v 0.21255053602 -0.793229939973 0.616356907485
v 0.214767075303 -0.801568346608 0.611204198168
v 0.350767693202 -0.769692370282 0.601143739455
v 0.344118075355 -0.755126558988 0.611204198168
v 0.214767075303 -0.801568346608 0.611204198168
v 0.218909894294 -0.817031416892 0.601143739455
v 0.358895025224 -0.787530285808 0.588151708961
v 0.350767693202 -0.769692370282 0.601143739455
v 0.218909894294 -0.817031416892 0.601143739455
v 0.224002613004 -0.835977538097 0.588151708961
v 0.366969588593 -0.80523624772 0.574208351957
v 0.358895025224 -0.787530285808 0.588151708961
v 0.224002613004 -0.835977538097 0.588151708961
v 0.229042627023 -0.854765353343 0.574208351957
v 0.373408131827 -0.819379845826 0.561289816367
v 0.366969588593 -0.80523624772 0.574208351957
v 0.229042627023 -0.854765353343 0.574208351957
v 0.2330534924 -0.869779794132 0.561289816367
v 0.378184238618 -0.829855670745 0.549383849741
v 0.373408131827 -0.819379845826 0.561289816367
v 0.2330534924 -0.869779794132 0.561289816367
v 0.236035273097 -0.880888906851 0.549383849741
v 0.382353409954 -0.838985735102 0.537077768386
v 0.378184238618 -0.829855670745 0.549383849741
v 0.236035273097 -0.880888906851 0.549383849741
v 0.238647673221 -0.890599490355 0.537077768386
v 0.385810172492 -0.846558900322 0.524575687425
v 0.382353409954 -0.838985735102 0.537077768386
v 0.238647673221 -0.890599490355 0.537077768386
v 0.240785027542 -0.898621221109 0.524575687425
v 0.388396156308 -0.852258554487 0.512085868809
v 0.385810172492 -0.846558900322 0.524575687425
v 0.240785027542 -0.898621221109 0.524575687425
v 0.24239463137 -0.904663967463 0.512085868809
v 0.390005760136 -0.855794501985 0.499808360009
v 0.388396156308 -0.852258554487 0.512085868809
v 0.24239463137 -0.904663967463 0.512085868809
v 0.243423780012 -0.908437341919 0.499808360009
v 0.390190482403 -0.856190298865 0.48642028244
v 0.390005760136 -0.855794501985 0.499808360009
v 0.243423780012 -0.908437341919 0.499808360009
v 0.243529317318 -0.908833138799 0.48642028244
v 0.388976675455 -0.85352519405 0.471639908936
v 0.390190482403 -0.856190298865 0.48642028244
v 0.243529317318 -0.908833138799 0.48642028244
v 0.242764075904 -0.90603608037 0.471639908936
v 0.387129580708 -0.849487912366 0.457586299679
v 0.388976675455 -0.85352519405 0.471639908936
v 0.242764075904 -0.90603608037 0.471639908936
v 0.241629453917 -0.901734955419 0.457586299679
v 0.385414375612 -0.845714473947 0.446366282193
v 0.387129580708 -0.849487912366 0.457586299679
v 0.241629453917 -0.901734955419 0.457586299679
v 0.240547536622 -0.897724090042 0.446366282193
v 0.384543596891 -0.843814610546 0.440098916659
v 0.385414375612 -0.845714473947 0.446366282193
v 0.240547536622 -0.897724090042 0.446366282193
v 0.240019786128 -0.895718625373 0.440098916659
v 0.0787136247883 -0.817427213772 0.616356907485
v 0 -0.821200588229 0.616356907485
v 0 -0.829855670745 0.611204198168
v 0.0795316348558 -0.826029527635 0.611204198168
v 0.0795316348558 -0.826029527635 0.611204198168
v 0 -0.829855670745 0.611204198168
v 0 -0.845846427561 0.601143739455
v 0.0810621176845 -0.841941099491 0.601143739455
v 0.0810621176845 -0.841941099491 0.601143739455
v 0 -0.845846427561 0.601143739455
v 0 -0.865452252874 0.588151708961
v 0.0829619810855 -0.861467803805 0.588151708961
v 0.0829619810855 -0.861467803805 0.588151708961
v 0 -0.865452252874 0.588151708961
v 0 -0.884926188535 0.574208351957
v 0.0848090758334 -0.880836138198 0.574208351957
v 0.0848090758334 -0.880836138198 0.574208351957
v 0 -0.884926188535 0.574208351957
v 0 -0.900441963511 0.561289816367
v 0.0863132063165 -0.89629914452 0.561289816367
v 0.0863132063165 -0.89629914452 0.561289816367
v 0 -0.900441963511 0.561289816367
v 0 -0.911973289417 0.549383849741
v 0.08739505965 -0.907751285466 0.549383849741
v 0.08739505965 -0.907751285466 0.549383849741
v 0 -0.911973289417 0.549383849741
v 0 -0.922026837186 0.537077768386
v 0.0883713756771 -0.917778480889 0.537077768386
v 0.0883713756771 -0.917778480889 0.537077768386
v 0 -0.922026837186 0.537077768386
v 0 -0.930312475168 0.524575687425
v 0.089163033399 -0.926037766525 0.524575687425
v 0.089163033399 -0.926037766525 0.524575687425
v 0 -0.930312475168 0.524575687425
v 0 -0.936566296134 0.512085868809
v 0.0897699688538 -0.932265171184 0.512085868809
v 0.0897699688538 -0.932265171184 0.512085868809
v 0 -0.936566296134 0.512085868809
v 0 -0.940471624205 0.499808360009
v 0.0901393494262 -0.936144146909 0.499808360009
v 0.0901393494262 -0.936144146909 0.499808360009
v 0 -0.940471624205 0.499808360009
v 0 -0.940893837392 0.48642028244
v 0.0901921180794 -0.936566296134 0.48642028244
v 0.0901921180794 -0.936566296134 0.48642028244
v 0 -0.940893837392 0.48642028244
v 0 -0.937991241657 0.471639908936
v 0.0899018585058 -0.933663700399 0.471639908936
v 0.0899018585058 -0.933663700399 0.471639908936
v 0 -0.937991241657 0.471639908936
v 0 -0.933558163092 0.457586299679
v 0.0894796453182 -0.929257038142 0.457586299679
v 0.0894796453182 -0.929257038142 0.457586299679
v 0 -0.933558163092 0.457586299679
v 0 -0.929388927794 0.446366282193
v 0.0890838484382 -0.925114219151 0.446366282193
v 0.0890838484382 -0.925114219151 0.446366282193
v 0 -0.929388927794 0.446366282193
v 0 -0.923346245402 0.440098916659
v 0.0888727738255 -0.923055985828 0.440098916659
v 0.21255053602 -0.793229939973 0.616356907485
v 0.0787136247883 -0.817427213772 0.616356907485
v 0.0795316348558 -0.826029527635 0.611204198168
v 0.214767075303 -0.801568346608 0.611204198168
v 0.214767075303 -0.801568346608 0.611204198168
v 0.0795316348558 -0.826029527635 0.611204198168
v 0.0810621176845 -0.841941099491 0.601143739455
v 0.218909894294 -0.817031416892 0.601143739455
v 0.218909894294 -0.817031416892 0.601143739455
v 0.218909894294 -0.817031416892 0.601143739455
v 0.0810621176845 -0.841941099491 0.601143739455
v 0.0829619810855 -0.861467803805 0.588151708961
v 0.0829619810855 -0.861467803805 0.588151708961
v 0.224002613004 -0.835977538097 0.588151708961
v 0.224002613004 -0.835977538097 0.588151708961
v 0.0829619810855 -0.861467803805 0.588151708961
v 0.0848090758334 -0.880836138198 0.574208351957
v 0.229042627023 -0.854765353343 0.574208351957
v 0.229042627023 -0.854765353343 0.574208351957
v 0.0848090758334 -0.880836138198 0.574208351957
v 0.0863132063165 -0.89629914452 0.561289816367
v 0.2330534924 -0.869779794132 0.561289816367
v 0.2330534924 -0.869779794132 0.561289816367
v 0.0863132063165 -0.89629914452 0.561289816367
v 0.08739505965 -0.907751285466 0.549383849741
v 0.236035273097 -0.880888906851 0.549383849741
v 0.236035273097 -0.880888906851 0.549383849741
v 0.08739505965 -0.907751285466 0.549383849741
v 0.0883713756771 -0.917778480889 0.537077768386
v 0.238647673221 -0.890599490355 0.537077768386
v 0.238647673221 -0.890599490355 0.537077768386
v 0.0883713756771 -0.917778480889 0.537077768386
v 0.089163033399 -0.926037766525 0.524575687425
v 0.240785027542 -0.898621221109 0.524575687425
v 0.240785027542 -0.898621221109 0.524575687425
v 0.089163033399 -0.926037766525 0.524575687425
v 0.0897699688538 -0.932265171184 0.512085868809
v 0.24239463137 -0.904663967463 0.512085868809
v 0.24239463137 -0.904663967463 0.512085868809
v 0.0897699688538 -0.932265171184 0.512085868809
v 0.0901393494262 -0.936144146909 0.499808360009
v 0.243423780012 -0.908437341919 0.499808360009
v 0.243423780012 -0.908437341919 0.499808360009
v 0.0901393494262 -0.936144146909 0.499808360009
v 0.0901921180794 -0.936566296134 0.48642028244
v 0.243529317318 -0.908833138799 0.48642028244
v 0.243529317318 -0.908833138799 0.48642028244
v 0.0901921180794 -0.936566296134 0.48642028244
v 0.0899018585058 -0.933663700399 0.471639908936
v 0.242764075904 -0.90603608037 0.471639908936
v 0.242764075904 -0.90603608037 0.471639908936
v 0.0899018585058 -0.933663700399 0.471639908936
v 0.0894796453182 -0.929257038142 0.457586299679
v 0.241629453917 -0.901734955419 0.457586299679
v 0.241629453917 -0.901734955419 0.457586299679
v 0.0894796453182 -0.929257038142 0.457586299679
v 0.0890838484382 -0.925114219151 0.446366282193
v 0.240547536622 -0.897724090042 0.446366282193
v 0.240547536622 -0.897724090042 0.446366282193
v 0.0890838484382 -0.925114219151 0.446366282193
v 0.0888727738255 -0.923055985828 0.440098916659
v 0.240019786128 -0.895718625373 0.440098916659
v 0 -0.829855670745 0.611204198168
v 0 -0.821200588229 0.616356907485
v -0.0787136247883 -0.817427213772 0.616356907485
v -0.0795316348558 -0.826029527635 0.611204198168
v 0 -0.845846427561 0.601143739455
v 0 -0.829855670745 0.611204198168
v -0.0795316348558 -0.826029527635 0.611204198168
v -0.0810621176845 -0.841941099491 0.601143739455
v 0 -0.865452252874 0.588151708961
v 0 -0.845846427561 0.601143739455
v -0.0810621176845 -0.841941099491 0.601143739455
v -0.0829619810855 -0.861467803805 0.588151708961
v 0 -0.884926188535 0.574208351957
v 0 -0.865452252874 0.588151708961
v -0.0829619810855 -0.861467803805 0.588151708961
v -0.0848090758334 -0.880836138198 0.574208351957
v 0 -0.900441963511 0.561289816367
v 0 -0.884926188535 0.574208351957
v -0.0848090758334 -0.880836138198 0.574208351957
v -0.0863132063165 -0.89629914452 0.561289816367
v 0 -0.911973289417 0.549383849741
v 0 -0.900441963511 0.561289816367
v -0.0863132063165 -0.89629914452 0.561289816367
v -0.08739505965 -0.907751285466 0.549383849741
v 0 -0.922026837186 0.537077768386
v 0 -0.911973289417 0.549383849741
v -0.08739505965 -0.907751285466 0.549383849741
v -0.0883713756771 -0.917778480889 0.537077768386
v 0 -0.930312475168 0.524575687425
v 0 -0.922026837186 0.537077768386
v -0.0883713756771 -0.917778480889 0.537077768386
v -0.089163033399 -0.926037766525 0.524575687425
v 0 -0.936566296134 0.512085868809
v 0 -0.930312475168 0.524575687425
v -0.089163033399 -0.926037766525 0.524575687425
v -0.0897699688538 -0.932265171184 0.512085868809
v 0 -0.940471624205 0.499808360009
v 0 -0.936566296134 0.512085868809
v -0.0897699688538 -0.932265171184 0.512085868809
v -0.0901393494262 -0.936144146909 0.499808360009
v 0 -0.940893837392 0.48642028244
v 0 -0.940471624205 0.499808360009
v -0.0901393494262 -0.936144146909 0.499808360009
v -0.0901921180794 -0.936566296134 0.48642028244
v 0 -0.937991241657 0.471639908936
v 0 -0.940893837392 0.48642028244
v -0.0901921180794 -0.936566296134 0.48642028244
v -0.0899018585058 -0.933663700399 0.471639908936
v 0 -0.933558163092 0.457586299679
v 0 -0.937991241657 0.471639908936
v -0.0899018585058 -0.933663700399 0.471639908936
v -0.0894796453182 -0.929257038142 0.457586299679
v 0 -0.929388927794 0.446366282193
v 0 -0.933558163092 0.457586299679
v -0.0894796453182 -0.929257038142 0.457586299679
v -0.0890838484382 -0.925114219151 0.446366282193
v 0 -0.923346245402 0.440098916659
v 0 -0.929388927794 0.446366282193
v -0.0890838484382 -0.925114219151 0.446366282193
v -0.0888727738255 -0.923055985828 0.440098916659
v -0.0795316348558 -0.826029527635 0.611204198168
v -0.0787136247883 -0.817427213772 0.616356907485
v -0.21255053602 -0.793229939973 0.616356907485
v -0.214767075303 -0.801568346608 0.611204198168
v -0.0810621176845 -0.841941099491 0.601143739455
v -0.0795316348558 -0.826029527635 0.611204198168
v -0.214767075303 -0.801568346608 0.611204198168
v -0.218909894294 -0.817031416892 0.601143739455
v -0.0829619810855 -0.861467803805 0.588151708961
v -0.0829619810855 -0.861467803805 0.588151708961
v -0.0810621176845 -0.841941099491 0.601143739455
v -0.218909894294 -0.817031416892 0.601143739455
v -0.218909894294 -0.817031416892 0.601143739455
v -0.224002613004 -0.835977538097 0.588151708961
v -0.0848090758334 -0.880836138198 0.574208351957
v -0.0829619810855 -0.861467803805 0.588151708961
v -0.224002613004 -0.835977538097 0.588151708961
v -0.229042627023 -0.854765353343 0.574208351957
v -0.0863132063165 -0.89629914452 0.561289816367
v -0.0848090758334 -0.880836138198 0.574208351957
v -0.229042627023 -0.854765353343 0.574208351957
v -0.2330534924 -0.869779794132 0.561289816367
v -0.08739505965 -0.907751285466 0.549383849741
v -0.0863132063165 -0.89629914452 0.561289816367
v -0.2330534924 -0.869779794132 0.561289816367
v -0.236035273097 -0.880888906851 0.549383849741
v -0.0883713756771 -0.917778480889 0.537077768386
v -0.08739505965 -0.907751285466 0.549383849741
v -0.236035273097 -0.880888906851 0.549383849741
v -0.238647673221 -0.890599490355 0.537077768386
v -0.089163033399 -0.926037766525 0.524575687425
v -0.0883713756771 -0.917778480889 0.537077768386
v -0.238647673221 -0.890599490355 0.537077768386
v -0.240785027542 -0.898621221109 0.524575687425
v -0.0897699688538 -0.932265171184 0.512085868809
v -0.089163033399 -0.926037766525 0.524575687425
v -0.240785027542 -0.898621221109 0.524575687425
v -0.24239463137 -0.904663967463 0.512085868809
v -0.0901393494262 -0.936144146909 0.499808360009
v -0.0897699688538 -0.932265171184 0.512085868809
v -0.24239463137 -0.904663967463 0.512085868809
v -0.243423780012 -0.908437341919 0.499808360009
v -0.0901921180794 -0.936566296134 0.48642028244
v -0.0901393494262 -0.936144146909 0.499808360009
v -0.243423780012 -0.908437341919 0.499808360009
v -0.243529317318 -0.908833138799 0.48642028244
v -0.0899018585058 -0.933663700399 0.471639908936
v -0.0901921180794 -0.936566296134 0.48642028244
v -0.243529317318 -0.908833138799 0.48642028244
v -0.242764075904 -0.90603608037 0.471639908936
v -0.0894796453182 -0.929257038142 0.457586299679
v -0.0899018585058 -0.933663700399 0.471639908936
v -0.242764075904 -0.90603608037 0.471639908936
v -0.241629453917 -0.901734955419 0.457586299679
v -0.0890838484382 -0.925114219151 0.446366282193
v -0.0894796453182 -0.929257038142 0.457586299679
v -0.241629453917 -0.901734955419 0.457586299679
v -0.240547536622 -0.897724090042 0.446366282193
v -0.0888727738255 -0.923055985828 0.440098916659
v -0.0890838484382 -0.925114219151 0.446366282193
v -0.240547536622 -0.897724090042 0.446366282193
v -0.240019786128 -0.895718625373 0.440098916659
v -0.340555775511 -0.747263134194 0.616356907485
v -0.410614317784 -0.711191506261 0.616356907485
v -0.414915506696 -0.718659134176 0.611204198168
v -0.344118075355 -0.755126558988 0.611204198168
v -0.344118075355 -0.755126558988 0.611204198168
v -0.414915506696 -0.718659134176 0.611204198168
v -0.42293723745 -0.73251253667 0.601143739455
v -0.350767693202 -0.769692370282 0.601143739455
v -0.350767693202 -0.769692370282 0.601143739455
v -0.42293723745 -0.73251253667 0.601143739455
v -0.432727005915 -0.749506025821 0.588151708961
v -0.358895025224 -0.787530285808 0.588151708961
v -0.358895025224 -0.787530285808 0.588151708961
v -0.432727005915 -0.749506025821 0.588151708961
v -0.442463941764 -0.766367561358 0.574208351957
v -0.366969588593 -0.80523624772 0.574208351957
v -0.366969588593 -0.80523624772 0.574208351957
v -0.442463941764 -0.766367561358 0.574208351957
v -0.450221829252 -0.779825166973 0.561289816367
v -0.373408131827 -0.819379845826 0.561289816367
v -0.373408131827 -0.819379845826 0.561289816367
v -0.450221829252 -0.779825166973 0.561289816367
v -0.455974316032 -0.789773177436 0.549383849741
v -0.378184238618 -0.829855670745 0.549383849741
v -0.378184238618 -0.829855670745 0.549383849741
v -0.455974316032 -0.789773177436 0.549383849741
v -0.46101426609 -0.798481028605 0.537077768386
v -0.382353409954 -0.838985735102 0.537077768386
v -0.382353409954 -0.838985735102 0.537077768386
v -0.46101426609 -0.798481028605 0.537077768386
v -0.46515708508 -0.805684813253 0.524575687425
v -0.385810172492 -0.846558900322 0.524575687425
v -0.385810172492 -0.846558900322 0.524575687425
v -0.46515708508 -0.805684813253 0.524575687425
v -0.468297171737 -0.811094207845 0.512085868809
v -0.388396156308 -0.852258554487 0.512085868809
v -0.388396156308 -0.852258554487 0.512085868809
v -0.468297171737 -0.811094207845 0.512085868809
v -0.470249867753 -0.814471785421 0.499808360009
v -0.390005760136 -0.855794501985 0.499808360009
v -0.390005760136 -0.855794501985 0.499808360009
v -0.470249867753 -0.814471785421 0.499808360009
v -0.470460942366 -0.814841229956 0.48642028244
v -0.390190482403 -0.856190298865 0.48642028244
v -0.390190482403 -0.856190298865 0.48642028244
v -0.470460942366 -0.814841229956 0.48642028244
v -0.469009644498 -0.8123344311 0.471639908936
v -0.388976675455 -0.85352519405 0.471639908936
v -0.388976675455 -0.85352519405 0.471639908936
v -0.469009644498 -0.8123344311 0.471639908936
v -0.46676675287 -0.808481871683 0.457586299679
v -0.387129580708 -0.849487912366 0.457586299679
v -0.387129580708 -0.849487912366 0.457586299679
v -0.46676675287 -0.808481871683 0.457586299679
v -0.464708519547 -0.804866803186 0.446366282193
v -0.385414375612 -0.845714473947 0.446366282193
v -0.385414375612 -0.845714473947 0.446366282193
v -0.464708519547 -0.804866803186 0.446366282193
v -0.461673970197 -0.799642066899 0.440098916659
v -0.461673970197 -0.799642066899 0.440098916659
v -0.384543596891 -0.843814610546 0.440098916659
v -0.21255053602 -0.793229939973 0.616356907485
v -0.340555775511 -0.747263134194 0.616356907485
v -0.344118075355 -0.755126558988 0.611204198168
v -0.214767075303 -0.801568346608 0.611204198168
v -0.214767075303 -0.801568346608 0.611204198168
v -0.344118075355 -0.755126558988 0.611204198168
v -0.350767693202 -0.769692370282 0.601143739455
v -0.218909894294 -0.817031416892 0.601143739455
v -0.218909894294 -0.817031416892 0.601143739455
v -0.350767693202 -0.769692370282 0.601143739455
v -0.358895025224 -0.787530285808 0.588151708961
v -0.224002613004 -0.835977538097 0.588151708961
v -0.224002613004 -0.835977538097 0.588151708961
v -0.358895025224 -0.787530285808 0.588151708961
v -0.366969588593 -0.80523624772 0.574208351957
v -0.229042627023 -0.854765353343 0.574208351957
v -0.229042627023 -0.854765353343 0.574208351957
v -0.366969588593 -0.80523624772 0.574208351957
v -0.373408131827 -0.819379845826 0.561289816367
v -0.2330534924 -0.869779794132 0.561289816367
v -0.2330534924 -0.869779794132 0.561289816367
v -0.373408131827 -0.819379845826 0.561289816367
v -0.378184238618 -0.829855670745 0.549383849741
v -0.236035273097 -0.880888906851 0.549383849741
v -0.236035273097 -0.880888906851 0.549383849741
v -0.378184238618 -0.829855670745 0.549383849741
v -0.382353409954 -0.838985735102 0.537077768386
v -0.238647673221 -0.890599490355 0.537077768386
v -0.238647673221 -0.890599490355 0.537077768386
v -0.382353409954 -0.838985735102 0.537077768386
v -0.385810172492 -0.846558900322 0.524575687425
v -0.240785027542 -0.898621221109 0.524575687425
v -0.240785027542 -0.898621221109 0.524575687425
v -0.385810172492 -0.846558900322 0.524575687425
v -0.388396156308 -0.852258554487 0.512085868809
v -0.24239463137 -0.904663967463 0.512085868809
v -0.24239463137 -0.904663967463 0.512085868809
v -0.388396156308 -0.852258554487 0.512085868809
v -0.390005760136 -0.855794501985 0.499808360009
v -0.243423780012 -0.908437341919 0.499808360009
v -0.243423780012 -0.908437341919 0.499808360009
v -0.390005760136 -0.855794501985 0.499808360009
v -0.390190482403 -0.856190298865 0.48642028244
v -0.243529317318 -0.908833138799 0.48642028244
v -0.243529317318 -0.908833138799 0.48642028244
v -0.390190482403 -0.856190298865 0.48642028244
v -0.388976675455 -0.85352519405 0.471639908936
v -0.242764075904 -0.90603608037 0.471639908936
v -0.242764075904 -0.90603608037 0.471639908936
v -0.388976675455 -0.85352519405 0.471639908936
v -0.387129580708 -0.849487912366 0.457586299679
v -0.241629453917 -0.901734955419 0.457586299679
v -0.241629453917 -0.901734955419 0.457586299679
v -0.387129580708 -0.849487912366 0.457586299679
v -0.385414375612 -0.845714473947 0.446366282193
v -0.240547536622 -0.897724090042 0.446366282193
v -0.240547536622 -0.897724090042 0.446366282193
v -0.385414375612 -0.845714473947 0.446366282193
v -0.384543596891 -0.843814610546 0.440098916659
v -0.240019786128 -0.895718625373 0.440098916659
v -0.414915506696 -0.718659134176 0.611204198168
v -0.410614317784 -0.711191506261 0.616356907485
v -0.476873133254 -0.668549509405 0.616356907485
v -0.481886730965 -0.675594924132 0.611204198168
v -0.42293723745 -0.73251253667 0.601143739455
v -0.414915506696 -0.718659134176 0.611204198168
v -0.481886730965 -0.675594924132 0.611204198168
v -0.491175101282 -0.688630316559 0.601143739455
v -0.432727005915 -0.749506025821 0.588151708961
v -0.42293723745 -0.73251253667 0.601143739455
v -0.491175101282 -0.688630316559 0.601143739455
v -0.502574409612 -0.704594657068 0.588151708961
v -0.442463941764 -0.766367561358 0.574208351957
v -0.432727005915 -0.749506025821 0.588151708961
v -0.502574409612 -0.704594657068 0.588151708961
v -0.513868244598 -0.720427107925 0.574208351957
v -0.450221829252 -0.779825166973 0.561289816367
v -0.442463941764 -0.766367561358 0.574208351957
v -0.513868244598 -0.720427107925 0.574208351957
v -0.522892707686 -0.733066703472 0.561289816367
v -0.455974316032 -0.789773177436 0.549383849741
v -0.450221829252 -0.779825166973 0.561289816367
v -0.522892707686 -0.733066703472 0.561289816367
v -0.529568741841 -0.742434194787 0.549383849741
v -0.46101426609 -0.798481028605 0.537077768386
v -0.455974316032 -0.789773177436 0.549383849741
v -0.529568741841 -0.742434194787 0.549383849741
v -0.535426765927 -0.750614295463 0.537077768386
v -0.46515708508 -0.805684813253 0.524575687425
v -0.46101426609 -0.798481028605 0.537077768386
v -0.535426765927 -0.750614295463 0.537077768386
v -0.540229225064 -0.757395866923 0.524575687425
v -0.468297171737 -0.811094207845 0.512085868809
v -0.46515708508 -0.805684813253 0.524575687425
v -0.540229225064 -0.757395866923 0.524575687425
v -0.543870709869 -0.762488649596 0.512085868809
v -0.470249867753 -0.814471785421 0.499808360009
v -0.468297171737 -0.811094207845 0.512085868809
v -0.543870709869 -0.762488649596 0.512085868809
v -0.546140017804 -0.765655152559 0.499808360009
v -0.470460942366 -0.814841229956 0.48642028244
v -0.470249867753 -0.814471785421 0.499808360009
v -0.546140017804 -0.765655152559 0.499808360009
v -0.546377508724 -0.765998180786 0.48642028244
v -0.469009644498 -0.8123344311 0.471639908936
v -0.470460942366 -0.814841229956 0.48642028244
v -0.546377508724 -0.765998180786 0.48642028244
v -0.544688719936 -0.763623271582 0.471639908936
v -0.46676675287 -0.808481871683 0.457586299679
v -0.469009644498 -0.8123344311 0.471639908936
v -0.544688719936 -0.763623271582 0.471639908936
v -0.542129152427 -0.760008203085 0.457586299679
v -0.464708519547 -0.804866803186 0.446366282193
v -0.46676675287 -0.808481871683 0.457586299679
v -0.542129152427 -0.760008203085 0.457586299679
v -0.539701538532 -0.756630625509 0.446366282193
v -0.461673970197 -0.799642066899 0.440098916659
v -0.464708519547 -0.804866803186 0.446366282193
v -0.539701538532 -0.756630625509 0.446366282193
v -0.538487667623 -0.754941836721 0.440098916659
v -0.481886730965 -0.675594924132 0.611204198168
v -0.476873133254 -0.668549509405 0.616356907485
v -0.580681162908 -0.580679467915 0.616356907485
v -0.586776613953 -0.58677491896 0.611204198168
v -0.491175101282 -0.688630316559 0.601143739455
v -0.481886730965 -0.675594924132 0.611204198168
v -0.586776613953 -0.58677491896 0.611204198168
v -0.598096801284 -0.598095106291 0.601143739455
v -0.502574409612 -0.704594657068 0.588151708961
v -0.491175101282 -0.688630316559 0.601143739455
v -0.598096801284 -0.598095106291 0.601143739455
v -0.611976620087 -0.611974925094 0.588151708961
v -0.513868244598 -0.720427107925 0.574208351957
v -0.502574409612 -0.704594657068 0.588151708961
v -0.611976620087 -0.611974925094 0.588151708961
v -0.625724421313 -0.62572272632 0.574208351957
v -0.522892707686 -0.733066703472 0.561289816367
v -0.513868244598 -0.720427107925 0.574208351957
v -0.625724421313 -0.62572272632 0.574208351957
v -0.636727996725 -0.636726301732 0.561289816367
v -0.529568741841 -0.742434194787 0.549383849741
v -0.522892707686 -0.733066703472 0.561289816367
v -0.636727996725 -0.636726301732 0.561289816367
v -0.644855328748 -0.644853633754 0.549383849741
v -0.535426765927 -0.750614295463 0.537077768386
v -0.529568741841 -0.742434194787 0.549383849741
v -0.644855328748 -0.644853633754 0.549383849741
v -0.651953512127 -0.651951817134 0.537077768386
v -0.540229225064 -0.757395866923 0.524575687425
v -0.535426765927 -0.750614295463 0.537077768386
v -0.651953512127 -0.651951817134 0.537077768386
v -0.65783788856 -0.657836193567 0.524575687425
v -0.543870709869 -0.762488649596 0.512085868809
v -0.540229225064 -0.757395866923 0.524575687425
v -0.65783788856 -0.657836193567 0.524575687425
v -0.662270967124 -0.662269272131 0.512085868809
v -0.546140017804 -0.765655152559 0.499808360009
v -0.543870709869 -0.762488649596 0.512085868809
v -0.662270967124 -0.662269272131 0.512085868809
v -0.6650152569 -0.665013561907 0.499808360009
v -0.546377508724 -0.765998180786 0.48642028244
v -0.546140017804 -0.765655152559 0.499808360009
v -0.6650152569 -0.665013561907 0.499808360009
v -0.665305516474 -0.665330237788 0.48642028244
v -0.544688719936 -0.763623271582 0.471639908936
v -0.546377508724 -0.765998180786 0.48642028244
v -0.665305516474 -0.665330237788 0.48642028244
v -0.663273699459 -0.663272004466 0.471639908936
v -0.542129152427 -0.760008203085 0.457586299679
v -0.544688719936 -0.763623271582 0.471639908936
v -0.663273699459 -0.663272004466 0.471639908936
v -0.660133612803 -0.66013191781 0.457586299679
v -0.539701538532 -0.756630625509 0.446366282193
v -0.542129152427 -0.760008203085 0.457586299679
v -0.660133612803 -0.66013191781 0.457586299679
v -0.657178184452 -0.657176489459 0.446366282193
v -0.538487667623 -0.754941836721 0.440098916659
v -0.539701538532 -0.756630625509 0.446366282193
v -0.657178184452 -0.657176489459 0.446366282193
v -0.655700534238 -0.655698839245 0.440098916659
v -0.668551204398 -0.476871438261 0.616356907485
v -0.711193201254 -0.410612622791 0.616356907485
v -0.718660829169 -0.414913811703 0.611204198168
v -0.675596619125 -0.481885035972 0.611204198168
v -0.675596619125 -0.481885035972 0.611204198168
v -0.718660829169 -0.414913811703 0.611204198168
v -0.732514231664 -0.422935542457 0.601143739455
v -0.688605595245 -0.491173406289 0.601143739455
v -0.688605595245 -0.491173406289 0.601143739455
v -0.732514231664 -0.422935542457 0.601143739455
v -0.749507720815 -0.432725310922 0.588151708961
v -0.704596352061 -0.502572714619 0.588151708961
v -0.704596352061 -0.502572714619 0.588151708961
v -0.749507720815 -0.432725310922 0.588151708961
v -0.766369256352 -0.442462246771 0.574208351957
v -0.720428802918 -0.513866549605 0.574208351957
v -0.720428802918 -0.513866549605 0.574208351957
v -0.766369256352 -0.442462246771 0.574208351957
v -0.779826861966 -0.450220134259 0.561289816367
v -0.733068398465 -0.522891012693 0.561289816367
v -0.733068398465 -0.522891012693 0.561289816367
v -0.779826861966 -0.450220134259 0.561289816367
v -0.789774872429 -0.455972621039 0.549383849741
v -0.74243588978 -0.529567046848 0.549383849741
v -0.74243588978 -0.529567046848 0.549383849741
v -0.789774872429 -0.455972621039 0.549383849741
v -0.798482723598 -0.461012571096 0.537077768386
v -0.750615990456 -0.535425070934 0.537077768386
v -0.750615990456 -0.535425070934 0.537077768386
v -0.798482723598 -0.461012571096 0.537077768386
v -0.805686508246 -0.465155390087 0.524575687425
v -0.757397561916 -0.540227530071 0.524575687425
v -0.757397561916 -0.540227530071 0.524575687425
v -0.805686508246 -0.465155390087 0.524575687425
v -0.811095902838 -0.468295476743 0.512085868809
v -0.762490344589 -0.543869014876 0.512085868809
v -0.762490344589 -0.543869014876 0.512085868809
v -0.811095902838 -0.468295476743 0.512085868809
v -0.814473480414 -0.47024817276 0.499808360009
v -0.765656847552 -0.546138322811 0.499808360009
v -0.765656847552 -0.546138322811 0.499808360009
v -0.814473480414 -0.47024817276 0.499808360009
v -0.814842924949 -0.470459247372 0.48642028244
v -0.765999875779 -0.546375813731 0.48642028244
v -0.765999875779 -0.546375813731 0.48642028244
v -0.765999875779 -0.546375813731 0.48642028244
v -0.814842924949 -0.470459247372 0.48642028244
v -0.812336126093 -0.469007949505 0.471639908936
v -0.812336126093 -0.469007949505 0.471639908936
v -0.763624966575 -0.544687024943 0.471639908936
v -0.763624966575 -0.544687024943 0.471639908936
v -0.763624966575 -0.544687024943 0.471639908936
v -0.812336126093 -0.469007949505 0.471639908936
v -0.808483566676 -0.466765057877 0.457586299679
v -0.808483566676 -0.466765057877 0.457586299679
v -0.760009898078 -0.542127457434 0.457586299679
v -0.760009898078 -0.542127457434 0.457586299679
v -0.808483566676 -0.466765057877 0.457586299679
v -0.804868498179 -0.464706824554 0.446366282193
v -0.756632320502 -0.539699843539 0.446366282193
v -0.756632320502 -0.539699843539 0.446366282193
v -0.804868498179 -0.464706824554 0.446366282193
v -0.799643761892 -0.461672275204 0.440098916659
v -0.754943531714 -0.53848597263 0.440098916659
v -0.580681162908 -0.580679467915 0.616356907485
v -0.668551204398 -0.476871438261 0.616356907485
v -0.675596619125 -0.481885035972 0.611204198168
v -0.586776613953 -0.58677491896 0.611204198168
v -0.586776613953 -0.58677491896 0.611204198168
v -0.675596619125 -0.481885035972 0.611204198168
v -0.688605595245 -0.491173406289 0.601143739455
v -0.598096801284 -0.598095106291 0.601143739455
v -0.598096801284 -0.598095106291 0.601143739455
v -0.688605595245 -0.491173406289 0.601143739455
v -0.704596352061 -0.502572714619 0.588151708961
v -0.611976620087 -0.611974925094 0.588151708961
v -0.611976620087 -0.611974925094 0.588151708961
v -0.704596352061 -0.502572714619 0.588151708961
v -0.720428802918 -0.513866549605 0.574208351957
v -0.625724421313 -0.62572272632 0.574208351957
v -0.625724421313 -0.62572272632 0.574208351957
v -0.720428802918 -0.513866549605 0.574208351957
v -0.733068398465 -0.522891012693 0.561289816367
v -0.636727996725 -0.636726301732 0.561289816367
v -0.636727996725 -0.636726301732 0.561289816367
v -0.733068398465 -0.522891012693 0.561289816367
v -0.74243588978 -0.529567046848 0.549383849741
v -0.644855328748 -0.644853633754 0.549383849741
v -0.644855328748 -0.644853633754 0.549383849741
v -0.74243588978 -0.529567046848 0.549383849741
v -0.750615990456 -0.535425070934 0.537077768386
v -0.651953512127 -0.651951817134 0.537077768386
v -0.651953512127 -0.651951817134 0.537077768386
v -0.750615990456 -0.535425070934 0.537077768386
v -0.757397561916 -0.540227530071 0.524575687425
v -0.65783788856 -0.657836193567 0.524575687425
v -0.65783788856 -0.657836193567 0.524575687425
v -0.757397561916 -0.540227530071 0.524575687425
v -0.762490344589 -0.543869014876 0.512085868809
v -0.662270967124 -0.662269272131 0.512085868809
v -0.662270967124 -0.662269272131 0.512085868809
v -0.762490344589 -0.543869014876 0.512085868809
v -0.765656847552 -0.546138322811 0.499808360009
v -0.6650152569 -0.665013561907 0.499808360009
v -0.6650152569 -0.665013561907 0.499808360009
v -0.765656847552 -0.546138322811 0.499808360009
v -0.765999875779 -0.546375813731 0.48642028244
v -0.665305516474 -0.665330237788 0.48642028244
v -0.665305516474 -0.665330237788 0.48642028244
v -0.765999875779 -0.546375813731 0.48642028244
v -0.763624966575 -0.544687024943 0.471639908936
v -0.663273699459 -0.663272004466 0.471639908936
v -0.663273699459 -0.663272004466 0.471639908936
v -0.763624966575 -0.544687024943 0.471639908936
v -0.760009898078 -0.542127457434 0.457586299679
v -0.660133612803 -0.66013191781 0.457586299679
v -0.660133612803 -0.66013191781 0.457586299679
v -0.760009898078 -0.542127457434 0.457586299679
v -0.756632320502 -0.539699843539 0.446366282193
v -0.657178184452 -0.657176489459 0.446366282193
v -0.657178184452 -0.657176489459 0.446366282193
v -0.756632320502 -0.539699843539 0.446366282193
v -0.754943531714 -0.53848597263 0.440098916659
v -0.655700534238 -0.655698839245 0.440098916659
v -0.718660829169 -0.414913811703 0.611204198168
v -0.711193201254 -0.410612622791 0.616356907485
v -0.747264829187 -0.340554080518 0.616356907485
v -0.755128253981 -0.34414279667 0.611204198168
v -0.732514231664 -0.422935542457 0.601143739455
v -0.718660829169 -0.414913811703 0.611204198168
v -0.755128253981 -0.34414279667 0.611204198168
v -0.769694065275 -0.350765998209 0.601143739455
v -0.749507720815 -0.432725310922 0.588151708961
v -0.732514231664 -0.422935542457 0.601143739455
v -0.769694065275 -0.350765998209 0.601143739455
v -0.787531980801 -0.358893330231 0.588151708961
v -0.766369256352 -0.442462246771 0.574208351957
v -0.749507720815 -0.432725310922 0.588151708961
v -0.787531980801 -0.358893330231 0.588151708961
v -0.805237942713 -0.3669678936 0.574208351957
v -0.779826861966 -0.450220134259 0.561289816367
v -0.766369256352 -0.442462246771 0.574208351957
v -0.805237942713 -0.3669678936 0.574208351957
v -0.81938154082 -0.373406436834 0.561289816367
v -0.789774872429 -0.455972621039 0.549383849741
v -0.789774872429 -0.455972621039 0.549383849741
v -0.779826861966 -0.450220134259 0.561289816367
v -0.81938154082 -0.373406436834 0.561289816367
v -0.81938154082 -0.373406436834 0.561289816367
v -0.829857365738 -0.378182543625 0.549383849741
v -0.798482723598 -0.461012571096 0.537077768386
v -0.789774872429 -0.455972621039 0.549383849741
v -0.829857365738 -0.378182543625 0.549383849741
v -0.838987430095 -0.382351714961 0.537077768386
v -0.805686508246 -0.465155390087 0.524575687425
v -0.805686508246 -0.465155390087 0.524575687425
v -0.798482723598 -0.461012571096 0.537077768386
v -0.838987430095 -0.382351714961 0.537077768386
v -0.838987430095 -0.382351714961 0.537077768386
v -0.846560595315 -0.385808477499 0.524575687425
v -0.811095902838 -0.468295476743 0.512085868809
v -0.805686508246 -0.465155390087 0.524575687425
v -0.846560595315 -0.385808477499 0.524575687425
v -0.852233897135 -0.388394461315 0.512085868809
v -0.814473480414 -0.47024817276 0.499808360009
v -0.811095902838 -0.468295476743 0.512085868809
v -0.852233897135 -0.388394461315 0.512085868809
v -0.855796196979 -0.390004065143 0.499808360009
v -0.814842924949 -0.470459247372 0.48642028244
v -0.814473480414 -0.47024817276 0.499808360009
v -0.855796196979 -0.390004065143 0.499808360009
v -0.856191993859 -0.39018878741 0.48642028244
v -0.812336126093 -0.469007949505 0.471639908936
v -0.814842924949 -0.470459247372 0.48642028244
v -0.856191993859 -0.39018878741 0.48642028244
v -0.853526889043 -0.388974980462 0.471639908936
v -0.808483566676 -0.466765057877 0.457586299679
v -0.812336126093 -0.469007949505 0.471639908936
v -0.853526889043 -0.388974980462 0.471639908936
v -0.849489607359 -0.387127885715 0.457586299679
v -0.804868498179 -0.464706824554 0.446366282193
v -0.808483566676 -0.466765057877 0.457586299679
v -0.849489607359 -0.387127885715 0.457586299679
v -0.84571616894 -0.385412680619 0.446366282193
v -0.799643761892 -0.461672275204 0.440098916659
v -0.804868498179 -0.464706824554 0.446366282193
v -0.84571616894 -0.385412680619 0.446366282193
v -0.843816305539 -0.384541901898 0.440098916659
v -0.755128253981 -0.34414279667 0.611204198168
v -0.747264829187 -0.340554080518 0.616356907485
v -0.793231634966 -0.212548841027 0.616356907485
v -0.801570041601 -0.21476538031 0.611204198168
v -0.769694065275 -0.350765998209 0.601143739455
v -0.755128253981 -0.34414279667 0.611204198168
v -0.801570041601 -0.21476538031 0.611204198168
v -0.817033111885 -0.2189081993 0.601143739455
v -0.787531980801 -0.358893330231 0.588151708961
v -0.769694065275 -0.350765998209 0.601143739455
v -0.817033111885 -0.2189081993 0.601143739455
v -0.835979233091 -0.224000918011 0.588151708961
v -0.805237942713 -0.3669678936 0.574208351957
v -0.787531980801 -0.358893330231 0.588151708961
v -0.835979233091 -0.224000918011 0.588151708961
v -0.854767048336 -0.22904093203 0.574208351957
v -0.81938154082 -0.373406436834 0.561289816367
v -0.81938154082 -0.373406436834 0.561289816367
v -0.805237942713 -0.3669678936 0.574208351957
v -0.854767048336 -0.22904093203 0.574208351957
v -0.854767048336 -0.22904093203 0.574208351957
v -0.869781489125 -0.233051797407 0.561289816367
v -0.829857365738 -0.378182543625 0.549383849741
v -0.81938154082 -0.373406436834 0.561289816367
v -0.869781489125 -0.233051797407 0.561289816367
v -0.880890601844 -0.236033578103 0.549383849741
v -0.838987430095 -0.382351714961 0.537077768386
v -0.829857365738 -0.378182543625 0.549383849741
v -0.880890601844 -0.236033578103 0.549383849741
v -0.890601185348 -0.238645978228 0.537077768386
v -0.846560595315 -0.385808477499 0.524575687425
v -0.838987430095 -0.382351714961 0.537077768386
v -0.890601185348 -0.238645978228 0.537077768386
v -0.898622916102 -0.240783332549 0.524575687425
v -0.852233897135 -0.388394461315 0.512085868809
v -0.846560595315 -0.385808477499 0.524575687425
v -0.898622916102 -0.240783332549 0.524575687425
v -0.904665662456 -0.242392936376 0.512085868809
v -0.855796196979 -0.390004065143 0.499808360009
v -0.852233897135 -0.388394461315 0.512085868809
v -0.904665662456 -0.242392936376 0.512085868809
v -0.908439036912 -0.243422085019 0.499808360009
v -0.856191993859 -0.39018878741 0.48642028244
v -0.855796196979 -0.390004065143 0.499808360009
v -0.908439036912 -0.243422085019 0.499808360009
v -0.908834833792 -0.243527622325 0.48642028244
v -0.853526889043 -0.388974980462 0.471639908936
v -0.856191993859 -0.39018878741 0.48642028244
v -0.908834833792 -0.243527622325 0.48642028244
v -0.906037775363 -0.242762380911 0.471639908936
v -0.849489607359 -0.387127885715 0.457586299679
v -0.853526889043 -0.388974980462 0.471639908936
v -0.906037775363 -0.242762380911 0.471639908936
v -0.901736650412 -0.241627758924 0.457586299679
v -0.84571616894 -0.385412680619 0.446366282193
v -0.849489607359 -0.387127885715 0.457586299679
v -0.901736650412 -0.241627758924 0.457586299679
v -0.897725785035 -0.240545841629 0.446366282193
v -0.843816305539 -0.384541901898 0.440098916659
v -0.84571616894 -0.385412680619 0.446366282193
v -0.897725785035 -0.240545841629 0.446366282193
v -0.895720320366 -0.240018091135 0.440098916659
v -0.817428908765 -0.0787119297952 0.616356907485
v -0.817428908765 -0.0787119297952 0.616356907485
v -0.821202283222 1.6949931026e-06 0.616356907485
v -0.82983094943 1.6949931026e-06 0.611204198168
v -0.82983094943 1.6949931026e-06 0.611204198168
v -0.826031222628 -0.0795299398627 0.611204198168
v -0.826031222628 -0.0795299398627 0.611204198168
v -0.82983094943 1.6949931026e-06 0.611204198168
v -0.845848122554 1.6949931026e-06 0.601143739455
v -0.841942794484 -0.0810604226914 0.601143739455
v -0.841942794484 -0.0810604226914 0.601143739455
v -0.845848122554 1.6949931026e-06 0.601143739455
v -0.865453947867 1.6949931026e-06 0.588151708961
v -0.861469498798 -0.0829602860924 0.588151708961
v -0.861469498798 -0.0829602860924 0.588151708961
v -0.865453947867 1.6949931026e-06 0.588151708961
v -0.884927883529 1.6949931026e-06 0.574208351957
v -0.880837833191 -0.0848073808403 0.574208351957
v -0.880837833191 -0.0848073808403 0.574208351957
v -0.884927883529 1.6949931026e-06 0.574208351957
v -0.900443658504 1.6949931026e-06 0.561289816367
v -0.896300839513 -0.0863115113234 0.561289816367
v -0.896300839513 -0.0863115113234 0.561289816367
v -0.900443658504 1.6949931026e-06 0.561289816367
v -0.911948568103 1.6949931026e-06 0.549383849741
v -0.907752980459 -0.0873933646569 0.549383849741
v -0.907752980459 -0.0873933646569 0.549383849741
v -0.911948568103 1.6949931026e-06 0.549383849741
v -0.922028532179 1.6949931026e-06 0.537077768386
v -0.917780175882 -0.088369680684 0.537077768386
v -0.917780175882 -0.088369680684 0.537077768386
v -0.922028532179 1.6949931026e-06 0.537077768386
v -0.930314170161 1.6949931026e-06 0.524575687425
v -0.926039461518 -0.0891613384059 0.524575687425
v -0.926039461518 -0.0891613384059 0.524575687425
v -0.930314170161 1.6949931026e-06 0.524575687425
v -0.936567991127 1.6949931026e-06 0.512085868809
v -0.932266866177 -0.0897682738607 0.512085868809
v -0.932266866177 -0.0897682738607 0.512085868809
v -0.936567991127 1.6949931026e-06 0.512085868809
v -0.940473319198 1.6949931026e-06 0.499808360009
v -0.936145841902 -0.0901376544331 0.499808360009
v -0.936145841902 -0.0901376544331 0.499808360009
v -0.940473319198 1.6949931026e-06 0.499808360009
v -0.940895532386 1.6949931026e-06 0.48642028244
v -0.936567991127 -0.0901904230862 0.48642028244
v -0.936567991127 -0.0901904230862 0.48642028244
v -0.940895532386 1.6949931026e-06 0.48642028244
v -0.93799293665 1.6949931026e-06 0.471639908936
v -0.933665395392 -0.0899001635127 0.471639908936
v -0.933665395392 -0.0899001635127 0.471639908936
v -0.93799293665 1.6949931026e-06 0.471639908936
v -0.933559858085 1.6949931026e-06 0.457586299679
v -0.929258733135 -0.0894779503251 0.457586299679
v -0.929258733135 -0.0894779503251 0.457586299679
v -0.933559858085 1.6949931026e-06 0.457586299679
v -0.929390622787 1.6949931026e-06 0.446366282193
v -0.925115914144 -0.0890821534451 0.446366282193
v -0.925115914144 -0.0890821534451 0.446366282193
v -0.929390622787 1.6949931026e-06 0.446366282193
v -0.923347940395 1.6949931026e-06 0.440098916659
v -0.923057680821 -0.0888710788324 0.440098916659
v -0.793231634966 -0.212548841027 0.616356907485
v -0.817428908765 -0.0787119297952 0.616356907485
v -0.826031222628 -0.0795299398627 0.611204198168
v -0.801570041601 -0.21476538031 0.611204198168
v -0.801570041601 -0.21476538031 0.611204198168
v -0.826031222628 -0.0795299398627 0.611204198168
v -0.841942794484 -0.0810604226914 0.601143739455
v -0.817033111885 -0.2189081993 0.601143739455
v -0.817033111885 -0.2189081993 0.601143739455
v -0.817033111885 -0.2189081993 0.601143739455
v -0.841942794484 -0.0810604226914 0.601143739455
v -0.861469498798 -0.0829602860924 0.588151708961
v -0.861469498798 -0.0829602860924 0.588151708961
v -0.835979233091 -0.224000918011 0.588151708961
v -0.835979233091 -0.224000918011 0.588151708961
v -0.861469498798 -0.0829602860924 0.588151708961
v -0.880837833191 -0.0848073808403 0.574208351957
v -0.854767048336 -0.22904093203 0.574208351957
v -0.854767048336 -0.22904093203 0.574208351957
v -0.880837833191 -0.0848073808403 0.574208351957
v -0.896300839513 -0.0863115113234 0.561289816367
v -0.869781489125 -0.233051797407 0.561289816367
v -0.869781489125 -0.233051797407 0.561289816367
v -0.896300839513 -0.0863115113234 0.561289816367
v -0.907752980459 -0.0873933646569 0.549383849741
v -0.880890601844 -0.236033578103 0.549383849741
v -0.880890601844 -0.236033578103 0.549383849741
v -0.907752980459 -0.0873933646569 0.549383849741
v -0.917780175882 -0.088369680684 0.537077768386
v -0.890601185348 -0.238645978228 0.537077768386
v -0.890601185348 -0.238645978228 0.537077768386
v -0.917780175882 -0.088369680684 0.537077768386
v -0.926039461518 -0.0891613384059 0.524575687425
v -0.898622916102 -0.240783332549 0.524575687425
v -0.898622916102 -0.240783332549 0.524575687425
v -0.926039461518 -0.0891613384059 0.524575687425
v -0.932266866177 -0.0897682738607 0.512085868809
v -0.904665662456 -0.242392936376 0.512085868809
v -0.904665662456 -0.242392936376 0.512085868809
v -0.932266866177 -0.0897682738607 0.512085868809
v -0.936145841902 -0.0901376544331 0.499808360009
v -0.908439036912 -0.243422085019 0.499808360009
v -0.908439036912 -0.243422085019 0.499808360009
v -0.936145841902 -0.0901376544331 0.499808360009
v -0.936567991127 -0.0901904230862 0.48642028244
v -0.908834833792 -0.243527622325 0.48642028244
v -0.908834833792 -0.243527622325 0.48642028244
v -0.936567991127 -0.0901904230862 0.48642028244
v -0.933665395392 -0.0899001635127 0.471639908936
v -0.906037775363 -0.242762380911 0.471639908936
v -0.906037775363 -0.242762380911 0.471639908936
v -0.933665395392 -0.0899001635127 0.471639908936
v -0.929258733135 -0.0894779503251 0.457586299679
v -0.901736650412 -0.241627758924 0.457586299679
v -0.901736650412 -0.241627758924 0.457586299679
v -0.929258733135 -0.0894779503251 0.457586299679
v -0.925115914144 -0.0890821534451 0.446366282193
v -0.897725785035 -0.240545841629 0.446366282193
v -0.897725785035 -0.240545841629 0.446366282193
v -0.925115914144 -0.0890821534451 0.446366282193
v -0.923057680821 -0.0888710788324 0.440098916659
v -0.895720320366 -0.240018091135 0.440098916659
v -0.82983094943 1.6949931026e-06 0.611204198168
v -0.82983094943 1.6949931026e-06 0.611204198168
v -0.821202283222 1.6949931026e-06 0.616356907485
v -0.817428908765 0.0787153197814 0.616356907485
v -0.817428908765 0.0787153197814 0.616356907485
v -0.826031222628 0.0795333298489 0.611204198168
v -0.845848122554 1.6949931026e-06 0.601143739455
v -0.82983094943 1.6949931026e-06 0.611204198168
v -0.826031222628 0.0795333298489 0.611204198168
v -0.841942794484 0.0810638126776 0.601143739455
v -0.865453947867 1.6949931026e-06 0.588151708961
v -0.845848122554 1.6949931026e-06 0.601143739455
v -0.841942794484 0.0810638126776 0.601143739455
v -0.861469498798 0.0829636760787 0.588151708961
v -0.884927883529 1.6949931026e-06 0.574208351957
v -0.865453947867 1.6949931026e-06 0.588151708961
v -0.861469498798 0.0829636760787 0.588151708961
v -0.880837833191 0.0848107708265 0.574208351957
v -0.900443658504 1.6949931026e-06 0.561289816367
v -0.884927883529 1.6949931026e-06 0.574208351957
v -0.880837833191 0.0848107708265 0.574208351957
v -0.896300839513 0.0863149013096 0.561289816367
v -0.911948568103 1.6949931026e-06 0.549383849741
v -0.900443658504 1.6949931026e-06 0.561289816367
v -0.896300839513 0.0863149013096 0.561289816367
v -0.907752980459 0.0873967546431 0.549383849741
v -0.922028532179 1.6949931026e-06 0.537077768386
v -0.911948568103 1.6949931026e-06 0.549383849741
v -0.907752980459 0.0873967546431 0.549383849741
v -0.917780175882 0.0883730706702 0.537077768386
v -0.930314170161 1.6949931026e-06 0.524575687425
v -0.922028532179 1.6949931026e-06 0.537077768386
v -0.917780175882 0.0883730706702 0.537077768386
v -0.926039461518 0.0891647283921 0.524575687425
v -0.936567991127 1.6949931026e-06 0.512085868809
v -0.930314170161 1.6949931026e-06 0.524575687425
v -0.926039461518 0.0891647283921 0.524575687425
v -0.932266866177 0.0897716638469 0.512085868809
v -0.940473319198 1.6949931026e-06 0.499808360009
v -0.936567991127 1.6949931026e-06 0.512085868809
v -0.932266866177 0.0897716638469 0.512085868809
v -0.936145841902 0.0901410444193 0.499808360009
v -0.940895532386 1.6949931026e-06 0.48642028244
v -0.940473319198 1.6949931026e-06 0.499808360009
v -0.936145841902 0.0901410444193 0.499808360009
v -0.936567991127 0.0901938130725 0.48642028244
v -0.93799293665 1.6949931026e-06 0.471639908936
v -0.940895532386 1.6949931026e-06 0.48642028244
v -0.936567991127 0.0901938130725 0.48642028244
v -0.933665395392 0.0899035534989 0.471639908936
v -0.933559858085 1.6949931026e-06 0.457586299679
v -0.93799293665 1.6949931026e-06 0.471639908936
v -0.933665395392 0.0899035534989 0.471639908936
v -0.929258733135 0.0894813403113 0.457586299679
v -0.929390622787 1.6949931026e-06 0.446366282193
v -0.933559858085 1.6949931026e-06 0.457586299679
v -0.929258733135 0.0894813403113 0.457586299679
v -0.925115914144 0.0890855434313 0.446366282193
v -0.923347940395 1.6949931026e-06 0.440098916659
v -0.929390622787 1.6949931026e-06 0.446366282193
v -0.925115914144 0.0890855434313 0.446366282193
v -0.923057680821 0.0888744688186 0.440098916659
v -0.826031222628 0.0795333298489 0.611204198168
v -0.817428908765 0.0787153197814 0.616356907485
v -0.793231634966 0.212552231014 0.616356907485
v -0.801570041601 0.214768770296 0.611204198168
v -0.841942794484 0.0810638126776 0.601143739455
v -0.826031222628 0.0795333298489 0.611204198168
v -0.801570041601 0.214768770296 0.611204198168
v -0.817033111885 0.218911589287 0.601143739455
v -0.861469498798 0.0829636760787 0.588151708961
v -0.861469498798 0.0829636760787 0.588151708961
v -0.841942794484 0.0810638126776 0.601143739455
v -0.817033111885 0.218911589287 0.601143739455
v -0.817033111885 0.218911589287 0.601143739455
v -0.835979233091 0.224004307997 0.588151708961
v -0.880837833191 0.0848107708265 0.574208351957
v -0.861469498798 0.0829636760787 0.588151708961
v -0.835979233091 0.224004307997 0.588151708961
v -0.854767048336 0.229044322016 0.574208351957
v -0.896300839513 0.0863149013096 0.561289816367
v -0.880837833191 0.0848107708265 0.574208351957
v -0.854767048336 0.229044322016 0.574208351957
v -0.869781489125 0.233055187393 0.561289816367
v -0.907752980459 0.0873967546431 0.549383849741
v -0.896300839513 0.0863149013096 0.561289816367
v -0.869781489125 0.233055187393 0.561289816367
v -0.880890601844 0.23603696809 0.549383849741
v -0.917780175882 0.0883730706702 0.537077768386
v -0.907752980459 0.0873967546431 0.549383849741
v -0.880890601844 0.23603696809 0.549383849741
v -0.890601185348 0.238649368214 0.537077768386
v -0.926039461518 0.0891647283921 0.524575687425
v -0.917780175882 0.0883730706702 0.537077768386
v -0.890601185348 0.238649368214 0.537077768386
v -0.898622916102 0.240786722535 0.524575687425
v -0.932266866177 0.0897716638469 0.512085868809
v -0.926039461518 0.0891647283921 0.524575687425
v -0.898622916102 0.240786722535 0.524575687425
v -0.904665662456 0.242396326363 0.512085868809
v -0.936145841902 0.0901410444193 0.499808360009
v -0.932266866177 0.0897716638469 0.512085868809
v -0.904665662456 0.242396326363 0.512085868809
v -0.908439036912 0.243425475005 0.499808360009
v -0.936567991127 0.0901938130725 0.48642028244
v -0.936145841902 0.0901410444193 0.499808360009
v -0.908439036912 0.243425475005 0.499808360009
v -0.908834833792 0.243531012311 0.48642028244
v -0.933665395392 0.0899035534989 0.471639908936
v -0.936567991127 0.0901938130725 0.48642028244
v -0.908834833792 0.243531012311 0.48642028244
v -0.906037775363 0.242765770897 0.471639908936
v -0.929258733135 0.0894813403113 0.457586299679
v -0.933665395392 0.0899035534989 0.471639908936
v -0.906037775363 0.242765770897 0.471639908936
v -0.901736650412 0.24163114891 0.457586299679
v -0.925115914144 0.0890855434313 0.446366282193
v -0.929258733135 0.0894813403113 0.457586299679
v -0.901736650412 0.24163114891 0.457586299679
v -0.897725785035 0.240549231615 0.446366282193
v -0.923057680821 0.0888744688186 0.440098916659
v -0.925115914144 0.0890855434313 0.446366282193
v -0.897725785035 0.240549231615 0.446366282193
v -0.895720320366 0.239995128775 0.440098916659
v -0.747264829187 0.340557470505 0.616356907485
v -0.711193201254 0.410616012777 0.616356907485
v -0.718660829169 0.414917201689 0.611204198168
v -0.755128253981 0.344119770348 0.611204198168
v -0.755128253981 0.344119770348 0.611204198168
v -0.718660829169 0.414917201689 0.611204198168
v -0.732514231664 0.422912580097 0.601143739455
v -0.769694065275 0.350769388195 0.601143739455
v -0.769694065275 0.350769388195 0.601143739455
v -0.732514231664 0.422912580097 0.601143739455
v -0.749507720815 0.432728700908 0.588151708961
v -0.787531980801 0.358896720217 0.588151708961
v -0.787531980801 0.358896720217 0.588151708961
v -0.749507720815 0.432728700908 0.588151708961
v -0.766369256352 0.442465636757 0.574208351957
v -0.805237942713 0.366971283586 0.574208351957
v -0.805237942713 0.366971283586 0.574208351957
v -0.766369256352 0.442465636757 0.574208351957
v -0.779826861966 0.450223524245 0.561289816367
v -0.81938154082 0.37340982682 0.561289816367
v -0.81938154082 0.37340982682 0.561289816367
v -0.779826861966 0.450223524245 0.561289816367
v -0.789774872429 0.455976011025 0.549383849741
v -0.829857365738 0.378185933611 0.549383849741
v -0.829857365738 0.378185933611 0.549383849741
v -0.789774872429 0.455976011025 0.549383849741
v -0.798482723598 0.461015961083 0.537077768386
v -0.838987430095 0.382355104948 0.537077768386
v -0.838987430095 0.382355104948 0.537077768386
v -0.798482723598 0.461015961083 0.537077768386
v -0.805686508246 0.465158780073 0.524575687425
v -0.846560595315 0.385811867485 0.524575687425
v -0.846560595315 0.385811867485 0.524575687425
v -0.805686508246 0.465158780073 0.524575687425
v -0.811095902838 0.46829886673 0.512085868809
v -0.852233897135 0.388397851301 0.512085868809
v -0.852233897135 0.388397851301 0.512085868809
v -0.811095902838 0.46829886673 0.512085868809
v -0.814473480414 0.470251562746 0.499808360009
v -0.855796196979 0.390007455129 0.499808360009
v -0.855796196979 0.390007455129 0.499808360009
v -0.814473480414 0.470251562746 0.499808360009
v -0.814842924949 0.470462637359 0.48642028244
v -0.856191993859 0.390192177396 0.48642028244
v -0.856191993859 0.390192177396 0.48642028244
v -0.814842924949 0.470462637359 0.48642028244
v -0.812336126093 0.468984987145 0.471639908936
v -0.853526889043 0.388978370449 0.471639908936
v -0.853526889043 0.388978370449 0.471639908936
v -0.812336126093 0.468984987145 0.471639908936
v -0.808483566676 0.466768447863 0.457586299679
v -0.849489607359 0.387131275701 0.457586299679
v -0.849489607359 0.387131275701 0.457586299679
v -0.808483566676 0.466768447863 0.457586299679
v -0.804868498179 0.46471021454 0.446366282193
v -0.84571616894 0.385416070605 0.446366282193
v -0.84571616894 0.385416070605 0.446366282193
v -0.84571616894 0.385416070605 0.446366282193
v -0.804868498179 0.46471021454 0.446366282193
v -0.799643761892 0.461675665191 0.440098916659
v -0.799643761892 0.461675665191 0.440098916659
v -0.843816305539 0.384545291884 0.440098916659
v -0.793231634966 0.212552231014 0.616356907485
v -0.747264829187 0.340557470505 0.616356907485
v -0.755128253981 0.344119770348 0.611204198168
v -0.801570041601 0.214768770296 0.611204198168
v -0.801570041601 0.214768770296 0.611204198168
v -0.755128253981 0.344119770348 0.611204198168
v -0.769694065275 0.350769388195 0.601143739455
v -0.817033111885 0.218911589287 0.601143739455
v -0.817033111885 0.218911589287 0.601143739455
v -0.769694065275 0.350769388195 0.601143739455
v -0.787531980801 0.358896720217 0.588151708961
v -0.835979233091 0.224004307997 0.588151708961
v -0.835979233091 0.224004307997 0.588151708961
v -0.787531980801 0.358896720217 0.588151708961
v -0.805237942713 0.366971283586 0.574208351957
v -0.854767048336 0.229044322016 0.574208351957
v -0.854767048336 0.229044322016 0.574208351957
v -0.854767048336 0.229044322016 0.574208351957
v -0.805237942713 0.366971283586 0.574208351957
v -0.81938154082 0.37340982682 0.561289816367
v -0.81938154082 0.37340982682 0.561289816367
v -0.869781489125 0.233055187393 0.561289816367
v -0.869781489125 0.233055187393 0.561289816367
v -0.81938154082 0.37340982682 0.561289816367
v -0.829857365738 0.378185933611 0.549383849741
v -0.880890601844 0.23603696809 0.549383849741
v -0.880890601844 0.23603696809 0.549383849741
v -0.829857365738 0.378185933611 0.549383849741
v -0.838987430095 0.382355104948 0.537077768386
v -0.890601185348 0.238649368214 0.537077768386
v -0.890601185348 0.238649368214 0.537077768386
v -0.838987430095 0.382355104948 0.537077768386
v -0.846560595315 0.385811867485 0.524575687425
v -0.898622916102 0.240786722535 0.524575687425
v -0.898622916102 0.240786722535 0.524575687425
v -0.846560595315 0.385811867485 0.524575687425
v -0.852233897135 0.388397851301 0.512085868809
v -0.904665662456 0.242396326363 0.512085868809
v -0.904665662456 0.242396326363 0.512085868809
v -0.852233897135 0.388397851301 0.512085868809
v -0.855796196979 0.390007455129 0.499808360009
v -0.908439036912 0.243425475005 0.499808360009
v -0.908439036912 0.243425475005 0.499808360009
v -0.855796196979 0.390007455129 0.499808360009
v -0.856191993859 0.390192177396 0.48642028244
v -0.908834833792 0.243531012311 0.48642028244
v -0.908834833792 0.243531012311 0.48642028244
v -0.856191993859 0.390192177396 0.48642028244
v -0.853526889043 0.388978370449 0.471639908936
v -0.906037775363 0.242765770897 0.471639908936
v -0.906037775363 0.242765770897 0.471639908936
v -0.853526889043 0.388978370449 0.471639908936
v -0.849489607359 0.387131275701 0.457586299679
v -0.901736650412 0.24163114891 0.457586299679
v -0.901736650412 0.24163114891 0.457586299679
v -0.849489607359 0.387131275701 0.457586299679
v -0.84571616894 0.385416070605 0.446366282193
v -0.897725785035 0.240549231615 0.446366282193
v -0.897725785035 0.240549231615 0.446366282193
v -0.84571616894 0.385416070605 0.446366282193
v -0.843816305539 0.384545291884 0.440098916659
v -0.895720320366 0.239995128775 0.440098916659
v -0.718660829169 0.414917201689 0.611204198168
v -0.711193201254 0.410616012777 0.616356907485
v -0.668551204398 0.476874828247 0.616356907485
v -0.675596619125 0.481888425959 0.611204198168
v -0.732514231664 0.422912580097 0.601143739455
v -0.718660829169 0.414917201689 0.611204198168
v -0.675596619125 0.481888425959 0.611204198168
v -0.688605595245 0.491176796275 0.601143739455
v -0.749507720815 0.432728700908 0.588151708961
v -0.732514231664 0.422912580097 0.601143739455
v -0.688605595245 0.491176796275 0.601143739455
v -0.704596352061 0.502576104605 0.588151708961
v -0.766369256352 0.442465636757 0.574208351957
v -0.749507720815 0.432728700908 0.588151708961
v -0.704596352061 0.502576104605 0.588151708961
v -0.720428802918 0.513869939591 0.574208351957
v -0.779826861966 0.450223524245 0.561289816367
v -0.766369256352 0.442465636757 0.574208351957
v -0.720428802918 0.513869939591 0.574208351957
v -0.733068398465 0.52289440268 0.561289816367
v -0.789774872429 0.455976011025 0.549383849741
v -0.779826861966 0.450223524245 0.561289816367
v -0.733068398465 0.52289440268 0.561289816367
v -0.74243588978 0.529570436834 0.549383849741
v -0.798482723598 0.461015961083 0.537077768386
v -0.789774872429 0.455976011025 0.549383849741
v -0.74243588978 0.529570436834 0.549383849741
v -0.750615990456 0.53542846092 0.537077768386
v -0.805686508246 0.465158780073 0.524575687425
v -0.805686508246 0.465158780073 0.524575687425
v -0.798482723598 0.461015961083 0.537077768386
v -0.750615990456 0.53542846092 0.537077768386
v -0.750615990456 0.53542846092 0.537077768386
v -0.757397561916 0.540230920057 0.524575687425
v -0.811095902838 0.46829886673 0.512085868809
v -0.805686508246 0.465158780073 0.524575687425
v -0.757397561916 0.540230920057 0.524575687425
v -0.762490344589 0.543872404862 0.512085868809
v -0.814473480414 0.470251562746 0.499808360009
v -0.811095902838 0.46829886673 0.512085868809
v -0.762490344589 0.543872404862 0.512085868809
v -0.765656847552 0.546141712797 0.499808360009
v -0.814842924949 0.470462637359 0.48642028244
v -0.814473480414 0.470251562746 0.499808360009
v -0.765656847552 0.546141712797 0.499808360009
v -0.765999875779 0.546379203718 0.48642028244
v -0.812336126093 0.468984987145 0.471639908936
v -0.812336126093 0.468984987145 0.471639908936
v -0.814842924949 0.470462637359 0.48642028244
v -0.765999875779 0.546379203718 0.48642028244
v -0.765999875779 0.546379203718 0.48642028244
v -0.763624966575 0.544690414929 0.471639908936
v -0.808483566676 0.466768447863 0.457586299679
v -0.812336126093 0.468984987145 0.471639908936
v -0.763624966575 0.544690414929 0.471639908936
v -0.760009898078 0.54213084742 0.457586299679
v -0.804868498179 0.46471021454 0.446366282193
v -0.808483566676 0.466768447863 0.457586299679
v -0.760009898078 0.54213084742 0.457586299679
v -0.756632320502 0.539703233525 0.446366282193
v -0.799643761892 0.461675665191 0.440098916659
v -0.804868498179 0.46471021454 0.446366282193
v -0.756632320502 0.539703233525 0.446366282193
v -0.754943531714 0.538489362616 0.440098916659
v -0.675596619125 0.481888425959 0.611204198168
v -0.668551204398 0.476874828247 0.616356907485
v -0.580681162908 0.580682857901 0.616356907485
v -0.586776613953 0.586778308946 0.611204198168
v -0.688605595245 0.491176796275 0.601143739455
v -0.675596619125 0.481888425959 0.611204198168
v -0.586776613953 0.586778308946 0.611204198168
v -0.598096801284 0.598098496277 0.601143739455
v -0.704596352061 0.502576104605 0.588151708961
v -0.688605595245 0.491176796275 0.601143739455
v -0.598096801284 0.598098496277 0.601143739455
v -0.611976620087 0.61197831508 0.588151708961
v -0.720428802918 0.513869939591 0.574208351957
v -0.704596352061 0.502576104605 0.588151708961
v -0.611976620087 0.61197831508 0.588151708961
v -0.625724421313 0.625726116306 0.574208351957
v -0.733068398465 0.52289440268 0.561289816367
v -0.720428802918 0.513869939591 0.574208351957
v -0.625724421313 0.625726116306 0.574208351957
v -0.636727996725 0.636729691719 0.561289816367
v -0.74243588978 0.529570436834 0.549383849741
v -0.733068398465 0.52289440268 0.561289816367
v -0.636727996725 0.636729691719 0.561289816367
v -0.644855328748 0.644857023741 0.549383849741
v -0.750615990456 0.53542846092 0.537077768386
v -0.74243588978 0.529570436834 0.549383849741
v -0.644855328748 0.644857023741 0.549383849741
v -0.651953512127 0.65195520712 0.537077768386
v -0.757397561916 0.540230920057 0.524575687425
v -0.750615990456 0.53542846092 0.537077768386
v -0.651953512127 0.65195520712 0.537077768386
v -0.65783788856 0.657839583553 0.524575687425
v -0.762490344589 0.543872404862 0.512085868809
v -0.757397561916 0.540230920057 0.524575687425
v -0.65783788856 0.657839583553 0.524575687425
v -0.662270967124 0.662272662117 0.512085868809
v -0.765656847552 0.546141712797 0.499808360009
v -0.762490344589 0.543872404862 0.512085868809
v -0.662270967124 0.662272662117 0.512085868809
v -0.6650152569 0.665016951893 0.499808360009
v -0.765999875779 0.546379203718 0.48642028244
v -0.765656847552 0.546141712797 0.499808360009
v -0.6650152569 0.665016951893 0.499808360009
v -0.665305516474 0.665307211467 0.48642028244
v -0.763624966575 0.544690414929 0.471639908936
v -0.765999875779 0.546379203718 0.48642028244
v -0.665305516474 0.665307211467 0.48642028244
v -0.663273699459 0.663275394452 0.471639908936
v -0.760009898078 0.54213084742 0.457586299679
v -0.763624966575 0.544690414929 0.471639908936
v -0.663273699459 0.663275394452 0.471639908936
v -0.660133612803 0.660135307796 0.457586299679
v -0.756632320502 0.539703233525 0.446366282193
v -0.760009898078 0.54213084742 0.457586299679
v -0.660133612803 0.660135307796 0.457586299679
v -0.657178184452 0.657179879445 0.446366282193
v -0.754943531714 0.538489362616 0.440098916659
v -0.756632320502 0.539703233525 0.446366282193
v -0.657178184452 0.657179879445 0.446366282193
v -0.655700534238 0.655702229231 0.440098916659
v -0.476873133254 0.668552899392 0.616356907485
v -0.410614317784 0.711194896248 0.616356907485
v -0.414915506696 0.718662524162 0.611204198168
v -0.481886730965 0.675598314118 0.611204198168
v -0.481886730965 0.675598314118 0.611204198168
v -0.414915506696 0.718662524162 0.611204198168
v -0.42293723745 0.732515926657 0.601143739455
v -0.491175101282 0.688607290238 0.601143739455
v -0.491175101282 0.688607290238 0.601143739455
v -0.42293723745 0.732515926657 0.601143739455
v -0.432727005915 0.749509415808 0.588151708961
v -0.502574409612 0.704598047054 0.588151708961
v -0.502574409612 0.704598047054 0.588151708961
v -0.432727005915 0.749509415808 0.588151708961
v -0.442463941764 0.766370951345 0.574208351957
v -0.513868244598 0.720430497911 0.574208351957
v -0.513868244598 0.720430497911 0.574208351957
v -0.442463941764 0.766370951345 0.574208351957
v -0.450221829252 0.77982855696 0.561289816367
v -0.522892707686 0.733070093458 0.561289816367
v -0.522892707686 0.733070093458 0.561289816367
v -0.450221829252 0.77982855696 0.561289816367
v -0.455974316032 0.789776567422 0.549383849741
v -0.529568741841 0.742437584773 0.549383849741
v -0.529568741841 0.742437584773 0.549383849741
v -0.455974316032 0.789776567422 0.549383849741
v -0.46101426609 0.798484418591 0.537077768386
v -0.535426765927 0.750617685449 0.537077768386
v -0.535426765927 0.750617685449 0.537077768386
v -0.46101426609 0.798484418591 0.537077768386
v -0.46515708508 0.805688203239 0.524575687425
v -0.540229225064 0.757399256909 0.524575687425
v -0.540229225064 0.757399256909 0.524575687425
v -0.46515708508 0.805688203239 0.524575687425
v -0.468297171737 0.811097597831 0.512085868809
v -0.543870709869 0.762492039582 0.512085868809
v -0.543870709869 0.762492039582 0.512085868809
v -0.468297171737 0.811097597831 0.512085868809
v -0.470249867753 0.814475175407 0.499808360009
v -0.546140017804 0.765658542545 0.499808360009
v -0.546140017804 0.765658542545 0.499808360009
v -0.470249867753 0.814475175407 0.499808360009
v -0.470460942366 0.814844619942 0.48642028244
v -0.546377508724 0.766001570772 0.48642028244
v -0.546377508724 0.766001570772 0.48642028244
v -0.546377508724 0.766001570772 0.48642028244
v -0.470460942366 0.814844619942 0.48642028244
v -0.469009644498 0.812337821086 0.471639908936
v -0.469009644498 0.812337821086 0.471639908936
v -0.544688719936 0.763626661568 0.471639908936
v -0.544688719936 0.763626661568 0.471639908936
v -0.469009644498 0.812337821086 0.471639908936
v -0.46676675287 0.808485261669 0.457586299679
v -0.542129152427 0.760011593072 0.457586299679
v -0.542129152427 0.760011593072 0.457586299679
v -0.46676675287 0.808485261669 0.457586299679
v -0.464708519547 0.804870193172 0.446366282193
v -0.539701538532 0.756634015495 0.446366282193
v -0.539701538532 0.756634015495 0.446366282193
v -0.464708519547 0.804870193172 0.446366282193
v -0.461673970197 0.799645456885 0.440098916659
v -0.538487667623 0.754945226707 0.440098916659
v -0.580681162908 0.580682857901 0.616356907485
v -0.476873133254 0.668552899392 0.616356907485
v -0.481886730965 0.675598314118 0.611204198168
v -0.586776613953 0.586778308946 0.611204198168
v -0.586776613953 0.586778308946 0.611204198168
v -0.481886730965 0.675598314118 0.611204198168
v -0.491175101282 0.688607290238 0.601143739455
v -0.598096801284 0.598098496277 0.601143739455
v -0.598096801284 0.598098496277 0.601143739455
v -0.491175101282 0.688607290238 0.601143739455
v -0.502574409612 0.704598047054 0.588151708961
v -0.611976620087 0.61197831508 0.588151708961
v -0.611976620087 0.61197831508 0.588151708961
v -0.502574409612 0.704598047054 0.588151708961
v -0.513868244598 0.720430497911 0.574208351957
v -0.625724421313 0.625726116306 0.574208351957
v -0.625724421313 0.625726116306 0.574208351957
v -0.513868244598 0.720430497911 0.574208351957
v -0.522892707686 0.733070093458 0.561289816367
v -0.636727996725 0.636729691719 0.561289816367
v -0.636727996725 0.636729691719 0.561289816367
v -0.522892707686 0.733070093458 0.561289816367
v -0.529568741841 0.742437584773 0.549383849741
v -0.644855328748 0.644857023741 0.549383849741
v -0.644855328748 0.644857023741 0.549383849741
v -0.529568741841 0.742437584773 0.549383849741
v -0.535426765927 0.750617685449 0.537077768386
v -0.651953512127 0.65195520712 0.537077768386
v -0.651953512127 0.65195520712 0.537077768386
v -0.535426765927 0.750617685449 0.537077768386
v -0.540229225064 0.757399256909 0.524575687425
v -0.65783788856 0.657839583553 0.524575687425
v -0.65783788856 0.657839583553 0.524575687425
v -0.540229225064 0.757399256909 0.524575687425
v -0.543870709869 0.762492039582 0.512085868809
v -0.662270967124 0.662272662117 0.512085868809
v -0.662270967124 0.662272662117 0.512085868809
v -0.662270967124 0.662272662117 0.512085868809
v -0.543870709869 0.762492039582 0.512085868809
v -0.546140017804 0.765658542545 0.499808360009
v -0.546140017804 0.765658542545 0.499808360009
v -0.6650152569 0.665016951893 0.499808360009
v -0.6650152569 0.665016951893 0.499808360009
v -0.546140017804 0.765658542545 0.499808360009
v -0.546377508724 0.766001570772 0.48642028244
v -0.665305516474 0.665307211467 0.48642028244
v -0.665305516474 0.665307211467 0.48642028244
v -0.546377508724 0.766001570772 0.48642028244
v -0.544688719936 0.763626661568 0.471639908936
v -0.663273699459 0.663275394452 0.471639908936
v -0.663273699459 0.663275394452 0.471639908936
v -0.544688719936 0.763626661568 0.471639908936
v -0.542129152427 0.760011593072 0.457586299679
v -0.660133612803 0.660135307796 0.457586299679
v -0.660133612803 0.660135307796 0.457586299679
v -0.542129152427 0.760011593072 0.457586299679
v -0.539701538532 0.756634015495 0.446366282193
v -0.657178184452 0.657179879445 0.446366282193
v -0.657178184452 0.657179879445 0.446366282193
v -0.539701538532 0.756634015495 0.446366282193
v -0.538487667623 0.754945226707 0.440098916659
v -0.655700534238 0.655702229231 0.440098916659
v -0.414915506696 0.718662524162 0.611204198168
v -0.410614317784 0.711194896248 0.616356907485
v -0.340555775511 0.74726652418 0.616356907485
v -0.344118075355 0.755129948974 0.611204198168
v -0.42293723745 0.732515926657 0.601143739455
v -0.414915506696 0.718662524162 0.611204198168
v -0.344118075355 0.755129948974 0.611204198168
v -0.350767693202 0.769695760268 0.601143739455
v -0.432727005915 0.749509415808 0.588151708961
v -0.42293723745 0.732515926657 0.601143739455
v -0.350767693202 0.769695760268 0.601143739455
v -0.358895025224 0.787533675794 0.588151708961
v -0.442463941764 0.766370951345 0.574208351957
v -0.432727005915 0.749509415808 0.588151708961
v -0.358895025224 0.787533675794 0.588151708961
v -0.366969588593 0.805239637706 0.574208351957
v -0.450221829252 0.77982855696 0.561289816367
v -0.442463941764 0.766370951345 0.574208351957
v -0.366969588593 0.805239637706 0.574208351957
v -0.373408131827 0.819383235813 0.561289816367
v -0.455974316032 0.789776567422 0.549383849741
v -0.450221829252 0.77982855696 0.561289816367
v -0.373408131827 0.819383235813 0.561289816367
v -0.378184238618 0.829859060731 0.549383849741
v -0.46101426609 0.798484418591 0.537077768386
v -0.455974316032 0.789776567422 0.549383849741
v -0.378184238618 0.829859060731 0.549383849741
v -0.382353409954 0.838989125088 0.537077768386
v -0.46515708508 0.805688203239 0.524575687425
v -0.46101426609 0.798484418591 0.537077768386
v -0.382353409954 0.838989125088 0.537077768386
v -0.385810172492 0.846562290308 0.524575687425
v -0.468297171737 0.811097597831 0.512085868809
v -0.46515708508 0.805688203239 0.524575687425
v -0.385810172492 0.846562290308 0.524575687425
v -0.388396156308 0.852235592128 0.512085868809
v -0.470249867753 0.814475175407 0.499808360009
v -0.468297171737 0.811097597831 0.512085868809
v -0.388396156308 0.852235592128 0.512085868809
v -0.390005760136 0.855797891972 0.499808360009
v -0.470460942366 0.814844619942 0.48642028244
v -0.470249867753 0.814475175407 0.499808360009
v -0.390005760136 0.855797891972 0.499808360009
v -0.390190482403 0.856193688852 0.48642028244
v -0.469009644498 0.812337821086 0.471639908936
v -0.470460942366 0.814844619942 0.48642028244
v -0.390190482403 0.856193688852 0.48642028244
v -0.388976675455 0.853528584036 0.471639908936
v -0.46676675287 0.808485261669 0.457586299679
v -0.469009644498 0.812337821086 0.471639908936
v -0.388976675455 0.853528584036 0.471639908936
v -0.387129580708 0.849491302352 0.457586299679
v -0.464708519547 0.804870193172 0.446366282193
v -0.46676675287 0.808485261669 0.457586299679
v -0.387129580708 0.849491302352 0.457586299679
v -0.385414375612 0.845717863933 0.446366282193
v -0.461673970197 0.799645456885 0.440098916659
v -0.461673970197 0.799645456885 0.440098916659
v -0.464708519547 0.804870193172 0.446366282193
v -0.385414375612 0.845717863933 0.446366282193
v -0.385414375612 0.845717863933 0.446366282193
v -0.384543596891 0.843818000532 0.440098916659
v -0.344118075355 0.755129948974 0.611204198168
v -0.340555775511 0.74726652418 0.616356907485
v -0.21255053602 0.793233329959 0.616356907485
v -0.214767075303 0.801571736594 0.611204198168
v -0.350767693202 0.769695760268 0.601143739455
v -0.344118075355 0.755129948974 0.611204198168
v -0.214767075303 0.801571736594 0.611204198168
v -0.218909894294 0.817034806878 0.601143739455
v -0.358895025224 0.787533675794 0.588151708961
v -0.350767693202 0.769695760268 0.601143739455
v -0.218909894294 0.817034806878 0.601143739455
v -0.224002613004 0.835980928084 0.588151708961
v -0.366969588593 0.805239637706 0.574208351957
v -0.358895025224 0.787533675794 0.588151708961
v -0.224002613004 0.835980928084 0.588151708961
v -0.229042627023 0.854768743329 0.574208351957
v -0.373408131827 0.819383235813 0.561289816367
v -0.366969588593 0.805239637706 0.574208351957
v -0.229042627023 0.854768743329 0.574208351957
v -0.2330534924 0.869783184118 0.561289816367
v -0.378184238618 0.829859060731 0.549383849741
v -0.373408131827 0.819383235813 0.561289816367
v -0.2330534924 0.869783184118 0.561289816367
v -0.236035273097 0.880892296837 0.549383849741
v -0.382353409954 0.838989125088 0.537077768386
v -0.378184238618 0.829859060731 0.549383849741
v -0.236035273097 0.880892296837 0.549383849741
v -0.238647673221 0.890602880341 0.537077768386
v -0.385810172492 0.846562290308 0.524575687425
v -0.382353409954 0.838989125088 0.537077768386
v -0.238647673221 0.890602880341 0.537077768386
v -0.240785027542 0.898624611095 0.524575687425
v -0.388396156308 0.852235592128 0.512085868809
v -0.385810172492 0.846562290308 0.524575687425
v -0.240785027542 0.898624611095 0.524575687425
v -0.24239463137 0.904667357449 0.512085868809
v -0.390005760136 0.855797891972 0.499808360009
v -0.388396156308 0.852235592128 0.512085868809
v -0.24239463137 0.904667357449 0.512085868809
v -0.243423780012 0.908440731905 0.499808360009
v -0.390190482403 0.856193688852 0.48642028244
v -0.390005760136 0.855797891972 0.499808360009
v -0.243423780012 0.908440731905 0.499808360009
v -0.243529317318 0.908836528785 0.48642028244
v -0.388976675455 0.853528584036 0.471639908936
v -0.390190482403 0.856193688852 0.48642028244
v -0.243529317318 0.908836528785 0.48642028244
v -0.242764075904 0.906039470356 0.471639908936
v -0.387129580708 0.849491302352 0.457586299679
v -0.388976675455 0.853528584036 0.471639908936
v -0.242764075904 0.906039470356 0.471639908936
v -0.241629453917 0.901738345405 0.457586299679
v -0.385414375612 0.845717863933 0.446366282193
v -0.387129580708 0.849491302352 0.457586299679
v -0.241629453917 0.901738345405 0.457586299679
v -0.240547536622 0.897727480029 0.446366282193
v -0.384543596891 0.843818000532 0.440098916659
v -0.385414375612 0.845717863933 0.446366282193
v -0.240547536622 0.897727480029 0.446366282193
v -0.240019786128 0.895722015359 0.440098916659
v -0.0787136247883 0.817430603758 0.616356907485
v 0 0.821203978215 0.616356907485
v 0 0.829832644423 0.611204198168
v -0.0795316348558 0.826032917621 0.611204198168
v -0.0795316348558 0.826032917621 0.611204198168
v 0 0.829832644423 0.611204198168
v 0 0.845849817547 0.601143739455
v -0.0810621176845 0.841944489477 0.601143739455
v -0.0810621176845 0.841944489477 0.601143739455
v 0 0.845849817547 0.601143739455
v 0 0.86545564286 0.588151708961
v -0.0829619810855 0.861471193791 0.588151708961
v -0.0829619810855 0.861471193791 0.588151708961
v 0 0.86545564286 0.588151708961
v 0 0.884929578522 0.574208351957
v -0.0848090758334 0.880839528184 0.574208351957
v -0.0848090758334 0.880839528184 0.574208351957
v 0 0.884929578522 0.574208351957
v 0 0.900445353497 0.561289816367
v -0.0863132063165 0.896302534506 0.561289816367
v -0.0863132063165 0.896302534506 0.561289816367
v 0 0.900445353497 0.561289816367
v 0 0.911950263096 0.549383849741
v -0.08739505965 0.907754675452 0.549383849741
v -0.08739505965 0.907754675452 0.549383849741
v 0 0.911950263096 0.549383849741
v 0 0.922030227172 0.537077768386
v -0.0883713756771 0.917781870875 0.537077768386
v -0.0883713756771 0.917781870875 0.537077768386
v 0 0.922030227172 0.537077768386
v 0 0.930315865154 0.524575687425
v -0.089163033399 0.926041156511 0.524575687425
v -0.089163033399 0.926041156511 0.524575687425
v 0 0.930315865154 0.524575687425
v 0 0.936569686121 0.512085868809
v -0.0897699688538 0.93226856117 0.512085868809
v -0.0897699688538 0.93226856117 0.512085868809
v 0 0.936569686121 0.512085868809
v 0 0.940475014191 0.499808360009
v -0.0901393494262 0.936147536895 0.499808360009
v -0.0901393494262 0.936147536895 0.499808360009
v 0 0.940475014191 0.499808360009
v 0 0.940897227379 0.48642028244
v -0.0901921180794 0.936569686121 0.48642028244
v -0.0901921180794 0.936569686121 0.48642028244
v 0 0.940897227379 0.48642028244
v 0 0.937994631643 0.471639908936
v -0.0899018585058 0.933667090385 0.471639908936
v -0.0899018585058 0.933667090385 0.471639908936
v 0 0.937994631643 0.471639908936
v 0 0.933561553078 0.457586299679
v -0.0894796453182 0.929260428128 0.457586299679
v -0.0894796453182 0.929260428128 0.457586299679
v 0 0.933561553078 0.457586299679
v 0 0.92939231778 0.446366282193
v -0.0890838484382 0.925117609137 0.446366282193
v -0.0890838484382 0.925117609137 0.446366282193
v 0 0.92939231778 0.446366282193
v 0 0.923349635388 0.440098916659
v -0.0888727738255 0.923059375814 0.440098916659
v -0.21255053602 0.793233329959 0.616356907485
v -0.0787136247883 0.817430603758 0.616356907485
v -0.0795316348558 0.826032917621 0.611204198168
v -0.214767075303 0.801571736594 0.611204198168
v -0.214767075303 0.801571736594 0.611204198168
v -0.0795316348558 0.826032917621 0.611204198168
v -0.0810621176845 0.841944489477 0.601143739455
v -0.218909894294 0.817034806878 0.601143739455
v -0.218909894294 0.817034806878 0.601143739455
v -0.0810621176845 0.841944489477 0.601143739455
v -0.0829619810855 0.861471193791 0.588151708961
v -0.224002613004 0.835980928084 0.588151708961
v -0.224002613004 0.835980928084 0.588151708961
v -0.0829619810855 0.861471193791 0.588151708961
v -0.0848090758334 0.880839528184 0.574208351957
v -0.229042627023 0.854768743329 0.574208351957
v -0.229042627023 0.854768743329 0.574208351957
v -0.0848090758334 0.880839528184 0.574208351957
v -0.0863132063165 0.896302534506 0.561289816367
v -0.2330534924 0.869783184118 0.561289816367
v -0.2330534924 0.869783184118 0.561289816367
v -0.0863132063165 0.896302534506 0.561289816367
v -0.08739505965 0.907754675452 0.549383849741
v -0.236035273097 0.880892296837 0.549383849741
v -0.236035273097 0.880892296837 0.549383849741
v -0.08739505965 0.907754675452 0.549383849741
v -0.0883713756771 0.917781870875 0.537077768386
v -0.238647673221 0.890602880341 0.537077768386
v -0.238647673221 0.890602880341 0.537077768386
v -0.0883713756771 0.917781870875 0.537077768386
v -0.089163033399 0.926041156511 0.524575687425
v -0.240785027542 0.898624611095 0.524575687425
v -0.240785027542 0.898624611095 0.524575687425
v -0.089163033399 0.926041156511 0.524575687425
v -0.0897699688538 0.93226856117 0.512085868809
v -0.24239463137 0.904667357449 0.512085868809
v -0.24239463137 0.904667357449 0.512085868809
v -0.0897699688538 0.93226856117 0.512085868809
v -0.0901393494262 0.936147536895 0.499808360009
v -0.243423780012 0.908440731905 0.499808360009
v -0.243423780012 0.908440731905 0.499808360009
v -0.0901393494262 0.936147536895 0.499808360009
v -0.0901921180794 0.936569686121 0.48642028244
v -0.243529317318 0.908836528785 0.48642028244
v -0.243529317318 0.908836528785 0.48642028244
v -0.0901921180794 0.936569686121 0.48642028244
v -0.0899018585058 0.933667090385 0.471639908936
v -0.242764075904 0.906039470356 0.471639908936
v -0.242764075904 0.906039470356 0.471639908936
v -0.0899018585058 0.933667090385 0.471639908936
v -0.0894796453182 0.929260428128 0.457586299679
v -0.241629453917 0.901738345405 0.457586299679
v -0.241629453917 0.901738345405 0.457586299679
v -0.0894796453182 0.929260428128 0.457586299679
v -0.0890838484382 0.925117609137 0.446366282193
v -0.240547536622 0.897727480029 0.446366282193
v -0.240547536622 0.897727480029 0.446366282193
v -0.0890838484382 0.925117609137 0.446366282193
v -0.0888727738255 0.923059375814 0.440098916659
v -0.240019786128 0.895722015359 0.440098916659
v 0 0.829832644423 0.611204198168
v 0 0.821203978215 0.616356907485
v 0.0787136247883 0.817430603758 0.616356907485
v 0.0795316348558 0.826032917621 0.611204198168
v 0 0.845849817547 0.601143739455
v 0 0.829832644423 0.611204198168
v 0.0795316348558 0.826032917621 0.611204198168
v 0.0810621176845 0.841944489477 0.601143739455
v 0 0.86545564286 0.588151708961
v 0 0.845849817547 0.601143739455
v 0.0810621176845 0.841944489477 0.601143739455
v 0.0829619810855 0.861471193791 0.588151708961
v 0 0.884929578522 0.574208351957
v 0 0.86545564286 0.588151708961
v 0.0829619810855 0.861471193791 0.588151708961
v 0.0848090758334 0.880839528184 0.574208351957
v 0 0.900445353497 0.561289816367
v 0 0.884929578522 0.574208351957
v 0.0848090758334 0.880839528184 0.574208351957
v 0.0863132063165 0.896302534506 0.561289816367
v 0 0.911950263096 0.549383849741
v 0 0.900445353497 0.561289816367
v 0.0863132063165 0.896302534506 0.561289816367
v 0.08739505965 0.907754675452 0.549383849741
v 0 0.922030227172 0.537077768386
v 0 0.911950263096 0.549383849741
v 0.08739505965 0.907754675452 0.549383849741
v 0.0883713756771 0.917781870875 0.537077768386
v 0 0.930315865154 0.524575687425
v 0 0.922030227172 0.537077768386
v 0.0883713756771 0.917781870875 0.537077768386
v 0.089163033399 0.926041156511 0.524575687425
v 0 0.936569686121 0.512085868809
v 0 0.930315865154 0.524575687425
v 0.089163033399 0.926041156511 0.524575687425
v 0.0897699688538 0.93226856117 0.512085868809
v 0 0.940475014191 0.499808360009
v 0 0.936569686121 0.512085868809
v 0.0897699688538 0.93226856117 0.512085868809
v 0.0901393494262 0.936147536895 0.499808360009
v 0 0.940897227379 0.48642028244
v 0 0.940475014191 0.499808360009
v 0.0901393494262 0.936147536895 0.499808360009
v 0.0901921180794 0.936569686121 0.48642028244
v 0 0.937994631643 0.471639908936
v 0 0.940897227379 0.48642028244
v 0.0901921180794 0.936569686121 0.48642028244
v 0.0899018585058 0.933667090385 0.471639908936
v 0 0.933561553078 0.457586299679
v 0 0.937994631643 0.471639908936
v 0.0899018585058 0.933667090385 0.471639908936
v 0.0894796453182 0.929260428128 0.457586299679
v 0 0.92939231778 0.446366282193
v 0 0.933561553078 0.457586299679
v 0.0894796453182 0.929260428128 0.457586299679
v 0.0890838484382 0.925117609137 0.446366282193
v 0 0.923349635388 0.440098916659
v 0 0.92939231778 0.446366282193
v 0.0890838484382 0.925117609137 0.446366282193
v 0.0888727738255 0.923059375814 0.440098916659
v 0.0795316348558 0.826032917621 0.611204198168
v 0.0787136247883 0.817430603758 0.616356907485
v 0.21255053602 0.793233329959 0.616356907485
v 0.214767075303 0.801571736594 0.611204198168
v 0.0810621176845 0.841944489477 0.601143739455
v 0.0795316348558 0.826032917621 0.611204198168
v 0.214767075303 0.801571736594 0.611204198168
v 0.218909894294 0.817034806878 0.601143739455
v 0.0829619810855 0.861471193791 0.588151708961
v 0.0810621176845 0.841944489477 0.601143739455
v 0.218909894294 0.817034806878 0.601143739455
v 0.224002613004 0.835980928084 0.588151708961
v 0.0848090758334 0.880839528184 0.574208351957
v 0.0829619810855 0.861471193791 0.588151708961
v 0.224002613004 0.835980928084 0.588151708961
v 0.229042627023 0.854768743329 0.574208351957
v 0.0863132063165 0.896302534506 0.561289816367
v 0.0848090758334 0.880839528184 0.574208351957
v 0.229042627023 0.854768743329 0.574208351957
v 0.2330534924 0.869783184118 0.561289816367
v 0.08739505965 0.907754675452 0.549383849741
v 0.0863132063165 0.896302534506 0.561289816367
v 0.2330534924 0.869783184118 0.561289816367
v 0.236035273097 0.880892296837 0.549383849741
v 0.0883713756771 0.917781870875 0.537077768386
v 0.08739505965 0.907754675452 0.549383849741
v 0.236035273097 0.880892296837 0.549383849741
v 0.238647673221 0.890602880341 0.537077768386
v 0.089163033399 0.926041156511 0.524575687425
v 0.0883713756771 0.917781870875 0.537077768386
v 0.238647673221 0.890602880341 0.537077768386
v 0.240785027542 0.898624611095 0.524575687425
v 0.0897699688538 0.93226856117 0.512085868809
v 0.089163033399 0.926041156511 0.524575687425
v 0.240785027542 0.898624611095 0.524575687425
v 0.24239463137 0.904667357449 0.512085868809
v 0.0901393494262 0.936147536895 0.499808360009
v 0.0897699688538 0.93226856117 0.512085868809
v 0.24239463137 0.904667357449 0.512085868809
v 0.243423780012 0.908440731905 0.499808360009
v 0.0901921180794 0.936569686121 0.48642028244
v 0.0901393494262 0.936147536895 0.499808360009
v 0.243423780012 0.908440731905 0.499808360009
v 0.243529317318 0.908836528785 0.48642028244
v 0.0899018585058 0.933667090385 0.471639908936
v 0.0901921180794 0.936569686121 0.48642028244
v 0.243529317318 0.908836528785 0.48642028244
v 0.242764075904 0.906039470356 0.471639908936
v 0.0894796453182 0.929260428128 0.457586299679
v 0.0899018585058 0.933667090385 0.471639908936
v 0.242764075904 0.906039470356 0.471639908936
v 0.241629453917 0.901738345405 0.457586299679
v 0.0890838484382 0.925117609137 0.446366282193
v 0.0894796453182 0.929260428128 0.457586299679
v 0.241629453917 0.901738345405 0.457586299679
v 0.240547536622 0.897727480029 0.446366282193
v 0.0888727738255 0.923059375814 0.440098916659
v 0.0890838484382 0.925117609137 0.446366282193
v 0.240547536622 0.897727480029 0.446366282193
v 0.240019786128 0.895722015359 0.440098916659
v 0.340555775511 0.74726652418 0.616356907485
v 0.410614317784 0.711194896248 0.616356907485
v 0.414915506696 0.718662524162 0.611204198168
v 0.344118075355 0.755129948974 0.611204198168
v 0.344118075355 0.755129948974 0.611204198168
v 0.414915506696 0.718662524162 0.611204198168
v 0.42293723745 0.732515926657 0.601143739455
v 0.350767693202 0.769695760268 0.601143739455
v 0.350767693202 0.769695760268 0.601143739455
v 0.42293723745 0.732515926657 0.601143739455
v 0.432727005915 0.749509415808 0.588151708961
v 0.358895025224 0.787533675794 0.588151708961
v 0.358895025224 0.787533675794 0.588151708961
v 0.432727005915 0.749509415808 0.588151708961
v 0.442463941764 0.766370951345 0.574208351957
v 0.366969588593 0.805239637706 0.574208351957
v 0.366969588593 0.805239637706 0.574208351957
v 0.442463941764 0.766370951345 0.574208351957
v 0.450221829252 0.77982855696 0.561289816367
v 0.373408131827 0.819383235813 0.561289816367
v 0.373408131827 0.819383235813 0.561289816367
v 0.450221829252 0.77982855696 0.561289816367
v 0.455974316032 0.789776567422 0.549383849741
v 0.378184238618 0.829859060731 0.549383849741
v 0.378184238618 0.829859060731 0.549383849741
v 0.455974316032 0.789776567422 0.549383849741
v 0.46101426609 0.798484418591 0.537077768386
v 0.382353409954 0.838989125088 0.537077768386
v 0.382353409954 0.838989125088 0.537077768386
v 0.46101426609 0.798484418591 0.537077768386
v 0.46515708508 0.805688203239 0.524575687425
v 0.385810172492 0.846562290308 0.524575687425
v 0.385810172492 0.846562290308 0.524575687425
v 0.46515708508 0.805688203239 0.524575687425
v 0.468297171737 0.811097597831 0.512085868809
v 0.388396156308 0.852235592128 0.512085868809
v 0.388396156308 0.852235592128 0.512085868809
v 0.468297171737 0.811097597831 0.512085868809
v 0.470249867753 0.814475175407 0.499808360009
v 0.390005760136 0.855797891972 0.499808360009
v 0.390005760136 0.855797891972 0.499808360009
v 0.470249867753 0.814475175407 0.499808360009
v 0.470460942366 0.814844619942 0.48642028244
v 0.390190482403 0.856193688852 0.48642028244
v 0.390190482403 0.856193688852 0.48642028244
v 0.470460942366 0.814844619942 0.48642028244
v 0.469009644498 0.812337821086 0.471639908936
v 0.388976675455 0.853528584036 0.471639908936
v 0.388976675455 0.853528584036 0.471639908936
v 0.469009644498 0.812337821086 0.471639908936
v 0.46676675287 0.808485261669 0.457586299679
v 0.387129580708 0.849491302352 0.457586299679
v 0.387129580708 0.849491302352 0.457586299679
v 0.46676675287 0.808485261669 0.457586299679
v 0.464708519547 0.804870193172 0.446366282193
v 0.385414375612 0.845717863933 0.446366282193
v 0.385414375612 0.845717863933 0.446366282193
v 0.385414375612 0.845717863933 0.446366282193
v 0.464708519547 0.804870193172 0.446366282193
v 0.461673970197 0.799645456885 0.440098916659
v 0.384543596891 0.843818000532 0.440098916659
v 0.21255053602 0.793233329959 0.616356907485
v 0.340555775511 0.74726652418 0.616356907485
v 0.344118075355 0.755129948974 0.611204198168
v 0.214767075303 0.801571736594 0.611204198168
v 0.214767075303 0.801571736594 0.611204198168
v 0.344118075355 0.755129948974 0.611204198168
v 0.350767693202 0.769695760268 0.601143739455
v 0.218909894294 0.817034806878 0.601143739455
v 0.218909894294 0.817034806878 0.601143739455
v 0.350767693202 0.769695760268 0.601143739455
v 0.358895025224 0.787533675794 0.588151708961
v 0.224002613004 0.835980928084 0.588151708961
v 0.224002613004 0.835980928084 0.588151708961
v 0.358895025224 0.787533675794 0.588151708961
v 0.366969588593 0.805239637706 0.574208351957
v 0.229042627023 0.854768743329 0.574208351957
v 0.229042627023 0.854768743329 0.574208351957
v 0.229042627023 0.854768743329 0.574208351957
v 0.366969588593 0.805239637706 0.574208351957
v 0.373408131827 0.819383235813 0.561289816367
v 0.373408131827 0.819383235813 0.561289816367
v 0.2330534924 0.869783184118 0.561289816367
v 0.2330534924 0.869783184118 0.561289816367
v 0.373408131827 0.819383235813 0.561289816367
v 0.378184238618 0.829859060731 0.549383849741
v 0.236035273097 0.880892296837 0.549383849741
v 0.236035273097 0.880892296837 0.549383849741
v 0.378184238618 0.829859060731 0.549383849741
v 0.382353409954 0.838989125088 0.537077768386
v 0.238647673221 0.890602880341 0.537077768386
v 0.238647673221 0.890602880341 0.537077768386
v 0.382353409954 0.838989125088 0.537077768386
v 0.385810172492 0.846562290308 0.524575687425
v 0.240785027542 0.898624611095 0.524575687425
v 0.240785027542 0.898624611095 0.524575687425
v 0.385810172492 0.846562290308 0.524575687425
v 0.388396156308 0.852235592128 0.512085868809
v 0.24239463137 0.904667357449 0.512085868809
v 0.24239463137 0.904667357449 0.512085868809
v 0.388396156308 0.852235592128 0.512085868809
v 0.390005760136 0.855797891972 0.499808360009
v 0.243423780012 0.908440731905 0.499808360009
v 0.243423780012 0.908440731905 0.499808360009
v 0.390005760136 0.855797891972 0.499808360009
v 0.390190482403 0.856193688852 0.48642028244
v 0.243529317318 0.908836528785 0.48642028244
v 0.243529317318 0.908836528785 0.48642028244
v 0.390190482403 0.856193688852 0.48642028244
v 0.388976675455 0.853528584036 0.471639908936
v 0.242764075904 0.906039470356 0.471639908936
v 0.242764075904 0.906039470356 0.471639908936
v 0.388976675455 0.853528584036 0.471639908936
v 0.387129580708 0.849491302352 0.457586299679
v 0.241629453917 0.901738345405 0.457586299679
v 0.241629453917 0.901738345405 0.457586299679
v 0.387129580708 0.849491302352 0.457586299679
v 0.385414375612 0.845717863933 0.446366282193
v 0.240547536622 0.897727480029 0.446366282193
v 0.240547536622 0.897727480029 0.446366282193
v 0.385414375612 0.845717863933 0.446366282193
v 0.384543596891 0.843818000532 0.440098916659
v 0.240019786128 0.895722015359 0.440098916659
v 0.414915506696 0.718662524162 0.611204198168
v 0.410614317784 0.711194896248 0.616356907485
v 0.476873133254 0.668552899392 0.616356907485
v 0.481886730965 0.675598314118 0.611204198168
v 0.42293723745 0.732515926657 0.601143739455
v 0.414915506696 0.718662524162 0.611204198168
v 0.481886730965 0.675598314118 0.611204198168
v 0.491175101282 0.688607290238 0.601143739455
v 0.432727005915 0.749509415808 0.588151708961
v 0.42293723745 0.732515926657 0.601143739455
v 0.491175101282 0.688607290238 0.601143739455
v 0.502574409612 0.704598047054 0.588151708961
v 0.442463941764 0.766370951345 0.574208351957
v 0.432727005915 0.749509415808 0.588151708961
v 0.502574409612 0.704598047054 0.588151708961
v 0.513868244598 0.720430497911 0.574208351957
v 0.450221829252 0.77982855696 0.561289816367
v 0.442463941764 0.766370951345 0.574208351957
v 0.513868244598 0.720430497911 0.574208351957
v 0.522892707686 0.733070093458 0.561289816367
v 0.455974316032 0.789776567422 0.549383849741
v 0.450221829252 0.77982855696 0.561289816367
v 0.522892707686 0.733070093458 0.561289816367
v 0.529568741841 0.742437584773 0.549383849741
v 0.46101426609 0.798484418591 0.537077768386
v 0.455974316032 0.789776567422 0.549383849741
v 0.529568741841 0.742437584773 0.549383849741
v 0.535426765927 0.750617685449 0.537077768386
v 0.46515708508 0.805688203239 0.524575687425
v 0.46101426609 0.798484418591 0.537077768386
v 0.535426765927 0.750617685449 0.537077768386
v 0.540229225064 0.757399256909 0.524575687425
v 0.468297171737 0.811097597831 0.512085868809
v 0.46515708508 0.805688203239 0.524575687425
v 0.540229225064 0.757399256909 0.524575687425
v 0.543870709869 0.762492039582 0.512085868809
v 0.470249867753 0.814475175407 0.499808360009
v 0.468297171737 0.811097597831 0.512085868809
v 0.543870709869 0.762492039582 0.512085868809
v 0.546140017804 0.765658542545 0.499808360009
v 0.470460942366 0.814844619942 0.48642028244
v 0.470249867753 0.814475175407 0.499808360009
v 0.546140017804 0.765658542545 0.499808360009
v 0.546377508724 0.766001570772 0.48642028244
v 0.469009644498 0.812337821086 0.471639908936
v 0.469009644498 0.812337821086 0.471639908936
v 0.470460942366 0.814844619942 0.48642028244
v 0.546377508724 0.766001570772 0.48642028244
v 0.546377508724 0.766001570772 0.48642028244
v 0.544688719936 0.763626661568 0.471639908936
v 0.46676675287 0.808485261669 0.457586299679
v 0.469009644498 0.812337821086 0.471639908936
v 0.544688719936 0.763626661568 0.471639908936
v 0.542129152427 0.760011593072 0.457586299679
v 0.464708519547 0.804870193172 0.446366282193
v 0.46676675287 0.808485261669 0.457586299679
v 0.542129152427 0.760011593072 0.457586299679
v 0.539701538532 0.756634015495 0.446366282193
v 0.461673970197 0.799645456885 0.440098916659
v 0.464708519547 0.804870193172 0.446366282193
v 0.539701538532 0.756634015495 0.446366282193
v 0.538487667623 0.754945226707 0.440098916659
v 0.481886730965 0.675598314118 0.611204198168
v 0.476873133254 0.668552899392 0.616356907485
v 0.580681162908 0.580682857901 0.616356907485
v 0.586776613953 0.586778308946 0.611204198168
v 0.491175101282 0.688607290238 0.601143739455
v 0.481886730965 0.675598314118 0.611204198168
v 0.586776613953 0.586778308946 0.611204198168
v 0.598096801284 0.598098496277 0.601143739455
v 0.502574409612 0.704598047054 0.588151708961
v 0.491175101282 0.688607290238 0.601143739455
v 0.598096801284 0.598098496277 0.601143739455
v 0.611976620087 0.61197831508 0.588151708961
v 0.513868244598 0.720430497911 0.574208351957
v 0.502574409612 0.704598047054 0.588151708961
v 0.611976620087 0.61197831508 0.588151708961
v 0.625724421313 0.625726116306 0.574208351957
v 0.522892707686 0.733070093458 0.561289816367
v 0.513868244598 0.720430497911 0.574208351957
v 0.625724421313 0.625726116306 0.574208351957
v 0.636727996725 0.636729691719 0.561289816367
v 0.529568741841 0.742437584773 0.549383849741
v 0.522892707686 0.733070093458 0.561289816367
v 0.636727996725 0.636729691719 0.561289816367
v 0.644855328748 0.644857023741 0.549383849741
v 0.535426765927 0.750617685449 0.537077768386
v 0.529568741841 0.742437584773 0.549383849741
v 0.644855328748 0.644857023741 0.549383849741
v 0.651953512127 0.65195520712 0.537077768386
v 0.540229225064 0.757399256909 0.524575687425
v 0.535426765927 0.750617685449 0.537077768386
v 0.651953512127 0.65195520712 0.537077768386
v 0.65783788856 0.657839583553 0.524575687425
v 0.543870709869 0.762492039582 0.512085868809
v 0.540229225064 0.757399256909 0.524575687425
v 0.65783788856 0.657839583553 0.524575687425
v 0.662270967124 0.662272662117 0.512085868809
v 0.546140017804 0.765658542545 0.499808360009
v 0.546140017804 0.765658542545 0.499808360009
v 0.543870709869 0.762492039582 0.512085868809
v 0.662270967124 0.662272662117 0.512085868809
v 0.662270967124 0.662272662117 0.512085868809
v 0.6650152569 0.665016951893 0.499808360009
v 0.546377508724 0.766001570772 0.48642028244
v 0.546140017804 0.765658542545 0.499808360009
v 0.6650152569 0.665016951893 0.499808360009
v 0.665305516474 0.665307211467 0.48642028244
v 0.544688719936 0.763626661568 0.471639908936
v 0.546377508724 0.766001570772 0.48642028244
v 0.665305516474 0.665307211467 0.48642028244
v 0.663273699459 0.663275394452 0.471639908936
v 0.542129152427 0.760011593072 0.457586299679
v 0.544688719936 0.763626661568 0.471639908936
v 0.663273699459 0.663275394452 0.471639908936
v 0.660133612803 0.660135307796 0.457586299679
v 0.539701538532 0.756634015495 0.446366282193
v 0.542129152427 0.760011593072 0.457586299679
v 0.660133612803 0.660135307796 0.457586299679
v 0.657178184452 0.657179879445 0.446366282193
v 0.538487667623 0.754945226707 0.440098916659
v 0.539701538532 0.756634015495 0.446366282193
v 0.657178184452 0.657179879445 0.446366282193
v 0.655700534238 0.655702229231 0.440098916659
v 0.668551204398 0.476874828247 0.616356907485
v 0.711193201254 0.410616012777 0.616356907485
v 0.718660829169 0.414917201689 0.611204198168
v 0.675596619125 0.481888425959 0.611204198168
v 0.675596619125 0.481888425959 0.611204198168
v 0.718660829169 0.414917201689 0.611204198168
v 0.732514231664 0.422912580097 0.601143739455
v 0.688605595245 0.491176796275 0.601143739455
v 0.688605595245 0.491176796275 0.601143739455
v 0.732514231664 0.422912580097 0.601143739455
v 0.749507720815 0.432728700908 0.588151708961
v 0.704596352061 0.502576104605 0.588151708961
v 0.704596352061 0.502576104605 0.588151708961
v 0.749507720815 0.432728700908 0.588151708961
v 0.766369256352 0.442465636757 0.574208351957
v 0.720428802918 0.513869939591 0.574208351957
v 0.720428802918 0.513869939591 0.574208351957
v 0.766369256352 0.442465636757 0.574208351957
v 0.779826861966 0.450223524245 0.561289816367
v 0.733068398465 0.52289440268 0.561289816367
v 0.733068398465 0.52289440268 0.561289816367
v 0.779826861966 0.450223524245 0.561289816367
v 0.789774872429 0.455976011025 0.549383849741
v 0.74243588978 0.529570436834 0.549383849741
v 0.74243588978 0.529570436834 0.549383849741
v 0.789774872429 0.455976011025 0.549383849741
v 0.798482723598 0.461015961083 0.537077768386
v 0.750615990456 0.53542846092 0.537077768386
v 0.750615990456 0.53542846092 0.537077768386
v 0.798482723598 0.461015961083 0.537077768386
v 0.805686508246 0.465158780073 0.524575687425
v 0.757397561916 0.540230920057 0.524575687425
v 0.757397561916 0.540230920057 0.524575687425
v 0.805686508246 0.465158780073 0.524575687425
v 0.811095902838 0.46829886673 0.512085868809
v 0.762490344589 0.543872404862 0.512085868809
v 0.762490344589 0.543872404862 0.512085868809
v 0.811095902838 0.46829886673 0.512085868809
v 0.814473480414 0.470251562746 0.499808360009
v 0.765656847552 0.546141712797 0.499808360009
v 0.765656847552 0.546141712797 0.499808360009
v 0.814473480414 0.470251562746 0.499808360009
v 0.814842924949 0.470462637359 0.48642028244
v 0.765999875779 0.546379203718 0.48642028244
v 0.765999875779 0.546379203718 0.48642028244
v 0.765999875779 0.546379203718 0.48642028244
v 0.814842924949 0.470462637359 0.48642028244
v 0.812336126093 0.468984987145 0.471639908936
v 0.812336126093 0.468984987145 0.471639908936
v 0.763624966575 0.544690414929 0.471639908936
v 0.763624966575 0.544690414929 0.471639908936
v 0.812336126093 0.468984987145 0.471639908936
v 0.808483566676 0.466768447863 0.457586299679
v 0.760009898078 0.54213084742 0.457586299679
v 0.760009898078 0.54213084742 0.457586299679
v 0.808483566676 0.466768447863 0.457586299679
v 0.804868498179 0.46471021454 0.446366282193
v 0.756632320502 0.539703233525 0.446366282193
v 0.756632320502 0.539703233525 0.446366282193
v 0.804868498179 0.46471021454 0.446366282193
v 0.799643761892 0.461675665191 0.440098916659
v 0.754943531714 0.538489362616 0.440098916659
v 0.580681162908 0.580682857901 0.616356907485
v 0.668551204398 0.476874828247 0.616356907485
v 0.675596619125 0.481888425959 0.611204198168
v 0.586776613953 0.586778308946 0.611204198168
v 0.586776613953 0.586778308946 0.611204198168
v 0.675596619125 0.481888425959 0.611204198168
v 0.688605595245 0.491176796275 0.601143739455
v 0.598096801284 0.598098496277 0.601143739455
v 0.598096801284 0.598098496277 0.601143739455
v 0.598096801284 0.598098496277 0.601143739455
v 0.688605595245 0.491176796275 0.601143739455
v 0.704596352061 0.502576104605 0.588151708961
v 0.704596352061 0.502576104605 0.588151708961
v 0.611976620087 0.61197831508 0.588151708961
v 0.611976620087 0.61197831508 0.588151708961
v 0.704596352061 0.502576104605 0.588151708961
v 0.720428802918 0.513869939591 0.574208351957
v 0.625724421313 0.625726116306 0.574208351957
v 0.625724421313 0.625726116306 0.574208351957
v 0.720428802918 0.513869939591 0.574208351957
v 0.733068398465 0.52289440268 0.561289816367
v 0.636727996725 0.636729691719 0.561289816367
v 0.636727996725 0.636729691719 0.561289816367
v 0.733068398465 0.52289440268 0.561289816367
v 0.74243588978 0.529570436834 0.549383849741
v 0.644855328748 0.644857023741 0.549383849741
v 0.644855328748 0.644857023741 0.549383849741
v 0.74243588978 0.529570436834 0.549383849741
v 0.750615990456 0.53542846092 0.537077768386
v 0.651953512127 0.65195520712 0.537077768386
v 0.651953512127 0.65195520712 0.537077768386
v 0.750615990456 0.53542846092 0.537077768386
v 0.757397561916 0.540230920057 0.524575687425
v 0.65783788856 0.657839583553 0.524575687425
v 0.65783788856 0.657839583553 0.524575687425
v 0.757397561916 0.540230920057 0.524575687425
v 0.762490344589 0.543872404862 0.512085868809
v 0.662270967124 0.662272662117 0.512085868809
v 0.662270967124 0.662272662117 0.512085868809
v 0.662270967124 0.662272662117 0.512085868809
v 0.762490344589 0.543872404862 0.512085868809
v 0.765656847552 0.546141712797 0.499808360009
v 0.765656847552 0.546141712797 0.499808360009
v 0.6650152569 0.665016951893 0.499808360009
v 0.6650152569 0.665016951893 0.499808360009
v 0.765656847552 0.546141712797 0.499808360009
v 0.765999875779 0.546379203718 0.48642028244
v 0.665305516474 0.665307211467 0.48642028244
v 0.665305516474 0.665307211467 0.48642028244
v 0.765999875779 0.546379203718 0.48642028244
v 0.763624966575 0.544690414929 0.471639908936
v 0.663273699459 0.663275394452 0.471639908936
v 0.663273699459 0.663275394452 0.471639908936
v 0.763624966575 0.544690414929 0.471639908936
v 0.760009898078 0.54213084742 0.457586299679
v 0.660133612803 0.660135307796 0.457586299679
v 0.660133612803 0.660135307796 0.457586299679
v 0.760009898078 0.54213084742 0.457586299679
v 0.756632320502 0.539703233525 0.446366282193
v 0.657178184452 0.657179879445 0.446366282193
v 0.657178184452 0.657179879445 0.446366282193
v 0.756632320502 0.539703233525 0.446366282193
v 0.754943531714 0.538489362616 0.440098916659
v 0.655700534238 0.655702229231 0.440098916659
v 0.718660829169 0.414917201689 0.611204198168
v 0.711193201254 0.410616012777 0.616356907485
v 0.747264829187 0.340557470505 0.616356907485
v 0.755128253981 0.344119770348 0.611204198168
v 0.732514231664 0.422912580097 0.601143739455
v 0.718660829169 0.414917201689 0.611204198168
v 0.755128253981 0.344119770348 0.611204198168
v 0.769694065275 0.350769388195 0.601143739455
v 0.749507720815 0.432728700908 0.588151708961
v 0.732514231664 0.422912580097 0.601143739455
v 0.769694065275 0.350769388195 0.601143739455
v 0.787531980801 0.358896720217 0.588151708961
v 0.766369256352 0.442465636757 0.574208351957
v 0.749507720815 0.432728700908 0.588151708961
v 0.787531980801 0.358896720217 0.588151708961
v 0.805237942713 0.366971283586 0.574208351957
v 0.779826861966 0.450223524245 0.561289816367
v 0.766369256352 0.442465636757 0.574208351957
v 0.805237942713 0.366971283586 0.574208351957
v 0.81938154082 0.37340982682 0.561289816367
v 0.789774872429 0.455976011025 0.549383849741
v 0.779826861966 0.450223524245 0.561289816367
v 0.81938154082 0.37340982682 0.561289816367
v 0.829857365738 0.378185933611 0.549383849741
v 0.798482723598 0.461015961083 0.537077768386
v 0.789774872429 0.455976011025 0.549383849741
v 0.829857365738 0.378185933611 0.549383849741
v 0.838987430095 0.382355104948 0.537077768386
v 0.805686508246 0.465158780073 0.524575687425
v 0.798482723598 0.461015961083 0.537077768386
v 0.838987430095 0.382355104948 0.537077768386
v 0.846560595315 0.385811867485 0.524575687425
v 0.811095902838 0.46829886673 0.512085868809
v 0.805686508246 0.465158780073 0.524575687425
v 0.846560595315 0.385811867485 0.524575687425
v 0.852233897135 0.388397851301 0.512085868809
v 0.814473480414 0.470251562746 0.499808360009
v 0.811095902838 0.46829886673 0.512085868809
v 0.852233897135 0.388397851301 0.512085868809
v 0.855796196979 0.390007455129 0.499808360009
v 0.814842924949 0.470462637359 0.48642028244
v 0.814473480414 0.470251562746 0.499808360009
v 0.855796196979 0.390007455129 0.499808360009
v 0.856191993859 0.390192177396 0.48642028244
v 0.812336126093 0.468984987145 0.471639908936
v 0.814842924949 0.470462637359 0.48642028244
v 0.856191993859 0.390192177396 0.48642028244
v 0.853526889043 0.388978370449 0.471639908936
v 0.808483566676 0.466768447863 0.457586299679
v 0.812336126093 0.468984987145 0.471639908936
v 0.853526889043 0.388978370449 0.471639908936
v 0.849489607359 0.387131275701 0.457586299679
v 0.804868498179 0.46471021454 0.446366282193
v 0.808483566676 0.466768447863 0.457586299679
v 0.849489607359 0.387131275701 0.457586299679
v 0.84571616894 0.385416070605 0.446366282193
v 0.799643761892 0.461675665191 0.440098916659
v 0.804868498179 0.46471021454 0.446366282193
v 0.84571616894 0.385416070605 0.446366282193
v 0.843816305539 0.384545291884 0.440098916659
v 0.755128253981 0.344119770348 0.611204198168
v 0.747264829187 0.340557470505 0.616356907485
v 0.793231634966 0.212552231014 0.616356907485
v 0.801570041601 0.214768770296 0.611204198168
v 0.769694065275 0.350769388195 0.601143739455
v 0.755128253981 0.344119770348 0.611204198168
v 0.801570041601 0.214768770296 0.611204198168
v 0.817033111885 0.218911589287 0.601143739455
v 0.787531980801 0.358896720217 0.588151708961
v 0.769694065275 0.350769388195 0.601143739455
v 0.817033111885 0.218911589287 0.601143739455
v 0.835979233091 0.224004307997 0.588151708961
v 0.805237942713 0.366971283586 0.574208351957
v 0.787531980801 0.358896720217 0.588151708961
v 0.835979233091 0.224004307997 0.588151708961
v 0.854767048336 0.229044322016 0.574208351957
v 0.81938154082 0.37340982682 0.561289816367
v 0.81938154082 0.37340982682 0.561289816367
v 0.805237942713 0.366971283586 0.574208351957
v 0.854767048336 0.229044322016 0.574208351957
v 0.854767048336 0.229044322016 0.574208351957
v 0.869781489125 0.233055187393 0.561289816367
v 0.829857365738 0.378185933611 0.549383849741
v 0.81938154082 0.37340982682 0.561289816367
v 0.869781489125 0.233055187393 0.561289816367
v 0.880890601844 0.23603696809 0.549383849741
v 0.838987430095 0.382355104948 0.537077768386
v 0.829857365738 0.378185933611 0.549383849741
v 0.880890601844 0.23603696809 0.549383849741
v 0.890601185348 0.238649368214 0.537077768386
v 0.846560595315 0.385811867485 0.524575687425
v 0.838987430095 0.382355104948 0.537077768386
v 0.890601185348 0.238649368214 0.537077768386
v 0.898622916102 0.240786722535 0.524575687425
v 0.852233897135 0.388397851301 0.512085868809
v 0.846560595315 0.385811867485 0.524575687425
v 0.898622916102 0.240786722535 0.524575687425
v 0.904665662456 0.242396326363 0.512085868809
v 0.855796196979 0.390007455129 0.499808360009
v 0.852233897135 0.388397851301 0.512085868809
v 0.904665662456 0.242396326363 0.512085868809
v 0.908439036912 0.243425475005 0.499808360009
v 0.856191993859 0.390192177396 0.48642028244
v 0.855796196979 0.390007455129 0.499808360009
v 0.908439036912 0.243425475005 0.499808360009
v 0.908834833792 0.243531012311 0.48642028244
v 0.853526889043 0.388978370449 0.471639908936
v 0.856191993859 0.390192177396 0.48642028244
v 0.908834833792 0.243531012311 0.48642028244
v 0.906037775363 0.242765770897 0.471639908936
v 0.849489607359 0.387131275701 0.457586299679
v 0.853526889043 0.388978370449 0.471639908936
v 0.906037775363 0.242765770897 0.471639908936
v 0.901736650412 0.24163114891 0.457586299679
v 0.84571616894 0.385416070605 0.446366282193
v 0.849489607359 0.387131275701 0.457586299679
v 0.901736650412 0.24163114891 0.457586299679
v 0.897725785035 0.240549231615 0.446366282193
v 0.843816305539 0.384545291884 0.440098916659
v 0.84571616894 0.385416070605 0.446366282193
v 0.897725785035 0.240549231615 0.446366282193
v 0.895720320366 0.239995128775 0.440098916659
v 0.817428908765 0.0787153197814 0.616356907485
v 0.821202283222 1.6949931026e-06 0.616356907485
v 0.82983094943 1.6949931026e-06 0.611204198168
v 0.826031222628 0.0795333298489 0.611204198168
v 0.826031222628 0.0795333298489 0.611204198168
v 0.82983094943 1.6949931026e-06 0.611204198168
v 0.845848122554 1.6949931026e-06 0.601143739455
v 0.841942794484 0.0810638126776 0.601143739455
v 0.841942794484 0.0810638126776 0.601143739455
v 0.845848122554 1.6949931026e-06 0.601143739455
v 0.865453947867 1.6949931026e-06 0.588151708961
v 0.861469498798 0.0829636760787 0.588151708961
v 0.861469498798 0.0829636760787 0.588151708961
v 0.865453947867 1.6949931026e-06 0.588151708961
v 0.884927883529 1.6949931026e-06 0.574208351957
v 0.880837833191 0.0848107708265 0.574208351957
v 0.880837833191 0.0848107708265 0.574208351957
v 0.884927883529 1.6949931026e-06 0.574208351957
v 0.900443658504 1.6949931026e-06 0.561289816367
v 0.896300839513 0.0863149013096 0.561289816367
v 0.896300839513 0.0863149013096 0.561289816367
v 0.900443658504 1.6949931026e-06 0.561289816367
v 0.911948568103 1.6949931026e-06 0.549383849741
v 0.907752980459 0.0873967546431 0.549383849741
v 0.907752980459 0.0873967546431 0.549383849741
v 0.911948568103 1.6949931026e-06 0.549383849741
v 0.922028532179 1.6949931026e-06 0.537077768386
v 0.917780175882 0.0883730706702 0.537077768386
v 0.917780175882 0.0883730706702 0.537077768386
v 0.922028532179 1.6949931026e-06 0.537077768386
v 0.930314170161 1.6949931026e-06 0.524575687425
v 0.926039461518 0.0891647283921 0.524575687425
v 0.926039461518 0.0891647283921 0.524575687425
v 0.930314170161 1.6949931026e-06 0.524575687425
v 0.936567991127 1.6949931026e-06 0.512085868809
v 0.932266866177 0.0897716638469 0.512085868809
v 0.932266866177 0.0897716638469 0.512085868809
v 0.936567991127 1.6949931026e-06 0.512085868809
v 0.940473319198 1.6949931026e-06 0.499808360009
v 0.936145841902 0.0901410444193 0.499808360009
v 0.936145841902 0.0901410444193 0.499808360009
v 0.940473319198 1.6949931026e-06 0.499808360009
v 0.940895532386 1.6949931026e-06 0.48642028244
v 0.936567991127 0.0901938130725 0.48642028244
v 0.936567991127 0.0901938130725 0.48642028244
v 0.940895532386 1.6949931026e-06 0.48642028244
v 0.93799293665 1.6949931026e-06 0.471639908936
v 0.933665395392 0.0899035534989 0.471639908936
v 0.933665395392 0.0899035534989 0.471639908936
v 0.93799293665 1.6949931026e-06 0.471639908936
v 0.933559858085 1.6949931026e-06 0.457586299679
v 0.929258733135 0.0894813403113 0.457586299679
v 0.929258733135 0.0894813403113 0.457586299679
v 0.933559858085 1.6949931026e-06 0.457586299679
v 0.929390622787 1.6949931026e-06 0.446366282193
v 0.925115914144 0.0890855434313 0.446366282193
v 0.925115914144 0.0890855434313 0.446366282193
v 0.929390622787 1.6949931026e-06 0.446366282193
v 0.923347940395 1.6949931026e-06 0.440098916659
v 0.923057680821 0.0888744688186 0.440098916659
v 0.793231634966 0.212552231014 0.616356907485
v 0.817428908765 0.0787153197814 0.616356907485
v 0.826031222628 0.0795333298489 0.611204198168
v 0.801570041601 0.214768770296 0.611204198168
v 0.801570041601 0.214768770296 0.611204198168
v 0.826031222628 0.0795333298489 0.611204198168
v 0.841942794484 0.0810638126776 0.601143739455
v 0.817033111885 0.218911589287 0.601143739455
v 0.817033111885 0.218911589287 0.601143739455
v 0.841942794484 0.0810638126776 0.601143739455
v 0.861469498798 0.0829636760787 0.588151708961
v 0.835979233091 0.224004307997 0.588151708961
v 0.835979233091 0.224004307997 0.588151708961
v 0.861469498798 0.0829636760787 0.588151708961
v 0.880837833191 0.0848107708265 0.574208351957
v 0.854767048336 0.229044322016 0.574208351957
v 0.854767048336 0.229044322016 0.574208351957
v 0.880837833191 0.0848107708265 0.574208351957
v 0.896300839513 0.0863149013096 0.561289816367
v 0.869781489125 0.233055187393 0.561289816367
v 0.869781489125 0.233055187393 0.561289816367
v 0.896300839513 0.0863149013096 0.561289816367
v 0.907752980459 0.0873967546431 0.549383849741
v 0.880890601844 0.23603696809 0.549383849741
v 0.880890601844 0.23603696809 0.549383849741
v 0.907752980459 0.0873967546431 0.549383849741
v 0.917780175882 0.0883730706702 0.537077768386
v 0.890601185348 0.238649368214 0.537077768386
v 0.890601185348 0.238649368214 0.537077768386
v 0.917780175882 0.0883730706702 0.537077768386
v 0.926039461518 0.0891647283921 0.524575687425
v 0.898622916102 0.240786722535 0.524575687425
v 0.898622916102 0.240786722535 0.524575687425
v 0.926039461518 0.0891647283921 0.524575687425
v 0.932266866177 0.0897716638469 0.512085868809
v 0.904665662456 0.242396326363 0.512085868809
v 0.904665662456 0.242396326363 0.512085868809
v 0.932266866177 0.0897716638469 0.512085868809
v 0.936145841902 0.0901410444193 0.499808360009
v 0.908439036912 0.243425475005 0.499808360009
v 0.908439036912 0.243425475005 0.499808360009
v 0.936145841902 0.0901410444193 0.499808360009
v 0.936567991127 0.0901938130725 0.48642028244
v 0.908834833792 0.243531012311 0.48642028244
v 0.908834833792 0.243531012311 0.48642028244
v 0.936567991127 0.0901938130725 0.48642028244
v 0.933665395392 0.0899035534989 0.471639908936
v 0.906037775363 0.242765770897 0.471639908936
v 0.906037775363 0.242765770897 0.471639908936
v 0.933665395392 0.0899035534989 0.471639908936
v 0.929258733135 0.0894813403113 0.457586299679
v 0.901736650412 0.24163114891 0.457586299679
v 0.901736650412 0.24163114891 0.457586299679
v 0.929258733135 0.0894813403113 0.457586299679
v 0.925115914144 0.0890855434313 0.446366282193
v 0.897725785035 0.240549231615 0.446366282193
v 0.897725785035 0.240549231615 0.446366282193
v 0.925115914144 0.0890855434313 0.446366282193
v 0.923057680821 0.0888744688186 0.440098916659
v 0.895720320366 0.239995128775 0.440098916659
vn 0.512490077688 -0.0245910449816 0.858340958348
vn 0.512490077688 -0.0245910449816 0.858340958348
vn 0.512490077688 -0.0245910449816 0.858340958348
vn 0.512490077688 -0.0245910449816 0.858340958348
vn 0.532124860236 -0.0255639353256 0.846279869978
vn 0.532124860236 -0.0255639353256 0.846279869978
vn 0.532124860236 -0.0255639353256 0.846279869978
vn 0.532124860236 -0.0255639353256 0.846279869978
vn 0.552068102508 -0.0265051714117 0.833377637138
vn 0.552068102508 -0.0265051714117 0.833377637138
vn 0.552068102508 -0.0265051714117 0.833377637138
vn 0.552068102508 -0.0265051714117 0.833377637138
vn 0.582308898175 -0.0279703890945 0.812486310309
vn 0.582308898175 -0.0279703890945 0.812486310309
vn 0.582308898175 -0.0279703890945 0.812486310309
vn 0.582308898175 -0.0279703890945 0.812486310309
vn 0.639129421934 -0.0307198691958 0.768485440106
vn 0.639129421934 -0.0307198691958 0.768485440106
vn 0.639129421934 -0.0307198691958 0.768485440106
vn 0.639129421934 -0.0307198691958 0.768485440106
vn 0.718710357654 -0.0345568776826 0.694450317882
vn 0.718710357654 -0.0345568776826 0.694450317882
vn 0.718710357654 -0.0345568776826 0.694450317882
vn 0.718710357654 -0.0345568776826 0.694450317882
vn 0.773816964838 -0.0371682051095 0.632317823138
vn 0.773816964838 -0.0371682051095 0.632317823138
vn 0.773816964838 -0.0371682051095 0.632317823138
vn 0.773816964838 -0.0371682051095 0.632317823138
vn 0.832370178729 -0.039959804223 0.552777622204
vn 0.832370178729 -0.039959804223 0.552777622204
vn 0.832370178729 -0.039959804223 0.552777622204
vn 0.832370178729 -0.039959804223 0.552777622204
vn 0.893253946066 -0.0428733189273 0.447503370224
vn 0.893253946066 -0.0428733189273 0.447503370224
vn 0.893253946066 -0.0428733189273 0.447503370224
vn 0.893253946066 -0.0428733189273 0.447503370224
vn 0.951956094013 -0.0457083948074 0.302804124336
vn 0.951956094013 -0.0457083948074 0.302804124336
vn 0.951956094013 -0.0457083948074 0.302804124336
vn 0.951956094013 -0.0457083948074 0.302804124336
vn 0.998346714373 -0.0479782130791 0.0316532615916
vn 0.998346714373 -0.0479782130791 0.0316532615916
vn 0.998346714373 -0.0479782130791 0.0316532615916
vn 0.998346714373 -0.0479782130791 0.0316532615916
vn 0.980093036627 -0.047119855076 -0.192866168139
vn 0.980093036627 -0.047119855076 -0.192866168139
vn 0.980093036627 -0.047119855076 -0.192866168139
vn 0.980093036627 -0.047119855076 -0.192866168139
vn 0.952673905532 -0.0457382777816 -0.300533591572
vn 0.952673905532 -0.0457382777816 -0.300533591572
vn 0.952673905532 -0.0457382777816 -0.300533591572
vn 0.952673905532 -0.0457382777816 -0.300533591572
vn 0.936695621615 -0.0449937020738 -0.347241816637
vn 0.936695621615 -0.0449937020738 -0.347241816637
vn 0.936695621615 -0.0449937020738 -0.347241816637
vn 0.936695621615 -0.0449937020738 -0.347241816637
vn 0.949615183675 -0.00313781154319 -0.313402547967
vn 0.949615183675 -0.00313781154319 -0.313402547967
vn 0.949615183675 -0.00313781154319 -0.313402547967
vn 0.949615183675 -0.00313781154319 -0.313402547967
vn 0.505836927848 -0.0914732416061 0.85776549738
vn 0.505836927848 -0.0914732416061 0.85776549738
vn 0.505836927848 -0.0914732416061 0.85776549738
vn 0.505836927848 -0.0914732416061 0.85776549738
vn 0.525055643075 -0.094935246727 0.845756389632
vn 0.525055643075 -0.094935246727 0.845756389632
vn 0.525055643075 -0.094935246727 0.845756389632
vn 0.525055643075 -0.094935246727 0.845756389632
vn 0.544763455274 -0.0985053268712 0.832784172746
vn 0.544763455274 -0.0985053268712 0.832784172746
vn 0.544763455274 -0.0985053268712 0.832784172746
vn 0.544763455274 -0.0985053268712 0.832784172746
vn 0.574423568803 -0.103897817474 0.811937686727
vn 0.574423568803 -0.103897817474 0.811937686727
vn 0.574423568803 -0.103897817474 0.811937686727
vn 0.574423568803 -0.103897817474 0.811937686727
vn 0.630489712533 -0.114042068483 0.767774139318
vn 0.630489712533 -0.114042068483 0.767774139318
vn 0.630489712533 -0.114042068483 0.767774139318
vn 0.630489712533 -0.114042068483 0.767774139318
vn 0.708766357469 -0.128164879722 0.693703116705
vn 0.708766357469 -0.128164879722 0.693703116705
vn 0.708766357469 -0.128164879722 0.693703116705
vn 0.708766357469 -0.128164879722 0.693703116705
vn 0.763076126612 -0.137952409061 0.631414252158
vn 0.763076126612 -0.137952409061 0.631414252158
vn 0.763076126612 -0.137952409061 0.631414252158
vn 0.763076126612 -0.137952409061 0.631414252158
vn 0.820529625906 -0.148364225804 0.552013758444
vn 0.820529625906 -0.148364225804 0.552013758444
vn 0.820529625906 -0.148364225804 0.552013758444
vn 0.820529625906 -0.148364225804 0.552013758444
vn 0.880461786475 -0.159202857519 0.446588728826
vn 0.880461786475 -0.159202857519 0.446588728826
vn 0.880461786475 -0.159202857519 0.446588728826
vn 0.880461786475 -0.159202857519 0.446588728826
vn 0.938205998496 -0.169619703893 0.301659842268
vn 0.938205998496 -0.169619703893 0.301659842268
vn 0.938205998496 -0.169619703893 0.301659842268
vn 0.938205998496 -0.169619703893 0.301659842268
vn 0.983553935055 -0.177819357202 0.0316533259373
vn 0.983553935055 -0.177819357202 0.0316533259373
vn 0.983553935055 -0.177819357202 0.0316533259373
vn 0.983553935055 -0.177819357202 0.0316533259373
vn 0.965677355344 -0.174658403492 -0.19225422613
vn 0.965677355344 -0.174658403492 -0.19225422613
vn 0.965677355344 -0.174658403492 -0.19225422613
vn 0.965677355344 -0.174658403492 -0.19225422613
vn 0.938728603285 -0.16971418835 -0.299976171798
vn 0.938728603285 -0.16971418835 -0.299976171798
vn 0.938728603285 -0.16971418835 -0.299976171798
vn 0.938728603285 -0.16971418835 -0.299976171798
vn 0.922994205788 -0.166954470335 -0.346710110779
vn 0.922994205788 -0.166954470335 -0.346710110779
vn 0.922994205788 -0.166954470335 -0.346710110779
vn 0.922994205788 -0.166954470335 -0.346710110779
vn 0.934290969652 -0.168929088206 -0.313948000764
vn 0.934290969652 -0.168929088206 -0.313948000764
vn 0.934290969652 -0.168929088206 -0.313948000764
vn 0.934290969652 -0.168929088206 -0.313948000764
vn 0.456148306585 -0.234937312016 0.85833162695
vn 0.456148306585 -0.234937312016 0.85833162695
vn 0.456148306585 -0.234937312016 0.85833162695
vn 0.456148306585 -0.234937312016 0.85833162695
vn 0.473599352558 -0.243903941403 0.846294582652
vn 0.473599352558 -0.243903941403 0.846294582652
vn 0.473599352558 -0.243903941403 0.846294582652
vn 0.473599352558 -0.243903941403 0.846294582652
vn 0.49138692782 -0.253071646529 0.833362843478
vn 0.49138692782 -0.253071646529 0.833362843478
vn 0.49138692782 -0.253071646529 0.833362843478
vn 0.49138692782 -0.253071646529 0.833362843478
vn 0.518261895975 -0.266943644272 0.812493506413
vn 0.518261895975 -0.266943644272 0.812493506413
vn 0.518261895975 -0.266943644272 0.812493506413
vn 0.518261895975 -0.266943644272 0.812493506413
vn 0.5688376874 -0.293009987051 0.768484764248
vn 0.5688376874 -0.293009987051 0.768484764248
vn 0.5688376874 -0.293009987051 0.768484764248
vn 0.5688376874 -0.293009987051 0.768484764248
vn 0.639688158208 -0.329483412787 0.694434835638
vn 0.639703483453 -0.32941855819 0.694451486266
vn 0.639688158208 -0.329483412787 0.694434835638
vn 0.639703483453 -0.32941855819 0.694451486266
vn 0.639688158208 -0.329483412787 0.694434835638
vn 0.639703483453 -0.32941855819 0.694451486266
vn 0.688712094458 -0.354741387313 0.632324441307
vn 0.688712094458 -0.354741387313 0.632324441307
vn 0.688712094458 -0.354741387313 0.632324441307
vn 0.688712094458 -0.354741387313 0.632324441307
vn 0.740856768319 -0.381569719262 0.552752926883
vn 0.740856768319 -0.381569719262 0.552752926883
vn 0.740856768319 -0.381569719262 0.552752926883
vn 0.740856768319 -0.381569719262 0.552752926883
vn 0.79504138558 -0.40944990069 0.447504160919
vn 0.79504138558 -0.40944990069 0.447504160919
vn 0.79504138558 -0.40944990069 0.447504160919
vn 0.79504138558 -0.40944990069 0.447504160919
vn 0.847279325788 -0.436378912525 0.302805529664
vn 0.847279325788 -0.436378912525 0.302805529664
vn 0.847279325788 -0.436378912525 0.302805529664
vn 0.847279325788 -0.436378912525 0.302805529664
vn 0.88855749828 -0.457672075928 0.0316519061862
vn 0.88855749828 -0.457672075928 0.0316519061862
vn 0.88855749828 -0.457672075928 0.0316519061862
vn 0.88855749828 -0.457672075928 0.0316519061862
vn 0.872309437465 -0.449309055552 -0.192866839836
vn 0.872309437465 -0.449309055552 -0.192866839836
vn 0.872309437465 -0.449309055552 -0.192866839836
vn 0.872309437465 -0.449309055552 -0.192866839836
vn 0.847937180201 -0.436668554187 -0.300538037885
vn 0.847937180201 -0.436668554187 -0.300538037885
vn 0.847937180201 -0.436668554187 -0.300538037885
vn 0.847937180201 -0.436668554187 -0.300538037885
vn 0.833719075355 -0.429352169887 -0.347230784354
vn 0.833719075355 -0.429352169887 -0.347230784354
vn 0.833719075355 -0.429352169887 -0.347230784354
vn 0.833719075355 -0.429352169887 -0.347230784354
vn 0.823972245436 -0.472077334519 -0.313389101574
vn 0.823972245436 -0.472077334519 -0.313389101574
vn 0.823972245436 -0.472077334519 -0.313389101574
vn 0.823972245436 -0.472077334519 -0.313389101574
vn 0.483803934765 -0.173708601606 0.857763996933
vn 0.483803934765 -0.173708601606 0.857763996933
vn 0.483803934765 -0.173708601606 0.857763996933
vn 0.483803934765 -0.173708601606 0.857763996933
vn 0.502195426516 -0.180309090359 0.845747235006
vn 0.502195426516 -0.180309090359 0.845747235006
vn 0.502195426516 -0.180309090359 0.845747235006
vn 0.502195426516 -0.180309090359 0.845747235006
vn 0.521053859865 -0.187061007635 0.832773111083
vn 0.521053859865 -0.187061007635 0.832773111083
vn 0.521053859865 -0.187061007635 0.832773111083
vn 0.521053859865 -0.187061007635 0.832773111083
vn 0.549401748024 -0.197285442643 0.811933601589
vn 0.549401748024 -0.197285442643 0.811933601589
vn 0.549401748024 -0.197285442643 0.811933601589
vn 0.549401748024 -0.197285442643 0.811933601589
vn 0.603040720598 -0.21654466492 0.767756665484
vn 0.603049224482 -0.216482552415 0.767767502146
vn 0.603049224482 -0.216482552415 0.767767502146
vn 0.603040720598 -0.21654466492 0.767756665484
vn 0.603049224482 -0.216482552415 0.767767502146
vn 0.603040720598 -0.21654466492 0.767756665484
vn 0.677894668549 -0.243369211896 0.693707607752
vn 0.677894668549 -0.243369211896 0.693707607752
vn 0.677894668549 -0.243369211896 0.693707607752
vn 0.677894668549 -0.243369211896 0.693707607752
vn 0.72983705771 -0.262062931089 0.631395984578
vn 0.72983705771 -0.262062931089 0.631395984578
vn 0.72983705771 -0.262062931089 0.631395984578
vn 0.72983705771 -0.262062931089 0.631395984578
vn 0.784790208225 -0.281796930659 0.551991683765
vn 0.784790208225 -0.281796930659 0.551991683765
vn 0.784790208225 -0.281796930659 0.551991683765
vn 0.784790208225 -0.281796930659 0.551991683765
vn 0.842118703425 -0.302333537041 0.446576445552
vn 0.842118703425 -0.302333537041 0.446576445552
vn 0.842118703425 -0.302333537041 0.446576445552
vn 0.842118703425 -0.302333537041 0.446576445552
vn 0.897323543198 -0.322177330403 0.301682327286
vn 0.897323543198 -0.322177330403 0.301682327286
vn 0.897323543198 -0.322177330403 0.301682327286
vn 0.897323543198 -0.322177330403 0.301682327286
vn 0.940712513591 -0.337724983452 0.0316512610376
vn 0.940712513591 -0.337724983452 0.0316512610376
vn 0.940712513591 -0.337724983452 0.0316512610376
vn 0.940712513591 -0.337724983452 0.0316512610376
vn 0.923600019788 -0.33165949914 -0.192262789115
vn 0.923600019788 -0.33165949914 -0.192262789115
vn 0.923600019788 -0.33165949914 -0.192262789115
vn 0.923600019788 -0.33165949914 -0.192262789115
vn 0.897841978825 -0.322329184654 -0.299972795067
vn 0.897841978825 -0.322329184654 -0.299972795067
vn 0.897841978825 -0.322329184654 -0.299972795067
vn 0.897841978825 -0.322329184654 -0.299972795067
vn 0.882782382127 -0.316997422285 -0.34671010956
vn 0.882782382127 -0.316997422285 -0.34671010956
vn 0.882782382127 -0.316997422285 -0.34671010956
vn 0.882782382127 -0.316997422285 -0.34671010956
vn 0.893570974529 -0.320864135283 -0.313969935135
vn 0.893570974529 -0.320864135283 -0.313969935135
vn 0.893570974529 -0.320864135283 -0.313969935135
vn 0.893570974529 -0.320864135283 -0.313969935135
vn 0.43151278639 -0.277552500422 0.85834802073
vn 0.43151278639 -0.277552500422 0.85834802073
vn 0.43151278639 -0.277552500422 0.85834802073
vn 0.43151278639 -0.277552500422 0.85834802073
vn 0.448036120312 -0.288176043688 0.846296758082
vn 0.448036120312 -0.288176043688 0.846296758082
vn 0.448036120312 -0.288176043688 0.846296758082
vn 0.448036120312 -0.288176043688 0.846296758082
vn 0.464837243172 -0.29899420958 0.833383945128
vn 0.464837243172 -0.29899420958 0.833383945128
vn 0.464837243172 -0.29899420958 0.833383945128
vn 0.464837243172 -0.29899420958 0.833383945128
vn 0.490293793143 -0.315372044799 0.812497673698
vn 0.490293793143 -0.315372044799 0.812497673698
vn 0.490293793143 -0.315372044799 0.812497673698
vn 0.490293793143 -0.315372044799 0.812497673698
vn 0.538168672701 -0.346174772244 0.768464382249
vn 0.538168672701 -0.346174772244 0.768464382249
vn 0.538168672701 -0.346174772244 0.768464382249
vn 0.538168672701 -0.346174772244 0.768464382249
vn 0.605159362873 -0.389228492942 0.694466216463
vn 0.605159362873 -0.389228492942 0.694466216463
vn 0.605159362873 -0.389228492942 0.694466216463
vn 0.605159362873 -0.389228492942 0.694466216463
vn 0.651551886436 -0.419089045628 0.632332595329
vn 0.651551886436 -0.419089045628 0.632332595329
vn 0.651551886436 -0.419089045628 0.632332595329
vn 0.651551886436 -0.419089045628 0.632332595329
vn 0.700862319182 -0.450793706682 0.552790234688
vn 0.700862319182 -0.450793706682 0.552790234688
vn 0.700862319182 -0.450793706682 0.552790234688
vn 0.700862319182 -0.450793706682 0.552790234688
vn 0.75209724633 -0.483817836041 0.447515400397
vn 0.75209724633 -0.483817836041 0.447515400397
vn 0.75209724633 -0.483817836041 0.447515400397
vn 0.75209724633 -0.483817836041 0.447515400397
vn 0.801558151668 -0.515573658298 0.302800813019
vn 0.801558151668 -0.515573658298 0.302800813019
vn 0.801558151668 -0.515573658298 0.302800813019
vn 0.801558151668 -0.515573658298 0.302800813019
vn 0.840594579931 -0.540739198149 0.0316523581306
vn 0.840594579931 -0.540739198149 0.0316523581306
vn 0.840594579931 -0.540739198149 0.0316523581306
vn 0.840594579931 -0.540739198149 0.0316523581306
vn 0.825242847424 -0.530821806213 -0.192879373763
vn 0.825274164713 -0.530778802999 -0.192863722211
vn 0.825274164713 -0.530778802999 -0.192863722211
vn 0.825242847424 -0.530821806213 -0.192879373763
vn 0.825274164713 -0.530778802999 -0.192863722211
vn 0.825242847424 -0.530821806213 -0.192879373763
vn 0.802155106261 -0.515957623781 -0.300557674933
vn 0.802155106261 -0.515957623781 -0.300557674933
vn 0.802155106261 -0.515957623781 -0.300557674933
vn 0.802155106261 -0.515957623781 -0.300557674933
vn 0.788716377257 -0.507307028381 -0.347226230579
vn 0.788716377257 -0.507307028381 -0.347226230579
vn 0.788716377257 -0.507307028381 -0.347226230579
vn 0.788716377257 -0.507307028381 -0.347226230579
vn 0.820809520221 -0.477537696538 -0.313415825862
vn 0.820809520221 -0.477537696538 -0.313415825862
vn 0.820809520221 -0.477537696538 -0.313415825862
vn 0.820809520221 -0.477537696538 -0.313415825862
vn 0.392332570106 -0.332128901305 0.857767770059
vn 0.392332570106 -0.332128901305 0.857767770059
vn 0.392332570106 -0.332128901305 0.857767770059
vn 0.392332570106 -0.332128901305 0.857767770059
vn 0.407261953425 -0.344741499667 0.84574878049
vn 0.407261953425 -0.344741499667 0.84574878049
vn 0.407261953425 -0.344741499667 0.84574878049
vn 0.407261953425 -0.344741499667 0.84574878049
vn 0.422548735455 -0.35769426617 0.832770903739
vn 0.422548735455 -0.35769426617 0.832770903739
vn 0.422548735455 -0.35769426617 0.832770903739
vn 0.422548735455 -0.35769426617 0.832770903739
vn 0.445555327246 -0.377187484857 0.811917515287
vn 0.445555327246 -0.377187484857 0.811917515287
vn 0.445555327246 -0.377187484857 0.811917515287
vn 0.445555327246 -0.377187484857 0.811917515287
vn 0.489009791352 -0.414003092476 0.767770058925
vn 0.489009791352 -0.414003092476 0.767770058925
vn 0.489009791352 -0.414003092476 0.767770058925
vn 0.489009791352 -0.414003092476 0.767770058925
vn 0.549720446955 -0.465394539156 0.693696874091
vn 0.549720446955 -0.465394539156 0.693696874091
vn 0.549720446955 -0.465394539156 0.693696874091
vn 0.549720446955 -0.465394539156 0.693696874091
vn 0.591819049554 -0.501076587976 0.63140515168
vn 0.591819049554 -0.501076587976 0.63140515168
vn 0.591819049554 -0.501076587976 0.63140515168
vn 0.591819049554 -0.501076587976 0.63140515168
vn 0.636422935158 -0.538776061085 0.551983879843
vn 0.636422935158 -0.538776061085 0.551983879843
vn 0.636422935158 -0.538776061085 0.551983879843
vn 0.636422935158 -0.538776061085 0.551983879843
vn 0.682915141604 -0.578099775152 0.446573128767
vn 0.682915141604 -0.578099775152 0.446573128767
vn 0.682915141604 -0.578099775152 0.446573128767
vn 0.682915141604 -0.578099775152 0.446573128767
vn 0.727553308767 -0.61588633073 0.302241973461
vn 0.727646052573 -0.616060296665 0.301663609087
vn 0.727553308767 -0.61588633073 0.302241973461
vn 0.727553308767 -0.61588633073 0.302241973461
vn 0.727646052573 -0.616060296665 0.301663609087
vn 0.727646052573 -0.616060296665 0.301663609087
vn 0.762848296576 -0.645802260539 0.0316530676797
vn 0.762848296576 -0.645802260539 0.0316530676797
vn 0.762848296576 -0.645802260539 0.0316530676797
vn 0.762848296576 -0.645802260539 0.0316530676797
vn 0.74901447029 -0.634045805837 -0.192258262231
vn 0.74901447029 -0.634045805837 -0.192258262231
vn 0.74901447029 -0.634045805837 -0.192258262231
vn 0.74901447029 -0.634045805837 -0.192258262231
vn 0.728051388884 -0.616403473843 -0.299979886954
vn 0.728051388884 -0.616403473843 -0.299979886954
vn 0.728051388884 -0.616403473843 -0.299979886954
vn 0.728051388884 -0.616403473843 -0.299979886954
vn 0.715886751122 -0.60606108499 -0.346693121981
vn 0.715886751122 -0.60606108499 -0.346693121981
vn 0.715886751122 -0.60606108499 -0.346693121981
vn 0.715886751122 -0.60606108499 -0.346693121981
vn 0.72461608988 -0.613480401386 -0.313963882323
vn 0.72461608988 -0.613480401386 -0.313963882323
vn 0.72461608988 -0.613480401386 -0.313963882323
vn 0.72461608988 -0.613480401386 -0.313963882323
vn 0.277552500422 -0.43151278639 0.85834802073
vn 0.277552500422 -0.43151278639 0.85834802073
vn 0.277552500422 -0.43151278639 0.85834802073
vn 0.277552500422 -0.43151278639 0.85834802073
vn 0.288176043688 -0.448036120312 0.846296758082
vn 0.288176043688 -0.448036120312 0.846296758082
vn 0.288176043688 -0.448036120312 0.846296758082
vn 0.288176043688 -0.448036120312 0.846296758082
vn 0.29899420958 -0.464837243172 0.833383945128
vn 0.29899420958 -0.464837243172 0.833383945128
vn 0.29899420958 -0.464837243172 0.833383945128
vn 0.29899420958 -0.464837243172 0.833383945128
vn 0.315372044799 -0.490293793143 0.812497673698
vn 0.315372044799 -0.490293793143 0.812497673698
vn 0.315372044799 -0.490293793143 0.812497673698
vn 0.315372044799 -0.490293793143 0.812497673698
vn 0.346174772244 -0.538168672701 0.768464382249
vn 0.346174772244 -0.538168672701 0.768464382249
vn 0.346174772244 -0.538168672701 0.768464382249
vn 0.346174772244 -0.538168672701 0.768464382249
vn 0.389228492942 -0.605159362873 0.694466216463
vn 0.389228492942 -0.605159362873 0.694466216463
vn 0.389228492942 -0.605159362873 0.694466216463
vn 0.389228492942 -0.605159362873 0.694466216463
vn 0.419089045628 -0.651551886436 0.632332595329
vn 0.419089045628 -0.651551886436 0.632332595329
vn 0.419089045628 -0.651551886436 0.632332595329
vn 0.419089045628 -0.651551886436 0.632332595329
vn 0.450793706682 -0.700862319182 0.552790234688
vn 0.450793706682 -0.700862319182 0.552790234688
vn 0.450793706682 -0.700862319182 0.552790234688
vn 0.450793706682 -0.700862319182 0.552790234688
vn 0.483817836041 -0.75209724633 0.447515400397
vn 0.483817836041 -0.75209724633 0.447515400397
vn 0.483817836041 -0.75209724633 0.447515400397
vn 0.483817836041 -0.75209724633 0.447515400397
vn 0.515573658298 -0.801558151668 0.302800813019
vn 0.515573658298 -0.801558151668 0.302800813019
vn 0.515573658298 -0.801558151668 0.302800813019
vn 0.515573658298 -0.801558151668 0.302800813019
vn 0.540739198149 -0.840594579931 0.0316523581306
vn 0.540739198149 -0.840594579931 0.0316523581306
vn 0.540739198149 -0.840594579931 0.0316523581306
vn 0.540739198149 -0.840594579931 0.0316523581306
vn 0.530821806213 -0.825242847424 -0.192879373763
vn 0.530778802999 -0.825274164713 -0.192863722211
vn 0.530821806213 -0.825242847424 -0.192879373763
vn 0.530778802999 -0.825274164713 -0.192863722211
vn 0.530821806213 -0.825242847424 -0.192879373763
vn 0.530778802999 -0.825274164713 -0.192863722211
vn 0.515957623781 -0.802155106261 -0.300557674933
vn 0.515957623781 -0.802155106261 -0.300557674933
vn 0.515957623781 -0.802155106261 -0.300557674933
vn 0.515957623781 -0.802155106261 -0.300557674933
vn 0.507307028381 -0.788716377257 -0.347226230579
vn 0.507307028381 -0.788716377257 -0.347226230579
vn 0.507307028381 -0.788716377257 -0.347226230579
vn 0.507307028381 -0.788716377257 -0.347226230579
vn 0.477537696538 -0.820809520221 -0.313415825862
vn 0.477537696538 -0.820809520221 -0.313415825862
vn 0.477537696538 -0.820809520221 -0.313415825862
vn 0.477537696538 -0.820809520221 -0.313415825862
vn 0.332128901305 -0.392332570106 0.857767770059
vn 0.332128901305 -0.392332570106 0.857767770059
vn 0.332128901305 -0.392332570106 0.857767770059
vn 0.332128901305 -0.392332570106 0.857767770059
vn 0.344741499667 -0.407261953425 0.84574878049
vn 0.344741499667 -0.407261953425 0.84574878049
vn 0.344741499667 -0.407261953425 0.84574878049
vn 0.344741499667 -0.407261953425 0.84574878049
vn 0.35769426617 -0.422548735455 0.832770903739
vn 0.35769426617 -0.422548735455 0.832770903739
vn 0.35769426617 -0.422548735455 0.832770903739
vn 0.35769426617 -0.422548735455 0.832770903739
vn 0.377187484857 -0.445555327246 0.811917515287
vn 0.377187484857 -0.445555327246 0.811917515287
vn 0.377187484857 -0.445555327246 0.811917515287
vn 0.377187484857 -0.445555327246 0.811917515287
vn 0.414003092476 -0.489009791352 0.767770058925
vn 0.414003092476 -0.489009791352 0.767770058925
vn 0.414003092476 -0.489009791352 0.767770058925
vn 0.414003092476 -0.489009791352 0.767770058925
vn 0.465394539156 -0.549720446955 0.693696874091
vn 0.465394539156 -0.549720446955 0.693696874091
vn 0.465394539156 -0.549720446955 0.693696874091
vn 0.465394539156 -0.549720446955 0.693696874091
vn 0.501076587976 -0.591819049554 0.63140515168
vn 0.501076587976 -0.591819049554 0.63140515168
vn 0.501076587976 -0.591819049554 0.63140515168
vn 0.501076587976 -0.591819049554 0.63140515168
vn 0.538776061085 -0.636422935158 0.551983879843
vn 0.538776061085 -0.636422935158 0.551983879843
vn 0.538776061085 -0.636422935158 0.551983879843
vn 0.538776061085 -0.636422935158 0.551983879843
vn 0.578099775152 -0.682915141604 0.446573128767
vn 0.578099775152 -0.682915141604 0.446573128767
vn 0.578099775152 -0.682915141604 0.446573128767
vn 0.578099775152 -0.682915141604 0.446573128767
vn 0.616001071886 -0.72768885095 0.301681314699
vn 0.616060296665 -0.727646052573 0.301663609087
vn 0.616060296665 -0.727646052573 0.301663609087
vn 0.616060296665 -0.727646052573 0.301663609087
vn 0.616001071886 -0.72768885095 0.301681314699
vn 0.616001071886 -0.72768885095 0.301681314699
vn 0.645802260539 -0.762848296576 0.0316530676797
vn 0.645802260539 -0.762848296576 0.0316530676797
vn 0.645802260539 -0.762848296576 0.0316530676797
vn 0.645802260539 -0.762848296576 0.0316530676797
vn 0.634045805837 -0.74901447029 -0.192258262231
vn 0.634045805837 -0.74901447029 -0.192258262231
vn 0.634045805837 -0.74901447029 -0.192258262231
vn 0.634045805837 -0.74901447029 -0.192258262231
vn 0.616403473843 -0.728051388884 -0.299979886954
vn 0.616403473843 -0.728051388884 -0.299979886954
vn 0.616403473843 -0.728051388884 -0.299979886954
vn 0.616403473843 -0.728051388884 -0.299979886954
vn 0.60606108499 -0.715886751122 -0.346693121981
vn 0.60606108499 -0.715886751122 -0.346693121981
vn 0.60606108499 -0.715886751122 -0.346693121981
vn 0.60606108499 -0.715886751122 -0.346693121981
vn 0.613480401386 -0.72461608988 -0.313963882323
vn 0.613480401386 -0.72461608988 -0.313963882323
vn 0.613480401386 -0.72461608988 -0.313963882323
vn 0.613480401386 -0.72461608988 -0.313963882323
vn 0.234937312016 -0.456148306585 0.85833162695
vn 0.234937312016 -0.456148306585 0.85833162695
vn 0.234937312016 -0.456148306585 0.85833162695
vn 0.234937312016 -0.456148306585 0.85833162695
vn 0.243903941403 -0.473599352558 0.846294582652
vn 0.243903941403 -0.473599352558 0.846294582652
vn 0.243903941403 -0.473599352558 0.846294582652
vn 0.243903941403 -0.473599352558 0.846294582652
vn 0.253071646529 -0.49138692782 0.833362843478
vn 0.253071646529 -0.49138692782 0.833362843478
vn 0.253071646529 -0.49138692782 0.833362843478
vn 0.253071646529 -0.49138692782 0.833362843478
vn 0.266943644272 -0.518261895975 0.812493506413
vn 0.266943644272 -0.518261895975 0.812493506413
vn 0.266943644272 -0.518261895975 0.812493506413
vn 0.266943644272 -0.518261895975 0.812493506413
vn 0.293009987051 -0.5688376874 0.768484764248
vn 0.293009987051 -0.5688376874 0.768484764248
vn 0.293009987051 -0.5688376874 0.768484764248
vn 0.293009987051 -0.5688376874 0.768484764248
vn 0.329483412787 -0.639688158208 0.694434835638
vn 0.32941855819 -0.639703483453 0.694451486266
vn 0.329483412787 -0.639688158208 0.694434835638
vn 0.329483412787 -0.639688158208 0.694434835638
vn 0.32941855819 -0.639703483453 0.694451486266
vn 0.32941855819 -0.639703483453 0.694451486266
vn 0.354741387313 -0.688712094458 0.632324441307
vn 0.354741387313 -0.688712094458 0.632324441307
vn 0.354741387313 -0.688712094458 0.632324441307
vn 0.354741387313 -0.688712094458 0.632324441307
vn 0.381569719262 -0.740856768319 0.552752926883
vn 0.381569719262 -0.740856768319 0.552752926883
vn 0.381569719262 -0.740856768319 0.552752926883
vn 0.381569719262 -0.740856768319 0.552752926883
vn 0.40944990069 -0.79504138558 0.447504160919
vn 0.40944990069 -0.79504138558 0.447504160919
vn 0.40944990069 -0.79504138558 0.447504160919
vn 0.40944990069 -0.79504138558 0.447504160919
vn 0.436378912525 -0.847279325788 0.302805529664
vn 0.436378912525 -0.847279325788 0.302805529664
vn 0.436378912525 -0.847279325788 0.302805529664
vn 0.436378912525 -0.847279325788 0.302805529664
vn 0.457672075928 -0.88855749828 0.0316519061862
vn 0.457672075928 -0.88855749828 0.0316519061862
vn 0.457672075928 -0.88855749828 0.0316519061862
vn 0.457672075928 -0.88855749828 0.0316519061862
vn 0.449309055552 -0.872309437465 -0.192866839836
vn 0.449309055552 -0.872309437465 -0.192866839836
vn 0.449309055552 -0.872309437465 -0.192866839836
vn 0.449309055552 -0.872309437465 -0.192866839836
vn 0.436668554187 -0.847937180201 -0.300538037885
vn 0.436668554187 -0.847937180201 -0.300538037885
vn 0.436668554187 -0.847937180201 -0.300538037885
vn 0.436668554187 -0.847937180201 -0.300538037885
vn 0.429352169887 -0.833719075355 -0.347230784354
vn 0.429352169887 -0.833719075355 -0.347230784354
vn 0.429352169887 -0.833719075355 -0.347230784354
vn 0.429352169887 -0.833719075355 -0.347230784354
vn 0.472077334519 -0.823972245436 -0.313389101574
vn 0.472114327403 -0.823941730077 -0.313413604202
vn 0.472077334519 -0.823972245436 -0.313389101574
vn 0.472114327403 -0.823941730077 -0.313413604202
vn 0.472077334519 -0.823972245436 -0.313389101574
vn 0.472114327403 -0.823941730077 -0.313413604202
vn 0.173708601606 -0.483803934765 0.857763996933
vn 0.173708601606 -0.483803934765 0.857763996933
vn 0.173708601606 -0.483803934765 0.857763996933
vn 0.173708601606 -0.483803934765 0.857763996933
vn 0.180309090359 -0.502195426516 0.845747235006
vn 0.180309090359 -0.502195426516 0.845747235006
vn 0.180309090359 -0.502195426516 0.845747235006
vn 0.180309090359 -0.502195426516 0.845747235006
vn 0.187061007635 -0.521053859865 0.832773111083
vn 0.187061007635 -0.521053859865 0.832773111083
vn 0.187061007635 -0.521053859865 0.832773111083
vn 0.187061007635 -0.521053859865 0.832773111083
vn 0.197285442643 -0.549401748024 0.811933601589
vn 0.197285442643 -0.549401748024 0.811933601589
vn 0.197285442643 -0.549401748024 0.811933601589
vn 0.197285442643 -0.549401748024 0.811933601589
vn 0.21654466492 -0.603040720598 0.767756665484
vn 0.21654466492 -0.603040720598 0.767756665484
vn 0.21654466492 -0.603040720598 0.767756665484
vn 0.21654466492 -0.603040720598 0.767756665484
vn 0.243369211896 -0.677894668549 0.693707607752
vn 0.243369211896 -0.677894668549 0.693707607752
vn 0.243369211896 -0.677894668549 0.693707607752
vn 0.243369211896 -0.677894668549 0.693707607752
vn 0.262062931089 -0.72983705771 0.631395984578
vn 0.262062931089 -0.72983705771 0.631395984578
vn 0.262062931089 -0.72983705771 0.631395984578
vn 0.262062931089 -0.72983705771 0.631395984578
vn 0.281796930659 -0.784790208225 0.551991683765
vn 0.281796930659 -0.784790208225 0.551991683765
vn 0.281796930659 -0.784790208225 0.551991683765
vn 0.281796930659 -0.784790208225 0.551991683765
vn 0.302333537041 -0.842118703425 0.446576445552
vn 0.302333537041 -0.842118703425 0.446576445552
vn 0.302333537041 -0.842118703425 0.446576445552
vn 0.302333537041 -0.842118703425 0.446576445552
vn 0.322177330403 -0.897323543198 0.301682327286
vn 0.322177330403 -0.897323543198 0.301682327286
vn 0.322177330403 -0.897323543198 0.301682327286
vn 0.322177330403 -0.897323543198 0.301682327286
vn 0.337724983452 -0.940712513591 0.0316512610376
vn 0.337724983452 -0.940712513591 0.0316512610376
vn 0.337724983452 -0.940712513591 0.0316512610376
vn 0.337724983452 -0.940712513591 0.0316512610376
vn 0.33165949914 -0.923600019788 -0.192262789115
vn 0.33165949914 -0.923600019788 -0.192262789115
vn 0.33165949914 -0.923600019788 -0.192262789115
vn 0.33165949914 -0.923600019788 -0.192262789115
vn 0.322329184654 -0.897841978825 -0.299972795067
vn 0.322329184654 -0.897841978825 -0.299972795067
vn 0.322329184654 -0.897841978825 -0.299972795067
vn 0.322329184654 -0.897841978825 -0.299972795067
vn 0.316997422285 -0.882782382127 -0.34671010956
vn 0.316997422285 -0.882782382127 -0.34671010956
vn 0.316997422285 -0.882782382127 -0.34671010956
vn 0.316997422285 -0.882782382127 -0.34671010956
vn 0.320864135283 -0.893570974529 -0.313969935135
vn 0.320864135283 -0.893570974529 -0.313969935135
vn 0.320864135283 -0.893570974529 -0.313969935135
vn 0.320864135283 -0.893570974529 -0.313969935135
vn 0.0245910449816 -0.512490077688 0.858340958348
vn 0.0245910449816 -0.512490077688 0.858340958348
vn 0.0245910449816 -0.512490077688 0.858340958348
vn 0.0245910449816 -0.512490077688 0.858340958348
vn 0.0255639353256 -0.532124860236 0.846279869978
vn 0.0255639353256 -0.532124860236 0.846279869978
vn 0.0255639353256 -0.532124860236 0.846279869978
vn 0.0255639353256 -0.532124860236 0.846279869978
vn 0.0265051714117 -0.552068102508 0.833377637138
vn 0.0265051714117 -0.552068102508 0.833377637138
vn 0.0265051714117 -0.552068102508 0.833377637138
vn 0.0265051714117 -0.552068102508 0.833377637138
vn 0.0279703890945 -0.582308898175 0.812486310309
vn 0.0279703890945 -0.582308898175 0.812486310309
vn 0.0279703890945 -0.582308898175 0.812486310309
vn 0.0279703890945 -0.582308898175 0.812486310309
vn 0.0307198691958 -0.639129421934 0.768485440106
vn 0.0307198691958 -0.639129421934 0.768485440106
vn 0.0307198691958 -0.639129421934 0.768485440106
vn 0.0307198691958 -0.639129421934 0.768485440106
vn 0.0345568776826 -0.718710357654 0.694450317882
vn 0.0345568776826 -0.718710357654 0.694450317882
vn 0.0345568776826 -0.718710357654 0.694450317882
vn 0.0345568776826 -0.718710357654 0.694450317882
vn 0.0371682051095 -0.773816964838 0.632317823138
vn 0.0371682051095 -0.773816964838 0.632317823138
vn 0.0371682051095 -0.773816964838 0.632317823138
vn 0.0371682051095 -0.773816964838 0.632317823138
vn 0.039959804223 -0.832370178729 0.552777622204
vn 0.039959804223 -0.832370178729 0.552777622204
vn 0.039959804223 -0.832370178729 0.552777622204
vn 0.039959804223 -0.832370178729 0.552777622204
vn 0.0428733189273 -0.893253946066 0.447503370224
vn 0.0428733189273 -0.893253946066 0.447503370224
vn 0.0428733189273 -0.893253946066 0.447503370224
vn 0.0428733189273 -0.893253946066 0.447503370224
vn 0.0457083948074 -0.951956094013 0.302804124336
vn 0.0457083948074 -0.951956094013 0.302804124336
vn 0.0457083948074 -0.951956094013 0.302804124336
vn 0.0457083948074 -0.951956094013 0.302804124336
vn 0.0479782130791 -0.998346714373 0.0316532615916
vn 0.0479782130791 -0.998346714373 0.0316532615916
vn 0.0479782130791 -0.998346714373 0.0316532615916
vn 0.0479782130791 -0.998346714373 0.0316532615916
vn 0.047119855076 -0.980093036627 -0.192866168139
vn 0.047119855076 -0.980093036627 -0.192866168139
vn 0.047119855076 -0.980093036627 -0.192866168139
vn 0.047119855076 -0.980093036627 -0.192866168139
vn 0.0457382777816 -0.952673905532 -0.300533591572
vn 0.0457382777816 -0.952673905532 -0.300533591572
vn 0.0457382777816 -0.952673905532 -0.300533591572
vn 0.0457382777816 -0.952673905532 -0.300533591572
vn 0.0449937020738 -0.936695621615 -0.347241816637
vn 0.0449937020738 -0.936695621615 -0.347241816637
vn 0.0449937020738 -0.936695621615 -0.347241816637
vn 0.0449937020738 -0.936695621615 -0.347241816637
vn 0.00313781154319 -0.949615183675 -0.313402547967
vn 0.00313781154319 -0.949615183675 -0.313402547967
vn 0.00313781154319 -0.949615183675 -0.313402547967
vn 0.00313781154319 -0.949615183675 -0.313402547967
vn 0.0914732416061 -0.505836927848 0.85776549738
vn 0.0914732416061 -0.505836927848 0.85776549738
vn 0.0914732416061 -0.505836927848 0.85776549738
vn 0.0914732416061 -0.505836927848 0.85776549738
vn 0.094935246727 -0.525055643075 0.845756389632
vn 0.094935246727 -0.525055643075 0.845756389632
vn 0.094935246727 -0.525055643075 0.845756389632
vn 0.094935246727 -0.525055643075 0.845756389632
vn 0.098475198476 -0.544596838684 0.832896703427
vn 0.0985053268712 -0.544763455274 0.832784172746
vn 0.098475198476 -0.544596838684 0.832896703427
vn 0.098475198476 -0.544596838684 0.832896703427
vn 0.0985053268712 -0.544763455274 0.832784172746
vn 0.0985053268712 -0.544763455274 0.832784172746
vn 0.103897817474 -0.574423568803 0.811937686727
vn 0.103897817474 -0.574423568803 0.811937686727
vn 0.103897817474 -0.574423568803 0.811937686727
vn 0.103897817474 -0.574423568803 0.811937686727
vn 0.114042068483 -0.630489712533 0.767774139318
vn 0.114042068483 -0.630489712533 0.767774139318
vn 0.114042068483 -0.630489712533 0.767774139318
vn 0.114042068483 -0.630489712533 0.767774139318
vn 0.128164879722 -0.708766357469 0.693703116705
vn 0.128164879722 -0.708766357469 0.693703116705
vn 0.128164879722 -0.708766357469 0.693703116705
vn 0.128164879722 -0.708766357469 0.693703116705
vn 0.137952409061 -0.763076126612 0.631414252158
vn 0.137952409061 -0.763076126612 0.631414252158
vn 0.137952409061 -0.763076126612 0.631414252158
vn 0.137952409061 -0.763076126612 0.631414252158
vn 0.148364225804 -0.820529625906 0.552013758444
vn 0.148364225804 -0.820529625906 0.552013758444
vn 0.148364225804 -0.820529625906 0.552013758444
vn 0.148364225804 -0.820529625906 0.552013758444
vn 0.159202857519 -0.880461786475 0.446588728826
vn 0.159202857519 -0.880461786475 0.446588728826
vn 0.159202857519 -0.880461786475 0.446588728826
vn 0.159202857519 -0.880461786475 0.446588728826
vn 0.169619703893 -0.938205998496 0.301659842268
vn 0.169619703893 -0.938205998496 0.301659842268
vn 0.169619703893 -0.938205998496 0.301659842268
vn 0.169619703893 -0.938205998496 0.301659842268
vn 0.177819357202 -0.983553935055 0.0316533259373
vn 0.177819357202 -0.983553935055 0.0316533259373
vn 0.177819357202 -0.983553935055 0.0316533259373
vn 0.177819357202 -0.983553935055 0.0316533259373
vn 0.174658403492 -0.965677355344 -0.19225422613
vn 0.174658403492 -0.965677355344 -0.19225422613
vn 0.174658403492 -0.965677355344 -0.19225422613
vn 0.174658403492 -0.965677355344 -0.19225422613
vn 0.16971418835 -0.938728603285 -0.299976171798
vn 0.16971418835 -0.938728603285 -0.299976171798
vn 0.16971418835 -0.938728603285 -0.299976171798
vn 0.16971418835 -0.938728603285 -0.299976171798
vn 0.166954470335 -0.922994205788 -0.346710110779
vn 0.166954470335 -0.922994205788 -0.346710110779
vn 0.166954470335 -0.922994205788 -0.346710110779
vn 0.166954470335 -0.922994205788 -0.346710110779
vn 0.168929088206 -0.934290969652 -0.313948000764
vn 0.168929088206 -0.934290969652 -0.313948000764
vn 0.168929088206 -0.934290969652 -0.313948000764
vn 0.168929088206 -0.934290969652 -0.313948000764
vn -0.0245910449816 -0.512490077688 0.858340958348
vn -0.0245910449816 -0.512490077688 0.858340958348
vn -0.0245910449816 -0.512490077688 0.858340958348
vn -0.0245910449816 -0.512490077688 0.858340958348
vn -0.0255639353256 -0.532124860236 0.846279869978
vn -0.0255639353256 -0.532124860236 0.846279869978
vn -0.0255639353256 -0.532124860236 0.846279869978
vn -0.0255639353256 -0.532124860236 0.846279869978
vn -0.0265051714117 -0.552068102508 0.833377637138
vn -0.0265051714117 -0.552068102508 0.833377637138
vn -0.0265051714117 -0.552068102508 0.833377637138
vn -0.0265051714117 -0.552068102508 0.833377637138
vn -0.0279703890945 -0.582308898175 0.812486310309
vn -0.0279703890945 -0.582308898175 0.812486310309
vn -0.0279703890945 -0.582308898175 0.812486310309
vn -0.0279703890945 -0.582308898175 0.812486310309
vn -0.0307198691958 -0.639129421934 0.768485440106
vn -0.0307198691958 -0.639129421934 0.768485440106
vn -0.0307198691958 -0.639129421934 0.768485440106
vn -0.0307198691958 -0.639129421934 0.768485440106
vn -0.0345568776826 -0.718710357654 0.694450317882
vn -0.0345568776826 -0.718710357654 0.694450317882
vn -0.0345568776826 -0.718710357654 0.694450317882
vn -0.0345568776826 -0.718710357654 0.694450317882
vn -0.0371682051095 -0.773816964838 0.632317823138
vn -0.0371682051095 -0.773816964838 0.632317823138
vn -0.0371682051095 -0.773816964838 0.632317823138
vn -0.0371682051095 -0.773816964838 0.632317823138
vn -0.039959804223 -0.832370178729 0.552777622204
vn -0.039959804223 -0.832370178729 0.552777622204
vn -0.039959804223 -0.832370178729 0.552777622204
vn -0.039959804223 -0.832370178729 0.552777622204
vn -0.0428733189273 -0.893253946066 0.447503370224
vn -0.0428733189273 -0.893253946066 0.447503370224
vn -0.0428733189273 -0.893253946066 0.447503370224
vn -0.0428733189273 -0.893253946066 0.447503370224
vn -0.0457083948074 -0.951956094013 0.302804124336
vn -0.0457083948074 -0.951956094013 0.302804124336
vn -0.0457083948074 -0.951956094013 0.302804124336
vn -0.0457083948074 -0.951956094013 0.302804124336
vn -0.0479782130791 -0.998346714373 0.0316532615916
vn -0.0479782130791 -0.998346714373 0.0316532615916
vn -0.0479782130791 -0.998346714373 0.0316532615916
vn -0.0479782130791 -0.998346714373 0.0316532615916
vn -0.047119855076 -0.980093036627 -0.192866168139
vn -0.047119855076 -0.980093036627 -0.192866168139
vn -0.047119855076 -0.980093036627 -0.192866168139
vn -0.047119855076 -0.980093036627 -0.192866168139
vn -0.0457382777816 -0.952673905532 -0.300533591572
vn -0.0457382777816 -0.952673905532 -0.300533591572
vn -0.0457382777816 -0.952673905532 -0.300533591572
vn -0.0457382777816 -0.952673905532 -0.300533591572
vn -0.0449937020738 -0.936695621615 -0.347241816637
vn -0.0449937020738 -0.936695621615 -0.347241816637
vn -0.0449937020738 -0.936695621615 -0.347241816637
vn -0.0449937020738 -0.936695621615 -0.347241816637
vn -0.00313781154319 -0.949615183675 -0.313402547967
vn -0.00313781154319 -0.949615183675 -0.313402547967
vn -0.00313781154319 -0.949615183675 -0.313402547967
vn -0.00313781154319 -0.949615183675 -0.313402547967
vn -0.0914732416061 -0.505836927848 0.85776549738
vn -0.0914732416061 -0.505836927848 0.85776549738
vn -0.0914732416061 -0.505836927848 0.85776549738
vn -0.0914732416061 -0.505836927848 0.85776549738
vn -0.094935246727 -0.525055643075 0.845756389632
vn -0.094935246727 -0.525055643075 0.845756389632
vn -0.094935246727 -0.525055643075 0.845756389632
vn -0.094935246727 -0.525055643075 0.845756389632
vn -0.098475198476 -0.544596838684 0.832896703427
vn -0.0985053268712 -0.544763455274 0.832784172746
vn -0.0985053268712 -0.544763455274 0.832784172746
vn -0.0985053268712 -0.544763455274 0.832784172746
vn -0.098475198476 -0.544596838684 0.832896703427
vn -0.098475198476 -0.544596838684 0.832896703427
vn -0.103897817474 -0.574423568803 0.811937686727
vn -0.103897817474 -0.574423568803 0.811937686727
vn -0.103897817474 -0.574423568803 0.811937686727
vn -0.103897817474 -0.574423568803 0.811937686727
vn -0.114042068483 -0.630489712533 0.767774139318
vn -0.114042068483 -0.630489712533 0.767774139318
vn -0.114042068483 -0.630489712533 0.767774139318
vn -0.114042068483 -0.630489712533 0.767774139318
vn -0.128164879722 -0.708766357469 0.693703116705
vn -0.128164879722 -0.708766357469 0.693703116705
vn -0.128164879722 -0.708766357469 0.693703116705
vn -0.128164879722 -0.708766357469 0.693703116705
vn -0.137952409061 -0.763076126612 0.631414252158
vn -0.137952409061 -0.763076126612 0.631414252158
vn -0.137952409061 -0.763076126612 0.631414252158
vn -0.137952409061 -0.763076126612 0.631414252158
vn -0.148364225804 -0.820529625906 0.552013758444
vn -0.148364225804 -0.820529625906 0.552013758444
vn -0.148364225804 -0.820529625906 0.552013758444
vn -0.148364225804 -0.820529625906 0.552013758444
vn -0.159202857519 -0.880461786475 0.446588728826
vn -0.159202857519 -0.880461786475 0.446588728826
vn -0.159202857519 -0.880461786475 0.446588728826
vn -0.159202857519 -0.880461786475 0.446588728826
vn -0.169619703893 -0.938205998496 0.301659842268
vn -0.169619703893 -0.938205998496 0.301659842268
vn -0.169619703893 -0.938205998496 0.301659842268
vn -0.169619703893 -0.938205998496 0.301659842268
vn -0.177819357202 -0.983553935055 0.0316533259373
vn -0.177819357202 -0.983553935055 0.0316533259373
vn -0.177819357202 -0.983553935055 0.0316533259373
vn -0.177819357202 -0.983553935055 0.0316533259373
vn -0.174658403492 -0.965677355344 -0.19225422613
vn -0.174658403492 -0.965677355344 -0.19225422613
vn -0.174658403492 -0.965677355344 -0.19225422613
vn -0.174658403492 -0.965677355344 -0.19225422613
vn -0.16971418835 -0.938728603285 -0.299976171798
vn -0.16971418835 -0.938728603285 -0.299976171798
vn -0.16971418835 -0.938728603285 -0.299976171798
vn -0.16971418835 -0.938728603285 -0.299976171798
vn -0.166954470335 -0.922994205788 -0.346710110779
vn -0.166954470335 -0.922994205788 -0.346710110779
vn -0.166954470335 -0.922994205788 -0.346710110779
vn -0.166954470335 -0.922994205788 -0.346710110779
vn -0.168929088206 -0.934290969652 -0.313948000764
vn -0.168929088206 -0.934290969652 -0.313948000764
vn -0.168929088206 -0.934290969652 -0.313948000764
vn -0.168929088206 -0.934290969652 -0.313948000764
vn -0.234937312016 -0.456148306585 0.85833162695
vn -0.234937312016 -0.456148306585 0.85833162695
vn -0.234937312016 -0.456148306585 0.85833162695
vn -0.234937312016 -0.456148306585 0.85833162695
vn -0.243903941403 -0.473599352558 0.846294582652
vn -0.243903941403 -0.473599352558 0.846294582652
vn -0.243903941403 -0.473599352558 0.846294582652
vn -0.243903941403 -0.473599352558 0.846294582652
vn -0.253071646529 -0.49138692782 0.833362843478
vn -0.253071646529 -0.49138692782 0.833362843478
vn -0.253071646529 -0.49138692782 0.833362843478
vn -0.253071646529 -0.49138692782 0.833362843478
vn -0.266943644272 -0.518261895975 0.812493506413
vn -0.266943644272 -0.518261895975 0.812493506413
vn -0.266943644272 -0.518261895975 0.812493506413
vn -0.266943644272 -0.518261895975 0.812493506413
vn -0.293009987051 -0.5688376874 0.768484764248
vn -0.293009987051 -0.5688376874 0.768484764248
vn -0.293009987051 -0.5688376874 0.768484764248
vn -0.293009987051 -0.5688376874 0.768484764248
vn -0.329483412787 -0.639688158208 0.694434835638
vn -0.329483412787 -0.639688158208 0.694434835638
vn -0.329483412787 -0.639688158208 0.694434835638
vn -0.329483412787 -0.639688158208 0.694434835638
vn -0.354741387313 -0.688712094458 0.632324441307
vn -0.354741387313 -0.688712094458 0.632324441307
vn -0.354741387313 -0.688712094458 0.632324441307
vn -0.354741387313 -0.688712094458 0.632324441307
vn -0.381569719262 -0.740856768319 0.552752926883
vn -0.381569719262 -0.740856768319 0.552752926883
vn -0.381569719262 -0.740856768319 0.552752926883
vn -0.381569719262 -0.740856768319 0.552752926883
vn -0.40944990069 -0.79504138558 0.447504160919
vn -0.40944990069 -0.79504138558 0.447504160919
vn -0.40944990069 -0.79504138558 0.447504160919
vn -0.40944990069 -0.79504138558 0.447504160919
vn -0.436378912525 -0.847279325788 0.302805529664
vn -0.436378912525 -0.847279325788 0.302805529664
vn -0.436378912525 -0.847279325788 0.302805529664
vn -0.436378912525 -0.847279325788 0.302805529664
vn -0.457672075928 -0.88855749828 0.0316519061862
vn -0.457672075928 -0.88855749828 0.0316519061862
vn -0.457672075928 -0.88855749828 0.0316519061862
vn -0.457672075928 -0.88855749828 0.0316519061862
vn -0.449309055552 -0.872309437465 -0.192866839836
vn -0.449309055552 -0.872309437465 -0.192866839836
vn -0.449309055552 -0.872309437465 -0.192866839836
vn -0.449309055552 -0.872309437465 -0.192866839836
vn -0.436668554187 -0.847937180201 -0.300538037885
vn -0.436668554187 -0.847937180201 -0.300538037885
vn -0.436668554187 -0.847937180201 -0.300538037885
vn -0.436668554187 -0.847937180201 -0.300538037885
vn -0.429352169887 -0.833719075355 -0.347230784354
vn -0.429352169887 -0.833719075355 -0.347230784354
vn -0.429352169887 -0.833719075355 -0.347230784354
vn -0.429352169887 -0.833719075355 -0.347230784354
vn -0.472077334519 -0.823972245436 -0.313389101574
vn -0.472077334519 -0.823972245436 -0.313389101574
vn -0.472114327403 -0.823941730077 -0.313413604202
vn -0.472077334519 -0.823972245436 -0.313389101574
vn -0.472077334519 -0.823972245436 -0.313389101574
vn -0.173708601606 -0.483803934765 0.857763996933
vn -0.173708601606 -0.483803934765 0.857763996933
vn -0.173708601606 -0.483803934765 0.857763996933
vn -0.173708601606 -0.483803934765 0.857763996933
vn -0.180309090359 -0.502195426516 0.845747235006
vn -0.180309090359 -0.502195426516 0.845747235006
vn -0.180309090359 -0.502195426516 0.845747235006
vn -0.180309090359 -0.502195426516 0.845747235006
vn -0.187061007635 -0.521053859865 0.832773111083
vn -0.187061007635 -0.521053859865 0.832773111083
vn -0.187061007635 -0.521053859865 0.832773111083
vn -0.187061007635 -0.521053859865 0.832773111083
vn -0.197285442643 -0.549401748024 0.811933601589
vn -0.197285442643 -0.549401748024 0.811933601589
vn -0.197285442643 -0.549401748024 0.811933601589
vn -0.197285442643 -0.549401748024 0.811933601589
vn -0.21654466492 -0.603040720598 0.767756665484
vn -0.21654466492 -0.603040720598 0.767756665484
vn -0.21654466492 -0.603040720598 0.767756665484
vn -0.21654466492 -0.603040720598 0.767756665484
vn -0.243369211896 -0.677894668549 0.693707607752
vn -0.243369211896 -0.677894668549 0.693707607752
vn -0.243369211896 -0.677894668549 0.693707607752
vn -0.243369211896 -0.677894668549 0.693707607752
vn -0.262062931089 -0.72983705771 0.631395984578
vn -0.262062931089 -0.72983705771 0.631395984578
vn -0.262062931089 -0.72983705771 0.631395984578
vn -0.262062931089 -0.72983705771 0.631395984578
vn -0.281796930659 -0.784790208225 0.551991683765
vn -0.281796930659 -0.784790208225 0.551991683765
vn -0.281796930659 -0.784790208225 0.551991683765
vn -0.281796930659 -0.784790208225 0.551991683765
vn -0.302333537041 -0.842118703425 0.446576445552
vn -0.302333537041 -0.842118703425 0.446576445552
vn -0.302333537041 -0.842118703425 0.446576445552
vn -0.302333537041 -0.842118703425 0.446576445552
vn -0.322177330403 -0.897323543198 0.301682327286
vn -0.322177330403 -0.897323543198 0.301682327286
vn -0.322177330403 -0.897323543198 0.301682327286
vn -0.322177330403 -0.897323543198 0.301682327286
vn -0.337724983452 -0.940712513591 0.0316512610376
vn -0.337724983452 -0.940712513591 0.0316512610376
vn -0.337724983452 -0.940712513591 0.0316512610376
vn -0.337724983452 -0.940712513591 0.0316512610376
vn -0.33165949914 -0.923600019788 -0.192262789115
vn -0.33165949914 -0.923600019788 -0.192262789115
vn -0.33165949914 -0.923600019788 -0.192262789115
vn -0.33165949914 -0.923600019788 -0.192262789115
vn -0.322329184654 -0.897841978825 -0.299972795067
vn -0.322329184654 -0.897841978825 -0.299972795067
vn -0.322329184654 -0.897841978825 -0.299972795067
vn -0.322329184654 -0.897841978825 -0.299972795067
vn -0.316997422285 -0.882782382127 -0.34671010956
vn -0.316997422285 -0.882782382127 -0.34671010956
vn -0.316997422285 -0.882782382127 -0.34671010956
vn -0.316997422285 -0.882782382127 -0.34671010956
vn -0.320864135283 -0.893570974529 -0.313969935135
vn -0.320864135283 -0.893570974529 -0.313969935135
vn -0.320864135283 -0.893570974529 -0.313969935135
vn -0.320864135283 -0.893570974529 -0.313969935135
vn -0.277552500422 -0.43151278639 0.85834802073
vn -0.277552500422 -0.43151278639 0.85834802073
vn -0.277552500422 -0.43151278639 0.85834802073
vn -0.277552500422 -0.43151278639 0.85834802073
vn -0.288176043688 -0.448036120312 0.846296758082
vn -0.288176043688 -0.448036120312 0.846296758082
vn -0.288176043688 -0.448036120312 0.846296758082
vn -0.288176043688 -0.448036120312 0.846296758082
vn -0.29899420958 -0.464837243172 0.833383945128
vn -0.29899420958 -0.464837243172 0.833383945128
vn -0.29899420958 -0.464837243172 0.833383945128
vn -0.29899420958 -0.464837243172 0.833383945128
vn -0.315372044799 -0.490293793143 0.812497673698
vn -0.315372044799 -0.490293793143 0.812497673698
vn -0.315372044799 -0.490293793143 0.812497673698
vn -0.315372044799 -0.490293793143 0.812497673698
vn -0.346174772244 -0.538168672701 0.768464382249
vn -0.346174772244 -0.538168672701 0.768464382249
vn -0.346174772244 -0.538168672701 0.768464382249
vn -0.346174772244 -0.538168672701 0.768464382249
vn -0.389228492942 -0.605159362873 0.694466216463
vn -0.389228492942 -0.605159362873 0.694466216463
vn -0.389228492942 -0.605159362873 0.694466216463
vn -0.389228492942 -0.605159362873 0.694466216463
vn -0.419089045628 -0.651551886436 0.632332595329
vn -0.419089045628 -0.651551886436 0.632332595329
vn -0.419089045628 -0.651551886436 0.632332595329
vn -0.419089045628 -0.651551886436 0.632332595329
vn -0.450793706682 -0.700862319182 0.552790234688
vn -0.450793706682 -0.700862319182 0.552790234688
vn -0.450793706682 -0.700862319182 0.552790234688
vn -0.450793706682 -0.700862319182 0.552790234688
vn -0.483817836041 -0.75209724633 0.447515400397
vn -0.483817836041 -0.75209724633 0.447515400397
vn -0.483817836041 -0.75209724633 0.447515400397
vn -0.483817836041 -0.75209724633 0.447515400397
vn -0.515573658298 -0.801558151668 0.302800813019
vn -0.515573658298 -0.801558151668 0.302800813019
vn -0.515573658298 -0.801558151668 0.302800813019
vn -0.515573658298 -0.801558151668 0.302800813019
vn -0.540739198149 -0.840594579931 0.0316523581306
vn -0.540739198149 -0.840594579931 0.0316523581306
vn -0.540739198149 -0.840594579931 0.0316523581306
vn -0.540739198149 -0.840594579931 0.0316523581306
vn -0.530821806213 -0.825242847424 -0.192879373763
vn -0.530821806213 -0.825242847424 -0.192879373763
vn -0.530821806213 -0.825242847424 -0.192879373763
vn -0.530821806213 -0.825242847424 -0.192879373763
vn -0.515957623781 -0.802155106261 -0.300557674933
vn -0.515957623781 -0.802155106261 -0.300557674933
vn -0.515957623781 -0.802155106261 -0.300557674933
vn -0.515957623781 -0.802155106261 -0.300557674933
vn -0.507307028381 -0.788716377257 -0.347226230579
vn -0.507307028381 -0.788716377257 -0.347226230579
vn -0.507307028381 -0.788716377257 -0.347226230579
vn -0.507307028381 -0.788716377257 -0.347226230579
vn -0.477537696538 -0.820809520221 -0.313415825862
vn -0.477537696538 -0.820809520221 -0.313415825862
vn -0.477537696538 -0.820809520221 -0.313415825862
vn -0.477537696538 -0.820809520221 -0.313415825862
vn -0.332128901305 -0.392332570106 0.857767770059
vn -0.332128901305 -0.392332570106 0.857767770059
vn -0.332128901305 -0.392332570106 0.857767770059
vn -0.332128901305 -0.392332570106 0.857767770059
vn -0.344741499667 -0.407261953425 0.84574878049
vn -0.344741499667 -0.407261953425 0.84574878049
vn -0.344741499667 -0.407261953425 0.84574878049
vn -0.344741499667 -0.407261953425 0.84574878049
vn -0.35769426617 -0.422548735455 0.832770903739
vn -0.35769426617 -0.422548735455 0.832770903739
vn -0.35769426617 -0.422548735455 0.832770903739
vn -0.35769426617 -0.422548735455 0.832770903739
vn -0.377187484857 -0.445555327246 0.811917515287
vn -0.377187484857 -0.445555327246 0.811917515287
vn -0.377187484857 -0.445555327246 0.811917515287
vn -0.377187484857 -0.445555327246 0.811917515287
vn -0.414003092476 -0.489009791352 0.767770058925
vn -0.414003092476 -0.489009791352 0.767770058925
vn -0.414003092476 -0.489009791352 0.767770058925
vn -0.414003092476 -0.489009791352 0.767770058925
vn -0.465394539156 -0.549720446955 0.693696874091
vn -0.465394539156 -0.549720446955 0.693696874091
vn -0.465394539156 -0.549720446955 0.693696874091
vn -0.465394539156 -0.549720446955 0.693696874091
vn -0.501076587976 -0.591819049554 0.63140515168
vn -0.501076587976 -0.591819049554 0.63140515168
vn -0.501076587976 -0.591819049554 0.63140515168
vn -0.501076587976 -0.591819049554 0.63140515168
vn -0.538776061085 -0.636422935158 0.551983879843
vn -0.538776061085 -0.636422935158 0.551983879843
vn -0.538776061085 -0.636422935158 0.551983879843
vn -0.538776061085 -0.636422935158 0.551983879843
vn -0.578099775152 -0.682915141604 0.446573128767
vn -0.578099775152 -0.682915141604 0.446573128767
vn -0.578099775152 -0.682915141604 0.446573128767
vn -0.578099775152 -0.682915141604 0.446573128767
vn -0.616001071886 -0.72768885095 0.301681314699
vn -0.616001071886 -0.72768885095 0.301681314699
vn -0.616001071886 -0.72768885095 0.301681314699
vn -0.616001071886 -0.72768885095 0.301681314699
vn -0.645802260539 -0.762848296576 0.0316530676797
vn -0.645802260539 -0.762848296576 0.0316530676797
vn -0.645802260539 -0.762848296576 0.0316530676797
vn -0.645802260539 -0.762848296576 0.0316530676797
vn -0.634045805837 -0.74901447029 -0.192258262231
vn -0.634045805837 -0.74901447029 -0.192258262231
vn -0.634045805837 -0.74901447029 -0.192258262231
vn -0.634045805837 -0.74901447029 -0.192258262231
vn -0.616403473843 -0.728051388884 -0.299979886954
vn -0.616403473843 -0.728051388884 -0.299979886954
vn -0.616403473843 -0.728051388884 -0.299979886954
vn -0.616403473843 -0.728051388884 -0.299979886954
vn -0.60606108499 -0.715886751122 -0.346693121981
vn -0.60606108499 -0.715886751122 -0.346693121981
vn -0.60606108499 -0.715886751122 -0.346693121981
vn -0.60606108499 -0.715886751122 -0.346693121981
vn -0.613480401386 -0.72461608988 -0.313963882323
vn -0.613480401386 -0.72461608988 -0.313963882323
vn -0.613480401386 -0.72461608988 -0.313963882323
vn -0.613480401386 -0.72461608988 -0.313963882323
vn -0.43151278639 -0.277552500422 0.85834802073
vn -0.43151278639 -0.277552500422 0.85834802073
vn -0.43151278639 -0.277552500422 0.85834802073
vn -0.43151278639 -0.277552500422 0.85834802073
vn -0.448036120312 -0.288176043688 0.846296758082
vn -0.448036120312 -0.288176043688 0.846296758082
vn -0.448036120312 -0.288176043688 0.846296758082
vn -0.448036120312 -0.288176043688 0.846296758082
vn -0.464837243172 -0.29899420958 0.833383945128
vn -0.464837243172 -0.29899420958 0.833383945128
vn -0.464837243172 -0.29899420958 0.833383945128
vn -0.464837243172 -0.29899420958 0.833383945128
vn -0.490293793143 -0.315372044799 0.812497673698
vn -0.490293793143 -0.315372044799 0.812497673698
vn -0.490293793143 -0.315372044799 0.812497673698
vn -0.490293793143 -0.315372044799 0.812497673698
vn -0.538168672701 -0.346174772244 0.768464382249
vn -0.538168672701 -0.346174772244 0.768464382249
vn -0.538168672701 -0.346174772244 0.768464382249
vn -0.538168672701 -0.346174772244 0.768464382249
vn -0.605159362873 -0.389228492942 0.694466216463
vn -0.605159362873 -0.389228492942 0.694466216463
vn -0.605159362873 -0.389228492942 0.694466216463
vn -0.605159362873 -0.389228492942 0.694466216463
vn -0.651551886436 -0.419089045628 0.632332595329
vn -0.651551886436 -0.419089045628 0.632332595329
vn -0.651551886436 -0.419089045628 0.632332595329
vn -0.651551886436 -0.419089045628 0.632332595329
vn -0.700862319182 -0.450793706682 0.552790234688
vn -0.700862319182 -0.450793706682 0.552790234688
vn -0.700862319182 -0.450793706682 0.552790234688
vn -0.700862319182 -0.450793706682 0.552790234688
vn -0.75209724633 -0.483817836041 0.447515400397
vn -0.75209724633 -0.483817836041 0.447515400397
vn -0.75209724633 -0.483817836041 0.447515400397
vn -0.75209724633 -0.483817836041 0.447515400397
vn -0.801558151668 -0.515573658298 0.302800813019
vn -0.801558151668 -0.515573658298 0.302800813019
vn -0.801558151668 -0.515573658298 0.302800813019
vn -0.801558151668 -0.515573658298 0.302800813019
vn -0.840594579931 -0.540739198149 0.0316523581306
vn -0.840594579931 -0.540739198149 0.0316523581306
vn -0.840594579931 -0.540739198149 0.0316523581306
vn -0.840594579931 -0.540739198149 0.0316523581306
vn -0.825274164713 -0.530778802999 -0.192863722211
vn -0.825242847424 -0.530821806213 -0.192879373763
vn -0.825242847424 -0.530821806213 -0.192879373763
vn -0.825242847424 -0.530821806213 -0.192879373763
vn -0.825274164713 -0.530778802999 -0.192863722211
vn -0.825274164713 -0.530778802999 -0.192863722211
vn -0.802155106261 -0.515957623781 -0.300557674933
vn -0.802006197781 -0.515861841025 -0.301118946091
vn -0.802155106261 -0.515957623781 -0.300557674933
vn -0.802006197781 -0.515861841025 -0.301118946091
vn -0.802155106261 -0.515957623781 -0.300557674933
vn -0.802006197781 -0.515861841025 -0.301118946091
vn -0.788716377257 -0.507307028381 -0.347226230579
vn -0.788716377257 -0.507307028381 -0.347226230579
vn -0.788716377257 -0.507307028381 -0.347226230579
vn -0.788716377257 -0.507307028381 -0.347226230579
vn -0.820809520221 -0.477537696538 -0.313415825862
vn -0.820809520221 -0.477537696538 -0.313415825862
vn -0.820809520221 -0.477537696538 -0.313415825862
vn -0.820809520221 -0.477537696538 -0.313415825862
vn -0.392332570106 -0.332128901305 0.857767770059
vn -0.392332570106 -0.332128901305 0.857767770059
vn -0.392332570106 -0.332128901305 0.857767770059
vn -0.392332570106 -0.332128901305 0.857767770059
vn -0.407261953425 -0.344741499667 0.84574878049
vn -0.407261953425 -0.344741499667 0.84574878049
vn -0.407261953425 -0.344741499667 0.84574878049
vn -0.407261953425 -0.344741499667 0.84574878049
vn -0.422548735455 -0.35769426617 0.832770903739
vn -0.422548735455 -0.35769426617 0.832770903739
vn -0.422548735455 -0.35769426617 0.832770903739
vn -0.422548735455 -0.35769426617 0.832770903739
vn -0.445555327246 -0.377187484857 0.811917515287
vn -0.445555327246 -0.377187484857 0.811917515287
vn -0.445555327246 -0.377187484857 0.811917515287
vn -0.445555327246 -0.377187484857 0.811917515287
vn -0.489009791352 -0.414003092476 0.767770058925
vn -0.489009791352 -0.414003092476 0.767770058925
vn -0.489009791352 -0.414003092476 0.767770058925
vn -0.489009791352 -0.414003092476 0.767770058925
vn -0.549720446955 -0.465394539156 0.693696874091
vn -0.549720446955 -0.465394539156 0.693696874091
vn -0.549720446955 -0.465394539156 0.693696874091
vn -0.549720446955 -0.465394539156 0.693696874091
vn -0.591819049554 -0.501076587976 0.63140515168
vn -0.591819049554 -0.501076587976 0.63140515168
vn -0.591819049554 -0.501076587976 0.63140515168
vn -0.591819049554 -0.501076587976 0.63140515168
vn -0.636422935158 -0.538776061085 0.551983879843
vn -0.636422935158 -0.538776061085 0.551983879843
vn -0.636422935158 -0.538776061085 0.551983879843
vn -0.636422935158 -0.538776061085 0.551983879843
vn -0.682915141604 -0.578099775152 0.446573128767
vn -0.682915141604 -0.578099775152 0.446573128767
vn -0.682915141604 -0.578099775152 0.446573128767
vn -0.682915141604 -0.578099775152 0.446573128767
vn -0.727646052573 -0.616060296665 0.301663609087
vn -0.727646052573 -0.616060296665 0.301663609087
vn -0.727646052573 -0.616060296665 0.301663609087
vn -0.727646052573 -0.616060296665 0.301663609087
vn -0.762848296576 -0.645802260539 0.0316530676797
vn -0.762848296576 -0.645802260539 0.0316530676797
vn -0.762848296576 -0.645802260539 0.0316530676797
vn -0.762848296576 -0.645802260539 0.0316530676797
vn -0.74901447029 -0.634045805837 -0.192258262231
vn -0.74901447029 -0.634045805837 -0.192258262231
vn -0.74901447029 -0.634045805837 -0.192258262231
vn -0.74901447029 -0.634045805837 -0.192258262231
vn -0.728051388884 -0.616403473843 -0.299979886954
vn -0.728051388884 -0.616403473843 -0.299979886954
vn -0.728051388884 -0.616403473843 -0.299979886954
vn -0.728051388884 -0.616403473843 -0.299979886954
vn -0.715886751122 -0.60606108499 -0.346693121981
vn -0.715886751122 -0.60606108499 -0.346693121981
vn -0.715886751122 -0.60606108499 -0.346693121981
vn -0.715886751122 -0.60606108499 -0.346693121981
vn -0.72461608988 -0.613480401386 -0.313963882323
vn -0.72461608988 -0.613480401386 -0.313963882323
vn -0.72461608988 -0.613480401386 -0.313963882323
vn -0.72461608988 -0.613480401386 -0.313963882323
vn -0.456148306585 -0.234937312016 0.85833162695
vn -0.456148306585 -0.234937312016 0.85833162695
vn -0.456148306585 -0.234937312016 0.85833162695
vn -0.456148306585 -0.234937312016 0.85833162695
vn -0.473599352558 -0.243903941403 0.846294582652
vn -0.473599352558 -0.243903941403 0.846294582652
vn -0.473599352558 -0.243903941403 0.846294582652
vn -0.473599352558 -0.243903941403 0.846294582652
vn -0.49138692782 -0.253071646529 0.833362843478
vn -0.49138692782 -0.253071646529 0.833362843478
vn -0.49138692782 -0.253071646529 0.833362843478
vn -0.49138692782 -0.253071646529 0.833362843478
vn -0.518261895975 -0.266943644272 0.812493506413
vn -0.518261895975 -0.266943644272 0.812493506413
vn -0.518261895975 -0.266943644272 0.812493506413
vn -0.518261895975 -0.266943644272 0.812493506413
vn -0.5688376874 -0.293009987051 0.768484764248
vn -0.5688376874 -0.293009987051 0.768484764248
vn -0.5688376874 -0.293009987051 0.768484764248
vn -0.5688376874 -0.293009987051 0.768484764248
vn -0.639688158208 -0.329483412787 0.694434835638
vn -0.639703483453 -0.32941855819 0.694451486266
vn -0.639688158208 -0.329483412787 0.694434835638
vn -0.639688158208 -0.329483412787 0.694434835638
vn -0.639703483453 -0.32941855819 0.694451486266
vn -0.639703483453 -0.32941855819 0.694451486266
vn -0.688712094458 -0.354741387313 0.632324441307
vn -0.688712094458 -0.354741387313 0.632324441307
vn -0.688712094458 -0.354741387313 0.632324441307
vn -0.688712094458 -0.354741387313 0.632324441307
vn -0.740635063503 -0.381455533426 0.553128718047
vn -0.740856768319 -0.381569719262 0.552752926883
vn -0.740635063503 -0.381455533426 0.553128718047
vn -0.740856768319 -0.381569719262 0.552752926883
vn -0.740635063503 -0.381455533426 0.553128718047
vn -0.740856768319 -0.381569719262 0.552752926883
vn -0.79504138558 -0.40944990069 0.447504160919
vn -0.79504138558 -0.40944990069 0.447504160919
vn -0.79504138558 -0.40944990069 0.447504160919
vn -0.79504138558 -0.40944990069 0.447504160919
vn -0.847279325788 -0.436378912525 0.302805529664
vn -0.847279325788 -0.436378912525 0.302805529664
vn -0.847279325788 -0.436378912525 0.302805529664
vn -0.847279325788 -0.436378912525 0.302805529664
vn -0.88855749828 -0.457672075928 0.0316519061862
vn -0.88855749828 -0.457672075928 0.0316519061862
vn -0.88855749828 -0.457672075928 0.0316519061862
vn -0.88855749828 -0.457672075928 0.0316519061862
vn -0.872309437465 -0.449309055552 -0.192866839836
vn -0.872309437465 -0.449309055552 -0.192866839836
vn -0.872309437465 -0.449309055552 -0.192866839836
vn -0.872309437465 -0.449309055552 -0.192866839836
vn -0.847937180201 -0.436668554187 -0.300538037885
vn -0.847937180201 -0.436668554187 -0.300538037885
vn -0.847937180201 -0.436668554187 -0.300538037885
vn -0.847937180201 -0.436668554187 -0.300538037885
vn -0.833719075355 -0.429352169887 -0.347230784354
vn -0.833719075355 -0.429352169887 -0.347230784354
vn -0.833719075355 -0.429352169887 -0.347230784354
vn -0.833719075355 -0.429352169887 -0.347230784354
vn -0.823972245436 -0.472077334519 -0.313389101574
vn -0.823972245436 -0.472077334519 -0.313389101574
vn -0.823972245436 -0.472077334519 -0.313389101574
vn -0.823972245436 -0.472077334519 -0.313389101574
vn -0.483803934765 -0.173708601606 0.857763996933
vn -0.483803934765 -0.173708601606 0.857763996933
vn -0.483803934765 -0.173708601606 0.857763996933
vn -0.483803934765 -0.173708601606 0.857763996933
vn -0.502195426516 -0.180309090359 0.845747235006
vn -0.502195426516 -0.180309090359 0.845747235006
vn -0.502195426516 -0.180309090359 0.845747235006
vn -0.502195426516 -0.180309090359 0.845747235006
vn -0.521053859865 -0.187061007635 0.832773111083
vn -0.521053859865 -0.187061007635 0.832773111083
vn -0.521053859865 -0.187061007635 0.832773111083
vn -0.521053859865 -0.187061007635 0.832773111083
vn -0.549401748024 -0.197285442643 0.811933601589
vn -0.549401748024 -0.197285442643 0.811933601589
vn -0.549401748024 -0.197285442643 0.811933601589
vn -0.549401748024 -0.197285442643 0.811933601589
vn -0.603040720598 -0.21654466492 0.767756665484
vn -0.603049224482 -0.216482552415 0.767767502146
vn -0.603049224482 -0.216482552415 0.767767502146
vn -0.603049224482 -0.216482552415 0.767767502146
vn -0.603040720598 -0.21654466492 0.767756665484
vn -0.603040720598 -0.21654466492 0.767756665484
vn -0.677894668549 -0.243369211896 0.693707607752
vn -0.677894668549 -0.243369211896 0.693707607752
vn -0.677894668549 -0.243369211896 0.693707607752
vn -0.677894668549 -0.243369211896 0.693707607752
vn -0.72983705771 -0.262062931089 0.631395984578
vn -0.72983705771 -0.262062931089 0.631395984578
vn -0.72983705771 -0.262062931089 0.631395984578
vn -0.72983705771 -0.262062931089 0.631395984578
vn -0.784790208225 -0.281796930659 0.551991683765
vn -0.784790208225 -0.281796930659 0.551991683765
vn -0.784790208225 -0.281796930659 0.551991683765
vn -0.784790208225 -0.281796930659 0.551991683765
vn -0.842118703425 -0.302333537041 0.446576445552
vn -0.842118703425 -0.302333537041 0.446576445552
vn -0.842118703425 -0.302333537041 0.446576445552
vn -0.842118703425 -0.302333537041 0.446576445552
vn -0.897323543198 -0.322177330403 0.301682327286
vn -0.897323543198 -0.322177330403 0.301682327286
vn -0.897323543198 -0.322177330403 0.301682327286
vn -0.897323543198 -0.322177330403 0.301682327286
vn -0.940712513591 -0.337724983452 0.0316512610376
vn -0.940712513591 -0.337724983452 0.0316512610376
vn -0.940712513591 -0.337724983452 0.0316512610376
vn -0.940712513591 -0.337724983452 0.0316512610376
vn -0.923600019788 -0.33165949914 -0.192262789115
vn -0.923600019788 -0.33165949914 -0.192262789115
vn -0.923600019788 -0.33165949914 -0.192262789115
vn -0.923600019788 -0.33165949914 -0.192262789115
vn -0.897841978825 -0.322329184654 -0.299972795067
vn -0.897841978825 -0.322329184654 -0.299972795067
vn -0.897841978825 -0.322329184654 -0.299972795067
vn -0.897841978825 -0.322329184654 -0.299972795067
vn -0.882782382127 -0.316997422285 -0.34671010956
vn -0.882782382127 -0.316997422285 -0.34671010956
vn -0.882782382127 -0.316997422285 -0.34671010956
vn -0.882782382127 -0.316997422285 -0.34671010956
vn -0.893570974529 -0.320864135283 -0.313969935135
vn -0.893570974529 -0.320864135283 -0.313969935135
vn -0.893570974529 -0.320864135283 -0.313969935135
vn -0.893570974529 -0.320864135283 -0.313969935135
vn -0.512490077688 -0.0245910449816 0.858340958348
vn -0.512489418722 -0.0246440101875 0.858339832735
vn -0.512490077688 -0.0245910449816 0.858340958348
vn -0.512489418722 -0.0246440101875 0.858339832735
vn -0.512490077688 -0.0245910449816 0.858340958348
vn -0.512489418722 -0.0246440101875 0.858339832735
vn -0.532124860236 -0.0255639353256 0.846279869978
vn -0.532124860236 -0.0255639353256 0.846279869978
vn -0.532124860236 -0.0255639353256 0.846279869978
vn -0.532124860236 -0.0255639353256 0.846279869978
vn -0.552068102508 -0.0265051714117 0.833377637138
vn -0.552068102508 -0.0265051714117 0.833377637138
vn -0.552068102508 -0.0265051714117 0.833377637138
vn -0.552068102508 -0.0265051714117 0.833377637138
vn -0.582308898175 -0.0279703890945 0.812486310309
vn -0.582308898175 -0.0279703890945 0.812486310309
vn -0.582308898175 -0.0279703890945 0.812486310309
vn -0.582308898175 -0.0279703890945 0.812486310309
vn -0.639129421934 -0.0307198691958 0.768485440106
vn -0.639129421934 -0.0307198691958 0.768485440106
vn -0.639129421934 -0.0307198691958 0.768485440106
vn -0.639129421934 -0.0307198691958 0.768485440106
vn -0.718710357654 -0.0345568776826 0.694450317882
vn -0.718710357654 -0.0345568776826 0.694450317882
vn -0.718710357654 -0.0345568776826 0.694450317882
vn -0.718710357654 -0.0345568776826 0.694450317882
vn -0.773816964838 -0.0371682051095 0.632317823138
vn -0.773816964838 -0.0371682051095 0.632317823138
vn -0.773816964838 -0.0371682051095 0.632317823138
vn -0.773816964838 -0.0371682051095 0.632317823138
vn -0.832370178729 -0.039959804223 0.552777622204
vn -0.832370178729 -0.039959804223 0.552777622204
vn -0.832370178729 -0.039959804223 0.552777622204
vn -0.832370178729 -0.039959804223 0.552777622204
vn -0.893253946066 -0.0428733189273 0.447503370224
vn -0.893253946066 -0.0428733189273 0.447503370224
vn -0.893253946066 -0.0428733189273 0.447503370224
vn -0.893253946066 -0.0428733189273 0.447503370224
vn -0.951956094013 -0.0457083948074 0.302804124336
vn -0.951956094013 -0.0457083948074 0.302804124336
vn -0.951956094013 -0.0457083948074 0.302804124336
vn -0.951956094013 -0.0457083948074 0.302804124336
vn -0.998346714373 -0.0479782130791 0.0316532615916
vn -0.998346714373 -0.0479782130791 0.0316532615916
vn -0.998346714373 -0.0479782130791 0.0316532615916
vn -0.998346714373 -0.0479782130791 0.0316532615916
vn -0.980093036627 -0.047119855076 -0.192866168139
vn -0.980093036627 -0.047119855076 -0.192866168139
vn -0.980093036627 -0.047119855076 -0.192866168139
vn -0.980093036627 -0.047119855076 -0.192866168139
vn -0.952673905532 -0.0457382777816 -0.300533591572
vn -0.952673905532 -0.0457382777816 -0.300533591572
vn -0.952673905532 -0.0457382777816 -0.300533591572
vn -0.952673905532 -0.0457382777816 -0.300533591572
vn -0.936695621615 -0.0449937020738 -0.347241816637
vn -0.936695621615 -0.0449937020738 -0.347241816637
vn -0.936695621615 -0.0449937020738 -0.347241816637
vn -0.936695621615 -0.0449937020738 -0.347241816637
vn -0.949615183675 -0.00313781154319 -0.313402547967
vn -0.949615183675 -0.00313781154319 -0.313402547967
vn -0.949615183675 -0.00313781154319 -0.313402547967
vn -0.949615183675 -0.00313781154319 -0.313402547967
vn -0.505836927848 -0.0914732416061 0.85776549738
vn -0.505836927848 -0.0914732416061 0.85776549738
vn -0.505836927848 -0.0914732416061 0.85776549738
vn -0.505836927848 -0.0914732416061 0.85776549738
vn -0.525055643075 -0.094935246727 0.845756389632
vn -0.525055643075 -0.094935246727 0.845756389632
vn -0.525055643075 -0.094935246727 0.845756389632
vn -0.525055643075 -0.094935246727 0.845756389632
vn -0.544763455274 -0.0985053268712 0.832784172746
vn -0.544596838684 -0.098475198476 0.832896703427
vn -0.544763455274 -0.0985053268712 0.832784172746
vn -0.544596838684 -0.098475198476 0.832896703427
vn -0.544763455274 -0.0985053268712 0.832784172746
vn -0.544596838684 -0.098475198476 0.832896703427
vn -0.574423568803 -0.103897817474 0.811937686727
vn -0.574423568803 -0.103897817474 0.811937686727
vn -0.574423568803 -0.103897817474 0.811937686727
vn -0.574423568803 -0.103897817474 0.811937686727
vn -0.630489712533 -0.114042068483 0.767774139318
vn -0.630489712533 -0.114042068483 0.767774139318
vn -0.630489712533 -0.114042068483 0.767774139318
vn -0.630489712533 -0.114042068483 0.767774139318
vn -0.708766357469 -0.128164879722 0.693703116705
vn -0.708766357469 -0.128164879722 0.693703116705
vn -0.708766357469 -0.128164879722 0.693703116705
vn -0.708766357469 -0.128164879722 0.693703116705
vn -0.763076126612 -0.137952409061 0.631414252158
vn -0.763076126612 -0.137952409061 0.631414252158
vn -0.763076126612 -0.137952409061 0.631414252158
vn -0.763076126612 -0.137952409061 0.631414252158
vn -0.820529625906 -0.148364225804 0.552013758444
vn -0.820529625906 -0.148364225804 0.552013758444
vn -0.820529625906 -0.148364225804 0.552013758444
vn -0.820529625906 -0.148364225804 0.552013758444
vn -0.880461786475 -0.159202857519 0.446588728826
vn -0.880461786475 -0.159202857519 0.446588728826
vn -0.880461786475 -0.159202857519 0.446588728826
vn -0.880461786475 -0.159202857519 0.446588728826
vn -0.938205998496 -0.169619703893 0.301659842268
vn -0.938205998496 -0.169619703893 0.301659842268
vn -0.938205998496 -0.169619703893 0.301659842268
vn -0.938205998496 -0.169619703893 0.301659842268
vn -0.983553935055 -0.177819357202 0.0316533259373
vn -0.983553935055 -0.177819357202 0.0316533259373
vn -0.983553935055 -0.177819357202 0.0316533259373
vn -0.983553935055 -0.177819357202 0.0316533259373
vn -0.965677355344 -0.174658403492 -0.19225422613
vn -0.965677355344 -0.174658403492 -0.19225422613
vn -0.965677355344 -0.174658403492 -0.19225422613
vn -0.965677355344 -0.174658403492 -0.19225422613
vn -0.938728603285 -0.16971418835 -0.299976171798
vn -0.938728603285 -0.16971418835 -0.299976171798
vn -0.938728603285 -0.16971418835 -0.299976171798
vn -0.938728603285 -0.16971418835 -0.299976171798
vn -0.922994205788 -0.166954470335 -0.346710110779
vn -0.922994205788 -0.166954470335 -0.346710110779
vn -0.922994205788 -0.166954470335 -0.346710110779
vn -0.922994205788 -0.166954470335 -0.346710110779
vn -0.934290969652 -0.168929088206 -0.313948000764
vn -0.934290969652 -0.168929088206 -0.313948000764
vn -0.934290969652 -0.168929088206 -0.313948000764
vn -0.934290969652 -0.168929088206 -0.313948000764
vn -0.512490077688 0.0245910449816 0.858340958348
vn -0.512489418722 0.0246440101875 0.858339832735
vn -0.512490077688 0.0245910449816 0.858340958348
vn -0.512490077688 0.0245910449816 0.858340958348
vn -0.512489418722 0.0246440101875 0.858339832735
vn -0.512489418722 0.0246440101875 0.858339832735
vn -0.532124860236 0.0255639353256 0.846279869978
vn -0.532124860236 0.0255639353256 0.846279869978
vn -0.532124860236 0.0255639353256 0.846279869978
vn -0.532124860236 0.0255639353256 0.846279869978
vn -0.552068102508 0.0265051714117 0.833377637138
vn -0.552068102508 0.0265051714117 0.833377637138
vn -0.552068102508 0.0265051714117 0.833377637138
vn -0.552068102508 0.0265051714117 0.833377637138
vn -0.582308898175 0.0279703890945 0.812486310309
vn -0.582308898175 0.0279703890945 0.812486310309
vn -0.582308898175 0.0279703890945 0.812486310309
vn -0.582308898175 0.0279703890945 0.812486310309
vn -0.639129421934 0.0307198691958 0.768485440106
vn -0.639129421934 0.0307198691958 0.768485440106
vn -0.639129421934 0.0307198691958 0.768485440106
vn -0.639129421934 0.0307198691958 0.768485440106
vn -0.718710357654 0.0345568776826 0.694450317882
vn -0.718710357654 0.0345568776826 0.694450317882
vn -0.718710357654 0.0345568776826 0.694450317882
vn -0.718710357654 0.0345568776826 0.694450317882
vn -0.773816964838 0.0371682051095 0.632317823138
vn -0.773816964838 0.0371682051095 0.632317823138
vn -0.773816964838 0.0371682051095 0.632317823138
vn -0.773816964838 0.0371682051095 0.632317823138
vn -0.832370178729 0.039959804223 0.552777622204
vn -0.832370178729 0.039959804223 0.552777622204
vn -0.832370178729 0.039959804223 0.552777622204
vn -0.832370178729 0.039959804223 0.552777622204
vn -0.893253946066 0.0428733189273 0.447503370224
vn -0.893253946066 0.0428733189273 0.447503370224
vn -0.893253946066 0.0428733189273 0.447503370224
vn -0.893253946066 0.0428733189273 0.447503370224
vn -0.951956094013 0.0457083948074 0.302804124336
vn -0.951956094013 0.0457083948074 0.302804124336
vn -0.951956094013 0.0457083948074 0.302804124336
vn -0.951956094013 0.0457083948074 0.302804124336
vn -0.998346714373 0.0479782130791 0.0316532615916
vn -0.998346714373 0.0479782130791 0.0316532615916
vn -0.998346714373 0.0479782130791 0.0316532615916
vn -0.998346714373 0.0479782130791 0.0316532615916
vn -0.980093036627 0.047119855076 -0.192866168139
vn -0.980093036627 0.047119855076 -0.192866168139
vn -0.980093036627 0.047119855076 -0.192866168139
vn -0.980093036627 0.047119855076 -0.192866168139
vn -0.952673905532 0.0457382777816 -0.300533591572
vn -0.952673905532 0.0457382777816 -0.300533591572
vn -0.952673905532 0.0457382777816 -0.300533591572
vn -0.952673905532 0.0457382777816 -0.300533591572
vn -0.936695621615 0.0449937020738 -0.347241816637
vn -0.936695621615 0.0449937020738 -0.347241816637
vn -0.936695621615 0.0449937020738 -0.347241816637
vn -0.936695621615 0.0449937020738 -0.347241816637
vn -0.949615183675 0.00313781154319 -0.313402547967
vn -0.949615183675 0.00313781154319 -0.313402547967
vn -0.949615183675 0.00313781154319 -0.313402547967
vn -0.949615183675 0.00313781154319 -0.313402547967
vn -0.505836927848 0.0914732416061 0.85776549738
vn -0.505836927848 0.0914732416061 0.85776549738
vn -0.505836927848 0.0914732416061 0.85776549738
vn -0.505836927848 0.0914732416061 0.85776549738
vn -0.525055643075 0.094935246727 0.845756389632
vn -0.525055643075 0.094935246727 0.845756389632
vn -0.525055643075 0.094935246727 0.845756389632
vn -0.525055643075 0.094935246727 0.845756389632
vn -0.544763455274 0.0985053268712 0.832784172746
vn -0.544596838684 0.098475198476 0.832896703427
vn -0.544763455274 0.0985053268712 0.832784172746
vn -0.544763455274 0.0985053268712 0.832784172746
vn -0.544596838684 0.098475198476 0.832896703427
vn -0.544596838684 0.098475198476 0.832896703427
vn -0.574423568803 0.103897817474 0.811937686727
vn -0.574423568803 0.103897817474 0.811937686727
vn -0.574423568803 0.103897817474 0.811937686727
vn -0.574423568803 0.103897817474 0.811937686727
vn -0.630489712533 0.114042068483 0.767774139318
vn -0.630489712533 0.114042068483 0.767774139318
vn -0.630489712533 0.114042068483 0.767774139318
vn -0.630489712533 0.114042068483 0.767774139318
vn -0.708766357469 0.128164879722 0.693703116705
vn -0.708766357469 0.128164879722 0.693703116705
vn -0.708766357469 0.128164879722 0.693703116705
vn -0.708766357469 0.128164879722 0.693703116705
vn -0.763076126612 0.137952409061 0.631414252158
vn -0.763076126612 0.137952409061 0.631414252158
vn -0.763076126612 0.137952409061 0.631414252158
vn -0.763076126612 0.137952409061 0.631414252158
vn -0.820529625906 0.148364225804 0.552013758444
vn -0.820529625906 0.148364225804 0.552013758444
vn -0.820529625906 0.148364225804 0.552013758444
vn -0.820529625906 0.148364225804 0.552013758444
vn -0.880461786475 0.159202857519 0.446588728826
vn -0.880461786475 0.159202857519 0.446588728826
vn -0.880461786475 0.159202857519 0.446588728826
vn -0.880461786475 0.159202857519 0.446588728826
vn -0.938205998496 0.169619703893 0.301659842268
vn -0.938205998496 0.169619703893 0.301659842268
vn -0.938205998496 0.169619703893 0.301659842268
vn -0.938205998496 0.169619703893 0.301659842268
vn -0.983553935055 0.177819357202 0.0316533259373
vn -0.983553935055 0.177819357202 0.0316533259373
vn -0.983553935055 0.177819357202 0.0316533259373
vn -0.983553935055 0.177819357202 0.0316533259373
vn -0.965677355344 0.174658403492 -0.19225422613
vn -0.965677355344 0.174658403492 -0.19225422613
vn -0.965677355344 0.174658403492 -0.19225422613
vn -0.965677355344 0.174658403492 -0.19225422613
vn -0.938728603285 0.16971418835 -0.299976171798
vn -0.938728603285 0.16971418835 -0.299976171798
vn -0.938728603285 0.16971418835 -0.299976171798
vn -0.938728603285 0.16971418835 -0.299976171798
vn -0.922994205788 0.166954470335 -0.346710110779
vn -0.922994205788 0.166954470335 -0.346710110779
vn -0.922994205788 0.166954470335 -0.346710110779
vn -0.922994205788 0.166954470335 -0.346710110779
vn -0.934290969652 0.168929088206 -0.313948000764
vn -0.934290969652 0.168929088206 -0.313948000764
vn -0.934290969652 0.168929088206 -0.313948000764
vn -0.934290969652 0.168929088206 -0.313948000764
vn -0.456148306585 0.234937312016 0.85833162695
vn -0.456148306585 0.234937312016 0.85833162695
vn -0.456148306585 0.234937312016 0.85833162695
vn -0.456148306585 0.234937312016 0.85833162695
vn -0.473599352558 0.243903941403 0.846294582652
vn -0.473599352558 0.243903941403 0.846294582652
vn -0.473599352558 0.243903941403 0.846294582652
vn -0.473599352558 0.243903941403 0.846294582652
vn -0.49138692782 0.253071646529 0.833362843478
vn -0.49138692782 0.253071646529 0.833362843478
vn -0.49138692782 0.253071646529 0.833362843478
vn -0.49138692782 0.253071646529 0.833362843478
vn -0.518261895975 0.266943644272 0.812493506413
vn -0.518261895975 0.266943644272 0.812493506413
vn -0.518261895975 0.266943644272 0.812493506413
vn -0.518261895975 0.266943644272 0.812493506413
vn -0.5688376874 0.293009987051 0.768484764248
vn -0.5688376874 0.293009987051 0.768484764248
vn -0.5688376874 0.293009987051 0.768484764248
vn -0.5688376874 0.293009987051 0.768484764248
vn -0.639688158208 0.329483412787 0.694434835638
vn -0.639688158208 0.329483412787 0.694434835638
vn -0.639688158208 0.329483412787 0.694434835638
vn -0.639688158208 0.329483412787 0.694434835638
vn -0.688712094458 0.354741387313 0.632324441307
vn -0.688712094458 0.354741387313 0.632324441307
vn -0.688712094458 0.354741387313 0.632324441307
vn -0.688712094458 0.354741387313 0.632324441307
vn -0.740856768319 0.381569719262 0.552752926883
vn -0.740856768319 0.381569719262 0.552752926883
vn -0.740856768319 0.381569719262 0.552752926883
vn -0.740856768319 0.381569719262 0.552752926883
vn -0.79504138558 0.40944990069 0.447504160919
vn -0.79504138558 0.40944990069 0.447504160919
vn -0.79504138558 0.40944990069 0.447504160919
vn -0.79504138558 0.40944990069 0.447504160919
vn -0.847279325788 0.436378912525 0.302805529664
vn -0.847279325788 0.436378912525 0.302805529664
vn -0.847279325788 0.436378912525 0.302805529664
vn -0.847279325788 0.436378912525 0.302805529664
vn -0.88855749828 0.457672075928 0.0316519061862
vn -0.88855749828 0.457672075928 0.0316519061862
vn -0.88855749828 0.457672075928 0.0316519061862
vn -0.88855749828 0.457672075928 0.0316519061862
vn -0.872309437465 0.449309055552 -0.192866839836
vn -0.872309437465 0.449309055552 -0.192866839836
vn -0.872309437465 0.449309055552 -0.192866839836
vn -0.872309437465 0.449309055552 -0.192866839836
vn -0.847937180201 0.436668554187 -0.300538037885
vn -0.847937180201 0.436668554187 -0.300538037885
vn -0.847937180201 0.436668554187 -0.300538037885
vn -0.847937180201 0.436668554187 -0.300538037885
vn -0.833719075355 0.429352169887 -0.347230784354
vn -0.833719075355 0.429352169887 -0.347230784354
vn -0.833719075355 0.429352169887 -0.347230784354
vn -0.833719075355 0.429352169887 -0.347230784354
vn -0.823972245436 0.472077334519 -0.313389101574
vn -0.823941730077 0.472114327403 -0.313413604202
vn -0.823972245436 0.472077334519 -0.313389101574
vn -0.823941730077 0.472114327403 -0.313413604202
vn -0.823972245436 0.472077334519 -0.313389101574
vn -0.823941730077 0.472114327403 -0.313413604202
vn -0.483803934765 0.173708601606 0.857763996933
vn -0.483803934765 0.173708601606 0.857763996933
vn -0.483803934765 0.173708601606 0.857763996933
vn -0.483803934765 0.173708601606 0.857763996933
vn -0.502195426516 0.180309090359 0.845747235006
vn -0.502195426516 0.180309090359 0.845747235006
vn -0.502195426516 0.180309090359 0.845747235006
vn -0.502195426516 0.180309090359 0.845747235006
vn -0.521053859865 0.187061007635 0.832773111083
vn -0.521053859865 0.187061007635 0.832773111083
vn -0.521053859865 0.187061007635 0.832773111083
vn -0.521053859865 0.187061007635 0.832773111083
vn -0.549401748024 0.197285442643 0.811933601589
vn -0.549401748024 0.197285442643 0.811933601589
vn -0.549401748024 0.197285442643 0.811933601589
vn -0.549401748024 0.197285442643 0.811933601589
vn -0.603049224482 0.216482552415 0.767767502146
vn -0.603040720598 0.21654466492 0.767756665484
vn -0.603049224482 0.216482552415 0.767767502146
vn -0.603040720598 0.21654466492 0.767756665484
vn -0.603049224482 0.216482552415 0.767767502146
vn -0.603040720598 0.21654466492 0.767756665484
vn -0.677894668549 0.243369211896 0.693707607752
vn -0.677894668549 0.243369211896 0.693707607752
vn -0.677894668549 0.243369211896 0.693707607752
vn -0.677894668549 0.243369211896 0.693707607752
vn -0.72983705771 0.262062931089 0.631395984578
vn -0.72983705771 0.262062931089 0.631395984578
vn -0.72983705771 0.262062931089 0.631395984578
vn -0.72983705771 0.262062931089 0.631395984578
vn -0.784790208225 0.281796930659 0.551991683765
vn -0.784790208225 0.281796930659 0.551991683765
vn -0.784790208225 0.281796930659 0.551991683765
vn -0.784790208225 0.281796930659 0.551991683765
vn -0.842118703425 0.302333537041 0.446576445552
vn -0.842118703425 0.302333537041 0.446576445552
vn -0.842118703425 0.302333537041 0.446576445552
vn -0.842118703425 0.302333537041 0.446576445552
vn -0.897323543198 0.322177330403 0.301682327286
vn -0.897323543198 0.322177330403 0.301682327286
vn -0.897323543198 0.322177330403 0.301682327286
vn -0.897323543198 0.322177330403 0.301682327286
vn -0.940712513591 0.337724983452 0.0316512610376
vn -0.940712513591 0.337724983452 0.0316512610376
vn -0.940712513591 0.337724983452 0.0316512610376
vn -0.940712513591 0.337724983452 0.0316512610376
vn -0.923600019788 0.33165949914 -0.192262789115
vn -0.923600019788 0.33165949914 -0.192262789115
vn -0.923600019788 0.33165949914 -0.192262789115
vn -0.923600019788 0.33165949914 -0.192262789115
vn -0.897841978825 0.322329184654 -0.299972795067
vn -0.897841978825 0.322329184654 -0.299972795067
vn -0.897841978825 0.322329184654 -0.299972795067
vn -0.897841978825 0.322329184654 -0.299972795067
vn -0.882782382127 0.316997422285 -0.34671010956
vn -0.882782382127 0.316997422285 -0.34671010956
vn -0.882782382127 0.316997422285 -0.34671010956
vn -0.882782382127 0.316997422285 -0.34671010956
vn -0.893570974529 0.320864135283 -0.313969935135
vn -0.893570974529 0.320864135283 -0.313969935135
vn -0.893570974529 0.320864135283 -0.313969935135
vn -0.893570974529 0.320864135283 -0.313969935135
vn -0.43151278639 0.277552500422 0.85834802073
vn -0.43151278639 0.277552500422 0.85834802073
vn -0.43151278639 0.277552500422 0.85834802073
vn -0.43151278639 0.277552500422 0.85834802073
vn -0.448036120312 0.288176043688 0.846296758082
vn -0.448036120312 0.288176043688 0.846296758082
vn -0.448036120312 0.288176043688 0.846296758082
vn -0.448036120312 0.288176043688 0.846296758082
vn -0.464837243172 0.29899420958 0.833383945128
vn -0.464837243172 0.29899420958 0.833383945128
vn -0.464837243172 0.29899420958 0.833383945128
vn -0.464837243172 0.29899420958 0.833383945128
vn -0.490293793143 0.315372044799 0.812497673698
vn -0.490293793143 0.315372044799 0.812497673698
vn -0.490293793143 0.315372044799 0.812497673698
vn -0.490293793143 0.315372044799 0.812497673698
vn -0.538168672701 0.346174772244 0.768464382249
vn -0.538168672701 0.346174772244 0.768464382249
vn -0.538168672701 0.346174772244 0.768464382249
vn -0.538168672701 0.346174772244 0.768464382249
vn -0.605159362873 0.389228492942 0.694466216463
vn -0.605159362873 0.389228492942 0.694466216463
vn -0.605159362873 0.389228492942 0.694466216463
vn -0.605159362873 0.389228492942 0.694466216463
vn -0.651551886436 0.419089045628 0.632332595329
vn -0.651551886436 0.419089045628 0.632332595329
vn -0.651551886436 0.419089045628 0.632332595329
vn -0.651551886436 0.419089045628 0.632332595329
vn -0.700652552075 0.450658784213 0.553166034281
vn -0.700862319182 0.450793706682 0.552790234688
vn -0.700862319182 0.450793706682 0.552790234688
vn -0.700652552075 0.450658784213 0.553166034281
vn -0.700862319182 0.450793706682 0.552790234688
vn -0.700652552075 0.450658784213 0.553166034281
vn -0.75209724633 0.483817836041 0.447515400397
vn -0.75209724633 0.483817836041 0.447515400397
vn -0.75209724633 0.483817836041 0.447515400397
vn -0.75209724633 0.483817836041 0.447515400397
vn -0.801558151668 0.515573658298 0.302800813019
vn -0.801558151668 0.515573658298 0.302800813019
vn -0.801558151668 0.515573658298 0.302800813019
vn -0.801558151668 0.515573658298 0.302800813019
vn -0.840594579931 0.540739198149 0.0316523581306
vn -0.840594579931 0.540739198149 0.0316523581306
vn -0.840594579931 0.540739198149 0.0316523581306
vn -0.840594579931 0.540739198149 0.0316523581306
vn -0.825274164713 0.530778802999 -0.192863722211
vn -0.825242847424 0.530821806213 -0.192879373763
vn -0.825242847424 0.530821806213 -0.192879373763
vn -0.825274164713 0.530778802999 -0.192863722211
vn -0.825242847424 0.530821806213 -0.192879373763
vn -0.825274164713 0.530778802999 -0.192863722211
vn -0.802155106261 0.515957623781 -0.300557674933
vn -0.802155106261 0.515957623781 -0.300557674933
vn -0.802155106261 0.515957623781 -0.300557674933
vn -0.802155106261 0.515957623781 -0.300557674933
vn -0.788716377257 0.507307028381 -0.347226230579
vn -0.788716377257 0.507307028381 -0.347226230579
vn -0.788716377257 0.507307028381 -0.347226230579
vn -0.788716377257 0.507307028381 -0.347226230579
vn -0.820809520221 0.477537696538 -0.313415825862
vn -0.820809520221 0.477537696538 -0.313415825862
vn -0.820809520221 0.477537696538 -0.313415825862
vn -0.820809520221 0.477537696538 -0.313415825862
vn -0.392332570106 0.332128901305 0.857767770059
vn -0.392332570106 0.332128901305 0.857767770059
vn -0.392332570106 0.332128901305 0.857767770059
vn -0.392332570106 0.332128901305 0.857767770059
vn -0.407261953425 0.344741499667 0.84574878049
vn -0.407261953425 0.344741499667 0.84574878049
vn -0.407261953425 0.344741499667 0.84574878049
vn -0.407261953425 0.344741499667 0.84574878049
vn -0.422548735455 0.35769426617 0.832770903739
vn -0.422548735455 0.35769426617 0.832770903739
vn -0.422548735455 0.35769426617 0.832770903739
vn -0.422548735455 0.35769426617 0.832770903739
vn -0.445555327246 0.377187484857 0.811917515287
vn -0.445555327246 0.377187484857 0.811917515287
vn -0.445555327246 0.377187484857 0.811917515287
vn -0.445555327246 0.377187484857 0.811917515287
vn -0.489009791352 0.414003092476 0.767770058925
vn -0.489009791352 0.414003092476 0.767770058925
vn -0.489009791352 0.414003092476 0.767770058925
vn -0.489009791352 0.414003092476 0.767770058925
vn -0.549720446955 0.465394539156 0.693696874091
vn -0.549720446955 0.465394539156 0.693696874091
vn -0.549720446955 0.465394539156 0.693696874091
vn -0.549720446955 0.465394539156 0.693696874091
vn -0.591819049554 0.501076587976 0.63140515168
vn -0.591819049554 0.501076587976 0.63140515168
vn -0.591819049554 0.501076587976 0.63140515168
vn -0.591819049554 0.501076587976 0.63140515168
vn -0.636422935158 0.538776061085 0.551983879843
vn -0.636422935158 0.538776061085 0.551983879843
vn -0.636422935158 0.538776061085 0.551983879843
vn -0.636422935158 0.538776061085 0.551983879843
vn -0.682915141604 0.578099775152 0.446573128767
vn -0.682915141604 0.578099775152 0.446573128767
vn -0.682915141604 0.578099775152 0.446573128767
vn -0.682915141604 0.578099775152 0.446573128767
vn -0.727646052573 0.616060296665 0.301663609087
vn -0.727646052573 0.616060296665 0.301663609087
vn -0.727646052573 0.616060296665 0.301663609087
vn -0.727646052573 0.616060296665 0.301663609087
vn -0.762848296576 0.645802260539 0.0316530676797
vn -0.762848296576 0.645802260539 0.0316530676797
vn -0.762848296576 0.645802260539 0.0316530676797
vn -0.762848296576 0.645802260539 0.0316530676797
vn -0.74901447029 0.634045805837 -0.192258262231
vn -0.74901447029 0.634045805837 -0.192258262231
vn -0.74901447029 0.634045805837 -0.192258262231
vn -0.74901447029 0.634045805837 -0.192258262231
vn -0.728051388884 0.616403473843 -0.299979886954
vn -0.728051388884 0.616403473843 -0.299979886954
vn -0.728051388884 0.616403473843 -0.299979886954
vn -0.728051388884 0.616403473843 -0.299979886954
vn -0.715886751122 0.60606108499 -0.346693121981
vn -0.715886751122 0.60606108499 -0.346693121981
vn -0.715886751122 0.60606108499 -0.346693121981
vn -0.715886751122 0.60606108499 -0.346693121981
vn -0.72461608988 0.613480401386 -0.313963882323
vn -0.72461608988 0.613480401386 -0.313963882323
vn -0.72461608988 0.613480401386 -0.313963882323
vn -0.72461608988 0.613480401386 -0.313963882323
vn -0.277552500422 0.43151278639 0.85834802073
vn -0.277552500422 0.43151278639 0.85834802073
vn -0.277552500422 0.43151278639 0.85834802073
vn -0.277552500422 0.43151278639 0.85834802073
vn -0.288176043688 0.448036120312 0.846296758082
vn -0.288176043688 0.448036120312 0.846296758082
vn -0.288176043688 0.448036120312 0.846296758082
vn -0.288176043688 0.448036120312 0.846296758082
vn -0.29899420958 0.464837243172 0.833383945128
vn -0.29899420958 0.464837243172 0.833383945128
vn -0.29899420958 0.464837243172 0.833383945128
vn -0.29899420958 0.464837243172 0.833383945128
vn -0.315372044799 0.490293793143 0.812497673698
vn -0.315372044799 0.490293793143 0.812497673698
vn -0.315372044799 0.490293793143 0.812497673698
vn -0.315372044799 0.490293793143 0.812497673698
vn -0.346174772244 0.538168672701 0.768464382249
vn -0.346174772244 0.538168672701 0.768464382249
vn -0.346174772244 0.538168672701 0.768464382249
vn -0.346174772244 0.538168672701 0.768464382249
vn -0.389228492942 0.605159362873 0.694466216463
vn -0.389228492942 0.605159362873 0.694466216463
vn -0.389228492942 0.605159362873 0.694466216463
vn -0.389228492942 0.605159362873 0.694466216463
vn -0.419089045628 0.651551886436 0.632332595329
vn -0.419089045628 0.651551886436 0.632332595329
vn -0.419089045628 0.651551886436 0.632332595329
vn -0.419089045628 0.651551886436 0.632332595329
vn -0.450793706682 0.700862319182 0.552790234688
vn -0.450793706682 0.700862319182 0.552790234688
vn -0.450793706682 0.700862319182 0.552790234688
vn -0.450793706682 0.700862319182 0.552790234688
vn -0.483817836041 0.75209724633 0.447515400397
vn -0.483817836041 0.75209724633 0.447515400397
vn -0.483817836041 0.75209724633 0.447515400397
vn -0.483817836041 0.75209724633 0.447515400397
vn -0.515573658298 0.801558151668 0.302800813019
vn -0.515573658298 0.801558151668 0.302800813019
vn -0.515573658298 0.801558151668 0.302800813019
vn -0.515573658298 0.801558151668 0.302800813019
vn -0.540739198149 0.840594579931 0.0316523581306
vn -0.540739198149 0.840594579931 0.0316523581306
vn -0.540739198149 0.840594579931 0.0316523581306
vn -0.540739198149 0.840594579931 0.0316523581306
vn -0.530778802999 0.825274164713 -0.192863722211
vn -0.530821806213 0.825242847424 -0.192879373763
vn -0.530821806213 0.825242847424 -0.192879373763
vn -0.530778802999 0.825274164713 -0.192863722211
vn -0.530821806213 0.825242847424 -0.192879373763
vn -0.530778802999 0.825274164713 -0.192863722211
vn -0.515957623781 0.802155106261 -0.300557674933
vn -0.515957623781 0.802155106261 -0.300557674933
vn -0.515957623781 0.802155106261 -0.300557674933
vn -0.515957623781 0.802155106261 -0.300557674933
vn -0.507307028381 0.788716377257 -0.347226230579
vn -0.507307028381 0.788716377257 -0.347226230579
vn -0.507307028381 0.788716377257 -0.347226230579
vn -0.507307028381 0.788716377257 -0.347226230579
vn -0.477537696538 0.820809520221 -0.313415825862
vn -0.477537696538 0.820809520221 -0.313415825862
vn -0.477537696538 0.820809520221 -0.313415825862
vn -0.477537696538 0.820809520221 -0.313415825862
vn -0.332128901305 0.392332570106 0.857767770059
vn -0.332128901305 0.392332570106 0.857767770059
vn -0.332128901305 0.392332570106 0.857767770059
vn -0.332128901305 0.392332570106 0.857767770059
vn -0.344741499667 0.407261953425 0.84574878049
vn -0.344741499667 0.407261953425 0.84574878049
vn -0.344741499667 0.407261953425 0.84574878049
vn -0.344741499667 0.407261953425 0.84574878049
vn -0.35769426617 0.422548735455 0.832770903739
vn -0.35769426617 0.422548735455 0.832770903739
vn -0.35769426617 0.422548735455 0.832770903739
vn -0.35769426617 0.422548735455 0.832770903739
vn -0.377187484857 0.445555327246 0.811917515287
vn -0.377187484857 0.445555327246 0.811917515287
vn -0.377187484857 0.445555327246 0.811917515287
vn -0.377187484857 0.445555327246 0.811917515287
vn -0.414003092476 0.489009791352 0.767770058925
vn -0.414003092476 0.489009791352 0.767770058925
vn -0.414003092476 0.489009791352 0.767770058925
vn -0.414003092476 0.489009791352 0.767770058925
vn -0.465394539156 0.549720446955 0.693696874091
vn -0.465394539156 0.549720446955 0.693696874091
vn -0.465394539156 0.549720446955 0.693696874091
vn -0.465394539156 0.549720446955 0.693696874091
vn -0.501076587976 0.591819049554 0.63140515168
vn -0.501076587976 0.591819049554 0.63140515168
vn -0.501076587976 0.591819049554 0.63140515168
vn -0.501076587976 0.591819049554 0.63140515168
vn -0.538776061085 0.636422935158 0.551983879843
vn -0.538776061085 0.636422935158 0.551983879843
vn -0.538776061085 0.636422935158 0.551983879843
vn -0.538776061085 0.636422935158 0.551983879843
vn -0.578099775152 0.682915141604 0.446573128767
vn -0.578099775152 0.682915141604 0.446573128767
vn -0.578099775152 0.682915141604 0.446573128767
vn -0.578099775152 0.682915141604 0.446573128767
vn -0.616001071886 0.72768885095 0.301681314699
vn -0.616060296665 0.727646052573 0.301663609087
vn -0.616060296665 0.727646052573 0.301663609087
vn -0.616001071886 0.72768885095 0.301681314699
vn -0.616060296665 0.727646052573 0.301663609087
vn -0.616001071886 0.72768885095 0.301681314699
vn -0.645802260539 0.762848296576 0.0316530676797
vn -0.645802260539 0.762848296576 0.0316530676797
vn -0.645802260539 0.762848296576 0.0316530676797
vn -0.645802260539 0.762848296576 0.0316530676797
vn -0.634045805837 0.74901447029 -0.192258262231
vn -0.634045805837 0.74901447029 -0.192258262231
vn -0.634045805837 0.74901447029 -0.192258262231
vn -0.634045805837 0.74901447029 -0.192258262231
vn -0.616403473843 0.728051388884 -0.299979886954
vn -0.616403473843 0.728051388884 -0.299979886954
vn -0.616403473843 0.728051388884 -0.299979886954
vn -0.616403473843 0.728051388884 -0.299979886954
vn -0.60606108499 0.715886751122 -0.346693121981
vn -0.60606108499 0.715886751122 -0.346693121981
vn -0.60606108499 0.715886751122 -0.346693121981
vn -0.60606108499 0.715886751122 -0.346693121981
vn -0.613480401386 0.72461608988 -0.313963882323
vn -0.613480401386 0.72461608988 -0.313963882323
vn -0.613480401386 0.72461608988 -0.313963882323
vn -0.613480401386 0.72461608988 -0.313963882323
vn -0.234937312016 0.456148306585 0.85833162695
vn -0.234937312016 0.456148306585 0.85833162695
vn -0.234937312016 0.456148306585 0.85833162695
vn -0.234937312016 0.456148306585 0.85833162695
vn -0.243903941403 0.473599352558 0.846294582652
vn -0.243903941403 0.473599352558 0.846294582652
vn -0.243903941403 0.473599352558 0.846294582652
vn -0.243903941403 0.473599352558 0.846294582652
vn -0.253071646529 0.49138692782 0.833362843478
vn -0.253071646529 0.49138692782 0.833362843478
vn -0.253071646529 0.49138692782 0.833362843478
vn -0.253071646529 0.49138692782 0.833362843478
vn -0.266943644272 0.518261895975 0.812493506413
vn -0.266943644272 0.518261895975 0.812493506413
vn -0.266943644272 0.518261895975 0.812493506413
vn -0.266943644272 0.518261895975 0.812493506413
vn -0.293009987051 0.5688376874 0.768484764248
vn -0.293009987051 0.5688376874 0.768484764248
vn -0.293009987051 0.5688376874 0.768484764248
vn -0.293009987051 0.5688376874 0.768484764248
vn -0.329483412787 0.639688158208 0.694434835638
vn -0.329483412787 0.639688158208 0.694434835638
vn -0.329483412787 0.639688158208 0.694434835638
vn -0.329483412787 0.639688158208 0.694434835638
vn -0.354741387313 0.688712094458 0.632324441307
vn -0.354741387313 0.688712094458 0.632324441307
vn -0.354741387313 0.688712094458 0.632324441307
vn -0.354741387313 0.688712094458 0.632324441307
vn -0.381569719262 0.740856768319 0.552752926883
vn -0.381569719262 0.740856768319 0.552752926883
vn -0.381569719262 0.740856768319 0.552752926883
vn -0.381569719262 0.740856768319 0.552752926883
vn -0.40944990069 0.79504138558 0.447504160919
vn -0.40944990069 0.79504138558 0.447504160919
vn -0.40944990069 0.79504138558 0.447504160919
vn -0.40944990069 0.79504138558 0.447504160919
vn -0.436378912525 0.847279325788 0.302805529664
vn -0.436378912525 0.847279325788 0.302805529664
vn -0.436378912525 0.847279325788 0.302805529664
vn -0.436378912525 0.847279325788 0.302805529664
vn -0.457672075928 0.88855749828 0.0316519061862
vn -0.457672075928 0.88855749828 0.0316519061862
vn -0.457672075928 0.88855749828 0.0316519061862
vn -0.457672075928 0.88855749828 0.0316519061862
vn -0.449309055552 0.872309437465 -0.192866839836
vn -0.449309055552 0.872309437465 -0.192866839836
vn -0.449309055552 0.872309437465 -0.192866839836
vn -0.449309055552 0.872309437465 -0.192866839836
vn -0.436668554187 0.847937180201 -0.300538037885
vn -0.436668554187 0.847937180201 -0.300538037885
vn -0.436668554187 0.847937180201 -0.300538037885
vn -0.436668554187 0.847937180201 -0.300538037885
vn -0.429352169887 0.833719075355 -0.347230784354
vn -0.429352169887 0.833719075355 -0.347230784354
vn -0.429352169887 0.833719075355 -0.347230784354
vn -0.429352169887 0.833719075355 -0.347230784354
vn -0.472114327403 0.823941730077 -0.313413604202
vn -0.472077334519 0.823972245436 -0.313389101574
vn -0.472077334519 0.823972245436 -0.313389101574
vn -0.472114327403 0.823941730077 -0.313413604202
vn -0.472077334519 0.823972245436 -0.313389101574
vn -0.472114327403 0.823941730077 -0.313413604202
vn -0.173708601606 0.483803934765 0.857763996933
vn -0.173708601606 0.483803934765 0.857763996933
vn -0.173708601606 0.483803934765 0.857763996933
vn -0.173708601606 0.483803934765 0.857763996933
vn -0.180309090359 0.502195426516 0.845747235006
vn -0.180309090359 0.502195426516 0.845747235006
vn -0.180309090359 0.502195426516 0.845747235006
vn -0.180309090359 0.502195426516 0.845747235006
vn -0.187061007635 0.521053859865 0.832773111083
vn -0.187061007635 0.521053859865 0.832773111083
vn -0.187061007635 0.521053859865 0.832773111083
vn -0.187061007635 0.521053859865 0.832773111083
vn -0.197285442643 0.549401748024 0.811933601589
vn -0.197285442643 0.549401748024 0.811933601589
vn -0.197285442643 0.549401748024 0.811933601589
vn -0.197285442643 0.549401748024 0.811933601589
vn -0.21654466492 0.603040720598 0.767756665484
vn -0.21654466492 0.603040720598 0.767756665484
vn -0.21654466492 0.603040720598 0.767756665484
vn -0.21654466492 0.603040720598 0.767756665484
vn -0.243369211896 0.677894668549 0.693707607752
vn -0.243369211896 0.677894668549 0.693707607752
vn -0.243369211896 0.677894668549 0.693707607752
vn -0.243369211896 0.677894668549 0.693707607752
vn -0.262062931089 0.72983705771 0.631395984578
vn -0.262062931089 0.72983705771 0.631395984578
vn -0.262062931089 0.72983705771 0.631395984578
vn -0.262062931089 0.72983705771 0.631395984578
vn -0.281796930659 0.784790208225 0.551991683765
vn -0.281796930659 0.784790208225 0.551991683765
vn -0.281796930659 0.784790208225 0.551991683765
vn -0.281796930659 0.784790208225 0.551991683765
vn -0.302333537041 0.842118703425 0.446576445552
vn -0.302333537041 0.842118703425 0.446576445552
vn -0.302333537041 0.842118703425 0.446576445552
vn -0.302333537041 0.842118703425 0.446576445552
vn -0.322177330403 0.897323543198 0.301682327286
vn -0.322177330403 0.897323543198 0.301682327286
vn -0.322177330403 0.897323543198 0.301682327286
vn -0.322177330403 0.897323543198 0.301682327286
vn -0.337724983452 0.940712513591 0.0316512610376
vn -0.337724983452 0.940712513591 0.0316512610376
vn -0.337724983452 0.940712513591 0.0316512610376
vn -0.337724983452 0.940712513591 0.0316512610376
vn -0.33165949914 0.923600019788 -0.192262789115
vn -0.33165949914 0.923600019788 -0.192262789115
vn -0.33165949914 0.923600019788 -0.192262789115
vn -0.33165949914 0.923600019788 -0.192262789115
vn -0.322329184654 0.897841978825 -0.299972795067
vn -0.322329184654 0.897841978825 -0.299972795067
vn -0.322329184654 0.897841978825 -0.299972795067
vn -0.322329184654 0.897841978825 -0.299972795067
vn -0.316997422285 0.882782382127 -0.34671010956
vn -0.316997422285 0.882782382127 -0.34671010956
vn -0.316997422285 0.882782382127 -0.34671010956
vn -0.316997422285 0.882782382127 -0.34671010956
vn -0.320864135283 0.893570974529 -0.313969935135
vn -0.320864135283 0.893570974529 -0.313969935135
vn -0.320864135283 0.893570974529 -0.313969935135
vn -0.320864135283 0.893570974529 -0.313969935135
vn -0.0245910449816 0.512490077688 0.858340958348
vn -0.0245910449816 0.512490077688 0.858340958348
vn -0.0245910449816 0.512490077688 0.858340958348
vn -0.0245910449816 0.512490077688 0.858340958348
vn -0.0255639353256 0.532124860236 0.846279869978
vn -0.0255639353256 0.532124860236 0.846279869978
vn -0.0255639353256 0.532124860236 0.846279869978
vn -0.0255639353256 0.532124860236 0.846279869978
vn -0.0265051714117 0.552068102508 0.833377637138
vn -0.0265051714117 0.552068102508 0.833377637138
vn -0.0265051714117 0.552068102508 0.833377637138
vn -0.0265051714117 0.552068102508 0.833377637138
vn -0.0279703890945 0.582308898175 0.812486310309
vn -0.0279703890945 0.582308898175 0.812486310309
vn -0.0279703890945 0.582308898175 0.812486310309
vn -0.0279703890945 0.582308898175 0.812486310309
vn -0.0307198691958 0.639129421934 0.768485440106
vn -0.0307198691958 0.639129421934 0.768485440106
vn -0.0307198691958 0.639129421934 0.768485440106
vn -0.0307198691958 0.639129421934 0.768485440106
vn -0.0345568776826 0.718710357654 0.694450317882
vn -0.0345568776826 0.718710357654 0.694450317882
vn -0.0345568776826 0.718710357654 0.694450317882
vn -0.0345568776826 0.718710357654 0.694450317882
vn -0.0371682051095 0.773816964838 0.632317823138
vn -0.0371682051095 0.773816964838 0.632317823138
vn -0.0371682051095 0.773816964838 0.632317823138
vn -0.0371682051095 0.773816964838 0.632317823138
vn -0.039959804223 0.832370178729 0.552777622204
vn -0.039959804223 0.832370178729 0.552777622204
vn -0.039959804223 0.832370178729 0.552777622204
vn -0.039959804223 0.832370178729 0.552777622204
vn -0.0428733189273 0.893253946066 0.447503370224
vn -0.0428733189273 0.893253946066 0.447503370224
vn -0.0428733189273 0.893253946066 0.447503370224
vn -0.0428733189273 0.893253946066 0.447503370224
vn -0.0457083948074 0.951956094013 0.302804124336
vn -0.0457083948074 0.951956094013 0.302804124336
vn -0.0457083948074 0.951956094013 0.302804124336
vn -0.0457083948074 0.951956094013 0.302804124336
vn -0.0479782130791 0.998346714373 0.0316532615916
vn -0.0479782130791 0.998346714373 0.0316532615916
vn -0.0479782130791 0.998346714373 0.0316532615916
vn -0.0479782130791 0.998346714373 0.0316532615916
vn -0.047119855076 0.980093036627 -0.192866168139
vn -0.047119855076 0.980093036627 -0.192866168139
vn -0.047119855076 0.980093036627 -0.192866168139
vn -0.047119855076 0.980093036627 -0.192866168139
vn -0.0457382777816 0.952673905532 -0.300533591572
vn -0.0457382777816 0.952673905532 -0.300533591572
vn -0.0457382777816 0.952673905532 -0.300533591572
vn -0.0457382777816 0.952673905532 -0.300533591572
vn -0.0449937020738 0.936695621615 -0.347241816637
vn -0.0449937020738 0.936695621615 -0.347241816637
vn -0.0449937020738 0.936695621615 -0.347241816637
vn -0.0449937020738 0.936695621615 -0.347241816637
vn -0.00313781154319 0.949615183675 -0.313402547967
vn -0.00313781154319 0.949615183675 -0.313402547967
vn -0.00313781154319 0.949615183675 -0.313402547967
vn -0.00313781154319 0.949615183675 -0.313402547967
vn -0.0914732416061 0.505836927848 0.85776549738
vn -0.0914732416061 0.505836927848 0.85776549738
vn -0.0914732416061 0.505836927848 0.85776549738
vn -0.0914732416061 0.505836927848 0.85776549738
vn -0.094935246727 0.525055643075 0.845756389632
vn -0.094935246727 0.525055643075 0.845756389632
vn -0.094935246727 0.525055643075 0.845756389632
vn -0.094935246727 0.525055643075 0.845756389632
vn -0.0985053268712 0.544763455274 0.832784172746
vn -0.0985053268712 0.544763455274 0.832784172746
vn -0.0985053268712 0.544763455274 0.832784172746
vn -0.0985053268712 0.544763455274 0.832784172746
vn -0.103897817474 0.574423568803 0.811937686727
vn -0.103897817474 0.574423568803 0.811937686727
vn -0.103897817474 0.574423568803 0.811937686727
vn -0.103897817474 0.574423568803 0.811937686727
vn -0.114042068483 0.630489712533 0.767774139318
vn -0.114042068483 0.630489712533 0.767774139318
vn -0.114042068483 0.630489712533 0.767774139318
vn -0.114042068483 0.630489712533 0.767774139318
vn -0.128164879722 0.708766357469 0.693703116705
vn -0.128164879722 0.708766357469 0.693703116705
vn -0.128164879722 0.708766357469 0.693703116705
vn -0.128164879722 0.708766357469 0.693703116705
vn -0.137952409061 0.763076126612 0.631414252158
vn -0.137952409061 0.763076126612 0.631414252158
vn -0.137952409061 0.763076126612 0.631414252158
vn -0.137952409061 0.763076126612 0.631414252158
vn -0.148364225804 0.820529625906 0.552013758444
vn -0.148364225804 0.820529625906 0.552013758444
vn -0.148364225804 0.820529625906 0.552013758444
vn -0.148364225804 0.820529625906 0.552013758444
vn -0.159202857519 0.880461786475 0.446588728826
vn -0.159202857519 0.880461786475 0.446588728826
vn -0.159202857519 0.880461786475 0.446588728826
vn -0.159202857519 0.880461786475 0.446588728826
vn -0.169619703893 0.938205998496 0.301659842268
vn -0.169619703893 0.938205998496 0.301659842268
vn -0.169619703893 0.938205998496 0.301659842268
vn -0.169619703893 0.938205998496 0.301659842268
vn -0.177819357202 0.983553935055 0.0316533259373
vn -0.177819357202 0.983553935055 0.0316533259373
vn -0.177819357202 0.983553935055 0.0316533259373
vn -0.177819357202 0.983553935055 0.0316533259373
vn -0.174658403492 0.965677355344 -0.19225422613
vn -0.174658403492 0.965677355344 -0.19225422613
vn -0.174658403492 0.965677355344 -0.19225422613
vn -0.174658403492 0.965677355344 -0.19225422613
vn -0.16971418835 0.938728603285 -0.299976171798
vn -0.16971418835 0.938728603285 -0.299976171798
vn -0.16971418835 0.938728603285 -0.299976171798
vn -0.16971418835 0.938728603285 -0.299976171798
vn -0.166954470335 0.922994205788 -0.346710110779
vn -0.166954470335 0.922994205788 -0.346710110779
vn -0.166954470335 0.922994205788 -0.346710110779
vn -0.166954470335 0.922994205788 -0.346710110779
vn -0.168929088206 0.934290969652 -0.313948000764
vn -0.168929088206 0.934290969652 -0.313948000764
vn -0.168929088206 0.934290969652 -0.313948000764
vn -0.168929088206 0.934290969652 -0.313948000764
vn 0.0245910449816 0.512490077688 0.858340958348
vn 0.0245910449816 0.512490077688 0.858340958348
vn 0.0245910449816 0.512490077688 0.858340958348
vn 0.0245910449816 0.512490077688 0.858340958348
vn 0.0255639353256 0.532124860236 0.846279869978
vn 0.0255639353256 0.532124860236 0.846279869978
vn 0.0255639353256 0.532124860236 0.846279869978
vn 0.0255639353256 0.532124860236 0.846279869978
vn 0.0265051714117 0.552068102508 0.833377637138
vn 0.0265051714117 0.552068102508 0.833377637138
vn 0.0265051714117 0.552068102508 0.833377637138
vn 0.0265051714117 0.552068102508 0.833377637138
vn 0.0279703890945 0.582308898175 0.812486310309
vn 0.0279703890945 0.582308898175 0.812486310309
vn 0.0279703890945 0.582308898175 0.812486310309
vn 0.0279703890945 0.582308898175 0.812486310309
vn 0.0307198691958 0.639129421934 0.768485440106
vn 0.0307198691958 0.639129421934 0.768485440106
vn 0.0307198691958 0.639129421934 0.768485440106
vn 0.0307198691958 0.639129421934 0.768485440106
vn 0.0345568776826 0.718710357654 0.694450317882
vn 0.0345568776826 0.718710357654 0.694450317882
vn 0.0345568776826 0.718710357654 0.694450317882
vn 0.0345568776826 0.718710357654 0.694450317882
vn 0.0371682051095 0.773816964838 0.632317823138
vn 0.0371682051095 0.773816964838 0.632317823138
vn 0.0371682051095 0.773816964838 0.632317823138
vn 0.0371682051095 0.773816964838 0.632317823138
vn 0.039959804223 0.832370178729 0.552777622204
vn 0.039959804223 0.832370178729 0.552777622204
vn 0.039959804223 0.832370178729 0.552777622204
vn 0.039959804223 0.832370178729 0.552777622204
vn 0.0428733189273 0.893253946066 0.447503370224
vn 0.0428733189273 0.893253946066 0.447503370224
vn 0.0428733189273 0.893253946066 0.447503370224
vn 0.0428733189273 0.893253946066 0.447503370224
vn 0.0457083948074 0.951956094013 0.302804124336
vn 0.0457083948074 0.951956094013 0.302804124336
vn 0.0457083948074 0.951956094013 0.302804124336
vn 0.0457083948074 0.951956094013 0.302804124336
vn 0.0479782130791 0.998346714373 0.0316532615916
vn 0.0479782130791 0.998346714373 0.0316532615916
vn 0.0479782130791 0.998346714373 0.0316532615916
vn 0.0479782130791 0.998346714373 0.0316532615916
vn 0.047119855076 0.980093036627 -0.192866168139
vn 0.047119855076 0.980093036627 -0.192866168139
vn 0.047119855076 0.980093036627 -0.192866168139
vn 0.047119855076 0.980093036627 -0.192866168139
vn 0.0457382777816 0.952673905532 -0.300533591572
vn 0.0457382777816 0.952673905532 -0.300533591572
vn 0.0457382777816 0.952673905532 -0.300533591572
vn 0.0457382777816 0.952673905532 -0.300533591572
vn 0.0449937020738 0.936695621615 -0.347241816637
vn 0.0449937020738 0.936695621615 -0.347241816637
vn 0.0449937020738 0.936695621615 -0.347241816637
vn 0.0449937020738 0.936695621615 -0.347241816637
vn 0.00313781154319 0.949615183675 -0.313402547967
vn 0.00313781154319 0.949615183675 -0.313402547967
vn 0.00313781154319 0.949615183675 -0.313402547967
vn 0.00313781154319 0.949615183675 -0.313402547967
vn 0.0914732416061 0.505836927848 0.85776549738
vn 0.0914732416061 0.505836927848 0.85776549738
vn 0.0914732416061 0.505836927848 0.85776549738
vn 0.0914732416061 0.505836927848 0.85776549738
vn 0.094935246727 0.525055643075 0.845756389632
vn 0.094935246727 0.525055643075 0.845756389632
vn 0.094935246727 0.525055643075 0.845756389632
vn 0.094935246727 0.525055643075 0.845756389632
vn 0.0985053268712 0.544763455274 0.832784172746
vn 0.0985053268712 0.544763455274 0.832784172746
vn 0.0985053268712 0.544763455274 0.832784172746
vn 0.0985053268712 0.544763455274 0.832784172746
vn 0.103897817474 0.574423568803 0.811937686727
vn 0.103897817474 0.574423568803 0.811937686727
vn 0.103897817474 0.574423568803 0.811937686727
vn 0.103897817474 0.574423568803 0.811937686727
vn 0.114042068483 0.630489712533 0.767774139318
vn 0.114042068483 0.630489712533 0.767774139318
vn 0.114042068483 0.630489712533 0.767774139318
vn 0.114042068483 0.630489712533 0.767774139318
vn 0.128164879722 0.708766357469 0.693703116705
vn 0.128164879722 0.708766357469 0.693703116705
vn 0.128164879722 0.708766357469 0.693703116705
vn 0.128164879722 0.708766357469 0.693703116705
vn 0.137952409061 0.763076126612 0.631414252158
vn 0.137952409061 0.763076126612 0.631414252158
vn 0.137952409061 0.763076126612 0.631414252158
vn 0.137952409061 0.763076126612 0.631414252158
vn 0.148364225804 0.820529625906 0.552013758444
vn 0.148364225804 0.820529625906 0.552013758444
vn 0.148364225804 0.820529625906 0.552013758444
vn 0.148364225804 0.820529625906 0.552013758444
vn 0.159202857519 0.880461786475 0.446588728826
vn 0.159202857519 0.880461786475 0.446588728826
vn 0.159202857519 0.880461786475 0.446588728826
vn 0.159202857519 0.880461786475 0.446588728826
vn 0.169619703893 0.938205998496 0.301659842268
vn 0.169619703893 0.938205998496 0.301659842268
vn 0.169619703893 0.938205998496 0.301659842268
vn 0.169619703893 0.938205998496 0.301659842268
vn 0.177819357202 0.983553935055 0.0316533259373
vn 0.177819357202 0.983553935055 0.0316533259373
vn 0.177819357202 0.983553935055 0.0316533259373
vn 0.177819357202 0.983553935055 0.0316533259373
vn 0.174658403492 0.965677355344 -0.19225422613
vn 0.174658403492 0.965677355344 -0.19225422613
vn 0.174658403492 0.965677355344 -0.19225422613
vn 0.174658403492 0.965677355344 -0.19225422613
vn 0.16971418835 0.938728603285 -0.299976171798
vn 0.16971418835 0.938728603285 -0.299976171798
vn 0.16971418835 0.938728603285 -0.299976171798
vn 0.16971418835 0.938728603285 -0.299976171798
vn 0.166954470335 0.922994205788 -0.346710110779
vn 0.166954470335 0.922994205788 -0.346710110779
vn 0.166954470335 0.922994205788 -0.346710110779
vn 0.166954470335 0.922994205788 -0.346710110779
vn 0.168929088206 0.934290969652 -0.313948000764
vn 0.168929088206 0.934290969652 -0.313948000764
vn 0.168929088206 0.934290969652 -0.313948000764
vn 0.168929088206 0.934290969652 -0.313948000764
vn 0.234937312016 0.456148306585 0.85833162695
vn 0.234937312016 0.456148306585 0.85833162695
vn 0.234937312016 0.456148306585 0.85833162695
vn 0.234937312016 0.456148306585 0.85833162695
vn 0.243903941403 0.473599352558 0.846294582652
vn 0.243903941403 0.473599352558 0.846294582652
vn 0.243903941403 0.473599352558 0.846294582652
vn 0.243903941403 0.473599352558 0.846294582652
vn 0.253071646529 0.49138692782 0.833362843478
vn 0.253071646529 0.49138692782 0.833362843478
vn 0.253071646529 0.49138692782 0.833362843478
vn 0.253071646529 0.49138692782 0.833362843478
vn 0.266943644272 0.518261895975 0.812493506413
vn 0.266943644272 0.518261895975 0.812493506413
vn 0.266943644272 0.518261895975 0.812493506413
vn 0.266943644272 0.518261895975 0.812493506413
vn 0.293009987051 0.5688376874 0.768484764248
vn 0.293009987051 0.5688376874 0.768484764248
vn 0.293009987051 0.5688376874 0.768484764248
vn 0.293009987051 0.5688376874 0.768484764248
vn 0.329483412787 0.639688158208 0.694434835638
vn 0.329483412787 0.639688158208 0.694434835638
vn 0.329483412787 0.639688158208 0.694434835638
vn 0.329483412787 0.639688158208 0.694434835638
vn 0.354741387313 0.688712094458 0.632324441307
vn 0.354741387313 0.688712094458 0.632324441307
vn 0.354741387313 0.688712094458 0.632324441307
vn 0.354741387313 0.688712094458 0.632324441307
vn 0.381569719262 0.740856768319 0.552752926883
vn 0.381569719262 0.740856768319 0.552752926883
vn 0.381569719262 0.740856768319 0.552752926883
vn 0.381569719262 0.740856768319 0.552752926883
vn 0.40944990069 0.79504138558 0.447504160919
vn 0.40944990069 0.79504138558 0.447504160919
vn 0.40944990069 0.79504138558 0.447504160919
vn 0.40944990069 0.79504138558 0.447504160919
vn 0.436378912525 0.847279325788 0.302805529664
vn 0.436378912525 0.847279325788 0.302805529664
vn 0.436378912525 0.847279325788 0.302805529664
vn 0.436378912525 0.847279325788 0.302805529664
vn 0.457672075928 0.88855749828 0.0316519061862
vn 0.457672075928 0.88855749828 0.0316519061862
vn 0.457672075928 0.88855749828 0.0316519061862
vn 0.457672075928 0.88855749828 0.0316519061862
vn 0.449309055552 0.872309437465 -0.192866839836
vn 0.449309055552 0.872309437465 -0.192866839836
vn 0.449309055552 0.872309437465 -0.192866839836
vn 0.449309055552 0.872309437465 -0.192866839836
vn 0.436668554187 0.847937180201 -0.300538037885
vn 0.436668554187 0.847937180201 -0.300538037885
vn 0.436668554187 0.847937180201 -0.300538037885
vn 0.436668554187 0.847937180201 -0.300538037885
vn 0.429352169887 0.833719075355 -0.347230784354
vn 0.429352169887 0.833719075355 -0.347230784354
vn 0.429352169887 0.833719075355 -0.347230784354
vn 0.429352169887 0.833719075355 -0.347230784354
vn 0.472077334519 0.823972245436 -0.313389101574
vn 0.472114327403 0.823941730077 -0.313413604202
vn 0.472077334519 0.823972245436 -0.313389101574
vn 0.472114327403 0.823941730077 -0.313413604202
vn 0.472114327403 0.823941730077 -0.313413604202
vn 0.173708601606 0.483803934765 0.857763996933
vn 0.173708601606 0.483803934765 0.857763996933
vn 0.173708601606 0.483803934765 0.857763996933
vn 0.173708601606 0.483803934765 0.857763996933
vn 0.180309090359 0.502195426516 0.845747235006
vn 0.180309090359 0.502195426516 0.845747235006
vn 0.180309090359 0.502195426516 0.845747235006
vn 0.180309090359 0.502195426516 0.845747235006
vn 0.187061007635 0.521053859865 0.832773111083
vn 0.187061007635 0.521053859865 0.832773111083
vn 0.187061007635 0.521053859865 0.832773111083
vn 0.187061007635 0.521053859865 0.832773111083
vn 0.197285442643 0.549401748024 0.811933601589
vn 0.197285442643 0.549401748024 0.811933601589
vn 0.197285442643 0.549401748024 0.811933601589
vn 0.197285442643 0.549401748024 0.811933601589
vn 0.216482552415 0.603049224482 0.767767502146
vn 0.21654466492 0.603040720598 0.767756665484
vn 0.21654466492 0.603040720598 0.767756665484
vn 0.216482552415 0.603049224482 0.767767502146
vn 0.21654466492 0.603040720598 0.767756665484
vn 0.216482552415 0.603049224482 0.767767502146
vn 0.243369211896 0.677894668549 0.693707607752
vn 0.243369211896 0.677894668549 0.693707607752
vn 0.243369211896 0.677894668549 0.693707607752
vn 0.243369211896 0.677894668549 0.693707607752
vn 0.262062931089 0.72983705771 0.631395984578
vn 0.262062931089 0.72983705771 0.631395984578
vn 0.262062931089 0.72983705771 0.631395984578
vn 0.262062931089 0.72983705771 0.631395984578
vn 0.281796930659 0.784790208225 0.551991683765
vn 0.281796930659 0.784790208225 0.551991683765
vn 0.281796930659 0.784790208225 0.551991683765
vn 0.281796930659 0.784790208225 0.551991683765
vn 0.302333537041 0.842118703425 0.446576445552
vn 0.302333537041 0.842118703425 0.446576445552
vn 0.302333537041 0.842118703425 0.446576445552
vn 0.302333537041 0.842118703425 0.446576445552
vn 0.322177330403 0.897323543198 0.301682327286
vn 0.322177330403 0.897323543198 0.301682327286
vn 0.322177330403 0.897323543198 0.301682327286
vn 0.322177330403 0.897323543198 0.301682327286
vn 0.337724983452 0.940712513591 0.0316512610376
vn 0.337724983452 0.940712513591 0.0316512610376
vn 0.337724983452 0.940712513591 0.0316512610376
vn 0.337724983452 0.940712513591 0.0316512610376
vn 0.33165949914 0.923600019788 -0.192262789115
vn 0.33165949914 0.923600019788 -0.192262789115
vn 0.33165949914 0.923600019788 -0.192262789115
vn 0.33165949914 0.923600019788 -0.192262789115
vn 0.322329184654 0.897841978825 -0.299972795067
vn 0.322329184654 0.897841978825 -0.299972795067
vn 0.322329184654 0.897841978825 -0.299972795067
vn 0.322329184654 0.897841978825 -0.299972795067
vn 0.316997422285 0.882782382127 -0.34671010956
vn 0.316997422285 0.882782382127 -0.34671010956
vn 0.316997422285 0.882782382127 -0.34671010956
vn 0.316997422285 0.882782382127 -0.34671010956
vn 0.320864135283 0.893570974529 -0.313969935135
vn 0.320864135283 0.893570974529 -0.313969935135
vn 0.320864135283 0.893570974529 -0.313969935135
vn 0.320864135283 0.893570974529 -0.313969935135
vn 0.277552500422 0.43151278639 0.85834802073
vn 0.277552500422 0.43151278639 0.85834802073
vn 0.277552500422 0.43151278639 0.85834802073
vn 0.277552500422 0.43151278639 0.85834802073
vn 0.288176043688 0.448036120312 0.846296758082
vn 0.288176043688 0.448036120312 0.846296758082
vn 0.288176043688 0.448036120312 0.846296758082
vn 0.288176043688 0.448036120312 0.846296758082
vn 0.29899420958 0.464837243172 0.833383945128
vn 0.29899420958 0.464837243172 0.833383945128
vn 0.29899420958 0.464837243172 0.833383945128
vn 0.29899420958 0.464837243172 0.833383945128
vn 0.315372044799 0.490293793143 0.812497673698
vn 0.315372044799 0.490293793143 0.812497673698
vn 0.315372044799 0.490293793143 0.812497673698
vn 0.315372044799 0.490293793143 0.812497673698
vn 0.346174772244 0.538168672701 0.768464382249
vn 0.346174772244 0.538168672701 0.768464382249
vn 0.346174772244 0.538168672701 0.768464382249
vn 0.346174772244 0.538168672701 0.768464382249
vn 0.389228492942 0.605159362873 0.694466216463
vn 0.389228492942 0.605159362873 0.694466216463
vn 0.389228492942 0.605159362873 0.694466216463
vn 0.389228492942 0.605159362873 0.694466216463
vn 0.419089045628 0.651551886436 0.632332595329
vn 0.419089045628 0.651551886436 0.632332595329
vn 0.419089045628 0.651551886436 0.632332595329
vn 0.419089045628 0.651551886436 0.632332595329
vn 0.450793706682 0.700862319182 0.552790234688
vn 0.450793706682 0.700862319182 0.552790234688
vn 0.450793706682 0.700862319182 0.552790234688
vn 0.450793706682 0.700862319182 0.552790234688
vn 0.483817836041 0.75209724633 0.447515400397
vn 0.483817836041 0.75209724633 0.447515400397
vn 0.483817836041 0.75209724633 0.447515400397
vn 0.483817836041 0.75209724633 0.447515400397
vn 0.515573658298 0.801558151668 0.302800813019
vn 0.515573658298 0.801558151668 0.302800813019
vn 0.515573658298 0.801558151668 0.302800813019
vn 0.515573658298 0.801558151668 0.302800813019
vn 0.540739198149 0.840594579931 0.0316523581306
vn 0.540739198149 0.840594579931 0.0316523581306
vn 0.540739198149 0.840594579931 0.0316523581306
vn 0.540739198149 0.840594579931 0.0316523581306
vn 0.530821806213 0.825242847424 -0.192879373763
vn 0.530778802999 0.825274164713 -0.192863722211
vn 0.530821806213 0.825242847424 -0.192879373763
vn 0.530821806213 0.825242847424 -0.192879373763
vn 0.530778802999 0.825274164713 -0.192863722211
vn 0.530778802999 0.825274164713 -0.192863722211
vn 0.515957623781 0.802155106261 -0.300557674933
vn 0.515957623781 0.802155106261 -0.300557674933
vn 0.515957623781 0.802155106261 -0.300557674933
vn 0.515957623781 0.802155106261 -0.300557674933
vn 0.507307028381 0.788716377257 -0.347226230579
vn 0.507307028381 0.788716377257 -0.347226230579
vn 0.507307028381 0.788716377257 -0.347226230579
vn 0.507307028381 0.788716377257 -0.347226230579
vn 0.477537696538 0.820809520221 -0.313415825862
vn 0.477537696538 0.820809520221 -0.313415825862
vn 0.477537696538 0.820809520221 -0.313415825862
vn 0.477537696538 0.820809520221 -0.313415825862
vn 0.332128901305 0.392332570106 0.857767770059
vn 0.332128901305 0.392332570106 0.857767770059
vn 0.332128901305 0.392332570106 0.857767770059
vn 0.332128901305 0.392332570106 0.857767770059
vn 0.344741499667 0.407261953425 0.84574878049
vn 0.344741499667 0.407261953425 0.84574878049
vn 0.344741499667 0.407261953425 0.84574878049
vn 0.344741499667 0.407261953425 0.84574878049
vn 0.35769426617 0.422548735455 0.832770903739
vn 0.35769426617 0.422548735455 0.832770903739
vn 0.35769426617 0.422548735455 0.832770903739
vn 0.35769426617 0.422548735455 0.832770903739
vn 0.377187484857 0.445555327246 0.811917515287
vn 0.377187484857 0.445555327246 0.811917515287
vn 0.377187484857 0.445555327246 0.811917515287
vn 0.377187484857 0.445555327246 0.811917515287
vn 0.414003092476 0.489009791352 0.767770058925
vn 0.414003092476 0.489009791352 0.767770058925
vn 0.414003092476 0.489009791352 0.767770058925
vn 0.414003092476 0.489009791352 0.767770058925
vn 0.465394539156 0.549720446955 0.693696874091
vn 0.465394539156 0.549720446955 0.693696874091
vn 0.465394539156 0.549720446955 0.693696874091
vn 0.465394539156 0.549720446955 0.693696874091
vn 0.501076587976 0.591819049554 0.63140515168
vn 0.501076587976 0.591819049554 0.63140515168
vn 0.501076587976 0.591819049554 0.63140515168
vn 0.501076587976 0.591819049554 0.63140515168
vn 0.538776061085 0.636422935158 0.551983879843
vn 0.538776061085 0.636422935158 0.551983879843
vn 0.538776061085 0.636422935158 0.551983879843
vn 0.538776061085 0.636422935158 0.551983879843
vn 0.578099775152 0.682915141604 0.446573128767
vn 0.578099775152 0.682915141604 0.446573128767
vn 0.578099775152 0.682915141604 0.446573128767
vn 0.578099775152 0.682915141604 0.446573128767
vn 0.61588633073 0.727553308767 0.302241973461
vn 0.616001071886 0.72768885095 0.301681314699
vn 0.61588633073 0.727553308767 0.302241973461
vn 0.61588633073 0.727553308767 0.302241973461
vn 0.616001071886 0.72768885095 0.301681314699
vn 0.616001071886 0.72768885095 0.301681314699
vn 0.645802260539 0.762848296576 0.0316530676797
vn 0.645802260539 0.762848296576 0.0316530676797
vn 0.645802260539 0.762848296576 0.0316530676797
vn 0.645802260539 0.762848296576 0.0316530676797
vn 0.634045805837 0.74901447029 -0.192258262231
vn 0.634045805837 0.74901447029 -0.192258262231
vn 0.634045805837 0.74901447029 -0.192258262231
vn 0.634045805837 0.74901447029 -0.192258262231
vn 0.616403473843 0.728051388884 -0.299979886954
vn 0.616403473843 0.728051388884 -0.299979886954
vn 0.616403473843 0.728051388884 -0.299979886954
vn 0.616403473843 0.728051388884 -0.299979886954
vn 0.60606108499 0.715886751122 -0.346693121981
vn 0.60606108499 0.715886751122 -0.346693121981
vn 0.60606108499 0.715886751122 -0.346693121981
vn 0.60606108499 0.715886751122 -0.346693121981
vn 0.613480401386 0.72461608988 -0.313963882323
vn 0.613480401386 0.72461608988 -0.313963882323
vn 0.613480401386 0.72461608988 -0.313963882323
vn 0.613480401386 0.72461608988 -0.313963882323
vn 0.43151278639 0.277552500422 0.85834802073
vn 0.43151278639 0.277552500422 0.85834802073
vn 0.43151278639 0.277552500422 0.85834802073
vn 0.43151278639 0.277552500422 0.85834802073
vn 0.448036120312 0.288176043688 0.846296758082
vn 0.448036120312 0.288176043688 0.846296758082
vn 0.448036120312 0.288176043688 0.846296758082
vn 0.448036120312 0.288176043688 0.846296758082
vn 0.464837243172 0.29899420958 0.833383945128
vn 0.464837243172 0.29899420958 0.833383945128
vn 0.464837243172 0.29899420958 0.833383945128
vn 0.464837243172 0.29899420958 0.833383945128
vn 0.490293793143 0.315372044799 0.812497673698
vn 0.490293793143 0.315372044799 0.812497673698
vn 0.490293793143 0.315372044799 0.812497673698
vn 0.490293793143 0.315372044799 0.812497673698
vn 0.538168672701 0.346174772244 0.768464382249
vn 0.538168672701 0.346174772244 0.768464382249
vn 0.538168672701 0.346174772244 0.768464382249
vn 0.538168672701 0.346174772244 0.768464382249
vn 0.605159362873 0.389228492942 0.694466216463
vn 0.605159362873 0.389228492942 0.694466216463
vn 0.605159362873 0.389228492942 0.694466216463
vn 0.605159362873 0.389228492942 0.694466216463
vn 0.651551886436 0.419089045628 0.632332595329
vn 0.651551886436 0.419089045628 0.632332595329
vn 0.651551886436 0.419089045628 0.632332595329
vn 0.651551886436 0.419089045628 0.632332595329
vn 0.700862319182 0.450793706682 0.552790234688
vn 0.700862319182 0.450793706682 0.552790234688
vn 0.700862319182 0.450793706682 0.552790234688
vn 0.700862319182 0.450793706682 0.552790234688
vn 0.75209724633 0.483817836041 0.447515400397
vn 0.75209724633 0.483817836041 0.447515400397
vn 0.75209724633 0.483817836041 0.447515400397
vn 0.75209724633 0.483817836041 0.447515400397
vn 0.801558151668 0.515573658298 0.302800813019
vn 0.801558151668 0.515573658298 0.302800813019
vn 0.801558151668 0.515573658298 0.302800813019
vn 0.801558151668 0.515573658298 0.302800813019
vn 0.840594579931 0.540739198149 0.0316523581306
vn 0.840594579931 0.540739198149 0.0316523581306
vn 0.840594579931 0.540739198149 0.0316523581306
vn 0.840594579931 0.540739198149 0.0316523581306
vn 0.825274164713 0.530778802999 -0.192863722211
vn 0.825242847424 0.530821806213 -0.192879373763
vn 0.825274164713 0.530778802999 -0.192863722211
vn 0.825274164713 0.530778802999 -0.192863722211
vn 0.825242847424 0.530821806213 -0.192879373763
vn 0.825242847424 0.530821806213 -0.192879373763
vn 0.802155106261 0.515957623781 -0.300557674933
vn 0.802155106261 0.515957623781 -0.300557674933
vn 0.802155106261 0.515957623781 -0.300557674933
vn 0.802155106261 0.515957623781 -0.300557674933
vn 0.788716377257 0.507307028381 -0.347226230579
vn 0.788716377257 0.507307028381 -0.347226230579
vn 0.788716377257 0.507307028381 -0.347226230579
vn 0.788716377257 0.507307028381 -0.347226230579
vn 0.820809520221 0.477537696538 -0.313415825862
vn 0.820809520221 0.477537696538 -0.313415825862
vn 0.820809520221 0.477537696538 -0.313415825862
vn 0.820809520221 0.477537696538 -0.313415825862
vn 0.392332570106 0.332128901305 0.857767770059
vn 0.392332570106 0.332128901305 0.857767770059
vn 0.392332570106 0.332128901305 0.857767770059
vn 0.392332570106 0.332128901305 0.857767770059
vn 0.407261953425 0.344741499667 0.84574878049
vn 0.407261953425 0.344741499667 0.84574878049
vn 0.407261953425 0.344741499667 0.84574878049
vn 0.407261953425 0.344741499667 0.84574878049
vn 0.422548735455 0.35769426617 0.832770903739
vn 0.422419497867 0.35758486664 0.832883443809
vn 0.422419497867 0.35758486664 0.832883443809
vn 0.422548735455 0.35769426617 0.832770903739
vn 0.422419497867 0.35758486664 0.832883443809
vn 0.422548735455 0.35769426617 0.832770903739
vn 0.445555327246 0.377187484857 0.811917515287
vn 0.445555327246 0.377187484857 0.811917515287
vn 0.445555327246 0.377187484857 0.811917515287
vn 0.445555327246 0.377187484857 0.811917515287
vn 0.489009791352 0.414003092476 0.767770058925
vn 0.489009791352 0.414003092476 0.767770058925
vn 0.489009791352 0.414003092476 0.767770058925
vn 0.489009791352 0.414003092476 0.767770058925
vn 0.549720446955 0.465394539156 0.693696874091
vn 0.549720446955 0.465394539156 0.693696874091
vn 0.549720446955 0.465394539156 0.693696874091
vn 0.549720446955 0.465394539156 0.693696874091
vn 0.591819049554 0.501076587976 0.63140515168
vn 0.591819049554 0.501076587976 0.63140515168
vn 0.591819049554 0.501076587976 0.63140515168
vn 0.591819049554 0.501076587976 0.63140515168
vn 0.636422935158 0.538776061085 0.551983879843
vn 0.636422935158 0.538776061085 0.551983879843
vn 0.636422935158 0.538776061085 0.551983879843
vn 0.636422935158 0.538776061085 0.551983879843
vn 0.682915141604 0.578099775152 0.446573128767
vn 0.682915141604 0.578099775152 0.446573128767
vn 0.682915141604 0.578099775152 0.446573128767
vn 0.682915141604 0.578099775152 0.446573128767
vn 0.727646052573 0.616060296665 0.301663609087
vn 0.727553308767 0.61588633073 0.302241973461
vn 0.727553308767 0.61588633073 0.302241973461
vn 0.727553308767 0.61588633073 0.302241973461
vn 0.727646052573 0.616060296665 0.301663609087
vn 0.727646052573 0.616060296665 0.301663609087
vn 0.762848296576 0.645802260539 0.0316530676797
vn 0.762848296576 0.645802260539 0.0316530676797
vn 0.762848296576 0.645802260539 0.0316530676797
vn 0.762848296576 0.645802260539 0.0316530676797
vn 0.74901447029 0.634045805837 -0.192258262231
vn 0.74901447029 0.634045805837 -0.192258262231
vn 0.74901447029 0.634045805837 -0.192258262231
vn 0.74901447029 0.634045805837 -0.192258262231
vn 0.728051388884 0.616403473843 -0.299979886954
vn 0.728051388884 0.616403473843 -0.299979886954
vn 0.728051388884 0.616403473843 -0.299979886954
vn 0.728051388884 0.616403473843 -0.299979886954
vn 0.715886751122 0.60606108499 -0.346693121981
vn 0.715886751122 0.60606108499 -0.346693121981
vn 0.715886751122 0.60606108499 -0.346693121981
vn 0.715886751122 0.60606108499 -0.346693121981
vn 0.72461608988 0.613480401386 -0.313963882323
vn 0.72461608988 0.613480401386 -0.313963882323
vn 0.72461608988 0.613480401386 -0.313963882323
vn 0.72461608988 0.613480401386 -0.313963882323
vn 0.456148306585 0.234937312016 0.85833162695
vn 0.456148306585 0.234937312016 0.85833162695
vn 0.456148306585 0.234937312016 0.85833162695
vn 0.456148306585 0.234937312016 0.85833162695
vn 0.473599352558 0.243903941403 0.846294582652
vn 0.473599352558 0.243903941403 0.846294582652
vn 0.473599352558 0.243903941403 0.846294582652
vn 0.473599352558 0.243903941403 0.846294582652
vn 0.49138692782 0.253071646529 0.833362843478
vn 0.49138692782 0.253071646529 0.833362843478
vn 0.49138692782 0.253071646529 0.833362843478
vn 0.49138692782 0.253071646529 0.833362843478
vn 0.518261895975 0.266943644272 0.812493506413
vn 0.518261895975 0.266943644272 0.812493506413
vn 0.518261895975 0.266943644272 0.812493506413
vn 0.518261895975 0.266943644272 0.812493506413
vn 0.5688376874 0.293009987051 0.768484764248
vn 0.5688376874 0.293009987051 0.768484764248
vn 0.5688376874 0.293009987051 0.768484764248
vn 0.5688376874 0.293009987051 0.768484764248
vn 0.639688158208 0.329483412787 0.694434835638
vn 0.639688158208 0.329483412787 0.694434835638
vn 0.639688158208 0.329483412787 0.694434835638
vn 0.639688158208 0.329483412787 0.694434835638
vn 0.688712094458 0.354741387313 0.632324441307
vn 0.688712094458 0.354741387313 0.632324441307
vn 0.688712094458 0.354741387313 0.632324441307
vn 0.688712094458 0.354741387313 0.632324441307
vn 0.740856768319 0.381569719262 0.552752926883
vn 0.740856768319 0.381569719262 0.552752926883
vn 0.740856768319 0.381569719262 0.552752926883
vn 0.740856768319 0.381569719262 0.552752926883
vn 0.79504138558 0.40944990069 0.447504160919
vn 0.79504138558 0.40944990069 0.447504160919
vn 0.79504138558 0.40944990069 0.447504160919
vn 0.79504138558 0.40944990069 0.447504160919
vn 0.847279325788 0.436378912525 0.302805529664
vn 0.847279325788 0.436378912525 0.302805529664
vn 0.847279325788 0.436378912525 0.302805529664
vn 0.847279325788 0.436378912525 0.302805529664
vn 0.88855749828 0.457672075928 0.0316519061862
vn 0.88855749828 0.457672075928 0.0316519061862
vn 0.88855749828 0.457672075928 0.0316519061862
vn 0.88855749828 0.457672075928 0.0316519061862
vn 0.872309437465 0.449309055552 -0.192866839836
vn 0.872309437465 0.449309055552 -0.192866839836
vn 0.872309437465 0.449309055552 -0.192866839836
vn 0.872309437465 0.449309055552 -0.192866839836
vn 0.847937180201 0.436668554187 -0.300538037885
vn 0.847937180201 0.436668554187 -0.300538037885
vn 0.847937180201 0.436668554187 -0.300538037885
vn 0.847937180201 0.436668554187 -0.300538037885
vn 0.833719075355 0.429352169887 -0.347230784354
vn 0.833719075355 0.429352169887 -0.347230784354
vn 0.833719075355 0.429352169887 -0.347230784354
vn 0.833719075355 0.429352169887 -0.347230784354
vn 0.823972245436 0.472077334519 -0.313389101574
vn 0.823972245436 0.472077334519 -0.313389101574
vn 0.823972245436 0.472077334519 -0.313389101574
vn 0.823972245436 0.472077334519 -0.313389101574
vn 0.483803934765 0.173708601606 0.857763996933
vn 0.483803934765 0.173708601606 0.857763996933
vn 0.483803934765 0.173708601606 0.857763996933
vn 0.483803934765 0.173708601606 0.857763996933
vn 0.502195426516 0.180309090359 0.845747235006
vn 0.502195426516 0.180309090359 0.845747235006
vn 0.502195426516 0.180309090359 0.845747235006
vn 0.502195426516 0.180309090359 0.845747235006
vn 0.521053859865 0.187061007635 0.832773111083
vn 0.521053859865 0.187061007635 0.832773111083
vn 0.521053859865 0.187061007635 0.832773111083
vn 0.521053859865 0.187061007635 0.832773111083
vn 0.549401748024 0.197285442643 0.811933601589
vn 0.549401748024 0.197285442643 0.811933601589
vn 0.549401748024 0.197285442643 0.811933601589
vn 0.549401748024 0.197285442643 0.811933601589
vn 0.603040720598 0.21654466492 0.767756665484
vn 0.603049224482 0.216482552415 0.767767502146
vn 0.603049224482 0.216482552415 0.767767502146
vn 0.603040720598 0.21654466492 0.767756665484
vn 0.603049224482 0.216482552415 0.767767502146
vn 0.603040720598 0.21654466492 0.767756665484
vn 0.677894668549 0.243369211896 0.693707607752
vn 0.677894668549 0.243369211896 0.693707607752
vn 0.677894668549 0.243369211896 0.693707607752
vn 0.677894668549 0.243369211896 0.693707607752
vn 0.72983705771 0.262062931089 0.631395984578
vn 0.72983705771 0.262062931089 0.631395984578
vn 0.72983705771 0.262062931089 0.631395984578
vn 0.72983705771 0.262062931089 0.631395984578
vn 0.784790208225 0.281796930659 0.551991683765
vn 0.784790208225 0.281796930659 0.551991683765
vn 0.784790208225 0.281796930659 0.551991683765
vn 0.784790208225 0.281796930659 0.551991683765
vn 0.842118703425 0.302333537041 0.446576445552
vn 0.842118703425 0.302333537041 0.446576445552
vn 0.842118703425 0.302333537041 0.446576445552
vn 0.842118703425 0.302333537041 0.446576445552
vn 0.897323543198 0.322177330403 0.301682327286
vn 0.897323543198 0.322177330403 0.301682327286
vn 0.897323543198 0.322177330403 0.301682327286
vn 0.897323543198 0.322177330403 0.301682327286
vn 0.940712513591 0.337724983452 0.0316512610376
vn 0.940712513591 0.337724983452 0.0316512610376
vn 0.940712513591 0.337724983452 0.0316512610376
vn 0.940712513591 0.337724983452 0.0316512610376
vn 0.923600019788 0.33165949914 -0.192262789115
vn 0.923600019788 0.33165949914 -0.192262789115
vn 0.923600019788 0.33165949914 -0.192262789115
vn 0.923600019788 0.33165949914 -0.192262789115
vn 0.897841978825 0.322329184654 -0.299972795067
vn 0.897841978825 0.322329184654 -0.299972795067
vn 0.897841978825 0.322329184654 -0.299972795067
vn 0.897841978825 0.322329184654 -0.299972795067
vn 0.882782382127 0.316997422285 -0.34671010956
vn 0.882782382127 0.316997422285 -0.34671010956
vn 0.882782382127 0.316997422285 -0.34671010956
vn 0.882782382127 0.316997422285 -0.34671010956
vn 0.893570974529 0.320864135283 -0.313969935135
vn 0.893570974529 0.320864135283 -0.313969935135
vn 0.893570974529 0.320864135283 -0.313969935135
vn 0.893570974529 0.320864135283 -0.313969935135
vn 0.512490077688 0.0245910449816 0.858340958348
vn 0.512490077688 0.0245910449816 0.858340958348
vn 0.512490077688 0.0245910449816 0.858340958348
vn 0.512490077688 0.0245910449816 0.858340958348
vn 0.532124860236 0.0255639353256 0.846279869978
vn 0.532124860236 0.0255639353256 0.846279869978
vn 0.532124860236 0.0255639353256 0.846279869978
vn 0.532124860236 0.0255639353256 0.846279869978
vn 0.552068102508 0.0265051714117 0.833377637138
vn 0.552068102508 0.0265051714117 0.833377637138
vn 0.552068102508 0.0265051714117 0.833377637138
vn 0.552068102508 0.0265051714117 0.833377637138
vn 0.582308898175 0.0279703890945 0.812486310309
vn 0.582308898175 0.0279703890945 0.812486310309
vn 0.582308898175 0.0279703890945 0.812486310309
vn 0.582308898175 0.0279703890945 0.812486310309
vn 0.639129421934 0.0307198691958 0.768485440106
vn 0.639129421934 0.0307198691958 0.768485440106
vn 0.639129421934 0.0307198691958 0.768485440106
vn 0.639129421934 0.0307198691958 0.768485440106
vn 0.718710357654 0.0345568776826 0.694450317882
vn 0.718710357654 0.0345568776826 0.694450317882
vn 0.718710357654 0.0345568776826 0.694450317882
vn 0.718710357654 0.0345568776826 0.694450317882
vn 0.773816964838 0.0371682051095 0.632317823138
vn 0.773816964838 0.0371682051095 0.632317823138
vn 0.773816964838 0.0371682051095 0.632317823138
vn 0.773816964838 0.0371682051095 0.632317823138
vn 0.832370178729 0.039959804223 0.552777622204
vn 0.832370178729 0.039959804223 0.552777622204
vn 0.832370178729 0.039959804223 0.552777622204
vn 0.832370178729 0.039959804223 0.552777622204
vn 0.893253946066 0.0428733189273 0.447503370224
vn 0.893253946066 0.0428733189273 0.447503370224
vn 0.893253946066 0.0428733189273 0.447503370224
vn 0.893253946066 0.0428733189273 0.447503370224
vn 0.951956094013 0.0457083948074 0.302804124336
vn 0.951956094013 0.0457083948074 0.302804124336
vn 0.951956094013 0.0457083948074 0.302804124336
vn 0.951956094013 0.0457083948074 0.302804124336
vn 0.998346714373 0.0479782130791 0.0316532615916
vn 0.998346714373 0.0479782130791 0.0316532615916
vn 0.998346714373 0.0479782130791 0.0316532615916
vn 0.998346714373 0.0479782130791 0.0316532615916
vn 0.980093036627 0.047119855076 -0.192866168139
vn 0.980093036627 0.047119855076 -0.192866168139
vn 0.980093036627 0.047119855076 -0.192866168139
vn 0.980093036627 0.047119855076 -0.192866168139
vn 0.952673905532 0.0457382777816 -0.300533591572
vn 0.952673905532 0.0457382777816 -0.300533591572
vn 0.952673905532 0.0457382777816 -0.300533591572
vn 0.952673905532 0.0457382777816 -0.300533591572
vn 0.936695621615 0.0449937020738 -0.347241816637
vn 0.936695621615 0.0449937020738 -0.347241816637
vn 0.936695621615 0.0449937020738 -0.347241816637
vn 0.936695621615 0.0449937020738 -0.347241816637
vn 0.949615183675 0.00313781154319 -0.313402547967
vn 0.949615183675 0.00313781154319 -0.313402547967
vn 0.949615183675 0.00313781154319 -0.313402547967
vn 0.949615183675 0.00313781154319 -0.313402547967
vn 0.505836927848 0.0914732416061 0.85776549738
vn 0.505836927848 0.0914732416061 0.85776549738
vn 0.505836927848 0.0914732416061 0.85776549738
vn 0.505836927848 0.0914732416061 0.85776549738
vn 0.525055643075 0.094935246727 0.845756389632
vn 0.525055643075 0.094935246727 0.845756389632
vn 0.525055643075 0.094935246727 0.845756389632
vn 0.525055643075 0.094935246727 0.845756389632
vn 0.544763455274 0.0985053268712 0.832784172746
vn 0.544763455274 0.0985053268712 0.832784172746
vn 0.544763455274 0.0985053268712 0.832784172746
vn 0.544763455274 0.0985053268712 0.832784172746
vn 0.574423568803 0.103897817474 0.811937686727
vn 0.574423568803 0.103897817474 0.811937686727
vn 0.574423568803 0.103897817474 0.811937686727
vn 0.574423568803 0.103897817474 0.811937686727
vn 0.630489712533 0.114042068483 0.767774139318
vn 0.630489712533 0.114042068483 0.767774139318
vn 0.630489712533 0.114042068483 0.767774139318
vn 0.630489712533 0.114042068483 0.767774139318
vn 0.708766357469 0.128164879722 0.693703116705
vn 0.708766357469 0.128164879722 0.693703116705
vn 0.708766357469 0.128164879722 0.693703116705
vn 0.708766357469 0.128164879722 0.693703116705
vn 0.763076126612 0.137952409061 0.631414252158
vn 0.763076126612 0.137952409061 0.631414252158
vn 0.763076126612 0.137952409061 0.631414252158
vn 0.763076126612 0.137952409061 0.631414252158
vn 0.820529625906 0.148364225804 0.552013758444
vn 0.820529625906 0.148364225804 0.552013758444
vn 0.820529625906 0.148364225804 0.552013758444
vn 0.820529625906 0.148364225804 0.552013758444
vn 0.880461786475 0.159202857519 0.446588728826
vn 0.880461786475 0.159202857519 0.446588728826
vn 0.880461786475 0.159202857519 0.446588728826
vn 0.880461786475 0.159202857519 0.446588728826
vn 0.938205998496 0.169619703893 0.301659842268
vn 0.938205998496 0.169619703893 0.301659842268
vn 0.938205998496 0.169619703893 0.301659842268
vn 0.938205998496 0.169619703893 0.301659842268
vn 0.983553935055 0.177819357202 0.0316533259373
vn 0.983553935055 0.177819357202 0.0316533259373
vn 0.983553935055 0.177819357202 0.0316533259373
vn 0.983553935055 0.177819357202 0.0316533259373
vn 0.965677355344 0.174658403492 -0.19225422613
vn 0.965677355344 0.174658403492 -0.19225422613
vn 0.965677355344 0.174658403492 -0.19225422613
vn 0.965677355344 0.174658403492 -0.19225422613
vn 0.938728603285 0.16971418835 -0.299976171798
vn 0.938728603285 0.16971418835 -0.299976171798
vn 0.938728603285 0.16971418835 -0.299976171798
vn 0.938728603285 0.16971418835 -0.299976171798
vn 0.922994205788 0.166954470335 -0.346710110779
vn 0.922994205788 0.166954470335 -0.346710110779
vn 0.922994205788 0.166954470335 -0.346710110779
vn 0.922994205788 0.166954470335 -0.346710110779
vn 0.934290969652 0.168929088206 -0.313948000764
vn 0.934290969652 0.168929088206 -0.313948000764
vn 0.934290969652 0.168929088206 -0.313948000764
vn 0.934290969652 0.168929088206 -0.313948000764
vt 0.50000000 0.00731300
vt 0.50000000 0.00000000
vt 0.48472200 0.00000000
vt 0.48472200 0.00731300
vt 0.50000000 0.02158300
vt 0.50000000 0.00731300
vt 0.48472200 0.00731300
vt 0.48472200 0.02158300
vt 0.50000000 0.04000900
vt 0.50000000 0.02158300
vt 0.48472200 0.02158300
vt 0.48472200 0.04000900
vt 0.50000000 0.05978600
vt 0.50000000 0.04000900
vt 0.48472200 0.04000900
vt 0.48472200 0.05978600
vt 0.50000000 0.07810700
vt 0.50000000 0.05978600
vt 0.48472200 0.05978600
vt 0.48472200 0.07810700
vt 0.50000000 0.09499800
vt 0.50000000 0.07810700
vt 0.48472200 0.07810700
vt 0.48472200 0.09499800
vt 0.50000000 0.11245200
vt 0.50000000 0.09499800
vt 0.48472200 0.09499800
vt 0.48472200 0.11245200
vt 0.50000000 0.13018200
vt 0.50000000 0.11245200
vt 0.48472200 0.11245200
vt 0.48472200 0.13018200
vt 0.50000000 0.14789800
vt 0.50000000 0.13018200
vt 0.48472200 0.13018200
vt 0.48472200 0.14789800
vt 0.50000000 0.16531100
vt 0.50000000 0.14789800
vt 0.48472200 0.14789800
vt 0.48472200 0.16531100
vt 0.50000000 0.18430300
vt 0.50000000 0.16531100
vt 0.48472200 0.16531100
vt 0.48472200 0.18430300
vt 0.50000000 0.20526400
vt 0.50000000 0.18430300
vt 0.48472200 0.18430300
vt 0.48472200 0.20526400
vt 0.50000000 0.22519900
vt 0.50000000 0.20526400
vt 0.48472200 0.20526400
vt 0.48472200 0.22519900
vt 0.50000000 0.24111000
vt 0.50000000 0.22519900
vt 0.48472200 0.22519900
vt 0.48472200 0.24111000
vt 0.50000000 0.25000000
vt 0.50000000 0.24111000
vt 0.48472200 0.24111000
vt 0.48472200 0.25000000
vt 0.48472200 0.00731300
vt 0.48472200 0.00000000
vt 0.45833300 0.00000000
vt 0.45833300 0.00731300
vt 0.48472200 0.02158300
vt 0.48472200 0.00731300
vt 0.45833300 0.00731300
vt 0.45833300 0.02158300
vt 0.48472200 0.04000900
vt 0.48472200 0.02158300
vt 0.45833300 0.02158300
vt 0.45833300 0.04000900
vt 0.48472200 0.05978600
vt 0.48472200 0.04000900
vt 0.45833300 0.04000900
vt 0.45833300 0.05978600
vt 0.48472200 0.07810700
vt 0.48472200 0.05978600
vt 0.45833300 0.05978600
vt 0.45833300 0.07810700
vt 0.48472200 0.09499800
vt 0.48472200 0.07810700
vt 0.45833300 0.07810700
vt 0.45833300 0.09499800
vt 0.48472200 0.11245200
vt 0.48472200 0.09499800
vt 0.45833300 0.09499800
vt 0.45833300 0.11245200
vt 0.48472200 0.13018200
vt 0.48472200 0.11245200
vt 0.45833300 0.11245200
vt 0.45833300 0.13018200
vt 0.48472200 0.14789800
vt 0.48472200 0.13018200
vt 0.45833300 0.13018200
vt 0.45833300 0.14789800
vt 0.48472200 0.16531100
vt 0.48472200 0.14789800
vt 0.45833300 0.14789800
vt 0.45833300 0.16531100
vt 0.48472200 0.18430300
vt 0.48472200 0.16531100
vt 0.45833300 0.16531100
vt 0.45833300 0.18430300
vt 0.48472200 0.20526400
vt 0.48472200 0.18430300
vt 0.45833300 0.18430300
vt 0.45833300 0.20526400
vt 0.48472200 0.22519900
vt 0.48472200 0.20526400
vt 0.45833300 0.20526400
vt 0.45833300 0.22519900
vt 0.48472200 0.24111000
vt 0.48472200 0.22519900
vt 0.45833300 0.22519900
vt 0.45833300 0.24111000
vt 0.48472200 0.25000000
vt 0.48472200 0.24111000
vt 0.45833300 0.24111000
vt 0.45833300 0.25000000
vt 0.43194400 0.00000000
vt 0.41666700 0.00000000
vt 0.41666700 0.00731300
vt 0.43194400 0.00731300
vt 0.43194400 0.00731300
vt 0.41666700 0.00731300
vt 0.41666700 0.02158300
vt 0.43194400 0.02158300
vt 0.43194400 0.02158300
vt 0.41666700 0.02158300
vt 0.41666700 0.04000900
vt 0.43194400 0.04000900
vt 0.43194400 0.04000900
vt 0.41666700 0.04000900
vt 0.41666700 0.05978600
vt 0.43194400 0.05978600
vt 0.43194400 0.05978600
vt 0.41666700 0.05978600
vt 0.41666700 0.07810700
vt 0.43194400 0.07810700
vt 0.43194400 0.07810700
vt 0.43194400 0.07810700
vt 0.41666700 0.07810700
vt 0.41666700 0.09499800
vt 0.41666700 0.09499800
vt 0.43194400 0.09499800
vt 0.43194400 0.09499800
vt 0.41666700 0.09499800
vt 0.41666700 0.11245200
vt 0.43194400 0.11245200
vt 0.43194400 0.11245200
vt 0.41666700 0.11245200
vt 0.41666700 0.13018200
vt 0.43194400 0.13018200
vt 0.43194400 0.13018200
vt 0.41666700 0.13018200
vt 0.41666700 0.14789800
vt 0.43194400 0.14789800
vt 0.43194400 0.14789800
vt 0.41666700 0.14789800
vt 0.41666700 0.16531100
vt 0.43194400 0.16531100
vt 0.43194400 0.16531100
vt 0.41666700 0.16531100
vt 0.41666700 0.18430300
vt 0.43194400 0.18430300
vt 0.43194400 0.18430300
vt 0.41666700 0.18430300
vt 0.41666700 0.20526400
vt 0.43194400 0.20526400
vt 0.43194400 0.20526400
vt 0.41666700 0.20526400
vt 0.41666700 0.22519900
vt 0.43194400 0.22519900
vt 0.43194400 0.22519900
vt 0.41666700 0.22519900
vt 0.41666700 0.24111000
vt 0.43194400 0.24111000
vt 0.43194400 0.24111000
vt 0.41666700 0.24111000
vt 0.41666700 0.25000000
vt 0.43194400 0.25000000
vt 0.45833300 0.00000000
vt 0.43194400 0.00000000
vt 0.43194400 0.00731300
vt 0.45833300 0.00731300
vt 0.45833300 0.00731300
vt 0.43194400 0.00731300
vt 0.43194400 0.02158300
vt 0.45833300 0.02158300
vt 0.45833300 0.02158300
vt 0.43194400 0.02158300
vt 0.43194400 0.04000900
vt 0.45833300 0.04000900
vt 0.45833300 0.04000900
vt 0.43194400 0.04000900
vt 0.43194400 0.05978600
vt 0.45833300 0.05978600
vt 0.45833300 0.05978600
vt 0.45833300 0.05978600
vt 0.43194400 0.05978600
vt 0.43194400 0.07810700
vt 0.43194400 0.07810700
vt 0.45833300 0.07810700
vt 0.45833300 0.07810700
vt 0.43194400 0.07810700
vt 0.43194400 0.09499800
vt 0.45833300 0.09499800
vt 0.45833300 0.09499800
vt 0.43194400 0.09499800
vt 0.43194400 0.11245200
vt 0.45833300 0.11245200
vt 0.45833300 0.11245200
vt 0.43194400 0.11245200
vt 0.43194400 0.13018200
vt 0.45833300 0.13018200
vt 0.45833300 0.13018200
vt 0.43194400 0.13018200
vt 0.43194400 0.14789800
vt 0.45833300 0.14789800
vt 0.45833300 0.14789800
vt 0.43194400 0.14789800
vt 0.43194400 0.16531100
vt 0.45833300 0.16531100
vt 0.45833300 0.16531100
vt 0.43194400 0.16531100
vt 0.43194400 0.18430300
vt 0.45833300 0.18430300
vt 0.45833300 0.18430300
vt 0.43194400 0.18430300
vt 0.43194400 0.20526400
vt 0.45833300 0.20526400
vt 0.45833300 0.20526400
vt 0.43194400 0.20526400
vt 0.43194400 0.22519900
vt 0.45833300 0.22519900
vt 0.45833300 0.22519900
vt 0.43194400 0.22519900
vt 0.43194400 0.24111000
vt 0.45833300 0.24111000
vt 0.45833300 0.24111000
vt 0.43194400 0.24111000
vt 0.43194400 0.25000000
vt 0.45833300 0.25000000
vt 0.41666700 0.00731300
vt 0.41666700 0.00000000
vt 0.40138900 0.00000000
vt 0.40138900 0.00731300
vt 0.41666700 0.02158300
vt 0.41666700 0.00731300
vt 0.40138900 0.00731300
vt 0.40138900 0.02158300
vt 0.41666700 0.04000900
vt 0.41666700 0.02158300
vt 0.40138900 0.02158300
vt 0.40138900 0.04000900
vt 0.41666700 0.05978600
vt 0.41666700 0.04000900
vt 0.40138900 0.04000900
vt 0.40138900 0.05978600
vt 0.41666700 0.07810700
vt 0.41666700 0.05978600
vt 0.40138900 0.05978600
vt 0.40138900 0.07810700
vt 0.41666700 0.09499800
vt 0.41666700 0.07810700
vt 0.40138900 0.07810700
vt 0.40138900 0.09499800
vt 0.41666700 0.11245200
vt 0.41666700 0.09499800
vt 0.40138900 0.09499800
vt 0.40138900 0.11245200
vt 0.41666700 0.13018200
vt 0.41666700 0.11245200
vt 0.40138900 0.11245200
vt 0.40138900 0.13018200
vt 0.41666700 0.14789800
vt 0.41666700 0.13018200
vt 0.40138900 0.13018200
vt 0.40138900 0.14789800
vt 0.41666700 0.16531100
vt 0.41666700 0.14789800
vt 0.40138900 0.14789800
vt 0.40138900 0.16531100
vt 0.41666700 0.18430300
vt 0.41666700 0.16531100
vt 0.40138900 0.16531100
vt 0.40138900 0.18430300
vt 0.41666700 0.20526400
vt 0.41666700 0.20526400
vt 0.41666700 0.18430300
vt 0.40138900 0.18430300
vt 0.40138900 0.18430300
vt 0.40138900 0.20526400
vt 0.41666700 0.22519900
vt 0.41666700 0.20526400
vt 0.40138900 0.20526400
vt 0.40138900 0.22519900
vt 0.41666700 0.24111000
vt 0.41666700 0.22519900
vt 0.40138900 0.22519900
vt 0.40138900 0.24111000
vt 0.41666700 0.25000000
vt 0.41666700 0.24111000
vt 0.40138900 0.24111000
vt 0.40138900 0.25000000
vt 0.40138900 0.00731300
vt 0.40138900 0.00000000
vt 0.37500000 0.00000000
vt 0.37500000 0.00731300
vt 0.40138900 0.02158300
vt 0.40138900 0.00731300
vt 0.37500000 0.00731300
vt 0.37500000 0.02158300
vt 0.40138900 0.04000900
vt 0.40138900 0.02158300
vt 0.37500000 0.02158300
vt 0.37500000 0.04000900
vt 0.40138900 0.05978600
vt 0.40138900 0.04000900
vt 0.37500000 0.04000900
vt 0.37500000 0.05978600
vt 0.40138900 0.07810700
vt 0.40138900 0.05978600
vt 0.37500000 0.05978600
vt 0.37500000 0.07810700
vt 0.40138900 0.09499800
vt 0.40138900 0.07810700
vt 0.37500000 0.07810700
vt 0.37500000 0.09499800
vt 0.40138900 0.11245200
vt 0.40138900 0.09499800
vt 0.37500000 0.09499800
vt 0.37500000 0.11245200
vt 0.40138900 0.13018200
vt 0.40138900 0.11245200
vt 0.37500000 0.11245200
vt 0.37500000 0.13018200
vt 0.40138900 0.14789800
vt 0.40138900 0.13018200
vt 0.37500000 0.13018200
vt 0.37500000 0.14789800
vt 0.40138900 0.16531100
vt 0.40138900 0.16531100
vt 0.40138900 0.14789800
vt 0.37500000 0.14789800
vt 0.37500000 0.14789800
vt 0.37500000 0.16531100
vt 0.40138900 0.18430300
vt 0.40138900 0.16531100
vt 0.37500000 0.16531100
vt 0.37500000 0.18430300
vt 0.40138900 0.20526400
vt 0.40138900 0.18430300
vt 0.37500000 0.18430300
vt 0.37500000 0.20526400
vt 0.40138900 0.22519900
vt 0.40138900 0.20526400
vt 0.37500000 0.20526400
vt 0.37500000 0.22519900
vt 0.40138900 0.24111000
vt 0.40138900 0.22519900
vt 0.37500000 0.22519900
vt 0.37500000 0.24111000
vt 0.40138900 0.25000000
vt 0.40138900 0.24111000
vt 0.37500000 0.24111000
vt 0.37500000 0.25000000
vt 0.34861100 0.00000000
vt 0.33333300 0.00000000
vt 0.33333300 0.00731300
vt 0.34861100 0.00731300
vt 0.34861100 0.00731300
vt 0.33333300 0.00731300
vt 0.33333300 0.02158300
vt 0.34861100 0.02158300
vt 0.34861100 0.02158300
vt 0.33333300 0.02158300
vt 0.33333300 0.04000900
vt 0.34861100 0.04000900
vt 0.34861100 0.04000900
vt 0.33333300 0.04000900
vt 0.33333300 0.05978600
vt 0.34861100 0.05978600
vt 0.34861100 0.05978600
vt 0.33333300 0.05978600
vt 0.33333300 0.07810700
vt 0.34861100 0.07810700
vt 0.34861100 0.07810700
vt 0.33333300 0.07810700
vt 0.33333300 0.09499800
vt 0.34861100 0.09499800
vt 0.34861100 0.09499800
vt 0.33333300 0.09499800
vt 0.33333300 0.11245200
vt 0.34861100 0.11245200
vt 0.34861100 0.11245200
vt 0.33333300 0.11245200
vt 0.33333300 0.13018200
vt 0.34861100 0.13018200
vt 0.34861100 0.13018200
vt 0.33333300 0.13018200
vt 0.33333300 0.14789800
vt 0.34861100 0.14789800
vt 0.34861100 0.14789800
vt 0.33333300 0.14789800
vt 0.33333300 0.16531100
vt 0.34861100 0.16531100
vt 0.34861100 0.16531100
vt 0.33333300 0.16531100
vt 0.33333300 0.18430300
vt 0.34861100 0.18430300
vt 0.34861100 0.18430300
vt 0.34861100 0.18430300
vt 0.33333300 0.18430300
vt 0.33333300 0.20526400
vt 0.33333300 0.20526400
vt 0.34861100 0.20526400
vt 0.34861100 0.20526400
vt 0.33333300 0.20526400
vt 0.33333300 0.22519900
vt 0.34861100 0.22519900
vt 0.34861100 0.22519900
vt 0.33333300 0.22519900
vt 0.33333300 0.24111000
vt 0.34861100 0.24111000
vt 0.34861100 0.24111000
vt 0.33333300 0.24111000
vt 0.33333300 0.25000000
vt 0.34861100 0.25000000
vt 0.37500000 0.00000000
vt 0.34861100 0.00000000
vt 0.34861100 0.00731300
vt 0.37500000 0.00731300
vt 0.37500000 0.00731300
vt 0.34861100 0.00731300
vt 0.34861100 0.02158300
vt 0.37500000 0.02158300
vt 0.37500000 0.02158300
vt 0.34861100 0.02158300
vt 0.34861100 0.04000900
vt 0.37500000 0.04000900
vt 0.37500000 0.04000900
vt 0.34861100 0.04000900
vt 0.34861100 0.05978600
vt 0.37500000 0.05978600
vt 0.37500000 0.05978600
vt 0.34861100 0.05978600
vt 0.34861100 0.07810700
vt 0.37500000 0.07810700
vt 0.37500000 0.07810700
vt 0.34861100 0.07810700
vt 0.34861100 0.09499800
vt 0.37500000 0.09499800
vt 0.37500000 0.09499800
vt 0.34861100 0.09499800
vt 0.34861100 0.11245200
vt 0.37500000 0.11245200
vt 0.37500000 0.11245200
vt 0.34861100 0.11245200
vt 0.34861100 0.13018200
vt 0.37500000 0.13018200
vt 0.37500000 0.13018200
vt 0.34861100 0.13018200
vt 0.34861100 0.14789800
vt 0.37500000 0.14789800
vt 0.37500000 0.14789800
vt 0.37500000 0.14789800
vt 0.34861100 0.14789800
vt 0.34861100 0.16531100
vt 0.34861100 0.16531100
vt 0.37500000 0.16531100
vt 0.37500000 0.16531100
vt 0.34861100 0.16531100
vt 0.34861100 0.18430300
vt 0.37500000 0.18430300
vt 0.37500000 0.18430300
vt 0.34861100 0.18430300
vt 0.34861100 0.20526400
vt 0.37500000 0.20526400
vt 0.37500000 0.20526400
vt 0.34861100 0.20526400
vt 0.34861100 0.22519900
vt 0.37500000 0.22519900
vt 0.37500000 0.22519900
vt 0.34861100 0.22519900
vt 0.34861100 0.24111000
vt 0.37500000 0.24111000
vt 0.37500000 0.24111000
vt 0.34861100 0.24111000
vt 0.34861100 0.25000000
vt 0.37500000 0.25000000
vt 0.33333300 0.00731300
vt 0.33333300 0.00000000
vt 0.31805600 0.00000000
vt 0.31805600 0.00731300
vt 0.33333300 0.02158300
vt 0.33333300 0.00731300
vt 0.31805600 0.00731300
vt 0.31805600 0.02158300
vt 0.33333300 0.04000900
vt 0.33333300 0.02158300
vt 0.31805600 0.02158300
vt 0.31805600 0.04000900
vt 0.33333300 0.05978600
vt 0.33333300 0.04000900
vt 0.31805600 0.04000900
vt 0.31805600 0.05978600
vt 0.33333300 0.07810700
vt 0.33333300 0.05978600
vt 0.31805600 0.05978600
vt 0.31805600 0.07810700
vt 0.33333300 0.09499800
vt 0.33333300 0.09499800
vt 0.33333300 0.07810700
vt 0.31805600 0.07810700
vt 0.31805600 0.07810700
vt 0.31805600 0.09499800
vt 0.33333300 0.11245200
vt 0.33333300 0.09499800
vt 0.31805600 0.09499800
vt 0.31805600 0.11245200
vt 0.33333300 0.13018200
vt 0.33333300 0.11245200
vt 0.31805600 0.11245200
vt 0.31805600 0.13018200
vt 0.33333300 0.14789800
vt 0.33333300 0.13018200
vt 0.31805600 0.13018200
vt 0.31805600 0.14789800
vt 0.33333300 0.16531100
vt 0.33333300 0.14789800
vt 0.31805600 0.14789800
vt 0.31805600 0.16531100
vt 0.33333300 0.18430300
vt 0.33333300 0.16531100
vt 0.31805600 0.16531100
vt 0.31805600 0.18430300
vt 0.33333300 0.20526400
vt 0.33333300 0.18430300
vt 0.31805600 0.18430300
vt 0.31805600 0.20526400
vt 0.33333300 0.22519900
vt 0.33333300 0.20526400
vt 0.31805600 0.20526400
vt 0.31805600 0.22519900
vt 0.33333300 0.24111000
vt 0.33333300 0.22519900
vt 0.31805600 0.22519900
vt 0.31805600 0.24111000
vt 0.33333300 0.25000000
vt 0.33333300 0.25000000
vt 0.33333300 0.24111000
vt 0.31805600 0.24111000
vt 0.31805600 0.24111000
vt 0.31805600 0.25000000
vt 0.31805600 0.00731300
vt 0.31805600 0.00000000
vt 0.29166700 0.00000000
vt 0.29166700 0.00731300
vt 0.31805600 0.02158300
vt 0.31805600 0.00731300
vt 0.29166700 0.00731300
vt 0.29166700 0.02158300
vt 0.31805600 0.04000900
vt 0.31805600 0.02158300
vt 0.29166700 0.02158300
vt 0.29166700 0.04000900
vt 0.31805600 0.05978600
vt 0.31805600 0.04000900
vt 0.29166700 0.04000900
vt 0.29166700 0.05978600
vt 0.31805600 0.07810700
vt 0.31805600 0.05978600
vt 0.29166700 0.05978600
vt 0.29166700 0.07810700
vt 0.31805600 0.09499800
vt 0.31805600 0.07810700
vt 0.29166700 0.07810700
vt 0.29166700 0.09499800
vt 0.31805600 0.11245200
vt 0.31805600 0.09499800
vt 0.29166700 0.09499800
vt 0.29166700 0.11245200
vt 0.31805600 0.13018200
vt 0.31805600 0.11245200
vt 0.29166700 0.11245200
vt 0.29166700 0.13018200
vt 0.31805600 0.14789800
vt 0.31805600 0.13018200
vt 0.29166700 0.13018200
vt 0.29166700 0.14789800
vt 0.31805600 0.16531100
vt 0.31805600 0.14789800
vt 0.29166700 0.14789800
vt 0.29166700 0.16531100
vt 0.31805600 0.18430300
vt 0.31805600 0.16531100
vt 0.29166700 0.16531100
vt 0.29166700 0.18430300
vt 0.31805600 0.20526400
vt 0.31805600 0.18430300
vt 0.29166700 0.18430300
vt 0.29166700 0.20526400
vt 0.31805600 0.22519900
vt 0.31805600 0.20526400
vt 0.29166700 0.20526400
vt 0.29166700 0.22519900
vt 0.31805600 0.24111000
vt 0.31805600 0.22519900
vt 0.29166700 0.22519900
vt 0.29166700 0.24111000
vt 0.31805600 0.25000000
vt 0.31805600 0.24111000
vt 0.29166700 0.24111000
vt 0.29166700 0.25000000
vt 0.26527800 0.00000000
vt 0.25000000 0.00000000
vt 0.25000000 0.00731300
vt 0.26527800 0.00731300
vt 0.26527800 0.00731300
vt 0.25000000 0.00731300
vt 0.25000000 0.02158300
vt 0.26527800 0.02158300
vt 0.26527800 0.02158300
vt 0.25000000 0.02158300
vt 0.25000000 0.04000900
vt 0.26527800 0.04000900
vt 0.26527800 0.04000900
vt 0.25000000 0.04000900
vt 0.25000000 0.05978600
vt 0.26527800 0.05978600
vt 0.26527800 0.05978600
vt 0.25000000 0.05978600
vt 0.25000000 0.07810700
vt 0.26527800 0.07810700
vt 0.26527800 0.07810700
vt 0.25000000 0.07810700
vt 0.25000000 0.09499800
vt 0.26527800 0.09499800
vt 0.26527800 0.09499800
vt 0.25000000 0.09499800
vt 0.25000000 0.11245200
vt 0.26527800 0.11245200
vt 0.26527800 0.11245200
vt 0.25000000 0.11245200
vt 0.25000000 0.13018200
vt 0.26527800 0.13018200
vt 0.26527800 0.13018200
vt 0.25000000 0.13018200
vt 0.25000000 0.14789800
vt 0.26527800 0.14789800
vt 0.26527800 0.14789800
vt 0.25000000 0.14789800
vt 0.25000000 0.16531100
vt 0.26527800 0.16531100
vt 0.26527800 0.16531100
vt 0.25000000 0.16531100
vt 0.25000000 0.18430300
vt 0.26527800 0.18430300
vt 0.26527800 0.18430300
vt 0.25000000 0.18430300
vt 0.25000000 0.20526400
vt 0.26527800 0.20526400
vt 0.26527800 0.20526400
vt 0.25000000 0.20526400
vt 0.25000000 0.22519900
vt 0.26527800 0.22519900
vt 0.26527800 0.22519900
vt 0.25000000 0.22519900
vt 0.25000000 0.24111000
vt 0.26527800 0.24111000
vt 0.26527800 0.24111000
vt 0.25000000 0.24111000
vt 0.25000000 0.25000000
vt 0.26527800 0.25000000
vt 0.29166700 0.00000000
vt 0.26527800 0.00000000
vt 0.26527800 0.00731300
vt 0.29166700 0.00731300
vt 0.29166700 0.00731300
vt 0.26527800 0.00731300
vt 0.26527800 0.02158300
vt 0.29166700 0.02158300
vt 0.29166700 0.02158300
vt 0.29166700 0.02158300
vt 0.26527800 0.02158300
vt 0.26527800 0.04000900
vt 0.26527800 0.04000900
vt 0.29166700 0.04000900
vt 0.29166700 0.04000900
vt 0.26527800 0.04000900
vt 0.26527800 0.05978600
vt 0.29166700 0.05978600
vt 0.29166700 0.05978600
vt 0.26527800 0.05978600
vt 0.26527800 0.07810700
vt 0.29166700 0.07810700
vt 0.29166700 0.07810700
vt 0.26527800 0.07810700
vt 0.26527800 0.09499800
vt 0.29166700 0.09499800
vt 0.29166700 0.09499800
vt 0.26527800 0.09499800
vt 0.26527800 0.11245200
vt 0.29166700 0.11245200
vt 0.29166700 0.11245200
vt 0.26527800 0.11245200
vt 0.26527800 0.13018200
vt 0.29166700 0.13018200
vt 0.29166700 0.13018200
vt 0.26527800 0.13018200
vt 0.26527800 0.14789800
vt 0.29166700 0.14789800
vt 0.29166700 0.14789800
vt 0.26527800 0.14789800
vt 0.26527800 0.16531100
vt 0.29166700 0.16531100
vt 0.29166700 0.16531100
vt 0.26527800 0.16531100
vt 0.26527800 0.18430300
vt 0.29166700 0.18430300
vt 0.29166700 0.18430300
vt 0.26527800 0.18430300
vt 0.26527800 0.20526400
vt 0.29166700 0.20526400
vt 0.29166700 0.20526400
vt 0.26527800 0.20526400
vt 0.26527800 0.22519900
vt 0.29166700 0.22519900
vt 0.29166700 0.22519900
vt 0.26527800 0.22519900
vt 0.26527800 0.24111000
vt 0.29166700 0.24111000
vt 0.29166700 0.24111000
vt 0.26527800 0.24111000
vt 0.26527800 0.25000000
vt 0.29166700 0.25000000
vt 0.25000000 0.00731300
vt 0.25000000 0.00000000
vt 0.23472200 0.00000000
vt 0.23472200 0.00731300
vt 0.25000000 0.02158300
vt 0.25000000 0.00731300
vt 0.23472200 0.00731300
vt 0.23472200 0.02158300
vt 0.25000000 0.04000900
vt 0.25000000 0.02158300
vt 0.23472200 0.02158300
vt 0.23472200 0.04000900
vt 0.25000000 0.05978600
vt 0.25000000 0.04000900
vt 0.23472200 0.04000900
vt 0.23472200 0.05978600
vt 0.25000000 0.07810700
vt 0.25000000 0.05978600
vt 0.23472200 0.05978600
vt 0.23472200 0.07810700
vt 0.25000000 0.09499800
vt 0.25000000 0.07810700
vt 0.23472200 0.07810700
vt 0.23472200 0.09499800
vt 0.25000000 0.11245200
vt 0.25000000 0.09499800
vt 0.23472200 0.09499800
vt 0.23472200 0.11245200
vt 0.25000000 0.13018200
vt 0.25000000 0.11245200
vt 0.23472200 0.11245200
vt 0.23472200 0.13018200
vt 0.25000000 0.14789800
vt 0.25000000 0.13018200
vt 0.23472200 0.13018200
vt 0.23472200 0.14789800
vt 0.25000000 0.16531100
vt 0.25000000 0.14789800
vt 0.23472200 0.14789800
vt 0.23472200 0.16531100
vt 0.25000000 0.18430300
vt 0.25000000 0.16531100
vt 0.23472200 0.16531100
vt 0.23472200 0.18430300
vt 0.25000000 0.20526400
vt 0.25000000 0.18430300
vt 0.23472200 0.18430300
vt 0.23472200 0.20526400
vt 0.25000000 0.22519900
vt 0.25000000 0.20526400
vt 0.23472200 0.20526400
vt 0.23472200 0.22519900
vt 0.25000000 0.24111000
vt 0.25000000 0.22519900
vt 0.23472200 0.22519900
vt 0.23472200 0.24111000
vt 0.25000000 0.25000000
vt 0.25000000 0.24111000
vt 0.23472200 0.24111000
vt 0.23472200 0.25000000
vt 0.23472200 0.00731300
vt 0.23472200 0.00000000
vt 0.20833300 0.00000000
vt 0.20833300 0.00731300
vt 0.23472200 0.02158300
vt 0.23472200 0.00731300
vt 0.20833300 0.00731300
vt 0.20833300 0.02158300
vt 0.23472200 0.04000900
vt 0.23472200 0.04000900
vt 0.23472200 0.02158300
vt 0.20833300 0.02158300
vt 0.20833300 0.02158300
vt 0.20833300 0.04000900
vt 0.23472200 0.05978600
vt 0.23472200 0.04000900
vt 0.20833300 0.04000900
vt 0.20833300 0.05978600
vt 0.23472200 0.07810700
vt 0.23472200 0.05978600
vt 0.20833300 0.05978600
vt 0.20833300 0.07810700
vt 0.23472200 0.09499800
vt 0.23472200 0.07810700
vt 0.20833300 0.07810700
vt 0.20833300 0.09499800
vt 0.23472200 0.11245200
vt 0.23472200 0.09499800
vt 0.20833300 0.09499800
vt 0.20833300 0.11245200
vt 0.23472200 0.13018200
vt 0.23472200 0.11245200
vt 0.20833300 0.11245200
vt 0.20833300 0.13018200
vt 0.23472200 0.14789800
vt 0.23472200 0.13018200
vt 0.20833300 0.13018200
vt 0.20833300 0.14789800
vt 0.23472200 0.16531100
vt 0.23472200 0.14789800
vt 0.20833300 0.14789800
vt 0.20833300 0.16531100
vt 0.23472200 0.18430300
vt 0.23472200 0.16531100
vt 0.20833300 0.16531100
vt 0.20833300 0.18430300
vt 0.23472200 0.20526400
vt 0.23472200 0.18430300
vt 0.20833300 0.18430300
vt 0.20833300 0.20526400
vt 0.23472200 0.22519900
vt 0.23472200 0.20526400
vt 0.20833300 0.20526400
vt 0.20833300 0.22519900
vt 0.23472200 0.24111000
vt 0.23472200 0.22519900
vt 0.20833300 0.22519900
vt 0.20833300 0.24111000
vt 0.23472200 0.25000000
vt 0.23472200 0.24111000
vt 0.20833300 0.24111000
vt 0.20833300 0.25000000
vt 0.18194400 0.00000000
vt 0.16666700 0.00000000
vt 0.16666700 0.00731300
vt 0.18194400 0.00731300
vt 0.18194400 0.00731300
vt 0.16666700 0.00731300
vt 0.16666700 0.02158300
vt 0.18194400 0.02158300
vt 0.18194400 0.02158300
vt 0.16666700 0.02158300
vt 0.16666700 0.04000900
vt 0.18194400 0.04000900
vt 0.18194400 0.04000900
vt 0.16666700 0.04000900
vt 0.16666700 0.05978600
vt 0.18194400 0.05978600
vt 0.18194400 0.05978600
vt 0.16666700 0.05978600
vt 0.16666700 0.07810700
vt 0.18194400 0.07810700
vt 0.18194400 0.07810700
vt 0.16666700 0.07810700
vt 0.16666700 0.09499800
vt 0.18194400 0.09499800
vt 0.18194400 0.09499800
vt 0.16666700 0.09499800
vt 0.16666700 0.11245200
vt 0.18194400 0.11245200
vt 0.18194400 0.11245200
vt 0.16666700 0.11245200
vt 0.16666700 0.13018200
vt 0.18194400 0.13018200
vt 0.18194400 0.13018200
vt 0.16666700 0.13018200
vt 0.16666700 0.14789800
vt 0.18194400 0.14789800
vt 0.18194400 0.14789800
vt 0.16666700 0.14789800
vt 0.16666700 0.16531100
vt 0.18194400 0.16531100
vt 0.18194400 0.16531100
vt 0.16666700 0.16531100
vt 0.16666700 0.18430300
vt 0.18194400 0.18430300
vt 0.18194400 0.18430300
vt 0.16666700 0.18430300
vt 0.16666700 0.20526400
vt 0.18194400 0.20526400
vt 0.18194400 0.20526400
vt 0.16666700 0.20526400
vt 0.16666700 0.22519900
vt 0.18194400 0.22519900
vt 0.18194400 0.22519900
vt 0.16666700 0.22519900
vt 0.16666700 0.24111000
vt 0.18194400 0.24111000
vt 0.18194400 0.24111000
vt 0.16666700 0.24111000
vt 0.16666700 0.25000000
vt 0.16666700 0.25000000
vt 0.18194400 0.25000000
vt 0.20833300 0.00000000
vt 0.18194400 0.00000000
vt 0.18194400 0.00731300
vt 0.20833300 0.00731300
vt 0.20833300 0.00731300
vt 0.18194400 0.00731300
vt 0.18194400 0.02158300
vt 0.20833300 0.02158300
vt 0.20833300 0.02158300
vt 0.18194400 0.02158300
vt 0.18194400 0.04000900
vt 0.20833300 0.04000900
vt 0.20833300 0.04000900
vt 0.18194400 0.04000900
vt 0.18194400 0.05978600
vt 0.20833300 0.05978600
vt 0.20833300 0.05978600
vt 0.18194400 0.05978600
vt 0.18194400 0.07810700
vt 0.20833300 0.07810700
vt 0.20833300 0.07810700
vt 0.18194400 0.07810700
vt 0.18194400 0.09499800
vt 0.20833300 0.09499800
vt 0.20833300 0.09499800
vt 0.18194400 0.09499800
vt 0.18194400 0.11245200
vt 0.20833300 0.11245200
vt 0.20833300 0.11245200
vt 0.18194400 0.11245200
vt 0.18194400 0.13018200
vt 0.20833300 0.13018200
vt 0.20833300 0.13018200
vt 0.18194400 0.13018200
vt 0.18194400 0.14789800
vt 0.20833300 0.14789800
vt 0.20833300 0.14789800
vt 0.18194400 0.14789800
vt 0.18194400 0.16531100
vt 0.20833300 0.16531100
vt 0.20833300 0.16531100
vt 0.18194400 0.16531100
vt 0.18194400 0.18430300
vt 0.20833300 0.18430300
vt 0.20833300 0.18430300
vt 0.18194400 0.18430300
vt 0.18194400 0.20526400
vt 0.20833300 0.20526400
vt 0.20833300 0.20526400
vt 0.18194400 0.20526400
vt 0.18194400 0.22519900
vt 0.20833300 0.22519900
vt 0.20833300 0.22519900
vt 0.18194400 0.22519900
vt 0.18194400 0.24111000
vt 0.20833300 0.24111000
vt 0.20833300 0.24111000
vt 0.18194400 0.24111000
vt 0.18194400 0.25000000
vt 0.20833300 0.25000000
vt 0.16666700 0.00731300
vt 0.16666700 0.00000000
vt 0.15138900 0.00000000
vt 0.15138900 0.00731300
vt 0.16666700 0.02158300
vt 0.16666700 0.00731300
vt 0.15138900 0.00731300
vt 0.15138900 0.02158300
vt 0.16666700 0.04000900
vt 0.16666700 0.02158300
vt 0.15138900 0.02158300
vt 0.15138900 0.04000900
vt 0.16666700 0.05978600
vt 0.16666700 0.04000900
vt 0.15138900 0.04000900
vt 0.15138900 0.05978600
vt 0.16666700 0.07810700
vt 0.16666700 0.05978600
vt 0.15138900 0.05978600
vt 0.15138900 0.07810700
vt 0.16666700 0.09499800
vt 0.16666700 0.07810700
vt 0.15138900 0.07810700
vt 0.15138900 0.09499800
vt 0.16666700 0.11245200
vt 0.16666700 0.09499800
vt 0.15138900 0.09499800
vt 0.15138900 0.11245200
vt 0.16666700 0.13018200
vt 0.16666700 0.11245200
vt 0.15138900 0.11245200
vt 0.15138900 0.13018200
vt 0.16666700 0.14789800
vt 0.16666700 0.13018200
vt 0.15138900 0.13018200
vt 0.15138900 0.14789800
vt 0.16666700 0.16531100
vt 0.16666700 0.14789800
vt 0.15138900 0.14789800
vt 0.15138900 0.16531100
vt 0.16666700 0.18430300
vt 0.16666700 0.16531100
vt 0.15138900 0.16531100
vt 0.15138900 0.18430300
vt 0.16666700 0.20526400
vt 0.16666700 0.18430300
vt 0.15138900 0.18430300
vt 0.15138900 0.20526400
vt 0.16666700 0.22519900
vt 0.16666700 0.20526400
vt 0.15138900 0.20526400
vt 0.15138900 0.22519900
vt 0.16666700 0.24111000
vt 0.16666700 0.22519900
vt 0.15138900 0.22519900
vt 0.15138900 0.24111000
vt 0.16666700 0.25000000
vt 0.16666700 0.24111000
vt 0.15138900 0.24111000
vt 0.15138900 0.25000000
vt 0.15138900 0.00731300
vt 0.15138900 0.00000000
vt 0.12500000 0.00000000
vt 0.12500000 0.00731300
vt 0.15138900 0.02158300
vt 0.15138900 0.00731300
vt 0.12500000 0.00731300
vt 0.12500000 0.02158300
vt 0.15138900 0.04000900
vt 0.15138900 0.02158300
vt 0.12500000 0.02158300
vt 0.12500000 0.04000900
vt 0.15138900 0.05978600
vt 0.15138900 0.04000900
vt 0.12500000 0.04000900
vt 0.12500000 0.05978600
vt 0.15138900 0.07810700
vt 0.15138900 0.05978600
vt 0.12500000 0.05978600
vt 0.12500000 0.07810700
vt 0.15138900 0.09499800
vt 0.15138900 0.07810700
vt 0.12500000 0.07810700
vt 0.12500000 0.09499800
vt 0.15138900 0.11245200
vt 0.15138900 0.09499800
vt 0.12500000 0.09499800
vt 0.12500000 0.11245200
vt 0.15138900 0.13018200
vt 0.15138900 0.11245200
vt 0.12500000 0.11245200
vt 0.12500000 0.13018200
vt 0.15138900 0.14789800
vt 0.15138900 0.13018200
vt 0.12500000 0.13018200
vt 0.12500000 0.14789800
vt 0.15138900 0.16531100
vt 0.15138900 0.14789800
vt 0.12500000 0.14789800
vt 0.12500000 0.16531100
vt 0.15138900 0.18430300
vt 0.15138900 0.16531100
vt 0.12500000 0.16531100
vt 0.12500000 0.18430300
vt 0.15138900 0.20526400
vt 0.15138900 0.18430300
vt 0.12500000 0.18430300
vt 0.12500000 0.20526400
vt 0.15138900 0.22519900
vt 0.15138900 0.20526400
vt 0.12500000 0.20526400
vt 0.12500000 0.22519900
vt 0.15138900 0.24111000
vt 0.15138900 0.22519900
vt 0.12500000 0.22519900
vt 0.12500000 0.24111000
vt 0.15138900 0.25000000
vt 0.15138900 0.24111000
vt 0.12500000 0.24111000
vt 0.12500000 0.25000000
vt 0.09861100 0.00000000
vt 0.08333300 0.00000000
vt 0.08333300 0.00731300
vt 0.09861100 0.00731300
vt 0.09861100 0.00731300
vt 0.08333300 0.00731300
vt 0.08333300 0.02158300
vt 0.09861100 0.02158300
vt 0.09861100 0.02158300
vt 0.08333300 0.02158300
vt 0.08333300 0.04000900
vt 0.09861100 0.04000900
vt 0.09861100 0.04000900
vt 0.08333300 0.04000900
vt 0.08333300 0.05978600
vt 0.09861100 0.05978600
vt 0.09861100 0.05978600
vt 0.08333300 0.05978600
vt 0.08333300 0.07810700
vt 0.09861100 0.07810700
vt 0.09861100 0.07810700
vt 0.08333300 0.07810700
vt 0.08333300 0.09499800
vt 0.09861100 0.09499800
vt 0.09861100 0.09499800
vt 0.08333300 0.09499800
vt 0.08333300 0.11245200
vt 0.09861100 0.11245200
vt 0.09861100 0.11245200
vt 0.08333300 0.11245200
vt 0.08333300 0.13018200
vt 0.09861100 0.13018200
vt 0.09861100 0.13018200
vt 0.08333300 0.13018200
vt 0.08333300 0.14789800
vt 0.09861100 0.14789800
vt 0.09861100 0.14789800
vt 0.08333300 0.14789800
vt 0.08333300 0.16531100
vt 0.09861100 0.16531100
vt 0.09861100 0.16531100
vt 0.08333300 0.16531100
vt 0.08333300 0.18430300
vt 0.09861100 0.18430300
vt 0.09861100 0.18430300
vt 0.09861100 0.18430300
vt 0.08333300 0.18430300
vt 0.08333300 0.20526400
vt 0.08333300 0.20526400
vt 0.09861100 0.20526400
vt 0.09861100 0.20526400
vt 0.09861100 0.20526400
vt 0.08333300 0.20526400
vt 0.08333300 0.22519900
vt 0.08333300 0.22519900
vt 0.09861100 0.22519900
vt 0.09861100 0.22519900
vt 0.08333300 0.22519900
vt 0.08333300 0.24111000
vt 0.09861100 0.24111000
vt 0.09861100 0.24111000
vt 0.08333300 0.24111000
vt 0.08333300 0.25000000
vt 0.09861100 0.25000000
vt 0.12500000 0.00000000
vt 0.09861100 0.00000000
vt 0.09861100 0.00731300
vt 0.12500000 0.00731300
vt 0.12500000 0.00731300
vt 0.09861100 0.00731300
vt 0.09861100 0.02158300
vt 0.12500000 0.02158300
vt 0.12500000 0.02158300
vt 0.09861100 0.02158300
vt 0.09861100 0.04000900
vt 0.12500000 0.04000900
vt 0.12500000 0.04000900
vt 0.09861100 0.04000900
vt 0.09861100 0.05978600
vt 0.12500000 0.05978600
vt 0.12500000 0.05978600
vt 0.09861100 0.05978600
vt 0.09861100 0.07810700
vt 0.12500000 0.07810700
vt 0.12500000 0.07810700
vt 0.09861100 0.07810700
vt 0.09861100 0.09499800
vt 0.12500000 0.09499800
vt 0.12500000 0.09499800
vt 0.09861100 0.09499800
vt 0.09861100 0.11245200
vt 0.12500000 0.11245200
vt 0.12500000 0.11245200
vt 0.09861100 0.11245200
vt 0.09861100 0.13018200
vt 0.12500000 0.13018200
vt 0.12500000 0.13018200
vt 0.09861100 0.13018200
vt 0.09861100 0.14789800
vt 0.12500000 0.14789800
vt 0.12500000 0.14789800
vt 0.09861100 0.14789800
vt 0.09861100 0.16531100
vt 0.12500000 0.16531100
vt 0.12500000 0.16531100
vt 0.09861100 0.16531100
vt 0.09861100 0.18430300
vt 0.12500000 0.18430300
vt 0.12500000 0.18430300
vt 0.09861100 0.18430300
vt 0.09861100 0.20526400
vt 0.12500000 0.20526400
vt 0.12500000 0.20526400
vt 0.09861100 0.20526400
vt 0.09861100 0.22519900
vt 0.12500000 0.22519900
vt 0.12500000 0.22519900
vt 0.09861100 0.22519900
vt 0.09861100 0.24111000
vt 0.12500000 0.24111000
vt 0.12500000 0.24111000
vt 0.09861100 0.24111000
vt 0.09861100 0.25000000
vt 0.12500000 0.25000000
vt 0.08333300 0.00731300
vt 0.08333300 0.00000000
vt 0.06805600 0.00000000
vt 0.06805600 0.00731300
vt 0.08333300 0.02158300
vt 0.08333300 0.00731300
vt 0.06805600 0.00731300
vt 0.06805600 0.02158300
vt 0.08333300 0.04000900
vt 0.08333300 0.02158300
vt 0.06805600 0.02158300
vt 0.06805600 0.04000900
vt 0.08333300 0.05978600
vt 0.08333300 0.04000900
vt 0.06805600 0.04000900
vt 0.06805600 0.05978600
vt 0.08333300 0.07810700
vt 0.08333300 0.05978600
vt 0.06805600 0.05978600
vt 0.06805600 0.07810700
vt 0.08333300 0.09499800
vt 0.08333300 0.09499800
vt 0.08333300 0.07810700
vt 0.06805600 0.07810700
vt 0.06805600 0.07810700
vt 0.06805600 0.09499800
vt 0.08333300 0.11245200
vt 0.08333300 0.09499800
vt 0.06805600 0.09499800
vt 0.06805600 0.11245200
vt 0.08333300 0.13018200
vt 0.08333300 0.13018200
vt 0.08333300 0.11245200
vt 0.06805600 0.11245200
vt 0.06805600 0.11245200
vt 0.06805600 0.13018200
vt 0.08333300 0.14789800
vt 0.08333300 0.13018200
vt 0.06805600 0.13018200
vt 0.06805600 0.14789800
vt 0.08333300 0.16531100
vt 0.08333300 0.14789800
vt 0.06805600 0.14789800
vt 0.06805600 0.16531100
vt 0.08333300 0.18430300
vt 0.08333300 0.16531100
vt 0.06805600 0.16531100
vt 0.06805600 0.18430300
vt 0.08333300 0.20526400
vt 0.08333300 0.18430300
vt 0.06805600 0.18430300
vt 0.06805600 0.20526400
vt 0.08333300 0.22519900
vt 0.08333300 0.20526400
vt 0.06805600 0.20526400
vt 0.06805600 0.22519900
vt 0.08333300 0.24111000
vt 0.08333300 0.22519900
vt 0.06805600 0.22519900
vt 0.06805600 0.24111000
vt 0.08333300 0.25000000
vt 0.08333300 0.24111000
vt 0.06805600 0.24111000
vt 0.06805600 0.25000000
vt 0.06805600 0.00731300
vt 0.06805600 0.00000000
vt 0.04166700 0.00000000
vt 0.04166700 0.00731300
vt 0.06805600 0.02158300
vt 0.06805600 0.00731300
vt 0.04166700 0.00731300
vt 0.04166700 0.02158300
vt 0.06805600 0.04000900
vt 0.06805600 0.02158300
vt 0.04166700 0.02158300
vt 0.04166700 0.04000900
vt 0.06805600 0.05978600
vt 0.06805600 0.04000900
vt 0.04166700 0.04000900
vt 0.04166700 0.05978600
vt 0.06805600 0.07810700
vt 0.06805600 0.07810700
vt 0.06805600 0.05978600
vt 0.04166700 0.05978600
vt 0.04166700 0.05978600
vt 0.04166700 0.07810700
vt 0.06805600 0.09499800
vt 0.06805600 0.07810700
vt 0.04166700 0.07810700
vt 0.04166700 0.09499800
vt 0.06805600 0.11245200
vt 0.06805600 0.09499800
vt 0.04166700 0.09499800
vt 0.04166700 0.11245200
vt 0.06805600 0.13018200
vt 0.06805600 0.11245200
vt 0.04166700 0.11245200
vt 0.04166700 0.13018200
vt 0.06805600 0.14789800
vt 0.06805600 0.13018200
vt 0.04166700 0.13018200
vt 0.04166700 0.14789800
vt 0.06805600 0.16531100
vt 0.06805600 0.14789800
vt 0.04166700 0.14789800
vt 0.04166700 0.16531100
vt 0.06805600 0.18430300
vt 0.06805600 0.16531100
vt 0.04166700 0.16531100
vt 0.04166700 0.18430300
vt 0.06805600 0.20526400
vt 0.06805600 0.18430300
vt 0.04166700 0.18430300
vt 0.04166700 0.20526400
vt 0.06805600 0.22519900
vt 0.06805600 0.20526400
vt 0.04166700 0.20526400
vt 0.04166700 0.22519900
vt 0.06805600 0.24111000
vt 0.06805600 0.22519900
vt 0.04166700 0.22519900
vt 0.04166700 0.24111000
vt 0.06805600 0.25000000
vt 0.06805600 0.24111000
vt 0.04166700 0.24111000
vt 0.04166700 0.25000000
vt 0.01527800 0.00000000
vt 0.01527800 0.00000000
vt 0.00000000 0.00000000
vt 0.00000000 0.00731300
vt 0.00000000 0.00731300
vt 0.01527800 0.00731300
vt 0.01527800 0.00731300
vt 0.00000000 0.00731300
vt 0.00000000 0.02158300
vt 0.01527800 0.02158300
vt 0.01527800 0.02158300
vt 0.00000000 0.02158300
vt 0.00000000 0.04000900
vt 0.01527800 0.04000900
vt 0.01527800 0.04000900
vt 0.00000000 0.04000900
vt 0.00000000 0.05978600
vt 0.01527800 0.05978600
vt 0.01527800 0.05978600
vt 0.00000000 0.05978600
vt 0.00000000 0.07810700
vt 0.01527800 0.07810700
vt 0.01527800 0.07810700
vt 0.00000000 0.07810700
vt 0.00000000 0.09499800
vt 0.01527800 0.09499800
vt 0.01527800 0.09499800
vt 0.00000000 0.09499800
vt 0.00000000 0.11245200
vt 0.01527800 0.11245200
vt 0.01527800 0.11245200
vt 0.00000000 0.11245200
vt 0.00000000 0.13018200
vt 0.01527800 0.13018200
vt 0.01527800 0.13018200
vt 0.00000000 0.13018200
vt 0.00000000 0.14789800
vt 0.01527800 0.14789800
vt 0.01527800 0.14789800
vt 0.00000000 0.14789800
vt 0.00000000 0.16531100
vt 0.01527800 0.16531100
vt 0.01527800 0.16531100
vt 0.00000000 0.16531100
vt 0.00000000 0.18430300
vt 0.01527800 0.18430300
vt 0.01527800 0.18430300
vt 0.00000000 0.18430300
vt 0.00000000 0.20526400
vt 0.01527800 0.20526400
vt 0.01527800 0.20526400
vt 0.00000000 0.20526400
vt 0.00000000 0.22519900
vt 0.01527800 0.22519900
vt 0.01527800 0.22519900
vt 0.00000000 0.22519900
vt 0.00000000 0.24111000
vt 0.01527800 0.24111000
vt 0.01527800 0.24111000
vt 0.00000000 0.24111000
vt 0.00000000 0.25000000
vt 0.01527800 0.25000000
vt 0.04166700 0.00000000
vt 0.01527800 0.00000000
vt 0.01527800 0.00731300
vt 0.04166700 0.00731300
vt 0.04166700 0.00731300
vt 0.01527800 0.00731300
vt 0.01527800 0.02158300
vt 0.04166700 0.02158300
vt 0.04166700 0.02158300
vt 0.04166700 0.02158300
vt 0.01527800 0.02158300
vt 0.01527800 0.04000900
vt 0.01527800 0.04000900
vt 0.04166700 0.04000900
vt 0.04166700 0.04000900
vt 0.01527800 0.04000900
vt 0.01527800 0.05978600
vt 0.04166700 0.05978600
vt 0.04166700 0.05978600
vt 0.01527800 0.05978600
vt 0.01527800 0.07810700
vt 0.04166700 0.07810700
vt 0.04166700 0.07810700
vt 0.01527800 0.07810700
vt 0.01527800 0.09499800
vt 0.04166700 0.09499800
vt 0.04166700 0.09499800
vt 0.01527800 0.09499800
vt 0.01527800 0.11245200
vt 0.04166700 0.11245200
vt 0.04166700 0.11245200
vt 0.01527800 0.11245200
vt 0.01527800 0.13018200
vt 0.04166700 0.13018200
vt 0.04166700 0.13018200
vt 0.01527800 0.13018200
vt 0.01527800 0.14789800
vt 0.04166700 0.14789800
vt 0.04166700 0.14789800
vt 0.01527800 0.14789800
vt 0.01527800 0.16531100
vt 0.04166700 0.16531100
vt 0.04166700 0.16531100
vt 0.01527800 0.16531100
vt 0.01527800 0.18430300
vt 0.04166700 0.18430300
vt 0.04166700 0.18430300
vt 0.01527800 0.18430300
vt 0.01527800 0.20526400
vt 0.04166700 0.20526400
vt 0.04166700 0.20526400
vt 0.01527800 0.20526400
vt 0.01527800 0.22519900
vt 0.04166700 0.22519900
vt 0.04166700 0.22519900
vt 0.01527800 0.22519900
vt 0.01527800 0.24111000
vt 0.04166700 0.24111000
vt 0.04166700 0.24111000
vt 0.01527800 0.24111000
vt 0.01527800 0.25000000
vt 0.04166700 0.25000000
vt 1.00000000 0.00731300
vt 1.00000000 0.00731300
vt 1.00000000 0.00000000
vt 0.98472200 0.00000000
vt 0.98472200 0.00000000
vt 0.98472200 0.00731300
vt 1.00000000 0.02158300
vt 1.00000000 0.00731300
vt 0.98472200 0.00731300
vt 0.98472200 0.02158300
vt 1.00000000 0.04000900
vt 1.00000000 0.02158300
vt 0.98472200 0.02158300
vt 0.98472200 0.04000900
vt 1.00000000 0.05978600
vt 1.00000000 0.04000900
vt 0.98472200 0.04000900
vt 0.98472200 0.05978600
vt 1.00000000 0.07810700
vt 1.00000000 0.05978600
vt 0.98472200 0.05978600
vt 0.98472200 0.07810700
vt 1.00000000 0.09499800
vt 1.00000000 0.07810700
vt 0.98472200 0.07810700
vt 0.98472200 0.09499800
vt 1.00000000 0.11245200
vt 1.00000000 0.09499800
vt 0.98472200 0.09499800
vt 0.98472200 0.11245200
vt 1.00000000 0.13018200
vt 1.00000000 0.11245200
vt 0.98472200 0.11245200
vt 0.98472200 0.13018200
vt 1.00000000 0.14789800
vt 1.00000000 0.13018200
vt 0.98472200 0.13018200
vt 0.98472200 0.14789800
vt 1.00000000 0.16531100
vt 1.00000000 0.14789800
vt 0.98472200 0.14789800
vt 0.98472200 0.16531100
vt 1.00000000 0.18430300
vt 1.00000000 0.16531100
vt 0.98472200 0.16531100
vt 0.98472200 0.18430300
vt 1.00000000 0.20526400
vt 1.00000000 0.18430300
vt 0.98472200 0.18430300
vt 0.98472200 0.20526400
vt 1.00000000 0.22519900
vt 1.00000000 0.20526400
vt 0.98472200 0.20526400
vt 0.98472200 0.22519900
vt 1.00000000 0.24111000
vt 1.00000000 0.22519900
vt 0.98472200 0.22519900
vt 0.98472200 0.24111000
vt 1.00000000 0.25000000
vt 1.00000000 0.24111000
vt 0.98472200 0.24111000
vt 0.98472200 0.25000000
vt 0.98472200 0.00731300
vt 0.98472200 0.00000000
vt 0.95833300 0.00000000
vt 0.95833300 0.00731300
vt 0.98472200 0.02158300
vt 0.98472200 0.00731300
vt 0.95833300 0.00731300
vt 0.95833300 0.02158300
vt 0.98472200 0.04000900
vt 0.98472200 0.04000900
vt 0.98472200 0.02158300
vt 0.95833300 0.02158300
vt 0.95833300 0.02158300
vt 0.95833300 0.04000900
vt 0.98472200 0.05978600
vt 0.98472200 0.04000900
vt 0.95833300 0.04000900
vt 0.95833300 0.05978600
vt 0.98472200 0.07810700
vt 0.98472200 0.05978600
vt 0.95833300 0.05978600
vt 0.95833300 0.07810700
vt 0.98472200 0.09499800
vt 0.98472200 0.07810700
vt 0.95833300 0.07810700
vt 0.95833300 0.09499800
vt 0.98472200 0.11245200
vt 0.98472200 0.09499800
vt 0.95833300 0.09499800
vt 0.95833300 0.11245200
vt 0.98472200 0.13018200
vt 0.98472200 0.11245200
vt 0.95833300 0.11245200
vt 0.95833300 0.13018200
vt 0.98472200 0.14789800
vt 0.98472200 0.13018200
vt 0.95833300 0.13018200
vt 0.95833300 0.14789800
vt 0.98472200 0.16531100
vt 0.98472200 0.14789800
vt 0.95833300 0.14789800
vt 0.95833300 0.16531100
vt 0.98472200 0.18430300
vt 0.98472200 0.16531100
vt 0.95833300 0.16531100
vt 0.95833300 0.18430300
vt 0.98472200 0.20526400
vt 0.98472200 0.18430300
vt 0.95833300 0.18430300
vt 0.95833300 0.20526400
vt 0.98472200 0.22519900
vt 0.98472200 0.20526400
vt 0.95833300 0.20526400
vt 0.95833300 0.22519900
vt 0.98472200 0.24111000
vt 0.98472200 0.22519900
vt 0.95833300 0.22519900
vt 0.95833300 0.24111000
vt 0.98472200 0.25000000
vt 0.98472200 0.24111000
vt 0.95833300 0.24111000
vt 0.95833300 0.25000000
vt 0.93194400 0.00000000
vt 0.91666700 0.00000000
vt 0.91666700 0.00731300
vt 0.93194400 0.00731300
vt 0.93194400 0.00731300
vt 0.91666700 0.00731300
vt 0.91666700 0.02158300
vt 0.93194400 0.02158300
vt 0.93194400 0.02158300
vt 0.91666700 0.02158300
vt 0.91666700 0.04000900
vt 0.93194400 0.04000900
vt 0.93194400 0.04000900
vt 0.91666700 0.04000900
vt 0.91666700 0.05978600
vt 0.93194400 0.05978600
vt 0.93194400 0.05978600
vt 0.91666700 0.05978600
vt 0.91666700 0.07810700
vt 0.93194400 0.07810700
vt 0.93194400 0.07810700
vt 0.91666700 0.07810700
vt 0.91666700 0.09499800
vt 0.93194400 0.09499800
vt 0.93194400 0.09499800
vt 0.91666700 0.09499800
vt 0.91666700 0.11245200
vt 0.93194400 0.11245200
vt 0.93194400 0.11245200
vt 0.91666700 0.11245200
vt 0.91666700 0.13018200
vt 0.93194400 0.13018200
vt 0.93194400 0.13018200
vt 0.91666700 0.13018200
vt 0.91666700 0.14789800
vt 0.93194400 0.14789800
vt 0.93194400 0.14789800
vt 0.91666700 0.14789800
vt 0.91666700 0.16531100
vt 0.93194400 0.16531100
vt 0.93194400 0.16531100
vt 0.91666700 0.16531100
vt 0.91666700 0.18430300
vt 0.93194400 0.18430300
vt 0.93194400 0.18430300
vt 0.91666700 0.18430300
vt 0.91666700 0.20526400
vt 0.93194400 0.20526400
vt 0.93194400 0.20526400
vt 0.91666700 0.20526400
vt 0.91666700 0.22519900
vt 0.93194400 0.22519900
vt 0.93194400 0.22519900
vt 0.91666700 0.22519900
vt 0.91666700 0.24111000
vt 0.93194400 0.24111000
vt 0.93194400 0.24111000
vt 0.93194400 0.24111000
vt 0.91666700 0.24111000
vt 0.91666700 0.25000000
vt 0.91666700 0.25000000
vt 0.93194400 0.25000000
vt 0.95833300 0.00000000
vt 0.93194400 0.00000000
vt 0.93194400 0.00731300
vt 0.95833300 0.00731300
vt 0.95833300 0.00731300
vt 0.93194400 0.00731300
vt 0.93194400 0.02158300
vt 0.95833300 0.02158300
vt 0.95833300 0.02158300
vt 0.93194400 0.02158300
vt 0.93194400 0.04000900
vt 0.95833300 0.04000900
vt 0.95833300 0.04000900
vt 0.93194400 0.04000900
vt 0.93194400 0.05978600
vt 0.95833300 0.05978600
vt 0.95833300 0.05978600
vt 0.95833300 0.05978600
vt 0.93194400 0.05978600
vt 0.93194400 0.07810700
vt 0.93194400 0.07810700
vt 0.95833300 0.07810700
vt 0.95833300 0.07810700
vt 0.93194400 0.07810700
vt 0.93194400 0.09499800
vt 0.95833300 0.09499800
vt 0.95833300 0.09499800
vt 0.93194400 0.09499800
vt 0.93194400 0.11245200
vt 0.95833300 0.11245200
vt 0.95833300 0.11245200
vt 0.93194400 0.11245200
vt 0.93194400 0.13018200
vt 0.95833300 0.13018200
vt 0.95833300 0.13018200
vt 0.93194400 0.13018200
vt 0.93194400 0.14789800
vt 0.95833300 0.14789800
vt 0.95833300 0.14789800
vt 0.93194400 0.14789800
vt 0.93194400 0.16531100
vt 0.95833300 0.16531100
vt 0.95833300 0.16531100
vt 0.93194400 0.16531100
vt 0.93194400 0.18430300
vt 0.95833300 0.18430300
vt 0.95833300 0.18430300
vt 0.93194400 0.18430300
vt 0.93194400 0.20526400
vt 0.95833300 0.20526400
vt 0.95833300 0.20526400
vt 0.93194400 0.20526400
vt 0.93194400 0.22519900
vt 0.95833300 0.22519900
vt 0.95833300 0.22519900
vt 0.93194400 0.22519900
vt 0.93194400 0.24111000
vt 0.95833300 0.24111000
vt 0.95833300 0.24111000
vt 0.93194400 0.24111000
vt 0.93194400 0.25000000
vt 0.95833300 0.25000000
vt 0.91666700 0.00731300
vt 0.91666700 0.00000000
vt 0.90138900 0.00000000
vt 0.90138900 0.00731300
vt 0.91666700 0.02158300
vt 0.91666700 0.00731300
vt 0.90138900 0.00731300
vt 0.90138900 0.02158300
vt 0.91666700 0.04000900
vt 0.91666700 0.02158300
vt 0.90138900 0.02158300
vt 0.90138900 0.04000900
vt 0.91666700 0.05978600
vt 0.91666700 0.04000900
vt 0.90138900 0.04000900
vt 0.90138900 0.05978600
vt 0.91666700 0.07810700
vt 0.91666700 0.05978600
vt 0.90138900 0.05978600
vt 0.90138900 0.07810700
vt 0.91666700 0.09499800
vt 0.91666700 0.07810700
vt 0.90138900 0.07810700
vt 0.90138900 0.09499800
vt 0.91666700 0.11245200
vt 0.91666700 0.09499800
vt 0.90138900 0.09499800
vt 0.90138900 0.11245200
vt 0.91666700 0.13018200
vt 0.91666700 0.13018200
vt 0.91666700 0.11245200
vt 0.90138900 0.11245200
vt 0.90138900 0.11245200
vt 0.90138900 0.13018200
vt 0.91666700 0.14789800
vt 0.91666700 0.13018200
vt 0.90138900 0.13018200
vt 0.90138900 0.14789800
vt 0.91666700 0.16531100
vt 0.91666700 0.14789800
vt 0.90138900 0.14789800
vt 0.90138900 0.16531100
vt 0.91666700 0.18430300
vt 0.91666700 0.16531100
vt 0.90138900 0.16531100
vt 0.90138900 0.18430300
vt 0.91666700 0.20526400
vt 0.91666700 0.20526400
vt 0.91666700 0.18430300
vt 0.90138900 0.18430300
vt 0.90138900 0.18430300
vt 0.90138900 0.20526400
vt 0.91666700 0.22519900
vt 0.91666700 0.20526400
vt 0.90138900 0.20526400
vt 0.90138900 0.22519900
vt 0.91666700 0.24111000
vt 0.91666700 0.22519900
vt 0.90138900 0.22519900
vt 0.90138900 0.24111000
vt 0.91666700 0.25000000
vt 0.91666700 0.24111000
vt 0.90138900 0.24111000
vt 0.90138900 0.25000000
vt 0.90138900 0.00731300
vt 0.90138900 0.00000000
vt 0.87500000 0.00000000
vt 0.87500000 0.00731300
vt 0.90138900 0.02158300
vt 0.90138900 0.00731300
vt 0.87500000 0.00731300
vt 0.87500000 0.02158300
vt 0.90138900 0.04000900
vt 0.90138900 0.02158300
vt 0.87500000 0.02158300
vt 0.87500000 0.04000900
vt 0.90138900 0.05978600
vt 0.90138900 0.04000900
vt 0.87500000 0.04000900
vt 0.87500000 0.05978600
vt 0.90138900 0.07810700
vt 0.90138900 0.05978600
vt 0.87500000 0.05978600
vt 0.87500000 0.07810700
vt 0.90138900 0.09499800
vt 0.90138900 0.07810700
vt 0.87500000 0.07810700
vt 0.87500000 0.09499800
vt 0.90138900 0.11245200
vt 0.90138900 0.09499800
vt 0.87500000 0.09499800
vt 0.87500000 0.11245200
vt 0.90138900 0.13018200
vt 0.90138900 0.11245200
vt 0.87500000 0.11245200
vt 0.87500000 0.13018200
vt 0.90138900 0.14789800
vt 0.90138900 0.13018200
vt 0.87500000 0.13018200
vt 0.87500000 0.14789800
vt 0.90138900 0.16531100
vt 0.90138900 0.14789800
vt 0.87500000 0.14789800
vt 0.87500000 0.16531100
vt 0.90138900 0.18430300
vt 0.90138900 0.16531100
vt 0.87500000 0.16531100
vt 0.87500000 0.18430300
vt 0.90138900 0.20526400
vt 0.90138900 0.18430300
vt 0.87500000 0.18430300
vt 0.87500000 0.20526400
vt 0.90138900 0.22519900
vt 0.90138900 0.20526400
vt 0.87500000 0.20526400
vt 0.87500000 0.22519900
vt 0.90138900 0.24111000
vt 0.90138900 0.22519900
vt 0.87500000 0.22519900
vt 0.87500000 0.24111000
vt 0.90138900 0.25000000
vt 0.90138900 0.24111000
vt 0.87500000 0.24111000
vt 0.87500000 0.25000000
vt 0.84861100 0.00000000
vt 0.83333300 0.00000000
vt 0.83333300 0.00731300
vt 0.84861100 0.00731300
vt 0.84861100 0.00731300
vt 0.83333300 0.00731300
vt 0.83333300 0.02158300
vt 0.84861100 0.02158300
vt 0.84861100 0.02158300
vt 0.83333300 0.02158300
vt 0.83333300 0.04000900
vt 0.84861100 0.04000900
vt 0.84861100 0.04000900
vt 0.83333300 0.04000900
vt 0.83333300 0.05978600
vt 0.84861100 0.05978600
vt 0.84861100 0.05978600
vt 0.83333300 0.05978600
vt 0.83333300 0.07810700
vt 0.84861100 0.07810700
vt 0.84861100 0.07810700
vt 0.83333300 0.07810700
vt 0.83333300 0.09499800
vt 0.84861100 0.09499800
vt 0.84861100 0.09499800
vt 0.83333300 0.09499800
vt 0.83333300 0.11245200
vt 0.84861100 0.11245200
vt 0.84861100 0.11245200
vt 0.83333300 0.11245200
vt 0.83333300 0.13018200
vt 0.84861100 0.13018200
vt 0.84861100 0.13018200
vt 0.83333300 0.13018200
vt 0.83333300 0.14789800
vt 0.84861100 0.14789800
vt 0.84861100 0.14789800
vt 0.83333300 0.14789800
vt 0.83333300 0.16531100
vt 0.84861100 0.16531100
vt 0.84861100 0.16531100
vt 0.83333300 0.16531100
vt 0.83333300 0.18430300
vt 0.84861100 0.18430300
vt 0.84861100 0.18430300
vt 0.84861100 0.18430300
vt 0.83333300 0.18430300
vt 0.83333300 0.20526400
vt 0.83333300 0.20526400
vt 0.84861100 0.20526400
vt 0.84861100 0.20526400
vt 0.83333300 0.20526400
vt 0.83333300 0.22519900
vt 0.84861100 0.22519900
vt 0.84861100 0.22519900
vt 0.83333300 0.22519900
vt 0.83333300 0.24111000
vt 0.84861100 0.24111000
vt 0.84861100 0.24111000
vt 0.83333300 0.24111000
vt 0.83333300 0.25000000
vt 0.84861100 0.25000000
vt 0.87500000 0.00000000
vt 0.84861100 0.00000000
vt 0.84861100 0.00731300
vt 0.87500000 0.00731300
vt 0.87500000 0.00731300
vt 0.84861100 0.00731300
vt 0.84861100 0.02158300
vt 0.87500000 0.02158300
vt 0.87500000 0.02158300
vt 0.84861100 0.02158300
vt 0.84861100 0.04000900
vt 0.87500000 0.04000900
vt 0.87500000 0.04000900
vt 0.84861100 0.04000900
vt 0.84861100 0.05978600
vt 0.87500000 0.05978600
vt 0.87500000 0.05978600
vt 0.84861100 0.05978600
vt 0.84861100 0.07810700
vt 0.87500000 0.07810700
vt 0.87500000 0.07810700
vt 0.84861100 0.07810700
vt 0.84861100 0.09499800
vt 0.87500000 0.09499800
vt 0.87500000 0.09499800
vt 0.84861100 0.09499800
vt 0.84861100 0.11245200
vt 0.87500000 0.11245200
vt 0.87500000 0.11245200
vt 0.84861100 0.11245200
vt 0.84861100 0.13018200
vt 0.87500000 0.13018200
vt 0.87500000 0.13018200
vt 0.84861100 0.13018200
vt 0.84861100 0.14789800
vt 0.87500000 0.14789800
vt 0.87500000 0.14789800
vt 0.87500000 0.14789800
vt 0.84861100 0.14789800
vt 0.84861100 0.16531100
vt 0.84861100 0.16531100
vt 0.87500000 0.16531100
vt 0.87500000 0.16531100
vt 0.84861100 0.16531100
vt 0.84861100 0.18430300
vt 0.87500000 0.18430300
vt 0.87500000 0.18430300
vt 0.84861100 0.18430300
vt 0.84861100 0.20526400
vt 0.87500000 0.20526400
vt 0.87500000 0.20526400
vt 0.84861100 0.20526400
vt 0.84861100 0.22519900
vt 0.87500000 0.22519900
vt 0.87500000 0.22519900
vt 0.84861100 0.22519900
vt 0.84861100 0.24111000
vt 0.87500000 0.24111000
vt 0.87500000 0.24111000
vt 0.84861100 0.24111000
vt 0.84861100 0.25000000
vt 0.87500000 0.25000000
vt 0.83333300 0.00731300
vt 0.83333300 0.00000000
vt 0.81805600 0.00000000
vt 0.81805600 0.00731300
vt 0.83333300 0.02158300
vt 0.83333300 0.00731300
vt 0.81805600 0.00731300
vt 0.81805600 0.02158300
vt 0.83333300 0.04000900
vt 0.83333300 0.02158300
vt 0.81805600 0.02158300
vt 0.81805600 0.04000900
vt 0.83333300 0.05978600
vt 0.83333300 0.04000900
vt 0.81805600 0.04000900
vt 0.81805600 0.05978600
vt 0.83333300 0.07810700
vt 0.83333300 0.05978600
vt 0.81805600 0.05978600
vt 0.81805600 0.07810700
vt 0.83333300 0.09499800
vt 0.83333300 0.07810700
vt 0.81805600 0.07810700
vt 0.81805600 0.09499800
vt 0.83333300 0.11245200
vt 0.83333300 0.09499800
vt 0.81805600 0.09499800
vt 0.81805600 0.11245200
vt 0.83333300 0.13018200
vt 0.83333300 0.11245200
vt 0.81805600 0.11245200
vt 0.81805600 0.13018200
vt 0.83333300 0.14789800
vt 0.83333300 0.13018200
vt 0.81805600 0.13018200
vt 0.81805600 0.14789800
vt 0.83333300 0.16531100
vt 0.83333300 0.14789800
vt 0.81805600 0.14789800
vt 0.81805600 0.16531100
vt 0.83333300 0.18430300
vt 0.83333300 0.16531100
vt 0.81805600 0.16531100
vt 0.81805600 0.18430300
vt 0.83333300 0.20526400
vt 0.83333300 0.18430300
vt 0.81805600 0.18430300
vt 0.81805600 0.20526400
vt 0.83333300 0.22519900
vt 0.83333300 0.20526400
vt 0.81805600 0.20526400
vt 0.81805600 0.22519900
vt 0.83333300 0.24111000
vt 0.83333300 0.22519900
vt 0.81805600 0.22519900
vt 0.81805600 0.24111000
vt 0.83333300 0.25000000
vt 0.83333300 0.25000000
vt 0.83333300 0.24111000
vt 0.81805600 0.24111000
vt 0.81805600 0.24111000
vt 0.81805600 0.25000000
vt 0.81805600 0.00731300
vt 0.81805600 0.00000000
vt 0.79166700 0.00000000
vt 0.79166700 0.00731300
vt 0.81805600 0.02158300
vt 0.81805600 0.00731300
vt 0.79166700 0.00731300
vt 0.79166700 0.02158300
vt 0.81805600 0.04000900
vt 0.81805600 0.02158300
vt 0.79166700 0.02158300
vt 0.79166700 0.04000900
vt 0.81805600 0.05978600
vt 0.81805600 0.04000900
vt 0.79166700 0.04000900
vt 0.79166700 0.05978600
vt 0.81805600 0.07810700
vt 0.81805600 0.05978600
vt 0.79166700 0.05978600
vt 0.79166700 0.07810700
vt 0.81805600 0.09499800
vt 0.81805600 0.07810700
vt 0.79166700 0.07810700
vt 0.79166700 0.09499800
vt 0.81805600 0.11245200
vt 0.81805600 0.09499800
vt 0.79166700 0.09499800
vt 0.79166700 0.11245200
vt 0.81805600 0.13018200
vt 0.81805600 0.11245200
vt 0.79166700 0.11245200
vt 0.79166700 0.13018200
vt 0.81805600 0.14789800
vt 0.81805600 0.13018200
vt 0.79166700 0.13018200
vt 0.79166700 0.14789800
vt 0.81805600 0.16531100
vt 0.81805600 0.14789800
vt 0.79166700 0.14789800
vt 0.79166700 0.16531100
vt 0.81805600 0.18430300
vt 0.81805600 0.16531100
vt 0.79166700 0.16531100
vt 0.79166700 0.18430300
vt 0.81805600 0.20526400
vt 0.81805600 0.18430300
vt 0.79166700 0.18430300
vt 0.79166700 0.20526400
vt 0.81805600 0.22519900
vt 0.81805600 0.20526400
vt 0.79166700 0.20526400
vt 0.79166700 0.22519900
vt 0.81805600 0.24111000
vt 0.81805600 0.22519900
vt 0.79166700 0.22519900
vt 0.79166700 0.24111000
vt 0.81805600 0.25000000
vt 0.81805600 0.24111000
vt 0.79166700 0.24111000
vt 0.79166700 0.25000000
vt 0.76527800 0.00000000
vt 0.75000000 0.00000000
vt 0.75000000 0.00731300
vt 0.76527800 0.00731300
vt 0.76527800 0.00731300
vt 0.75000000 0.00731300
vt 0.75000000 0.02158300
vt 0.76527800 0.02158300
vt 0.76527800 0.02158300
vt 0.75000000 0.02158300
vt 0.75000000 0.04000900
vt 0.76527800 0.04000900
vt 0.76527800 0.04000900
vt 0.75000000 0.04000900
vt 0.75000000 0.05978600
vt 0.76527800 0.05978600
vt 0.76527800 0.05978600
vt 0.75000000 0.05978600
vt 0.75000000 0.07810700
vt 0.76527800 0.07810700
vt 0.76527800 0.07810700
vt 0.75000000 0.07810700
vt 0.75000000 0.09499800
vt 0.76527800 0.09499800
vt 0.76527800 0.09499800
vt 0.75000000 0.09499800
vt 0.75000000 0.11245200
vt 0.76527800 0.11245200
vt 0.76527800 0.11245200
vt 0.75000000 0.11245200
vt 0.75000000 0.13018200
vt 0.76527800 0.13018200
vt 0.76527800 0.13018200
vt 0.75000000 0.13018200
vt 0.75000000 0.14789800
vt 0.76527800 0.14789800
vt 0.76527800 0.14789800
vt 0.75000000 0.14789800
vt 0.75000000 0.16531100
vt 0.76527800 0.16531100
vt 0.76527800 0.16531100
vt 0.75000000 0.16531100
vt 0.75000000 0.18430300
vt 0.76527800 0.18430300
vt 0.76527800 0.18430300
vt 0.75000000 0.18430300
vt 0.75000000 0.20526400
vt 0.76527800 0.20526400
vt 0.76527800 0.20526400
vt 0.75000000 0.20526400
vt 0.75000000 0.22519900
vt 0.76527800 0.22519900
vt 0.76527800 0.22519900
vt 0.75000000 0.22519900
vt 0.75000000 0.24111000
vt 0.76527800 0.24111000
vt 0.76527800 0.24111000
vt 0.75000000 0.24111000
vt 0.75000000 0.25000000
vt 0.76527800 0.25000000
vt 0.79166700 0.00000000
vt 0.76527800 0.00000000
vt 0.76527800 0.00731300
vt 0.79166700 0.00731300
vt 0.79166700 0.00731300
vt 0.76527800 0.00731300
vt 0.76527800 0.02158300
vt 0.79166700 0.02158300
vt 0.79166700 0.02158300
vt 0.76527800 0.02158300
vt 0.76527800 0.04000900
vt 0.79166700 0.04000900
vt 0.79166700 0.04000900
vt 0.76527800 0.04000900
vt 0.76527800 0.05978600
vt 0.79166700 0.05978600
vt 0.79166700 0.05978600
vt 0.76527800 0.05978600
vt 0.76527800 0.07810700
vt 0.79166700 0.07810700
vt 0.79166700 0.07810700
vt 0.76527800 0.07810700
vt 0.76527800 0.09499800
vt 0.79166700 0.09499800
vt 0.79166700 0.09499800
vt 0.76527800 0.09499800
vt 0.76527800 0.11245200
vt 0.79166700 0.11245200
vt 0.79166700 0.11245200
vt 0.76527800 0.11245200
vt 0.76527800 0.13018200
vt 0.79166700 0.13018200
vt 0.79166700 0.13018200
vt 0.76527800 0.13018200
vt 0.76527800 0.14789800
vt 0.79166700 0.14789800
vt 0.79166700 0.14789800
vt 0.76527800 0.14789800
vt 0.76527800 0.16531100
vt 0.79166700 0.16531100
vt 0.79166700 0.16531100
vt 0.76527800 0.16531100
vt 0.76527800 0.18430300
vt 0.79166700 0.18430300
vt 0.79166700 0.18430300
vt 0.76527800 0.18430300
vt 0.76527800 0.20526400
vt 0.79166700 0.20526400
vt 0.79166700 0.20526400
vt 0.76527800 0.20526400
vt 0.76527800 0.22519900
vt 0.79166700 0.22519900
vt 0.79166700 0.22519900
vt 0.76527800 0.22519900
vt 0.76527800 0.24111000
vt 0.79166700 0.24111000
vt 0.79166700 0.24111000
vt 0.76527800 0.24111000
vt 0.76527800 0.25000000
vt 0.79166700 0.25000000
vt 0.75000000 0.00731300
vt 0.75000000 0.00000000
vt 0.73472200 0.00000000
vt 0.73472200 0.00731300
vt 0.75000000 0.02158300
vt 0.75000000 0.00731300
vt 0.73472200 0.00731300
vt 0.73472200 0.02158300
vt 0.75000000 0.04000900
vt 0.75000000 0.02158300
vt 0.73472200 0.02158300
vt 0.73472200 0.04000900
vt 0.75000000 0.05978600
vt 0.75000000 0.04000900
vt 0.73472200 0.04000900
vt 0.73472200 0.05978600
vt 0.75000000 0.07810700
vt 0.75000000 0.05978600
vt 0.73472200 0.05978600
vt 0.73472200 0.07810700
vt 0.75000000 0.09499800
vt 0.75000000 0.07810700
vt 0.73472200 0.07810700
vt 0.73472200 0.09499800
vt 0.75000000 0.11245200
vt 0.75000000 0.09499800
vt 0.73472200 0.09499800
vt 0.73472200 0.11245200
vt 0.75000000 0.13018200
vt 0.75000000 0.11245200
vt 0.73472200 0.11245200
vt 0.73472200 0.13018200
vt 0.75000000 0.14789800
vt 0.75000000 0.13018200
vt 0.73472200 0.13018200
vt 0.73472200 0.14789800
vt 0.75000000 0.16531100
vt 0.75000000 0.14789800
vt 0.73472200 0.14789800
vt 0.73472200 0.16531100
vt 0.75000000 0.18430300
vt 0.75000000 0.16531100
vt 0.73472200 0.16531100
vt 0.73472200 0.18430300
vt 0.75000000 0.20526400
vt 0.75000000 0.18430300
vt 0.73472200 0.18430300
vt 0.73472200 0.20526400
vt 0.75000000 0.22519900
vt 0.75000000 0.20526400
vt 0.73472200 0.20526400
vt 0.73472200 0.22519900
vt 0.75000000 0.24111000
vt 0.75000000 0.22519900
vt 0.73472200 0.22519900
vt 0.73472200 0.24111000
vt 0.75000000 0.25000000
vt 0.75000000 0.24111000
vt 0.73472200 0.24111000
vt 0.73472200 0.25000000
vt 0.73472200 0.00731300
vt 0.73472200 0.00000000
vt 0.70833300 0.00000000
vt 0.70833300 0.00731300
vt 0.73472200 0.02158300
vt 0.73472200 0.00731300
vt 0.70833300 0.00731300
vt 0.70833300 0.02158300
vt 0.73472200 0.04000900
vt 0.73472200 0.02158300
vt 0.70833300 0.02158300
vt 0.70833300 0.04000900
vt 0.73472200 0.05978600
vt 0.73472200 0.04000900
vt 0.70833300 0.04000900
vt 0.70833300 0.05978600
vt 0.73472200 0.07810700
vt 0.73472200 0.05978600
vt 0.70833300 0.05978600
vt 0.70833300 0.07810700
vt 0.73472200 0.09499800
vt 0.73472200 0.07810700
vt 0.70833300 0.07810700
vt 0.70833300 0.09499800
vt 0.73472200 0.11245200
vt 0.73472200 0.09499800
vt 0.70833300 0.09499800
vt 0.70833300 0.11245200
vt 0.73472200 0.13018200
vt 0.73472200 0.11245200
vt 0.70833300 0.11245200
vt 0.70833300 0.13018200
vt 0.73472200 0.14789800
vt 0.73472200 0.13018200
vt 0.70833300 0.13018200
vt 0.70833300 0.14789800
vt 0.73472200 0.16531100
vt 0.73472200 0.14789800
vt 0.70833300 0.14789800
vt 0.70833300 0.16531100
vt 0.73472200 0.18430300
vt 0.73472200 0.16531100
vt 0.70833300 0.16531100
vt 0.70833300 0.18430300
vt 0.73472200 0.20526400
vt 0.73472200 0.18430300
vt 0.70833300 0.18430300
vt 0.70833300 0.20526400
vt 0.73472200 0.22519900
vt 0.73472200 0.20526400
vt 0.70833300 0.20526400
vt 0.70833300 0.22519900
vt 0.73472200 0.24111000
vt 0.73472200 0.22519900
vt 0.70833300 0.22519900
vt 0.70833300 0.24111000
vt 0.73472200 0.25000000
vt 0.73472200 0.24111000
vt 0.70833300 0.24111000
vt 0.70833300 0.25000000
vt 0.68194400 0.00000000
vt 0.66666700 0.00000000
vt 0.66666700 0.00731300
vt 0.68194400 0.00731300
vt 0.68194400 0.00731300
vt 0.66666700 0.00731300
vt 0.66666700 0.02158300
vt 0.68194400 0.02158300
vt 0.68194400 0.02158300
vt 0.66666700 0.02158300
vt 0.66666700 0.04000900
vt 0.68194400 0.04000900
vt 0.68194400 0.04000900
vt 0.66666700 0.04000900
vt 0.66666700 0.05978600
vt 0.68194400 0.05978600
vt 0.68194400 0.05978600
vt 0.66666700 0.05978600
vt 0.66666700 0.07810700
vt 0.68194400 0.07810700
vt 0.68194400 0.07810700
vt 0.66666700 0.07810700
vt 0.66666700 0.09499800
vt 0.68194400 0.09499800
vt 0.68194400 0.09499800
vt 0.66666700 0.09499800
vt 0.66666700 0.11245200
vt 0.68194400 0.11245200
vt 0.68194400 0.11245200
vt 0.66666700 0.11245200
vt 0.66666700 0.13018200
vt 0.68194400 0.13018200
vt 0.68194400 0.13018200
vt 0.66666700 0.13018200
vt 0.66666700 0.14789800
vt 0.68194400 0.14789800
vt 0.68194400 0.14789800
vt 0.66666700 0.14789800
vt 0.66666700 0.16531100
vt 0.68194400 0.16531100
vt 0.68194400 0.16531100
vt 0.66666700 0.16531100
vt 0.66666700 0.18430300
vt 0.68194400 0.18430300
vt 0.68194400 0.18430300
vt 0.66666700 0.18430300
vt 0.66666700 0.20526400
vt 0.68194400 0.20526400
vt 0.68194400 0.20526400
vt 0.66666700 0.20526400
vt 0.66666700 0.22519900
vt 0.68194400 0.22519900
vt 0.68194400 0.22519900
vt 0.66666700 0.22519900
vt 0.66666700 0.24111000
vt 0.68194400 0.24111000
vt 0.68194400 0.24111000
vt 0.68194400 0.24111000
vt 0.66666700 0.24111000
vt 0.66666700 0.25000000
vt 0.68194400 0.25000000
vt 0.70833300 0.00000000
vt 0.68194400 0.00000000
vt 0.68194400 0.00731300
vt 0.70833300 0.00731300
vt 0.70833300 0.00731300
vt 0.68194400 0.00731300
vt 0.68194400 0.02158300
vt 0.70833300 0.02158300
vt 0.70833300 0.02158300
vt 0.68194400 0.02158300
vt 0.68194400 0.04000900
vt 0.70833300 0.04000900
vt 0.70833300 0.04000900
vt 0.68194400 0.04000900
vt 0.68194400 0.05978600
vt 0.70833300 0.05978600
vt 0.70833300 0.05978600
vt 0.70833300 0.05978600
vt 0.68194400 0.05978600
vt 0.68194400 0.07810700
vt 0.68194400 0.07810700
vt 0.70833300 0.07810700
vt 0.70833300 0.07810700
vt 0.68194400 0.07810700
vt 0.68194400 0.09499800
vt 0.70833300 0.09499800
vt 0.70833300 0.09499800
vt 0.68194400 0.09499800
vt 0.68194400 0.11245200
vt 0.70833300 0.11245200
vt 0.70833300 0.11245200
vt 0.68194400 0.11245200
vt 0.68194400 0.13018200
vt 0.70833300 0.13018200
vt 0.70833300 0.13018200
vt 0.68194400 0.13018200
vt 0.68194400 0.14789800
vt 0.70833300 0.14789800
vt 0.70833300 0.14789800
vt 0.68194400 0.14789800
vt 0.68194400 0.16531100
vt 0.70833300 0.16531100
vt 0.70833300 0.16531100
vt 0.68194400 0.16531100
vt 0.68194400 0.18430300
vt 0.70833300 0.18430300
vt 0.70833300 0.18430300
vt 0.68194400 0.18430300
vt 0.68194400 0.20526400
vt 0.70833300 0.20526400
vt 0.70833300 0.20526400
vt 0.68194400 0.20526400
vt 0.68194400 0.22519900
vt 0.70833300 0.22519900
vt 0.70833300 0.22519900
vt 0.68194400 0.22519900
vt 0.68194400 0.24111000
vt 0.70833300 0.24111000
vt 0.70833300 0.24111000
vt 0.68194400 0.24111000
vt 0.68194400 0.25000000
vt 0.70833300 0.25000000
vt 0.66666700 0.00731300
vt 0.66666700 0.00000000
vt 0.65138900 0.00000000
vt 0.65138900 0.00731300
vt 0.66666700 0.02158300
vt 0.66666700 0.00731300
vt 0.65138900 0.00731300
vt 0.65138900 0.02158300
vt 0.66666700 0.04000900
vt 0.66666700 0.02158300
vt 0.65138900 0.02158300
vt 0.65138900 0.04000900
vt 0.66666700 0.05978600
vt 0.66666700 0.04000900
vt 0.65138900 0.04000900
vt 0.65138900 0.05978600
vt 0.66666700 0.07810700
vt 0.66666700 0.05978600
vt 0.65138900 0.05978600
vt 0.65138900 0.07810700
vt 0.66666700 0.09499800
vt 0.66666700 0.07810700
vt 0.65138900 0.07810700
vt 0.65138900 0.09499800
vt 0.66666700 0.11245200
vt 0.66666700 0.09499800
vt 0.65138900 0.09499800
vt 0.65138900 0.11245200
vt 0.66666700 0.13018200
vt 0.66666700 0.11245200
vt 0.65138900 0.11245200
vt 0.65138900 0.13018200
vt 0.66666700 0.14789800
vt 0.66666700 0.13018200
vt 0.65138900 0.13018200
vt 0.65138900 0.14789800
vt 0.66666700 0.16531100
vt 0.66666700 0.14789800
vt 0.65138900 0.14789800
vt 0.65138900 0.16531100
vt 0.66666700 0.18430300
vt 0.66666700 0.16531100
vt 0.65138900 0.16531100
vt 0.65138900 0.18430300
vt 0.66666700 0.20526400
vt 0.66666700 0.20526400
vt 0.66666700 0.18430300
vt 0.65138900 0.18430300
vt 0.65138900 0.18430300
vt 0.65138900 0.20526400
vt 0.66666700 0.22519900
vt 0.66666700 0.20526400
vt 0.65138900 0.20526400
vt 0.65138900 0.22519900
vt 0.66666700 0.24111000
vt 0.66666700 0.22519900
vt 0.65138900 0.22519900
vt 0.65138900 0.24111000
vt 0.66666700 0.25000000
vt 0.66666700 0.24111000
vt 0.65138900 0.24111000
vt 0.65138900 0.25000000
vt 0.65138900 0.00731300
vt 0.65138900 0.00000000
vt 0.62500000 0.00000000
vt 0.62500000 0.00731300
vt 0.65138900 0.02158300
vt 0.65138900 0.00731300
vt 0.62500000 0.00731300
vt 0.62500000 0.02158300
vt 0.65138900 0.04000900
vt 0.65138900 0.02158300
vt 0.62500000 0.02158300
vt 0.62500000 0.04000900
vt 0.65138900 0.05978600
vt 0.65138900 0.04000900
vt 0.62500000 0.04000900
vt 0.62500000 0.05978600
vt 0.65138900 0.07810700
vt 0.65138900 0.05978600
vt 0.62500000 0.05978600
vt 0.62500000 0.07810700
vt 0.65138900 0.09499800
vt 0.65138900 0.07810700
vt 0.62500000 0.07810700
vt 0.62500000 0.09499800
vt 0.65138900 0.11245200
vt 0.65138900 0.09499800
vt 0.62500000 0.09499800
vt 0.62500000 0.11245200
vt 0.65138900 0.13018200
vt 0.65138900 0.11245200
vt 0.62500000 0.11245200
vt 0.62500000 0.13018200
vt 0.65138900 0.14789800
vt 0.65138900 0.13018200
vt 0.62500000 0.13018200
vt 0.62500000 0.14789800
vt 0.65138900 0.16531100
vt 0.65138900 0.16531100
vt 0.65138900 0.14789800
vt 0.62500000 0.14789800
vt 0.62500000 0.14789800
vt 0.62500000 0.16531100
vt 0.65138900 0.18430300
vt 0.65138900 0.16531100
vt 0.62500000 0.16531100
vt 0.62500000 0.18430300
vt 0.65138900 0.20526400
vt 0.65138900 0.18430300
vt 0.62500000 0.18430300
vt 0.62500000 0.20526400
vt 0.65138900 0.22519900
vt 0.65138900 0.20526400
vt 0.62500000 0.20526400
vt 0.62500000 0.22519900
vt 0.65138900 0.24111000
vt 0.65138900 0.22519900
vt 0.62500000 0.22519900
vt 0.62500000 0.24111000
vt 0.65138900 0.25000000
vt 0.65138900 0.24111000
vt 0.62500000 0.24111000
vt 0.62500000 0.25000000
vt 0.59861100 0.00000000
vt 0.58333300 0.00000000
vt 0.58333300 0.00731300
vt 0.59861100 0.00731300
vt 0.59861100 0.00731300
vt 0.58333300 0.00731300
vt 0.58333300 0.02158300
vt 0.59861100 0.02158300
vt 0.59861100 0.02158300
vt 0.58333300 0.02158300
vt 0.58333300 0.04000900
vt 0.59861100 0.04000900
vt 0.59861100 0.04000900
vt 0.58333300 0.04000900
vt 0.58333300 0.05978600
vt 0.59861100 0.05978600
vt 0.59861100 0.05978600
vt 0.58333300 0.05978600
vt 0.58333300 0.07810700
vt 0.59861100 0.07810700
vt 0.59861100 0.07810700
vt 0.58333300 0.07810700
vt 0.58333300 0.09499800
vt 0.59861100 0.09499800
vt 0.59861100 0.09499800
vt 0.58333300 0.09499800
vt 0.58333300 0.11245200
vt 0.59861100 0.11245200
vt 0.59861100 0.11245200
vt 0.58333300 0.11245200
vt 0.58333300 0.13018200
vt 0.59861100 0.13018200
vt 0.59861100 0.13018200
vt 0.58333300 0.13018200
vt 0.58333300 0.14789800
vt 0.59861100 0.14789800
vt 0.59861100 0.14789800
vt 0.58333300 0.14789800
vt 0.58333300 0.16531100
vt 0.59861100 0.16531100
vt 0.59861100 0.16531100
vt 0.58333300 0.16531100
vt 0.58333300 0.18430300
vt 0.59861100 0.18430300
vt 0.59861100 0.18430300
vt 0.59861100 0.18430300
vt 0.58333300 0.18430300
vt 0.58333300 0.20526400
vt 0.58333300 0.20526400
vt 0.59861100 0.20526400
vt 0.59861100 0.20526400
vt 0.58333300 0.20526400
vt 0.58333300 0.22519900
vt 0.59861100 0.22519900
vt 0.59861100 0.22519900
vt 0.58333300 0.22519900
vt 0.58333300 0.24111000
vt 0.59861100 0.24111000
vt 0.59861100 0.24111000
vt 0.58333300 0.24111000
vt 0.58333300 0.25000000
vt 0.59861100 0.25000000
vt 0.62500000 0.00000000
vt 0.59861100 0.00000000
vt 0.59861100 0.00731300
vt 0.62500000 0.00731300
vt 0.62500000 0.00731300
vt 0.59861100 0.00731300
vt 0.59861100 0.02158300
vt 0.62500000 0.02158300
vt 0.62500000 0.02158300
vt 0.62500000 0.02158300
vt 0.59861100 0.02158300
vt 0.59861100 0.04000900
vt 0.59861100 0.04000900
vt 0.62500000 0.04000900
vt 0.62500000 0.04000900
vt 0.59861100 0.04000900
vt 0.59861100 0.05978600
vt 0.62500000 0.05978600
vt 0.62500000 0.05978600
vt 0.59861100 0.05978600
vt 0.59861100 0.07810700
vt 0.62500000 0.07810700
vt 0.62500000 0.07810700
vt 0.59861100 0.07810700
vt 0.59861100 0.09499800
vt 0.62500000 0.09499800
vt 0.62500000 0.09499800
vt 0.59861100 0.09499800
vt 0.59861100 0.11245200
vt 0.62500000 0.11245200
vt 0.62500000 0.11245200
vt 0.59861100 0.11245200
vt 0.59861100 0.13018200
vt 0.62500000 0.13018200
vt 0.62500000 0.13018200
vt 0.59861100 0.13018200
vt 0.59861100 0.14789800
vt 0.62500000 0.14789800
vt 0.62500000 0.14789800
vt 0.62500000 0.14789800
vt 0.59861100 0.14789800
vt 0.59861100 0.16531100
vt 0.59861100 0.16531100
vt 0.62500000 0.16531100
vt 0.62500000 0.16531100
vt 0.59861100 0.16531100
vt 0.59861100 0.18430300
vt 0.62500000 0.18430300
vt 0.62500000 0.18430300
vt 0.59861100 0.18430300
vt 0.59861100 0.20526400
vt 0.62500000 0.20526400
vt 0.62500000 0.20526400
vt 0.59861100 0.20526400
vt 0.59861100 0.22519900
vt 0.62500000 0.22519900
vt 0.62500000 0.22519900
vt 0.59861100 0.22519900
vt 0.59861100 0.24111000
vt 0.62500000 0.24111000
vt 0.62500000 0.24111000
vt 0.59861100 0.24111000
vt 0.59861100 0.25000000
vt 0.62500000 0.25000000
vt 0.58333300 0.00731300
vt 0.58333300 0.00000000
vt 0.56805600 0.00000000
vt 0.56805600 0.00731300
vt 0.58333300 0.02158300
vt 0.58333300 0.00731300
vt 0.56805600 0.00731300
vt 0.56805600 0.02158300
vt 0.58333300 0.04000900
vt 0.58333300 0.02158300
vt 0.56805600 0.02158300
vt 0.56805600 0.04000900
vt 0.58333300 0.05978600
vt 0.58333300 0.04000900
vt 0.56805600 0.04000900
vt 0.56805600 0.05978600
vt 0.58333300 0.07810700
vt 0.58333300 0.05978600
vt 0.56805600 0.05978600
vt 0.56805600 0.07810700
vt 0.58333300 0.09499800
vt 0.58333300 0.07810700
vt 0.56805600 0.07810700
vt 0.56805600 0.09499800
vt 0.58333300 0.11245200
vt 0.58333300 0.09499800
vt 0.56805600 0.09499800
vt 0.56805600 0.11245200
vt 0.58333300 0.13018200
vt 0.58333300 0.11245200
vt 0.56805600 0.11245200
vt 0.56805600 0.13018200
vt 0.58333300 0.14789800
vt 0.58333300 0.13018200
vt 0.56805600 0.13018200
vt 0.56805600 0.14789800
vt 0.58333300 0.16531100
vt 0.58333300 0.14789800
vt 0.56805600 0.14789800
vt 0.56805600 0.16531100
vt 0.58333300 0.18430300
vt 0.58333300 0.16531100
vt 0.56805600 0.16531100
vt 0.56805600 0.18430300
vt 0.58333300 0.20526400
vt 0.58333300 0.18430300
vt 0.56805600 0.18430300
vt 0.56805600 0.20526400
vt 0.58333300 0.22519900
vt 0.58333300 0.20526400
vt 0.56805600 0.20526400
vt 0.56805600 0.22519900
vt 0.58333300 0.24111000
vt 0.58333300 0.22519900
vt 0.56805600 0.22519900
vt 0.56805600 0.24111000
vt 0.58333300 0.25000000
vt 0.58333300 0.24111000
vt 0.56805600 0.24111000
vt 0.56805600 0.25000000
vt 0.56805600 0.00731300
vt 0.56805600 0.00000000
vt 0.54166700 0.00000000
vt 0.54166700 0.00731300
vt 0.56805600 0.02158300
vt 0.56805600 0.00731300
vt 0.54166700 0.00731300
vt 0.54166700 0.02158300
vt 0.56805600 0.04000900
vt 0.56805600 0.02158300
vt 0.54166700 0.02158300
vt 0.54166700 0.04000900
vt 0.56805600 0.05978600
vt 0.56805600 0.04000900
vt 0.54166700 0.04000900
vt 0.54166700 0.05978600
vt 0.56805600 0.07810700
vt 0.56805600 0.07810700
vt 0.56805600 0.05978600
vt 0.54166700 0.05978600
vt 0.54166700 0.05978600
vt 0.54166700 0.07810700
vt 0.56805600 0.09499800
vt 0.56805600 0.07810700
vt 0.54166700 0.07810700
vt 0.54166700 0.09499800
vt 0.56805600 0.11245200
vt 0.56805600 0.09499800
vt 0.54166700 0.09499800
vt 0.54166700 0.11245200
vt 0.56805600 0.13018200
vt 0.56805600 0.11245200
vt 0.54166700 0.11245200
vt 0.54166700 0.13018200
vt 0.56805600 0.14789800
vt 0.56805600 0.13018200
vt 0.54166700 0.13018200
vt 0.54166700 0.14789800
vt 0.56805600 0.16531100
vt 0.56805600 0.14789800
vt 0.54166700 0.14789800
vt 0.54166700 0.16531100
vt 0.56805600 0.18430300
vt 0.56805600 0.16531100
vt 0.54166700 0.16531100
vt 0.54166700 0.18430300
vt 0.56805600 0.20526400
vt 0.56805600 0.18430300
vt 0.54166700 0.18430300
vt 0.54166700 0.20526400
vt 0.56805600 0.22519900
vt 0.56805600 0.20526400
vt 0.54166700 0.20526400
vt 0.54166700 0.22519900
vt 0.56805600 0.24111000
vt 0.56805600 0.22519900
vt 0.54166700 0.22519900
vt 0.54166700 0.24111000
vt 0.56805600 0.25000000
vt 0.56805600 0.24111000
vt 0.54166700 0.24111000
vt 0.54166700 0.25000000
vt 0.51527800 0.00000000
vt 0.50000000 0.00000000
vt 0.50000000 0.00731300
vt 0.51527800 0.00731300
vt 0.51527800 0.00731300
vt 0.50000000 0.00731300
vt 0.50000000 0.02158300
vt 0.51527800 0.02158300
vt 0.51527800 0.02158300
vt 0.50000000 0.02158300
vt 0.50000000 0.04000900
vt 0.51527800 0.04000900
vt 0.51527800 0.04000900
vt 0.50000000 0.04000900
vt 0.50000000 0.05978600
vt 0.51527800 0.05978600
vt 0.51527800 0.05978600
vt 0.50000000 0.05978600
vt 0.50000000 0.07810700
vt 0.51527800 0.07810700
vt 0.51527800 0.07810700
vt 0.50000000 0.07810700
vt 0.50000000 0.09499800
vt 0.51527800 0.09499800
vt 0.51527800 0.09499800
vt 0.50000000 0.09499800
vt 0.50000000 0.11245200
vt 0.51527800 0.11245200
vt 0.51527800 0.11245200
vt 0.50000000 0.11245200
vt 0.50000000 0.13018200
vt 0.51527800 0.13018200
vt 0.51527800 0.13018200
vt 0.50000000 0.13018200
vt 0.50000000 0.14789800
vt 0.51527800 0.14789800
vt 0.51527800 0.14789800
vt 0.50000000 0.14789800
vt 0.50000000 0.16531100
vt 0.51527800 0.16531100
vt 0.51527800 0.16531100
vt 0.50000000 0.16531100
vt 0.50000000 0.18430300
vt 0.51527800 0.18430300
vt 0.51527800 0.18430300
vt 0.50000000 0.18430300
vt 0.50000000 0.20526400
vt 0.51527800 0.20526400
vt 0.51527800 0.20526400
vt 0.50000000 0.20526400
vt 0.50000000 0.22519900
vt 0.51527800 0.22519900
vt 0.51527800 0.22519900
vt 0.50000000 0.22519900
vt 0.50000000 0.24111000
vt 0.51527800 0.24111000
vt 0.51527800 0.24111000
vt 0.50000000 0.24111000
vt 0.50000000 0.25000000
vt 0.51527800 0.25000000
vt 0.54166700 0.00000000
vt 0.51527800 0.00000000
vt 0.51527800 0.00731300
vt 0.54166700 0.00731300
vt 0.54166700 0.00731300
vt 0.51527800 0.00731300
vt 0.51527800 0.02158300
vt 0.54166700 0.02158300
vt 0.54166700 0.02158300
vt 0.51527800 0.02158300
vt 0.51527800 0.04000900
vt 0.54166700 0.04000900
vt 0.54166700 0.04000900
vt 0.51527800 0.04000900
vt 0.51527800 0.05978600
vt 0.54166700 0.05978600
vt 0.54166700 0.05978600
vt 0.51527800 0.05978600
vt 0.51527800 0.07810700
vt 0.54166700 0.07810700
vt 0.54166700 0.07810700
vt 0.51527800 0.07810700
vt 0.51527800 0.09499800
vt 0.54166700 0.09499800
vt 0.54166700 0.09499800
vt 0.51527800 0.09499800
vt 0.51527800 0.11245200
vt 0.54166700 0.11245200
vt 0.54166700 0.11245200
vt 0.51527800 0.11245200
vt 0.51527800 0.13018200
vt 0.54166700 0.13018200
vt 0.54166700 0.13018200
vt 0.51527800 0.13018200
vt 0.51527800 0.14789800
vt 0.54166700 0.14789800
vt 0.54166700 0.14789800
vt 0.51527800 0.14789800
vt 0.51527800 0.16531100
vt 0.54166700 0.16531100
vt 0.54166700 0.16531100
vt 0.51527800 0.16531100
vt 0.51527800 0.18430300
vt 0.54166700 0.18430300
vt 0.54166700 0.18430300
vt 0.51527800 0.18430300
vt 0.51527800 0.20526400
vt 0.54166700 0.20526400
vt 0.54166700 0.20526400
vt 0.51527800 0.20526400
vt 0.51527800 0.22519900
vt 0.54166700 0.22519900
vt 0.54166700 0.22519900
vt 0.51527800 0.22519900
vt 0.51527800 0.24111000
vt 0.54166700 0.24111000
vt 0.54166700 0.24111000
vt 0.51527800 0.24111000
vt 0.51527800 0.25000000
vt 0.54166700 0.25000000
f 1/1/1 3/3/3 4/4/4
f 25/25/25 27/27/27 28/28/28
f 33/33/33 34/34/34 35/35/35
f 45/45/45 47/47/47 48/48/48
f 49/49/49 51/51/51 52/52/52
f 61/61/61 62/62/62 63/63/63
f 65/65/65 67/67/67 68/68/68
f 73/73/73 74/74/74 75/75/75
f 77/77/77 79/79/79 80/80/80
f 93/93/93 94/94/94 95/95/95
f 97/97/97 98/98/98 99/99/99
f 101/101/101 103/103/103 104/104/104
f 105/105/105 107/107/107 108/108/108
f 117/117/117 118/118/118 119/119/119
f 121/121/121 123/123/123 124/124/124
f 155/155/155 157/157/157 158/158/158
f 159/159/159 160/160/160 161/161/161
f 159/159/159 161/161/161 162/162/162
f 175/175/175 176/176/176 177/177/177
f 187/187/187 188/188/188 189/189/189
f 187/187/187 189/189/189 190/190/190
f 209/209/209 210/210/210 211/211/211
f 209/209/209 211/211/211 212/212/212
f 213/213/213 214/214/214 215/215/215
f 217/217/217 218/218/218 219/219/219
f 221/221/221 223/223/223 224/224/224
f 229/229/229 230/230/230 231/231/231
f 229/229/229 231/231/231 232/232/232
f 233/233/233 234/234/234 235/235/235
f 237/237/237 238/238/238 239/239/239
f 241/241/241 243/243/243 244/244/244
f 245/245/245 246/246/246 247/247/247
f 249/249/249 250/250/250 251/251/251
f 249/249/249 251/251/251 252/252/252
f 257/257/257 259/259/259 260/260/260
f 261/261/261 263/263/263 264/264/264
f 265/265/265 267/267/267 268/268/268
f 273/273/273 274/274/274 275/275/275
f 273/273/273 275/275/275 276/276/276
f 277/277/277 278/278/278 279/279/279
f 281/281/281 283/283/283 284/284/284
f 289/289/289 292/292/292 294/294/294
f 295/295/295 297/297/297 298/298/298
f 299/299/299 300/300/300 301/301/301
f 303/303/303 305/305/305 306/306/306
f 307/307/307 308/308/308 309/309/309
f 311/311/311 312/312/312 313/313/313
f 315/315/315 317/317/317 318/318/318
f 319/319/319 320/320/320 321/321/321
f 323/323/323 325/325/325 326/326/326
f 327/327/327 328/328/328 329/329/329
f 331/331/331 332/332/332 333/333/333
f 331/331/331 333/333/333 334/334/334
f 335/335/335 337/337/337 338/338/338
f 344/344/344 347/347/347 348/348/348
f 349/349/349 350/350/350 351/351/351
f 349/349/349 351/351/351 352/352/352
f 353/353/353 354/354/354 355/355/355
f 357/357/357 358/358/358 359/359/359
f 365/365/365 366/366/366 367/367/367
f 369/369/369 370/370/370 371/371/371
f 377/377/377 378/378/378 379/379/379
f 377/377/377 379/379/379 380/380/380
f 381/381/381 382/382/382 383/383/383
f 381/381/381 383/383/383 384/384/384
f 385/385/385 386/386/386 387/387/387
f 385/385/385 387/387/387 388/388/388
f 393/393/393 394/394/394 395/395/395
f 393/393/393 395/395/395 396/396/396
f 397/397/397 398/398/398 399/399/399
f 397/397/397 399/399/399 400/400/400
f 401/401/401 402/402/402 403/403/403
f 405/405/405 406/406/406 407/407/407
f 409/409/409 410/410/410 411/411/411
f 413/413/413 415/415/415 417/417/417
f 419/419/419 421/421/421 422/422/422
f 423/423/423 425/425/425 426/426/426
f 431/431/431 433/433/433 434/434/434
f 435/435/435 436/436/436 437/437/437
f 439/439/439 440/440/440 441/441/441
f 439/439/439 441/441/441 442/442/442
f 443/443/443 445/445/445 446/446/446
f 447/447/447 449/449/449 450/450/450
f 451/451/451 452/452/452 453/453/453
f 463/463/463 464/464/464 465/465/465
f 463/463/463 465/465/465 466/466/466
f 473/473/473 474/474/474 475/475/475
f 477/477/477 479/479/479 480/480/480
f 481/481/481 482/482/482 483/483/483
f 485/485/485 486/486/486 487/487/487
f 485/485/485 487/487/487 488/488/488
f 489/489/489 491/491/491 492/492/492
f 493/493/493 494/494/494 495/495/495
f 497/497/497 498/498/498 499/499/499
f 501/501/501 502/502/502 503/503/503
f 501/501/501 503/503/503 504/504/504
f 505/505/505 506/506/506 507/507/507
f 509/509/509 510/510/510 511/511/511
f 519/519/519 520/520/520 521/521/521
f 519/519/519 521/521/521 522/522/522
f 523/523/523 524/524/524 525/525/525
f 527/527/527 529/529/529 530/530/530
f 531/531/531 532/532/532 533/533/533
f 531/531/531 533/533/533 534/534/534
f 539/539/539 541/541/541 542/542/542
f 543/543/543 544/544/544 545/545/545
f 557/557/557 558/558/558 559/559/559
f 557/557/557 559/559/559 560/560/560
f 561/561/561 563/563/563 564/564/564
f 565/565/565 567/567/567 568/568/568
f 573/573/573 575/575/575 576/576/576
f 577/577/577 579/579/579 580/580/580
f 581/581/581 583/583/583 584/584/584
f 585/585/585 586/586/586 587/587/587
f 585/585/585 587/587/587 588/588/588
f 589/589/589 590/590/590 591/591/591
f 597/597/597 598/598/598 599/599/599
f 597/597/597 599/599/599 600/600/600
f 605/605/605 606/606/606 607/607/607
f 605/605/605 607/607/607 608/608/608
f 613/613/613 615/615/615 616/616/616
f 617/617/617 619/619/619 620/620/620
f 621/621/621 623/623/623 624/624/624
f 625/625/625 626/626/626 627/627/627
f 625/625/625 627/627/627 628/628/628
f 629/629/629 630/630/630 631/631/631
f 629/629/629 631/631/631 632/632/632
f 633/633/633 634/634/634 635/635/635
f 633/633/633 635/635/635 636/636/636
f 637/637/637 638/638/638 639/639/639
f 637/637/637 639/639/639 640/640/640
f 645/645/645 646/646/646 647/647/647
f 645/645/645 647/647/647 648/648/648
f 649/649/649 650/650/650 651/651/651
f 649/649/649 651/651/651 652/652/652
f 653/653/653 654/654/654 655/655/655
f 657/657/657 659/659/659 660/660/660
f 661/661/661 663/663/663 664/664/664
f 665/665/665 666/666/666 667/667/667
f 665/665/665 667/667/667 668/668/668
f 669/669/669 670/670/670 671/671/671
f 673/673/673 675/675/675 676/676/676
f 677/677/677 678/678/678 679/679/679
f 681/681/681 682/682/682 683/683/683
f 685/685/685 687/687/687 688/688/688
f 703/703/703 705/705/705 706/706/706
f 707/707/707 709/709/709 710/710/710
f 711/711/711 713/713/713 714/714/714
f 723/723/723 724/724/724 725/725/725
f 723/723/723 725/725/725 726/726/726
f 727/727/727 728/728/728 729/729/729
f 731/731/731 732/732/732 733/733/733
f 735/735/735 737/737/737 738/738/738
f 739/739/739 741/741/741 742/742/742
f 743/743/743 744/744/744 745/745/745
f 747/747/747 749/749/749 750/750/750
f 755/755/755 756/756/756 757/757/757
f 755/755/755 757/757/757 758/758/758
f 759/759/759 761/761/761 762/762/762
f 763/763/763 764/764/764 765/765/765
f 767/767/767 768/768/768 769/769/769
f 767/767/767 769/769/769 770/770/770
f 779/779/779 781/781/781 782/782/782
f 783/783/783 784/784/784 785/785/785
f 783/783/783 785/785/785 786/786/786
f 787/787/787 789/789/789 790/790/790
f 791/791/791 792/792/792 793/793/793
f 791/791/791 793/793/793 794/794/794
f 799/799/799 800/800/800 801/801/801
f 799/799/799 801/801/801 802/802/802
f 808/808/808 809/809/809 810/810/810
f 807/807/807 811/811/811 812/812/812
f 813/813/813 815/815/815 816/816/816
f 817/817/817 818/818/818 819/819/819
f 825/825/825 826/826/826 827/827/827
f 825/825/825 827/827/827 828/828/828
f 829/829/829 830/830/830 831/831/831
f 837/837/837 838/838/838 839/839/839
f 837/837/837 839/839/839 840/840/840
f 841/841/841 843/843/843 844/844/844
f 849/849/849 851/851/851 852/852/852
f 853/853/853 854/854/854 855/855/855
f 865/865/865 867/867/867 868/868/868
f 877/877/877 878/878/878 879/879/879
f 881/881/881 882/882/882 883/883/883
f 885/885/885 886/886/886 887/887/887
f 885/885/885 887/887/887 888/888/888
f 889/889/889 890/890/890 891/891/891
f 889/889/889 891/891/891 892/892/892
f 893/893/893 894/894/894 895/895/895
f 897/897/897 898/898/898 899/899/899
f 901/901/901 902/902/902 903/903/903
f 905/905/905 907/907/907 908/908/908
f 913/913/913 915/915/915 916/916/916
f 922/922/922 924/924/924 925/925/925
f 930/930/930 932/932/932 933/933/933
f 934/934/934 936/936/936 937/937/937
f 938/938/938 939/939/939 940/940/940
f 942/942/942 943/943/943 944/944/944
f 942/942/942 944/944/944 945/945/945
f 946/946/946 947/947/947 948/948/948
f 950/950/950 951/951/951 952/952/952
f 950/950/950 952/952/952 953/953/953
f 954/954/954 956/956/956 957/957/957
f 958/958/958 959/959/959 960/960/960
f 958/958/958 960/960/960 961/961/961
f 962/962/962 964/964/964 965/965/965
f 970/970/970 971/971/971 972/972/972
f 978/978/978 979/979/979 980/980/980
f 982/982/982 983/983/983 984/984/984
f 982/982/982 984/984/984 985/985/985
f 990/990/990 991/991/991 992/992/992
f 990/990/990 992/992/992 993/993/993
f 998/998/998 999/999/999 1000/1000/1000
f 1002/1002/1002 1003/1003/1003 1004/1004/1004
f 1002/1002/1002 1004/1004/1004 1005/1005/1005
f 1006/1006/1006 1008/1008/1008 1009/1009/1009
f 1010/1010/1010 1011/1011/1011 1012/1012/1012
f 1018/1018/1018 1019/1019/1019 1020/1020/1020
f 1018/1018/1018 1020/1020/1020 1021/1021/1021
f 1022/1022/1022 1023/1023/1023 1024/1024/1024
f 1026/1026/1026 1027/1027/1027 1028/1028/1028
f 1026/1026/1026 1028/1028/1028 1029/1029/1029
f 1030/1030/1030 1032/1032/1032 1033/1033/1033
f 1034/1034/1034 1036/1036/1036 1037/1037/1037
f 1038/1038/1038 1040/1040/1040 1041/1041/1041
f 1050/1050/1050 1051/1051/1051 1052/1052/1052
f 1054/1054/1054 1055/1055/1055 1056/1056/1056
f 1066/1066/1066 1067/1067/1067 1068/1068/1068
f 1070/1070/1070 1071/1071/1071 1072/1072/1072
f 1074/1074/1074 1076/1076/1076 1077/1077/1077
f 1082/1082/1082 1083/1083/1083 1084/1084/1084
f 1086/1086/1086 1088/1088/1088 1089/1089/1089
f 1094/1094/1094 1095/1095/1095 1096/1096/1096
f 1094/1094/1094 1096/1096/1096 1097/1097/1097
f 1098/1098/1098 1100/1100/1100 1101/1101/1101
f 1102/1102/1102 1103/1103/1103 1104/1104/1104
f 1106/1106/1106 1107/1107/1107 1108/1108/1108
f 1110/1110/1110 1112/1112/1112 1113/1113/1113
f 1114/1114/1114 1116/1116/1116 1117/1117/1117
f 1118/1118/1118 1119/1119/1119 1120/1120/1120
f 1122/1122/1122 1124/1124/1124 1125/1125/1125
f 1126/1126/1126 1127/1127/1127 1128/1128/1128
f 1126/1126/1126 1128/1128/1128 1129/1129/1129
f 1134/1134/1134 1135/1135/1135 1136/1136/1136
f 1134/1134/1134 1136/1136/1136 1137/1137/1137
f 1138/1138/1138 1140/1140/1140 1141/1141/1141
f 1142/1142/1142 1143/1143/1143 1144/1144/1144
f 1142/1142/1142 1144/1144/1144 1145/1145/1145
f 1147/1147/1147 1148/1148/1148 1149/1149/1149
f 1152/1152/1152 1154/1154/1154 1156/1156/1156
f 1153/1153/1153 1155/1155/1155 1157/1157/1157
f 1162/1162/1162 1164/1164/1164 1165/1165/1165
f 1166/1166/1166 1168/1168/1168 1169/1169/1169
f 1170/1170/1170 1171/1171/1171 1172/1172/1172
f 1170/1170/1170 1172/1172/1172 1173/1173/1173
f 1174/1174/1174 1175/1175/1175 1176/1176/1176
f 1174/1174/1174 1176/1176/1176 1177/1177/1177
f 1182/1182/1182 1184/1184/1184 1185/1185/1185
f 1186/1186/1186 1187/1187/1187 1188/1188/1188
f 1194/1194/1194 1195/1195/1195 1196/1196/1196
f 1194/1194/1194 1196/1196/1196 1197/1197/1197
f 1198/1198/1198 1199/1199/1199 1200/1200/1200
f 1202/1202/1202 1203/1203/1203 1204/1204/1204
f 1206/1206/1206 1208/1208/1208 1209/1209/1209
f 1214/1214/1214 1215/1215/1215 1216/1216/1216
f 1214/1214/1214 1216/1216/1216 1217/1217/1217
f 1218/1218/1218 1219/1219/1219 1220/1220/1220
f 1222/1222/1222 1223/1223/1223 1224/1224/1224
f 1222/1222/1222 1224/1224/1224 1225/1225/1225
f 1226/1226/1226 1227/1227/1227 1228/1228/1228
f 1226/1226/1226 1228/1228/1228 1229/1229/1229
f 1230/1230/1230 1231/1231/1231 1232/1232/1232
f 1234/1234/1234 1235/1235/1235 1236/1236/1236
f 1238/1238/1238 1239/1239/1239 1240/1240/1240
f 1238/1238/1238 1240/1240/1240 1241/1241/1241
f 1242/1242/1242 1243/1243/1243 1244/1244/1244
f 1242/1242/1242 1244/1244/1244 1245/1245/1245
f 1246/1246/1246 1248/1248/1248 1249/1249/1249
f 1252/1252/1252 1253/1253/1253 1254/1254/1254
f 1252/1252/1252 1254/1254/1254 1255/1255/1255
f 1262/1262/1262 1263/1263/1263 1264/1264/1264
f 1262/1262/1262 1264/1264/1264 1265/1265/1265
f 1266/1266/1266 1267/1267/1267 1268/1268/1268
f 1270/1270/1270 1271/1271/1271 1272/1272/1272
f 1270/1270/1270 1272/1272/1272 1273/1273/1273
f 1274/1274/1274 1275/1275/1275 1276/1276/1276
f 1278/1278/1278 1279/1279/1279 1280/1280/1280
f 1282/1282/1282 1283/1283/1283 1284/1284/1284
f 1286/1286/1286 1288/1288/1288 1289/1289/1289
f 1290/1290/1290 1292/1292/1292 1293/1293/1293
f 1294/1294/1294 1295/1295/1295 1296/1296/1296
f 1294/1294/1294 1296/1296/1296 1297/1297/1297
f 1298/1298/1298 1299/1299/1299 1300/1300/1300
f 1298/1298/1298 1300/1300/1300 1301/1301/1301
f 1302/1302/1302 1303/1303/1303 1304/1304/1304
f 1302/1302/1302 1304/1304/1304 1305/1305/1305
f 1312/1312/1312 1313/1313/1313 1314/1314/1314
f 1312/1312/1312 1314/1314/1314 1315/1315/1315
f 1316/1316/1316 1318/1318/1318 1319/1319/1319
f 1320/1320/1320 1321/1321/1321 1322/1322/1322
f 1324/1324/1324 1326/1326/1326 1327/1327/1327
f 1328/1328/1328 1329/1329/1329 1330/1330/1330
f 1332/1332/1332 1334/1334/1334 1335/1335/1335
f 1344/1344/1344 1345/1345/1345 1346/1346/1346
f 1344/1344/1344 1346/1346/1346 1347/1347/1347
f 1348/1348/1348 1350/1350/1350 1351/1351/1351
f 1352/1352/1352 1354/1354/1354 1356/1356/1356
f 1358/1358/1358 1359/1359/1359 1360/1360/1360
f 1362/1362/1362 1363/1363/1363 1364/1364/1364
f 1366/1366/1366 1368/1368/1368 1369/1369/1369
f 1374/1374/1374 1375/1375/1375 1376/1376/1376
f 1378/1378/1378 1379/1379/1379 1380/1380/1380
f 1382/1382/1382 1383/1383/1383 1384/1384/1384
f 1386/1386/1386 1387/1387/1387 1388/1388/1388
f 1390/1390/1390 1392/1392/1392 1393/1393/1393
f 1406/1406/1406 1407/1407/1407 1408/1408/1408
f 1406/1406/1406 1408/1408/1408 1409/1409/1409
f 1410/1410/1410 1412/1412/1412 1413/1413/1413
f 1418/1418/1418 1419/1419/1419 1420/1420/1420
f 1418/1418/1418 1420/1420/1420 1421/1421/1421
f 1423/1423/1423 1425/1425/1425 1427/1427/1427
f 1428/1428/1428 1430/1430/1430 1431/1431/1431
f 1432/1432/1432 1433/1433/1433 1434/1434/1434
f 1436/1436/1436 1438/1438/1438 1439/1439/1439
f 1440/1440/1440 1442/1442/1442 1443/1443/1443
f 1452/1452/1452 1453/1453/1453 1454/1454/1454
f 1456/1456/1456 1458/1458/1458 1459/1459/1459
f 1460/1460/1460 1461/1461/1461 1462/1462/1462
f 1460/1460/1460 1462/1462/1462 1463/1463/1463
f 1468/1468/1468 1469/1469/1469 1470/1470/1470
f 1472/1472/1472 1474/1474/1474 1475/1475/1475
f 1482/1482/1482 1484/1484/1484 1485/1485/1485
f 1486/1486/1486 1487/1487/1487 1488/1488/1488
f 1490/1490/1490 1492/1492/1492 1493/1493/1493
f 1494/1494/1494 1495/1495/1495 1496/1496/1496
f 1498/1498/1498 1500/1500/1500 1501/1501/1501
f 1502/1502/1502 1504/1504/1504 1505/1505/1505
f 1506/1506/1506 1508/1508/1508 1509/1509/1509
f 1514/1514/1514 1515/1515/1515 1516/1516/1516
f 1518/1518/1518 1519/1519/1519 1520/1520/1520
f 1518/1518/1518 1520/1520/1520 1521/1521/1521
f 1522/1522/1522 1523/1523/1523 1524/1524/1524
f 1522/1522/1522 1524/1524/1524 1525/1525/1525
f 1530/1530/1530 1531/1531/1531 1532/1532/1532
f 1534/1534/1534 1536/1536/1536 1537/1537/1537
f 1546/1546/1546 1548/1548/1548 1549/1549/1549
f 1547/1547/1547 1550/1550/1550 1551/1551/1551
f 1552/1552/1552 1553/1553/1553 1554/1554/1554
f 1556/1556/1556 1557/1557/1557 1558/1558/1558
f 1556/1556/1556 1558/1558/1558 1559/1559/1559
f 1564/1564/1564 1565/1565/1565 1566/1566/1566
f 1572/1572/1572 1574/1574/1574 1575/1575/1575
f 1576/1576/1576 1578/1578/1578 1579/1579/1579
f 1580/1580/1580 1581/1581/1581 1582/1582/1582
f 1580/1580/1580 1582/1582/1582 1583/1583/1583
f 1588/1588/1588 1590/1590/1590 1591/1591/1591
f 1592/1592/1592 1594/1594/1594 1595/1595/1595
f 1596/1596/1596 1598/1598/1598 1599/1599/1599
f 1600/1600/1600 1601/1601/1601 1602/1602/1602
f 1604/1604/1604 1605/1605/1605 1606/1606/1606
f 1608/1608/1608 1610/1610/1610 1611/1611/1611
f 1612/1612/1612 1613/1613/1613 1614/1614/1614
f 1616/1616/1616 1617/1617/1617 1618/1618/1618
f 1620/1620/1620 1621/1621/1621 1622/1622/1622
f 1620/1620/1620 1622/1622/1622 1623/1623/1623
f 1632/1632/1632 1633/1633/1633 1634/1634/1634
f 1632/1632/1632 1634/1634/1634 1635/1635/1635
f 1636/1636/1636 1638/1638/1638 1639/1639/1639
f 1640/1640/1640 1641/1641/1641 1642/1642/1642
f 1652/1652/1652 1654/1654/1654 1655/1655/1655
f 1666/1666/1666 1667/1667/1667 1668/1668/1668
f 1666/1666/1666 1668/1668/1668 1669/1669/1669
f 1670/1670/1670 1672/1672/1672 1673/1673/1673
f 1674/1674/1674 1675/1675/1675 1676/1676/1676
f 1674/1674/1674 1676/1676/1676 1677/1677/1677
f 1678/1678/1678 1680/1680/1680 1682/1682/1682
f 1679/1679/1679 1681/1681/1681 1683/1683/1683
f 1684/1684/1684 1685/1685/1685 1686/1686/1686
f 1684/1684/1684 1686/1686/1686 1687/1687/1687
f 1692/1692/1692 1694/1694/1694 1695/1695/1695
f 1696/1696/1696 1697/1697/1697 1698/1698/1698
f 1696/1696/1696 1698/1698/1698 1699/1699/1699
f 1700/1700/1700 1702/1702/1702 1703/1703/1703
f 1704/1704/1704 1706/1706/1706 1707/1707/1707
f 1708/1708/1708 1710/1710/1710 1711/1711/1711
f 1712/1712/1712 1713/1713/1713 1714/1714/1714
f 1712/1712/1712 1714/1714/1714 1715/1715/1715
f 1716/1716/1716 1717/1717/1717 1718/1718/1718
f 1716/1716/1716 1718/1718/1718 1719/1719/1719
f 1724/1724/1724 1725/1725/1725 1726/1726/1726
f 1724/1724/1724 1726/1726/1726 1727/1727/1727
f 1728/1728/1728 1729/1729/1729 1730/1730/1730
f 1740/1740/1740 1742/1742/1742 1743/1743/1743
f 1748/1748/1748 1750/1750/1750 1751/1751/1751
f 1752/1752/1752 1755/1755/1755 1757/1757/1757
f 1758/1758/1758 1760/1760/1760 1761/1761/1761
f 1762/1762/1762 1763/1763/1763 1764/1764/1764
f 1780/1780/1780 1782/1782/1782 1783/1783/1783
f 1784/1784/1784 1786/1786/1786 1787/1787/1787
f 1788/1788/1788 1790/1790/1790 1791/1791/1791
f 1792/1792/1792 1793/1793/1793 1794/1794/1794
f 1800/1800/1800 1801/1801/1801 1802/1802/1802
f 1808/1808/1808 1810/1810/1810 1811/1811/1811
f 1820/1820/1820 1822/1822/1822 1823/1823/1823
f 1828/1828/1828 1829/1829/1829 1830/1830/1830
f 1828/1828/1828 1830/1830/1830 1831/1831/1831
f 1832/1832/1832 1834/1834/1834 1835/1835/1835
f 1836/1836/1836 1837/1837/1837 1838/1838/1838
f 1836/1836/1836 1838/1838/1838 1839/1839/1839
f 1840/1840/1840 1841/1841/1841 1842/1842/1842
f 1844/1844/1844 1845/1845/1845 1846/1846/1846
f 1844/1844/1844 1846/1846/1846 1847/1847/1847
f 1848/1848/1848 1849/1849/1849 1850/1850/1850
f 1852/1852/1852 1854/1854/1854 1855/1855/1855
f 1856/1856/1856 1857/1857/1857 1858/1858/1858
f 1856/1856/1856 1858/1858/1858 1859/1859/1859
f 1860/1860/1860 1862/1862/1862 1863/1863/1863
f 1864/1864/1864 1866/1866/1866 1867/1867/1867
f 1872/1872/1872 1874/1874/1874 1875/1875/1875
f 1880/1880/1880 1881/1881/1881 1882/1882/1882
f 1880/1880/1880 1882/1882/1882 1883/1883/1883
f 1884/1884/1884 1885/1885/1885 1886/1886/1886
f 1884/1884/1884 1886/1886/1886 1887/1887/1887
f 1888/1888/1888 1889/1889/1889 1890/1890/1890
f 1902/1902/1902 1904/1904/1904 1905/1905/1905
f 1906/1906/1906 1908/1908/1908 1909/1909/1909
f 1914/1914/1914 1915/1915/1915 1916/1916/1916
f 1914/1914/1914 1916/1916/1916 1917/1917/1917
f 1918/1918/1918 1920/1920/1920 1921/1921/1921
f 1922/1922/1922 1924/1924/1924 1925/1925/1925
f 1926/1926/1926 1928/1928/1928 1929/1929/1929
f 1934/1934/1934 1935/1935/1935 1936/1936/1936
f 1934/1934/1934 1936/1936/1936 1937/1937/1937
f 1938/1938/1938 1939/1939/1939 1940/1940/1940
f 1942/1942/1942 1943/1943/1943 1944/1944/1944
f 1942/1942/1942 1944/1944/1944 1945/1945/1945
f 1952/1952/1952 1953/1953/1953 1954/1954/1954
f 1952/1952/1952 1954/1954/1954 1955/1955/1955
f 1956/1956/1956 1958/1958/1958 1959/1959/1959
f 1960/1960/1960 1961/1961/1961 1962/1962/1962
f 1960/1960/1960 1962/1962/1962 1963/1963/1963
f 1964/1964/1964 1966/1966/1966 1967/1967/1967
f 1968/1968/1968 1969/1969/1969 1970/1970/1970
f 1968/1968/1968 1970/1970/1970 1971/1971/1971
f 1976/1976/1976 1978/1978/1978 1979/1979/1979
f 1980/1980/1980 1981/1981/1981 1982/1982/1982
f 1980/1980/1980 1982/1982/1982 1983/1983/1983
f 1988/1988/1988 1989/1989/1989 1990/1990/1990
f 1996/1996/1996 1997/1997/1997 1998/1998/1998
f 2000/2000/2000 2001/2001/2001 2002/2002/2002
f 2004/2004/2004 2006/2006/2006 2007/2007/2007
f 2008/2008/2008 2010/2010/2010 2011/2011/2011
f 2012/2012/2012 2014/2014/2014 2015/2015/2015
f 2016/2016/2016 2018/2018/2018 2019/2019/2019
f 2020/2020/2020 2022/2022/2022 2023/2023/2023
f 2024/2024/2024 2025/2025/2025 2026/2026/2026
f 2024/2024/2024 2026/2026/2026 2027/2027/2027
f 2034/2034/2034 2035/2035/2035 2036/2036/2036
f 2034/2034/2034 2036/2036/2036 2037/2037/2037
f 2038/2038/2038 2040/2040/2040 2041/2041/2041
f 2046/2046/2046 2047/2047/2047 2048/2048/2048
f 2050/2050/2050 2051/2051/2051 2052/2052/2052
f 2050/2050/2050 2052/2052/2052 2053/2053/2053
f 2054/2054/2054 2055/2055/2055 2056/2056/2056
f 2058/2058/2058 2059/2059/2059 2060/2060/2060
f 2058/2058/2058 2060/2060/2060 2061/2061/2061
f 2066/2066/2066 2067/2067/2067 2068/2068/2068
f 2066/2066/2066 2068/2068/2068 2069/2069/2069
f 2070/2070/2070 2071/2071/2071 2072/2072/2072
f 2074/2074/2074 2075/2075/2075 2076/2076/2076
f 2082/2082/2082 2083/2083/2083 2084/2084/2084
f 2090/2090/2090 2092/2092/2092 2093/2093/2093
f 2094/2094/2094 2096/2096/2096 2097/2097/2097
f 2098/2098/2098 2099/2099/2099 2100/2100/2100
f 2098/2098/2098 2100/2100/2100 2101/2101/2101
f 2106/2106/2106 2108/2108/2108 2109/2109/2109
f 2110/2110/2110 2111/2111/2111 2112/2112/2112
f 2114/2114/2114 2115/2115/2115 2116/2116/2116
f 2114/2114/2114 2116/2116/2116 2117/2117/2117
f 2118/2118/2118 2120/2120/2120 2121/2121/2121
f 2126/2126/2126 2127/2127/2127 2128/2128/2128
f 2130/2130/2130 2131/2131/2131 2132/2132/2132
f 2138/2138/2138 2139/2139/2139 2140/2140/2140
f 2138/2138/2138 2140/2140/2140 2141/2141/2141
f 2142/2142/2142 2144/2144/2144 2145/2145/2145
f 2146/2146/2146 2147/2147/2147 2148/2148/2148
f 2154/2154/2154 2155/2155/2155 2156/2156/2156
f 2154/2154/2154 2156/2156/2156 2157/2157/2157
f 2158/2158/2158 2159/2159/2159 2160/2160/2160
f 2162/2162/2162 2163/2163/2163 2164/2164/2164
f 2162/2162/2162 2164/2164/2164 2165/2165/2165
f 2166/2166/2166 2168/2168/2168 2169/2169/2169
f 2170/2170/2170 2171/2171/2171 2172/2172/2172
f 2170/2170/2170 2172/2172/2172 2173/2173/2173
f 2182/2182/2182 2183/2183/2183 2184/2184/2184
f 2182/2182/2182 2184/2184/2184 2185/2185/2185
f 2186/2186/2186 2187/2187/2187 2188/2188/2188
f 2194/2194/2194 2195/2195/2195 2196/2196/2196
f 2194/2194/2194 2196/2196/2196 2197/2197/2197
f 2198/2198/2198 2199/2199/2199 2200/2200/2200
f 2198/2198/2198 2200/2200/2200 2201/2201/2201
f 2202/2202/2202 2203/2203/2203 2204/2204/2204
f 2202/2202/2202 2204/2204/2204 2205/2205/2205
f 2210/2210/2210 2211/2211/2211 2212/2212/2212
f 2210/2210/2210 2212/2212/2212 2213/2213/2213
f 2214/2214/2214 2216/2216/2216 2217/2217/2217
f 2222/2222/2222 2224/2224/2224 2225/2225/2225
f 2226/2226/2226 2227/2227/2227 2228/2228/2228
f 2230/2230/2230 2232/2232/2232 2233/2233/2233
f 2238/2238/2238 2239/2239/2239 2240/2240/2240
f 2238/2238/2238 2240/2240/2240 2241/2241/2241
f 2246/2246/2246 2248/2248/2248 2249/2249/2249
f 2254/2254/2254 2256/2256/2256 2257/2257/2257
f 2262/2262/2262 2264/2264/2264 2265/2265/2265
f 2278/2278/2278 2279/2279/2279 2280/2280/2280
f 2282/2282/2282 2284/2284/2284 2285/2285/2285
f 2286/2286/2286 2288/2288/2288 2289/2289/2289
f 2294/2294/2294 2295/2295/2295 2296/2296/2296
f 2298/2298/2298 2299/2299/2299 2300/2300/2300
f 2302/2302/2302 2303/2303/2303 2304/2304/2304
f 2302/2302/2302 2304/2304/2304 2305/2305/2305
f 2306/2306/2306 2308/2308/2308 2309/2309/2309
f 2310/2310/2310 2311/2311/2311 2312/2312/2312
f 2310/2310/2310 2312/2312/2312 2313/2313/2313
f 2318/2318/2318 2320/2320/2320 2321/2321/2321
f 2322/2322/2322 2324/2324/2324 2325/2325/2325
f 2326/2326/2326 2328/2328/2328 2329/2329/2329
f 2330/2330/2330 2331/2331/2331 2332/2332/2332
f 2330/2330/2330 2332/2332/2332 2333/2333/2333
f 2334/2334/2334 2336/2336/2336 2337/2337/2337
f 2342/2342/2342 2343/2343/2343 2344/2344/2344
f 2342/2342/2342 2344/2344/2344 2345/2345/2345
f 2346/2346/2346 2347/2347/2347 2348/2348/2348
f 2350/2350/2350 2352/2352/2352 2353/2353/2353
f 2354/2354/2354 2356/2356/2356 2357/2357/2357
f 2358/2358/2358 2359/2359/2359 2360/2360/2360
f 2358/2358/2358 2360/2360/2360 2361/2361/2361
f 2362/2362/2362 2364/2364/2364 2365/2365/2365
f 2366/2366/2366 2367/2367/2367 2368/2368/2368
f 2366/2366/2366 2368/2368/2368 2369/2369/2369
f 2370/2370/2370 2371/2371/2371 2372/2372/2372
f 2374/2374/2374 2376/2376/2376 2377/2377/2377
f 2382/2382/2382 2384/2384/2384 2385/2385/2385
f 2386/2386/2386 2388/2388/2388 2389/2389/2389
f 2395/2395/2395 2396/2396/2396 2397/2397/2397
f 2399/2399/2399 2400/2400/2400 2401/2401/2401
f 2399/2399/2399 2401/2401/2401 2402/2402/2402
f 2407/2407/2407 2409/2409/2409 2410/2410/2410
f 2412/2412/2412 2413/2413/2413 2415/2415/2415
f 2411/2411/2411 2414/2414/2414 2416/2416/2416
f 2417/2417/2417 2419/2419/2419 2420/2420/2420
f 2421/2421/2421 2422/2422/2422 2423/2423/2423
f 2421/2421/2421 2423/2423/2423 2424/2424/2424
f 2425/2425/2425 2426/2426/2426 2427/2427/2427
f 2429/2429/2429 2430/2430/2430 2431/2431/2431
f 2441/2441/2441 2443/2443/2443 2444/2444/2444
f 2453/2453/2453 2454/2454/2454 2455/2455/2455
f 2453/2453/2453 2455/2455/2455 2456/2456/2456
f 2457/2457/2457 2459/2459/2459 2460/2460/2460
f 2461/2461/2461 2462/2462/2462 2463/2463/2463
f 2469/2469/2469 2470/2470/2470 2471/2471/2471
f 2473/2473/2473 2474/2474/2474 2475/2475/2475
f 2473/2473/2473 2475/2475/2475 2476/2476/2476
f 2477/2477/2477 2478/2478/2478 2479/2479/2479
f 2481/2481/2481 2483/2483/2483 2484/2484/2484
f 2493/2493/2493 2494/2494/2494 2495/2495/2495
f 2497/2497/2497 2498/2498/2498 2499/2499/2499
f 2497/2497/2497 2499/2499/2499 2500/2500/2500
f 2501/2501/2501 2503/2503/2503 2504/2504/2504
f 2511/2511/2511 2512/2512/2512 2513/2513/2513
f 2515/2515/2515 2517/2517/2517 2518/2518/2518
f 2523/2523/2523 2525/2525/2525 2526/2526/2526
f 2531/2531/2531 2533/2533/2533 2534/2534/2534
f 2535/2535/2535 2536/2536/2536 2537/2537/2537
f 2535/2535/2535 2537/2537/2537 2538/2538/2538
f 2539/2539/2539 2541/2541/2541 2542/2542/2542
f 2543/2543/2543 2545/2545/2545 2546/2546/2546
f 2547/2547/2547 2549/2549/2549 2550/2550/2550
f 2556/2556/2556 2559/2559/2559 2560/2560/2560
f 2561/2561/2561 2562/2562/2562 2563/2563/2563
f 2561/2561/2561 2563/2563/2563 2564/2564/2564
f 2569/2569/2569 2570/2570/2570 2571/2571/2571
f 2569/2569/2569 2571/2571/2571 2572/2572/2572
f 2577/2577/2577 2578/2578/2578 2579/2579/2579
f 2577/2577/2577 2579/2579/2579 2580/2580/2580
f 2581/2581/2581 2583/2583/2583 2584/2584/2584
f 2585/2585/2585 2587/2587/2587 2588/2588/2588
f 2589/2589/2589 2590/2590/2590 2591/2591/2591
f 2589/2589/2589 2591/2591/2591 2592/2592/2592
f 2593/2593/2593 2594/2594/2594 2595/2595/2595
f 2597/2597/2597 2598/2598/2598 2599/2599/2599
f 2601/2601/2601 2602/2602/2602 2603/2603/2603
f 2601/2601/2601 2603/2603/2603 2604/2604/2604
f 2605/2605/2605 2607/2607/2607 2608/2608/2608
f 2609/2609/2609 2611/2611/2611 2612/2612/2612
f 2621/2621/2621 2622/2622/2622 2623/2623/2623
f 2631/2631/2631 2632/2632/2632 2633/2633/2633
f 2635/2635/2635 2636/2636/2636 2637/2637/2637
f 2635/2635/2635 2637/2637/2637 2638/2638/2638
f 2643/2643/2643 2644/2644/2644 2645/2645/2645
f 2652/2652/2652 2653/2653/2653 2655/2655/2655
f 2657/2657/2657 2658/2658/2658 2659/2659/2659
f 2657/2657/2657 2659/2659/2659 2660/2660/2660
f 2665/2665/2665 2666/2666/2666 2667/2667/2667
f 2669/2669/2669 2670/2670/2670 2671/2671/2671
f 2673/2673/2673 2674/2674/2674 2675/2675/2675
f 2673/2673/2673 2675/2675/2675 2676/2676/2676
f 2682/2682/2682 2683/2683/2683 2684/2684/2684
f 2681/2681/2681 2685/2685/2685 2686/2686/2686
f 2687/2687/2687 2689/2689/2689 2690/2690/2690
f 2695/2695/2695 2696/2696/2696 2697/2697/2697
f 2695/2695/2695 2697/2697/2697 2698/2698/2698
f 2703/2703/2703 2704/2704/2704 2705/2705/2705
f 2707/2707/2707 2709/2709/2709 2710/2710/2710
f 2711/2711/2711 2712/2712/2712 2713/2713/2713
f 2711/2711/2711 2713/2713/2713 2714/2714/2714
f 2719/2719/2719 2720/2720/2720 2721/2721/2721
f 2719/2719/2719 2721/2721/2721 2722/2722/2722
f 2723/2723/2723 2724/2724/2724 2725/2725/2725
f 2735/2735/2735 2736/2736/2736 2737/2737/2737
f 2735/2735/2735 2737/2737/2737 2738/2738/2738
f 2743/2743/2743 2744/2744/2744 2745/2745/2745
f 2743/2743/2743 2745/2745/2745 2746/2746/2746
f 2747/2747/2747 2749/2749/2749 2750/2750/2750
f 2751/2751/2751 2752/2752/2752 2753/2753/2753
f 2751/2751/2751 2753/2753/2753 2754/2754/2754
f 2763/2763/2763 2765/2765/2765 2766/2766/2766
f 2767/2767/2767 2768/2768/2768 2769/2769/2769
f 2771/2771/2771 2773/2773/2773 2774/2774/2774
f 2775/2775/2775 2777/2777/2777 2778/2778/2778
f 2779/2779/2779 2781/2781/2781 2782/2782/2782
f 2789/2789/2789 2791/2791/2791 2792/2792/2792
f 2793/2793/2793 2795/2795/2795 2796/2796/2796
f 2797/2797/2797 2799/2799/2799 2800/2800/2800
f 2801/2801/2801 2802/2802/2802 2803/2803/2803
f 2801/2801/2801 2803/2803/2803 2804/2804/2804
f 2805/2805/2805 2807/2807/2807 2808/2808/2808
f 2809/2809/2809 2810/2810/2810 2811/2811/2811
f 2809/2809/2809 2811/2811/2811 2812/2812/2812
f 2813/2813/2813 2815/2815/2815 2816/2816/2816
f 2821/2821/2821 2822/2822/2822 2823/2823/2823
f 2825/2825/2825 2826/2826/2826 2827/2827/2827
f 2829/2829/2829 2830/2830/2830 2831/2831/2831
f 2829/2829/2829 2831/2831/2831 2832/2832/2832
f 2833/2833/2833 2834/2834/2834 2835/2835/2835
f 2833/2833/2833 2835/2835/2835 2836/2836/2836
f 2837/2837/2837 2838/2838/2838 2839/2839/2839
f 2841/2841/2841 2842/2842/2842 2843/2843/2843
f 2841/2841/2841 2843/2843/2843 2844/2844/2844
f 2845/2845/2845 2847/2847/2847 2848/2848/2848
f 2853/2853/2853 2854/2854/2854 2855/2855/2855
f 2853/2853/2853 2855/2855/2855 2856/2856/2856
f 2861/2861/2861 2862/2862/2862 2863/2863/2863
f 2865/2865/2865 2866/2866/2866 2867/2867/2867
f 2869/2869/2869 2871/2871/2871 2872/2872/2872
f 2873/2873/2873 2874/2874/2874 2875/2875/2875
f 2877/2877/2877 2879/2879/2879 2880/2880/2880
f 2889/2889/2889 2890/2890/2890 2891/2891/2891
f 2889/2889/2889 2891/2891/2891 2892/2892/2892
f 2893/2893/2893 2894/2894/2894 2895/2895/2895
f 2901/2901/2901 2903/2903/2903 2904/2904/2904
f 2905/2905/2905 2906/2906/2906 2907/2907/2907
f 2905/2905/2905 2907/2907/2907 2908/2908/2908
f 2913/2913/2913 2914/2914/2914 2915/2915/2915
f 2917/2917/2917 2918/2918/2918 2919/2919/2919
f 2917/2917/2917 2919/2919/2919 2920/2920/2920
f 2929/2929/2929 2930/2930/2930 2931/2931/2931
f 2933/2933/2933 2934/2934/2934 2935/2935/2935
f 2937/2937/2937 2938/2938/2938 2939/2939/2939
f 2937/2937/2937 2939/2939/2939 2940/2940/2940
f 2941/2941/2941 2942/2942/2942 2943/2943/2943
f 2945/2945/2945 2946/2946/2946 2947/2947/2947
f 1/1/1 2/2/2 3/3/3
f 17/17/17 18/18/18 19/19/19
f 17/17/17 19/19/19 20/20/20
f 29/29/29 30/30/30 31/31/31
f 29/29/29 31/31/31 32/32/32
f 33/33/33 35/35/35 36/36/36
f 41/41/41 42/42/42 43/43/43
f 45/45/45 46/46/46 47/47/47
f 53/53/53 54/54/54 55/55/55
f 69/69/69 70/70/70 71/71/71
f 73/73/73 75/75/75 76/76/76
f 81/81/81 82/82/82 83/83/83
f 81/81/81 83/83/83 84/84/84
f 109/109/109 111/111/111 112/112/112
f 129/129/129 131/131/131 132/132/132
f 133/133/133 134/134/134 135/135/135
f 147/147/147 149/149/149 150/150/150
f 163/163/163 164/164/164 165/165/165
f 175/175/175 177/177/177 178/178/178
f 195/195/195 196/196/196 197/197/197
f 199/199/199 202/202/202 204/204/204
f 205/205/205 206/206/206 207/207/207
f 205/205/205 207/207/207 208/208/208
f 233/233/233 235/235/235 236/236/236
f 9/9/9 10/10/10 11/11/11
f 9/9/9 11/11/11 12/12/12
f 13/13/13 14/14/14 15/15/15
f 21/21/21 23/23/23 24/24/24
f 25/25/25 26/26/26 27/27/27
f 37/37/37 39/39/39 40/40/40
f 61/61/61 63/63/63 64/64/64
f 65/65/65 66/66/66 67/67/67
f 69/69/69 71/71/71 72/72/72
f 77/77/77 78/78/78 79/79/79
f 89/89/89 91/91/91 92/92/92
f 97/97/97 99/99/99 100/100/100
f 109/109/109 110/110/110 111/111/111
f 113/113/113 115/115/115 116/116/116
f 117/117/117 119/119/119 120/120/120
f 121/121/121 122/122/122 123/123/123
f 129/129/129 130/130/130 131/131/131
f 137/137/137 139/139/139 140/140/140
f 155/155/155 156/156/156 157/157/157
f 171/171/171 172/172/172 173/173/173
f 171/171/171 173/173/173 174/174/174
f 191/191/191 192/192/192 193/193/193
f 195/195/195 197/197/197 198/198/198
f 225/225/225 227/227/227 228/228/228
f 245/245/245 247/247/247 248/248/248
f 253/253/253 254/254/254 255/255/255
f 253/253/253 255/255/255 256/256/256
f 257/257/257 258/258/258 259/259/259
f 261/261/261 262/262/262 263/263/263
f 269/269/269 270/270/270 271/271/271
f 269/269/269 271/271/271 272/272/272
f 277/277/277 279/279/279 280/280/280
f 281/281/281 282/282/282 283/283/283
f 285/285/285 286/286/286 287/287/287
f 285/285/285 287/287/287 288/288/288
f 290/290/290 291/291/291 293/293/293
f 299/299/299 301/301/301 302/302/302
f 307/307/307 309/309/309 310/310/310
f 311/311/311 313/313/313 314/314/314
f 315/315/315 316/316/316 317/317/317
f 319/319/319 321/321/321 322/322/322
f 323/323/323 324/324/324 325/325/325
f 327/327/327 329/329/329 330/330/330
f 335/335/335 336/336/336 337/337/337
f 339/339/339 340/340/340 341/341/341
f 339/339/339 341/341/341 342/342/342
f 343/343/343 345/345/345 346/346/346
f 353/353/353 355/355/355 356/356/356
f 357/357/357 359/359/359 360/360/360
f 361/361/361 362/362/362 363/363/363
f 361/361/361 363/363/363 364/364/364
f 365/365/365 367/367/367 368/368/368
f 369/369/369 371/371/371 372/372/372
f 373/373/373 374/374/374 375/375/375
f 373/373/373 375/375/375 376/376/376
f 389/389/389 390/390/390 391/391/391
f 389/389/389 391/391/391 392/392/392
f 401/401/401 403/403/403 404/404/404
f 405/405/405 407/407/407 408/408/408
f 409/409/409 411/411/411 412/412/412
f 414/414/414 416/416/416 418/418/418
f 419/419/419 420/420/420 421/421/421
f 423/423/423 424/424/424 425/425/425
f 427/427/427 429/429/429 430/430/430
f 431/431/431 432/432/432 433/433/433
f 435/435/435 437/437/437 438/438/438
f 443/443/443 444/444/444 445/445/445
f 447/447/447 448/448/448 449/449/449
f 451/451/451 453/453/453 454/454/454
f 455/455/455 456/456/456 457/457/457
f 455/455/455 457/457/457 458/458/458
f 459/459/459 460/460/460 461/461/461
f 459/459/459 461/461/461 462/462/462
f 468/468/468 469/469/469 470/470/470
f 467/467/467 471/471/471 472/472/472
f 473/473/473 475/475/475 476/476/476
f 477/477/477 478/478/478 479/479/479
f 481/481/481 483/483/483 484/484/484
f 489/489/489 490/490/490 491/491/491
f 493/493/493 495/495/495 496/496/496
f 497/497/497 499/499/499 500/500/500
f 505/505/505 507/507/507 508/508/508
f 509/509/509 511/511/511 512/512/512
f 513/513/513 515/515/515 516/516/516
f 514/514/514 517/517/517 518/518/518
f 523/523/523 525/525/525 526/526/526
f 527/527/527 528/528/528 529/529/529
f 535/535/535 536/536/536 537/537/537
f 535/535/535 537/537/537 538/538/538
f 539/539/539 540/540/540 541/541/541
f 543/543/543 545/545/545 546/546/546
f 547/547/547 548/548/548 549/549/549
f 547/547/547 549/549/549 550/550/550
f 552/552/552 554/554/554 556/556/556
f 561/561/561 562/562/562 563/563/563
f 565/565/565 566/566/566 567/567/567
f 569/569/569 570/570/570 571/571/571
f 569/569/569 571/571/571 572/572/572
f 573/573/573 574/574/574 575/575/575
f 577/577/577 578/578/578 579/579/579
f 581/581/581 582/582/582 583/583/583
f 589/589/589 591/591/591 592/592/592
f 593/593/593 594/594/594 595/595/595
f 593/593/593 595/595/595 596/596/596
f 601/601/601 603/603/603 604/604/604
f 609/609/609 610/610/610 611/611/611
f 609/609/609 611/611/611 612/612/612
f 613/613/613 614/614/614 615/615/615
f 617/617/617 618/618/618 619/619/619
f 621/621/621 622/622/622 623/623/623
f 641/641/641 642/642/642 643/643/643
f 641/641/641 643/643/643 644/644/644
f 653/653/653 655/655/655 656/656/656
f 657/657/657 658/658/658 659/659/659
f 669/669/669 671/671/671 672/672/672
f 677/677/677 679/679/679 680/680/680
f 681/681/681 683/683/683 684/684/684
f 686/686/686 689/689/689 690/690/690
f 691/691/691 692/692/692 693/693/693
f 691/691/691 693/693/693 694/694/694
f 695/695/695 696/696/696 697/697/697
f 695/695/695 697/697/697 698/698/698
f 699/699/699 700/700/700 701/701/701
f 699/699/699 701/701/701 702/702/702
f 707/707/707 708/708/708 709/709/709
f 715/715/715 716/716/716 717/717/717
f 715/715/715 717/717/717 718/718/718
f 719/719/719 720/720/720 721/721/721
f 719/719/719 721/721/721 722/722/722
f 727/727/727 729/729/729 730/730/730
f 731/731/731 733/733/733 734/734/734
f 735/735/735 736/736/736 737/737/737
f 739/739/739 740/740/740 741/741/741
f 743/743/743 745/745/745 746/746/746
f 747/747/747 748/748/748 749/749/749
f 751/751/751 752/752/752 753/753/753
f 751/751/751 753/753/753 754/754/754
f 759/759/759 760/760/760 761/761/761
f 763/763/763 765/765/765 766/766/766
f 771/771/771 772/772/772 773/773/773
f 771/771/771 773/773/773 774/774/774
f 775/775/775 776/776/776 777/777/777
f 775/775/775 777/777/777 778/778/778
f 779/779/779 780/780/780 781/781/781
f 787/787/787 788/788/788 789/789/789
f 795/795/795 797/797/797 798/798/798
f 803/803/803 804/804/804 805/805/805
f 803/803/803 805/805/805 806/806/806
f 813/813/813 814/814/814 815/815/815
f 817/817/817 819/819/819 820/820/820
f 821/821/821 822/822/822 823/823/823
f 821/821/821 823/823/823 824/824/824
f 829/829/829 831/831/831 832/832/832
f 833/833/833 834/834/834 835/835/835
f 833/833/833 835/835/835 836/836/836
f 841/841/841 842/842/842 843/843/843
f 845/845/845 847/847/847 848/848/848
f 849/849/849 850/850/850 851/851/851
f 853/853/853 855/855/855 856/856/856
f 857/857/857 858/858/858 859/859/859
f 857/857/857 859/859/859 860/860/860
f 861/861/861 862/862/862 863/863/863
f 861/861/861 863/863/863 864/864/864
f 865/865/865 866/866/866 867/867/867
f 873/873/873 875/875/875 876/876/876
f 877/877/877 879/879/879 880/880/880
f 881/881/881 883/883/883 884/884/884
f 893/893/893 895/895/895 896/896/896
f 897/897/897 899/899/899 900/900/900
f 901/901/901 903/903/903 904/904/904
f 905/905/905 906/906/906 907/907/907
f 909/909/909 910/910/910 911/911/911
f 909/909/909 911/911/911 912/912/912
f 913/913/913 914/914/914 915/915/915
f 917/917/917 920/920/920 921/921/921
f 926/926/926 927/927/927 928/928/928
f 926/926/926 928/928/928 929/929/929
f 930/930/930 931/931/931 932/932/932
f 934/934/934 935/935/935 936/936/936
f 938/938/938 940/940/940 941/941/941
f 946/946/946 948/948/948 949/949/949
f 954/954/954 955/955/955 956/956/956
f 962/962/962 963/963/963 964/964/964
f 966/966/966 967/967/967 968/968/968
f 966/966/966 968/968/968 969/969/969
f 970/970/970 972/972/972 973/973/973
f 974/974/974 975/975/975 976/976/976
f 974/974/974 976/976/976 977/977/977
f 978/978/978 980/980/980 981/981/981
f 986/986/986 987/987/987 988/988/988
f 994/994/994 995/995/995 996/996/996
f 994/994/994 996/996/996 997/997/997
f 998/998/998 1000/1000/1000 1001/1001/1001
f 1006/1006/1006 1007/1007/1007 1008/1008/1008
f 1010/1010/1010 1012/1012/1012 1013/1013/1013
f 1014/1014/1014 1015/1015/1015 1016/1016/1016
f 1014/1014/1014 1016/1016/1016 1017/1017/1017
f 1022/1022/1022 1024/1024/1024 1025/1025/1025
f 1030/1030/1030 1031/1031/1031 1032/1032/1032
f 1034/1034/1034 1035/1035/1035 1036/1036/1036
f 1042/1042/1042 1043/1043/1043 1044/1044/1044
f 1042/1042/1042 1044/1044/1044 1045/1045/1045
f 1046/1046/1046 1047/1047/1047 1048/1048/1048
f 1046/1046/1046 1048/1048/1048 1049/1049/1049
f 1050/1050/1050 1052/1052/1052 1053/1053/1053
f 1054/1054/1054 1056/1056/1056 1057/1057/1057
f 1058/1058/1058 1059/1059/1059 1060/1060/1060
f 1058/1058/1058 1060/1060/1060 1061/1061/1061
f 1062/1062/1062 1063/1063/1063 1064/1064/1064
f 1062/1062/1062 1064/1064/1064 1065/1065/1065
f 1066/1066/1066 1068/1068/1068 1069/1069/1069
f 1070/1070/1070 1072/1072/1072 1073/1073/1073
f 1074/1074/1074 1075/1075/1075 1076/1076/1076
f 1078/1078/1078 1079/1079/1079 1080/1080/1080
f 1078/1078/1078 1080/1080/1080 1081/1081/1081
f 1082/1082/1082 1084/1084/1084 1085/1085/1085
f 1086/1086/1086 1087/1087/1087 1088/1088/1088
f 1090/1090/1090 1091/1091/1091 1092/1092/1092
f 1090/1090/1090 1092/1092/1092 1093/1093/1093
f 1098/1098/1098 1099/1099/1099 1100/1100/1100
f 1102/1102/1102 1104/1104/1104 1105/1105/1105
f 1106/1106/1106 1108/1108/1108 1109/1109/1109
f 1110/1110/1110 1111/1111/1111 1112/1112/1112
f 1114/1114/1114 1115/1115/1115 1116/1116/1116
f 1118/1118/1118 1120/1120/1120 1121/1121/1121
f 1130/1130/1130 1131/1131/1131 1132/1132/1132
f 1130/1130/1130 1132/1132/1132 1133/1133/1133
f 1138/1138/1138 1139/1139/1139 1140/1140/1140
f 1146/1146/1146 1150/1150/1150 1151/1151/1151
f 1158/1158/1158 1159/1159/1159 1160/1160/1160
f 1158/1158/1158 1160/1160/1160 1161/1161/1161
f 1166/1166/1166 1167/1167/1167 1168/1168/1168
f 1178/1178/1178 1179/1179/1179 1180/1180/1180
f 1178/1178/1178 1180/1180/1180 1181/1181/1181
f 1182/1182/1182 1183/1183/1183 1184/1184/1184
f 1186/1186/1186 1188/1188/1188 1189/1189/1189
f 1190/1190/1190 1191/1191/1191 1192/1192/1192
f 1190/1190/1190 1192/1192/1192 1193/1193/1193
f 1198/1198/1198 1200/1200/1200 1201/1201/1201
f 1202/1202/1202 1204/1204/1204 1205/1205/1205
f 1206/1206/1206 1207/1207/1207 1208/1208/1208
f 1210/1210/1210 1211/1211/1211 1212/1212/1212
f 1210/1210/1210 1212/1212/1212 1213/1213/1213
f 1218/1218/1218 1220/1220/1220 1221/1221/1221
f 1230/1230/1230 1232/1232/1232 1233/1233/1233
f 1234/1234/1234 1236/1236/1236 1237/1237/1237
f 1247/1247/1247 1250/1250/1250 1251/1251/1251
f 1256/1256/1256 1258/1258/1258 1260/1260/1260
f 1257/1257/1257 1259/1259/1259 1261/1261/1261
f 1266/1266/1266 1268/1268/1268 1269/1269/1269
f 1274/1274/1274 1276/1276/1276 1277/1277/1277
f 1278/1278/1278 1280/1280/1280 1281/1281/1281
f 1290/1290/1290 1291/1291/1291 1292/1292/1292
f 1307/1307/1307 1308/1308/1308 1309/1309/1309
f 1306/1306/1306 1310/1310/1310 1311/1311/1311
f 1316/1316/1316 1317/1317/1317 1318/1318/1318
f 1320/1320/1320 1322/1322/1322 1323/1323/1323
f 1324/1324/1324 1325/1325/1325 1326/1326/1326
f 1328/1328/1328 1330/1330/1330 1331/1331/1331
f 1332/1332/1332 1333/1333/1333 1334/1334/1334
f 1336/1336/1336 1338/1338/1338 1339/1339/1339
f 1340/1340/1340 1341/1341/1341 1342/1342/1342
f 1340/1340/1340 1342/1342/1342 1343/1343/1343
f 1348/1348/1348 1349/1349/1349 1350/1350/1350
f 1353/1353/1353 1355/1355/1355 1357/1357/1357
f 1358/1358/1358 1360/1360/1360 1361/1361/1361
f 1362/1362/1362 1364/1364/1364 1365/1365/1365
f 1366/1366/1366 1367/1367/1367 1368/1368/1368
f 1370/1370/1370 1371/1371/1371 1372/1372/1372
f 1370/1370/1370 1372/1372/1372 1373/1373/1373
f 1374/1374/1374 1376/1376/1376 1377/1377/1377
f 1378/1378/1378 1380/1380/1380 1381/1381/1381
f 1382/1382/1382 1384/1384/1384 1385/1385/1385
f 1386/1386/1386 1388/1388/1388 1389/1389/1389
f 1390/1390/1390 1391/1391/1391 1392/1392/1392
f 1394/1394/1394 1395/1395/1395 1396/1396/1396
f 1394/1394/1394 1396/1396/1396 1397/1397/1397
f 1398/1398/1398 1399/1399/1399 1400/1400/1400
f 1398/1398/1398 1400/1400/1400 1401/1401/1401
f 1402/1402/1402 1403/1403/1403 1404/1404/1404
f 1402/1402/1402 1404/1404/1404 1405/1405/1405
f 1414/1414/1414 1415/1415/1415 1416/1416/1416
f 1414/1414/1414 1416/1416/1416 1417/1417/1417
f 1422/1422/1422 1424/1424/1424 1426/1426/1426
f 1428/1428/1428 1429/1429/1429 1430/1430/1430
f 1432/1432/1432 1434/1434/1434 1435/1435/1435
f 1436/1436/1436 1437/1437/1437 1438/1438/1438
f 1440/1440/1440 1441/1441/1441 1442/1442/1442
f 1444/1444/1444 1445/1445/1445 1446/1446/1446
f 1444/1444/1444 1446/1446/1446 1447/1447/1447
f 1448/1448/1448 1449/1449/1449 1450/1450/1450
f 1448/1448/1448 1450/1450/1450 1451/1451/1451
f 1452/1452/1452 1454/1454/1454 1455/1455/1455
f 1456/1456/1456 1457/1457/1457 1458/1458/1458
f 1464/1464/1464 1465/1465/1465 1466/1466/1466
f 1464/1464/1464 1466/1466/1466 1467/1467/1467
f 1468/1468/1468 1470/1470/1470 1471/1471/1471
f 1472/1472/1472 1473/1473/1473 1474/1474/1474
f 1476/1476/1476 1478/1478/1478 1479/1479/1479
f 1477/1477/1477 1480/1480/1480 1481/1481/1481
f 1482/1482/1482 1483/1483/1483 1484/1484/1484
f 1486/1486/1486 1488/1488/1488 1489/1489/1489
f 1490/1490/1490 1491/1491/1491 1492/1492/1492
f 1494/1494/1494 1496/1496/1496 1497/1497/1497
f 1498/1498/1498 1499/1499/1499 1500/1500/1500
f 1502/1502/1502 1503/1503/1503 1504/1504/1504
f 1506/1506/1506 1507/1507/1507 1508/1508/1508
f 1510/1510/1510 1511/1511/1511 1512/1512/1512
f 1510/1510/1510 1512/1512/1512 1513/1513/1513
f 1514/1514/1514 1516/1516/1516 1517/1517/1517
f 1526/1526/1526 1527/1527/1527 1528/1528/1528
f 1526/1526/1526 1528/1528/1528 1529/1529/1529
f 1530/1530/1530 1532/1532/1532 1533/1533/1533
f 1538/1538/1538 1539/1539/1539 1540/1540/1540
f 1538/1538/1538 1540/1540/1540 1541/1541/1541
f 1542/1542/1542 1543/1543/1543 1544/1544/1544
f 1542/1542/1542 1544/1544/1544 1545/1545/1545
f 1552/1552/1552 1554/1554/1554 1555/1555/1555
f 1560/1560/1560 1561/1561/1561 1562/1562/1562
f 1560/1560/1560 1562/1562/1562 1563/1563/1563
f 1564/1564/1564 1566/1566/1566 1567/1567/1567
f 1568/1568/1568 1569/1569/1569 1570/1570/1570
f 1568/1568/1568 1570/1570/1570 1571/1571/1571
f 1572/1572/1572 1573/1573/1573 1574/1574/1574
f 1576/1576/1576 1577/1577/1577 1578/1578/1578
f 1584/1584/1584 1586/1586/1586 1587/1587/1587
f 1588/1588/1588 1589/1589/1589 1590/1590/1590
f 1592/1592/1592 1593/1593/1593 1594/1594/1594
f 1596/1596/1596 1597/1597/1597 1598/1598/1598
f 1600/1600/1600 1602/1602/1602 1603/1603/1603
f 1604/1604/1604 1606/1606/1606 1607/1607/1607
f 1608/1608/1608 1609/1609/1609 1610/1610/1610
f 1612/1612/1612 1614/1614/1614 1615/1615/1615
f 1616/1616/1616 1618/1618/1618 1619/1619/1619
f 1624/1624/1624 1625/1625/1625 1626/1626/1626
f 1628/1628/1628 1629/1629/1629 1630/1630/1630
f 1628/1628/1628 1630/1630/1630 1631/1631/1631
f 1636/1636/1636 1637/1637/1637 1638/1638/1638
f 1644/1644/1644 1645/1645/1645 1646/1646/1646
f 1644/1644/1644 1646/1646/1646 1647/1647/1647
f 1648/1648/1648 1649/1649/1649 1650/1650/1650
f 1648/1648/1648 1650/1650/1650 1651/1651/1651
f 1652/1652/1652 1653/1653/1653 1654/1654/1654
f 1657/1657/1657 1659/1659/1659 1661/1661/1661
f 1662/1662/1662 1664/1664/1664 1665/1665/1665
f 1670/1670/1670 1671/1671/1671 1672/1672/1672
f 1688/1688/1688 1689/1689/1689 1690/1690/1690
f 1688/1688/1688 1690/1690/1690 1691/1691/1691
f 1692/1692/1692 1693/1693/1693 1694/1694/1694
f 1700/1700/1700 1701/1701/1701 1702/1702/1702
f 1704/1704/1704 1705/1705/1705 1706/1706/1706
f 1708/1708/1708 1709/1709/1709 1710/1710/1710
f 1720/1720/1720 1721/1721/1721 1722/1722/1722
f 1720/1720/1720 1722/1722/1722 1723/1723/1723
f 1728/1728/1728 1730/1730/1730 1731/1731/1731
f 1732/1732/1732 1734/1734/1734 1735/1735/1735
f 1736/1736/1736 1737/1737/1737 1738/1738/1738
f 1736/1736/1736 1738/1738/1738 1739/1739/1739
f 1740/1740/1740 1741/1741/1741 1742/1742/1742
f 1744/1744/1744 1745/1745/1745 1746/1746/1746
f 1744/1744/1744 1746/1746/1746 1747/1747/1747
f 1748/1748/1748 1749/1749/1749 1750/1750/1750
f 1753/1753/1753 1754/1754/1754 1756/1756/1756
f 1758/1758/1758 1759/1759/1759 1760/1760/1760
f 1762/1762/1762 1764/1764/1764 1765/1765/1765
f 1766/1766/1766 1767/1767/1767 1768/1768/1768
f 1766/1766/1766 1768/1768/1768 1769/1769/1769
f 1771/1771/1771 1772/1772/1772 1774/1774/1774
f 1770/1770/1770 1773/1773/1773 1775/1775/1775
f 1776/1776/1776 1777/1777/1777 1778/1778/1778
f 1776/1776/1776 1778/1778/1778 1779/1779/1779
f 1780/1780/1780 1781/1781/1781 1782/1782/1782
f 1788/1788/1788 1789/1789/1789 1790/1790/1790
f 1792/1792/1792 1794/1794/1794 1795/1795/1795
f 1796/1796/1796 1797/1797/1797 1798/1798/1798
f 1796/1796/1796 1798/1798/1798 1799/1799/1799
f 1800/1800/1800 1802/1802/1802 1803/1803/1803
f 1804/1804/1804 1805/1805/1805 1806/1806/1806
f 1804/1804/1804 1806/1806/1806 1807/1807/1807
f 1808/1808/1808 1809/1809/1809 1810/1810/1810
f 1812/1812/1812 1813/1813/1813 1814/1814/1814
f 1812/1812/1812 1814/1814/1814 1815/1815/1815
f 1816/1816/1816 1817/1817/1817 1818/1818/1818
f 1816/1816/1816 1818/1818/1818 1819/1819/1819
f 1820/1820/1820 1821/1821/1821 1822/1822/1822
f 1824/1824/1824 1825/1825/1825 1826/1826/1826
f 1824/1824/1824 1826/1826/1826 1827/1827/1827
f 1832/1832/1832 1833/1833/1833 1834/1834/1834
f 1840/1840/1840 1842/1842/1842 1843/1843/1843
f 1848/1848/1848 1850/1850/1850 1851/1851/1851
f 1860/1860/1860 1861/1861/1861 1862/1862/1862
f 1864/1864/1864 1865/1865/1865 1866/1866/1866
f 1868/1868/1868 1869/1869/1869 1870/1870/1870
f 1868/1868/1868 1870/1870/1870 1871/1871/1871
f 1872/1872/1872 1873/1873/1873 1874/1874/1874
f 1876/1876/1876 1877/1877/1877 1878/1878/1878
f 1876/1876/1876 1878/1878/1878 1879/1879/1879
f 1888/1888/1888 1890/1890/1890 1891/1891/1891
f 1893/1893/1893 1894/1894/1894 1896/1896/1896
f 1892/1892/1892 1895/1895/1895 1897/1897/1897
f 1898/1898/1898 1899/1899/1899 1900/1900/1900
f 1898/1898/1898 1900/1900/1900 1901/1901/1901
f 1902/1902/1902 1903/1903/1903 1904/1904/1904
f 1910/1910/1910 1911/1911/1911 1912/1912/1912
f 1910/1910/1910 1912/1912/1912 1913/1913/1913
f 1918/1918/1918 1919/1919/1919 1920/1920/1920
f 1922/1922/1922 1923/1923/1923 1924/1924/1924
f 1926/1926/1926 1927/1927/1927 1928/1928/1928
f 1930/1930/1930 1931/1931/1931 1932/1932/1932
f 1930/1930/1930 1932/1932/1932 1933/1933/1933
f 1938/1938/1938 1940/1940/1940 1941/1941/1941
f 1947/1947/1947 1948/1948/1948 1950/1950/1950
f 1946/1946/1946 1949/1949/1949 1951/1951/1951
f 1956/1956/1956 1957/1957/1957 1958/1958/1958
f 1964/1964/1964 1965/1965/1965 1966/1966/1966
f 1972/1972/1972 1973/1973/1973 1974/1974/1974
f 1976/1976/1976 1977/1977/1977 1978/1978/1978
f 1984/1984/1984 1985/1985/1985 1986/1986/1986
f 1984/1984/1984 1986/1986/1986 1987/1987/1987
f 1988/1988/1988 1990/1990/1990 1991/1991/1991
f 1992/1992/1992 1993/1993/1993 1994/1994/1994
f 1992/1992/1992 1994/1994/1994 1995/1995/1995
f 1996/1996/1996 1998/1998/1998 1999/1999/1999
f 2000/2000/2000 2002/2002/2002 2003/2003/2003
f 2004/2004/2004 2005/2005/2005 2006/2006/2006
f 2008/2008/2008 2009/2009/2009 2010/2010/2010
f 2012/2012/2012 2013/2013/2013 2014/2014/2014
f 2016/2016/2016 2017/2017/2017 2018/2018/2018
f 2020/2020/2020 2021/2021/2021 2022/2022/2022
f 2028/2028/2028 2031/2031/2031 2033/2033/2033
f 2038/2038/2038 2039/2039/2039 2040/2040/2040
f 2042/2042/2042 2043/2043/2043 2044/2044/2044
f 2042/2042/2042 2044/2044/2044 2045/2045/2045
f 2046/2046/2046 2048/2048/2048 2049/2049/2049
f 2054/2054/2054 2056/2056/2056 2057/2057/2057
f 2062/2062/2062 2063/2063/2063 2064/2064/2064
f 2062/2062/2062 2064/2064/2064 2065/2065/2065
f 2070/2070/2070 2072/2072/2072 2073/2073/2073
f 2074/2074/2074 2076/2076/2076 2077/2077/2077
f 2078/2078/2078 2079/2079/2079 2080/2080/2080
f 2078/2078/2078 2080/2080/2080 2081/2081/2081
f 2082/2082/2082 2084/2084/2084 2085/2085/2085
f 2086/2086/2086 2087/2087/2087 2088/2088/2088
f 2086/2086/2086 2088/2088/2088 2089/2089/2089
f 2090/2090/2090 2091/2091/2091 2092/2092/2092
f 2094/2094/2094 2095/2095/2095 2096/2096/2096
f 2102/2102/2102 2103/2103/2103 2104/2104/2104
f 2102/2102/2102 2104/2104/2104 2105/2105/2105
f 2106/2106/2106 2107/2107/2107 2108/2108/2108
f 2110/2110/2110 2112/2112/2112 2113/2113/2113
f 2118/2118/2118 2119/2119/2119 2120/2120/2120
f 2122/2122/2122 2123/2123/2123 2124/2124/2124
f 2122/2122/2122 2124/2124/2124 2125/2125/2125
f 2126/2126/2126 2128/2128/2128 2129/2129/2129
f 2130/2130/2130 2132/2132/2132 2133/2133/2133
f 2134/2134/2134 2135/2135/2135 2136/2136/2136
f 2134/2134/2134 2136/2136/2136 2137/2137/2137
f 2142/2142/2142 2143/2143/2143 2144/2144/2144
f 2146/2146/2146 2148/2148/2148 2149/2149/2149
f 2150/2150/2150 2152/2152/2152 2153/2153/2153
f 2158/2158/2158 2160/2160/2160 2161/2161/2161
f 2166/2166/2166 2167/2167/2167 2168/2168/2168
f 2174/2174/2174 2175/2175/2175 2176/2176/2176
f 2174/2174/2174 2176/2176/2176 2177/2177/2177
f 2178/2178/2178 2179/2179/2179 2180/2180/2180
f 2178/2178/2178 2180/2180/2180 2181/2181/2181
f 2186/2186/2186 2188/2188/2188 2189/2189/2189
f 2190/2190/2190 2191/2191/2191 2192/2192/2192
f 2190/2190/2190 2192/2192/2192 2193/2193/2193
f 2206/2206/2206 2207/2207/2207 2208/2208/2208
f 2206/2206/2206 2208/2208/2208 2209/2209/2209
f 2214/2214/2214 2215/2215/2215 2216/2216/2216
f 2218/2218/2218 2219/2219/2219 2220/2220/2220
f 2218/2218/2218 2220/2220/2220 2221/2221/2221
f 2222/2222/2222 2223/2223/2223 2224/2224/2224
f 2226/2226/2226 2228/2228/2228 2229/2229/2229
f 2230/2230/2230 2231/2231/2231 2232/2232/2232
f 2234/2234/2234 2235/2235/2235 2236/2236/2236
f 2234/2234/2234 2236/2236/2236 2237/2237/2237
f 2242/2242/2242 2243/2243/2243 2244/2244/2244
f 2242/2242/2242 2244/2244/2244 2245/2245/2245
f 2246/2246/2246 2247/2247/2247 2248/2248/2248
f 2250/2250/2250 2251/2251/2251 2252/2252/2252
f 2250/2250/2250 2252/2252/2252 2253/2253/2253
f 2254/2254/2254 2255/2255/2255 2256/2256/2256
f 2258/2258/2258 2259/2259/2259 2260/2260/2260
f 2258/2258/2258 2260/2260/2260 2261/2261/2261
f 2262/2262/2262 2263/2263/2263 2264/2264/2264
f 2266/2266/2266 2267/2267/2267 2268/2268/2268
f 2266/2266/2266 2268/2268/2268 2269/2269/2269
f 2270/2270/2270 2272/2272/2272 2273/2273/2273
f 2274/2274/2274 2275/2275/2275 2276/2276/2276
f 2274/2274/2274 2276/2276/2276 2277/2277/2277
f 2278/2278/2278 2280/2280/2280 2281/2281/2281
f 2282/2282/2282 2283/2283/2283 2284/2284/2284
f 2286/2286/2286 2287/2287/2287 2288/2288/2288
f 2290/2290/2290 2291/2291/2291 2292/2292/2292
f 2290/2290/2290 2292/2292/2292 2293/2293/2293
f 2294/2294/2294 2296/2296/2296 2297/2297/2297
f 2298/2298/2298 2300/2300/2300 2301/2301/2301
f 2306/2306/2306 2307/2307/2307 2308/2308/2308
f 2314/2314/2314 2315/2315/2315 2316/2316/2316
f 2314/2314/2314 2316/2316/2316 2317/2317/2317
f 2318/2318/2318 2319/2319/2319 2320/2320/2320
f 2322/2322/2322 2323/2323/2323 2324/2324/2324
f 2326/2326/2326 2327/2327/2327 2328/2328/2328
f 2334/2334/2334 2335/2335/2335 2336/2336/2336
f 2338/2338/2338 2339/2339/2339 2340/2340/2340
f 2338/2338/2338 2340/2340/2340 2341/2341/2341
f 2346/2346/2346 2348/2348/2348 2349/2349/2349
f 2350/2350/2350 2351/2351/2351 2352/2352/2352
f 2354/2354/2354 2355/2355/2355 2356/2356/2356
f 2362/2362/2362 2363/2363/2363 2364/2364/2364
f 2370/2370/2370 2372/2372/2372 2373/2373/2373
f 2374/2374/2374 2375/2375/2375 2376/2376/2376
f 2378/2378/2378 2379/2379/2379 2380/2380/2380
f 2378/2378/2378 2380/2380/2380 2381/2381/2381
f 2382/2382/2382 2383/2383/2383 2384/2384/2384
f 2386/2386/2386 2387/2387/2387 2388/2388/2388
f 2391/2391/2391 2393/2393/2393 2394/2394/2394
f 2395/2395/2395 2397/2397/2397 2398/2398/2398
f 2403/2403/2403 2404/2404/2404 2405/2405/2405
f 2403/2403/2403 2405/2405/2405 2406/2406/2406
f 2407/2407/2407 2408/2408/2408 2409/2409/2409
f 2417/2417/2417 2418/2418/2418 2419/2419/2419
f 2425/2425/2425 2427/2427/2427 2428/2428/2428
f 2429/2429/2429 2431/2431/2431 2432/2432/2432
f 2433/2433/2433 2434/2434/2434 2435/2435/2435
f 2433/2433/2433 2435/2435/2435 2436/2436/2436
f 2437/2437/2437 2438/2438/2438 2439/2439/2439
f 2437/2437/2437 2439/2439/2439 2440/2440/2440
f 2441/2441/2441 2442/2442/2442 2443/2443/2443
f 2445/2445/2445 2446/2446/2446 2447/2447/2447
f 2445/2445/2445 2447/2447/2447 2448/2448/2448
f 2449/2449/2449 2450/2450/2450 2451/2451/2451
f 2449/2449/2449 2451/2451/2451 2452/2452/2452
f 2457/2457/2457 2458/2458/2458 2459/2459/2459
f 2465/2465/2465 2467/2467/2467 2468/2468/2468
f 2469/2469/2469 2471/2471/2471 2472/2472/2472
f 2481/2481/2481 2482/2482/2482 2483/2483/2483
f 2485/2485/2485 2486/2486/2486 2487/2487/2487
f 2485/2485/2485 2487/2487/2487 2488/2488/2488
f 2489/2489/2489 2490/2490/2490 2491/2491/2491
f 2489/2489/2489 2491/2491/2491 2492/2492/2492
f 2493/2493/2493 2495/2495/2495 2496/2496/2496
f 2502/2502/2502 2505/2505/2505 2506/2506/2506
f 2507/2507/2507 2508/2508/2508 2509/2509/2509
f 2507/2507/2507 2509/2509/2509 2510/2510/2510
f 2511/2511/2511 2513/2513/2513 2514/2514/2514
f 2519/2519/2519 2520/2520/2520 2521/2521/2521
f 2519/2519/2519 2521/2521/2521 2522/2522/2522
f 2523/2523/2523 2524/2524/2524 2525/2525/2525
f 2527/2527/2527 2528/2528/2528 2529/2529/2529
f 2527/2527/2527 2529/2529/2529 2530/2530/2530
f 2531/2531/2531 2532/2532/2532 2533/2533/2533
f 2539/2539/2539 2540/2540/2540 2541/2541/2541
f 2543/2543/2543 2544/2544/2544 2545/2545/2545
f 2547/2547/2547 2548/2548/2548 2549/2549/2549
f 2551/2551/2551 2552/2552/2552 2553/2553/2553
f 2551/2551/2551 2553/2553/2553 2554/2554/2554
f 2555/2555/2555 2557/2557/2557 2558/2558/2558
f 2565/2565/2565 2566/2566/2566 2567/2567/2567
f 2565/2565/2565 2567/2567/2567 2568/2568/2568
f 2573/2573/2573 2574/2574/2574 2575/2575/2575
f 2573/2573/2573 2575/2575/2575 2576/2576/2576
f 2581/2581/2581 2582/2582/2582 2583/2583/2583
f 2585/2585/2585 2586/2586/2586 2587/2587/2587
f 2593/2593/2593 2595/2595/2595 2596/2596/2596
f 2597/2597/2597 2599/2599/2599 2600/2600/2600
f 2605/2605/2605 2606/2606/2606 2607/2607/2607
f 2609/2609/2609 2610/2610/2610 2611/2611/2611
f 2613/2613/2613 2614/2614/2614 2615/2615/2615
f 2613/2613/2613 2615/2615/2615 2616/2616/2616
f 2617/2617/2617 2618/2618/2618 2619/2619/2619
f 2617/2617/2617 2619/2619/2619 2620/2620/2620
f 2621/2621/2621 2623/2623/2623 2624/2624/2624
f 2625/2625/2625 2627/2627/2627 2628/2628/2628
f 2626/2626/2626 2629/2629/2629 2630/2630/2630
f 2631/2631/2631 2633/2633/2633 2634/2634/2634
f 2639/2639/2639 2641/2641/2641 2642/2642/2642
f 2643/2643/2643 2645/2645/2645 2646/2646/2646
f 2647/2647/2647 2648/2648/2648 2649/2649/2649
f 2647/2647/2647 2649/2649/2649 2650/2650/2650
f 2651/2651/2651 2654/2654/2654 2656/2656/2656
f 2661/2661/2661 2662/2662/2662 2663/2663/2663
f 2661/2661/2661 2663/2663/2663 2664/2664/2664
f 2665/2665/2665 2667/2667/2667 2668/2668/2668
f 2669/2669/2669 2671/2671/2671 2672/2672/2672
f 2677/2677/2677 2678/2678/2678 2679/2679/2679
f 2677/2677/2677 2679/2679/2679 2680/2680/2680
f 2687/2687/2687 2688/2688/2688 2689/2689/2689
f 2691/2691/2691 2692/2692/2692 2693/2693/2693
f 2691/2691/2691 2693/2693/2693 2694/2694/2694
f 2699/2699/2699 2700/2700/2700 2701/2701/2701
f 2699/2699/2699 2701/2701/2701 2702/2702/2702
f 2703/2703/2703 2705/2705/2705 2706/2706/2706
f 2707/2707/2707 2708/2708/2708 2709/2709/2709
f 2715/2715/2715 2716/2716/2716 2717/2717/2717
f 2715/2715/2715 2717/2717/2717 2718/2718/2718
f 2723/2723/2723 2725/2725/2725 2726/2726/2726
f 2727/2727/2727 2728/2728/2728 2729/2729/2729
f 2727/2727/2727 2729/2729/2729 2730/2730/2730
f 2739/2739/2739 2740/2740/2740 2741/2741/2741
f 2739/2739/2739 2741/2741/2741 2742/2742/2742
f 2747/2747/2747 2748/2748/2748 2749/2749/2749
f 2755/2755/2755 2756/2756/2756 2757/2757/2757
f 2755/2755/2755 2757/2757/2757 2758/2758/2758
f 2759/2759/2759 2760/2760/2760 2761/2761/2761
f 2767/2767/2767 2769/2769/2769 2770/2770/2770
f 2771/2771/2771 2772/2772/2772 2773/2773/2773
f 2775/2775/2775 2776/2776/2776 2777/2777/2777
f 2779/2779/2779 2780/2780/2780 2781/2781/2781
f 2784/2784/2784 2785/2785/2785 2787/2787/2787
f 2783/2783/2783 2786/2786/2786 2788/2788/2788
f 2789/2789/2789 2790/2790/2790 2791/2791/2791
f 2793/2793/2793 2794/2794/2794 2795/2795/2795
f 2797/2797/2797 2798/2798/2798 2799/2799/2799
f 2805/2805/2805 2806/2806/2806 2807/2807/2807
f 2817/2817/2817 2818/2818/2818 2819/2819/2819
f 2817/2817/2817 2819/2819/2819 2820/2820/2820
f 2821/2821/2821 2823/2823/2823 2824/2824/2824
f 2825/2825/2825 2827/2827/2827 2828/2828/2828
f 2837/2837/2837 2839/2839/2839 2840/2840/2840
f 2845/2845/2845 2846/2846/2846 2847/2847/2847
f 2849/2849/2849 2850/2850/2850 2851/2851/2851
f 2849/2849/2849 2851/2851/2851 2852/2852/2852
f 2857/2857/2857 2858/2858/2858 2859/2859/2859
f 2857/2857/2857 2859/2859/2859 2860/2860/2860
f 2861/2861/2861 2863/2863/2863 2864/2864/2864
f 2865/2865/2865 2867/2867/2867 2868/2868/2868
f 2869/2869/2869 2870/2870/2870 2871/2871/2871
f 2873/2873/2873 2875/2875/2875 2876/2876/2876
f 2877/2877/2877 2878/2878/2878 2879/2879/2879
f 2881/2881/2881 2882/2882/2882 2883/2883/2883
f 2881/2881/2881 2883/2883/2883 2884/2884/2884
f 2885/2885/2885 2887/2887/2887 2888/2888/2888
f 2893/2893/2893 2895/2895/2895 2896/2896/2896
f 2897/2897/2897 2898/2898/2898 2899/2899/2899
f 2897/2897/2897 2899/2899/2899 2900/2900/2900
f 2901/2901/2901 2902/2902/2902 2903/2903/2903
f 2909/2909/2909 2910/2910/2910 2911/2911/2911
f 2909/2909/2909 2911/2911/2911 2912/2912/2912
f 2913/2913/2913 2915/2915/2915 2916/2916/2916
f 2921/2921/2921 2922/2922/2922 2923/2923/2923
f 2921/2921/2921 2923/2923/2923 2924/2924/2924
f 2925/2925/2925 2926/2926/2926 2927/2927/2927
f 2925/2925/2925 2927/2927/2927 2928/2928/2928
f 2929/2929/2929 2931/2931/2931 2932/2932/2932
f 2933/2933/2933 2935/2935/2935 2936/2936/2936
f 2941/2941/2941 2943/2943/2943 2944/2944/2944
f 2945/2945/2945 2947/2947/2947 2948/2948/2948
f 5/5/5 7/7/7 8/8/8
f 13/13/13 15/15/15 16/16/16
f 21/21/21 22/22/22 23/23/23
f 37/37/37 38/38/38 39/39/39
f 41/41/41 43/43/43 44/44/44
f 49/49/49 50/50/50 51/51/51
f 53/53/53 55/55/55 56/56/56
f 57/57/57 59/59/59 60/60/60
f 85/85/85 86/86/86 87/87/87
f 85/85/85 87/87/87 88/88/88
f 89/89/89 90/90/90 91/91/91
f 93/93/93 95/95/95 96/96/96
f 101/101/101 102/102/102 103/103/103
f 113/113/113 114/114/114 115/115/115
f 125/125/125 126/126/126 127/127/127
f 125/125/125 127/127/127 128/128/128
f 133/133/133 135/135/135 136/136/136
f 137/137/137 138/138/138 139/139/139
f 141/141/141 143/143/143 145/145/145
f 142/142/142 144/144/144 146/146/146
f 147/147/147 148/148/148 149/149/149
f 151/151/151 152/152/152 153/153/153
f 151/151/151 153/153/153 154/154/154
f 167/167/167 168/168/168 169/169/169
f 167/167/167 169/169/169 170/170/170
f 179/179/179 181/181/181 182/182/182
f 183/183/183 185/185/185 186/186/186
f 191/191/191 193/193/193 194/194/194
f 200/200/200 201/201/201 203/203/203
f 213/213/213 215/215/215 216/216/216
f 217/217/217 219/219/219 220/220/220
f 221/221/221 222/222/222 223/223/223
f 225/225/225 226/226/226 227/227/227
f 237/237/237 239/239/239 240/240/240
f 241/241/241 242/242/242 243/243/243
f 105/105/105 106/106/106 107/107/107
f 163/163/163 165/165/165 166/166/166
f 265/265/265 266/266/266 267/267/267
f 295/295/295 296/296/296 297/297/297
f 303/303/303 304/304/304 305/305/305
f 427/427/427 428/428/428 429/429/429
f 661/661/661 662/662/662 663/663/663
f 673/673/673 674/674/674 675/675/675
f 711/711/711 712/712/712 713/713/713
f 869/869/869 870/870/870 871/871/871
f 873/873/873 874/874/874 875/875/875
f 917/917/917 918/918/918 919/919/919
f 1286/1286/1286 1287/1287/1287 1288/1288/1288
f 1534/1534/1534 1535/1535/1535 1536/1536/1536
f 1584/1584/1584 1585/1585/1585 1586/1586/1586
f 1656/1656/1656 1658/1658/1658 1660/1660/1660
f 1732/1732/1732 1733/1733/1733 1734/1734/1734
f 1784/1784/1784 1785/1785/1785 1786/1786/1786
f 1972/1972/1972 1974/1974/1974 1975/1975/1975
f 2029/2029/2029 2030/2030/2030 2032/2032/2032
f 2150/2150/2150 2151/2151/2151 2152/2152/2152
f 2270/2270/2270 2271/2271/2271 2272/2272/2272
f 2390/2390/2390 2392/2392/2392 2393/2393/2393
f 2515/2515/2515 2516/2516/2516 2517/2517/2517
f 2639/2639/2639 2640/2640/2640 2641/2641/2641
f 2731/2731/2731 2733/2733/2733 2734/2734/2734
f 2759/2759/2759 2761/2761/2761 2762/2762/2762
f 5/5/5 6/6/6 7/7/7
f 57/57/57 58/58/58 59/59/59
f 179/179/179 180/180/180 181/181/181
f 183/183/183 184/184/184 185/185/185
f 551/551/551 553/553/553 555/555/555
f 601/601/601 602/602/602 603/603/603
f 703/703/703 704/704/704 705/705/705
f 795/795/795 796/796/796 797/797/797
f 845/845/845 846/846/846 847/847/847
f 869/869/869 871/871/871 872/872/872
f 922/922/922 923/923/923 924/924/924
f 986/986/986 988/988/988 989/989/989
f 1038/1038/1038 1039/1039/1039 1040/1040/1040
f 1122/1122/1122 1123/1123/1123 1124/1124/1124
f 1162/1162/1162 1163/1163/1163 1164/1164/1164
f 1282/1282/1282 1284/1284/1284 1285/1285/1285
f 1336/1336/1336 1337/1337/1337 1338/1338/1338
f 1410/1410/1410 1411/1411/1411 1412/1412/1412
f 1624/1624/1624 1626/1626/1626 1627/1627/1627
f 1640/1640/1640 1642/1642/1642 1643/1643/1643
f 1662/1662/1662 1663/1663/1663 1664/1664/1664
f 1852/1852/1852 1853/1853/1853 1854/1854/1854
f 1906/1906/1906 1907/1907/1907 1908/1908/1908
f 2461/2461/2461 2463/2463/2463 2464/2464/2464
f 2465/2465/2465 2466/2466/2466 2467/2467/2467
f 2477/2477/2477 2479/2479/2479 2480/2480/2480
f 2731/2731/2731 2732/2732/2732 2733/2733/2733
f 2763/2763/2763 2764/2764/2764 2765/2765/2765
f 2813/2813/2813 2814/2814/2814 2815/2815/2815
f 2885/2885/2885 2886/2886/2886 2887/2887/2887
